phase,protocol_id,split_version,seed,fold,user_id,session_id,event_count,positive_count,negative_count,pair_count,reference_variant,selected_variant,reference_context_auc,selected_context_auc,delta_context_auc,weighted_delta_pairs,history_count_mean,eeg_score_std,base_logit_std,abs_contribution_share,signed_contribution_share
V2-T,V2M-two_stage_user_local_reranker-v1,protocol_a_rollv2_cv3,2026,2,15,5,14,6,8,48,margin_power0p25_base0p05,margin_power0p2_base0p025,0.75,0.7916666666666667,0.04166666666666674,2.0000000000000036,98.5,0.6869097305602303,0.29031424080263923,0.019230769230769256,0.12500000000000006
V2-T,V2M-two_stage_user_local_reranker-v1,protocol_a_rollv2_cv3,2029,3,4,5,15,10,5,50,margin_power0p25_base0p05,margin_power0p2_base0p025,0.76,0.8,0.040000000000000036,2.0000000000000018,110.0,0.30848568892114214,0.20754851682110453,0.01923076923076924,0.12499999999999994
V2-T,V2M-two_stage_user_local_reranker-v1,protocol_a_rollv2_cv3,2026,3,4,5,15,10,5,50,margin_power0p25_base0p05,margin_power0p2_base0p025,0.6,0.64,0.040000000000000036,2.0000000000000018,110.0,0.2899538654611622,0.20754851682110453,0.01923076923076924,0.12499999999999994
V2-T,V2M-two_stage_user_local_reranker-v1,protocol_a_rollv2_cv3,2028,3,4,5,15,10,5,50,margin_power0p25_base0p05,margin_power0p2_base0p025,0.62,0.66,0.040000000000000036,2.0000000000000018,110.0,0.2935044609933315,0.20754851682110453,0.01923076923076924,0.12499999999999994
V2-T,V2M-two_stage_user_local_reranker-v1,protocol_a_rollv2_cv3,2026,3,10,4,12,7,5,35,margin_power0p25_base0p05,margin_power0p2_base0p025,0.6,0.6571428571428571,0.05714285714285716,2.000000000000001,88.5,0.40391774361900534,0.2086334482435481,0.019230769230769232,0.12499999999999989
V2-T,V2M-two_stage_user_local_reranker-v1,protocol_a_rollv2_cv3,2026,3,8,5,8,2,6,12,margin_power0p25_base0p05,margin_power0p2_base0p025,0.75,0.9166666666666667,0.16666666666666674,2.000000000000001,99.5,0.5473110921191932,0.2616320624313675,0.019230769230769232,0.12499999999999989
V2-T,V2M-two_stage_user_local_reranker-v1,protocol_a_rollv2_cv3,2028,3,3,4,11,9,2,18,margin_power0p25_base0p05,margin_power0p2_base0p025,0.4444444444444444,0.5555555555555556,0.11111111111111116,2.000000000000001,83.0,0.30892723699976077,0.18003674039375328,0.019230769230769232,0.12499999999999989
V2-T,V2M-two_stage_user_local_reranker-v1,protocol_a_rollv2_cv3,2030,3,17,5,14,5,9,45,margin_power0p25_base0p05,margin_power0p2_base0p025,0.33333333333333337,0.3777777777777778,0.04444444444444445,2.0000000000000004,101.5,7.938276794561031,3.7129782167947214,0.01923076923076923,0.12499999999999986
V2-T,V2M-two_stage_user_local_reranker-v1,protocol_a_rollv2_cv3,2027,1,2,3,10,1,9,9,margin_power0p25_base0p05,margin_power0p2_base0p025,0.7777777777777778,1.0,0.2222222222222222,2.0,75.5,1.0380021634882795,0.5356532724080472,0.01923076923076922,0.12499999999999983
V2-T,V2M-two_stage_user_local_reranker-v1,protocol_a_rollv2_cv3,2026,1,29,4,6,2,4,8,margin_power0p25_base0p05,margin_power0p2_base0p025,0.5,0.75,0.25,2.0,51.5,0.7106460194801087,0.25963242668161013,0.01923076923076922,0.12499999999999983
V2-T,V2M-two_stage_user_local_reranker-v1,protocol_a_rollv2_cv3,2027,2,1,4,11,6,5,30,margin_power0p25_base0p05,margin_power0p2_base0p025,0.6666666666666666,0.7333333333333333,0.06666666666666665,1.9999999999999996,70.0,1.3859022292208398,0.4987413356422464,0.019230769230769218,0.1249999999999998
V2-T,V2M-two_stage_user_local_reranker-v1,protocol_a_rollv2_cv3,2028,2,15,5,14,6,8,48,margin_power0p25_base0p05,margin_power0p2_base0p025,0.8333333333333333,0.8541666666666667,0.02083333333333348,1.000000000000007,98.5,0.4683153714404136,0.29031424080263923,0.00961538461538468,0.06250000000000036
V2-T,V2M-two_stage_user_local_reranker-v1,protocol_a_rollv2_cv3,2028,3,2,4,14,4,10,40,margin_power0p25_base0p05,margin_power0p2_base0p025,0.825,0.8500000000000001,0.025000000000000133,1.0000000000000053,105.5,0.6629629663575768,0.27945227440537496,0.009615384615384663,0.06250000000000025
V2-T,V2M-two_stage_user_local_reranker-v1,protocol_a_rollv2_cv3,2029,1,15,4,15,7,8,56,margin_power0p25_base0p05,margin_power0p2_base0p025,0.7678571428571428,0.7857142857142857,0.017857142857142905,1.0000000000000027,83.0,1.6864321777805564,0.411500871842443,0.009615384615384637,0.06250000000000008
V2-T,V2M-two_stage_user_local_reranker-v1,protocol_a_rollv2_cv3,2026,2,9,4,11,3,8,24,margin_power0p25_base0p05,margin_power0p2_base0p025,0.7083333333333333,0.75,0.04166666666666674,1.0000000000000018,70.0,0.9359091650343256,0.39032622786382504,0.009615384615384628,0.06250000000000003
V2-T,V2M-two_stage_user_local_reranker-v1,protocol_a_rollv2_cv3,2028,1,0,2,15,6,9,54,margin_power0p25_base0p05,margin_power0p2_base0p025,0.42592592592592593,0.4444444444444445,0.018518518518518545,1.0000000000000013,80.0,2.5327250686961422,0.3302108748921972,0.009615384615384625,0.0625
V2-T,V2M-two_stage_user_local_reranker-v1,protocol_a_rollv2_cv3,2028,2,14,5,12,3,9,27,margin_power0p25_base0p05,margin_power0p2_base0p025,0.7777777777777778,0.8148148148148149,0.03703703703703709,1.0000000000000013,75.5,0.639591542136407,0.23056894446364917,0.009615384615384625,0.0625
V2-T,V2M-two_stage_user_local_reranker-v1,protocol_a_rollv2_cv3,2029,2,17,4,9,2,7,14,margin_power0p25_base0p05,margin_power0p2_base0p025,0.5714285714285714,0.6428571428571429,0.07142857142857151,1.000000000000001,86.0,0.7345403413084032,0.406699450970854,0.009615384615384623,0.062499999999999986
V2-T,V2M-two_stage_user_local_reranker-v1,protocol_a_rollv2_cv3,2030,1,18,5,13,5,8,40,margin_power0p25_base0p05,margin_power0p2_base0p025,0.7,0.725,0.025000000000000022,1.0000000000000009,73.0,0.6380818963804666,0.2435736234931037,0.00961538461538462,0.06249999999999997
V2-T,V2M-two_stage_user_local_reranker-v1,protocol_a_rollv2_cv3,2030,3,2,4,14,4,10,40,margin_power0p25_base0p05,margin_power0p2_base0p025,0.725,0.75,0.025000000000000022,1.0000000000000009,105.5,0.782558417509964,0.27945227440537496,0.00961538461538462,0.06249999999999997
V2-T,V2M-two_stage_user_local_reranker-v1,protocol_a_rollv2_cv3,2028,2,13,4,14,4,10,40,margin_power0p25_base0p05,margin_power0p2_base0p025,0.675,0.7000000000000001,0.025000000000000022,1.0000000000000009,88.5,0.8291223612872546,0.5461541206534216,0.00961538461538462,0.06249999999999997
V2-T,V2M-two_stage_user_local_reranker-v1,protocol_a_rollv2_cv3,2029,1,28,4,10,1,9,9,margin_power0p25_base0p05,margin_power0p2_base0p025,0.5555555555555556,0.6666666666666667,0.11111111111111116,1.0000000000000004,80.5,0.6741322787124222,0.5915619900661507,0.009615384615384616,0.062499999999999944
V2-T,V2M-two_stage_user_local_reranker-v1,protocol_a_rollv2_cv3,2030,2,19,4,8,2,6,12,margin_power0p25_base0p05,margin_power0p2_base0p025,0.5833333333333334,0.6666666666666667,0.08333333333333337,1.0000000000000004,68.5,1.1531667102361622,0.4005270565320774,0.009615384615384616,0.062499999999999944
V2-T,V2M-two_stage_user_local_reranker-v1,protocol_a_rollv2_cv3,2026,3,5,7,7,3,4,12,margin_power0p25_base0p05,margin_power0p2_base0p025,0.6666666666666666,0.75,0.08333333333333337,1.0000000000000004,99.0,0.628355073903729,0.247851102560072,0.009615384615384616,0.062499999999999944
V2-T,V2M-two_stage_user_local_reranker-v1,protocol_a_rollv2_cv3,2028,1,21,3,13,4,9,36,margin_power0p25_base0p05,margin_power0p2_base0p025,0.8055555555555556,0.8333333333333334,0.02777777777777779,1.0000000000000004,76.0,0.6548450976016025,0.32409318198978193,0.009615384615384616,0.062499999999999944
V2-T,V2M-two_stage_user_local_reranker-v1,protocol_a_rollv2_cv3,2030,3,3,4,11,9,2,18,margin_power0p25_base0p05,margin_power0p2_base0p025,0.8333333333333333,0.8888888888888888,0.05555555555555558,1.0000000000000004,83.0,0.2794027632475417,0.18003674039375328,0.009615384615384616,0.062499999999999944
V2-T,V2M-two_stage_user_local_reranker-v1,protocol_a_rollv2_cv3,2028,1,22,4,10,1,9,9,margin_power0p25_base0p05,margin_power0p2_base0p025,0.5555555555555556,0.6666666666666667,0.11111111111111116,1.0000000000000004,56.5,0.6410124563142683,0.41231013992016424,0.009615384615384616,0.062499999999999944
V2-T,V2M-two_stage_user_local_reranker-v1,protocol_a_rollv2_cv3,2030,1,28,4,10,1,9,9,margin_power0p25_base0p05,margin_power0p2_base0p025,0.4444444444444444,0.5555555555555556,0.11111111111111116,1.0000000000000004,80.5,0.6212957029308477,0.5915619900661507,0.009615384615384616,0.062499999999999944
V2-T,V2M-two_stage_user_local_reranker-v1,protocol_a_rollv2_cv3,2030,2,17,5,4,2,2,4,margin_power0p25_base0p05,margin_power0p2_base0p025,0.25,0.5,0.25,1.0,92.5,0.6464654713775787,0.1840447287135557,0.00961538461538461,0.06249999999999992
V2-T,V2M-two_stage_user_local_reranker-v1,protocol_a_rollv2_cv3,2030,1,23,2,3,1,2,2,margin_power0p25_base0p05,margin_power0p2_base0p025,0.5,1.0,0.5,1.0,46.0,0.3749687961418338,0.3183693618758487,0.00961538461538461,0.06249999999999992
V2-T,V2M-two_stage_user_local_reranker-v1,protocol_a_rollv2_cv3,2029,1,2,4,4,2,2,4,margin_power0p25_base0p05,margin_power0p2_base0p025,0.75,1.0,0.25,1.0,82.5,1.4006350962551823,0.6439757453846972,0.00961538461538461,0.06249999999999992
V2-T,V2M-two_stage_user_local_reranker-v1,protocol_a_rollv2_cv3,2030,2,16,3,8,7,1,7,margin_power0p25_base0p05,margin_power0p2_base0p025,0.14285714285714285,0.2857142857142857,0.14285714285714285,1.0,66.5,1.1059099705015225,0.2727416721615332,0.00961538461538461,0.06249999999999992
V2-T,V2M-two_stage_user_local_reranker-v1,protocol_a_rollv2_cv3,2026,3,5,6,6,5,1,5,margin_power0p25_base0p05,margin_power0p2_base0p025,0.0,0.2,0.2,1.0,92.5,0.4230071594268702,0.1814910822551951,0.00961538461538461,0.06249999999999992
V2-T,V2M-two_stage_user_local_reranker-v1,protocol_a_rollv2_cv3,2028,2,27,4,10,3,7,21,margin_power0p25_base0p05,margin_power0p2_base0p025,0.23809523809523808,0.2857142857142857,0.047619047619047616,1.0,66.5,1.8936239905061287,0.3735225349441942,0.00961538461538461,0.06249999999999992
V2-T,V2M-two_stage_user_local_reranker-v1,protocol_a_rollv2_cv3,2027,1,14,5,5,4,1,4,margin_power0p25_base0p05,margin_power0p2_base0p025,0.75,1.0,0.25,1.0,67.0,0.6956856538314279,0.25715479499253907,0.00961538461538461,0.06249999999999992
V2-T,V2M-two_stage_user_local_reranker-v1,protocol_a_rollv2_cv3,2028,1,29,4,6,2,4,8,margin_power0p25_base0p05,margin_power0p2_base0p025,0.5,0.625,0.125,1.0,51.5,0.8118721135563659,0.25963242668161013,0.00961538461538461,0.06249999999999992
V2-T,V2M-two_stage_user_local_reranker-v1,protocol_a_rollv2_cv3,2028,3,22,4,10,2,8,16,margin_power0p25_base0p05,margin_power0p2_base0p025,0.875,0.9375,0.0625,1.0,76.5,0.5316586151749193,0.4980908914849042,0.00961538461538461,0.06249999999999992
V2-T,V2M-two_stage_user_local_reranker-v1,protocol_a_rollv2_cv3,2029,2,10,3,11,10,1,10,margin_power0p25_base0p05,margin_power0p2_base0p025,0.4,0.5,0.09999999999999998,0.9999999999999998,76.0,0.5944980995504567,0.3643021396074225,0.009615384615384609,0.0624999999999999
V2-T,V2M-two_stage_user_local_reranker-v1,protocol_a_rollv2_cv3,2028,2,10,3,11,10,1,10,margin_power0p25_base0p05,margin_power0p2_base0p025,0.4,0.5,0.09999999999999998,0.9999999999999998,76.0,0.6625032404624143,0.3643021396074225,0.009615384615384609,0.0624999999999999
V2-T,V2M-two_stage_user_local_reranker-v1,protocol_a_rollv2_cv3,2027,2,11,5,13,10,3,30,margin_power0p25_base0p05,margin_power0p2_base0p025,0.5666666666666667,0.6,0.033333333333333326,0.9999999999999998,85.0,0.46383575114949466,0.1265277694554145,0.009615384615384609,0.0624999999999999
V2-T,V2M-two_stage_user_local_reranker-v1,protocol_a_rollv2_cv3,2028,3,16,4,11,7,4,28,margin_power0p25_base0p05,margin_power0p2_base0p025,0.6785714285714286,0.7142857142857143,0.0357142857142857,0.9999999999999996,79.0,0.840112210938286,0.421986940968848,0.009615384615384607,0.06249999999999989
V2-T,V2M-two_stage_user_local_reranker-v1,protocol_a_rollv2_cv3,2030,3,15,5,11,4,7,28,margin_power0p25_base0p05,margin_power0p2_base0p025,0.5,0.5357142857142857,0.0357142857142857,0.9999999999999996,111.0,0.3577166206680223,0.3448144552907673,0.009615384615384607,0.06249999999999989
V2-T,V2M-two_stage_user_local_reranker-v1,protocol_a_rollv2_cv3,2029,3,5,7,7,3,4,12,margin_power0p25_base0p05,margin_power0p2_base0p025,0.5833333333333334,0.6666666666666666,0.08333333333333326,0.9999999999999991,99.0,0.7396756834535136,0.247851102560072,0.009615384615384602,0.06249999999999986
V2-T,V2M-two_stage_user_local_reranker-v1,protocol_a_rollv2_cv3,2027,1,26,3,12,1,11,11,margin_power0p25_base0p05,margin_power0p2_base0p025,0.09090909090909094,0.18181818181818177,0.09090909090909083,0.9999999999999991,68.5,1.2906945989804302,0.4433237385600309,0.009615384615384602,0.06249999999999986
V2-T,V2M-two_stage_user_local_reranker-v1,protocol_a_rollv2_cv3,2026,3,0,3,15,4,11,44,margin_power0p25_base0p05,margin_power0p2_base0p025,0.6818181818181819,0.7045454545454546,0.022727272727272707,0.9999999999999991,109.0,0.7789829593232425,0.27922549334810004,0.009615384615384602,0.06249999999999986
V2-T,V2M-two_stage_user_local_reranker-v1,protocol_a_rollv2_cv3,2030,2,14,5,12,3,9,27,margin_power0p25_base0p05,margin_power0p2_base0p025,0.7037037037037037,0.7407407407407407,0.03703703703703698,0.9999999999999984,75.5,0.6215095164411099,0.23056894446364917,0.009615384615384597,0.06249999999999982
V2-T,V2M-two_stage_user_local_reranker-v1,protocol_a_rollv2_cv3,2026,2,14,5,12,3,9,27,margin_power0p25_base0p05,margin_power0p2_base0p025,0.7407407407407407,0.7777777777777777,0.03703703703703698,0.9999999999999984,75.5,0.6084754567566156,0.23056894446364917,0.009615384615384597,0.06249999999999982
V2-T,V2M-two_stage_user_local_reranker-v1,protocol_a_rollv2_cv3,2028,3,27,4,10,5,5,25,margin_power0p25_base0p05,margin_power0p2_base0p025,0.64,0.6799999999999999,0.039999999999999925,0.9999999999999981,76.5,0.5643816892758793,0.45533065245643317,0.009615384615384593,0.0624999999999998
V2-T,V2M-two_stage_user_local_reranker-v1,protocol_a_rollv2_cv3,2026,3,14,6,12,6,6,36,margin_power0p25_base0p05,margin_power0p2_base0p025,0.6666666666666667,0.6944444444444444,0.02777777777777768,0.9999999999999964,87.5,0.4958680429832236,0.3704012079518756,0.009615384615384578,0.062499999999999695
V2-T,V2M-two_stage_user_local_reranker-v1,protocol_a_rollv2_cv3,2028,3,15,5,11,4,7,28,margin_power0p25_base0p05,margin_power0p2_base0p025,0.5357142857142857,0.5357142857142857,0.0,0.0,111.0,0.3650874616135412,0.3448144552907673,0.0,0.0
V2-T,V2M-two_stage_user_local_reranker-v1,protocol_a_rollv2_cv3,2029,2,9,4,11,3,8,24,margin_power0p25_base0p05,margin_power0p2_base0p025,0.8333333333333333,0.8333333333333333,0.0,0.0,70.0,1.483739765087054,0.39032622786382504,0.0,0.0
V2-T,V2M-two_stage_user_local_reranker-v1,protocol_a_rollv2_cv3,2029,2,8,4,13,4,9,36,margin_power0p25_base0p05,margin_power0p2_base0p025,0.6944444444444444,0.6944444444444444,0.0,0.0,84.0,0.9652545112625728,0.3587906008798059,0.0,0.0
V2-T,V2M-two_stage_user_local_reranker-v1,protocol_a_rollv2_cv3,2029,2,7,4,8,2,6,12,margin_power0p25_base0p05,margin_power0p2_base0p025,0.6666666666666667,0.6666666666666667,0.0,0.0,81.5,0.46724327484268857,0.16301936481765258,0.0,0.0
V2-T,V2M-two_stage_user_local_reranker-v1,protocol_a_rollv2_cv3,2029,2,5,6,11,4,7,28,margin_power0p25_base0p05,margin_power0p2_base0p025,0.6071428571428572,0.6071428571428572,0.0,0.0,84.0,1.0766079082437205,0.16239979585427405,0.0,0.0
V2-T,V2M-two_stage_user_local_reranker-v1,protocol_a_rollv2_cv3,2029,2,4,4,11,6,5,30,margin_power0p25_base0p05,margin_power0p2_base0p025,0.8,0.8,0.0,0.0,93.0,1.273410588203953,0.35980059468781284,0.0,0.0
V2-T,V2M-two_stage_user_local_reranker-v1,protocol_a_rollv2_cv3,2029,2,3,4,11,8,3,24,margin_power0p25_base0p05,margin_power0p2_base0p025,0.7083333333333334,0.7083333333333334,0.0,0.0,72.0,0.5266683016857056,0.2388294545368131,0.0,0.0
V2-T,V2M-two_stage_user_local_reranker-v1,protocol_a_rollv2_cv3,2029,2,2,4,14,2,12,24,margin_power0p25_base0p05,margin_power0p2_base0p025,0.7916666666666666,0.7916666666666666,0.0,0.0,91.5,1.4027642739413786,0.6365526328452942,0.0,0.0
V2-T,V2M-two_stage_user_local_reranker-v1,protocol_a_rollv2_cv3,2029,2,1,4,11,6,5,30,margin_power0p25_base0p05,margin_power0p2_base0p025,0.7,0.7,0.0,0.0,70.0,1.5274554541347993,0.4987413356422464,0.0,0.0
V2-T,V2M-two_stage_user_local_reranker-v1,protocol_a_rollv2_cv3,2029,2,0,2,8,2,6,12,margin_power0p25_base0p05,margin_power0p2_base0p025,0.41666666666666663,0.41666666666666663,0.0,0.0,91.5,0.6920681249091942,0.35953701623839124,0.0,0.0
V2-T,V2M-two_stage_user_local_reranker-v1,protocol_a_rollv2_cv3,2029,2,0,3,6,4,2,8,margin_power0p25_base0p05,margin_power0p2_base0p025,0.5,0.5,0.0,0.0,98.5,1.07532581121252,0.16587123251649244,0.0,0.0
V2-T,V2M-two_stage_user_local_reranker-v1,protocol_a_rollv2_cv3,2029,2,11,5,13,10,3,30,margin_power0p25_base0p05,margin_power0p2_base0p025,0.6666666666666666,0.6666666666666666,0.0,0.0,85.0,0.5826306236824953,0.1265277694554145,0.0,0.0
V2-T,V2M-two_stage_user_local_reranker-v1,protocol_a_rollv2_cv3,2029,1,29,4,6,2,4,8,margin_power0p25_base0p05,margin_power0p2_base0p025,0.625,0.625,0.0,0.0,51.5,0.8319300836694674,0.25963242668161013,0.0,0.0
V2-T,V2M-two_stage_user_local_reranker-v1,protocol_a_rollv2_cv3,2028,3,6,2,4,3,1,3,margin_power0p25_base0p05,margin_power0p2_base0p025,1.0,1.0,0.0,0.0,30.5,0.4860950931211756,0.4396910815706052,0.0,0.0
V2-T,V2M-two_stage_user_local_reranker-v1,protocol_a_rollv2_cv3,2029,1,28,3,4,1,3,3,margin_power0p25_base0p05,margin_power0p2_base0p025,1.0,1.0,0.0,0.0,73.5,0.3128950620045208,0.08845412432047532,0.0,0.0
V2-T,V2M-two_stage_user_local_reranker-v1,protocol_a_rollv2_cv3,2028,2,16,3,8,7,1,7,margin_power0p25_base0p05,margin_power0p2_base0p025,0.2857142857142857,0.2857142857142857,0.0,0.0,66.5,0.9536592101379734,0.2727416721615332,0.0,0.0
V2-T,V2M-two_stage_user_local_reranker-v1,protocol_a_rollv2_cv3,2029,1,26,3,12,1,11,11,margin_power0p25_base0p05,margin_power0p2_base0p025,0.18181818181818177,0.18181818181818177,0.0,0.0,68.5,1.1188579188785923,0.4433237385600309,0.0,0.0
V2-T,V2M-two_stage_user_local_reranker-v1,protocol_a_rollv2_cv3,2029,1,23,2,3,1,2,2,margin_power0p25_base0p05,margin_power0p2_base0p025,0.5,0.5,0.0,0.0,46.0,0.4173398202505215,0.3183693618758487,0.0,0.0
V2-T,V2M-two_stage_user_local_reranker-v1,protocol_a_rollv2_cv3,2029,1,22,4,10,1,9,9,margin_power0p25_base0p05,margin_power0p2_base0p025,0.5555555555555556,0.5555555555555556,0.0,0.0,56.5,0.8328797216211414,0.41231013992016424,0.0,0.0
V2-T,V2M-two_stage_user_local_reranker-v1,protocol_a_rollv2_cv3,2028,3,5,7,7,3,4,12,margin_power0p25_base0p05,margin_power0p2_base0p025,0.6666666666666666,0.6666666666666666,0.0,0.0,99.0,0.664017773993246,0.247851102560072,0.0,0.0
V2-T,V2M-two_stage_user_local_reranker-v1,protocol_a_rollv2_cv3,2029,2,12,4,12,3,9,27,margin_power0p25_base0p05,margin_power0p2_base0p025,0.6296296296296295,0.6296296296296295,0.0,0.0,78.5,0.8756949769006037,0.20631809576063484,0.0,0.0
V2-T,V2M-two_stage_user_local_reranker-v1,protocol_a_rollv2_cv3,2028,3,5,6,6,5,1,5,margin_power0p25_base0p05,margin_power0p2_base0p025,0.2,0.2,0.0,0.0,92.5,0.41909623757684134,0.1814910822551951,0.0,0.0
V2-T,V2M-two_stage_user_local_reranker-v1,protocol_a_rollv2_cv3,2029,1,19,4,11,3,8,24,margin_power0p25_base0p05,margin_power0p2_base0p025,0.75,0.75,0.0,0.0,59.0,1.65871962415798,0.3207339295310335,0.0,0.0
V2-T,V2M-two_stage_user_local_reranker-v1,protocol_a_rollv2_cv3,2029,2,22,4,10,2,8,16,margin_power0p25_base0p05,margin_power0p2_base0p025,0.75,0.75,0.0,0.0,66.5,0.9248689292099309,0.412161620075989,0.0,0.0
V2-T,V2M-two_stage_user_local_reranker-v1,protocol_a_rollv2_cv3,2029,2,21,4,10,3,7,21,margin_power0p25_base0p05,margin_power0p2_base0p025,1.0,1.0,0.0,0.0,91.5,0.6034653168747092,0.31963030441283613,0.0,0.0
V2-T,V2M-two_stage_user_local_reranker-v1,protocol_a_rollv2_cv3,2029,2,21,3,4,1,3,3,margin_power0p25_base0p05,margin_power0p2_base0p025,0.0,0.0,0.0,0.0,84.5,0.2841689613943904,0.18974121688470244,0.0,0.0
V2-T,V2M-two_stage_user_local_reranker-v1,protocol_a_rollv2_cv3,2029,2,20,5,12,1,11,11,margin_power0p25_base0p05,margin_power0p2_base0p025,0.7272727272727273,0.7272727272727273,0.0,0.0,77.5,1.2294644854171048,0.28753615998489623,0.0,0.0
V2-T,V2M-two_stage_user_local_reranker-v1,protocol_a_rollv2_cv3,2029,2,19,4,8,2,6,12,margin_power0p25_base0p05,margin_power0p2_base0p025,0.7500000000000001,0.7500000000000001,0.0,0.0,68.5,1.1858969382982367,0.4005270565320774,0.0,0.0
V2-T,V2M-two_stage_user_local_reranker-v1,protocol_a_rollv2_cv3,2029,2,18,5,14,2,12,24,margin_power0p25_base0p05,margin_power0p2_base0p025,0.45833333333333337,0.45833333333333337,0.0,0.0,86.5,0.4494741468519302,0.28943642902886735,0.0,0.0
V2-T,V2M-two_stage_user_local_reranker-v1,protocol_a_rollv2_cv3,2028,2,29,4,4,1,3,3,margin_power0p25_base0p05,margin_power0p2_base0p025,1.0,1.0,0.0,0.0,56.5,3.73168758425594,2.2826791488926204,0.0,0.0
V2-T,V2M-two_stage_user_local_reranker-v1,protocol_a_rollv2_cv3,2029,2,17,5,4,2,2,4,margin_power0p25_base0p05,margin_power0p2_base0p025,0.25,0.25,0.0,0.0,92.5,0.6351306663158264,0.1840447287135557,0.0,0.0
V2-T,V2M-two_stage_user_local_reranker-v1,protocol_a_rollv2_cv3,2028,2,29,5,5,2,3,6,margin_power0p25_base0p05,margin_power0p2_base0p025,0.5,0.5,0.0,0.0,61.0,0.24708403679226532,0.3974359761333643,0.0,0.0
V2-T,V2M-two_stage_user_local_reranker-v1,protocol_a_rollv2_cv3,2028,3,0,3,15,4,11,44,margin_power0p25_base0p05,margin_power0p2_base0p025,0.5681818181818181,0.5681818181818181,0.0,0.0,109.0,0.6510028023870869,0.27922549334810004,0.0,0.0
V2-T,V2M-two_stage_user_local_reranker-v1,protocol_a_rollv2_cv3,2028,3,1,5,10,5,5,25,margin_power0p25_base0p05,margin_power0p2_base0p025,0.72,0.72,0.0,0.0,81.5,0.5105984538615741,0.24340254842556294,0.0,0.0
V2-T,V2M-two_stage_user_local_reranker-v1,protocol_a_rollv2_cv3,2028,2,23,3,9,1,8,8,margin_power0p25_base0p05,margin_power0p2_base0p025,0.875,0.875,0.0,0.0,58.0,0.252192451694998,0.250824655778349,0.0,0.0
V2-T,V2M-two_stage_user_local_reranker-v1,protocol_a_rollv2_cv3,2029,2,16,3,8,7,1,7,margin_power0p25_base0p05,margin_power0p2_base0p025,0.14285714285714285,0.14285714285714285,0.0,0.0,66.5,1.0088377672070459,0.2727416721615332,0.0,0.0
V2-T,V2M-two_stage_user_local_reranker-v1,protocol_a_rollv2_cv3,2028,2,22,4,10,2,8,16,margin_power0p25_base0p05,margin_power0p2_base0p025,0.75,0.75,0.0,0.0,66.5,0.8697092864885322,0.412161620075989,0.0,0.0
V2-T,V2M-two_stage_user_local_reranker-v1,protocol_a_rollv2_cv3,2029,2,15,5,14,6,8,48,margin_power0p25_base0p05,margin_power0p2_base0p025,0.8958333333333333,0.8958333333333333,0.0,0.0,98.5,0.630550313539643,0.29031424080263923,0.0,0.0
V2-T,V2M-two_stage_user_local_reranker-v1,protocol_a_rollv2_cv3,2029,2,14,5,12,3,9,27,margin_power0p25_base0p05,margin_power0p2_base0p025,0.7037037037037037,0.7037037037037037,0.0,0.0,75.5,0.6247803806915223,0.23056894446364917,0.0,0.0
V2-T,V2M-two_stage_user_local_reranker-v1,protocol_a_rollv2_cv3,2029,2,13,4,14,4,10,40,margin_power0p25_base0p05,margin_power0p2_base0p025,0.725,0.725,0.0,0.0,88.5,1.040563459668739,0.5461541206534216,0.0,0.0
V2-T,V2M-two_stage_user_local_reranker-v1,protocol_a_rollv2_cv3,2029,1,20,4,11,1,10,10,margin_power0p25_base0p05,margin_power0p2_base0p025,0.8,0.8,0.0,0.0,65.0,0.7474195592254084,0.17911431751011359,0.0,0.0
V2-T,V2M-two_stage_user_local_reranker-v1,protocol_a_rollv2_cv3,2029,1,17,4,14,4,10,40,margin_power0p25_base0p05,margin_power0p2_base0p025,0.8,0.8,0.0,0.0,74.5,1.1302329934318536,0.37817430649613726,0.0,0.0
V2-T,V2M-two_stage_user_local_reranker-v1,protocol_a_rollv2_cv3,2029,1,18,5,13,5,8,40,margin_power0p25_base0p05,margin_power0p2_base0p025,0.7,0.7,0.0,0.0,73.0,0.7776470598580838,0.2435736234931037,0.0,0.0
V2-T,V2M-two_stage_user_local_reranker-v1,protocol_a_rollv2_cv3,2028,3,15,6,4,2,2,4,margin_power0p25_base0p05,margin_power0p2_base0p025,1.0,1.0,0.0,0.0,118.5,0.1714971753736686,0.06513195655976436,0.0,0.0
V2-T,V2M-two_stage_user_local_reranker-v1,protocol_a_rollv2_cv3,2029,1,7,4,13,5,8,40,margin_power0p25_base0p05,margin_power0p2_base0p025,0.8,0.8,0.0,0.0,71.0,0.6322038776049089,0.21088786144756838,0.0,0.0
V2-T,V2M-two_stage_user_local_reranker-v1,protocol_a_rollv2_cv3,2029,2,23,3,9,1,8,8,margin_power0p25_base0p05,margin_power0p2_base0p025,1.0,1.0,0.0,0.0,58.0,0.27774132640632315,0.250824655778349,0.0,0.0
V2-T,V2M-two_stage_user_local_reranker-v1,protocol_a_rollv2_cv3,2029,1,5,5,9,4,5,20,margin_power0p25_base0p05,margin_power0p2_base0p025,0.55,0.55,0.0,0.0,72.0,0.703517738901133,0.15873030342296546,0.0,0.0
V2-T,V2M-two_stage_user_local_reranker-v1,protocol_a_rollv2_cv3,2028,3,9,5,9,3,6,18,margin_power0p25_base0p05,margin_power0p2_base0p025,0.11111111111111108,0.11111111111111108,0.0,0.0,82.0,0.4535957733001541,0.41459596643081903,0.0,0.0
V2-T,V2M-two_stage_user_local_reranker-v1,protocol_a_rollv2_cv3,2029,1,3,3,3,1,2,2,margin_power0p25_base0p05,margin_power0p2_base0p025,1.0,1.0,0.0,0.0,57.0,0.2055153391451001,0.3052014739621279,0.0,0.0
V2-T,V2M-two_stage_user_local_reranker-v1,protocol_a_rollv2_cv3,2028,3,11,6,12,7,5,35,margin_power0p25_base0p05,margin_power0p2_base0p025,0.9142857142857144,0.9142857142857144,0.0,0.0,98.5,0.5988182793648139,0.3189812207292956,0.0,0.0
V2-T,V2M-two_stage_user_local_reranker-v1,protocol_a_rollv2_cv3,2028,3,12,4,12,3,9,27,margin_power0p25_base0p05,margin_power0p2_base0p025,0.48148148148148145,0.48148148148148145,0.0,0.0,90.5,0.638648516839789,0.3148569434405261,0.0,0.0
V2-T,V2M-two_stage_user_local_reranker-v1,protocol_a_rollv2_cv3,2029,1,2,3,10,1,9,9,margin_power0p25_base0p05,margin_power0p2_base0p025,0.7777777777777778,0.7777777777777778,0.0,0.0,75.5,0.9596209936607858,0.5356532724080472,0.0,0.0
V2-T,V2M-two_stage_user_local_reranker-v1,protocol_a_rollv2_cv3,2029,1,1,4,11,4,7,28,margin_power0p25_base0p05,margin_power0p2_base0p025,0.7142857142857143,0.7142857142857143,0.0,0.0,59.0,1.3178124198323333,0.4057152827925604,0.0,0.0
V2-T,V2M-two_stage_user_local_reranker-v1,protocol_a_rollv2_cv3,2029,1,0,2,15,6,9,54,margin_power0p25_base0p05,margin_power0p2_base0p025,0.42592592592592593,0.42592592592592593,0.0,0.0,80.0,3.022017613692243,0.3302108748921972,0.0,0.0
V2-T,V2M-two_stage_user_local_reranker-v1,protocol_a_rollv2_cv3,2028,3,25,4,9,2,7,14,margin_power0p25_base0p05,margin_power0p2_base0p025,0.7142857142857142,0.7142857142857142,0.0,0.0,74.0,0.7932040496388518,0.3275581894272864,0.0,0.0
V2-T,V2M-two_stage_user_local_reranker-v1,protocol_a_rollv2_cv3,2028,3,14,6,12,6,6,36,margin_power0p25_base0p05,margin_power0p2_base0p025,0.6666666666666666,0.6666666666666666,0.0,0.0,87.5,0.4689663440188511,0.3704012079518756,0.0,0.0
V2-T,V2M-two_stage_user_local_reranker-v1,protocol_a_rollv2_cv3,2028,3,21,4,14,2,12,24,margin_power0p25_base0p05,margin_power0p2_base0p025,1.0,1.0,0.0,0.0,103.5,0.44835958096670725,0.1994344621885601,0.0,0.0
V2-T,V2M-two_stage_user_local_reranker-v1,protocol_a_rollv2_cv3,2028,3,20,5,12,2,10,20,margin_power0p25_base0p05,margin_power0p2_base0p025,0.65,0.65,0.0,0.0,89.5,1.476751698427526,0.26227380373129694,0.0,0.0
V2-T,V2M-two_stage_user_local_reranker-v1,protocol_a_rollv2_cv3,2028,2,20,5,12,1,11,11,margin_power0p25_base0p05,margin_power0p2_base0p025,1.0,1.0,0.0,0.0,77.5,0.5484907251212389,0.28753615998489623,0.0,0.0
V2-T,V2M-two_stage_user_local_reranker-v1,protocol_a_rollv2_cv3,2028,3,19,5,11,2,9,18,margin_power0p25_base0p05,margin_power0p2_base0p025,0.6666666666666667,0.6666666666666667,0.0,0.0,81.0,0.7644566287631674,0.5793843124308027,0.0,0.0
V2-T,V2M-two_stage_user_local_reranker-v1,protocol_a_rollv2_cv3,2028,2,21,3,4,1,3,3,margin_power0p25_base0p05,margin_power0p2_base0p025,0.6666666666666667,0.6666666666666667,0.0,0.0,84.5,0.18587673122631732,0.18974121688470244,0.0,0.0
V2-T,V2M-two_stage_user_local_reranker-v1,protocol_a_rollv2_cv3,2029,1,8,3,8,6,2,12,margin_power0p25_base0p05,margin_power0p2_base0p025,0.41666666666666663,0.41666666666666663,0.0,0.0,68.5,1.1456948651623975,0.37559568257091364,0.0,0.0
V2-T,V2M-two_stage_user_local_reranker-v1,protocol_a_rollv2_cv3,2029,1,8,4,5,1,4,4,margin_power0p25_base0p05,margin_power0p2_base0p025,0.75,0.75,0.0,0.0,75.0,1.5386832773447714,0.5106685458764089,0.0,0.0
V2-T,V2M-two_stage_user_local_reranker-v1,protocol_a_rollv2_cv3,2028,2,19,4,8,2,6,12,margin_power0p25_base0p05,margin_power0p2_base0p025,0.7500000000000001,0.7500000000000001,0.0,0.0,68.5,1.1132122835157146,0.4005270565320774,0.0,0.0
V2-T,V2M-two_stage_user_local_reranker-v1,protocol_a_rollv2_cv3,2029,1,12,3,9,2,7,14,margin_power0p25_base0p05,margin_power0p2_base0p025,1.0,1.0,0.0,0.0,65.0,1.850514720597271,0.594333370972621,0.0,0.0
V2-T,V2M-two_stage_user_local_reranker-v1,protocol_a_rollv2_cv3,2029,1,16,3,5,4,1,4,margin_power0p25_base0p05,margin_power0p2_base0p025,1.0,1.0,0.0,0.0,60.0,0.30789496911884656,0.23428198796980246,0.0,0.0
V2-T,V2M-two_stage_user_local_reranker-v1,protocol_a_rollv2_cv3,2029,1,16,2,5,1,4,4,margin_power0p25_base0p05,margin_power0p2_base0p025,0.25,0.25,0.0,0.0,55.0,0.40696556323330313,0.3204466529177645,0.0,0.0
V2-T,V2M-two_stage_user_local_reranker-v1,protocol_a_rollv2_cv3,2028,2,17,4,9,2,7,14,margin_power0p25_base0p05,margin_power0p2_base0p025,0.7857142857142857,0.7857142857142857,0.0,0.0,86.0,0.7849820725946978,0.406699450970854,0.0,0.0
V2-T,V2M-two_stage_user_local_reranker-v1,protocol_a_rollv2_cv3,2029,1,14,5,5,4,1,4,margin_power0p25_base0p05,margin_power0p2_base0p025,0.75,0.75,0.0,0.0,67.0,0.6527775352556477,0.25715479499253907,0.0,0.0
V2-T,V2M-two_stage_user_local_reranker-v1,protocol_a_rollv2_cv3,2029,1,14,4,6,1,5,5,margin_power0p25_base0p05,margin_power0p2_base0p025,1.0,1.0,0.0,0.0,61.5,1.0107359381769687,0.24083961818809246,0.0,0.0
V2-T,V2M-two_stage_user_local_reranker-v1,protocol_a_rollv2_cv3,2029,1,13,3,13,3,10,30,margin_power0p25_base0p05,margin_power0p2_base0p025,0.4666666666666667,0.4666666666666667,0.0,0.0,75.0,2.5942714541365675,0.43463261543938553,0.0,0.0
V2-T,V2M-two_stage_user_local_reranker-v1,protocol_a_rollv2_cv3,2029,1,12,4,3,2,1,2,margin_power0p25_base0p05,margin_power0p2_base0p025,1.0,1.0,0.0,0.0,71.0,0.3701972145653664,0.21639096221667284,0.0,0.0
V2-T,V2M-two_stage_user_local_reranker-v1,protocol_a_rollv2_cv3,2029,1,11,5,10,9,1,9,margin_power0p25_base0p05,margin_power0p2_base0p025,1.0,1.0,0.0,0.0,73.5,1.611377639237034,0.29024516980216086,0.0,0.0
V2-T,V2M-two_stage_user_local_reranker-v1,protocol_a_rollv2_cv3,2028,3,9,4,2,1,1,1,margin_power0p25_base0p05,margin_power0p2_base0p025,1.0,1.0,0.0,0.0,76.5,0.10344977572471584,0.007530157854539754,0.0,0.0
V2-T,V2M-two_stage_user_local_reranker-v1,protocol_a_rollv2_cv3,2028,2,17,5,4,2,2,4,margin_power0p25_base0p05,margin_power0p2_base0p025,0.25,0.25,0.0,0.0,92.5,0.7641778447731123,0.1840447287135557,0.0,0.0
V2-T,V2M-two_stage_user_local_reranker-v1,protocol_a_rollv2_cv3,2029,1,10,3,10,8,2,16,margin_power0p25_base0p05,margin_power0p2_base0p025,1.0,1.0,0.0,0.0,65.5,0.7251696700918293,0.2543427329562645,0.0,0.0
V2-T,V2M-two_stage_user_local_reranker-v1,protocol_a_rollv2_cv3,2029,1,9,4,6,2,4,8,margin_power0p25_base0p05,margin_power0p2_base0p025,0.875,0.875,0.0,0.0,61.5,0.5372974304388201,0.23722022994101036,0.0,0.0
V2-T,V2M-two_stage_user_local_reranker-v1,protocol_a_rollv2_cv3,2028,2,28,4,14,2,12,24,margin_power0p25_base0p05,margin_power0p2_base0p025,0.4166666666666667,0.4166666666666667,0.0,0.0,92.5,0.9604936860420356,0.35654552824454794,0.0,0.0
V2-T,V2M-two_stage_user_local_reranker-v1,protocol_a_rollv2_cv3,2029,1,9,3,5,1,4,4,margin_power0p25_base0p05,margin_power0p2_base0p025,1.0,1.0,0.0,0.0,56.0,1.0807357523775345,0.1285970809238212,0.0,0.0
V2-T,V2M-two_stage_user_local_reranker-v1,protocol_a_rollv2_cv3,2028,3,8,4,5,1,4,4,margin_power0p25_base0p05,margin_power0p2_base0p025,0.5,0.5,0.0,0.0,93.0,1.2863893656987904,0.488132378031101,0.0,0.0
V2-T,V2M-two_stage_user_local_reranker-v1,protocol_a_rollv2_cv3,2028,2,21,4,10,3,7,21,margin_power0p25_base0p05,margin_power0p2_base0p025,1.0,1.0,0.0,0.0,91.5,0.5366315626370266,0.31963030441283613,0.0,0.0
V2-T,V2M-two_stage_user_local_reranker-v1,protocol_a_rollv2_cv3,2028,2,18,5,14,2,12,24,margin_power0p25_base0p05,margin_power0p2_base0p025,0.4583333333333333,0.4583333333333333,0.0,0.0,86.5,0.4802051679929806,0.28943642902886735,0.0,0.0
V2-T,V2M-two_stage_user_local_reranker-v1,protocol_a_rollv2_cv3,2026,1,0,2,15,6,9,54,margin_power0p25_base0p05,margin_power0p2_base0p025,0.38888888888888895,0.38888888888888895,0.0,0.0,80.0,3.32342582920686,0.3302108748921972,0.0,0.0
V2-T,V2M-two_stage_user_local_reranker-v1,protocol_a_rollv2_cv3,2029,2,27,4,10,3,7,21,margin_power0p25_base0p05,margin_power0p2_base0p025,0.28571428571428575,0.28571428571428575,0.0,0.0,66.5,1.819555131889231,0.3735225349441942,0.0,0.0
V2-T,V2M-two_stage_user_local_reranker-v1,protocol_a_rollv2_cv3,2030,2,9,4,11,3,8,24,margin_power0p25_base0p05,margin_power0p2_base0p025,0.75,0.75,0.0,0.0,70.0,1.2172196826618038,0.39032622786382504,0.0,0.0
V2-T,V2M-two_stage_user_local_reranker-v1,protocol_a_rollv2_cv3,2030,2,22,4,10,2,8,16,margin_power0p25_base0p05,margin_power0p2_base0p025,0.75,0.75,0.0,0.0,66.5,0.9240670586866593,0.412161620075989,0.0,0.0
V2-T,V2M-two_stage_user_local_reranker-v1,protocol_a_rollv2_cv3,2030,2,21,4,10,3,7,21,margin_power0p25_base0p05,margin_power0p2_base0p025,0.9047619047619048,0.9047619047619048,0.0,0.0,91.5,0.6731945578459283,0.31963030441283613,0.0,0.0
V2-T,V2M-two_stage_user_local_reranker-v1,protocol_a_rollv2_cv3,2030,2,21,3,4,1,3,3,margin_power0p25_base0p05,margin_power0p2_base0p025,0.0,0.0,0.0,0.0,84.5,0.1987188871215896,0.18974121688470244,0.0,0.0
V2-T,V2M-two_stage_user_local_reranker-v1,protocol_a_rollv2_cv3,2030,2,20,5,12,1,11,11,margin_power0p25_base0p05,margin_power0p2_base0p025,0.7272727272727273,0.7272727272727273,0.0,0.0,77.5,1.4051704001830043,0.28753615998489623,0.0,0.0
V2-T,V2M-two_stage_user_local_reranker-v1,protocol_a_rollv2_cv3,2030,2,18,5,14,2,12,24,margin_power0p25_base0p05,margin_power0p2_base0p025,0.4583333333333333,0.4583333333333333,0.0,0.0,86.5,0.4405362078830386,0.28943642902886735,0.0,0.0
V2-T,V2M-two_stage_user_local_reranker-v1,protocol_a_rollv2_cv3,2030,2,17,4,9,2,7,14,margin_power0p25_base0p05,margin_power0p2_base0p025,0.7142857142857142,0.7142857142857142,0.0,0.0,86.0,0.7718427309420126,0.406699450970854,0.0,0.0
V2-T,V2M-two_stage_user_local_reranker-v1,protocol_a_rollv2_cv3,2030,2,15,5,14,6,8,48,margin_power0p25_base0p05,margin_power0p2_base0p025,0.9166666666666667,0.9166666666666667,0.0,0.0,98.5,0.5957158220132538,0.29031424080263923,0.0,0.0
V2-T,V2M-two_stage_user_local_reranker-v1,protocol_a_rollv2_cv3,2030,2,12,4,12,3,9,27,margin_power0p25_base0p05,margin_power0p2_base0p025,0.4814814814814815,0.4814814814814815,0.0,0.0,78.5,1.2830135927621573,0.20631809576063484,0.0,0.0
V2-T,V2M-two_stage_user_local_reranker-v1,protocol_a_rollv2_cv3,2030,2,11,5,13,10,3,30,margin_power0p25_base0p05,margin_power0p2_base0p025,0.7000000000000001,0.7000000000000001,0.0,0.0,85.0,0.5814081747070174,0.1265277694554145,0.0,0.0
V2-T,V2M-two_stage_user_local_reranker-v1,protocol_a_rollv2_cv3,2030,2,10,3,11,10,1,10,margin_power0p25_base0p05,margin_power0p2_base0p025,0.5,0.5,0.0,0.0,76.0,0.6232801807468906,0.3643021396074225,0.0,0.0
V2-T,V2M-two_stage_user_local_reranker-v1,protocol_a_rollv2_cv3,2030,2,8,4,13,4,9,36,margin_power0p25_base0p05,margin_power0p2_base0p025,0.6944444444444444,0.6944444444444444,0.0,0.0,84.0,0.938464929605873,0.3587906008798059,0.0,0.0
V2-T,V2M-two_stage_user_local_reranker-v1,protocol_a_rollv2_cv3,2030,1,22,4,10,1,9,9,margin_power0p25_base0p05,margin_power0p2_base0p025,0.7777777777777778,0.7777777777777778,0.0,0.0,56.5,0.6539424585083866,0.41231013992016424,0.0,0.0
V2-T,V2M-two_stage_user_local_reranker-v1,protocol_a_rollv2_cv3,2030,2,7,4,8,2,6,12,margin_power0p25_base0p05,margin_power0p2_base0p025,0.4166666666666667,0.4166666666666667,0.0,0.0,81.5,0.6386537647638553,0.16301936481765258,0.0,0.0
V2-T,V2M-two_stage_user_local_reranker-v1,protocol_a_rollv2_cv3,2030,2,5,6,11,4,7,28,margin_power0p25_base0p05,margin_power0p2_base0p025,0.4642857142857143,0.4642857142857143,0.0,0.0,84.0,1.2076404082842123,0.16239979585427405,0.0,0.0
V2-T,V2M-two_stage_user_local_reranker-v1,protocol_a_rollv2_cv3,2030,2,4,4,11,6,5,30,margin_power0p25_base0p05,margin_power0p2_base0p025,0.8,0.8,0.0,0.0,93.0,1.3394098553468774,0.35980059468781284,0.0,0.0
V2-T,V2M-two_stage_user_local_reranker-v1,protocol_a_rollv2_cv3,2030,2,2,4,14,2,12,24,margin_power0p25_base0p05,margin_power0p2_base0p025,0.75,0.75,0.0,0.0,91.5,1.5025835962378826,0.6365526328452942,0.0,0.0
V2-T,V2M-two_stage_user_local_reranker-v1,protocol_a_rollv2_cv3,2030,2,1,4,11,6,5,30,margin_power0p25_base0p05,margin_power0p2_base0p025,0.7,0.7,0.0,0.0,70.0,1.4447708486830002,0.4987413356422464,0.0,0.0
V2-T,V2M-two_stage_user_local_reranker-v1,protocol_a_rollv2_cv3,2030,2,0,3,6,4,2,8,margin_power0p25_base0p05,margin_power0p2_base0p025,0.5,0.5,0.0,0.0,98.5,1.2047487544807762,0.16587123251649244,0.0,0.0
V2-T,V2M-two_stage_user_local_reranker-v1,protocol_a_rollv2_cv3,2030,2,0,2,8,2,6,12,margin_power0p25_base0p05,margin_power0p2_base0p025,0.3333333333333333,0.3333333333333333,0.0,0.0,91.5,0.7196861992254776,0.35953701623839124,0.0,0.0
V2-T,V2M-two_stage_user_local_reranker-v1,protocol_a_rollv2_cv3,2030,1,29,4,6,2,4,8,margin_power0p25_base0p05,margin_power0p2_base0p025,0.75,0.75,0.0,0.0,51.5,0.6196195253269409,0.25963242668161013,0.0,0.0
V2-T,V2M-two_stage_user_local_reranker-v1,protocol_a_rollv2_cv3,2030,1,28,3,4,1,3,3,margin_power0p25_base0p05,margin_power0p2_base0p025,1.0,1.0,0.0,0.0,73.5,0.20756834601474208,0.08845412432047532,0.0,0.0
V2-T,V2M-two_stage_user_local_reranker-v1,protocol_a_rollv2_cv3,2030,1,27,3,10,5,5,25,margin_power0p25_base0p05,margin_power0p2_base0p025,0.92,0.92,0.0,0.0,56.5,0.6227921497980577,0.34304771610130247,0.0,0.0
V2-T,V2M-two_stage_user_local_reranker-v1,protocol_a_rollv2_cv3,2030,2,23,3,9,1,8,8,margin_power0p25_base0p05,margin_power0p2_base0p025,1.0,1.0,0.0,0.0,58.0,0.24487779779130733,0.250824655778349,0.0,0.0
V2-T,V2M-two_stage_user_local_reranker-v1,protocol_a_rollv2_cv3,2030,2,27,4,10,3,7,21,margin_power0p25_base0p05,margin_power0p2_base0p025,0.23809523809523814,0.23809523809523814,0.0,0.0,66.5,2.843528937477265,0.3735225349441942,0.0,0.0
V2-T,V2M-two_stage_user_local_reranker-v1,protocol_a_rollv2_cv3,2030,2,29,4,4,1,3,3,margin_power0p25_base0p05,margin_power0p2_base0p025,1.0,1.0,0.0,0.0,56.5,3.3507457588756884,2.2826791488926204,0.0,0.0
V2-T,V2M-two_stage_user_local_reranker-v1,protocol_a_rollv2_cv3,2030,2,29,5,5,2,3,6,margin_power0p25_base0p05,margin_power0p2_base0p025,0.6666666666666667,0.6666666666666667,0.0,0.0,61.0,0.4013741922411185,0.3974359761333643,0.0,0.0
V2-T,V2M-two_stage_user_local_reranker-v1,protocol_a_rollv2_cv3,2030,3,27,4,10,5,5,25,margin_power0p25_base0p05,margin_power0p2_base0p025,0.52,0.52,0.0,0.0,76.5,0.8332774949357813,0.45533065245643317,0.0,0.0
V2-T,V2M-two_stage_user_local_reranker-v1,protocol_a_rollv2_cv3,2030,3,25,4,9,2,7,14,margin_power0p25_base0p05,margin_power0p2_base0p025,0.7142857142857143,0.7142857142857143,0.0,0.0,74.0,1.110907632922516,0.3275581894272864,0.0,0.0
V2-T,V2M-two_stage_user_local_reranker-v1,protocol_a_rollv2_cv3,2030,3,21,4,14,2,12,24,margin_power0p25_base0p05,margin_power0p2_base0p025,1.0,1.0,0.0,0.0,103.5,0.5625913502480405,0.1994344621885601,0.0,0.0
V2-T,V2M-two_stage_user_local_reranker-v1,protocol_a_rollv2_cv3,2030,3,20,5,12,2,10,20,margin_power0p25_base0p05,margin_power0p2_base0p025,0.7,0.7,0.0,0.0,89.5,1.4121754283384589,0.26227380373129694,0.0,0.0
V2-T,V2M-two_stage_user_local_reranker-v1,protocol_a_rollv2_cv3,2030,3,19,5,11,2,9,18,margin_power0p25_base0p05,margin_power0p2_base0p025,0.8333333333333334,0.8333333333333334,0.0,0.0,81.0,0.5681788553464902,0.5793843124308027,0.0,0.0
V2-T,V2M-two_stage_user_local_reranker-v1,protocol_a_rollv2_cv3,2030,3,16,4,11,7,4,28,margin_power0p25_base0p05,margin_power0p2_base0p025,0.8214285714285714,0.8214285714285714,0.0,0.0,79.0,0.9825981985153901,0.421986940968848,0.0,0.0
V2-T,V2M-two_stage_user_local_reranker-v1,protocol_a_rollv2_cv3,2030,3,15,6,4,2,2,4,margin_power0p25_base0p05,margin_power0p2_base0p025,1.0,1.0,0.0,0.0,118.5,0.22812439565178502,0.06513195655976436,0.0,0.0
V2-T,V2M-two_stage_user_local_reranker-v1,protocol_a_rollv2_cv3,2030,3,14,6,12,6,6,36,margin_power0p25_base0p05,margin_power0p2_base0p025,0.6666666666666667,0.6666666666666667,0.0,0.0,87.5,0.4107971397428998,0.3704012079518756,0.0,0.0
V2-T,V2M-two_stage_user_local_reranker-v1,protocol_a_rollv2_cv3,2030,3,12,4,12,3,9,27,margin_power0p25_base0p05,margin_power0p2_base0p025,0.5925925925925926,0.5925925925925926,0.0,0.0,90.5,0.7546890614567049,0.3148569434405261,0.0,0.0
V2-T,V2M-two_stage_user_local_reranker-v1,protocol_a_rollv2_cv3,2030,3,11,6,12,7,5,35,margin_power0p25_base0p05,margin_power0p2_base0p025,0.8857142857142858,0.8857142857142858,0.0,0.0,98.5,0.6842259467430366,0.3189812207292956,0.0,0.0
V2-T,V2M-two_stage_user_local_reranker-v1,protocol_a_rollv2_cv3,2030,3,10,4,12,7,5,35,margin_power0p25_base0p05,margin_power0p2_base0p025,0.4285714285714286,0.4285714285714286,0.0,0.0,88.5,0.4132851429593969,0.2086334482435481,0.0,0.0
V2-T,V2M-two_stage_user_local_reranker-v1,protocol_a_rollv2_cv3,2030,3,9,5,9,3,6,18,margin_power0p25_base0p05,margin_power0p2_base0p025,0.3888888888888889,0.3888888888888889,0.0,0.0,82.0,0.29008597868172653,0.41459596643081903,0.0,0.0
V2-T,V2M-two_stage_user_local_reranker-v1,protocol_a_rollv2_cv3,2030,3,9,4,2,1,1,1,margin_power0p25_base0p05,margin_power0p2_base0p025,1.0,1.0,0.0,0.0,76.5,0.05622325827921815,0.007530157854539754,0.0,0.0
V2-T,V2M-two_stage_user_local_reranker-v1,protocol_a_rollv2_cv3,2030,3,8,5,8,2,6,12,margin_power0p25_base0p05,margin_power0p2_base0p025,0.6666666666666667,0.6666666666666667,0.0,0.0,99.5,0.38948926676458523,0.2616320624313675,0.0,0.0
V2-T,V2M-two_stage_user_local_reranker-v1,protocol_a_rollv2_cv3,2030,3,8,4,5,1,4,4,margin_power0p25_base0p05,margin_power0p2_base0p025,0.5,0.5,0.0,0.0,93.0,1.1444793023085795,0.488132378031101,0.0,0.0
V2-T,V2M-two_stage_user_local_reranker-v1,protocol_a_rollv2_cv3,2030,3,6,2,4,3,1,3,margin_power0p25_base0p05,margin_power0p2_base0p025,1.0,1.0,0.0,0.0,30.5,0.5388998007096056,0.4396910815706052,0.0,0.0
V2-T,V2M-two_stage_user_local_reranker-v1,protocol_a_rollv2_cv3,2030,3,5,7,7,3,4,12,margin_power0p25_base0p05,margin_power0p2_base0p025,0.5833333333333334,0.5833333333333334,0.0,0.0,99.0,0.4319666839977027,0.247851102560072,0.0,0.0
V2-T,V2M-two_stage_user_local_reranker-v1,protocol_a_rollv2_cv3,2030,3,5,6,6,5,1,5,margin_power0p25_base0p05,margin_power0p2_base0p025,0.0,0.0,0.0,0.0,92.5,0.29189554395038037,0.1814910822551951,0.0,0.0
V2-T,V2M-two_stage_user_local_reranker-v1,protocol_a_rollv2_cv3,2030,3,4,5,15,10,5,50,margin_power0p25_base0p05,margin_power0p2_base0p025,0.66,0.66,0.0,0.0,110.0,0.286984787397583,0.20754851682110453,0.0,0.0
V2-T,V2M-two_stage_user_local_reranker-v1,protocol_a_rollv2_cv3,2030,3,1,5,10,5,5,25,margin_power0p25_base0p05,margin_power0p2_base0p025,0.76,0.76,0.0,0.0,81.5,0.5842718276306076,0.24340254842556294,0.0,0.0
V2-T,V2M-two_stage_user_local_reranker-v1,protocol_a_rollv2_cv3,2030,3,0,3,15,4,11,44,margin_power0p25_base0p05,margin_power0p2_base0p025,0.5227272727272727,0.5227272727272727,0.0,0.0,109.0,0.6928469625560366,0.27922549334810004,0.0,0.0
V2-T,V2M-two_stage_user_local_reranker-v1,protocol_a_rollv2_cv3,2030,1,26,3,12,1,11,11,margin_power0p25_base0p05,margin_power0p2_base0p025,0.09090909090909094,0.09090909090909094,0.0,0.0,68.5,1.4398474601800595,0.4433237385600309,0.0,0.0
V2-T,V2M-two_stage_user_local_reranker-v1,protocol_a_rollv2_cv3,2030,1,21,3,13,4,9,36,margin_power0p25_base0p05,margin_power0p2_base0p025,0.8333333333333334,0.8333333333333334,0.0,0.0,76.0,0.6127973831503127,0.32409318198978193,0.0,0.0
V2-T,V2M-two_stage_user_local_reranker-v1,protocol_a_rollv2_cv3,2029,2,28,4,14,2,12,24,margin_power0p25_base0p05,margin_power0p2_base0p025,0.375,0.375,0.0,0.0,92.5,0.9697438697280283,0.35654552824454794,0.0,0.0
V2-T,V2M-two_stage_user_local_reranker-v1,protocol_a_rollv2_cv3,2029,3,13,4,14,1,13,13,margin_power0p25_base0p05,margin_power0p2_base0p025,0.6153846153846154,0.6153846153846154,0.0,0.0,102.5,0.5469523070084118,0.5657838074949805,0.0,0.0
V2-T,V2M-two_stage_user_local_reranker-v1,protocol_a_rollv2_cv3,2029,3,25,4,9,2,7,14,margin_power0p25_base0p05,margin_power0p2_base0p025,0.7142857142857142,0.7142857142857142,0.0,0.0,74.0,1.478817068789354,0.3275581894272864,0.0,0.0
V2-T,V2M-two_stage_user_local_reranker-v1,protocol_a_rollv2_cv3,2029,3,22,4,10,2,8,16,margin_power0p25_base0p05,margin_power0p2_base0p025,0.8125,0.8125,0.0,0.0,76.5,0.8273819777138125,0.4980908914849042,0.0,0.0
V2-T,V2M-two_stage_user_local_reranker-v1,protocol_a_rollv2_cv3,2029,3,21,4,14,2,12,24,margin_power0p25_base0p05,margin_power0p2_base0p025,1.0,1.0,0.0,0.0,103.5,0.44872443267726175,0.1994344621885601,0.0,0.0
V2-T,V2M-two_stage_user_local_reranker-v1,protocol_a_rollv2_cv3,2029,3,20,5,12,2,10,20,margin_power0p25_base0p05,margin_power0p2_base0p025,0.6,0.6,0.0,0.0,89.5,1.4414408455726178,0.26227380373129694,0.0,0.0
V2-T,V2M-two_stage_user_local_reranker-v1,protocol_a_rollv2_cv3,2029,3,19,5,11,2,9,18,margin_power0p25_base0p05,margin_power0p2_base0p025,0.6666666666666667,0.6666666666666667,0.0,0.0,81.0,0.6808997602015364,0.5793843124308027,0.0,0.0
V2-T,V2M-two_stage_user_local_reranker-v1,protocol_a_rollv2_cv3,2029,3,17,5,14,5,9,45,margin_power0p25_base0p05,margin_power0p2_base0p025,0.4888888888888889,0.4888888888888889,0.0,0.0,101.5,6.22562261168984,3.7129782167947214,0.0,0.0
V2-T,V2M-two_stage_user_local_reranker-v1,protocol_a_rollv2_cv3,2029,3,16,4,11,7,4,28,margin_power0p25_base0p05,margin_power0p2_base0p025,0.75,0.75,0.0,0.0,79.0,0.9518404013939136,0.421986940968848,0.0,0.0
V2-T,V2M-two_stage_user_local_reranker-v1,protocol_a_rollv2_cv3,2029,3,15,6,4,2,2,4,margin_power0p25_base0p05,margin_power0p2_base0p025,0.75,0.75,0.0,0.0,118.5,0.23798163737632977,0.06513195655976436,0.0,0.0
V2-T,V2M-two_stage_user_local_reranker-v1,protocol_a_rollv2_cv3,2029,3,15,5,11,4,7,28,margin_power0p25_base0p05,margin_power0p2_base0p025,0.6071428571428571,0.6071428571428571,0.0,0.0,111.0,0.3326417749500342,0.3448144552907673,0.0,0.0
V2-T,V2M-two_stage_user_local_reranker-v1,protocol_a_rollv2_cv3,2029,3,14,6,12,6,6,36,margin_power0p25_base0p05,margin_power0p2_base0p025,0.6666666666666666,0.6666666666666666,0.0,0.0,87.5,0.49085366771291744,0.3704012079518756,0.0,0.0
V2-T,V2M-two_stage_user_local_reranker-v1,protocol_a_rollv2_cv3,2029,3,11,6,12,7,5,35,margin_power0p25_base0p05,margin_power0p2_base0p025,0.6857142857142857,0.6857142857142857,0.0,0.0,98.5,0.8355205538693402,0.3189812207292956,0.0,0.0
V2-T,V2M-two_stage_user_local_reranker-v1,protocol_a_rollv2_cv3,2030,1,20,4,11,1,10,10,margin_power0p25_base0p05,margin_power0p2_base0p025,0.9,0.9,0.0,0.0,65.0,0.5981090457906049,0.17911431751011359,0.0,0.0
V2-T,V2M-two_stage_user_local_reranker-v1,protocol_a_rollv2_cv3,2029,3,9,4,2,1,1,1,margin_power0p25_base0p05,margin_power0p2_base0p025,1.0,1.0,0.0,0.0,76.5,0.13384293777885015,0.007530157854539754,0.0,0.0
V2-T,V2M-two_stage_user_local_reranker-v1,protocol_a_rollv2_cv3,2029,3,8,5,8,2,6,12,margin_power0p25_base0p05,margin_power0p2_base0p025,0.7500000000000001,0.7500000000000001,0.0,0.0,99.5,0.29514383222291535,0.2616320624313675,0.0,0.0
V2-T,V2M-two_stage_user_local_reranker-v1,protocol_a_rollv2_cv3,2029,3,6,2,4,3,1,3,margin_power0p25_base0p05,margin_power0p2_base0p025,1.0,1.0,0.0,0.0,30.5,0.444521273542884,0.4396910815706052,0.0,0.0
V2-T,V2M-two_stage_user_local_reranker-v1,protocol_a_rollv2_cv3,2029,3,5,6,6,5,1,5,margin_power0p25_base0p05,margin_power0p2_base0p025,0.4,0.4,0.0,0.0,92.5,0.42633342147134956,0.1814910822551951,0.0,0.0
V2-T,V2M-two_stage_user_local_reranker-v1,protocol_a_rollv2_cv3,2029,3,3,4,11,9,2,18,margin_power0p25_base0p05,margin_power0p2_base0p025,0.8333333333333333,0.8333333333333333,0.0,0.0,83.0,0.23111546961160911,0.18003674039375328,0.0,0.0
V2-T,V2M-two_stage_user_local_reranker-v1,protocol_a_rollv2_cv3,2029,3,2,4,14,4,10,40,margin_power0p25_base0p05,margin_power0p2_base0p025,0.7,0.7,0.0,0.0,105.5,0.7008391060084164,0.27945227440537496,0.0,0.0
V2-T,V2M-two_stage_user_local_reranker-v1,protocol_a_rollv2_cv3,2029,3,1,5,10,5,5,25,margin_power0p25_base0p05,margin_power0p2_base0p025,0.92,0.92,0.0,0.0,81.5,0.4351318245579908,0.24340254842556294,0.0,0.0
V2-T,V2M-two_stage_user_local_reranker-v1,protocol_a_rollv2_cv3,2029,3,0,3,15,4,11,44,margin_power0p25_base0p05,margin_power0p2_base0p025,0.6363636363636364,0.6363636363636364,0.0,0.0,109.0,0.5524048643475857,0.27922549334810004,0.0,0.0
V2-T,V2M-two_stage_user_local_reranker-v1,protocol_a_rollv2_cv3,2029,2,29,5,5,2,3,6,margin_power0p25_base0p05,margin_power0p2_base0p025,0.6666666666666667,0.6666666666666667,0.0,0.0,61.0,0.3851382091285794,0.3974359761333643,0.0,0.0
V2-T,V2M-two_stage_user_local_reranker-v1,protocol_a_rollv2_cv3,2029,2,29,4,4,1,3,3,margin_power0p25_base0p05,margin_power0p2_base0p025,1.0,1.0,0.0,0.0,56.5,2.406662492835555,2.2826791488926204,0.0,0.0
V2-T,V2M-two_stage_user_local_reranker-v1,protocol_a_rollv2_cv3,2029,3,27,4,10,5,5,25,margin_power0p25_base0p05,margin_power0p2_base0p025,0.6,0.6,0.0,0.0,76.5,0.672406154179958,0.45533065245643317,0.0,0.0
V2-T,V2M-two_stage_user_local_reranker-v1,protocol_a_rollv2_cv3,2029,3,29,5,9,3,6,18,margin_power0p25_base0p05,margin_power0p2_base0p025,0.8333333333333334,0.8333333333333334,0.0,0.0,68.0,0.6855969957532292,0.5519602487663189,0.0,0.0
V2-T,V2M-two_stage_user_local_reranker-v1,protocol_a_rollv2_cv3,2030,1,0,2,15,6,9,54,margin_power0p25_base0p05,margin_power0p2_base0p025,0.42592592592592593,0.42592592592592593,0.0,0.0,80.0,2.314141165697123,0.3302108748921972,0.0,0.0
V2-T,V2M-two_stage_user_local_reranker-v1,protocol_a_rollv2_cv3,2030,1,1,4,11,4,7,28,margin_power0p25_base0p05,margin_power0p2_base0p025,0.7857142857142857,0.7857142857142857,0.0,0.0,59.0,1.2522384083058573,0.4057152827925604,0.0,0.0
V2-T,V2M-two_stage_user_local_reranker-v1,protocol_a_rollv2_cv3,2030,1,19,4,11,3,8,24,margin_power0p25_base0p05,margin_power0p2_base0p025,0.75,0.75,0.0,0.0,59.0,1.5406817561535793,0.3207339295310335,0.0,0.0
V2-T,V2M-two_stage_user_local_reranker-v1,protocol_a_rollv2_cv3,2030,1,16,3,5,4,1,4,margin_power0p25_base0p05,margin_power0p2_base0p025,0.75,0.75,0.0,0.0,60.0,0.5592696375538906,0.23428198796980246,0.0,0.0
V2-T,V2M-two_stage_user_local_reranker-v1,protocol_a_rollv2_cv3,2030,1,16,2,5,1,4,4,margin_power0p25_base0p05,margin_power0p2_base0p025,0.25,0.25,0.0,0.0,55.0,0.3817017261961767,0.3204466529177645,0.0,0.0
V2-T,V2M-two_stage_user_local_reranker-v1,protocol_a_rollv2_cv3,2030,1,15,4,15,7,8,56,margin_power0p25_base0p05,margin_power0p2_base0p025,0.7678571428571428,0.7678571428571428,0.0,0.0,83.0,1.5329470897609974,0.411500871842443,0.0,0.0
V2-T,V2M-two_stage_user_local_reranker-v1,protocol_a_rollv2_cv3,2030,1,14,5,5,4,1,4,margin_power0p25_base0p05,margin_power0p2_base0p025,0.75,0.75,0.0,0.0,67.0,0.6662207964917368,0.25715479499253907,0.0,0.0
V2-T,V2M-two_stage_user_local_reranker-v1,protocol_a_rollv2_cv3,2030,1,14,4,6,1,5,5,margin_power0p25_base0p05,margin_power0p2_base0p025,1.0,1.0,0.0,0.0,61.5,0.9878174143953496,0.24083961818809246,0.0,0.0
V2-T,V2M-two_stage_user_local_reranker-v1,protocol_a_rollv2_cv3,2030,1,13,3,13,3,10,30,margin_power0p25_base0p05,margin_power0p2_base0p025,0.5,0.5,0.0,0.0,75.0,3.7325532673572654,0.43463261543938553,0.0,0.0
V2-T,V2M-two_stage_user_local_reranker-v1,protocol_a_rollv2_cv3,2030,1,12,4,3,2,1,2,margin_power0p25_base0p05,margin_power0p2_base0p025,1.0,1.0,0.0,0.0,71.0,0.3924064681157667,0.21639096221667284,0.0,0.0
V2-T,V2M-two_stage_user_local_reranker-v1,protocol_a_rollv2_cv3,2030,1,12,3,9,2,7,14,margin_power0p25_base0p05,margin_power0p2_base0p025,1.0,1.0,0.0,0.0,65.0,1.7301852835570881,0.594333370972621,0.0,0.0
V2-T,V2M-two_stage_user_local_reranker-v1,protocol_a_rollv2_cv3,2030,1,11,5,10,9,1,9,margin_power0p25_base0p05,margin_power0p2_base0p025,1.0,1.0,0.0,0.0,73.5,1.5951131917644483,0.29024516980216086,0.0,0.0
V2-T,V2M-two_stage_user_local_reranker-v1,protocol_a_rollv2_cv3,2030,1,10,3,10,8,2,16,margin_power0p25_base0p05,margin_power0p2_base0p025,0.9375,0.9375,0.0,0.0,65.5,0.7699605885966008,0.2543427329562645,0.0,0.0
V2-T,V2M-two_stage_user_local_reranker-v1,protocol_a_rollv2_cv3,2030,1,9,4,6,2,4,8,margin_power0p25_base0p05,margin_power0p2_base0p025,0.875,0.875,0.0,0.0,61.5,0.4394285576205613,0.23722022994101036,0.0,0.0
V2-T,V2M-two_stage_user_local_reranker-v1,protocol_a_rollv2_cv3,2030,1,9,3,5,1,4,4,margin_power0p25_base0p05,margin_power0p2_base0p025,1.0,1.0,0.0,0.0,56.0,0.8235281705274007,0.1285970809238212,0.0,0.0
V2-T,V2M-two_stage_user_local_reranker-v1,protocol_a_rollv2_cv3,2030,1,8,4,5,1,4,4,margin_power0p25_base0p05,margin_power0p2_base0p025,0.75,0.75,0.0,0.0,75.0,1.3612303371803773,0.5106685458764089,0.0,0.0
V2-T,V2M-two_stage_user_local_reranker-v1,protocol_a_rollv2_cv3,2030,1,8,3,8,6,2,12,margin_power0p25_base0p05,margin_power0p2_base0p025,0.41666666666666663,0.41666666666666663,0.0,0.0,68.5,1.0823602968194077,0.37559568257091364,0.0,0.0
V2-T,V2M-two_stage_user_local_reranker-v1,protocol_a_rollv2_cv3,2030,1,7,4,13,5,8,40,margin_power0p25_base0p05,margin_power0p2_base0p025,0.7000000000000001,0.7000000000000001,0.0,0.0,71.0,0.4513220616142426,0.21088786144756838,0.0,0.0
V2-T,V2M-two_stage_user_local_reranker-v1,protocol_a_rollv2_cv3,2030,1,5,5,9,4,5,20,margin_power0p25_base0p05,margin_power0p2_base0p025,0.5,0.5,0.0,0.0,72.0,0.6761105806909984,0.15873030342296546,0.0,0.0
V2-T,V2M-two_stage_user_local_reranker-v1,protocol_a_rollv2_cv3,2030,1,4,4,14,10,4,40,margin_power0p25_base0p05,margin_power0p2_base0p025,0.95,0.95,0.0,0.0,80.5,1.3259597704868558,0.5297006997400051,0.0,0.0
V2-T,V2M-two_stage_user_local_reranker-v1,protocol_a_rollv2_cv3,2030,1,3,3,3,1,2,2,margin_power0p25_base0p05,margin_power0p2_base0p025,1.0,1.0,0.0,0.0,57.0,0.21705578213273707,0.3052014739621279,0.0,0.0
V2-T,V2M-two_stage_user_local_reranker-v1,protocol_a_rollv2_cv3,2030,1,2,4,4,2,2,4,margin_power0p25_base0p05,margin_power0p2_base0p025,0.75,0.75,0.0,0.0,82.5,1.3309180077340648,0.6439757453846972,0.0,0.0
V2-T,V2M-two_stage_user_local_reranker-v1,protocol_a_rollv2_cv3,2030,1,2,3,10,1,9,9,margin_power0p25_base0p05,margin_power0p2_base0p025,1.0,1.0,0.0,0.0,75.5,1.121499314486099,0.5356532724080472,0.0,0.0
V2-T,V2M-two_stage_user_local_reranker-v1,protocol_a_rollv2_cv3,2029,3,8,4,5,1,4,4,margin_power0p25_base0p05,margin_power0p2_base0p025,0.5,0.5,0.0,0.0,93.0,0.9792420812825307,0.488132378031101,0.0,0.0
V2-T,V2M-two_stage_user_local_reranker-v1,protocol_a_rollv2_cv3,2028,2,11,5,13,10,3,30,margin_power0p25_base0p05,margin_power0p2_base0p025,0.7333333333333334,0.7333333333333334,0.0,0.0,85.0,0.5409084636711735,0.1265277694554145,0.0,0.0
V2-T,V2M-two_stage_user_local_reranker-v1,protocol_a_rollv2_cv3,2027,1,21,3,13,4,9,36,margin_power0p25_base0p05,margin_power0p2_base0p025,0.8611111111111112,0.8611111111111112,0.0,0.0,76.0,0.6730566364475652,0.32409318198978193,0.0,0.0
V2-T,V2M-two_stage_user_local_reranker-v1,protocol_a_rollv2_cv3,2026,1,28,4,10,1,9,9,margin_power0p25_base0p05,margin_power0p2_base0p025,0.5555555555555556,0.5555555555555556,0.0,0.0,80.5,0.7282058501068648,0.5915619900661507,0.0,0.0
V2-T,V2M-two_stage_user_local_reranker-v1,protocol_a_rollv2_cv3,2027,1,16,2,5,1,4,4,margin_power0p25_base0p05,margin_power0p2_base0p025,0.25,0.25,0.0,0.0,55.0,0.2841939007448777,0.3204466529177645,0.0,0.0
V2-T,V2M-two_stage_user_local_reranker-v1,protocol_a_rollv2_cv3,2026,1,19,4,11,3,8,24,margin_power0p25_base0p05,margin_power0p2_base0p025,0.75,0.75,0.0,0.0,59.0,1.8858793976595365,0.3207339295310335,0.0,0.0
V2-T,V2M-two_stage_user_local_reranker-v1,protocol_a_rollv2_cv3,2027,1,15,4,15,7,8,56,margin_power0p25_base0p05,margin_power0p2_base0p025,0.7678571428571428,0.7678571428571428,0.0,0.0,83.0,1.6614938167900564,0.411500871842443,0.0,0.0
V2-T,V2M-two_stage_user_local_reranker-v1,protocol_a_rollv2_cv3,2027,1,14,4,6,1,5,5,margin_power0p25_base0p05,margin_power0p2_base0p025,1.0,1.0,0.0,0.0,61.5,1.2656194646334735,0.24083961818809246,0.0,0.0
V2-T,V2M-two_stage_user_local_reranker-v1,protocol_a_rollv2_cv3,2026,1,20,4,11,1,10,10,margin_power0p25_base0p05,margin_power0p2_base0p025,0.9,0.9,0.0,0.0,65.0,0.8803124947046272,0.17911431751011359,0.0,0.0
V2-T,V2M-two_stage_user_local_reranker-v1,protocol_a_rollv2_cv3,2027,1,12,4,3,2,1,2,margin_power0p25_base0p05,margin_power0p2_base0p025,1.0,1.0,0.0,0.0,71.0,0.37231639213803724,0.21639096221667284,0.0,0.0
V2-T,V2M-two_stage_user_local_reranker-v1,protocol_a_rollv2_cv3,2027,1,12,3,9,2,7,14,margin_power0p25_base0p05,margin_power0p2_base0p025,1.0,1.0,0.0,0.0,65.0,1.8939048763472695,0.594333370972621,0.0,0.0
V2-T,V2M-two_stage_user_local_reranker-v1,protocol_a_rollv2_cv3,2027,1,11,5,10,9,1,9,margin_power0p25_base0p05,margin_power0p2_base0p025,0.8888888888888888,0.8888888888888888,0.0,0.0,73.5,1.47458433883503,0.29024516980216086,0.0,0.0
V2-T,V2M-two_stage_user_local_reranker-v1,protocol_a_rollv2_cv3,2027,1,10,3,10,8,2,16,margin_power0p25_base0p05,margin_power0p2_base0p025,1.0,1.0,0.0,0.0,65.5,0.5884760408462816,0.2543427329562645,0.0,0.0
V2-T,V2M-two_stage_user_local_reranker-v1,protocol_a_rollv2_cv3,2027,1,9,4,6,2,4,8,margin_power0p25_base0p05,margin_power0p2_base0p025,0.75,0.75,0.0,0.0,61.5,0.6952043517984874,0.23722022994101036,0.0,0.0
V2-T,V2M-two_stage_user_local_reranker-v1,protocol_a_rollv2_cv3,2027,1,9,3,5,1,4,4,margin_power0p25_base0p05,margin_power0p2_base0p025,1.0,1.0,0.0,0.0,56.0,0.9600385097942501,0.1285970809238212,0.0,0.0
V2-T,V2M-two_stage_user_local_reranker-v1,protocol_a_rollv2_cv3,2027,1,8,4,5,1,4,4,margin_power0p25_base0p05,margin_power0p2_base0p025,0.75,0.75,0.0,0.0,75.0,1.402760786540668,0.5106685458764089,0.0,0.0
V2-T,V2M-two_stage_user_local_reranker-v1,protocol_a_rollv2_cv3,2027,1,8,3,8,6,2,12,margin_power0p25_base0p05,margin_power0p2_base0p025,0.41666666666666663,0.41666666666666663,0.0,0.0,68.5,1.1804820314586169,0.37559568257091364,0.0,0.0
V2-T,V2M-two_stage_user_local_reranker-v1,protocol_a_rollv2_cv3,2027,1,7,4,13,5,8,40,margin_power0p25_base0p05,margin_power0p2_base0p025,0.65,0.65,0.0,0.0,71.0,0.5147468134350024,0.21088786144756838,0.0,0.0
V2-T,V2M-two_stage_user_local_reranker-v1,protocol_a_rollv2_cv3,2027,1,5,5,9,4,5,20,margin_power0p25_base0p05,margin_power0p2_base0p025,0.44999999999999996,0.44999999999999996,0.0,0.0,72.0,0.6379706526479926,0.15873030342296546,0.0,0.0
V2-T,V2M-two_stage_user_local_reranker-v1,protocol_a_rollv2_cv3,2027,1,4,4,14,10,4,40,margin_power0p25_base0p05,margin_power0p2_base0p025,0.95,0.95,0.0,0.0,80.5,1.5685746601904498,0.5297006997400051,0.0,0.0
V2-T,V2M-two_stage_user_local_reranker-v1,protocol_a_rollv2_cv3,2027,1,3,3,3,1,2,2,margin_power0p25_base0p05,margin_power0p2_base0p025,1.0,1.0,0.0,0.0,57.0,0.18680636136708076,0.3052014739621279,0.0,0.0
V2-T,V2M-two_stage_user_local_reranker-v1,protocol_a_rollv2_cv3,2027,1,2,4,4,2,2,4,margin_power0p25_base0p05,margin_power0p2_base0p025,0.75,0.75,0.0,0.0,82.5,1.3180130092572175,0.6439757453846972,0.0,0.0
V2-T,V2M-two_stage_user_local_reranker-v1,protocol_a_rollv2_cv3,2027,1,1,4,11,4,7,28,margin_power0p25_base0p05,margin_power0p2_base0p025,0.8928571428571428,0.8928571428571428,0.0,0.0,59.0,1.499290159431677,0.4057152827925604,0.0,0.0
V2-T,V2M-two_stage_user_local_reranker-v1,protocol_a_rollv2_cv3,2027,1,0,2,15,6,9,54,margin_power0p25_base0p05,margin_power0p2_base0p025,0.4444444444444445,0.4444444444444445,0.0,0.0,80.0,3.0640412966617845,0.3302108748921972,0.0,0.0
V2-T,V2M-two_stage_user_local_reranker-v1,protocol_a_rollv2_cv3,2026,3,29,5,9,3,6,18,margin_power0p25_base0p05,margin_power0p2_base0p025,1.0,1.0,0.0,0.0,68.0,0.9220107346641957,0.5519602487663189,0.0,0.0
V2-T,V2M-two_stage_user_local_reranker-v1,protocol_a_rollv2_cv3,2026,1,18,5,13,5,8,40,margin_power0p25_base0p05,margin_power0p2_base0p025,0.7250000000000001,0.7250000000000001,0.0,0.0,73.0,0.726302713692247,0.2435736234931037,0.0,0.0
V2-T,V2M-two_stage_user_local_reranker-v1,protocol_a_rollv2_cv3,2026,1,17,4,14,4,10,40,margin_power0p25_base0p05,margin_power0p2_base0p025,0.85,0.85,0.0,0.0,74.5,1.1791706332703933,0.37817430649613726,0.0,0.0
V2-T,V2M-two_stage_user_local_reranker-v1,protocol_a_rollv2_cv3,2027,1,16,3,5,4,1,4,margin_power0p25_base0p05,margin_power0p2_base0p025,1.0,1.0,0.0,0.0,60.0,0.41552135100138965,0.23428198796980246,0.0,0.0
V2-T,V2M-two_stage_user_local_reranker-v1,protocol_a_rollv2_cv3,2027,1,29,4,6,2,4,8,margin_power0p25_base0p05,margin_power0p2_base0p025,0.5,0.5,0.0,0.0,51.5,0.5715167852087195,0.25963242668161013,0.0,0.0
V2-T,V2M-two_stage_user_local_reranker-v1,protocol_a_rollv2_cv3,2027,2,9,4,11,3,8,24,margin_power0p25_base0p05,margin_power0p2_base0p025,0.6666666666666666,0.6666666666666666,0.0,0.0,70.0,1.4776250658020318,0.39032622786382504,0.0,0.0
V2-T,V2M-two_stage_user_local_reranker-v1,protocol_a_rollv2_cv3,2027,2,8,4,13,4,9,36,margin_power0p25_base0p05,margin_power0p2_base0p025,0.6111111111111112,0.6111111111111112,0.0,0.0,84.0,0.8666980002338932,0.3587906008798059,0.0,0.0
V2-T,V2M-two_stage_user_local_reranker-v1,protocol_a_rollv2_cv3,2026,1,16,2,5,1,4,4,margin_power0p25_base0p05,margin_power0p2_base0p025,0.25,0.25,0.0,0.0,55.0,0.29397473519825734,0.3204466529177645,0.0,0.0
V2-T,V2M-two_stage_user_local_reranker-v1,protocol_a_rollv2_cv3,2027,2,5,6,11,4,7,28,margin_power0p25_base0p05,margin_power0p2_base0p025,0.6428571428571429,0.6428571428571429,0.0,0.0,84.0,0.8328699147472409,0.16239979585427405,0.0,0.0
V2-T,V2M-two_stage_user_local_reranker-v1,protocol_a_rollv2_cv3,2027,2,4,4,11,6,5,30,margin_power0p25_base0p05,margin_power0p2_base0p025,0.8,0.8,0.0,0.0,93.0,1.1057525814572964,0.35980059468781284,0.0,0.0
V2-T,V2M-two_stage_user_local_reranker-v1,protocol_a_rollv2_cv3,2027,2,3,4,11,8,3,24,margin_power0p25_base0p05,margin_power0p2_base0p025,0.5833333333333334,0.5833333333333334,0.0,0.0,72.0,0.46128717341460856,0.2388294545368131,0.0,0.0
V2-T,V2M-two_stage_user_local_reranker-v1,protocol_a_rollv2_cv3,2027,2,2,4,14,2,12,24,margin_power0p25_base0p05,margin_power0p2_base0p025,0.7916666666666666,0.7916666666666666,0.0,0.0,91.5,1.200356635745902,0.6365526328452942,0.0,0.0
V2-T,V2M-two_stage_user_local_reranker-v1,protocol_a_rollv2_cv3,2027,2,0,3,6,4,2,8,margin_power0p25_base0p05,margin_power0p2_base0p025,0.5,0.5,0.0,0.0,98.5,1.1707391804698766,0.16587123251649244,0.0,0.0
V2-T,V2M-two_stage_user_local_reranker-v1,protocol_a_rollv2_cv3,2027,2,0,2,8,2,6,12,margin_power0p25_base0p05,margin_power0p2_base0p025,0.4166666666666667,0.4166666666666667,0.0,0.0,91.5,0.7013492619812596,0.35953701623839124,0.0,0.0
V2-T,V2M-two_stage_user_local_reranker-v1,protocol_a_rollv2_cv3,2027,1,28,4,10,1,9,9,margin_power0p25_base0p05,margin_power0p2_base0p025,0.7777777777777778,0.7777777777777778,0.0,0.0,80.5,0.5642447186273635,0.5915619900661507,0.0,0.0
V2-T,V2M-two_stage_user_local_reranker-v1,protocol_a_rollv2_cv3,2027,1,17,4,14,4,10,40,margin_power0p25_base0p05,margin_power0p2_base0p025,0.825,0.825,0.0,0.0,74.5,1.2650018777022765,0.37817430649613726,0.0,0.0
V2-T,V2M-two_stage_user_local_reranker-v1,protocol_a_rollv2_cv3,2027,1,28,3,4,1,3,3,margin_power0p25_base0p05,margin_power0p2_base0p025,1.0,1.0,0.0,0.0,73.5,0.26275918686273697,0.08845412432047532,0.0,0.0
V2-T,V2M-two_stage_user_local_reranker-v1,protocol_a_rollv2_cv3,2027,1,27,3,10,5,5,25,margin_power0p25_base0p05,margin_power0p2_base0p025,0.8,0.8,0.0,0.0,56.5,0.808176766093746,0.34304771610130247,0.0,0.0
V2-T,V2M-two_stage_user_local_reranker-v1,protocol_a_rollv2_cv3,2026,1,16,3,5,4,1,4,margin_power0p25_base0p05,margin_power0p2_base0p025,1.0,1.0,0.0,0.0,60.0,0.320472277402829,0.23428198796980246,0.0,0.0
V2-T,V2M-two_stage_user_local_reranker-v1,protocol_a_rollv2_cv3,2027,1,23,2,3,1,2,2,margin_power0p25_base0p05,margin_power0p2_base0p025,0.5,0.5,0.0,0.0,46.0,0.3353705486687145,0.3183693618758487,0.0,0.0
V2-T,V2M-two_stage_user_local_reranker-v1,protocol_a_rollv2_cv3,2027,1,22,4,10,1,9,9,margin_power0p25_base0p05,margin_power0p2_base0p025,0.6666666666666667,0.6666666666666667,0.0,0.0,56.5,0.8070097024181478,0.41231013992016424,0.0,0.0
V2-T,V2M-two_stage_user_local_reranker-v1,protocol_a_rollv2_cv3,2026,1,1,4,11,4,7,28,margin_power0p25_base0p05,margin_power0p2_base0p025,0.7499999999999999,0.7499999999999999,0.0,0.0,59.0,1.2682365591071827,0.4057152827925604,0.0,0.0
V2-T,V2M-two_stage_user_local_reranker-v1,protocol_a_rollv2_cv3,2027,1,20,4,11,1,10,10,margin_power0p25_base0p05,margin_power0p2_base0p025,1.0,1.0,0.0,0.0,65.0,0.8389525453356801,0.17911431751011359,0.0,0.0
V2-T,V2M-two_stage_user_local_reranker-v1,protocol_a_rollv2_cv3,2027,1,19,4,11,3,8,24,margin_power0p25_base0p05,margin_power0p2_base0p025,0.7916666666666666,0.7916666666666666,0.0,0.0,59.0,1.705109787603995,0.3207339295310335,0.0,0.0
V2-T,V2M-two_stage_user_local_reranker-v1,protocol_a_rollv2_cv3,2027,1,18,5,13,5,8,40,margin_power0p25_base0p05,margin_power0p2_base0p025,0.775,0.775,0.0,0.0,73.0,0.7377707552910845,0.2435736234931037,0.0,0.0
V2-T,V2M-two_stage_user_local_reranker-v1,protocol_a_rollv2_cv3,2026,3,27,4,10,5,5,25,margin_power0p25_base0p05,margin_power0p2_base0p025,0.48000000000000004,0.48000000000000004,0.0,0.0,76.5,0.9746062925340481,0.45533065245643317,0.0,0.0
V2-T,V2M-two_stage_user_local_reranker-v1,protocol_a_rollv2_cv3,2026,3,25,4,9,2,7,14,margin_power0p25_base0p05,margin_power0p2_base0p025,0.7142857142857142,0.7142857142857142,0.0,0.0,74.0,1.6238287229302362,0.3275581894272864,0.0,0.0
V2-T,V2M-two_stage_user_local_reranker-v1,protocol_a_rollv2_cv3,2026,3,22,4,10,2,8,16,margin_power0p25_base0p05,margin_power0p2_base0p025,0.75,0.75,0.0,0.0,76.5,0.9578966961217898,0.4980908914849042,0.0,0.0
V2-T,V2M-two_stage_user_local_reranker-v1,protocol_a_rollv2_cv3,2026,1,26,3,12,1,11,11,margin_power0p25_base0p05,margin_power0p2_base0p025,0.09090909090909094,0.09090909090909094,0.0,0.0,68.5,1.196885451439481,0.4433237385600309,0.0,0.0
V2-T,V2M-two_stage_user_local_reranker-v1,protocol_a_rollv2_cv3,2026,2,21,3,4,1,3,3,margin_power0p25_base0p05,margin_power0p2_base0p025,0.6666666666666667,0.6666666666666667,0.0,0.0,84.5,0.1974207741516762,0.18974121688470244,0.0,0.0
V2-T,V2M-two_stage_user_local_reranker-v1,protocol_a_rollv2_cv3,2026,2,20,5,12,1,11,11,margin_power0p25_base0p05,margin_power0p2_base0p025,0.9090909090909091,0.9090909090909091,0.0,0.0,77.5,0.8423495756011624,0.28753615998489623,0.0,0.0
V2-T,V2M-two_stage_user_local_reranker-v1,protocol_a_rollv2_cv3,2026,2,19,4,8,2,6,12,margin_power0p25_base0p05,margin_power0p2_base0p025,0.7500000000000001,0.7500000000000001,0.0,0.0,68.5,1.2306094922157564,0.4005270565320774,0.0,0.0
V2-T,V2M-two_stage_user_local_reranker-v1,protocol_a_rollv2_cv3,2026,2,18,5,14,2,12,24,margin_power0p25_base0p05,margin_power0p2_base0p025,0.5833333333333333,0.5833333333333333,0.0,0.0,86.5,0.4994173365947155,0.28943642902886735,0.0,0.0
V2-T,V2M-two_stage_user_local_reranker-v1,protocol_a_rollv2_cv3,2026,1,23,2,3,1,2,2,margin_power0p25_base0p05,margin_power0p2_base0p025,0.5,0.5,0.0,0.0,46.0,0.45101931468756834,0.3183693618758487,0.0,0.0
V2-T,V2M-two_stage_user_local_reranker-v1,protocol_a_rollv2_cv3,2026,2,17,5,4,2,2,4,margin_power0p25_base0p05,margin_power0p2_base0p025,0.25,0.25,0.0,0.0,92.5,0.617068772910051,0.1840447287135557,0.0,0.0
V2-T,V2M-two_stage_user_local_reranker-v1,protocol_a_rollv2_cv3,2026,2,17,4,9,2,7,14,margin_power0p25_base0p05,margin_power0p2_base0p025,0.5,0.5,0.0,0.0,86.0,0.8770610041369888,0.406699450970854,0.0,0.0
V2-T,V2M-two_stage_user_local_reranker-v1,protocol_a_rollv2_cv3,2026,2,16,3,8,7,1,7,margin_power0p25_base0p05,margin_power0p2_base0p025,0.2857142857142857,0.2857142857142857,0.0,0.0,66.5,0.9723974503526319,0.2727416721615332,0.0,0.0
V2-T,V2M-two_stage_user_local_reranker-v1,protocol_a_rollv2_cv3,2026,1,24,2,8,2,6,12,margin_power0p25_base0p05,margin_power0p2_base0p025,0.5833333333333333,0.5833333333333333,0.0,0.0,49.5,0.5191406857077826,0.27307782401628017,0.0,0.0
V2-T,V2M-two_stage_user_local_reranker-v1,protocol_a_rollv2_cv3,2026,2,11,5,13,10,3,30,margin_power0p25_base0p05,margin_power0p2_base0p025,0.6666666666666667,0.6666666666666667,0.0,0.0,85.0,0.5895131116836587,0.1265277694554145,0.0,0.0
V2-T,V2M-two_stage_user_local_reranker-v1,protocol_a_rollv2_cv3,2026,2,22,4,10,2,8,16,margin_power0p25_base0p05,margin_power0p2_base0p025,0.75,0.75,0.0,0.0,66.5,0.9826424612308955,0.412161620075989,0.0,0.0
V2-T,V2M-two_stage_user_local_reranker-v1,protocol_a_rollv2_cv3,2026,2,10,3,11,10,1,10,margin_power0p25_base0p05,margin_power0p2_base0p025,0.4,0.4,0.0,0.0,76.0,0.6728047268370971,0.3643021396074225,0.0,0.0
V2-T,V2M-two_stage_user_local_reranker-v1,protocol_a_rollv2_cv3,2026,2,8,4,13,4,9,36,margin_power0p25_base0p05,margin_power0p2_base0p025,0.6944444444444444,0.6944444444444444,0.0,0.0,84.0,0.9615292631551713,0.3587906008798059,0.0,0.0
V2-T,V2M-two_stage_user_local_reranker-v1,protocol_a_rollv2_cv3,2026,2,7,4,8,2,6,12,margin_power0p25_base0p05,margin_power0p2_base0p025,0.6666666666666667,0.6666666666666667,0.0,0.0,81.5,0.5600533659998589,0.16301936481765258,0.0,0.0
V2-T,V2M-two_stage_user_local_reranker-v1,protocol_a_rollv2_cv3,2026,2,5,6,11,4,7,28,margin_power0p25_base0p05,margin_power0p2_base0p025,0.5,0.5,0.0,0.0,84.0,1.3080692866691348,0.16239979585427405,0.0,0.0
V2-T,V2M-two_stage_user_local_reranker-v1,protocol_a_rollv2_cv3,2026,2,4,4,11,6,5,30,margin_power0p25_base0p05,margin_power0p2_base0p025,0.8,0.8,0.0,0.0,93.0,1.2869885775175012,0.35980059468781284,0.0,0.0
V2-T,V2M-two_stage_user_local_reranker-v1,protocol_a_rollv2_cv3,2026,1,28,3,4,1,3,3,margin_power0p25_base0p05,margin_power0p2_base0p025,1.0,1.0,0.0,0.0,73.5,0.2358380906002196,0.08845412432047532,0.0,0.0
V2-T,V2M-two_stage_user_local_reranker-v1,protocol_a_rollv2_cv3,2026,2,2,4,14,2,12,24,margin_power0p25_base0p05,margin_power0p2_base0p025,0.75,0.75,0.0,0.0,91.5,1.434569221840757,0.6365526328452942,0.0,0.0
V2-T,V2M-two_stage_user_local_reranker-v1,protocol_a_rollv2_cv3,2026,2,1,4,11,6,5,30,margin_power0p25_base0p05,margin_power0p2_base0p025,0.7,0.7,0.0,0.0,70.0,1.5859986092346188,0.4987413356422464,0.0,0.0
V2-T,V2M-two_stage_user_local_reranker-v1,protocol_a_rollv2_cv3,2026,2,0,3,6,4,2,8,margin_power0p25_base0p05,margin_power0p2_base0p025,0.5,0.5,0.0,0.0,98.5,1.0521988035555998,0.16587123251649244,0.0,0.0
V2-T,V2M-two_stage_user_local_reranker-v1,protocol_a_rollv2_cv3,2026,2,21,4,10,3,7,21,margin_power0p25_base0p05,margin_power0p2_base0p025,1.0,1.0,0.0,0.0,91.5,0.5583079613587607,0.31963030441283613,0.0,0.0
V2-T,V2M-two_stage_user_local_reranker-v1,protocol_a_rollv2_cv3,2026,2,23,3,9,1,8,8,margin_power0p25_base0p05,margin_power0p2_base0p025,1.0,1.0,0.0,0.0,58.0,0.24639448703129546,0.250824655778349,0.0,0.0
V2-T,V2M-two_stage_user_local_reranker-v1,protocol_a_rollv2_cv3,2026,3,21,4,14,2,12,24,margin_power0p25_base0p05,margin_power0p2_base0p025,1.0,1.0,0.0,0.0,103.5,0.47872584243478455,0.1994344621885601,0.0,0.0
V2-T,V2M-two_stage_user_local_reranker-v1,protocol_a_rollv2_cv3,2026,3,9,5,9,3,6,18,margin_power0p25_base0p05,margin_power0p2_base0p025,0.27777777777777773,0.27777777777777773,0.0,0.0,82.0,0.4081047109729638,0.41459596643081903,0.0,0.0
V2-T,V2M-two_stage_user_local_reranker-v1,protocol_a_rollv2_cv3,2026,3,20,5,12,2,10,20,margin_power0p25_base0p05,margin_power0p2_base0p025,0.6,0.6,0.0,0.0,89.5,1.540541684122818,0.26227380373129694,0.0,0.0
V2-T,V2M-two_stage_user_local_reranker-v1,protocol_a_rollv2_cv3,2026,3,19,5,11,2,9,18,margin_power0p25_base0p05,margin_power0p2_base0p025,0.6666666666666667,0.6666666666666667,0.0,0.0,81.0,0.9305764300301264,0.5793843124308027,0.0,0.0
V2-T,V2M-two_stage_user_local_reranker-v1,protocol_a_rollv2_cv3,2026,3,17,5,14,5,9,45,margin_power0p25_base0p05,margin_power0p2_base0p025,0.4222222222222222,0.4222222222222222,0.0,0.0,101.5,7.619560096450961,3.7129782167947214,0.0,0.0
V2-T,V2M-two_stage_user_local_reranker-v1,protocol_a_rollv2_cv3,2026,3,16,4,11,7,4,28,margin_power0p25_base0p05,margin_power0p2_base0p025,0.7142857142857143,0.7142857142857143,0.0,0.0,79.0,0.8509199708986069,0.421986940968848,0.0,0.0
V2-T,V2M-two_stage_user_local_reranker-v1,protocol_a_rollv2_cv3,2026,3,15,6,4,2,2,4,margin_power0p25_base0p05,margin_power0p2_base0p025,0.25,0.25,0.0,0.0,118.5,0.12199266368552202,0.06513195655976436,0.0,0.0
V2-T,V2M-two_stage_user_local_reranker-v1,protocol_a_rollv2_cv3,2026,3,15,5,11,4,7,28,margin_power0p25_base0p05,margin_power0p2_base0p025,0.6071428571428572,0.6071428571428572,0.0,0.0,111.0,0.49378119016824007,0.3448144552907673,0.0,0.0
V2-T,V2M-two_stage_user_local_reranker-v1,protocol_a_rollv2_cv3,2026,3,13,4,14,1,13,13,margin_power0p25_base0p05,margin_power0p2_base0p025,0.6923076923076923,0.6923076923076923,0.0,0.0,102.5,0.6341469758485485,0.5657838074949805,0.0,0.0
V2-T,V2M-two_stage_user_local_reranker-v1,protocol_a_rollv2_cv3,2026,3,12,4,12,3,9,27,margin_power0p25_base0p05,margin_power0p2_base0p025,0.5925925925925926,0.5925925925925926,0.0,0.0,90.5,0.6432580348031423,0.3148569434405261,0.0,0.0
V2-T,V2M-two_stage_user_local_reranker-v1,protocol_a_rollv2_cv3,2026,1,21,3,13,4,9,36,margin_power0p25_base0p05,margin_power0p2_base0p025,0.8055555555555556,0.8055555555555556,0.0,0.0,76.0,0.624319214840302,0.32409318198978193,0.0,0.0
V2-T,V2M-two_stage_user_local_reranker-v1,protocol_a_rollv2_cv3,2026,3,9,4,2,1,1,1,margin_power0p25_base0p05,margin_power0p2_base0p025,1.0,1.0,0.0,0.0,76.5,0.10375492853396535,0.007530157854539754,0.0,0.0
V2-T,V2M-two_stage_user_local_reranker-v1,protocol_a_rollv2_cv3,2026,2,27,4,10,3,7,21,margin_power0p25_base0p05,margin_power0p2_base0p025,0.3333333333333333,0.3333333333333333,0.0,0.0,66.5,1.8567036789262932,0.3735225349441942,0.0,0.0
V2-T,V2M-two_stage_user_local_reranker-v1,protocol_a_rollv2_cv3,2026,3,8,4,5,1,4,4,margin_power0p25_base0p05,margin_power0p2_base0p025,0.5,0.5,0.0,0.0,93.0,1.0316292231093098,0.488132378031101,0.0,0.0
V2-T,V2M-two_stage_user_local_reranker-v1,protocol_a_rollv2_cv3,2026,3,6,2,4,3,1,3,margin_power0p25_base0p05,margin_power0p2_base0p025,1.0,1.0,0.0,0.0,30.5,0.5213602208341068,0.4396910815706052,0.0,0.0
V2-T,V2M-two_stage_user_local_reranker-v1,protocol_a_rollv2_cv3,2026,3,3,4,11,9,2,18,margin_power0p25_base0p05,margin_power0p2_base0p025,0.8333333333333333,0.8333333333333333,0.0,0.0,83.0,0.4332097766222173,0.18003674039375328,0.0,0.0
V2-T,V2M-two_stage_user_local_reranker-v1,protocol_a_rollv2_cv3,2026,3,2,4,14,4,10,40,margin_power0p25_base0p05,margin_power0p2_base0p025,0.75,0.75,0.0,0.0,105.5,0.676044192390323,0.27945227440537496,0.0,0.0
V2-T,V2M-two_stage_user_local_reranker-v1,protocol_a_rollv2_cv3,2026,3,1,5,10,5,5,25,margin_power0p25_base0p05,margin_power0p2_base0p025,0.88,0.88,0.0,0.0,81.5,0.5599798465648845,0.24340254842556294,0.0,0.0
V2-T,V2M-two_stage_user_local_reranker-v1,protocol_a_rollv2_cv3,2026,2,29,5,5,2,3,6,margin_power0p25_base0p05,margin_power0p2_base0p025,0.6666666666666667,0.6666666666666667,0.0,0.0,61.0,0.4825806141209489,0.3974359761333643,0.0,0.0
V2-T,V2M-two_stage_user_local_reranker-v1,protocol_a_rollv2_cv3,2026,2,29,4,4,1,3,3,margin_power0p25_base0p05,margin_power0p2_base0p025,0.6666666666666667,0.6666666666666667,0.0,0.0,56.5,4.532305597547154,2.2826791488926204,0.0,0.0
V2-T,V2M-two_stage_user_local_reranker-v1,protocol_a_rollv2_cv3,2026,1,22,4,10,1,9,9,margin_power0p25_base0p05,margin_power0p2_base0p025,0.5555555555555556,0.5555555555555556,0.0,0.0,56.5,0.802195822523094,0.41231013992016424,0.0,0.0
V2-T,V2M-two_stage_user_local_reranker-v1,protocol_a_rollv2_cv3,2026,2,28,4,14,2,12,24,margin_power0p25_base0p05,margin_power0p2_base0p025,0.4166666666666667,0.4166666666666667,0.0,0.0,92.5,1.0710078232256983,0.35654552824454794,0.0,0.0
V2-T,V2M-two_stage_user_local_reranker-v1,protocol_a_rollv2_cv3,2027,2,10,3,11,10,1,10,margin_power0p25_base0p05,margin_power0p2_base0p025,0.5,0.5,0.0,0.0,76.0,0.7261035071055169,0.3643021396074225,0.0,0.0
V2-T,V2M-two_stage_user_local_reranker-v1,protocol_a_rollv2_cv3,2027,2,12,4,12,3,9,27,margin_power0p25_base0p05,margin_power0p2_base0p025,0.5185185185185186,0.5185185185185186,0.0,0.0,78.5,1.034310935632486,0.20631809576063484,0.0,0.0
V2-T,V2M-two_stage_user_local_reranker-v1,protocol_a_rollv2_cv3,2027,2,13,4,14,4,10,40,margin_power0p25_base0p05,margin_power0p2_base0p025,0.65,0.65,0.0,0.0,88.5,0.8522837184337002,0.5461541206534216,0.0,0.0
V2-T,V2M-two_stage_user_local_reranker-v1,protocol_a_rollv2_cv3,2028,1,9,3,5,1,4,4,margin_power0p25_base0p05,margin_power0p2_base0p025,1.0,1.0,0.0,0.0,56.0,1.0036333729844331,0.1285970809238212,0.0,0.0
V2-T,V2M-two_stage_user_local_reranker-v1,protocol_a_rollv2_cv3,2026,1,3,3,3,1,2,2,margin_power0p25_base0p05,margin_power0p2_base0p025,1.0,1.0,0.0,0.0,57.0,0.17181621497285832,0.3052014739621279,0.0,0.0
V2-T,V2M-two_stage_user_local_reranker-v1,protocol_a_rollv2_cv3,2028,1,14,4,6,1,5,5,margin_power0p25_base0p05,margin_power0p2_base0p025,1.0,1.0,0.0,0.0,61.5,1.0069293839400606,0.24083961818809246,0.0,0.0
V2-T,V2M-two_stage_user_local_reranker-v1,protocol_a_rollv2_cv3,2026,1,4,4,14,10,4,40,margin_power0p25_base0p05,margin_power0p2_base0p025,0.9,0.9,0.0,0.0,80.5,1.3371226783269274,0.5297006997400051,0.0,0.0
V2-T,V2M-two_stage_user_local_reranker-v1,protocol_a_rollv2_cv3,2028,1,12,4,3,2,1,2,margin_power0p25_base0p05,margin_power0p2_base0p025,1.0,1.0,0.0,0.0,71.0,0.20470469132645028,0.21639096221667284,0.0,0.0
V2-T,V2M-two_stage_user_local_reranker-v1,protocol_a_rollv2_cv3,2028,1,12,3,9,2,7,14,margin_power0p25_base0p05,margin_power0p2_base0p025,1.0,1.0,0.0,0.0,65.0,1.677180448753994,0.594333370972621,0.0,0.0
V2-T,V2M-two_stage_user_local_reranker-v1,protocol_a_rollv2_cv3,2026,1,5,5,9,4,5,20,margin_power0p25_base0p05,margin_power0p2_base0p025,0.5499999999999999,0.5499999999999999,0.0,0.0,72.0,0.642193981425833,0.15873030342296546,0.0,0.0
V2-T,V2M-two_stage_user_local_reranker-v1,protocol_a_rollv2_cv3,2028,1,11,5,10,9,1,9,margin_power0p25_base0p05,margin_power0p2_base0p025,1.0,1.0,0.0,0.0,73.5,1.5072411914920596,0.29024516980216086,0.0,0.0
V2-T,V2M-two_stage_user_local_reranker-v1,protocol_a_rollv2_cv3,2028,1,10,3,10,8,2,16,margin_power0p25_base0p05,margin_power0p2_base0p025,1.0,1.0,0.0,0.0,65.5,0.8084413248074631,0.2543427329562645,0.0,0.0
V2-T,V2M-two_stage_user_local_reranker-v1,protocol_a_rollv2_cv3,2028,1,9,4,6,2,4,8,margin_power0p25_base0p05,margin_power0p2_base0p025,0.875,0.875,0.0,0.0,61.5,0.5543077111574,0.23722022994101036,0.0,0.0
V2-T,V2M-two_stage_user_local_reranker-v1,protocol_a_rollv2_cv3,2026,1,7,4,13,5,8,40,margin_power0p25_base0p05,margin_power0p2_base0p025,0.8250000000000001,0.8250000000000001,0.0,0.0,71.0,0.519233273334618,0.21088786144756838,0.0,0.0
V2-T,V2M-two_stage_user_local_reranker-v1,protocol_a_rollv2_cv3,2028,1,15,4,15,7,8,56,margin_power0p25_base0p05,margin_power0p2_base0p025,0.75,0.75,0.0,0.0,83.0,1.5240942736620526,0.411500871842443,0.0,0.0
V2-T,V2M-two_stage_user_local_reranker-v1,protocol_a_rollv2_cv3,2028,1,8,4,5,1,4,4,margin_power0p25_base0p05,margin_power0p2_base0p025,0.75,0.75,0.0,0.0,75.0,1.1597789143522064,0.5106685458764089,0.0,0.0
V2-T,V2M-two_stage_user_local_reranker-v1,protocol_a_rollv2_cv3,2028,1,8,3,8,6,2,12,margin_power0p25_base0p05,margin_power0p2_base0p025,0.41666666666666663,0.41666666666666663,0.0,0.0,68.5,1.0264601398855027,0.37559568257091364,0.0,0.0
V2-T,V2M-two_stage_user_local_reranker-v1,protocol_a_rollv2_cv3,2028,1,7,4,13,5,8,40,margin_power0p25_base0p05,margin_power0p2_base0p025,0.7000000000000001,0.7000000000000001,0.0,0.0,71.0,0.4203142416404984,0.21088786144756838,0.0,0.0
V2-T,V2M-two_stage_user_local_reranker-v1,protocol_a_rollv2_cv3,2028,1,5,5,9,4,5,20,margin_power0p25_base0p05,margin_power0p2_base0p025,0.7,0.7,0.0,0.0,72.0,0.7084762072873644,0.15873030342296546,0.0,0.0
V2-T,V2M-two_stage_user_local_reranker-v1,protocol_a_rollv2_cv3,2028,1,4,4,14,10,4,40,margin_power0p25_base0p05,margin_power0p2_base0p025,0.925,0.925,0.0,0.0,80.5,1.3453048614144394,0.5297006997400051,0.0,0.0
V2-T,V2M-two_stage_user_local_reranker-v1,protocol_a_rollv2_cv3,2028,1,3,3,3,1,2,2,margin_power0p25_base0p05,margin_power0p2_base0p025,1.0,1.0,0.0,0.0,57.0,0.14275675604715599,0.3052014739621279,0.0,0.0
V2-T,V2M-two_stage_user_local_reranker-v1,protocol_a_rollv2_cv3,2026,1,8,3,8,6,2,12,margin_power0p25_base0p05,margin_power0p2_base0p025,0.41666666666666663,0.41666666666666663,0.0,0.0,68.5,1.0944110059987302,0.37559568257091364,0.0,0.0
V2-T,V2M-two_stage_user_local_reranker-v1,protocol_a_rollv2_cv3,2028,1,2,4,4,2,2,4,margin_power0p25_base0p05,margin_power0p2_base0p025,1.0,1.0,0.0,0.0,82.5,1.142957671096169,0.6439757453846972,0.0,0.0
V2-T,V2M-two_stage_user_local_reranker-v1,protocol_a_rollv2_cv3,2028,1,2,3,10,1,9,9,margin_power0p25_base0p05,margin_power0p2_base0p025,1.0,1.0,0.0,0.0,75.5,0.9902174144065427,0.5356532724080472,0.0,0.0
V2-T,V2M-two_stage_user_local_reranker-v1,protocol_a_rollv2_cv3,2028,1,14,5,5,4,1,4,margin_power0p25_base0p05,margin_power0p2_base0p025,0.75,0.75,0.0,0.0,67.0,0.44784601769773447,0.25715479499253907,0.0,0.0
V2-T,V2M-two_stage_user_local_reranker-v1,protocol_a_rollv2_cv3,2028,1,16,2,5,1,4,4,margin_power0p25_base0p05,margin_power0p2_base0p025,0.25,0.25,0.0,0.0,55.0,0.2905982233569064,0.3204466529177645,0.0,0.0
V2-T,V2M-two_stage_user_local_reranker-v1,protocol_a_rollv2_cv3,2027,3,29,5,9,3,6,18,margin_power0p25_base0p05,margin_power0p2_base0p025,1.0,1.0,0.0,0.0,68.0,0.629250839472139,0.5519602487663189,0.0,0.0
V2-T,V2M-two_stage_user_local_reranker-v1,protocol_a_rollv2_cv3,2028,2,0,2,8,2,6,12,margin_power0p25_base0p05,margin_power0p2_base0p025,0.4166666666666667,0.4166666666666667,0.0,0.0,91.5,0.6696541748517562,0.35953701623839124,0.0,0.0
V2-T,V2M-two_stage_user_local_reranker-v1,protocol_a_rollv2_cv3,2028,2,9,4,11,3,8,24,margin_power0p25_base0p05,margin_power0p2_base0p025,0.75,0.75,0.0,0.0,70.0,0.7954817482299703,0.39032622786382504,0.0,0.0
V2-T,V2M-two_stage_user_local_reranker-v1,protocol_a_rollv2_cv3,2028,2,8,4,13,4,9,36,margin_power0p25_base0p05,margin_power0p2_base0p025,0.6666666666666667,0.6666666666666667,0.0,0.0,84.0,0.8872585917658564,0.3587906008798059,0.0,0.0
V2-T,V2M-two_stage_user_local_reranker-v1,protocol_a_rollv2_cv3,2028,2,7,4,8,2,6,12,margin_power0p25_base0p05,margin_power0p2_base0p025,0.5,0.5,0.0,0.0,81.5,0.5170590370067129,0.16301936481765258,0.0,0.0
V2-T,V2M-two_stage_user_local_reranker-v1,protocol_a_rollv2_cv3,2028,2,5,6,11,4,7,28,margin_power0p25_base0p05,margin_power0p2_base0p025,0.6071428571428572,0.6071428571428572,0.0,0.0,84.0,0.9885657923793677,0.16239979585427405,0.0,0.0
V2-T,V2M-two_stage_user_local_reranker-v1,protocol_a_rollv2_cv3,2028,2,4,4,11,6,5,30,margin_power0p25_base0p05,margin_power0p2_base0p025,0.8,0.8,0.0,0.0,93.0,1.2730739388540027,0.35980059468781284,0.0,0.0
V2-T,V2M-two_stage_user_local_reranker-v1,protocol_a_rollv2_cv3,2028,2,3,4,11,8,3,24,margin_power0p25_base0p05,margin_power0p2_base0p025,0.75,0.75,0.0,0.0,72.0,0.4183909793763696,0.2388294545368131,0.0,0.0
V2-T,V2M-two_stage_user_local_reranker-v1,protocol_a_rollv2_cv3,2028,2,2,4,14,2,12,24,margin_power0p25_base0p05,margin_power0p2_base0p025,0.75,0.75,0.0,0.0,91.5,1.3775504242573813,0.6365526328452942,0.0,0.0
V2-T,V2M-two_stage_user_local_reranker-v1,protocol_a_rollv2_cv3,2028,2,1,4,11,6,5,30,margin_power0p25_base0p05,margin_power0p2_base0p025,0.6666666666666666,0.6666666666666666,0.0,0.0,70.0,1.415565699095528,0.4987413356422464,0.0,0.0
V2-T,V2M-two_stage_user_local_reranker-v1,protocol_a_rollv2_cv3,2028,2,0,3,6,4,2,8,margin_power0p25_base0p05,margin_power0p2_base0p025,0.5,0.5,0.0,0.0,98.5,1.2161691113218616,0.16587123251649244,0.0,0.0
V2-T,V2M-two_stage_user_local_reranker-v1,protocol_a_rollv2_cv3,2028,1,28,4,10,1,9,9,margin_power0p25_base0p05,margin_power0p2_base0p025,0.8888888888888888,0.8888888888888888,0.0,0.0,80.5,0.7966058953244491,0.5915619900661507,0.0,0.0
V2-T,V2M-two_stage_user_local_reranker-v1,protocol_a_rollv2_cv3,2028,1,16,3,5,4,1,4,margin_power0p25_base0p05,margin_power0p2_base0p025,1.0,1.0,0.0,0.0,60.0,0.3004732128334015,0.23428198796980246,0.0,0.0
V2-T,V2M-two_stage_user_local_reranker-v1,protocol_a_rollv2_cv3,2028,1,28,3,4,1,3,3,margin_power0p25_base0p05,margin_power0p2_base0p025,1.0,1.0,0.0,0.0,73.5,0.34027689970815855,0.08845412432047532,0.0,0.0
V2-T,V2M-two_stage_user_local_reranker-v1,protocol_a_rollv2_cv3,2026,1,2,3,10,1,9,9,margin_power0p25_base0p05,margin_power0p2_base0p025,0.7777777777777778,0.7777777777777778,0.0,0.0,75.5,1.064066394343141,0.5356532724080472,0.0,0.0
V2-T,V2M-two_stage_user_local_reranker-v1,protocol_a_rollv2_cv3,2028,1,26,3,12,1,11,11,margin_power0p25_base0p05,margin_power0p2_base0p025,0.18181818181818177,0.18181818181818177,0.0,0.0,68.5,1.416654882250564,0.4433237385600309,0.0,0.0
V2-T,V2M-two_stage_user_local_reranker-v1,protocol_a_rollv2_cv3,2028,1,24,2,8,2,6,12,margin_power0p25_base0p05,margin_power0p2_base0p025,0.5,0.5,0.0,0.0,49.5,0.592865347422772,0.27307782401628017,0.0,0.0
V2-T,V2M-two_stage_user_local_reranker-v1,protocol_a_rollv2_cv3,2028,1,23,2,3,1,2,2,margin_power0p25_base0p05,margin_power0p2_base0p025,1.0,1.0,0.0,0.0,46.0,0.44648649815583874,0.3183693618758487,0.0,0.0
V2-T,V2M-two_stage_user_local_reranker-v1,protocol_a_rollv2_cv3,2028,1,20,4,11,1,10,10,margin_power0p25_base0p05,margin_power0p2_base0p025,0.9,0.9,0.0,0.0,65.0,0.6157403915966638,0.17911431751011359,0.0,0.0
V2-T,V2M-two_stage_user_local_reranker-v1,protocol_a_rollv2_cv3,2028,1,19,4,11,3,8,24,margin_power0p25_base0p05,margin_power0p2_base0p025,0.75,0.75,0.0,0.0,59.0,1.5131248462570686,0.3207339295310335,0.0,0.0
V2-T,V2M-two_stage_user_local_reranker-v1,protocol_a_rollv2_cv3,2028,1,18,5,13,5,8,40,margin_power0p25_base0p05,margin_power0p2_base0p025,0.75,0.75,0.0,0.0,73.0,0.7061083392540118,0.2435736234931037,0.0,0.0
V2-T,V2M-two_stage_user_local_reranker-v1,protocol_a_rollv2_cv3,2026,1,2,4,4,2,2,4,margin_power0p25_base0p05,margin_power0p2_base0p025,1.0,1.0,0.0,0.0,82.5,1.3871624435934053,0.6439757453846972,0.0,0.0
V2-T,V2M-two_stage_user_local_reranker-v1,protocol_a_rollv2_cv3,2027,2,14,5,12,3,9,27,margin_power0p25_base0p05,margin_power0p2_base0p025,0.7407407407407407,0.7407407407407407,0.0,0.0,75.5,0.6057170939863277,0.23056894446364917,0.0,0.0
V2-T,V2M-two_stage_user_local_reranker-v1,protocol_a_rollv2_cv3,2028,1,1,4,11,4,7,28,margin_power0p25_base0p05,margin_power0p2_base0p025,0.8214285714285714,0.8214285714285714,0.0,0.0,59.0,1.2983506490273025,0.4057152827925604,0.0,0.0
V2-T,V2M-two_stage_user_local_reranker-v1,protocol_a_rollv2_cv3,2027,3,27,4,10,5,5,25,margin_power0p25_base0p05,margin_power0p2_base0p025,0.56,0.56,0.0,0.0,76.5,1.0234243396674148,0.45533065245643317,0.0,0.0
V2-T,V2M-two_stage_user_local_reranker-v1,protocol_a_rollv2_cv3,2026,1,8,4,5,1,4,4,margin_power0p25_base0p05,margin_power0p2_base0p025,0.75,0.75,0.0,0.0,75.0,1.209248502510833,0.5106685458764089,0.0,0.0
V2-T,V2M-two_stage_user_local_reranker-v1,protocol_a_rollv2_cv3,2026,1,12,4,3,2,1,2,margin_power0p25_base0p05,margin_power0p2_base0p025,1.0,1.0,0.0,0.0,71.0,0.39569420451745985,0.21639096221667284,0.0,0.0
V2-T,V2M-two_stage_user_local_reranker-v1,protocol_a_rollv2_cv3,2026,1,14,4,6,1,5,5,margin_power0p25_base0p05,margin_power0p2_base0p025,1.0,1.0,0.0,0.0,61.5,1.0896235940913903,0.24083961818809246,0.0,0.0
V2-T,V2M-two_stage_user_local_reranker-v1,protocol_a_rollv2_cv3,2026,1,14,5,5,4,1,4,margin_power0p25_base0p05,margin_power0p2_base0p025,0.75,0.75,0.0,0.0,67.0,0.45056537626329074,0.25715479499253907,0.0,0.0
V2-T,V2M-two_stage_user_local_reranker-v1,protocol_a_rollv2_cv3,2027,3,2,4,14,4,10,40,margin_power0p25_base0p05,margin_power0p2_base0p025,0.725,0.725,0.0,0.0,105.5,0.9031927161248444,0.27945227440537496,0.0,0.0
V2-T,V2M-two_stage_user_local_reranker-v1,protocol_a_rollv2_cv3,2027,3,1,5,10,5,5,25,margin_power0p25_base0p05,margin_power0p2_base0p025,0.92,0.92,0.0,0.0,81.5,0.5533747333446644,0.24340254842556294,0.0,0.0
V2-T,V2M-two_stage_user_local_reranker-v1,protocol_a_rollv2_cv3,2027,3,0,3,15,4,11,44,margin_power0p25_base0p05,margin_power0p2_base0p025,0.4772727272727273,0.4772727272727273,0.0,0.0,109.0,0.8555343014124791,0.27922549334810004,0.0,0.0
V2-T,V2M-two_stage_user_local_reranker-v1,protocol_a_rollv2_cv3,2027,2,29,5,5,2,3,6,margin_power0p25_base0p05,margin_power0p2_base0p025,0.6666666666666667,0.6666666666666667,0.0,0.0,61.0,0.456971118261214,0.3974359761333643,0.0,0.0
V2-T,V2M-two_stage_user_local_reranker-v1,protocol_a_rollv2_cv3,2027,2,29,4,4,1,3,3,margin_power0p25_base0p05,margin_power0p2_base0p025,0.6666666666666667,0.6666666666666667,0.0,0.0,56.5,3.340946589523194,2.2826791488926204,0.0,0.0
V2-T,V2M-two_stage_user_local_reranker-v1,protocol_a_rollv2_cv3,2027,2,28,4,14,2,12,24,margin_power0p25_base0p05,margin_power0p2_base0p025,0.4166666666666667,0.4166666666666667,0.0,0.0,92.5,0.9944460444176128,0.35654552824454794,0.0,0.0
V2-T,V2M-two_stage_user_local_reranker-v1,protocol_a_rollv2_cv3,2027,2,27,4,10,3,7,21,margin_power0p25_base0p05,margin_power0p2_base0p025,0.23809523809523814,0.23809523809523814,0.0,0.0,66.5,2.681015617566439,0.3735225349441942,0.0,0.0
V2-T,V2M-two_stage_user_local_reranker-v1,protocol_a_rollv2_cv3,2027,2,23,3,9,1,8,8,margin_power0p25_base0p05,margin_power0p2_base0p025,1.0,1.0,0.0,0.0,58.0,0.2708113801563383,0.250824655778349,0.0,0.0
V2-T,V2M-two_stage_user_local_reranker-v1,protocol_a_rollv2_cv3,2027,2,22,4,10,2,8,16,margin_power0p25_base0p05,margin_power0p2_base0p025,0.75,0.75,0.0,0.0,66.5,0.758650882901095,0.412161620075989,0.0,0.0
V2-T,V2M-two_stage_user_local_reranker-v1,protocol_a_rollv2_cv3,2027,2,21,4,10,3,7,21,margin_power0p25_base0p05,margin_power0p2_base0p025,1.0,1.0,0.0,0.0,91.5,0.5625978494504478,0.31963030441283613,0.0,0.0
V2-T,V2M-two_stage_user_local_reranker-v1,protocol_a_rollv2_cv3,2027,2,21,3,4,1,3,3,margin_power0p25_base0p05,margin_power0p2_base0p025,0.6666666666666667,0.6666666666666667,0.0,0.0,84.5,0.21633741335076537,0.18974121688470244,0.0,0.0
V2-T,V2M-two_stage_user_local_reranker-v1,protocol_a_rollv2_cv3,2027,2,20,5,12,1,11,11,margin_power0p25_base0p05,margin_power0p2_base0p025,1.0,1.0,0.0,0.0,77.5,0.7055638386373726,0.28753615998489623,0.0,0.0
V2-T,V2M-two_stage_user_local_reranker-v1,protocol_a_rollv2_cv3,2027,2,19,4,8,2,6,12,margin_power0p25_base0p05,margin_power0p2_base0p025,0.6666666666666667,0.6666666666666667,0.0,0.0,68.5,1.03359587519694,0.4005270565320774,0.0,0.0
V2-T,V2M-two_stage_user_local_reranker-v1,protocol_a_rollv2_cv3,2026,1,15,4,15,7,8,56,margin_power0p25_base0p05,margin_power0p2_base0p025,0.7678571428571428,0.7678571428571428,0.0,0.0,83.0,1.6236013440160406,0.411500871842443,0.0,0.0
V2-T,V2M-two_stage_user_local_reranker-v1,protocol_a_rollv2_cv3,2027,2,17,5,4,2,2,4,margin_power0p25_base0p05,margin_power0p2_base0p025,0.25,0.25,0.0,0.0,92.5,0.5595854506427107,0.1840447287135557,0.0,0.0
V2-T,V2M-two_stage_user_local_reranker-v1,protocol_a_rollv2_cv3,2027,2,17,4,9,2,7,14,margin_power0p25_base0p05,margin_power0p2_base0p025,0.5714285714285714,0.5714285714285714,0.0,0.0,86.0,0.7560136813135061,0.406699450970854,0.0,0.0
V2-T,V2M-two_stage_user_local_reranker-v1,protocol_a_rollv2_cv3,2027,2,16,3,8,7,1,7,margin_power0p25_base0p05,margin_power0p2_base0p025,0.14285714285714285,0.14285714285714285,0.0,0.0,66.5,0.7656052583426062,0.2727416721615332,0.0,0.0
V2-T,V2M-two_stage_user_local_reranker-v1,protocol_a_rollv2_cv3,2027,2,15,5,14,6,8,48,margin_power0p25_base0p05,margin_power0p2_base0p025,0.8541666666666667,0.8541666666666667,0.0,0.0,98.5,0.613762733025693,0.29031424080263923,0.0,0.0
V2-T,V2M-two_stage_user_local_reranker-v1,protocol_a_rollv2_cv3,2027,3,4,5,15,10,5,50,margin_power0p25_base0p05,margin_power0p2_base0p025,0.66,0.66,0.0,0.0,110.0,0.31747717632389216,0.20754851682110453,0.0,0.0
V2-T,V2M-two_stage_user_local_reranker-v1,protocol_a_rollv2_cv3,2027,3,5,6,6,5,1,5,margin_power0p25_base0p05,margin_power0p2_base0p025,0.0,0.0,0.0,0.0,92.5,0.22924682933746943,0.1814910822551951,0.0,0.0
V2-T,V2M-two_stage_user_local_reranker-v1,protocol_a_rollv2_cv3,2027,3,13,4,14,1,13,13,margin_power0p25_base0p05,margin_power0p2_base0p025,0.6153846153846154,0.6153846153846154,0.0,0.0,102.5,0.6170461749910158,0.5657838074949805,0.0,0.0
V2-T,V2M-two_stage_user_local_reranker-v1,protocol_a_rollv2_cv3,2027,3,5,7,7,3,4,12,margin_power0p25_base0p05,margin_power0p2_base0p025,0.75,0.75,0.0,0.0,99.0,0.8204983461786389,0.247851102560072,0.0,0.0
V2-T,V2M-two_stage_user_local_reranker-v1,protocol_a_rollv2_cv3,2027,3,25,4,9,2,7,14,margin_power0p25_base0p05,margin_power0p2_base0p025,0.7142857142857142,0.7142857142857142,0.0,0.0,74.0,1.1501516741025561,0.3275581894272864,0.0,0.0
V2-T,V2M-two_stage_user_local_reranker-v1,protocol_a_rollv2_cv3,2027,3,22,4,10,2,8,16,margin_power0p25_base0p05,margin_power0p2_base0p025,0.75,0.75,0.0,0.0,76.5,0.5370045304554816,0.4980908914849042,0.0,0.0
V2-T,V2M-two_stage_user_local_reranker-v1,protocol_a_rollv2_cv3,2027,3,21,4,14,2,12,24,margin_power0p25_base0p05,margin_power0p2_base0p025,1.0,1.0,0.0,0.0,103.5,0.5191344419495212,0.1994344621885601,0.0,0.0
V2-T,V2M-two_stage_user_local_reranker-v1,protocol_a_rollv2_cv3,2027,3,20,5,12,2,10,20,margin_power0p25_base0p05,margin_power0p2_base0p025,0.6,0.6,0.0,0.0,89.5,1.557247341086775,0.26227380373129694,0.0,0.0
V2-T,V2M-two_stage_user_local_reranker-v1,protocol_a_rollv2_cv3,2026,1,9,3,5,1,4,4,margin_power0p25_base0p05,margin_power0p2_base0p025,1.0,1.0,0.0,0.0,56.0,0.9095946738147193,0.1285970809238212,0.0,0.0
V2-T,V2M-two_stage_user_local_reranker-v1,protocol_a_rollv2_cv3,2027,3,17,5,14,5,9,45,margin_power0p25_base0p05,margin_power0p2_base0p025,0.4444444444444444,0.4444444444444444,0.0,0.0,101.5,7.673422332903663,3.7129782167947214,0.0,0.0
V2-T,V2M-two_stage_user_local_reranker-v1,protocol_a_rollv2_cv3,2027,3,16,4,11,7,4,28,margin_power0p25_base0p05,margin_power0p2_base0p025,0.7857142857142857,0.7857142857142857,0.0,0.0,79.0,1.105240741563159,0.421986940968848,0.0,0.0
V2-T,V2M-two_stage_user_local_reranker-v1,protocol_a_rollv2_cv3,2027,3,15,6,4,2,2,4,margin_power0p25_base0p05,margin_power0p2_base0p025,0.5,0.5,0.0,0.0,118.5,0.058927512317553256,0.06513195655976436,0.0,0.0
V2-T,V2M-two_stage_user_local_reranker-v1,protocol_a_rollv2_cv3,2026,1,9,4,6,2,4,8,margin_power0p25_base0p05,margin_power0p2_base0p025,0.75,0.75,0.0,0.0,61.5,0.7249576823448542,0.23722022994101036,0.0,0.0
V2-T,V2M-two_stage_user_local_reranker-v1,protocol_a_rollv2_cv3,2027,3,14,6,12,6,6,36,margin_power0p25_base0p05,margin_power0p2_base0p025,0.638888888888889,0.638888888888889,0.0,0.0,87.5,0.4461691275229975,0.3704012079518756,0.0,0.0
V2-T,V2M-two_stage_user_local_reranker-v1,protocol_a_rollv2_cv3,2026,2,0,2,8,2,6,12,margin_power0p25_base0p05,margin_power0p2_base0p025,0.4166666666666667,0.4166666666666667,0.0,0.0,91.5,0.6325789252331593,0.35953701623839124,0.0,0.0
V2-T,V2M-two_stage_user_local_reranker-v1,protocol_a_rollv2_cv3,2026,1,10,3,10,8,2,16,margin_power0p25_base0p05,margin_power0p2_base0p025,1.0,1.0,0.0,0.0,65.5,0.9726291644949383,0.2543427329562645,0.0,0.0
V2-T,V2M-two_stage_user_local_reranker-v1,protocol_a_rollv2_cv3,2027,3,11,6,12,7,5,35,margin_power0p25_base0p05,margin_power0p2_base0p025,0.8285714285714285,0.8285714285714285,0.0,0.0,98.5,0.660920286960929,0.3189812207292956,0.0,0.0
V2-T,V2M-two_stage_user_local_reranker-v1,protocol_a_rollv2_cv3,2026,1,11,5,10,9,1,9,margin_power0p25_base0p05,margin_power0p2_base0p025,1.0,1.0,0.0,0.0,73.5,1.4142700741138203,0.29024516980216086,0.0,0.0
V2-T,V2M-two_stage_user_local_reranker-v1,protocol_a_rollv2_cv3,2026,1,12,3,9,2,7,14,margin_power0p25_base0p05,margin_power0p2_base0p025,1.0,1.0,0.0,0.0,65.0,1.8038372493469144,0.594333370972621,0.0,0.0
V2-T,V2M-two_stage_user_local_reranker-v1,protocol_a_rollv2_cv3,2027,3,9,4,2,1,1,1,margin_power0p25_base0p05,margin_power0p2_base0p025,1.0,1.0,0.0,0.0,76.5,0.15729933790584694,0.007530157854539754,0.0,0.0
V2-T,V2M-two_stage_user_local_reranker-v1,protocol_a_rollv2_cv3,2027,3,8,5,8,2,6,12,margin_power0p25_base0p05,margin_power0p2_base0p025,0.6666666666666667,0.6666666666666667,0.0,0.0,99.5,0.7253399050433922,0.2616320624313675,0.0,0.0
V2-T,V2M-two_stage_user_local_reranker-v1,protocol_a_rollv2_cv3,2027,3,8,4,5,1,4,4,margin_power0p25_base0p05,margin_power0p2_base0p025,0.5,0.5,0.0,0.0,93.0,1.2266441096738583,0.488132378031101,0.0,0.0
V2-T,V2M-two_stage_user_local_reranker-v1,protocol_a_rollv2_cv3,2027,3,6,2,4,3,1,3,margin_power0p25_base0p05,margin_power0p2_base0p025,1.0,1.0,0.0,0.0,30.5,0.5802155623489772,0.4396910815706052,0.0,0.0
V2-T,V2M-two_stage_user_local_reranker-v1,protocol_a_rollv2_cv3,2030,2,13,4,14,4,10,40,margin_power0p25_base0p05,margin_power0p2_base0p025,0.7250000000000001,0.725,-1.1102230246251565e-16,-4.440892098500626e-15,88.5,0.8813501346186934,0.5461541206534216,4.2700885562506005e-17,-2.775557561562888e-16
V2-T,V2M-two_stage_user_local_reranker-v1,protocol_a_rollv2_cv3,2030,1,17,4,14,4,10,40,margin_power0p25_base0p05,margin_power0p2_base0p025,0.825,0.8,-0.02499999999999991,-0.9999999999999964,74.5,1.0147676758609863,0.37817430649613726,0.009615384615384578,-0.062499999999999695
V2-T,V2M-two_stage_user_local_reranker-v1,protocol_a_rollv2_cv3,2028,3,10,4,12,7,5,35,margin_power0p25_base0p05,margin_power0p2_base0p025,0.5714285714285714,0.5428571428571429,-0.02857142857142847,-0.9999999999999964,88.5,0.31841380499532895,0.2086334482435481,0.009615384615384578,-0.062499999999999695
V2-T,V2M-two_stage_user_local_reranker-v1,protocol_a_rollv2_cv3,2029,1,21,3,13,4,9,36,margin_power0p25_base0p05,margin_power0p2_base0p025,0.8055555555555556,0.7777777777777779,-0.02777777777777768,-0.9999999999999964,76.0,0.7515536067713368,0.32409318198978193,0.009615384615384578,-0.062499999999999695
V2-T,V2M-two_stage_user_local_reranker-v1,protocol_a_rollv2_cv3,2028,2,12,4,12,3,9,27,margin_power0p25_base0p05,margin_power0p2_base0p025,0.5555555555555556,0.5185185185185186,-0.03703703703703698,-0.9999999999999984,78.5,0.8913678070875696,0.20631809576063484,0.009615384615384597,-0.06249999999999982
V2-T,V2M-two_stage_user_local_reranker-v1,protocol_a_rollv2_cv3,2030,3,29,5,9,3,6,18,margin_power0p25_base0p05,margin_power0p2_base0p025,0.9444444444444444,0.888888888888889,-0.05555555555555547,-0.9999999999999984,68.0,0.685652826216306,0.5519602487663189,0.009615384615384597,-0.06249999999999982
V2-T,V2M-two_stage_user_local_reranker-v1,protocol_a_rollv2_cv3,2029,3,12,4,12,3,9,27,margin_power0p25_base0p05,margin_power0p2_base0p025,0.6296296296296295,0.5925925925925926,-0.03703703703703698,-0.9999999999999984,90.5,0.6218730562150824,0.3148569434405261,0.009615384615384597,-0.06249999999999982
V2-T,V2M-two_stage_user_local_reranker-v1,protocol_a_rollv2_cv3,2027,3,3,4,11,9,2,18,margin_power0p25_base0p05,margin_power0p2_base0p025,0.611111111111111,0.5555555555555556,-0.05555555555555547,-0.9999999999999984,83.0,0.28113854004080396,0.18003674039375328,0.009615384615384597,-0.06249999999999982
V2-T,V2M-two_stage_user_local_reranker-v1,protocol_a_rollv2_cv3,2028,3,17,5,14,5,9,45,margin_power0p25_base0p05,margin_power0p2_base0p025,0.5111111111111111,0.4888888888888889,-0.0222222222222222,-0.9999999999999989,101.5,5.14928023359219,3.7129782167947214,0.0096153846153846,-0.06249999999999985
V2-T,V2M-two_stage_user_local_reranker-v1,protocol_a_rollv2_cv3,2027,1,24,2,8,2,6,12,margin_power0p25_base0p05,margin_power0p2_base0p025,0.5833333333333333,0.5,-0.08333333333333326,-0.9999999999999991,49.5,0.6242964731834751,0.27307782401628017,0.009615384615384602,-0.06249999999999986
V2-T,V2M-two_stage_user_local_reranker-v1,protocol_a_rollv2_cv3,2026,2,3,4,11,8,3,24,margin_power0p25_base0p05,margin_power0p2_base0p025,0.5833333333333334,0.5416666666666667,-0.04166666666666663,-0.9999999999999991,72.0,0.5528693266369245,0.2388294545368131,0.009615384615384602,-0.06249999999999986
V2-T,V2M-two_stage_user_local_reranker-v1,protocol_a_rollv2_cv3,2030,3,13,4,14,1,13,13,margin_power0p25_base0p05,margin_power0p2_base0p025,0.5384615384615384,0.46153846153846156,-0.07692307692307687,-0.9999999999999993,102.5,0.6515787178888004,0.5657838074949805,0.009615384615384606,-0.062499999999999875
V2-T,V2M-two_stage_user_local_reranker-v1,protocol_a_rollv2_cv3,2027,3,9,5,9,3,6,18,margin_power0p25_base0p05,margin_power0p2_base0p025,0.49999999999999994,0.4444444444444444,-0.055555555555555525,-0.9999999999999994,82.0,0.26118801471501935,0.41459596643081903,0.009615384615384606,-0.06249999999999988
V2-T,V2M-two_stage_user_local_reranker-v1,protocol_a_rollv2_cv3,2026,1,13,3,13,3,10,30,margin_power0p25_base0p05,margin_power0p2_base0p025,0.5,0.4666666666666667,-0.033333333333333326,-0.9999999999999998,75.0,2.4825386673707373,0.43463261543938553,0.009615384615384609,-0.0624999999999999
V2-T,V2M-two_stage_user_local_reranker-v1,protocol_a_rollv2_cv3,2027,1,13,3,13,3,10,30,margin_power0p25_base0p05,margin_power0p2_base0p025,0.4333333333333333,0.39999999999999997,-0.033333333333333326,-0.9999999999999998,75.0,2.4456657031534705,0.43463261543938553,0.009615384615384609,-0.0624999999999999
V2-T,V2M-two_stage_user_local_reranker-v1,protocol_a_rollv2_cv3,2030,3,22,4,10,2,8,16,margin_power0p25_base0p05,margin_power0p2_base0p025,0.6875,0.625,-0.0625,-1.0,76.5,0.8120349243773015,0.4980908914849042,0.00961538461538461,-0.06249999999999992
V2-T,V2M-two_stage_user_local_reranker-v1,protocol_a_rollv2_cv3,2029,1,24,2,8,2,6,12,margin_power0p25_base0p05,margin_power0p2_base0p025,0.5833333333333334,0.5,-0.08333333333333337,-1.0000000000000004,49.5,0.6137069078236759,0.27307782401628017,0.009615384615384616,-0.062499999999999944
V2-T,V2M-two_stage_user_local_reranker-v1,protocol_a_rollv2_cv3,2028,3,8,5,8,2,6,12,margin_power0p25_base0p05,margin_power0p2_base0p025,0.6666666666666667,0.5833333333333334,-0.08333333333333337,-1.0000000000000004,99.5,0.30331247112213333,0.2616320624313675,0.009615384615384616,-0.062499999999999944
V2-T,V2M-two_stage_user_local_reranker-v1,protocol_a_rollv2_cv3,2028,3,29,5,9,3,6,18,margin_power0p25_base0p05,margin_power0p2_base0p025,1.0,0.9444444444444444,-0.05555555555555558,-1.0000000000000004,68.0,0.5778595900115887,0.5519602487663189,0.009615384615384616,-0.062499999999999944
V2-T,V2M-two_stage_user_local_reranker-v1,protocol_a_rollv2_cv3,2027,3,19,5,11,2,9,18,margin_power0p25_base0p05,margin_power0p2_base0p025,0.7222222222222223,0.6666666666666667,-0.05555555555555558,-1.0000000000000004,81.0,0.8860333328500736,0.5793843124308027,0.009615384615384616,-0.062499999999999944
V2-T,V2M-two_stage_user_local_reranker-v1,protocol_a_rollv2_cv3,2030,1,24,2,8,2,6,12,margin_power0p25_base0p05,margin_power0p2_base0p025,0.5,0.41666666666666663,-0.08333333333333337,-1.0000000000000004,49.5,0.5355903632154894,0.27307782401628017,0.009615384615384616,-0.062499999999999944
V2-T,V2M-two_stage_user_local_reranker-v1,protocol_a_rollv2_cv3,2030,2,28,4,14,2,12,24,margin_power0p25_base0p05,margin_power0p2_base0p025,0.4166666666666667,0.375,-0.041666666666666685,-1.0000000000000004,92.5,0.9629985981737044,0.35654552824454794,0.009615384615384616,-0.062499999999999944
V2-T,V2M-two_stage_user_local_reranker-v1,protocol_a_rollv2_cv3,2029,3,10,4,12,7,5,35,margin_power0p25_base0p05,margin_power0p2_base0p025,0.5714285714285714,0.5428571428571428,-0.02857142857142858,-1.0000000000000004,88.5,0.5653270730181745,0.2086334482435481,0.009615384615384616,-0.062499999999999944
V2-T,V2M-two_stage_user_local_reranker-v1,protocol_a_rollv2_cv3,2027,2,18,5,14,2,12,24,margin_power0p25_base0p05,margin_power0p2_base0p025,0.5,0.4583333333333333,-0.041666666666666685,-1.0000000000000004,86.5,0.48526242575527684,0.28943642902886735,0.009615384615384616,-0.062499999999999944
V2-T,V2M-two_stage_user_local_reranker-v1,protocol_a_rollv2_cv3,2029,3,9,5,9,3,6,18,margin_power0p25_base0p05,margin_power0p2_base0p025,0.5,0.4444444444444444,-0.05555555555555558,-1.0000000000000004,82.0,0.3020405522442505,0.41459596643081903,0.009615384615384616,-0.062499999999999944
V2-T,V2M-two_stage_user_local_reranker-v1,protocol_a_rollv2_cv3,2027,2,7,4,8,2,6,12,margin_power0p25_base0p05,margin_power0p2_base0p025,0.5833333333333334,0.5,-0.08333333333333337,-1.0000000000000004,81.5,0.5367866038944883,0.16301936481765258,0.009615384615384616,-0.062499999999999944
V2-T,V2M-two_stage_user_local_reranker-v1,protocol_a_rollv2_cv3,2028,1,27,3,10,5,5,25,margin_power0p25_base0p05,margin_power0p2_base0p025,0.8,0.76,-0.040000000000000036,-1.0000000000000009,56.5,0.8432333924656016,0.34304771610130247,0.00961538461538462,-0.06249999999999997
V2-T,V2M-two_stage_user_local_reranker-v1,protocol_a_rollv2_cv3,2026,1,27,3,10,5,5,25,margin_power0p25_base0p05,margin_power0p2_base0p025,0.6000000000000001,0.56,-0.040000000000000036,-1.0000000000000009,56.5,1.3000779529649276,0.34304771610130247,0.00961538461538462,-0.06249999999999997
V2-T,V2M-two_stage_user_local_reranker-v1,protocol_a_rollv2_cv3,2029,1,4,4,14,10,4,40,margin_power0p25_base0p05,margin_power0p2_base0p025,0.9,0.875,-0.025000000000000022,-1.0000000000000009,80.5,1.44950933892732,0.5297006997400051,0.00961538461538462,-0.06249999999999997
V2-T,V2M-two_stage_user_local_reranker-v1,protocol_a_rollv2_cv3,2029,1,27,3,10,5,5,25,margin_power0p25_base0p05,margin_power0p2_base0p025,0.68,0.64,-0.040000000000000036,-1.0000000000000009,56.5,1.4013742279262233,0.34304771610130247,0.00961538461538462,-0.06249999999999997
V2-T,V2M-two_stage_user_local_reranker-v1,protocol_a_rollv2_cv3,2028,1,17,4,14,4,10,40,margin_power0p25_base0p05,margin_power0p2_base0p025,0.8,0.775,-0.025000000000000022,-1.0000000000000009,74.5,1.03887167746178,0.37817430649613726,0.00961538461538462,-0.06249999999999997
V2-T,V2M-two_stage_user_local_reranker-v1,protocol_a_rollv2_cv3,2026,2,12,4,12,3,9,27,margin_power0p25_base0p05,margin_power0p2_base0p025,0.5185185185185186,0.4814814814814815,-0.03703703703703709,-1.0000000000000013,78.5,1.0586547221890084,0.20631809576063484,0.009615384615384625,-0.0625
V2-T,V2M-two_stage_user_local_reranker-v1,protocol_a_rollv2_cv3,2028,1,13,3,13,3,10,30,margin_power0p25_base0p05,margin_power0p2_base0p025,0.4666666666666667,0.4333333333333333,-0.03333333333333338,-1.0000000000000013,75.0,3.161425239477957,0.43463261543938553,0.009615384615384625,-0.0625
V2-T,V2M-two_stage_user_local_reranker-v1,protocol_a_rollv2_cv3,2030,2,3,4,11,8,3,24,margin_power0p25_base0p05,margin_power0p2_base0p025,0.7083333333333334,0.6666666666666666,-0.04166666666666674,-1.0000000000000018,72.0,0.5619272576584605,0.2388294545368131,0.009615384615384628,-0.06250000000000003
V2-T,V2M-two_stage_user_local_reranker-v1,protocol_a_rollv2_cv3,2026,3,11,6,12,7,5,35,margin_power0p25_base0p05,margin_power0p2_base0p025,0.8,0.7714285714285714,-0.028571428571428692,-1.0000000000000042,98.5,0.6238485337968138,0.3189812207292956,0.009615384615384652,-0.06250000000000018
V2-T,V2M-two_stage_user_local_reranker-v1,protocol_a_rollv2_cv3,2027,3,15,5,11,4,7,28,margin_power0p25_base0p05,margin_power0p2_base0p025,0.5714285714285714,0.5,-0.0714285714285714,-1.9999999999999991,111.0,0.43829537066959795,0.3448144552907673,0.019230769230769214,-0.12499999999999978
V2-T,V2M-two_stage_user_local_reranker-v1,protocol_a_rollv2_cv3,2027,3,12,4,12,3,9,27,margin_power0p25_base0p05,margin_power0p2_base0p025,0.5925925925925926,0.5185185185185185,-0.07407407407407407,-2.0,90.5,0.6371039538959835,0.3148569434405261,0.01923076923076922,-0.12499999999999983
V2-T,V2M-two_stage_user_local_reranker-v1,protocol_a_rollv2_cv3,2028,3,13,4,14,1,13,13,margin_power0p25_base0p05,margin_power0p2_base0p025,0.6923076923076923,0.5384615384615384,-0.15384615384615385,-2.0,102.5,0.489067868228592,0.5657838074949805,0.01923076923076922,-0.12499999999999983
V2-T,V2M-two_stage_user_local_reranker-v1,protocol_a_rollv2_cv3,2026,2,13,4,14,4,10,40,margin_power0p25_base0p05,margin_power0p2_base0p025,0.625,0.575,-0.050000000000000044,-2.0000000000000018,88.5,1.0051258375137506,0.5461541206534216,0.01923076923076924,-0.12499999999999994
V2-T,V2M-two_stage_user_local_reranker-v1,protocol_a_rollv2_cv3,2027,3,10,4,12,7,5,35,margin_power0p25_base0p05,margin_power0p2_base0p025,0.5428571428571429,0.4857142857142857,-0.05714285714285722,-2.0000000000000027,88.5,0.334126449463826,0.2086334482435481,0.01923076923076925,-0.125
