phase,protocol_id,split_version,fold,seed,candidate,uses_eeg,control_type,score_variant,variant_family,feature_set,pair_weighting,oof_meta,protocol_gauc,protocol_macro_user_auc,protocol_global_auc,local_context_macro_auc,local_pair_count,valid_context_count,valid_local_user_count,event_transfer_gauc,event_transfer_macro_user_auc,event_transfer_global_auc,event_valid_user_count
V2-R,V2M-two_stage_user_local_reranker-v1,protocol_a_rollv2_cv3,1,2026,V2H-local-H2_E0,False,H2_E0_non_eeg,v2n_eeg_base_0p05,baseline_score_transform,none,none,False,0.6521739130434783,0.6467654898012041,0.6521739130434783,0.6534258228543942,598,35,28,0.6290835863970191,0.6270960669621383,0.6426240888580353,28
V2-R,V2M-two_stage_user_local_reranker-v1,protocol_a_rollv2_cv3,2,2026,V2H-local-H2_E0,False,H2_E0_non_eeg,v2n_eeg_base_0p05,baseline_score_transform,none,none,False,0.5736301369863014,0.562216255966256,0.5736301369863014,0.5520027657527657,584,30,26,0.5562149395743146,0.5532738095238096,0.5768694346100204,26
V2-R,V2M-two_stage_user_local_reranker-v1,protocol_a_rollv2_cv3,3,2026,V2H-local-H2_E0,False,H2_E0_non_eeg,v2n_eeg_base_0p05,baseline_score_transform,none,none,False,0.6019417475728155,0.6451868460403355,0.6019417475728155,0.6272468239432525,618,28,24,0.6304789227866151,0.6410218677927011,0.6147000659195782,24
V2-R,V2M-two_stage_user_local_reranker-v1,protocol_a_rollv2_cv3,1,2026,V2H-local-H2_E0,False,H2_E0_non_eeg,sqrt_margin_eeg_base0p05,baseline_score_transform,none,none,False,0.6454849498327759,0.6380658561015704,0.6454849498327759,0.6454893149178863,598,35,28,0.6176679373694298,0.6156566730227445,0.6425893786879555,28
V2-R,V2M-two_stage_user_local_reranker-v1,protocol_a_rollv2_cv3,2,2026,V2H-local-H2_E0,False,H2_E0_non_eeg,sqrt_margin_eeg_base0p05,baseline_score_transform,none,none,False,0.5753424657534246,0.5670417545417545,0.5753424657534246,0.5561848645181978,584,30,26,0.5593995761183261,0.5568713693713693,0.5789793655902442,26
V2-R,V2M-two_stage_user_local_reranker-v1,protocol_a_rollv2_cv3,3,2026,V2H-local-H2_E0,False,H2_E0_non_eeg,sqrt_margin_eeg_base0p05,baseline_score_transform,none,none,False,0.6132686084142395,0.6694362516711587,0.6132686084142395,0.6491712454212454,618,28,24,0.6415097722790031,0.6626265940849274,0.6173368490441661,24
V2-R,V2M-two_stage_user_local_reranker-v1,protocol_a_rollv2_cv3,1,2026,V2H-local-H2_E0,False,H2_E0_non_eeg,margin_power0p25_base0p05,baseline_score_transform,none,none,False,0.6404682274247492,0.6327087132444275,0.6404682274247492,0.6412036006321721,598,35,28,0.6157536990372812,0.6134741333402048,0.6442901770218674,28
V2-R,V2M-two_stage_user_local_reranker-v1,protocol_a_rollv2_cv3,2,2026,V2H-local-H2_E0,False,H2_E0_non_eeg,margin_power0p25_base0p05,baseline_score_transform,none,none,False,0.5873287671232876,0.5857739482739482,0.5873287671232876,0.5745887445887445,584,30,26,0.5741220238095237,0.5729111166611166,0.5846296892321997,26
V2-R,V2M-two_stage_user_local_reranker-v1,protocol_a_rollv2_cv3,3,2026,V2H-local-H2_E0,False,H2_E0_non_eeg,margin_power0p25_base0p05,baseline_score_transform,none,none,False,0.6229773462783171,0.6756747487978139,0.6229773462783171,0.6541977863406435,618,28,24,0.6448523892579837,0.6652391281557949,0.6233794770380137,24
V2-R,V2M-two_stage_user_local_reranker-v1,protocol_a_rollv2_cv3,1,2026,V2H-local-H2_E0,False,H2_E0_non_eeg,oof_pair_score_equal_C0p25,oof_pair_meta,score_only,equal,True,0.6270903010033445,0.6280851489780062,0.6270903010033445,0.614672026386312,598,35,28,0.5991949344188151,0.5952088486909917,0.5749392572023604,28
V2-R,V2M-two_stage_user_local_reranker-v1,protocol_a_rollv2_cv3,2,2026,V2H-local-H2_E0,False,H2_E0_non_eeg,oof_pair_score_equal_C0p25,oof_pair_meta,score_only,equal,True,0.6181506849315068,0.6183263495763496,0.6181506849315068,0.6060415664582331,584,30,26,0.6024577245670997,0.6022714322714322,0.5634588563458857,26
V2-R,V2M-two_stage_user_local_reranker-v1,protocol_a_rollv2_cv3,3,2026,V2H-local-H2_E0,False,H2_E0_non_eeg,oof_pair_score_equal_C0p25,oof_pair_meta,score_only,equal,True,0.616504854368932,0.6580632728339771,0.616504854368932,0.6304638020709449,618,28,24,0.6408724337046016,0.6556447179363846,0.4738885226690105,24
V2-R,V2M-two_stage_user_local_reranker-v1,protocol_a_rollv2_cv3,1,2026,V2H-local-H2_E0,False,H2_E0_non_eeg,oof_pair_score_context_balanced_C0p25,oof_pair_meta,score_only,context_balanced,True,0.617056856187291,0.6032410446696161,0.617056856187291,0.572200371057514,598,35,28,0.5906730417178179,0.5869325267985983,0.5291912530371399,28
V2-R,V2M-two_stage_user_local_reranker-v1,protocol_a_rollv2_cv3,2,2026,V2H-local-H2_E0,False,H2_E0_non_eeg,oof_pair_score_context_balanced_C0p25,oof_pair_meta,score_only,context_balanced,True,0.5924657534246576,0.5886331261331261,0.5924657534246576,0.5850032066698733,584,30,26,0.573650229978355,0.5712445424945425,0.5752244036762865,26
V2-R,V2M-two_stage_user_local_reranker-v1,protocol_a_rollv2_cv3,3,2026,V2H-local-H2_E0,False,H2_E0_non_eeg,oof_pair_score_context_balanced_C0p25,oof_pair_meta,score_only,context_balanced,True,0.6229773462783171,0.6696228009284318,0.6229773462783171,0.6410878803735948,618,28,24,0.6470152031340842,0.6640039821289822,0.6538855929099832,24
V2-R,V2M-two_stage_user_local_reranker-v1,protocol_a_rollv2_cv3,1,2026,V2H-local-H2_E0,False,H2_E0_non_eeg,oof_pair_context_equal_C0p25,oof_pair_meta,context_interactions,equal,True,0.6137123745819398,0.6067247864569294,0.6137123745819398,0.579847385418814,598,35,28,0.5,0.5,0.5093023255813953,28
V2-R,V2M-two_stage_user_local_reranker-v1,protocol_a_rollv2_cv3,2,2026,V2H-local-H2_E0,False,H2_E0_non_eeg,oof_pair_context_equal_C0p25,oof_pair_meta,context_interactions,equal,True,0.6078767123287672,0.604002479002479,0.6078767123287672,0.5810614077280744,584,30,26,0.5,0.5,0.5083682008368201,26
V2-R,V2M-two_stage_user_local_reranker-v1,protocol_a_rollv2_cv3,3,2026,V2H-local-H2_E0,False,H2_E0_non_eeg,oof_pair_context_equal_C0p25,oof_pair_meta,context_interactions,equal,True,0.5679611650485437,0.5896966113426382,0.5679611650485437,0.5358533496926354,618,28,24,0.5,0.5,0.5,24
V2-R,V2M-two_stage_user_local_reranker-v1,protocol_a_rollv2_cv3,1,2026,V2H-local-H2_E0,False,H2_E0_non_eeg,oof_pair_context_balanced_C0p25,oof_pair_meta,context_interactions,context_balanced,True,0.617056856187291,0.6063924996960711,0.617056856187291,0.5872215350786779,598,35,28,0.6035483836230106,0.5974253160860304,0.5982297813259285,28
V2-R,V2M-two_stage_user_local_reranker-v1,protocol_a_rollv2_cv3,2,2026,V2H-local-H2_E0,False,H2_E0_non_eeg,oof_pair_context_balanced_C0p25,oof_pair_meta,context_interactions,context_balanced,True,0.589041095890411,0.5924055111555112,0.589041095890411,0.587214405964406,584,30,26,0.5576565882034632,0.559097569097569,0.5538390015377463,26
V2-R,V2M-two_stage_user_local_reranker-v1,protocol_a_rollv2_cv3,3,2026,V2H-local-H2_E0,False,H2_E0_non_eeg,oof_pair_context_balanced_C0p25,oof_pair_meta,context_interactions,context_balanced,True,0.6229773462783171,0.662688115786671,0.6229773462783171,0.6352820228713086,618,28,24,0.6376251856146962,0.652350631621465,0.6418003369222881,24
V2-R,V2M-two_stage_user_local_reranker-v1,protocol_a_rollv2_cv3,1,2026,V2H-local-H2_E0,False,H2_E0_non_eeg,oof_pair_context_sqrt_pair_C0p25,oof_pair_meta,context_interactions,sqrt_pair_balanced,True,0.6204013377926422,0.6118423639852212,0.6204013377926422,0.5974374355802927,598,35,28,0.6083602550020462,0.6032825061842919,0.6472058313085733,28
V2-R,V2M-two_stage_user_local_reranker-v1,protocol_a_rollv2_cv3,2,2026,V2H-local-H2_E0,False,H2_E0_non_eeg,oof_pair_context_sqrt_pair_C0p25,oof_pair_meta,context_interactions,sqrt_pair_balanced,True,0.5976027397260274,0.5992253117253117,0.5976027397260274,0.5931248997915665,584,30,26,0.5753102453102453,0.5751084563584563,0.5875978972213283,26
V2-R,V2M-two_stage_user_local_reranker-v1,protocol_a_rollv2_cv3,3,2026,V2H-local-H2_E0,False,H2_E0_non_eeg,oof_pair_context_sqrt_pair_C0p25,oof_pair_meta,context_interactions,sqrt_pair_balanced,True,0.6132686084142395,0.6437348643143922,0.6132686084142395,0.617200666397095,618,28,24,0.6140693610973332,0.6286950896325897,0.5632461730022705,24
V2-R,V2M-two_stage_user_local_reranker-v1,protocol_a_rollv2_cv3,1,2026,V2H-local-H2_E0,False,H2_E0_non_eeg,oof_pair_context_balanced_C0p10,oof_pair_meta,context_interactions,context_balanced,True,0.617056856187291,0.6125249981499982,0.617056856187291,0.5956989624132482,598,35,28,0.6044507979582606,0.5999812323919466,0.5840333217632766,28
V2-R,V2M-two_stage_user_local_reranker-v1,protocol_a_rollv2_cv3,2,2026,V2H-local-H2_E0,False,H2_E0_non_eeg,oof_pair_context_balanced_C0p10,oof_pair_meta,context_interactions,context_balanced,True,0.589041095890411,0.5919425481925482,0.589041095890411,0.5868131713965047,584,30,26,0.5642056727994228,0.5647913660413659,0.5512641705110324,26
V2-R,V2M-two_stage_user_local_reranker-v1,protocol_a_rollv2_cv3,3,2026,V2H-local-H2_E0,False,H2_E0_non_eeg,oof_pair_context_balanced_C0p10,oof_pair_meta,context_interactions,context_balanced,True,0.6197411003236246,0.6626596315394367,0.6197411003236246,0.6350981690267404,618,28,24,0.6372351715883183,0.6531998479915146,0.6464879513660001,24
V2-R,V2M-two_stage_user_local_reranker-v1,protocol_a_rollv2_cv3,1,2027,V2H-local-H2_E0,False,H2_E0_non_eeg,v2n_eeg_base_0p05,baseline_score_transform,none,none,False,0.6555183946488294,0.6511142164713591,0.6555183946488294,0.6626435099292243,598,35,28,0.6271149662940707,0.6278162148697863,0.623741756334606,28
V2-R,V2M-two_stage_user_local_reranker-v1,protocol_a_rollv2_cv3,2,2027,V2H-local-H2_E0,False,H2_E0_non_eeg,v2n_eeg_base_0p05,baseline_score_transform,none,none,False,0.571917808219178,0.5606950919450919,0.571917808219178,0.5596791325957994,584,30,26,0.5610996121933621,0.5559498371998373,0.5905661052104567,26
V2-R,V2M-two_stage_user_local_reranker-v1,protocol_a_rollv2_cv3,3,2027,V2H-local-H2_E0,False,H2_E0_non_eeg,v2n_eeg_base_0p05,baseline_score_transform,none,none,False,0.5598705501618123,0.597959648662693,0.5598705501618123,0.5918696713339571,618,28,24,0.5804146902049,0.5991102955686289,0.6450596938401817,24
V2-R,V2M-two_stage_user_local_reranker-v1,protocol_a_rollv2_cv3,1,2027,V2H-local-H2_E0,False,H2_E0_non_eeg,sqrt_margin_eeg_base0p05,baseline_score_transform,none,none,False,0.6521739130434783,0.6444673910745339,0.6521739130434783,0.6573260496117639,598,35,28,0.6222026232473993,0.6215945595409881,0.6233252342936481,28
V2-R,V2M-two_stage_user_local_reranker-v1,protocol_a_rollv2_cv3,2,2027,V2H-local-H2_E0,False,H2_E0_non_eeg,sqrt_margin_eeg_base0p05,baseline_score_transform,none,none,False,0.5753424657534246,0.5650220150220151,0.5753424657534246,0.5634291325957993,584,30,26,0.5649537788600288,0.5602767602767603,0.5915316668454743,26
V2-R,V2M-two_stage_user_local_reranker-v1,protocol_a_rollv2_cv3,3,2027,V2H-local-H2_E0,False,H2_E0_non_eeg,sqrt_margin_eeg_base0p05,baseline_score_transform,none,none,False,0.5631067961165048,0.6036446172888381,0.5631067961165048,0.5976178517249945,618,28,24,0.583291019392418,0.6016051965010298,0.6474401230498791,24
V2-R,V2M-two_stage_user_local_reranker-v1,protocol_a_rollv2_cv3,1,2027,V2H-local-H2_E0,False,H2_E0_non_eeg,margin_power0p25_base0p05,baseline_score_transform,none,none,False,0.6538461538461539,0.6385362686255542,0.6538461538461539,0.6519859135573421,598,35,28,0.6200171221813012,0.6186608860716003,0.6254078444984381,28
V2-R,V2M-two_stage_user_local_reranker-v1,protocol_a_rollv2_cv3,2,2027,V2H-local-H2_E0,False,H2_E0_non_eeg,margin_power0p25_base0p05,baseline_score_transform,none,none,False,0.5873287671232876,0.5860664798164797,0.5873287671232876,0.5841676687510021,584,30,26,0.5789174107142857,0.5753251378251378,0.5957872903479599,26
V2-R,V2M-two_stage_user_local_reranker-v1,protocol_a_rollv2_cv3,3,2027,V2H-local-H2_E0,False,H2_E0_non_eeg,margin_power0p25_base0p05,baseline_score_transform,none,none,False,0.5679611650485437,0.6114853797184163,0.5679611650485437,0.6052914083271227,618,28,24,0.5906431757830359,0.6083834067167401,0.6534461290558853,24
V2-R,V2M-two_stage_user_local_reranker-v1,protocol_a_rollv2_cv3,1,2027,V2H-local-H2_E0,False,H2_E0_non_eeg,oof_pair_score_equal_C0p25,oof_pair_meta,score_only,equal,True,0.5852842809364549,0.575632499114642,0.5852842809364549,0.562462653748368,598,35,28,0.5632350153991945,0.5598634516938089,0.5707393266227004,28
V2-R,V2M-two_stage_user_local_reranker-v1,protocol_a_rollv2_cv3,2,2027,V2H-local-H2_E0,False,H2_E0_non_eeg,oof_pair_score_equal_C0p25,oof_pair_meta,score_only,equal,True,0.6232876712328768,0.6207567895067895,0.6232876712328768,0.609920434503768,584,30,26,0.6176871392496392,0.6168506956006957,0.5493688087830347,26
V2-R,V2M-two_stage_user_local_reranker-v1,protocol_a_rollv2_cv3,3,2027,V2H-local-H2_E0,False,H2_E0_non_eeg,oof_pair_score_equal_C0p25,oof_pair_meta,score_only,equal,True,0.598705501618123,0.6368869925737508,0.598705501618123,0.5827060703846418,618,28,24,0.616075096232439,0.6317466985175318,0.5529187724309675,24
V2-R,V2M-two_stage_user_local_reranker-v1,protocol_a_rollv2_cv3,1,2027,V2H-local-H2_E0,False,H2_E0_non_eeg,oof_pair_score_context_balanced_C0p25,oof_pair_meta,score_only,context_balanced,True,0.6120401337792643,0.6071751561930133,0.6120401337792643,0.5767932385075242,598,35,28,0.5921421033361333,0.5886389404246548,0.5725789656369317,28
V2-R,V2M-two_stage_user_local_reranker-v1,protocol_a_rollv2_cv3,2,2027,V2H-local-H2_E0,False,H2_E0_non_eeg,oof_pair_score_context_balanced_C0p25,oof_pair_meta,score_only,context_balanced,True,0.6027397260273972,0.6021009083509082,0.6027397260273972,0.5991885121051789,584,30,26,0.5946996753246754,0.5926714489214489,0.5843435968958981,26
V2-R,V2M-two_stage_user_local_reranker-v1,protocol_a_rollv2_cv3,3,2027,V2H-local-H2_E0,False,H2_E0_non_eeg,oof_pair_score_context_balanced_C0p25,oof_pair_meta,score_only,context_balanced,True,0.5792880258899676,0.6232280700000321,0.5792880258899676,0.6154115824651539,618,28,24,0.6029917246700464,0.6204167977084644,0.6525672013476891,24
V2-R,V2M-two_stage_user_local_reranker-v1,protocol_a_rollv2_cv3,1,2027,V2H-local-H2_E0,False,H2_E0_non_eeg,oof_pair_context_equal_C0p25,oof_pair_meta,context_interactions,equal,True,0.580267558528428,0.5829115923758781,0.580267558528428,0.5712071737786023,598,35,28,0.501679104477612,0.5022321428571429,0.5116279069767442,28
V2-R,V2M-two_stage_user_local_reranker-v1,protocol_a_rollv2_cv3,2,2027,V2H-local-H2_E0,False,H2_E0_non_eeg,oof_pair_context_equal_C0p25,oof_pair_meta,context_interactions,equal,True,0.6215753424657534,0.6246323121323122,0.6215753424657534,0.618900913900914,584,30,26,0.5,0.5,0.502092050209205,26
V2-R,V2M-two_stage_user_local_reranker-v1,protocol_a_rollv2_cv3,3,2027,V2H-local-H2_E0,False,H2_E0_non_eeg,oof_pair_context_equal_C0p25,oof_pair_meta,context_interactions,equal,True,0.5938511326860841,0.6188624598154396,0.5938511326860841,0.5990746257710544,618,28,24,0.5,0.5,0.5,24
V2-R,V2M-two_stage_user_local_reranker-v1,protocol_a_rollv2_cv3,1,2027,V2H-local-H2_E0,False,H2_E0_non_eeg,oof_pair_context_balanced_C0p25,oof_pair_meta,context_interactions,context_balanced,True,0.6053511705685619,0.6091249259999261,0.6053511705685619,0.5808927368927369,598,35,28,0.6032901509767182,0.5992719714148286,0.6255813953488372,28
V2-R,V2M-two_stage_user_local_reranker-v1,protocol_a_rollv2_cv3,2,2027,V2H-local-H2_E0,False,H2_E0_non_eeg,oof_pair_context_balanced_C0p25,oof_pair_meta,context_interactions,context_balanced,True,0.6113013698630136,0.616759398009398,0.6113013698630136,0.6128052348885682,584,30,26,0.593637490981241,0.5924036149036149,0.5903872975002682,26
V2-R,V2M-two_stage_user_local_reranker-v1,protocol_a_rollv2_cv3,3,2027,V2H-local-H2_E0,False,H2_E0_non_eeg,oof_pair_context_balanced_C0p25,oof_pair_meta,context_interactions,context_balanced,True,0.5938511326860841,0.6226966560617554,0.5938511326860841,0.6039329255400683,618,28,24,0.6040050664176538,0.6198706000789335,0.6652750311286897,24
V2-R,V2M-two_stage_user_local_reranker-v1,protocol_a_rollv2_cv3,1,2027,V2H-local-H2_E0,False,H2_E0_non_eeg,oof_pair_context_sqrt_pair_C0p25,oof_pair_meta,context_interactions,sqrt_pair_balanced,True,0.6020066889632107,0.6097552843981415,0.6020066889632107,0.5986345083487942,598,35,28,0.588683638086623,0.5839791408987837,0.64168691426588,28
V2-R,V2M-two_stage_user_local_reranker-v1,protocol_a_rollv2_cv3,2,2027,V2H-local-H2_E0,False,H2_E0_non_eeg,oof_pair_context_sqrt_pair_C0p25,oof_pair_meta,context_interactions,sqrt_pair_balanced,True,0.6198630136986302,0.6253394753394753,0.6198630136986302,0.6204397146063813,584,30,26,0.6083745941558442,0.6058631183631185,0.5865250509601974,26
V2-R,V2M-two_stage_user_local_reranker-v1,protocol_a_rollv2_cv3,3,2027,V2H-local-H2_E0,False,H2_E0_non_eeg,oof_pair_context_sqrt_pair_C0p25,oof_pair_meta,context_interactions,sqrt_pair_balanced,True,0.6116504854368932,0.640574185691091,0.6116504854368932,0.6184837351801636,618,28,24,0.6121157591437313,0.6265285331951999,0.6119167948436242,24
V2-R,V2M-two_stage_user_local_reranker-v1,protocol_a_rollv2_cv3,1,2027,V2H-local-H2_E0,False,H2_E0_non_eeg,oof_pair_context_balanced_C0p10,oof_pair_meta,context_interactions,context_balanced,True,0.6103678929765887,0.6090682366575224,0.6103678929765887,0.5783077028791315,598,35,28,0.6097790269432061,0.6060900888133031,0.6098576883026727,28
V2-R,V2M-two_stage_user_local_reranker-v1,protocol_a_rollv2_cv3,2,2027,V2H-local-H2_E0,False,H2_E0_non_eeg,oof_pair_context_balanced_C0p10,oof_pair_meta,context_interactions,context_balanced,True,0.6095890410958904,0.6137654012654012,0.6095890410958904,0.6090993265993265,584,30,26,0.602302150974026,0.6004244366744367,0.5881343203518936,26
V2-R,V2M-two_stage_user_local_reranker-v1,protocol_a_rollv2_cv3,3,2027,V2H-local-H2_E0,False,H2_E0_non_eeg,oof_pair_context_balanced_C0p10,oof_pair_meta,context_interactions,context_balanced,True,0.5970873786407767,0.6239348388348646,0.5970873786407767,0.6057101364244222,618,28,24,0.6079969079094953,0.6230573284739952,0.6660807148612028,24
V2-R,V2M-two_stage_user_local_reranker-v1,protocol_a_rollv2_cv3,1,2028,V2H-local-H2_E0,False,H2_E0_non_eeg,v2n_eeg_base_0p05,baseline_score_transform,none,none,False,0.6421404682274248,0.6577913852020997,0.6421404682274248,0.6614681508967223,598,35,28,0.6209587344661971,0.6199217944753661,0.632488719194724,28
V2-R,V2M-two_stage_user_local_reranker-v1,protocol_a_rollv2_cv3,2,2028,V2H-local-H2_E0,False,H2_E0_non_eeg,v2n_eeg_base_0p05,baseline_score_transform,none,none,False,0.5547945205479452,0.5512654012654012,0.5547945205479452,0.5351046176046176,584,30,26,0.5469023944805194,0.5426157176157176,0.5887422665665344,26
V2-R,V2M-two_stage_user_local_reranker-v1,protocol_a_rollv2_cv3,3,2028,V2H-local-H2_E0,False,H2_E0_non_eeg,v2n_eeg_base_0p05,baseline_score_transform,none,none,False,0.5647249190938511,0.593835493634094,0.5647249190938511,0.5766881696345981,618,28,24,0.5671116664997784,0.5860199060199061,0.5858785614883175,24
V2-R,V2M-two_stage_user_local_reranker-v1,protocol_a_rollv2_cv3,1,2028,V2H-local-H2_E0,False,H2_E0_non_eeg,sqrt_margin_eeg_base0p05,baseline_score_transform,none,none,False,0.6421404682274248,0.6610145178895179,0.6421404682274248,0.664046657046657,598,35,28,0.6204009174904698,0.6186806414484985,0.6323498785144047,28
V2-R,V2M-two_stage_user_local_reranker-v1,protocol_a_rollv2_cv3,2,2028,V2H-local-H2_E0,False,H2_E0_non_eeg,sqrt_margin_eeg_base0p05,baseline_score_transform,none,none,False,0.5565068493150684,0.5539388851888852,0.5565068493150684,0.5374216370049704,584,30,26,0.5469247159090909,0.543495855995856,0.5914243822193612,26
V2-R,V2M-two_stage_user_local_reranker-v1,protocol_a_rollv2_cv3,3,2028,V2H-local-H2_E0,False,H2_E0_non_eeg,sqrt_margin_eeg_base0p05,baseline_score_transform,none,none,False,0.5647249190938511,0.5948290676209278,0.5647249190938511,0.5782557158450016,618,28,24,0.5674836430081185,0.5861346446763113,0.5881125027466491,24
V2-R,V2M-two_stage_user_local_reranker-v1,protocol_a_rollv2_cv3,1,2028,V2H-local-H2_E0,False,H2_E0_non_eeg,margin_power0p25_base0p05,baseline_score_transform,none,none,False,0.6471571906354515,0.6646851528101531,0.6471571906354515,0.666983164983165,598,35,28,0.6246664943679869,0.623014541675256,0.6325581395348838,28
V2-R,V2M-two_stage_user_local_reranker-v1,protocol_a_rollv2_cv3,2,2028,V2H-local-H2_E0,False,H2_E0_non_eeg,margin_power0p25_base0p05,baseline_score_transform,none,none,False,0.5633561643835616,0.5631269193769194,0.5633561643835616,0.5547629068462402,584,30,26,0.5545251623376624,0.5516765641765642,0.5947859671709044,26
V2-R,V2M-two_stage_user_local_reranker-v1,protocol_a_rollv2_cv3,3,2028,V2H-local-H2_E0,False,H2_E0_non_eeg,margin_power0p25_base0p05,baseline_score_transform,none,none,False,0.56957928802589,0.6006793926437245,0.56957928802589,0.5777762184905042,618,28,24,0.5729073859318614,0.592541721395888,0.5934959349593496,24
V2-R,V2M-two_stage_user_local_reranker-v1,protocol_a_rollv2_cv3,1,2028,V2H-local-H2_E0,False,H2_E0_non_eeg,oof_pair_score_equal_C0p25,oof_pair_meta,score_only,equal,True,0.6020066889632107,0.5857423330637616,0.6020066889632107,0.5626855287569573,598,35,28,0.5783101806982405,0.5767131132756134,0.5576535925026033,28
V2-R,V2M-two_stage_user_local_reranker-v1,protocol_a_rollv2_cv3,2,2028,V2H-local-H2_E0,False,H2_E0_non_eeg,oof_pair_score_equal_C0p25,oof_pair_meta,score_only,equal,True,0.6113013698630136,0.6255517630517631,0.6113013698630136,0.6148035914702581,584,30,26,0.6068429834054834,0.6069538332038332,0.5946429210027536,26
V2-R,V2M-two_stage_user_local_reranker-v1,protocol_a_rollv2_cv3,3,2028,V2H-local-H2_E0,False,H2_E0_non_eeg,oof_pair_score_equal_C0p25,oof_pair_meta,score_only,equal,True,0.598705501618123,0.6292703167551594,0.598705501618123,0.6109405739762882,618,28,24,0.60792386517911,0.6215459694626361,0.4886105617812935,24
V2-R,V2M-two_stage_user_local_reranker-v1,protocol_a_rollv2_cv3,1,2028,V2H-local-H2_E0,False,H2_E0_non_eeg,oof_pair_score_context_balanced_C0p25,oof_pair_meta,score_only,context_balanced,True,0.6003344481605352,0.5976896119753263,0.6003344481605352,0.5689497010925582,598,35,28,0.5813081777260882,0.5781081864564008,0.5169385629989587,28
V2-R,V2M-two_stage_user_local_reranker-v1,protocol_a_rollv2_cv3,2,2028,V2H-local-H2_E0,False,H2_E0_non_eeg,oof_pair_score_context_balanced_C0p25,oof_pair_meta,score_only,context_balanced,True,0.5976027397260274,0.595923520923521,0.5976027397260274,0.5792183742183742,584,30,26,0.5885752615440115,0.5857582695082695,0.5931766977792082,26
V2-R,V2M-two_stage_user_local_reranker-v1,protocol_a_rollv2_cv3,3,2028,V2H-local-H2_E0,False,H2_E0_non_eeg,oof_pair_score_context_balanced_C0p25,oof_pair_meta,score_only,context_balanced,True,0.5792880258899676,0.6167870888583286,0.5792880258899676,0.5911026341383485,618,28,24,0.597054480096438,0.6149405070238404,0.605691056910569,24
V2-R,V2M-two_stage_user_local_reranker-v1,protocol_a_rollv2_cv3,1,2028,V2H-local-H2_E0,False,H2_E0_non_eeg,oof_pair_context_equal_C0p25,oof_pair_meta,context_interactions,equal,True,0.6003344481605352,0.60133917008917,0.6003344481605352,0.579201023843881,598,35,28,0.5,0.5,0.5,28
V2-R,V2M-two_stage_user_local_reranker-v1,protocol_a_rollv2_cv3,2,2028,V2H-local-H2_E0,False,H2_E0_non_eeg,oof_pair_context_equal_C0p25,oof_pair_meta,context_interactions,equal,True,0.6113013698630136,0.6326247826247826,0.6113013698630136,0.6287377745711079,584,30,26,0.5,0.5,0.5,26
V2-R,V2M-two_stage_user_local_reranker-v1,protocol_a_rollv2_cv3,3,2028,V2H-local-H2_E0,False,H2_E0_non_eeg,oof_pair_context_equal_C0p25,oof_pair_meta,context_interactions,equal,True,0.5647249190938511,0.5755691315908035,0.5647249190938511,0.5282183491112062,618,28,24,0.5,0.5,0.5,24
V2-R,V2M-two_stage_user_local_reranker-v1,protocol_a_rollv2_cv3,1,2028,V2H-local-H2_E0,False,H2_E0_non_eeg,oof_pair_context_balanced_C0p25,oof_pair_meta,context_interactions,context_balanced,True,0.6003344481605352,0.6005358893751751,0.6003344481605352,0.5709716209716209,598,35,28,0.5964602313109777,0.5918218752147324,0.5954876778896216,28
V2-R,V2M-two_stage_user_local_reranker-v1,protocol_a_rollv2_cv3,2,2028,V2H-local-H2_E0,False,H2_E0_non_eeg,oof_pair_context_balanced_C0p25,oof_pair_meta,context_interactions,context_balanced,True,0.5856164383561644,0.5900143837643838,0.5856164383561644,0.5900230479397146,584,30,26,0.5654099025974026,0.563433880933881,0.5695025569502556,26
V2-R,V2M-two_stage_user_local_reranker-v1,protocol_a_rollv2_cv3,3,2028,V2H-local-H2_E0,False,H2_E0_non_eeg,oof_pair_context_balanced_C0p25,oof_pair_meta,context_interactions,context_balanced,True,0.5841423948220065,0.6121529211457617,0.5841423948220065,0.5867621961371962,618,28,24,0.5944063318189192,0.6103137217720551,0.6178861788617886,24
V2-R,V2M-two_stage_user_local_reranker-v1,protocol_a_rollv2_cv3,1,2028,V2H-local-H2_E0,False,H2_E0_non_eeg,oof_pair_context_sqrt_pair_C0p25,oof_pair_meta,context_interactions,sqrt_pair_balanced,True,0.6070234113712375,0.6123764033585462,0.6070234113712375,0.5843329210472068,598,35,28,0.5976283086730848,0.5939779169243454,0.6408191600138842,28
V2-R,V2M-two_stage_user_local_reranker-v1,protocol_a_rollv2_cv3,2,2028,V2H-local-H2_E0,False,H2_E0_non_eeg,oof_pair_context_sqrt_pair_C0p25,oof_pair_meta,context_interactions,sqrt_pair_balanced,True,0.5993150684931506,0.6142461704961705,0.5993150684931506,0.6104948292448292,584,30,26,0.5914006132756133,0.5918514818514818,0.5882058434359689,26
V2-R,V2M-two_stage_user_local_reranker-v1,protocol_a_rollv2_cv3,3,2028,V2H-local-H2_E0,False,H2_E0_non_eeg,oof_pair_context_sqrt_pair_C0p25,oof_pair_meta,context_interactions,sqrt_pair_balanced,True,0.5889967637540453,0.6150173952139574,0.5889967637540453,0.5549570997785284,618,28,24,0.5899294858210942,0.6034089444506111,0.570387460631363,24
V2-R,V2M-two_stage_user_local_reranker-v1,protocol_a_rollv2_cv3,1,2028,V2H-local-H2_E0,False,H2_E0_non_eeg,oof_pair_context_balanced_C0p10,oof_pair_meta,context_interactions,context_balanced,True,0.6003344481605352,0.6000314830671974,0.6003344481605352,0.5708231979660551,598,35,28,0.6036917145872369,0.6005597643097643,0.5743491843110031,28
V2-R,V2M-two_stage_user_local_reranker-v1,protocol_a_rollv2_cv3,2,2028,V2H-local-H2_E0,False,H2_E0_non_eeg,oof_pair_context_balanced_C0p10,oof_pair_meta,context_interactions,context_balanced,True,0.5821917808219178,0.5885898823398823,0.5821917808219178,0.58878848003848,584,30,26,0.5724387851731602,0.5706272893772893,0.565854879662411,26
V2-R,V2M-two_stage_user_local_reranker-v1,protocol_a_rollv2_cv3,3,2028,V2H-local-H2_E0,False,H2_E0_non_eeg,oof_pair_context_balanced_C0p10,oof_pair_meta,context_interactions,context_balanced,True,0.5857605177993528,0.6117487188665595,0.5857605177993528,0.5864157370407371,618,28,24,0.5917203425944685,0.6079253925087259,0.6175565809712151,24
V2-R,V2M-two_stage_user_local_reranker-v1,protocol_a_rollv2_cv3,1,2029,V2H-local-H2_E0,False,H2_E0_non_eeg,v2n_eeg_base_0p05,baseline_score_transform,none,none,False,0.6287625418060201,0.6033124547410261,0.6287625418060201,0.6125278636707209,598,35,28,0.5979936895608537,0.5908118600975744,0.6409580006942034,28
V2-R,V2M-two_stage_user_local_reranker-v1,protocol_a_rollv2_cv3,2,2029,V2H-local-H2_E0,False,H2_E0_non_eeg,v2n_eeg_base_0p05,baseline_score_transform,none,none,False,0.5616438356164384,0.5508889258889258,0.5616438356164384,0.5427148468815134,584,30,26,0.5402720283189033,0.5369306619306619,0.6120587919751099,26
V2-R,V2M-two_stage_user_local_reranker-v1,protocol_a_rollv2_cv3,3,2029,V2H-local-H2_E0,False,H2_E0_non_eeg,v2n_eeg_base_0p05,baseline_score_transform,none,none,False,0.5938511326860841,0.6101673167554553,0.5938511326860841,0.6126175114567971,618,28,24,0.5876623764735653,0.6046195702445702,0.5900900900900901,24
V2-R,V2M-two_stage_user_local_reranker-v1,protocol_a_rollv2_cv3,1,2029,V2H-local-H2_E0,False,H2_E0_non_eeg,sqrt_margin_eeg_base0p05,baseline_score_transform,none,none,False,0.6337792642140468,0.6079255499791214,0.6337792642140468,0.6168135779564351,598,35,28,0.5993369731429433,0.5914921322064178,0.641443943075321,28
V2-R,V2M-two_stage_user_local_reranker-v1,protocol_a_rollv2_cv3,2,2029,V2H-local-H2_E0,False,H2_E0_non_eeg,sqrt_margin_eeg_base0p05,baseline_score_transform,none,none,False,0.5667808219178082,0.5565869315869315,0.5667808219178082,0.5471240179573513,584,30,26,0.5464786255411255,0.5439641377141378,0.6139899152451453,26
V2-R,V2M-two_stage_user_local_reranker-v1,protocol_a_rollv2_cv3,3,2029,V2H-local-H2_E0,False,H2_E0_non_eeg,sqrt_margin_eeg_base0p05,baseline_score_transform,none,none,False,0.5938511326860841,0.6093644968901354,0.5938511326860841,0.6070186658579516,618,28,24,0.5875308161147321,0.6046848059348059,0.5924338973119462,24
V2-R,V2M-two_stage_user_local_reranker-v1,protocol_a_rollv2_cv3,1,2029,V2H-local-H2_E0,False,H2_E0_non_eeg,margin_power0p25_base0p05,baseline_score_transform,none,none,False,0.6321070234113713,0.6090309921559921,0.6321070234113713,0.6176979316979317,598,35,28,0.6045241325838341,0.597586236514808,0.6425546685178757,28
V2-R,V2M-two_stage_user_local_reranker-v1,protocol_a_rollv2_cv3,2,2029,V2H-local-H2_E0,False,H2_E0_non_eeg,margin_power0p25_base0p05,baseline_score_transform,none,none,False,0.5684931506849316,0.5622137122137122,0.5684931506849316,0.5480190796857464,584,30,26,0.5580900523088024,0.5561420061420062,0.6182455387476308,26
V2-R,V2M-two_stage_user_local_reranker-v1,protocol_a_rollv2_cv3,3,2029,V2H-local-H2_E0,False,H2_E0_non_eeg,margin_power0p25_base0p05,baseline_score_transform,none,none,False,0.6084142394822006,0.6288099510258308,0.6084142394822006,0.6246941121048264,618,28,24,0.6048341324565101,0.6223244579494579,0.5971581337434997,24
V2-R,V2M-two_stage_user_local_reranker-v1,protocol_a_rollv2_cv3,1,2029,V2H-local-H2_E0,False,H2_E0_non_eeg,oof_pair_score_equal_C0p25,oof_pair_meta,score_only,equal,True,0.6270903010033445,0.6299288410002696,0.6270903010033445,0.6100358688930118,598,35,28,0.6104364540931706,0.6081211348175634,0.6169038528288788,28
V2-R,V2M-two_stage_user_local_reranker-v1,protocol_a_rollv2_cv3,2,2029,V2H-local-H2_E0,False,H2_E0_non_eeg,oof_pair_score_equal_C0p25,oof_pair_meta,score_only,equal,True,0.601027397260274,0.6060092685092685,0.601027397260274,0.5904593554593555,584,30,26,0.5891021825396826,0.5860293872793872,0.6021886063727068,26
V2-R,V2M-two_stage_user_local_reranker-v1,protocol_a_rollv2_cv3,3,2029,V2H-local-H2_E0,False,H2_E0_non_eeg,oof_pair_score_equal_C0p25,oof_pair_meta,score_only,equal,True,0.6003236245954693,0.6317265701298854,0.6003236245954693,0.5877904370761513,618,28,24,0.6084418980398002,0.6204876527793194,0.5278693327473816,24
V2-R,V2M-two_stage_user_local_reranker-v1,protocol_a_rollv2_cv3,1,2029,V2H-local-H2_E0,False,H2_E0_non_eeg,oof_pair_score_context_balanced_C0p25,oof_pair_meta,score_only,context_balanced,True,0.6137123745819398,0.6076995326102469,0.6137123745819398,0.5772127396413111,598,35,28,0.6013698821907778,0.5976010101010102,0.6045470322804581,28
V2-R,V2M-two_stage_user_local_reranker-v1,protocol_a_rollv2_cv3,2,2029,V2H-local-H2_E0,False,H2_E0_non_eeg,oof_pair_score_context_balanced_C0p25,oof_pair_meta,score_only,context_balanced,True,0.5976027397260274,0.5978590853590854,0.5976027397260274,0.5957106782106784,584,30,26,0.5845780348124099,0.5834342046842047,0.6165289847298215,26
V2-R,V2M-two_stage_user_local_reranker-v1,protocol_a_rollv2_cv3,3,2029,V2H-local-H2_E0,False,H2_E0_non_eeg,oof_pair_score_context_balanced_C0p25,oof_pair_meta,score_only,context_balanced,True,0.627831715210356,0.6609902249691982,0.627831715210356,0.6122339499125214,618,28,24,0.6401290337479149,0.6550191937691938,0.6072658023877536,24
V2-R,V2M-two_stage_user_local_reranker-v1,protocol_a_rollv2_cv3,1,2029,V2H-local-H2_E0,False,H2_E0_non_eeg,oof_pair_context_equal_C0p25,oof_pair_meta,context_interactions,equal,True,0.6337792642140468,0.6362185235399521,0.6337792642140468,0.6186390434961863,598,35,28,0.5,0.5,0.5,28
V2-R,V2M-two_stage_user_local_reranker-v1,protocol_a_rollv2_cv3,2,2029,V2H-local-H2_E0,False,H2_E0_non_eeg,oof_pair_context_equal_C0p25,oof_pair_meta,context_interactions,equal,True,0.5924657534246576,0.5923456173456174,0.5924657534246576,0.5812101170434505,584,30,26,0.5,0.5,0.5,26
V2-R,V2M-two_stage_user_local_reranker-v1,protocol_a_rollv2_cv3,3,2029,V2H-local-H2_E0,False,H2_E0_non_eeg,oof_pair_context_equal_C0p25,oof_pair_meta,context_interactions,equal,True,0.5436893203883495,0.5413668323718955,0.5436893203883495,0.5070510210688782,618,28,24,0.5,0.5,0.5,24
V2-R,V2M-two_stage_user_local_reranker-v1,protocol_a_rollv2_cv3,1,2029,V2H-local-H2_E0,False,H2_E0_non_eeg,oof_pair_context_balanced_C0p25,oof_pair_meta,context_interactions,context_balanced,True,0.6086956521739131,0.6047233421340564,0.6086956521739131,0.5748317872603587,598,35,28,0.6065384118369195,0.6012672644815502,0.629364803887539,28
V2-R,V2M-two_stage_user_local_reranker-v1,protocol_a_rollv2_cv3,2,2029,V2H-local-H2_E0,False,H2_E0_non_eeg,oof_pair_context_balanced_C0p25,oof_pair_meta,context_interactions,context_balanced,True,0.601027397260274,0.5971900784400785,0.601027397260274,0.5951308722142056,584,30,26,0.5644035218253968,0.5638051300551301,0.5922111361441905,26
V2-R,V2M-two_stage_user_local_reranker-v1,protocol_a_rollv2_cv3,3,2029,V2H-local-H2_E0,False,H2_E0_non_eeg,oof_pair_context_balanced_C0p25,oof_pair_meta,context_interactions,context_balanced,True,0.6116504854368932,0.6332719850334659,0.6116504854368932,0.5877101304779876,618,28,24,0.6035424753956222,0.6163981504606505,0.6164579213359701,24
V2-R,V2M-two_stage_user_local_reranker-v1,protocol_a_rollv2_cv3,1,2029,V2H-local-H2_E0,False,H2_E0_non_eeg,oof_pair_context_sqrt_pair_C0p25,oof_pair_meta,context_interactions,sqrt_pair_balanced,True,0.6103678929765887,0.6139802393373823,0.6103678929765887,0.5972769875627019,598,35,28,0.597509745644074,0.5930078634989349,0.6292606733772996,28
V2-R,V2M-two_stage_user_local_reranker-v1,protocol_a_rollv2_cv3,2,2029,V2H-local-H2_E0,False,H2_E0_non_eeg,oof_pair_context_sqrt_pair_C0p25,oof_pair_meta,context_interactions,sqrt_pair_balanced,True,0.6027397260273972,0.6096926221926222,0.6027397260273972,0.6059664101330767,584,30,26,0.5838432314213564,0.5832984607984607,0.6163501770196331,26
V2-R,V2M-two_stage_user_local_reranker-v1,protocol_a_rollv2_cv3,3,2029,V2H-local-H2_E0,False,H2_E0_non_eeg,oof_pair_context_sqrt_pair_C0p25,oof_pair_meta,context_interactions,sqrt_pair_balanced,True,0.5792880258899676,0.5944280145749121,0.5792880258899676,0.5538306898128327,618,28,24,0.5615469709001177,0.5768004873213206,0.5727678898410606,24
V2-R,V2M-two_stage_user_local_reranker-v1,protocol_a_rollv2_cv3,1,2029,V2H-local-H2_E0,False,H2_E0_non_eeg,oof_pair_context_balanced_C0p10,oof_pair_meta,context_interactions,context_balanced,True,0.6137123745819398,0.6089170650777794,0.6137123745819398,0.578186765615337,598,35,28,0.6035376149555255,0.5984849773242631,0.6170426935091982,28
V2-R,V2M-two_stage_user_local_reranker-v1,protocol_a_rollv2_cv3,2,2029,V2H-local-H2_E0,False,H2_E0_non_eeg,oof_pair_context_balanced_C0p10,oof_pair_meta,context_interactions,context_balanced,True,0.5976027397260274,0.594163012913013,0.5976027397260274,0.5925074154240821,584,30,26,0.571914908008658,0.569772126022126,0.5888137896506097,26
V2-R,V2M-two_stage_user_local_reranker-v1,protocol_a_rollv2_cv3,3,2029,V2H-local-H2_E0,False,H2_E0_non_eeg,oof_pair_context_balanced_C0p10,oof_pair_meta,context_interactions,context_balanced,True,0.6116504854368932,0.636482720716628,0.6116504854368932,0.5911781009995296,618,28,24,0.6141554735086204,0.6261209238292572,0.6189848384970336,24
V2-R,V2M-two_stage_user_local_reranker-v1,protocol_a_rollv2_cv3,1,2030,V2H-local-H2_E0,False,H2_E0_non_eeg,v2n_eeg_base_0p05,baseline_score_transform,none,none,False,0.6521739130434783,0.6527854453747312,0.6521739130434783,0.6631715797430082,598,35,28,0.6105738622902801,0.6067942391603106,0.6434571329399513,28
V2-R,V2M-two_stage_user_local_reranker-v1,protocol_a_rollv2_cv3,2,2030,V2H-local-H2_E0,False,H2_E0_non_eeg,v2n_eeg_base_0p05,baseline_score_transform,none,none,False,0.5616438356164384,0.5575001387501387,0.5616438356164384,0.5436826599326599,584,30,26,0.5543128832972584,0.5497578810078809,0.612166076601223,26
V2-R,V2M-two_stage_user_local_reranker-v1,protocol_a_rollv2_cv3,3,2030,V2H-local-H2_E0,False,H2_E0_non_eeg,v2n_eeg_base_0p05,baseline_score_transform,none,none,False,0.5922330097087378,0.6271105906775735,0.5922330097087378,0.6195991871884728,618,28,24,0.6069500623696428,0.6248735446652113,0.6397861275910056,24
V2-R,V2M-two_stage_user_local_reranker-v1,protocol_a_rollv2_cv3,1,2030,V2H-local-H2_E0,False,H2_E0_non_eeg,sqrt_margin_eeg_base0p05,baseline_score_transform,none,none,False,0.6521739130434783,0.6550742775742776,0.6521739130434783,0.6644074074074073,598,35,28,0.6133777002433718,0.6094728105888819,0.6441166261714681,28
V2-R,V2M-two_stage_user_local_reranker-v1,protocol_a_rollv2_cv3,2,2030,V2H-local-H2_E0,False,H2_E0_non_eeg,sqrt_margin_eeg_base0p05,baseline_score_transform,none,none,False,0.565068493150685,0.5666347541347542,0.565068493150685,0.5515993265993266,584,30,26,0.5602379825036075,0.5579385891885892,0.6137038229088438,26
V2-R,V2M-two_stage_user_local_reranker-v1,protocol_a_rollv2_cv3,3,2030,V2H-local-H2_E0,False,H2_E0_non_eeg,sqrt_margin_eeg_base0p05,baseline_score_transform,none,none,False,0.5970873786407767,0.6313801139330035,0.5970873786407767,0.6225428671857244,618,28,24,0.612804056860001,0.6307935081893415,0.6422031787885446,24
V2-R,V2M-two_stage_user_local_reranker-v1,protocol_a_rollv2_cv3,1,2030,V2H-local-H2_E0,False,H2_E0_non_eeg,margin_power0p25_base0p05,baseline_score_transform,none,none,False,0.6538461538461539,0.6536663105413105,0.6538461538461539,0.6625026455026455,598,35,28,0.6199981693265274,0.6163180486841201,0.6455397431447414,28
V2-R,V2M-two_stage_user_local_reranker-v1,protocol_a_rollv2_cv3,2,2030,V2H-local-H2_E0,False,H2_E0_non_eeg,margin_power0p25_base0p05,baseline_score_transform,none,none,False,0.5753424657534246,0.580790737040737,0.5753424657534246,0.5643969456469456,584,30,26,0.5752642496392496,0.5731719669219669,0.6177091156170654,26
V2-R,V2M-two_stage_user_local_reranker-v1,protocol_a_rollv2_cv3,3,2030,V2H-local-H2_E0,False,H2_E0_non_eeg,margin_power0p25_base0p05,baseline_score_transform,none,none,False,0.6019417475728155,0.6383880617552573,0.6019417475728155,0.6195498516034229,618,28,24,0.6213897019841076,0.6390140684932352,0.6480993188310262,24
V2-R,V2M-two_stage_user_local_reranker-v1,protocol_a_rollv2_cv3,1,2030,V2H-local-H2_E0,False,H2_E0_non_eeg,oof_pair_score_equal_C0p25,oof_pair_meta,score_only,equal,True,0.6003344481605352,0.6088242148063577,0.6003344481605352,0.5939061361918505,598,35,28,0.5890532187547112,0.5847429438947296,0.6375216938562999,28
V2-R,V2M-two_stage_user_local_reranker-v1,protocol_a_rollv2_cv3,2,2030,V2H-local-H2_E0,False,H2_E0_non_eeg,oof_pair_score_equal_C0p25,oof_pair_meta,score_only,equal,True,0.5993150684931506,0.60253589003589,0.5993150684931506,0.5889834856501522,584,30,26,0.5955480023448774,0.595514023014023,0.6405965025211887,26
V2-R,V2M-two_stage_user_local_reranker-v1,protocol_a_rollv2_cv3,3,2030,V2H-local-H2_E0,False,H2_E0_non_eeg,oof_pair_score_equal_C0p25,oof_pair_meta,score_only,equal,True,0.6343042071197411,0.6776325506219405,0.6343042071197411,0.6263393616965045,618,28,24,0.6520346689052983,0.6675954369704371,0.6118069288800996,24
V2-R,V2M-two_stage_user_local_reranker-v1,protocol_a_rollv2_cv3,1,2030,V2H-local-H2_E0,False,H2_E0_non_eeg,oof_pair_score_context_balanced_C0p25,oof_pair_meta,score_only,context_balanced,True,0.6137123745819398,0.6102505530184102,0.6137123745819398,0.5817932385075242,598,35,28,0.6045161637698953,0.6009253246753248,0.6177716070808748,28
V2-R,V2M-two_stage_user_local_reranker-v1,protocol_a_rollv2_cv3,2,2030,V2H-local-H2_E0,False,H2_E0_non_eeg,oof_pair_score_context_balanced_C0p25,oof_pair_meta,score_only,context_balanced,True,0.571917808219178,0.569075369075369,0.571917808219178,0.5567436267436267,584,30,26,0.562654558982684,0.5606136918636918,0.6118799842649215,26
V2-R,V2M-two_stage_user_local_reranker-v1,protocol_a_rollv2_cv3,3,2030,V2H-local-H2_E0,False,H2_E0_non_eeg,oof_pair_score_context_balanced_C0p25,oof_pair_meta,score_only,context_balanced,True,0.6067961165048543,0.6473476995880892,0.6067961165048543,0.6244096412846413,618,28,24,0.6262206422171457,0.6446452428744095,0.6526770673112137,24
V2-R,V2M-two_stage_user_local_reranker-v1,protocol_a_rollv2_cv3,1,2030,V2H-local-H2_E0,False,H2_E0_non_eeg,oof_pair_context_equal_C0p25,oof_pair_meta,context_interactions,equal,True,0.6020066889632107,0.6135900276971705,0.6020066889632107,0.5979171992029135,598,35,28,0.48794243070362475,0.48278061224489793,0.5115584866365845,28
V2-R,V2M-two_stage_user_local_reranker-v1,protocol_a_rollv2_cv3,2,2030,V2H-local-H2_E0,False,H2_E0_non_eeg,oof_pair_context_equal_C0p25,oof_pair_meta,context_interactions,equal,True,0.5804794520547946,0.5848898786398785,0.5804794520547946,0.5690606461439794,584,30,26,0.5,0.5,0.5083682008368201,26
V2-R,V2M-two_stage_user_local_reranker-v1,protocol_a_rollv2_cv3,3,2030,V2H-local-H2_E0,False,H2_E0_non_eeg,oof_pair_context_equal_C0p25,oof_pair_meta,context_interactions,equal,True,0.5776699029126213,0.5821292798010097,0.5776699029126213,0.541246214103357,618,28,24,0.5,0.5,0.5,24
V2-R,V2M-two_stage_user_local_reranker-v1,protocol_a_rollv2_cv3,1,2030,V2H-local-H2_E0,False,H2_E0_non_eeg,oof_pair_context_balanced_C0p25,oof_pair_meta,context_interactions,context_balanced,True,0.6086956521739131,0.6054968080860939,0.6086956521739131,0.576799766371195,598,35,28,0.6047129073248477,0.5996349764653336,0.6428670600485942,28
V2-R,V2M-two_stage_user_local_reranker-v1,protocol_a_rollv2_cv3,2,2030,V2H-local-H2_E0,False,H2_E0_non_eeg,oof_pair_context_balanced_C0p25,oof_pair_meta,context_interactions,context_balanced,True,0.5633561643835616,0.5715300902800903,0.5633561643835616,0.559453062369729,584,30,26,0.5462441378066377,0.5456212768712768,0.5767621499839073,26
V2-R,V2M-two_stage_user_local_reranker-v1,protocol_a_rollv2_cv3,3,2030,V2H-local-H2_E0,False,H2_E0_non_eeg,oof_pair_context_balanced_C0p25,oof_pair_meta,context_interactions,context_balanced,True,0.6116504854368932,0.6362120327511517,0.6116504854368932,0.6081270779485065,618,28,24,0.6194716705206216,0.6341437382062382,0.661502966381015,24
V2-R,V2M-two_stage_user_local_reranker-v1,protocol_a_rollv2_cv3,1,2030,V2H-local-H2_E0,False,H2_E0_non_eeg,oof_pair_context_sqrt_pair_C0p25,oof_pair_meta,context_interactions,sqrt_pair_balanced,True,0.6070234113712375,0.6144706021491737,0.6070234113712375,0.5990184841613413,598,35,28,0.611202214038035,0.6074505686112829,0.6636237417563347,28
V2-R,V2M-two_stage_user_local_reranker-v1,protocol_a_rollv2_cv3,2,2030,V2H-local-H2_E0,False,H2_E0_non_eeg,oof_pair_context_sqrt_pair_C0p25,oof_pair_meta,context_interactions,sqrt_pair_balanced,True,0.589041095890411,0.5954871517371517,0.589041095890411,0.5807449494949495,584,30,26,0.572665156024531,0.5712534687534687,0.5940349747881128,26
V2-R,V2M-two_stage_user_local_reranker-v1,protocol_a_rollv2_cv3,3,2030,V2H-local-H2_E0,False,H2_E0_non_eeg,oof_pair_context_sqrt_pair_C0p25,oof_pair_meta,context_interactions,sqrt_pair_balanced,True,0.6132686084142395,0.6392722811351875,0.6132686084142395,0.592908252461824,618,28,24,0.6071442155358239,0.6203208712583713,0.6293122390683367,24
V2-R,V2M-two_stage_user_local_reranker-v1,protocol_a_rollv2_cv3,1,2030,V2H-local-H2_E0,False,H2_E0_non_eeg,oof_pair_context_balanced_C0p10,oof_pair_meta,context_interactions,context_balanced,True,0.6120401337792643,0.6105988489024204,0.6120401337792643,0.5808813990242562,598,35,28,0.6107161163877581,0.6058862004397719,0.6271086428323498,28
V2-R,V2M-two_stage_user_local_reranker-v1,protocol_a_rollv2_cv3,2,2030,V2H-local-H2_E0,False,H2_E0_non_eeg,oof_pair_context_balanced_C0p10,oof_pair_meta,context_interactions,context_balanced,True,0.571917808219178,0.5789934602434602,0.571917808219178,0.5664504168670835,584,30,26,0.5570304608585859,0.5557944370444371,0.5757250652648142,26
V2-R,V2M-two_stage_user_local_reranker-v1,protocol_a_rollv2_cv3,3,2030,V2H-local-H2_E0,False,H2_E0_non_eeg,oof_pair_context_balanced_C0p10,oof_pair_meta,context_interactions,context_balanced,True,0.616504854368932,0.6423351688742879,0.616504854368932,0.613375480339766,618,28,24,0.6279033903159777,0.6432827473452473,0.6595253790375741,24
V2-R,V2M-two_stage_user_local_reranker-v1,protocol_a_rollv2_cv3,1,2026,V2H-local-real,True,real_eeg,v2n_eeg_base_0p05,baseline_score_transform,none,none,False,0.7140468227424749,0.7262253057788771,0.7140468227424749,0.7490358001786573,598,35,28,0.7092797915185975,0.7083063200027484,0.607913918778202,28
V2-R,V2M-two_stage_user_local_reranker-v1,protocol_a_rollv2_cv3,2,2026,V2H-local-real,True,real_eeg,v2n_eeg_base_0p05,baseline_score_transform,none,none,False,0.6335616438356164,0.6265426702926702,0.6335616438356164,0.6132549703383037,584,30,26,0.6062291441197691,0.6052570115070114,0.6152773307585023,26
V2-R,V2M-two_stage_user_local_reranker-v1,protocol_a_rollv2_cv3,3,2026,V2H-local-real,True,real_eeg,v2n_eeg_base_0p05,baseline_score_transform,none,none,False,0.6682847896440129,0.6855015707140965,0.6682847896440129,0.6651993079671651,618,28,24,0.6810185346898633,0.690633760529594,0.5674210796162016,24
V2-R,V2M-two_stage_user_local_reranker-v1,protocol_a_rollv2_cv3,1,2026,V2H-local-real,True,real_eeg,sqrt_margin_eeg_base0p05,baseline_score_transform,none,none,False,0.7140468227424749,0.7250724407867264,0.7140468227424749,0.7493192468906755,598,35,28,0.7078570351704679,0.7075365689204974,0.6075321069073238,28
V2-R,V2M-two_stage_user_local_reranker-v1,protocol_a_rollv2_cv3,2,2026,V2H-local-real,True,real_eeg,sqrt_margin_eeg_base0p05,baseline_score_transform,none,none,False,0.6318493150684932,0.6263493450993451,0.6318493150684932,0.6144101731601732,584,30,26,0.6050795905483406,0.6039953102453102,0.6168866001501985,26
V2-R,V2M-two_stage_user_local_reranker-v1,protocol_a_rollv2_cv3,3,2026,V2H-local-real,True,real_eeg,sqrt_margin_eeg_base0p05,baseline_score_transform,none,none,False,0.6682847896440129,0.6916708290157078,0.6682847896440129,0.6722379439343725,618,28,24,0.6843122495220397,0.6939843913802247,0.5693620449718011,24
V2-R,V2M-two_stage_user_local_reranker-v1,protocol_a_rollv2_cv3,1,2026,V2H-local-real,True,real_eeg,margin_power0p25_base0p05,baseline_score_transform,none,none,False,0.7107023411371237,0.7107907965050824,0.7107023411371237,0.7369171304885591,598,35,28,0.7028853567659538,0.7003663548752834,0.608538701839639,28
V2-R,V2M-two_stage_user_local_reranker-v1,protocol_a_rollv2_cv3,2,2026,V2H-local-real,True,real_eeg,margin_power0p25_base0p05,baseline_score_transform,none,none,False,0.6472602739726028,0.640434102934103,0.6472602739726028,0.6266169632836299,584,30,26,0.6182405528499278,0.6183090058090058,0.6215356006150986,26
V2-R,V2M-two_stage_user_local_reranker-v1,protocol_a_rollv2_cv3,3,2026,V2H-local-real,True,real_eeg,margin_power0p25_base0p05,baseline_score_transform,none,none,False,0.6634304207119741,0.6866898538815462,0.6634304207119741,0.6605630744916461,618,28,24,0.6821613700984331,0.6941037897287897,0.573536951585732,24
V2-R,V2M-two_stage_user_local_reranker-v1,protocol_a_rollv2_cv3,1,2026,V2H-local-real,True,real_eeg,oof_pair_score_equal_C0p25,oof_pair_meta,score_only,equal,True,0.6688963210702341,0.6612695307338164,0.6688963210702341,0.6719277124991412,598,35,28,0.6483481940944628,0.6453152271009414,0.5498090940645609,28
V2-R,V2M-two_stage_user_local_reranker-v1,protocol_a_rollv2_cv3,2,2026,V2H-local-real,True,real_eeg,oof_pair_score_equal_C0p25,oof_pair_meta,score_only,equal,True,0.6284246575342466,0.6251436063936063,0.6284246575342466,0.6158651996151998,584,30,26,0.6166251803751803,0.6150993450993452,0.5180059364159784,26
V2-R,V2M-two_stage_user_local_reranker-v1,protocol_a_rollv2_cv3,3,2026,V2H-local-real,True,real_eeg,oof_pair_score_equal_C0p25,oof_pair_meta,score_only,equal,True,0.610032362459547,0.6389251498916747,0.610032362459547,0.610351305440591,618,28,24,0.6293785468610643,0.6448686305977972,0.535962792060353,24
V2-R,V2M-two_stage_user_local_reranker-v1,protocol_a_rollv2_cv3,1,2026,V2H-local-real,True,real_eeg,oof_pair_score_context_balanced_C0p25,oof_pair_meta,score_only,context_balanced,True,0.6705685618729097,0.6772323047323047,0.6705685618729097,0.6835074555074556,598,35,28,0.6483139497318602,0.6441232907304336,0.5538354737938216,28
V2-R,V2M-two_stage_user_local_reranker-v1,protocol_a_rollv2_cv3,2,2026,V2H-local-real,True,real_eeg,oof_pair_score_context_balanced_C0p25,oof_pair_meta,score_only,context_balanced,True,0.6284246575342466,0.6211499148999149,0.6284246575342466,0.6080521484688152,584,30,26,0.6176532061688312,0.6164643227143227,0.5995422522619175,26
V2-R,V2M-two_stage_user_local_reranker-v1,protocol_a_rollv2_cv3,3,2026,V2H-local-real,True,real_eeg,oof_pair_score_context_balanced_C0p25,oof_pair_meta,score_only,context_balanced,True,0.6585760517799353,0.6844168916058427,0.6585760517799353,0.6601579273900704,618,28,24,0.671960246435771,0.6835589179339179,0.6141507361019556,24
V2-R,V2M-two_stage_user_local_reranker-v1,protocol_a_rollv2_cv3,1,2026,V2H-local-real,True,real_eeg,oof_pair_context_equal_C0p25,oof_pair_meta,context_interactions,equal,True,0.6806020066889632,0.6745631815274672,0.6806020066889632,0.6861340617054903,598,35,28,0.6496705864616313,0.6442261475297189,0.5836167997223186,28
V2-R,V2M-two_stage_user_local_reranker-v1,protocol_a_rollv2_cv3,2,2026,V2H-local-real,True,real_eeg,oof_pair_context_equal_C0p25,oof_pair_meta,context_interactions,equal,True,0.6301369863013698,0.6263875013875014,0.6301369863013698,0.6220358345358346,584,30,26,0.5,0.5,0.5,26
V2-R,V2M-two_stage_user_local_reranker-v1,protocol_a_rollv2_cv3,3,2026,V2H-local-real,True,real_eeg,oof_pair_context_equal_C0p25,oof_pair_meta,context_interactions,equal,True,0.6148867313915858,0.6287208450495344,0.6148867313915858,0.5996452026809169,618,28,24,0.5,0.5,0.5,24
V2-R,V2M-two_stage_user_local_reranker-v1,protocol_a_rollv2_cv3,1,2026,V2H-local-real,True,real_eeg,oof_pair_context_balanced_C0p25,oof_pair_meta,context_interactions,context_balanced,True,0.657190635451505,0.6702453432810576,0.657190635451505,0.6779178863464578,598,35,28,0.6446337576188322,0.6390287226001511,0.5907323845886845,28
V2-R,V2M-two_stage_user_local_reranker-v1,protocol_a_rollv2_cv3,2,2026,V2H-local-real,True,real_eeg,oof_pair_context_balanced_C0p25,oof_pair_meta,context_interactions,context_balanced,True,0.6318493150684932,0.6256905131905133,0.6318493150684932,0.6119873336540004,584,30,26,0.6157393127705628,0.6140645003145002,0.6022243679147444,26
V2-R,V2M-two_stage_user_local_reranker-v1,protocol_a_rollv2_cv3,3,2026,V2H-local-real,True,real_eeg,oof_pair_context_balanced_C0p25,oof_pair_meta,context_interactions,context_balanced,True,0.6537216828478964,0.6729105237453082,0.6537216828478964,0.6544619930334216,618,28,24,0.6581094604696004,0.6701240888740889,0.6304108987035816,24
V2-R,V2M-two_stage_user_local_reranker-v1,protocol_a_rollv2_cv3,1,2026,V2H-local-real,True,real_eeg,oof_pair_context_sqrt_pair_C0p25,oof_pair_meta,context_interactions,sqrt_pair_balanced,True,0.6622073578595318,0.654329810401239,0.6622073578595318,0.6628045076616506,598,35,28,0.6388627210269001,0.6329489838864839,0.5911141964595626,28
V2-R,V2M-two_stage_user_local_reranker-v1,protocol_a_rollv2_cv3,2,2026,V2H-local-real,True,real_eeg,oof_pair_context_sqrt_pair_C0p25,oof_pair_meta,context_interactions,sqrt_pair_balanced,True,0.636986301369863,0.6320677008177007,0.636986301369863,0.619366081449415,584,30,26,0.6257739222582972,0.623965108965109,0.5773343346565104,26
V2-R,V2M-two_stage_user_local_reranker-v1,protocol_a_rollv2_cv3,3,2026,V2H-local-real,True,real_eeg,oof_pair_context_sqrt_pair_C0p25,oof_pair_meta,context_interactions,sqrt_pair_balanced,True,0.627831715210356,0.6456264154471069,0.627831715210356,0.6167330024472882,618,28,24,0.6344465072611926,0.6480309852184852,0.5943382406797041,24
V2-R,V2M-two_stage_user_local_reranker-v1,protocol_a_rollv2_cv3,1,2026,V2H-local-real,True,real_eeg,oof_pair_context_balanced_C0p10,oof_pair_meta,context_interactions,context_balanced,True,0.6605351170568562,0.6698554223554224,0.6605351170568562,0.6718672438672438,598,35,28,0.648600719346988,0.6447999768089053,0.5876778896216592,28
V2-R,V2M-two_stage_user_local_reranker-v1,protocol_a_rollv2_cv3,2,2026,V2H-local-real,True,real_eeg,oof_pair_context_balanced_C0p10,oof_pair_meta,context_interactions,context_balanced,True,0.6318493150684932,0.630462592962593,0.6318493150684932,0.6179749879749881,584,30,26,0.6190726461038961,0.618569486069486,0.6112362765082431,26
V2-R,V2M-two_stage_user_local_reranker-v1,protocol_a_rollv2_cv3,3,2026,V2H-local-real,True,real_eeg,oof_pair_context_balanced_C0p10,oof_pair_meta,context_interactions,context_balanced,True,0.6585760517799353,0.6787364166024513,0.6585760517799353,0.659296176706891,618,28,24,0.6633347906949305,0.6763316506024838,0.6247344905881491,24
V2-R,V2M-two_stage_user_local_reranker-v1,protocol_a_rollv2_cv3,1,2027,V2H-local-real,True,real_eeg,v2n_eeg_base_0p05,baseline_score_transform,none,none,False,0.7240802675585284,0.7345887445887447,0.7240802675585284,0.7594963924963924,598,35,28,0.724921927160733,0.7244581658420943,0.5824019437695245,28
V2-R,V2M-two_stage_user_local_reranker-v1,protocol_a_rollv2_cv3,2,2027,V2H-local-real,True,real_eeg,v2n_eeg_base_0p05,baseline_score_transform,none,none,False,0.636986301369863,0.6200371387871388,0.636986301369863,0.6096009700176366,584,30,26,0.6041196563852814,0.6006272431272431,0.6040124450166291,26
V2-R,V2M-two_stage_user_local_reranker-v1,protocol_a_rollv2_cv3,3,2027,V2H-local-real,True,real_eeg,v2n_eeg_base_0p05,baseline_score_transform,none,none,False,0.6407766990291263,0.6645736653673315,0.6407766990291263,0.6477657131228559,618,28,24,0.6610592399053937,0.6753507834757834,0.5646744305280891,24
V2-R,V2M-two_stage_user_local_reranker-v1,protocol_a_rollv2_cv3,1,2027,V2H-local-real,True,real_eeg,sqrt_margin_eeg_base0p05,baseline_score_transform,none,none,False,0.7307692307692307,0.756751443001443,0.7307692307692307,0.7811948051948052,598,35,28,0.7299432491223535,0.7292632962275821,0.5834432488719195,28
V2-R,V2M-two_stage_user_local_reranker-v1,protocol_a_rollv2_cv3,2,2027,V2H-local-real,True,real_eeg,sqrt_margin_eeg_base0p05,baseline_score_transform,none,none,False,0.6352739726027398,0.6183836996336998,0.6352739726027398,0.6022156084656085,584,30,26,0.6014397321428572,0.5990182040182039,0.6056932374924007,26
V2-R,V2M-two_stage_user_local_reranker-v1,protocol_a_rollv2_cv3,3,2027,V2H-local-real,True,real_eeg,sqrt_margin_eeg_base0p05,baseline_score_transform,none,none,False,0.6456310679611651,0.6702023438330199,0.6456310679611651,0.6534656448049306,618,28,24,0.663326630634323,0.6789153863112197,0.5667252618472131,24
V2-R,V2M-two_stage_user_local_reranker-v1,protocol_a_rollv2_cv3,1,2027,V2H-local-real,True,real_eeg,margin_power0p25_base0p05,baseline_score_transform,none,none,False,0.725752508361204,0.7257447909233623,0.725752508361204,0.7455225726654297,598,35,28,0.7124315651181322,0.7094562976705833,0.5852481777160708,28
V2-R,V2M-two_stage_user_local_reranker-v1,protocol_a_rollv2_cv3,2,2027,V2H-local-real,True,real_eeg,margin_power0p25_base0p05,baseline_score_transform,none,none,False,0.6455479452054794,0.6332697395197395,0.6455479452054794,0.6209369488536157,584,30,26,0.6149853445165945,0.6131272431272431,0.6114508457604692,26
V2-R,V2M-two_stage_user_local_reranker-v1,protocol_a_rollv2_cv3,3,2027,V2H-local-real,True,real_eeg,margin_power0p25_base0p05,baseline_score_transform,none,none,False,0.6585760517799353,0.6846488636468641,0.6585760517799353,0.6670157289800148,618,28,24,0.6766964678677966,0.6918688795772129,0.5714494982787666,24
V2-R,V2M-two_stage_user_local_reranker-v1,protocol_a_rollv2_cv3,1,2027,V2H-local-real,True,real_eeg,oof_pair_score_equal_C0p25,oof_pair_meta,score_only,equal,True,0.7073578595317725,0.7106473982366841,0.7073578595317725,0.7086674912389198,598,35,28,0.6841821197045077,0.6786842918985777,0.6511280805275946,28
V2-R,V2M-two_stage_user_local_reranker-v1,protocol_a_rollv2_cv3,2,2027,V2H-local-real,True,real_eeg,oof_pair_score_equal_C0p25,oof_pair_meta,score_only,equal,True,0.6352739726027398,0.6169413919413919,0.6352739726027398,0.5941402116402117,584,30,26,0.6211861922799423,0.6166436341436341,0.6145978614597862,26
V2-R,V2M-two_stage_user_local_reranker-v1,protocol_a_rollv2_cv3,3,2027,V2H-local-real,True,real_eeg,oof_pair_score_equal_C0p25,oof_pair_meta,score_only,equal,True,0.6294498381877023,0.6444742586012581,0.6294498381877023,0.6239475141260856,618,28,24,0.641332880406307,0.6475529640112974,0.5420420420420421,24
V2-R,V2M-two_stage_user_local_reranker-v1,protocol_a_rollv2_cv3,1,2027,V2H-local-real,True,real_eeg,oof_pair_score_context_balanced_C0p25,oof_pair_meta,score_only,context_balanced,True,0.6839464882943144,0.6808451568272998,0.6839464882943144,0.6751187384044527,598,35,28,0.6592947599664017,0.6552937538651825,0.6406803193335647,28
V2-R,V2M-two_stage_user_local_reranker-v1,protocol_a_rollv2_cv3,2,2027,V2H-local-real,True,real_eeg,oof_pair_score_context_balanced_C0p25,oof_pair_meta,score_only,context_balanced,True,0.6335616438356164,0.6199150386650387,0.6335616438356164,0.6113470017636684,584,30,26,0.6167898854617604,0.6136635124135124,0.628473339770411,26
V2-R,V2M-two_stage_user_local_reranker-v1,protocol_a_rollv2_cv3,3,2027,V2H-local-real,True,real_eeg,oof_pair_score_context_balanced_C0p25,oof_pair_meta,score_only,context_balanced,True,0.63915857605178,0.6532685831492592,0.63915857605178,0.6396950404093262,618,28,24,0.6490642904104443,0.6550118284493284,0.5940818867648137,24
V2-R,V2M-two_stage_user_local_reranker-v1,protocol_a_rollv2_cv3,1,2027,V2H-local-real,True,real_eeg,oof_pair_context_equal_C0p25,oof_pair_meta,context_interactions,equal,True,0.717391304347826,0.7219283956783957,0.717391304347826,0.7304059644059645,598,35,28,0.4897334754797441,0.4856377551020408,0.5108642832349879,28
V2-R,V2M-two_stage_user_local_reranker-v1,protocol_a_rollv2_cv3,2,2027,V2H-local-real,True,real_eeg,oof_pair_context_equal_C0p25,oof_pair_meta,context_interactions,equal,True,0.6301369863013698,0.6147563085063085,0.6301369863013698,0.6067173721340388,584,30,26,0.5423792613636363,0.5476770914270914,0.6084826377713407,26
V2-R,V2M-two_stage_user_local_reranker-v1,protocol_a_rollv2_cv3,3,2027,V2H-local-real,True,real_eeg,oof_pair_context_equal_C0p25,oof_pair_meta,context_interactions,equal,True,0.6343042071197411,0.655594205738362,0.6343042071197411,0.6326035472464043,618,28,24,0.5683453541408087,0.5866937981000481,0.5620742693913425,24
V2-R,V2M-two_stage_user_local_reranker-v1,protocol_a_rollv2_cv3,1,2027,V2H-local-real,True,real_eeg,oof_pair_context_balanced_C0p25,oof_pair_meta,context_interactions,context_balanced,True,0.6806020066889632,0.6783555498734072,0.6806020066889632,0.6723334020476877,598,35,28,0.673254937434042,0.6691629517968803,0.6507462686567165,28
V2-R,V2M-two_stage_user_local_reranker-v1,protocol_a_rollv2_cv3,2,2027,V2H-local-real,True,real_eeg,oof_pair_context_balanced_C0p25,oof_pair_meta,context_interactions,context_balanced,True,0.6352739726027398,0.6215176027676027,0.6352739726027398,0.6127358906525573,584,30,26,0.6096976461038961,0.604924334924335,0.6076243607624361,26
V2-R,V2M-two_stage_user_local_reranker-v1,protocol_a_rollv2_cv3,3,2027,V2H-local-real,True,real_eeg,oof_pair_context_balanced_C0p25,oof_pair_meta,context_interactions,context_balanced,True,0.6440129449838188,0.6560469798614794,0.6440129449838188,0.6404571255464113,618,28,24,0.6552776477601653,0.6611395741604075,0.6161649454332382,24
V2-R,V2M-two_stage_user_local_reranker-v1,protocol_a_rollv2_cv3,1,2027,V2H-local-real,True,real_eeg,oof_pair_context_sqrt_pair_C0p25,oof_pair_meta,context_interactions,sqrt_pair_balanced,True,0.697324414715719,0.7019512002547719,0.697324414715719,0.6999400810829384,598,35,28,0.6718737481424049,0.6656201899951901,0.6678583825060742,28
V2-R,V2M-two_stage_user_local_reranker-v1,protocol_a_rollv2_cv3,2,2027,V2H-local-real,True,real_eeg,oof_pair_context_sqrt_pair_C0p25,oof_pair_meta,context_interactions,sqrt_pair_balanced,True,0.636986301369863,0.6199150386650387,0.636986301369863,0.6094951499118166,584,30,26,0.6161321924603175,0.6116148666148666,0.6199263312234023,26
V2-R,V2M-two_stage_user_local_reranker-v1,protocol_a_rollv2_cv3,3,2027,V2H-local-real,True,real_eeg,oof_pair_context_sqrt_pair_C0p25,oof_pair_meta,context_interactions,sqrt_pair_balanced,True,0.6375404530744336,0.6655030985884314,0.6375404530744336,0.6416533565640709,618,28,24,0.6456277017465829,0.6608514248097581,0.584010840108401,24
V2-R,V2M-two_stage_user_local_reranker-v1,protocol_a_rollv2_cv3,1,2027,V2H-local-real,True,real_eeg,oof_pair_context_balanced_C0p10,oof_pair_meta,context_interactions,context_balanced,True,0.6739130434782609,0.6754785657464231,0.6739130434782609,0.6700318147461003,598,35,28,0.6725370980594861,0.6690920901188759,0.6476570635196113,28
V2-R,V2M-two_stage_user_local_reranker-v1,protocol_a_rollv2_cv3,2,2027,V2H-local-real,True,real_eeg,oof_pair_context_balanced_C0p10,oof_pair_meta,context_interactions,context_balanced,True,0.636986301369863,0.6245624745624745,0.636986301369863,0.6153747795414461,584,30,26,0.610852159992785,0.6062598050098049,0.6092336301541322,26
V2-R,V2M-two_stage_user_local_reranker-v1,protocol_a_rollv2_cv3,3,2027,V2H-local-real,True,real_eeg,oof_pair_context_balanced_C0p10,oof_pair_meta,context_interactions,context_balanced,True,0.63915857605178,0.6502097091528851,0.63915857605178,0.6363291007933866,618,28,24,0.6492562313366509,0.6549346563929898,0.614040870138431,24
V2-R,V2M-two_stage_user_local_reranker-v1,protocol_a_rollv2_cv3,1,2028,V2H-local-real,True,real_eeg,v2n_eeg_base_0p05,baseline_score_transform,none,none,False,0.725752508361204,0.746160929018072,0.725752508361204,0.7695477908335051,598,35,28,0.7252217268635179,0.7244248179069608,0.578965636931621,28
V2-R,V2M-two_stage_user_local_reranker-v1,protocol_a_rollv2_cv3,2,2028,V2H-local-real,True,real_eeg,v2n_eeg_base_0p05,baseline_score_transform,none,none,False,0.6592465753424658,0.6511116198616199,0.6592465753424658,0.6444686948853615,584,30,26,0.6300647095959596,0.6287589725089725,0.5933555054893966,26
V2-R,V2M-two_stage_user_local_reranker-v1,protocol_a_rollv2_cv3,3,2028,V2H-local-real,True,real_eeg,v2n_eeg_base_0p05,baseline_score_transform,none,none,False,0.6553398058252428,0.650118784097596,0.6553398058252428,0.6563197516768945,618,28,24,0.662528574766337,0.6642833169916503,0.5598769501208526,24
V2-R,V2M-two_stage_user_local_reranker-v1,protocol_a_rollv2_cv3,1,2028,V2H-local-real,True,real_eeg,sqrt_margin_eeg_base0p05,baseline_score_transform,none,none,False,0.7274247491638796,0.764613309970453,0.7274247491638796,0.7843096955954099,598,35,28,0.7270246171738709,0.7262388768638769,0.5799028115237764,28
V2-R,V2M-two_stage_user_local_reranker-v1,protocol_a_rollv2_cv3,2,2028,V2H-local-real,True,real_eeg,sqrt_margin_eeg_base0p05,baseline_score_transform,none,none,False,0.660958904109589,0.6485169922669924,0.660958904109589,0.6394422398589065,584,30,26,0.6278624413780663,0.6245929995929996,0.5941422594142259,26
V2-R,V2M-two_stage_user_local_reranker-v1,protocol_a_rollv2_cv3,3,2028,V2H-local-real,True,real_eeg,sqrt_margin_eeg_base0p05,baseline_score_transform,none,none,False,0.6601941747572816,0.6687560110681563,0.6601941747572816,0.6715504700326129,618,28,24,0.6731802094564332,0.6841358217399884,0.5618545374642936,24
V2-R,V2M-two_stage_user_local_reranker-v1,protocol_a_rollv2_cv3,1,2028,V2H-local-real,True,real_eeg,margin_power0p25_base0p05,baseline_score_transform,none,none,False,0.7307692307692307,0.7563990242561672,0.7307692307692307,0.7789287432144575,598,35,28,0.7207250543817708,0.7173710532192678,0.5816383200277682,28
V2-R,V2M-two_stage_user_local_reranker-v1,protocol_a_rollv2_cv3,2,2028,V2H-local-real,True,real_eeg,margin_power0p25_base0p05,baseline_score_transform,none,none,False,0.6695205479452054,0.6531135531135531,0.6695205479452054,0.6452777777777778,584,30,26,0.6303597357503608,0.6278277278277279,0.5965382827307514,26
V2-R,V2M-two_stage_user_local_reranker-v1,protocol_a_rollv2_cv3,3,2028,V2H-local-real,True,real_eeg,margin_power0p25_base0p05,baseline_score_transform,none,none,False,0.656957928802589,0.672728658790804,0.656957928802589,0.6756996442710729,618,28,24,0.6749415696968144,0.6855043027959694,0.567604189555409,24
V2-R,V2M-two_stage_user_local_reranker-v1,protocol_a_rollv2_cv3,1,2028,V2H-local-real,True,real_eeg,oof_pair_score_equal_C0p25,oof_pair_meta,score_only,equal,True,0.6906354515050167,0.696992501546073,0.6906354515050167,0.7060463821892393,598,35,28,0.6696715556417048,0.6701925505050506,0.6238458868448455,28
V2-R,V2M-two_stage_user_local_reranker-v1,protocol_a_rollv2_cv3,2,2028,V2H-local-real,True,real_eeg,oof_pair_score_equal_C0p25,oof_pair_meta,score_only,equal,True,0.660958904109589,0.6498346560846561,0.660958904109589,0.6319731040564374,584,30,26,0.6433527236652237,0.6402098364598365,0.5738297035368166,26
V2-R,V2M-two_stage_user_local_reranker-v1,protocol_a_rollv2_cv3,3,2028,V2H-local-real,True,real_eeg,oof_pair_score_equal_C0p25,oof_pair_meta,score_only,equal,True,0.6472491909385113,0.6500697512388044,0.6472491909385113,0.6485696512482226,618,28,24,0.6545110386893603,0.6577575164033497,0.5520764667106131,24
V2-R,V2M-two_stage_user_local_reranker-v1,protocol_a_rollv2_cv3,1,2028,V2H-local-real,True,real_eeg,oof_pair_score_context_balanced_C0p25,oof_pair_meta,score_only,context_balanced,True,0.6939799331103679,0.7174356232391946,0.6939799331103679,0.7212104033532605,598,35,28,0.6675071611638775,0.6655070260427403,0.6189170426935092,28
V2-R,V2M-two_stage_user_local_reranker-v1,protocol_a_rollv2_cv3,2,2028,V2H-local-real,True,real_eeg,oof_pair_score_context_balanced_C0p25,oof_pair_meta,score_only,context_balanced,True,0.666095890410959,0.6576312576312576,0.666095890410959,0.6501190476190477,584,30,26,0.6495344065656565,0.6485902985902986,0.6311912169652756,26
V2-R,V2M-two_stage_user_local_reranker-v1,protocol_a_rollv2_cv3,3,2028,V2H-local-real,True,real_eeg,oof_pair_score_context_balanced_C0p25,oof_pair_meta,score_only,context_balanced,True,0.6488673139158576,0.6480397597269051,0.6488673139158576,0.6545377307877308,618,28,24,0.6544157280171266,0.658462008670342,0.6123562586977221,24
V2-R,V2M-two_stage_user_local_reranker-v1,protocol_a_rollv2_cv3,1,2028,V2H-local-real,True,real_eeg,oof_pair_context_equal_C0p25,oof_pair_meta,context_interactions,equal,True,0.6906354515050167,0.6982207706314849,0.6906354515050167,0.7070289974575689,598,35,28,0.6481591501367621,0.6454430572734146,0.6278722665741062,28
V2-R,V2M-two_stage_user_local_reranker-v1,protocol_a_rollv2_cv3,2,2028,V2H-local-real,True,real_eeg,oof_pair_context_equal_C0p25,oof_pair_meta,context_interactions,equal,True,0.660958904109589,0.645220288970289,0.660958904109589,0.6375110229276897,584,30,26,0.5132161458333334,0.5176282051282052,0.5251046025104602,26
V2-R,V2M-two_stage_user_local_reranker-v1,protocol_a_rollv2_cv3,3,2028,V2H-local-real,True,real_eeg,oof_pair_context_equal_C0p25,oof_pair_meta,context_interactions,equal,True,0.6423948220064725,0.6318137583998006,0.6423948220064725,0.6313854069211212,618,28,24,0.5023310023310023,0.5069444444444444,0.497509704826778,24
V2-R,V2M-two_stage_user_local_reranker-v1,protocol_a_rollv2_cv3,1,2028,V2H-local-real,True,real_eeg,oof_pair_context_balanced_C0p25,oof_pair_meta,context_interactions,context_balanced,True,0.6906354515050167,0.7142685786435787,0.6906354515050167,0.7186767676767677,598,35,28,0.6687894940880016,0.6645576942898372,0.6546338077056577,28
V2-R,V2M-two_stage_user_local_reranker-v1,protocol_a_rollv2_cv3,2,2028,V2H-local-real,True,real_eeg,oof_pair_context_balanced_C0p25,oof_pair_meta,context_interactions,context_balanced,True,0.6643835616438356,0.6564407814407816,0.6643835616438356,0.6490873015873018,584,30,26,0.6444460227272728,0.6413141025641025,0.6211422236526839,26
V2-R,V2M-two_stage_user_local_reranker-v1,protocol_a_rollv2_cv3,3,2028,V2H-local-real,True,real_eeg,oof_pair_context_balanced_C0p25,oof_pair_meta,context_interactions,context_balanced,True,0.6488673139158576,0.6439263037384491,0.6488673139158576,0.6510119113690542,618,28,24,0.6432730827835723,0.6459303428053428,0.6337434995971581,24
V2-R,V2M-two_stage_user_local_reranker-v1,protocol_a_rollv2_cv3,1,2028,V2H-local-real,True,real_eeg,oof_pair_context_sqrt_pair_C0p25,oof_pair_meta,context_interactions,sqrt_pair_balanced,True,0.6939799331103679,0.6992978681371539,0.6939799331103679,0.7078906754621039,598,35,28,0.6576687988628288,0.6548404753315468,0.6487677889621659,28
V2-R,V2M-two_stage_user_local_reranker-v1,protocol_a_rollv2_cv3,2,2028,V2H-local-real,True,real_eeg,oof_pair_context_sqrt_pair_C0p25,oof_pair_meta,context_interactions,sqrt_pair_balanced,True,0.6712328767123288,0.6622100122100123,0.6712328767123288,0.6550132275132277,584,30,26,0.6525102588383839,0.6478525641025641,0.6124164073954869,26
V2-R,V2M-two_stage_user_local_reranker-v1,protocol_a_rollv2_cv3,3,2028,V2H-local-real,True,real_eeg,oof_pair_context_sqrt_pair_C0p25,oof_pair_meta,context_interactions,sqrt_pair_balanced,True,0.6375404530744336,0.6349510602319555,0.6375404530744336,0.6355063455063455,618,28,24,0.631776120150246,0.6344625397750397,0.5948509485094851,24
V2-R,V2M-two_stage_user_local_reranker-v1,protocol_a_rollv2_cv3,1,2028,V2H-local-real,True,real_eeg,oof_pair_context_balanced_C0p10,oof_pair_meta,context_interactions,context_balanced,True,0.6939799331103679,0.7029987373737373,0.6939799331103679,0.7104545454545456,598,35,28,0.6841093235123086,0.6783480854462997,0.651891704269351,28
V2-R,V2M-two_stage_user_local_reranker-v1,protocol_a_rollv2_cv3,2,2028,V2H-local-real,True,real_eeg,oof_pair_context_balanced_C0p10,oof_pair_meta,context_interactions,context_balanced,True,0.672945205479452,0.666519129019129,0.672945205479452,0.6578218694885362,584,30,26,0.6492489628427129,0.6464709827209828,0.6199263312234023,26
V2-R,V2M-two_stage_user_local_reranker-v1,protocol_a_rollv2_cv3,3,2028,V2H-local-real,True,real_eeg,oof_pair_context_balanced_C0p10,oof_pair_meta,context_interactions,context_balanced,True,0.6472491909385113,0.6396438963310417,0.6472491909385113,0.6465972288293717,618,28,24,0.6391452661557557,0.6414743242868243,0.6367098806123197,24
V2-R,V2M-two_stage_user_local_reranker-v1,protocol_a_rollv2_cv3,1,2029,V2H-local-real,True,real_eeg,v2n_eeg_base_0p05,baseline_score_transform,none,none,False,0.7140468227424749,0.7278063371813372,0.7140468227424749,0.7538720538720539,598,35,28,0.7159240593568952,0.7155789613825329,0.5842068726136758,28
V2-R,V2M-two_stage_user_local_reranker-v1,protocol_a_rollv2_cv3,2,2029,V2H-local-real,True,real_eeg,v2n_eeg_base_0p05,baseline_score_transform,none,none,False,0.6643835616438356,0.6338608151108152,0.6643835616438356,0.6164227593394259,584,30,26,0.6077179157647908,0.6071639009139009,0.5975396059078067,26
V2-R,V2M-two_stage_user_local_reranker-v1,protocol_a_rollv2_cv3,3,2029,V2H-local-real,True,real_eeg,v2n_eeg_base_0p05,baseline_score_transform,none,none,False,0.686084142394822,0.7058344586318013,0.686084142394822,0.7028637500066072,618,28,24,0.7007453987349092,0.7110526818860152,0.5940452647769721,24
V2-R,V2M-two_stage_user_local_reranker-v1,protocol_a_rollv2_cv3,1,2029,V2H-local-real,True,real_eeg,sqrt_margin_eeg_base0p05,baseline_score_transform,none,none,False,0.7090301003344481,0.7380741943241944,0.7090301003344481,0.7614911014911014,598,35,28,0.712492408089423,0.7117807754414898,0.5846581048247136,28
V2-R,V2M-two_stage_user_local_reranker-v1,protocol_a_rollv2_cv3,2,2029,V2H-local-real,True,real_eeg,sqrt_margin_eeg_base0p05,baseline_score_transform,none,none,False,0.666095890410959,0.6418303918303919,0.666095890410959,0.6233297258297258,584,30,26,0.6120297844516595,0.6116902541902541,0.5991846368415407,26
V2-R,V2M-two_stage_user_local_reranker-v1,protocol_a_rollv2_cv3,3,2029,V2H-local-real,True,real_eeg,sqrt_margin_eeg_base0p05,baseline_score_transform,none,none,False,0.6844660194174758,0.7023333012243939,0.6844660194174758,0.6992781490995776,618,28,24,0.6964913194808299,0.7068474349724351,0.5953636563392661,24
V2-R,V2M-two_stage_user_local_reranker-v1,protocol_a_rollv2_cv3,1,2029,V2H-local-real,True,real_eeg,margin_power0p25_base0p05,baseline_score_transform,none,none,False,0.7090301003344481,0.7133018238375382,0.7090301003344481,0.735171373599945,598,35,28,0.7068192586849305,0.7049214938500654,0.5855952794168692,28
V2-R,V2M-two_stage_user_local_reranker-v1,protocol_a_rollv2_cv3,2,2029,V2H-local-real,True,real_eeg,margin_power0p25_base0p05,baseline_score_transform,none,none,False,0.672945205479452,0.6505529193029194,0.672945205479452,0.6238786676286676,584,30,26,0.6189495400432901,0.6197183372183372,0.6038693988484783,26
V2-R,V2M-two_stage_user_local_reranker-v1,protocol_a_rollv2_cv3,3,2029,V2H-local-real,True,real_eeg,margin_power0p25_base0p05,baseline_score_transform,none,none,False,0.6828478964401294,0.7021842873281212,0.6828478964401294,0.699095411863269,618,28,24,0.7009259000517741,0.7112837124295458,0.5980370614516956,24
V2-R,V2M-two_stage_user_local_reranker-v1,protocol_a_rollv2_cv3,1,2029,V2H-local-real,True,real_eeg,oof_pair_score_equal_C0p25,oof_pair_meta,score_only,equal,True,0.7023411371237458,0.7084455095169381,0.7023411371237458,0.7348516457087886,598,35,28,0.6836053498740066,0.681489984882842,0.6542172856646997,28
V2-R,V2M-two_stage_user_local_reranker-v1,protocol_a_rollv2_cv3,2,2029,V2H-local-real,True,real_eeg,oof_pair_score_equal_C0p25,oof_pair_meta,score_only,equal,True,0.6695205479452054,0.6415861915861917,0.6695205479452054,0.628462000962001,584,30,26,0.632924558080808,0.6309182484182484,0.5906018667524944,26
V2-R,V2M-two_stage_user_local_reranker-v1,protocol_a_rollv2_cv3,3,2029,V2H-local-real,True,real_eeg,oof_pair_score_equal_C0p25,oof_pair_meta,score_only,equal,True,0.6779935275080906,0.6872531887760216,0.6779935275080906,0.6860615971330256,618,28,24,0.6906620865536949,0.6932281684365017,0.5854390976342196,24
V2-R,V2M-two_stage_user_local_reranker-v1,protocol_a_rollv2_cv3,1,2029,V2H-local-real,True,real_eeg,oof_pair_score_context_balanced_C0p25,oof_pair_meta,score_only,context_balanced,True,0.6789297658862876,0.6843773752702325,0.6789297658862876,0.7067143544286402,598,35,28,0.666239689000883,0.6640971792757506,0.6404720583130857,28
V2-R,V2M-two_stage_user_local_reranker-v1,protocol_a_rollv2_cv3,2,2029,V2H-local-real,True,real_eeg,oof_pair_score_context_balanced_C0p25,oof_pair_meta,score_only,context_balanced,True,0.666095890410959,0.6376001313501314,0.666095890410959,0.6201926006092672,584,30,26,0.627004080988456,0.6261822436822436,0.6337660479919893,26
V2-R,V2M-two_stage_user_local_reranker-v1,protocol_a_rollv2_cv3,3,2029,V2H-local-real,True,real_eeg,oof_pair_score_context_balanced_C0p25,oof_pair_meta,score_only,context_balanced,True,0.6731391585760518,0.6842801256191349,0.6731391585760518,0.6843886074243217,618,28,24,0.6808596027127496,0.6843842615717616,0.6304108987035817,24
V2-R,V2M-two_stage_user_local_reranker-v1,protocol_a_rollv2_cv3,1,2029,V2H-local-real,True,real_eeg,oof_pair_context_equal_C0p25,oof_pair_meta,context_interactions,equal,True,0.697324414715719,0.6866981695553125,0.697324414715719,0.7147065209922353,598,35,28,0.6729328465895631,0.6673373617123618,0.6628254078444985,28
V2-R,V2M-two_stage_user_local_reranker-v1,protocol_a_rollv2_cv3,2,2029,V2H-local-real,True,real_eeg,oof_pair_context_equal_C0p25,oof_pair_meta,context_interactions,equal,True,0.6506849315068494,0.6202300014800015,0.6506849315068494,0.5947019801186468,584,30,26,0.50234375,0.5032051282051282,0.506276150627615,26
V2-R,V2M-two_stage_user_local_reranker-v1,protocol_a_rollv2_cv3,3,2029,V2H-local-real,True,real_eeg,oof_pair_context_equal_C0p25,oof_pair_meta,context_interactions,equal,True,0.6844660194174758,0.699760029928696,0.6844660194174758,0.6971006242434814,618,28,24,0.5,0.5,0.5,24
V2-R,V2M-two_stage_user_local_reranker-v1,protocol_a_rollv2_cv3,1,2029,V2H-local-real,True,real_eeg,oof_pair_context_balanced_C0p25,oof_pair_meta,context_interactions,context_balanced,True,0.6755852842809364,0.6826719708862566,0.6755852842809364,0.7053500309214594,598,35,28,0.6631281902177425,0.6566929499072357,0.6638320027768136,28
V2-R,V2M-two_stage_user_local_reranker-v1,protocol_a_rollv2_cv3,2,2029,V2H-local-real,True,real_eeg,oof_pair_context_balanced_C0p25,oof_pair_meta,context_interactions,context_balanced,True,0.666095890410959,0.6385794760794762,0.666095890410959,0.6205122655122656,584,30,26,0.6289259785353536,0.6258399933399933,0.6208918928584202,26
V2-R,V2M-two_stage_user_local_reranker-v1,protocol_a_rollv2_cv3,3,2029,V2H-local-real,True,real_eeg,oof_pair_context_balanced_C0p25,oof_pair_meta,context_interactions,context_balanced,True,0.6731391585760518,0.6778759996071657,0.6731391585760518,0.6780240064168636,618,28,24,0.6751769500895376,0.6793894492852827,0.6401889694572621,24
V2-R,V2M-two_stage_user_local_reranker-v1,protocol_a_rollv2_cv3,1,2029,V2H-local-real,True,real_eeg,oof_pair_context_sqrt_pair_C0p25,oof_pair_meta,context_interactions,sqrt_pair_balanced,True,0.6956521739130435,0.6968833547404977,0.6956521739130435,0.7228546691403834,598,35,28,0.6703268290581723,0.6634692589156874,0.6712252690038181,28
V2-R,V2M-two_stage_user_local_reranker-v1,protocol_a_rollv2_cv3,2,2029,V2H-local-real,True,real_eeg,oof_pair_context_sqrt_pair_C0p25,oof_pair_meta,context_interactions,sqrt_pair_balanced,True,0.660958904109589,0.6367377992377994,0.660958904109589,0.6189161455828123,584,30,26,0.6300591856060607,0.6273082010582011,0.6520401959732502,26
V2-R,V2M-two_stage_user_local_reranker-v1,protocol_a_rollv2_cv3,3,2029,V2H-local-real,True,real_eeg,oof_pair_context_sqrt_pair_C0p25,oof_pair_meta,context_interactions,sqrt_pair_balanced,True,0.6747572815533981,0.6789296912858575,0.6747572815533981,0.6789271707128849,618,28,24,0.6728583091345328,0.6770150104525104,0.614187358089797,24
V2-R,V2M-two_stage_user_local_reranker-v1,protocol_a_rollv2_cv3,1,2029,V2H-local-real,True,real_eeg,oof_pair_context_balanced_C0p10,oof_pair_meta,context_interactions,context_balanced,True,0.677257525083612,0.6844576851719708,0.677257525083612,0.7067786023500309,598,35,28,0.6778841722125304,0.6758284374355803,0.6580006942034016,28
V2-R,V2M-two_stage_user_local_reranker-v1,protocol_a_rollv2_cv3,2,2029,V2H-local-real,True,real_eeg,oof_pair_context_balanced_C0p10,oof_pair_meta,context_interactions,context_balanced,True,0.6643835616438356,0.6391238391238392,0.6643835616438356,0.6209840468173802,584,30,26,0.6204176812770562,0.617881747881748,0.6246110932303401,26
V2-R,V2M-two_stage_user_local_reranker-v1,protocol_a_rollv2_cv3,3,2029,V2H-local-real,True,real_eeg,oof_pair_context_balanced_C0p10,oof_pair_meta,context_interactions,context_balanced,True,0.6763754045307443,0.6787870445807108,0.6763754045307443,0.6788049021084736,618,28,24,0.6755404754530628,0.6785891847350181,0.6347689152567202,24
V2-R,V2M-two_stage_user_local_reranker-v1,protocol_a_rollv2_cv3,1,2030,V2H-local-real,True,real_eeg,v2n_eeg_base_0p05,baseline_score_transform,none,none,False,0.7224080267558528,0.7486296970225543,0.7224080267558528,0.7630063217206076,598,35,28,0.7257911740001292,0.7277456108706107,0.5906976744186047,28
V2-R,V2M-two_stage_user_local_reranker-v1,protocol_a_rollv2_cv3,2,2030,V2H-local-real,True,real_eeg,v2n_eeg_base_0p05,baseline_score_transform,none,none,False,0.6523972602739726,0.6356338106338106,0.6523972602739726,0.6195598845598844,584,30,26,0.6177625586219336,0.6184926184926185,0.5935700747416228,26
V2-R,V2M-two_stage_user_local_reranker-v1,protocol_a_rollv2_cv3,3,2030,V2H-local-real,True,real_eeg,v2n_eeg_base_0p05,baseline_score_transform,none,none,False,0.6440129449838188,0.6517442244622327,0.6440129449838188,0.6564562884205742,618,28,24,0.6605148445183411,0.6632973276723277,0.5847066578773896,24
V2-R,V2M-two_stage_user_local_reranker-v1,protocol_a_rollv2_cv3,1,2030,V2H-local-real,True,real_eeg,sqrt_margin_eeg_base0p05,baseline_score_transform,none,none,False,0.7224080267558528,0.7478029774458347,0.7224080267558528,0.7623449460592319,598,35,28,0.724132799207426,0.7258028198653198,0.591877820201319,28
V2-R,V2M-two_stage_user_local_reranker-v1,protocol_a_rollv2_cv3,2,2030,V2H-local-real,True,real_eeg,sqrt_margin_eeg_base0p05,baseline_score_transform,none,none,False,0.6541095890410958,0.6383581696081696,0.6541095890410958,0.6217225829725829,584,30,26,0.6180452967171717,0.6197580197580197,0.5945713979186783,26
V2-R,V2M-two_stage_user_local_reranker-v1,protocol_a_rollv2_cv3,3,2030,V2H-local-real,True,real_eeg,sqrt_margin_eeg_base0p05,baseline_score_transform,none,none,False,0.6488673139158576,0.6687738210230793,0.6488673139158576,0.6712125242482385,618,28,24,0.6693282533317498,0.6814631125047792,0.5865011352816231,24
V2-R,V2M-two_stage_user_local_reranker-v1,protocol_a_rollv2_cv3,1,2030,V2H-local-real,True,real_eeg,margin_power0p25_base0p05,baseline_score_transform,none,none,False,0.7240802675585284,0.7294994060172632,0.7240802675585284,0.7457179619322476,598,35,28,0.7253491201998665,0.7268419741634028,0.59375216938563,28
V2-R,V2M-two_stage_user_local_reranker-v1,protocol_a_rollv2_cv3,2,2030,V2H-local-real,True,real_eeg,margin_power0p25_base0p05,baseline_score_transform,none,none,False,0.648972602739726,0.6233729233729234,0.648972602739726,0.5998729357062691,584,30,26,0.6112286931818182,0.6113356550856551,0.598433644458749,26
V2-R,V2M-two_stage_user_local_reranker-v1,protocol_a_rollv2_cv3,3,2030,V2H-local-real,True,real_eeg,margin_power0p25_base0p05,baseline_score_transform,none,none,False,0.6472491909385113,0.6744879105147423,0.6472491909385113,0.6716529072779072,618,28,24,0.6727314546370491,0.6871301114009448,0.5910788837618105,24
V2-R,V2M-two_stage_user_local_reranker-v1,protocol_a_rollv2_cv3,1,2030,V2H-local-real,True,real_eeg,oof_pair_score_equal_C0p25,oof_pair_meta,score_only,equal,True,0.6939799331103679,0.6988601048422478,0.6939799331103679,0.6982303305160449,598,35,28,0.6754235316921884,0.6742909537552396,0.6169732731690385,28
V2-R,V2M-two_stage_user_local_reranker-v1,protocol_a_rollv2_cv3,2,2030,V2H-local-real,True,real_eeg,oof_pair_score_equal_C0p25,oof_pair_meta,score_only,equal,True,0.6575342465753424,0.6302690365190364,0.6575342465753424,0.5995400432900433,584,30,26,0.6275647095959596,0.6255078255078256,0.5793727425526589,26
V2-R,V2M-two_stage_user_local_reranker-v1,protocol_a_rollv2_cv3,3,2030,V2H-local-real,True,real_eeg,oof_pair_score_equal_C0p25,oof_pair_meta,score_only,equal,True,0.627831715210356,0.6431212868288784,0.627831715210356,0.6381489575239574,618,28,24,0.6411624311973962,0.6456220862470863,0.526587563172929,24
V2-R,V2M-two_stage_user_local_reranker-v1,protocol_a_rollv2_cv3,1,2030,V2H-local-real,True,real_eeg,oof_pair_score_context_balanced_C0p25,oof_pair_meta,score_only,context_balanced,True,0.6872909698996655,0.6943189779796922,0.6872909698996655,0.6864777709063423,598,35,28,0.6694120307553143,0.6689114787329072,0.6261714682401944,28
V2-R,V2M-two_stage_user_local_reranker-v1,protocol_a_rollv2_cv3,2,2030,V2H-local-real,True,real_eeg,oof_pair_score_context_balanced_C0p25,oof_pair_meta,score_only,context_balanced,True,0.648972602739726,0.6321081696081696,0.648972602739726,0.6163059163059162,584,30,26,0.6278929924242423,0.6295433732933733,0.6084111146872653,26
V2-R,V2M-two_stage_user_local_reranker-v1,protocol_a_rollv2_cv3,3,2030,V2H-local-real,True,real_eeg,oof_pair_score_context_balanced_C0p25,oof_pair_meta,score_only,context_balanced,True,0.6343042071197411,0.6466778906734724,0.6343042071197411,0.6521418528561387,618,28,24,0.6451298895354839,0.6499304861804862,0.5789936277741156,24
V2-R,V2M-two_stage_user_local_reranker-v1,protocol_a_rollv2_cv3,1,2030,V2H-local-real,True,real_eeg,oof_pair_context_equal_C0p25,oof_pair_meta,context_interactions,equal,True,0.6889632107023411,0.6986920354777498,0.6889632107023411,0.7122137016422729,598,35,28,0.624629934741875,0.6207572966055108,0.6177889621659146,28
V2-R,V2M-two_stage_user_local_reranker-v1,protocol_a_rollv2_cv3,2,2030,V2H-local-real,True,real_eeg,oof_pair_context_equal_C0p25,oof_pair_meta,context_interactions,equal,True,0.6575342465753424,0.6412860287860287,0.6575342465753424,0.6273552990219657,584,30,26,0.5,0.5,0.5,26
V2-R,V2M-two_stage_user_local_reranker-v1,protocol_a_rollv2_cv3,3,2030,V2H-local-real,True,real_eeg,oof_pair_context_equal_C0p25,oof_pair_meta,context_interactions,equal,True,0.6343042071197411,0.6547041603143254,0.6343042071197411,0.6470423458816316,618,28,24,0.5,0.5,0.5,24
V2-R,V2M-two_stage_user_local_reranker-v1,protocol_a_rollv2_cv3,1,2030,V2H-local-real,True,real_eeg,oof_pair_context_balanced_C0p25,oof_pair_meta,context_interactions,context_balanced,True,0.6705685618729097,0.6778279954172814,0.6705685618729097,0.6794510410224696,598,35,28,0.656599900928259,0.6542056405895692,0.6551891704269351,28
V2-R,V2M-two_stage_user_local_reranker-v1,protocol_a_rollv2_cv3,2,2030,V2H-local-real,True,real_eeg,oof_pair_context_balanced_C0p25,oof_pair_meta,context_interactions,context_balanced,True,0.6523972602739726,0.6353132978132977,0.6523972602739726,0.6201948051948051,584,30,26,0.6214344336219336,0.619543512043512,0.5962521903944498,26
V2-R,V2M-two_stage_user_local_reranker-v1,protocol_a_rollv2_cv3,3,2030,V2H-local-real,True,real_eeg,oof_pair_context_balanced_C0p25,oof_pair_meta,context_interactions,context_balanced,True,0.6504854368932039,0.655947266790275,0.6504854368932039,0.6600588961303246,618,28,24,0.6543751508786474,0.6578475922225921,0.6371127224785761,24
V2-R,V2M-two_stage_user_local_reranker-v1,protocol_a_rollv2_cv3,1,2030,V2H-local-real,True,real_eeg,oof_pair_context_sqrt_pair_C0p25,oof_pair_meta,context_interactions,sqrt_pair_balanced,True,0.6739130434782609,0.6874321148428294,0.6739130434782609,0.6907057651343366,598,35,28,0.6509235209235208,0.6469220049130764,0.646442207566817,28
V2-R,V2M-two_stage_user_local_reranker-v1,protocol_a_rollv2_cv3,2,2030,V2H-local-real,True,real_eeg,oof_pair_context_sqrt_pair_C0p25,oof_pair_meta,context_interactions,sqrt_pair_balanced,True,0.6558219178082192,0.6412580475080474,0.6558219178082192,0.6250162337662337,584,30,26,0.6379882530663781,0.6361408036408036,0.6147409076279369,26
V2-R,V2M-two_stage_user_local_reranker-v1,protocol_a_rollv2_cv3,3,2030,V2H-local-real,True,real_eeg,oof_pair_context_sqrt_pair_C0p25,oof_pair_meta,context_interactions,sqrt_pair_balanced,True,0.6326860841423948,0.6464382537671689,0.6326860841423948,0.6401167219024362,618,28,24,0.6457261755338678,0.6502811270519604,0.581154325056764,24
V2-R,V2M-two_stage_user_local_reranker-v1,protocol_a_rollv2_cv3,1,2030,V2H-local-real,True,real_eeg,oof_pair_context_balanced_C0p10,oof_pair_meta,context_interactions,context_balanced,True,0.6755852842809364,0.6802939818118391,0.6755852842809364,0.6814238301381158,598,35,28,0.6674125045766837,0.6658694727891159,0.6513016313779937,28
V2-R,V2M-two_stage_user_local_reranker-v1,protocol_a_rollv2_cv3,2,2030,V2H-local-real,True,real_eeg,oof_pair_context_balanced_C0p10,oof_pair_meta,context_interactions,context_balanced,True,0.6523972602739726,0.6386252636252636,0.6523972602739726,0.622536075036075,584,30,26,0.6232005321067822,0.621544289044289,0.5946071594607159,26
V2-R,V2M-two_stage_user_local_reranker-v1,protocol_a_rollv2_cv3,3,2030,V2H-local-real,True,real_eeg,oof_pair_context_balanced_C0p10,oof_pair_meta,context_interactions,context_balanced,True,0.63915857605178,0.6446809755515573,0.63915857605178,0.6455194970373542,618,28,24,0.6463678803713769,0.6498934476017809,0.6474035010620376,24
V2-R,V2M-two_stage_user_local_reranker-v1,protocol_a_rollv2_cv3,1,2026,V2H-local-shuffle,False,shuffle_eeg_control,v2n_eeg_base_0p05,baseline_score_transform,none,none,False,0.6471571906354515,0.6547665561951277,0.6471571906354515,0.686302343159486,598,35,28,0.6395387779716138,0.6356258804026662,0.604581742450538,28
V2-R,V2M-two_stage_user_local_reranker-v1,protocol_a_rollv2_cv3,2,2026,V2H-local-shuffle,False,shuffle_eeg_control,v2n_eeg_base_0p05,baseline_score_transform,none,none,False,0.6198630136986302,0.6411858974358975,0.6198630136986302,0.6251388888888889,584,30,26,0.6230122655122655,0.6204083416583418,0.6484640417694811,26
V2-R,V2M-two_stage_user_local_reranker-v1,protocol_a_rollv2_cv3,3,2026,V2H-local-shuffle,False,shuffle_eeg_control,v2n_eeg_base_0p05,baseline_score_transform,none,none,False,0.6229773462783171,0.6258094381264209,0.6229773462783171,0.6421871448657164,618,28,24,0.6137432400544288,0.6209527933486267,0.542774481798872,24
V2-R,V2M-two_stage_user_local_reranker-v1,protocol_a_rollv2_cv3,1,2026,V2H-local-shuffle,False,shuffle_eeg_control,sqrt_margin_eeg_base0p05,baseline_score_transform,none,none,False,0.6471571906354515,0.6545350747136462,0.6471571906354515,0.6832373393801966,598,35,28,0.6367099567099568,0.6320183553219267,0.604581742450538,28
V2-R,V2M-two_stage_user_local_reranker-v1,protocol_a_rollv2_cv3,2,2026,V2H-local-shuffle,False,shuffle_eeg_control,sqrt_margin_eeg_base0p05,baseline_score_transform,none,none,False,0.6301369863013698,0.6569037444037444,0.6301369863013698,0.6387610229276895,584,30,26,0.6400103715728716,0.6387549487549489,0.6501090727032149,26
V2-R,V2M-two_stage_user_local_reranker-v1,protocol_a_rollv2_cv3,3,2026,V2H-local-shuffle,False,shuffle_eeg_control,sqrt_margin_eeg_base0p05,baseline_score_transform,none,none,False,0.6197411003236246,0.6290205287333448,0.6197411003236246,0.6449395082430797,618,28,24,0.6151082018214885,0.6234942410984078,0.54467882516663,24
V2-R,V2M-two_stage_user_local_reranker-v1,protocol_a_rollv2_cv3,1,2026,V2H-local-shuffle,False,shuffle_eeg_control,margin_power0p25_base0p05,baseline_score_transform,none,none,False,0.657190635451505,0.6573241903599047,0.657190635451505,0.6818972033257747,598,35,28,0.6440423424005514,0.6382541829863257,0.6059354390836514,28
V2-R,V2M-two_stage_user_local_reranker-v1,protocol_a_rollv2_cv3,2,2026,V2H-local-shuffle,False,shuffle_eeg_control,margin_power0p25_base0p05,baseline_score_transform,none,none,False,0.6386986301369864,0.6552031302031304,0.6386986301369864,0.6308056758056758,584,30,26,0.6409750405844157,0.64109681984682,0.6544719808318135,26
V2-R,V2M-two_stage_user_local_reranker-v1,protocol_a_rollv2_cv3,3,2026,V2H-local-shuffle,False,shuffle_eeg_control,margin_power0p25_base0p05,baseline_score_transform,none,none,False,0.6229773462783171,0.6525861066739228,0.6229773462783171,0.6651385750492894,618,28,24,0.6288040145557627,0.6483991047532714,0.551197539002417,24
V2-R,V2M-two_stage_user_local_reranker-v1,protocol_a_rollv2_cv3,1,2026,V2H-local-shuffle,False,shuffle_eeg_control,oof_pair_score_equal_C0p25,oof_pair_meta,score_only,equal,True,0.6438127090301003,0.6474862802541373,0.6438127090301003,0.6482179619322476,598,35,28,0.6275057612371046,0.6253502714217,0.6125303713988198,28
V2-R,V2M-two_stage_user_local_reranker-v1,protocol_a_rollv2_cv3,2,2026,V2H-local-shuffle,False,shuffle_eeg_control,oof_pair_score_equal_C0p25,oof_pair_meta,score_only,equal,True,0.6386986301369864,0.6617012617012618,0.6386986301369864,0.6519003527336861,584,30,26,0.647902462121212,0.6467292892292893,0.6157779923470299,26
V2-R,V2M-two_stage_user_local_reranker-v1,protocol_a_rollv2_cv3,3,2026,V2H-local-shuffle,False,shuffle_eeg_control,oof_pair_score_equal_C0p25,oof_pair_meta,score_only,equal,True,0.6116504854368932,0.6404303666260258,0.6116504854368932,0.6566576446040732,618,28,24,0.6272346631612365,0.6419273049481383,0.5710100344246686,24
V2-R,V2M-two_stage_user_local_reranker-v1,protocol_a_rollv2_cv3,1,2026,V2H-local-shuffle,False,shuffle_eeg_control,oof_pair_score_context_balanced_C0p25,oof_pair_meta,score_only,context_balanced,True,0.6354515050167224,0.6432880908773766,0.6354515050167224,0.6500181405895691,598,35,28,0.6287470655381104,0.6268125128839415,0.6190211732037486,28
V2-R,V2M-two_stage_user_local_reranker-v1,protocol_a_rollv2_cv3,2,2026,V2H-local-shuffle,False,shuffle_eeg_control,oof_pair_score_context_balanced_C0p25,oof_pair_meta,score_only,context_balanced,True,0.6404109589041096,0.6666259666259666,0.6404109589041096,0.6628615520282187,584,30,26,0.6549213113275614,0.653689874939875,0.6594785967170904,26
V2-R,V2M-two_stage_user_local_reranker-v1,protocol_a_rollv2_cv3,3,2026,V2H-local-shuffle,False,shuffle_eeg_control,oof_pair_score_context_balanced_C0p25,oof_pair_meta,score_only,context_balanced,True,0.616504854368932,0.6384872634329225,0.616504854368932,0.6539292024113452,618,28,24,0.6293506901024383,0.6446248543123542,0.5940086427891306,24
V2-R,V2M-two_stage_user_local_reranker-v1,protocol_a_rollv2_cv3,1,2026,V2H-local-shuffle,False,shuffle_eeg_control,oof_pair_context_equal_C0p25,oof_pair_meta,context_interactions,equal,True,0.637123745819398,0.6408463593285022,0.637123745819398,0.6419292242149385,598,35,28,0.6177773470310783,0.6132665730433587,0.6454356126345019,28
V2-R,V2M-two_stage_user_local_reranker-v1,protocol_a_rollv2_cv3,2,2026,V2H-local-shuffle,False,shuffle_eeg_control,oof_pair_context_equal_C0p25,oof_pair_meta,context_interactions,equal,True,0.6421232876712328,0.6643823768823769,0.6421232876712328,0.6528350970017637,584,30,26,0.5,0.5,0.5,26
V2-R,V2M-two_stage_user_local_reranker-v1,protocol_a_rollv2_cv3,3,2026,V2H-local-shuffle,False,shuffle_eeg_control,oof_pair_context_equal_C0p25,oof_pair_meta,context_interactions,equal,True,0.6181229773462783,0.6334007344707809,0.6181229773462783,0.6398323006358722,618,28,24,0.506895881895882,0.5219907407407408,0.497949168680876,24
V2-R,V2M-two_stage_user_local_reranker-v1,protocol_a_rollv2_cv3,1,2026,V2H-local-shuffle,False,shuffle_eeg_control,oof_pair_context_balanced_C0p25,oof_pair_meta,context_interactions,context_balanced,True,0.6220735785953178,0.6182836574800861,0.6220735785953178,0.6361806500377929,598,35,28,0.6196806013223924,0.6139283996426853,0.6437348143005901,28
V2-R,V2M-two_stage_user_local_reranker-v1,protocol_a_rollv2_cv3,2,2026,V2H-local-shuffle,False,shuffle_eeg_control,oof_pair_context_balanced_C0p25,oof_pair_meta,context_interactions,context_balanced,True,0.636986301369863,0.6633140008140008,0.636986301369863,0.6605202821869489,584,30,26,0.6340290178571428,0.6371114533614535,0.620212423559704,26
V2-R,V2M-two_stage_user_local_reranker-v1,protocol_a_rollv2_cv3,3,2026,V2H-local-shuffle,False,shuffle_eeg_control,oof_pair_context_balanced_C0p25,oof_pair_meta,context_interactions,context_balanced,True,0.6262135922330098,0.638929583458576,0.6262135922330098,0.6543083338619053,618,28,24,0.6199479716088107,0.6321951505284839,0.6316560462901927,24
V2-R,V2M-two_stage_user_local_reranker-v1,protocol_a_rollv2_cv3,1,2026,V2H-local-shuffle,False,shuffle_eeg_control,oof_pair_context_sqrt_pair_C0p25,oof_pair_meta,context_interactions,sqrt_pair_balanced,True,0.6254180602006689,0.6294108305715448,0.6254180602006689,0.6327808012093725,598,35,28,0.6200291830888847,0.615904366797224,0.6558833738285318,28
V2-R,V2M-two_stage_user_local_reranker-v1,protocol_a_rollv2_cv3,2,2026,V2H-local-shuffle,False,shuffle_eeg_control,oof_pair_context_sqrt_pair_C0p25,oof_pair_meta,context_interactions,sqrt_pair_balanced,True,0.6455479452054794,0.6675518925518926,0.6455479452054794,0.6569708994708995,584,30,26,0.6369392586580087,0.640243783993784,0.6184243464578193,26
V2-R,V2M-two_stage_user_local_reranker-v1,protocol_a_rollv2_cv3,3,2026,V2H-local-shuffle,False,shuffle_eeg_control,oof_pair_context_sqrt_pair_C0p25,oof_pair_meta,context_interactions,sqrt_pair_balanced,True,0.6310679611650486,0.6509833020257749,0.6310679611650486,0.6556189841904126,618,28,24,0.616001704201005,0.6299643219434886,0.6025781879440416,24
V2-R,V2M-two_stage_user_local_reranker-v1,protocol_a_rollv2_cv3,1,2026,V2H-local-shuffle,False,shuffle_eeg_control,oof_pair_context_balanced_C0p10,oof_pair_meta,context_interactions,context_balanced,True,0.6237458193979933,0.6340574670038955,0.6237458193979933,0.6416568405139833,598,35,28,0.6253864874760398,0.622029822029822,0.6302325581395349,28
V2-R,V2M-two_stage_user_local_reranker-v1,protocol_a_rollv2_cv3,2,2026,V2H-local-shuffle,False,shuffle_eeg_control,oof_pair_context_balanced_C0p10,oof_pair_meta,context_interactions,context_balanced,True,0.6284246575342466,0.6519357956857957,0.6284246575342466,0.6369554673721339,584,30,26,0.6299541170634921,0.6308729696229697,0.6212137467367593,26
V2-R,V2M-two_stage_user_local_reranker-v1,protocol_a_rollv2_cv3,3,2026,V2H-local-shuffle,False,shuffle_eeg_control,oof_pair_context_balanced_C0p10,oof_pair_meta,context_interactions,context_balanced,True,0.6326860841423948,0.647227611002927,0.6326860841423948,0.6563789120931979,618,28,24,0.629169305830145,0.6425721346554679,0.6189115945213506,24
V2-R,V2M-two_stage_user_local_reranker-v1,protocol_a_rollv2_cv3,1,2027,V2H-local-shuffle,False,shuffle_eeg_control,v2n_eeg_base_0p05,baseline_score_transform,none,none,False,0.6505016722408027,0.666975260189546,0.6505016722408027,0.6976413454270598,598,35,28,0.6555847386444402,0.6563061525115097,0.5968413745227352,28
V2-R,V2M-two_stage_user_local_reranker-v1,protocol_a_rollv2_cv3,2,2027,V2H-local-shuffle,False,shuffle_eeg_control,v2n_eeg_base_0p05,baseline_score_transform,none,none,False,0.6198630136986302,0.637754144004144,0.6198630136986302,0.6371779300945968,584,30,26,0.615027619949495,0.6107530895030894,0.6451382183599756,26
V2-R,V2M-two_stage_user_local_reranker-v1,protocol_a_rollv2_cv3,3,2027,V2H-local-shuffle,False,shuffle_eeg_control,v2n_eeg_base_0p05,baseline_score_transform,none,none,False,0.6472491909385113,0.6549447806605636,0.6472491909385113,0.6779771881557596,618,28,24,0.6339399625238785,0.6435108641358641,0.5691056910569106,24
V2-R,V2M-two_stage_user_local_reranker-v1,protocol_a_rollv2_cv3,1,2027,V2H-local-shuffle,False,shuffle_eeg_control,sqrt_margin_eeg_base0p05,baseline_score_transform,none,none,False,0.6521739130434783,0.6623550787836503,0.6521739130434783,0.6897785336356765,598,35,28,0.6553490125131917,0.6548520708788566,0.5973273169038529,28
V2-R,V2M-two_stage_user_local_reranker-v1,protocol_a_rollv2_cv3,2,2027,V2H-local-shuffle,False,shuffle_eeg_control,sqrt_margin_eeg_base0p05,baseline_score_transform,none,none,False,0.6284246575342466,0.6445496632996632,0.6284246575342466,0.6441784912618247,584,30,26,0.6227904040404041,0.6194862544862545,0.6475700032185387,26
V2-R,V2M-two_stage_user_local_reranker-v1,protocol_a_rollv2_cv3,3,2027,V2H-local-shuffle,False,shuffle_eeg_control,sqrt_margin_eeg_base0p05,baseline_score_transform,none,none,False,0.6472491909385113,0.6596644591302421,0.6472491909385113,0.6805345316059601,618,28,24,0.6388362414586192,0.6496194314944315,0.5715227422544495,24
V2-R,V2M-two_stage_user_local_reranker-v1,protocol_a_rollv2_cv3,1,2027,V2H-local-shuffle,False,shuffle_eeg_control,margin_power0p25_base0p05,baseline_score_transform,none,none,False,0.6521739130434783,0.6714112012326298,0.6521739130434783,0.6958896447467875,598,35,28,0.6480118886089035,0.6464620482031195,0.598958694897605,28
V2-R,V2M-two_stage_user_local_reranker-v1,protocol_a_rollv2_cv3,2,2027,V2H-local-shuffle,False,shuffle_eeg_control,margin_power0p25_base0p05,baseline_score_transform,none,none,False,0.6335616438356164,0.6507716820216822,0.6335616438356164,0.6490418069584737,584,30,26,0.6335730068542568,0.6325107762607763,0.6506812573758181,26
V2-R,V2M-two_stage_user_local_reranker-v1,protocol_a_rollv2_cv3,3,2027,V2H-local-shuffle,False,shuffle_eeg_control,margin_power0p25_base0p05,baseline_score_transform,none,none,False,0.6618122977346278,0.6933566715231124,0.6618122977346278,0.7105809237059236,618,28,24,0.6582706337951093,0.6791345344470345,0.5773822603090896,24
V2-R,V2M-two_stage_user_local_reranker-v1,protocol_a_rollv2_cv3,1,2027,V2H-local-shuffle,False,shuffle_eeg_control,oof_pair_score_equal_C0p25,oof_pair_meta,score_only,equal,True,0.6555183946488294,0.6601578943543228,0.6555183946488294,0.6631171579743007,598,35,28,0.6367038185694901,0.634736222771937,0.6177716070808748,28
V2-R,V2M-two_stage_user_local_reranker-v1,protocol_a_rollv2_cv3,2,2027,V2H-local-shuffle,False,shuffle_eeg_control,oof_pair_score_equal_C0p25,oof_pair_meta,score_only,equal,True,0.6335616438356164,0.6482267732267734,0.6335616438356164,0.6379473304473305,584,30,26,0.6379853219696969,0.6356281218781219,0.6140256767871831,26
V2-R,V2M-two_stage_user_local_reranker-v1,protocol_a_rollv2_cv3,3,2027,V2H-local-shuffle,False,shuffle_eeg_control,oof_pair_score_equal_C0p25,oof_pair_meta,score_only,equal,True,0.63915857605178,0.6622176175385025,0.63915857605178,0.6865232122374979,618,28,24,0.6501992859510342,0.6582188798855465,0.6052515930564712,24
V2-R,V2M-two_stage_user_local_reranker-v1,protocol_a_rollv2_cv3,1,2027,V2H-local-shuffle,False,shuffle_eeg_control,oof_pair_score_context_balanced_C0p25,oof_pair_meta,score_only,context_balanced,True,0.657190635451505,0.6567541717541718,0.657190635451505,0.6788465608465608,598,35,28,0.6416528827722858,0.6393264060674774,0.6315168344324887,28
V2-R,V2M-two_stage_user_local_reranker-v1,protocol_a_rollv2_cv3,2,2027,V2H-local-shuffle,False,shuffle_eeg_control,oof_pair_score_context_balanced_C0p25,oof_pair_meta,score_only,context_balanced,True,0.6284246575342466,0.6405636030636029,0.6284246575342466,0.6426948051948053,584,30,26,0.6327519615800866,0.6300598013098012,0.6405249794371134,26
V2-R,V2M-two_stage_user_local_reranker-v1,protocol_a_rollv2_cv3,3,2027,V2H-local-shuffle,False,shuffle_eeg_control,oof_pair_score_context_balanced_C0p25,oof_pair_meta,score_only,context_balanced,True,0.6504854368932039,0.6646666961361557,0.6504854368932039,0.6875044862544862,618,28,24,0.6555917082140857,0.6635220990429324,0.6418003369222881,24
V2-R,V2M-two_stage_user_local_reranker-v1,protocol_a_rollv2_cv3,1,2027,V2H-local-shuffle,False,shuffle_eeg_control,oof_pair_context_equal_C0p25,oof_pair_meta,context_interactions,equal,True,0.6321070234113713,0.6437976408512123,0.6321070234113713,0.6450839002267573,598,35,28,0.6115168745019491,0.6104036538857969,0.6546685178757377,28
V2-R,V2M-two_stage_user_local_reranker-v1,protocol_a_rollv2_cv3,2,2027,V2H-local-shuffle,False,shuffle_eeg_control,oof_pair_context_equal_C0p25,oof_pair_meta,context_interactions,equal,True,0.6335616438356164,0.6562305749805751,0.6335616438356164,0.6543019480519482,584,30,26,0.5,0.5,0.5083682008368201,26
V2-R,V2M-two_stage_user_local_reranker-v1,protocol_a_rollv2_cv3,3,2027,V2H-local-shuffle,False,shuffle_eeg_control,oof_pair_context_equal_C0p25,oof_pair_meta,context_interactions,equal,True,0.6359223300970874,0.672079723228459,0.6359223300970874,0.6933857874929304,618,28,24,0.506993006993007,0.5208333333333334,0.49754632681461947,24
V2-R,V2M-two_stage_user_local_reranker-v1,protocol_a_rollv2_cv3,1,2027,V2H-local-shuffle,False,shuffle_eeg_control,oof_pair_context_balanced_C0p25,oof_pair_meta,context_interactions,context_balanced,True,0.6404682274247492,0.6435713558927845,0.6404682274247492,0.6621647770219198,598,35,28,0.6428208524477182,0.6402783146086718,0.6536966331135022,28
V2-R,V2M-two_stage_user_local_reranker-v1,protocol_a_rollv2_cv3,2,2027,V2H-local-shuffle,False,shuffle_eeg_control,oof_pair_context_balanced_C0p25,oof_pair_meta,context_interactions,context_balanced,True,0.6301369863013698,0.6438820438820438,0.6301369863013698,0.6430707872374539,584,30,26,0.6226970598845598,0.6226520239020239,0.6164217001037084,26
V2-R,V2M-two_stage_user_local_reranker-v1,protocol_a_rollv2_cv3,3,2027,V2H-local-shuffle,False,shuffle_eeg_control,oof_pair_context_balanced_C0p25,oof_pair_meta,context_interactions,context_balanced,True,0.6472491909385113,0.6612054084999777,0.6472491909385113,0.682576851058994,618,28,24,0.6500695788283202,0.6593384470467805,0.6715740130374277,24
V2-R,V2M-two_stage_user_local_reranker-v1,protocol_a_rollv2_cv3,1,2027,V2H-local-shuffle,False,shuffle_eeg_control,oof_pair_context_sqrt_pair_C0p25,oof_pair_meta,context_interactions,sqrt_pair_balanced,True,0.6488294314381271,0.6592768474911332,0.6488294314381271,0.6772932728647015,598,35,28,0.6307234390816481,0.6274202913488628,0.6738285317598056,28
V2-R,V2M-two_stage_user_local_reranker-v1,protocol_a_rollv2_cv3,2,2027,V2H-local-shuffle,False,shuffle_eeg_control,oof_pair_context_sqrt_pair_C0p25,oof_pair_meta,context_interactions,sqrt_pair_balanced,True,0.6301369863013698,0.647266391016391,0.6301369863013698,0.649032988616322,584,30,26,0.6217924783549784,0.62250185000185,0.6334084325716125,26
V2-R,V2M-two_stage_user_local_reranker-v1,protocol_a_rollv2_cv3,3,2027,V2H-local-shuffle,False,shuffle_eeg_control,oof_pair_context_sqrt_pair_C0p25,oof_pair_meta,context_interactions,sqrt_pair_balanced,True,0.6423948220064725,0.6787115674644699,0.6423948220064725,0.6986450553414839,618,28,24,0.6416310767709369,0.6592354790271457,0.6604409287336117,24
V2-R,V2M-two_stage_user_local_reranker-v1,protocol_a_rollv2_cv3,1,2027,V2H-local-shuffle,False,shuffle_eeg_control,oof_pair_context_balanced_C0p10,oof_pair_meta,context_interactions,context_balanced,True,0.6404682274247492,0.6569642130356417,0.6404682274247492,0.6693076341647769,598,35,28,0.6404067325709117,0.6382899359238646,0.6400555362721277,28
V2-R,V2M-two_stage_user_local_reranker-v1,protocol_a_rollv2_cv3,2,2027,V2H-local-shuffle,False,shuffle_eeg_control,oof_pair_context_balanced_C0p10,oof_pair_meta,context_interactions,context_balanced,True,0.6267123287671232,0.6410330410330409,0.6267123287671232,0.6406016514349848,584,30,26,0.6294072420634922,0.6280668405668405,0.6172799771126131,26
V2-R,V2M-two_stage_user_local_reranker-v1,protocol_a_rollv2_cv3,3,2027,V2H-local-shuffle,False,shuffle_eeg_control,oof_pair_context_balanced_C0p10,oof_pair_meta,context_interactions,context_balanced,True,0.6521035598705501,0.6774264733147923,0.6521035598705501,0.6963211821247536,618,28,24,0.6555765718353131,0.6743538791455458,0.6652750311286896,24
V2-R,V2M-two_stage_user_local_reranker-v1,protocol_a_rollv2_cv3,1,2028,V2H-local-shuffle,False,shuffle_eeg_control,v2n_eeg_base_0p05,baseline_score_transform,none,none,False,0.6387959866220736,0.6541911593697307,0.6387959866220736,0.6826674225245654,598,35,28,0.6329608451250242,0.6280980510891225,0.5879555709822979,28
V2-R,V2M-two_stage_user_local_reranker-v1,protocol_a_rollv2_cv3,2,2028,V2H-local-shuffle,False,shuffle_eeg_control,v2n_eeg_base_0p05,baseline_score_transform,none,none,False,0.6404109589041096,0.648462185962186,0.6404109589041096,0.6391037357704026,584,30,26,0.6286240755772006,0.6239122914122915,0.646032256910918,26
V2-R,V2M-two_stage_user_local_reranker-v1,protocol_a_rollv2_cv3,3,2028,V2H-local-shuffle,False,shuffle_eeg_control,v2n_eeg_base_0p05,baseline_score_transform,none,none,False,0.6213592233009708,0.6362803775995532,0.6213592233009708,0.6538251431108574,618,28,24,0.6195151973124001,0.6272200523242191,0.556837325130008,24
V2-R,V2M-two_stage_user_local_reranker-v1,protocol_a_rollv2_cv3,1,2028,V2H-local-shuffle,False,shuffle_eeg_control,sqrt_margin_eeg_base0p05,baseline_score_transform,none,none,False,0.6438127090301003,0.6613807852200708,0.6438127090301003,0.6896095993953137,598,35,28,0.6348987745256401,0.6299121100460388,0.5889274557445332,28
V2-R,V2M-two_stage_user_local_reranker-v1,protocol_a_rollv2_cv3,2,2028,V2H-local-shuffle,False,shuffle_eeg_control,sqrt_margin_eeg_base0p05,baseline_score_transform,none,none,False,0.6404109589041096,0.6500800125800126,0.6404109589041096,0.6340243706910373,584,30,26,0.6312319624819624,0.6276668701668702,0.6477130493866896,26
V2-R,V2M-two_stage_user_local_reranker-v1,protocol_a_rollv2_cv3,3,2028,V2H-local-shuffle,False,shuffle_eeg_control,sqrt_margin_eeg_base0p05,baseline_score_transform,none,none,False,0.6197411003236246,0.6351229701921458,0.6197411003236246,0.6528330796187938,618,28,24,0.6156981809953839,0.623632089361256,0.5591445103640226,24
V2-R,V2M-two_stage_user_local_reranker-v1,protocol_a_rollv2_cv3,1,2028,V2H-local-shuffle,False,shuffle_eeg_control,margin_power0p25_base0p05,baseline_score_transform,none,none,False,0.6404682274247492,0.6532553128088843,0.6404682274247492,0.675665910808768,598,35,28,0.6321245504081325,0.627600129698344,0.591461298160361,28
V2-R,V2M-two_stage_user_local_reranker-v1,protocol_a_rollv2_cv3,2,2028,V2H-local-shuffle,False,shuffle_eeg_control,margin_power0p25_base0p05,baseline_score_transform,none,none,False,0.6472602739726028,0.6588228900728901,0.6472602739726028,0.6404904200737533,584,30,26,0.6412070481601732,0.6412916712916713,0.652075957515288,26
V2-R,V2M-two_stage_user_local_reranker-v1,protocol_a_rollv2_cv3,3,2028,V2H-local-shuffle,False,shuffle_eeg_control,margin_power0p25_base0p05,baseline_score_transform,none,none,False,0.6213592233009708,0.6570745800168853,0.6213592233009708,0.6599665942523085,618,28,24,0.6321364921015271,0.6508312867687868,0.5666520178715301,24
V2-R,V2M-two_stage_user_local_reranker-v1,protocol_a_rollv2_cv3,1,2028,V2H-local-shuffle,False,shuffle_eeg_control,oof_pair_score_equal_C0p25,oof_pair_meta,score_only,equal,True,0.6254180602006689,0.6209821230356943,0.6254180602006689,0.6210622552051123,598,35,28,0.6253761495552541,0.6218467841682127,0.6108295730649079,28
V2-R,V2M-two_stage_user_local_reranker-v1,protocol_a_rollv2_cv3,2,2028,V2H-local-shuffle,False,shuffle_eeg_control,oof_pair_score_equal_C0p25,oof_pair_meta,score_only,equal,True,0.625,0.634245152995153,0.625,0.6231315135481802,584,30,26,0.632036773989899,0.6320465182965184,0.6391660408396811,26
V2-R,V2M-two_stage_user_local_reranker-v1,protocol_a_rollv2_cv3,3,2028,V2H-local-shuffle,False,shuffle_eeg_control,oof_pair_score_equal_C0p25,oof_pair_meta,score_only,equal,True,0.6245954692556634,0.6441538833734396,0.6245954692556634,0.6506686831686832,618,28,24,0.6352487838501825,0.6418532123740457,0.576759686515784,24
V2-R,V2M-two_stage_user_local_reranker-v1,protocol_a_rollv2_cv3,1,2028,V2H-local-shuffle,False,shuffle_eeg_control,oof_pair_score_context_balanced_C0p25,oof_pair_meta,score_only,context_balanced,True,0.6421404682274248,0.6404970855863713,0.6421404682274248,0.6454043839758126,598,35,28,0.6259421507182701,0.6180402666116952,0.6222145088510934,28
V2-R,V2M-two_stage_user_local_reranker-v1,protocol_a_rollv2_cv3,2,2028,V2H-local-shuffle,False,shuffle_eeg_control,oof_pair_score_context_balanced_C0p25,oof_pair_meta,score_only,context_balanced,True,0.648972602739726,0.6522040459540459,0.648972602739726,0.6383651996151997,584,30,26,0.6523097041847041,0.6492436729936729,0.6659871973679505,26
V2-R,V2M-two_stage_user_local_reranker-v1,protocol_a_rollv2_cv3,3,2028,V2H-local-shuffle,False,shuffle_eeg_control,oof_pair_score_context_balanced_C0p25,oof_pair_meta,score_only,context_balanced,True,0.6294498381877023,0.6459180146085138,0.6294498381877023,0.6562999104070533,618,28,24,0.6463891586269209,0.6517138725472059,0.6129788324910276,24
V2-R,V2M-two_stage_user_local_reranker-v1,protocol_a_rollv2_cv3,1,2028,V2H-local-shuffle,False,shuffle_eeg_control,oof_pair_context_equal_C0p25,oof_pair_meta,context_interactions,equal,True,0.6254180602006689,0.6252050066335781,0.6254180602006689,0.623845323988181,598,35,28,0.5,0.5,0.5093023255813953,28
V2-R,V2M-two_stage_user_local_reranker-v1,protocol_a_rollv2_cv3,2,2028,V2H-local-shuffle,False,shuffle_eeg_control,oof_pair_context_equal_C0p25,oof_pair_meta,context_interactions,equal,True,0.6558219178082192,0.6671943796943798,0.6558219178082192,0.6582351290684625,584,30,26,0.5,0.5,0.5,26
V2-R,V2M-two_stage_user_local_reranker-v1,protocol_a_rollv2_cv3,3,2028,V2H-local-shuffle,False,shuffle_eeg_control,oof_pair_context_equal_C0p25,oof_pair_meta,context_interactions,equal,True,0.6343042071197411,0.655379706466039,0.6343042071197411,0.6605621428835714,618,28,24,0.5,0.5,0.5,24
V2-R,V2M-two_stage_user_local_reranker-v1,protocol_a_rollv2_cv3,1,2028,V2H-local-shuffle,False,shuffle_eeg_control,oof_pair_context_balanced_C0p25,oof_pair_meta,context_interactions,context_balanced,True,0.6404682274247492,0.645147792022792,0.6404682274247492,0.6521164021164022,598,35,28,0.6315794404600374,0.6242165704665705,0.659389101006595,28
V2-R,V2M-two_stage_user_local_reranker-v1,protocol_a_rollv2_cv3,2,2028,V2H-local-shuffle,False,shuffle_eeg_control,oof_pair_context_balanced_C0p25,oof_pair_meta,context_interactions,context_balanced,True,0.6558219178082192,0.6576680264180264,0.6558219178082192,0.6431006493506494,584,30,26,0.6449342757936508,0.6453063603063603,0.6128813074419768,26
V2-R,V2M-two_stage_user_local_reranker-v1,protocol_a_rollv2_cv3,3,2028,V2H-local-shuffle,False,shuffle_eeg_control,oof_pair_context_balanced_C0p25,oof_pair_meta,context_interactions,context_balanced,True,0.6245954692556634,0.6463514485039575,0.6245954692556634,0.6582908229336801,618,28,24,0.6322341217446114,0.6380864274614275,0.6337068776093167,24
V2-R,V2M-two_stage_user_local_reranker-v1,protocol_a_rollv2_cv3,1,2028,V2H-local-shuffle,False,shuffle_eeg_control,oof_pair_context_sqrt_pair_C0p25,oof_pair_meta,context_interactions,sqrt_pair_balanced,True,0.6337792642140468,0.6329115791615791,0.6337792642140468,0.6448915343915343,598,35,28,0.6186516551441924,0.6120683450147736,0.6634154807358557,28
V2-R,V2M-two_stage_user_local_reranker-v1,protocol_a_rollv2_cv3,2,2028,V2H-local-shuffle,False,shuffle_eeg_control,oof_pair_context_sqrt_pair_C0p25,oof_pair_meta,context_interactions,sqrt_pair_balanced,True,0.636986301369863,0.6428150553150555,0.636986301369863,0.6354661696328363,584,30,26,0.6204061823593073,0.624480056980057,0.6216071236991739,26
V2-R,V2M-two_stage_user_local_reranker-v1,protocol_a_rollv2_cv3,3,2028,V2H-local-shuffle,False,shuffle_eeg_control,oof_pair_context_sqrt_pair_C0p25,oof_pair_meta,context_interactions,sqrt_pair_balanced,True,0.6326860841423948,0.6592937532501516,0.6326860841423948,0.6639664568235997,618,28,24,0.6265663047131579,0.6422333530666865,0.60913352376767,24
V2-R,V2M-two_stage_user_local_reranker-v1,protocol_a_rollv2_cv3,1,2028,V2H-local-shuffle,False,shuffle_eeg_control,oof_pair_context_balanced_C0p10,oof_pair_meta,context_interactions,context_balanced,True,0.6438127090301003,0.6472311253561254,0.6438127090301003,0.6537830687830688,598,35,28,0.6331868794555362,0.6255629423486567,0.6444637278722666,28
V2-R,V2M-two_stage_user_local_reranker-v1,protocol_a_rollv2_cv3,2,2028,V2H-local-shuffle,False,shuffle_eeg_control,oof_pair_context_balanced_C0p10,oof_pair_meta,context_interactions,context_balanced,True,0.6541095890410958,0.6565284252784254,0.6541095890410958,0.6421129950296617,584,30,26,0.6436037833694084,0.6442056092056092,0.6159210385151807,26
V2-R,V2M-two_stage_user_local_reranker-v1,protocol_a_rollv2_cv3,3,2028,V2H-local-shuffle,False,shuffle_eeg_control,oof_pair_context_balanced_C0p10,oof_pair_meta,context_interactions,context_balanced,True,0.6229773462783171,0.6548991777808535,0.6229773462783171,0.6648734004091147,618,28,24,0.6355363750468646,0.6499575694367361,0.6338533655606826,24
V2-R,V2M-two_stage_user_local_reranker-v1,protocol_a_rollv2_cv3,1,2029,V2H-local-shuffle,False,shuffle_eeg_control,v2n_eeg_base_0p05,baseline_score_transform,none,none,False,0.6387959866220736,0.6526865297401011,0.6387959866220736,0.6848934240362813,598,35,28,0.6397695505158192,0.6387523835291692,0.582714335300243,28
V2-R,V2M-two_stage_user_local_reranker-v1,protocol_a_rollv2_cv3,2,2029,V2H-local-shuffle,False,shuffle_eeg_control,v2n_eeg_base_0p05,baseline_score_transform,none,none,False,0.648972602739726,0.6610398860398861,0.648972602739726,0.6562477954144621,584,30,26,0.6441246167027418,0.6415389702889703,0.6502163573293281,26
V2-R,V2M-two_stage_user_local_reranker-v1,protocol_a_rollv2_cv3,3,2029,V2H-local-shuffle,False,shuffle_eeg_control,v2n_eeg_base_0p05,baseline_score_transform,none,none,False,0.6359223300970874,0.6596002268488401,0.6359223300970874,0.6766685430971144,618,28,24,0.6375575085365295,0.6488872200330534,0.5529187724309675,24
V2-R,V2M-two_stage_user_local_reranker-v1,protocol_a_rollv2_cv3,1,2029,V2H-local-shuffle,False,shuffle_eeg_control,sqrt_margin_eeg_base0p05,baseline_score_transform,none,none,False,0.6404682274247492,0.6679381432060003,0.6404682274247492,0.692546485260771,598,35,28,0.6417606771338116,0.6410778705421561,0.5828184658104825,28
V2-R,V2M-two_stage_user_local_reranker-v1,protocol_a_rollv2_cv3,2,2029,V2H-local-shuffle,False,shuffle_eeg_control,sqrt_margin_eeg_base0p05,baseline_score_transform,none,none,False,0.6558219178082192,0.6792149979649982,0.6558219178082192,0.6719995590828926,584,30,26,0.6599766639610389,0.65994301994302,0.6522547652254764,26
V2-R,V2M-two_stage_user_local_reranker-v1,protocol_a_rollv2_cv3,3,2029,V2H-local-shuffle,False,shuffle_eeg_control,sqrt_margin_eeg_base0p05,baseline_score_transform,none,none,False,0.6343042071197411,0.6602544085995131,0.6343042071197411,0.676589650428936,618,28,24,0.6389644349434559,0.6512422685339352,0.554859737786567,24
V2-R,V2M-two_stage_user_local_reranker-v1,protocol_a_rollv2_cv3,1,2029,V2H-local-shuffle,False,shuffle_eeg_control,margin_power0p25_base0p05,baseline_score_transform,none,none,False,0.637123745819398,0.6595410343624629,0.637123745819398,0.6711859410430839,598,35,28,0.6319194072925417,0.6299943954854669,0.5830961471711211,28
V2-R,V2M-two_stage_user_local_reranker-v1,protocol_a_rollv2_cv3,2,2029,V2H-local-shuffle,False,shuffle_eeg_control,margin_power0p25_base0p05,baseline_score_transform,none,none,False,0.6695205479452054,0.6889078514078514,0.6695205479452054,0.6829000320666988,584,30,26,0.6700472357503607,0.6716415066415067,0.655687873261095,26
V2-R,V2M-two_stage_user_local_reranker-v1,protocol_a_rollv2_cv3,3,2029,V2H-local-shuffle,False,shuffle_eeg_control,margin_power0p25_base0p05,baseline_score_transform,none,none,False,0.6294498381877023,0.656900519047707,0.6294498381877023,0.6735554491804491,618,28,24,0.637186706067825,0.648939690710524,0.560499523914158,24
V2-R,V2M-two_stage_user_local_reranker-v1,protocol_a_rollv2_cv3,1,2029,V2H-local-shuffle,False,shuffle_eeg_control,oof_pair_score_equal_C0p25,oof_pair_meta,score_only,equal,True,0.6304347826086957,0.6340721117506832,0.6304347826086957,0.6359145880574452,598,35,28,0.6236416402834313,0.6199030268673126,0.6081568899687608,28
V2-R,V2M-two_stage_user_local_reranker-v1,protocol_a_rollv2_cv3,2,2029,V2H-local-shuffle,False,shuffle_eeg_control,oof_pair_score_equal_C0p25,oof_pair_meta,score_only,equal,True,0.6506849315068494,0.6706411643911646,0.6506849315068494,0.6556800144300146,584,30,26,0.6608039096320346,0.660947940947941,0.6080177377248506,26
V2-R,V2M-two_stage_user_local_reranker-v1,protocol_a_rollv2_cv3,3,2029,V2H-local-shuffle,False,shuffle_eeg_control,oof_pair_score_equal_C0p25,oof_pair_meta,score_only,equal,True,0.6488673139158576,0.6709419794709075,0.6488673139158576,0.6776046671582386,618,28,24,0.6554404608600413,0.6638214062172395,0.5644180766131985,24
V2-R,V2M-two_stage_user_local_reranker-v1,protocol_a_rollv2_cv3,1,2029,V2H-local-shuffle,False,shuffle_eeg_control,oof_pair_score_context_balanced_C0p25,oof_pair_meta,score_only,context_balanced,True,0.6354515050167224,0.6493473457759172,0.6354515050167224,0.6614436885865457,598,35,28,0.6337481424048588,0.6330280698137842,0.621242624088858,28
V2-R,V2M-two_stage_user_local_reranker-v1,protocol_a_rollv2_cv3,2,2029,V2H-local-shuffle,False,shuffle_eeg_control,oof_pair_score_context_balanced_C0p25,oof_pair_meta,score_only,context_balanced,True,0.6523972602739726,0.6628586691086691,0.6523972602739726,0.6597949735449735,584,30,26,0.6574755366161616,0.6546588134088135,0.6523978113936274,26
V2-R,V2M-two_stage_user_local_reranker-v1,protocol_a_rollv2_cv3,3,2029,V2H-local-shuffle,False,shuffle_eeg_control,oof_pair_score_context_balanced_C0p25,oof_pair_meta,score_only,context_balanced,True,0.6359223300970874,0.6580321227834772,0.6359223300970874,0.6748442727907012,618,28,24,0.6525825476000301,0.6610280845697512,0.5878927708196001,24
V2-R,V2M-two_stage_user_local_reranker-v1,protocol_a_rollv2_cv3,1,2029,V2H-local-shuffle,False,shuffle_eeg_control,oof_pair_context_equal_C0p25,oof_pair_meta,context_interactions,equal,True,0.6270903010033445,0.6329891636141635,0.6270903010033445,0.6366507936507937,598,35,28,0.6273198940363119,0.6234824005359721,0.6585907670947587,28
V2-R,V2M-two_stage_user_local_reranker-v1,protocol_a_rollv2_cv3,2,2029,V2H-local-shuffle,False,shuffle_eeg_control,oof_pair_context_equal_C0p25,oof_pair_meta,context_interactions,equal,True,0.6506849315068494,0.6600311725311724,0.6506849315068494,0.6404661696328362,584,30,26,0.5,0.5,0.5,26
V2-R,V2M-two_stage_user_local_reranker-v1,protocol_a_rollv2_cv3,3,2029,V2H-local-shuffle,False,shuffle_eeg_control,oof_pair_context_equal_C0p25,oof_pair_meta,context_interactions,equal,True,0.6294498381877023,0.6575336768053164,0.6294498381877023,0.6210195888767317,618,28,24,0.5,0.5,0.5,24
V2-R,V2M-two_stage_user_local_reranker-v1,protocol_a_rollv2_cv3,1,2029,V2H-local-shuffle,False,shuffle_eeg_control,oof_pair_context_balanced_C0p25,oof_pair_meta,context_interactions,context_balanced,True,0.6321070234113713,0.653686914936915,0.6321070234113713,0.6657089947089947,598,35,28,0.6369275914798302,0.6343824297395726,0.6487330787920861,28
V2-R,V2M-two_stage_user_local_reranker-v1,protocol_a_rollv2_cv3,2,2029,V2H-local-shuffle,False,shuffle_eeg_control,oof_pair_context_balanced_C0p25,oof_pair_meta,context_interactions,context_balanced,True,0.648972602739726,0.6600986975986977,0.648972602739726,0.6574029982363316,584,30,26,0.6372914411976912,0.6387482424982426,0.6121303150591852,26
V2-R,V2M-two_stage_user_local_reranker-v1,protocol_a_rollv2_cv3,3,2029,V2H-local-shuffle,False,shuffle_eeg_control,oof_pair_context_balanced_C0p25,oof_pair_meta,context_interactions,context_balanced,True,0.6375404530744336,0.6617849689511841,0.6375404530744336,0.6787274927453498,618,28,24,0.6463096538271363,0.6559872997372997,0.6009301984911741,24
V2-R,V2M-two_stage_user_local_reranker-v1,protocol_a_rollv2_cv3,1,2029,V2H-local-shuffle,False,shuffle_eeg_control,oof_pair_context_sqrt_pair_C0p25,oof_pair_meta,context_interactions,sqrt_pair_balanced,True,0.6237458193979933,0.6380850630850633,0.6237458193979933,0.6488624338624339,598,35,28,0.6232082014171567,0.6195255273826703,0.6680666435265532,28
V2-R,V2M-two_stage_user_local_reranker-v1,protocol_a_rollv2_cv3,2,2029,V2H-local-shuffle,False,shuffle_eeg_control,oof_pair_context_sqrt_pair_C0p25,oof_pair_meta,context_interactions,sqrt_pair_balanced,True,0.6626712328767124,0.6856009731009731,0.6626712328767124,0.6811451819785153,584,30,26,0.6583352498196249,0.6622512672512673,0.6192468619246861,26
V2-R,V2M-two_stage_user_local_reranker-v1,protocol_a_rollv2_cv3,3,2029,V2H-local-shuffle,False,shuffle_eeg_control,oof_pair_context_sqrt_pair_C0p25,oof_pair_meta,context_interactions,sqrt_pair_balanced,True,0.6310679611650486,0.6535496320975874,0.6310679611650486,0.659196768839626,618,28,24,0.6226169324071422,0.6325786597661598,0.5731341097194756,24
V2-R,V2M-two_stage_user_local_reranker-v1,protocol_a_rollv2_cv3,1,2029,V2H-local-shuffle,False,shuffle_eeg_control,oof_pair_context_balanced_C0p10,oof_pair_meta,context_interactions,context_balanced,True,0.6321070234113713,0.653686914936915,0.6321070234113713,0.6657089947089947,598,35,28,0.6337541728586505,0.631746375317804,0.6362721277334259,28
V2-R,V2M-two_stage_user_local_reranker-v1,protocol_a_rollv2_cv3,2,2029,V2H-local-shuffle,False,shuffle_eeg_control,oof_pair_context_balanced_C0p10,oof_pair_meta,context_interactions,context_balanced,True,0.6592465753424658,0.6703881766381765,0.6592465753424658,0.6663205467372133,584,30,26,0.6497580717893217,0.6516834091834092,0.6187104387941208,26
V2-R,V2M-two_stage_user_local_reranker-v1,protocol_a_rollv2_cv3,3,2029,V2H-local-shuffle,False,shuffle_eeg_control,oof_pair_context_balanced_C0p10,oof_pair_meta,context_interactions,context_balanced,True,0.6343042071197411,0.6586979690440088,0.6343042071197411,0.6761859205609204,618,28,24,0.6460418660593485,0.6551219999136667,0.599685050904563,24
V2-R,V2M-two_stage_user_local_reranker-v1,protocol_a_rollv2_cv3,1,2030,V2H-local-shuffle,False,shuffle_eeg_control,v2n_eeg_base_0p05,baseline_score_transform,none,none,False,0.6321070234113713,0.6530107855107855,0.6321070234113713,0.6938677248677249,598,35,28,0.6320475544356141,0.6314061104239675,0.5783061437001041,28
V2-R,V2M-two_stage_user_local_reranker-v1,protocol_a_rollv2_cv3,2,2030,V2H-local-shuffle,False,shuffle_eeg_control,v2n_eeg_base_0p05,baseline_score_transform,none,none,False,0.6147260273972602,0.6307245994745995,0.6147260273972602,0.6162708433541767,584,30,26,0.6161040088383838,0.6127597865097865,0.6638057433036513,26
V2-R,V2M-two_stage_user_local_reranker-v1,protocol_a_rollv2_cv3,3,2030,V2H-local-shuffle,False,shuffle_eeg_control,v2n_eeg_base_0p05,baseline_score_transform,none,none,False,0.6213592233009708,0.6241379091849938,0.6213592233009708,0.6276754132111274,618,28,24,0.617676719162733,0.6252900764359098,0.549512927561708,24
V2-R,V2M-two_stage_user_local_reranker-v1,protocol_a_rollv2_cv3,1,2030,V2H-local-shuffle,False,shuffle_eeg_control,sqrt_margin_eeg_base0p05,baseline_score_transform,none,none,False,0.6404682274247492,0.6599835746264319,0.6404682274247492,0.6994459561602419,598,35,28,0.6358523400314444,0.6348450276575275,0.5788962165914613,28
V2-R,V2M-two_stage_user_local_reranker-v1,protocol_a_rollv2_cv3,2,2030,V2H-local-shuffle,False,shuffle_eeg_control,sqrt_margin_eeg_base0p05,baseline_score_transform,none,none,False,0.6198630136986302,0.6366642616642616,0.6198630136986302,0.6203074394741062,584,30,26,0.6242660984848485,0.622101602101602,0.6659514358259128,26
V2-R,V2M-two_stage_user_local_reranker-v1,protocol_a_rollv2_cv3,3,2030,V2H-local-shuffle,False,shuffle_eeg_control,sqrt_margin_eeg_base0p05,baseline_score_transform,none,none,False,0.6294498381877023,0.6342969149169162,0.6294498381877023,0.6372866188044759,618,28,24,0.6274266914127054,0.6351170164711831,0.5533582362850655,24
V2-R,V2M-two_stage_user_local_reranker-v1,protocol_a_rollv2_cv3,1,2030,V2H-local-shuffle,False,shuffle_eeg_control,margin_power0p25_base0p05,baseline_score_transform,none,none,False,0.6387959866220736,0.6602193078085935,0.6387959866220736,0.673880574452003,598,35,28,0.631813012857789,0.6301891792070363,0.5804581742450539,28
V2-R,V2M-two_stage_user_local_reranker-v1,protocol_a_rollv2_cv3,2,2030,V2H-local-shuffle,False,shuffle_eeg_control,margin_power0p25_base0p05,baseline_score_transform,none,none,False,0.6215753424657534,0.6268809893809894,0.6215753424657534,0.6029661696328363,584,30,26,0.6212785218253969,0.6193127243127243,0.6700282516182099,26
V2-R,V2M-two_stage_user_local_reranker-v1,protocol_a_rollv2_cv3,3,2030,V2H-local-shuffle,False,shuffle_eeg_control,margin_power0p25_base0p05,baseline_score_transform,none,none,False,0.6359223300970874,0.65400379743904,0.6359223300970874,0.6541232213553643,618,28,24,0.6471187708949947,0.6548727044560377,0.5643448326375156,24
V2-R,V2M-two_stage_user_local_reranker-v1,protocol_a_rollv2_cv3,1,2030,V2H-local-shuffle,False,shuffle_eeg_control,oof_pair_score_equal_C0p25,oof_pair_meta,score_only,equal,True,0.6471571906354515,0.6459188529724245,0.6471571906354515,0.630312615955473,598,35,28,0.6293346040360966,0.6256132756132757,0.6023255813953489,28
V2-R,V2M-two_stage_user_local_reranker-v1,protocol_a_rollv2_cv3,2,2030,V2H-local-shuffle,False,shuffle_eeg_control,oof_pair_score_equal_C0p25,oof_pair_meta,score_only,equal,True,0.6335616438356164,0.6524773837273838,0.6335616438356164,0.6464063251563251,584,30,26,0.6443221275252525,0.6436638361638363,0.6376282945320602,26
V2-R,V2M-two_stage_user_local_reranker-v1,protocol_a_rollv2_cv3,3,2030,V2H-local-shuffle,False,shuffle_eeg_control,oof_pair_score_equal_C0p25,oof_pair_meta,score_only,equal,True,0.6067961165048543,0.6285599062721096,0.6067961165048543,0.6020695739445738,618,28,24,0.6175033494089438,0.6271786122827789,0.5666153958836885,24
V2-R,V2M-two_stage_user_local_reranker-v1,protocol_a_rollv2_cv3,1,2030,V2H-local-shuffle,False,shuffle_eeg_control,oof_pair_score_context_balanced_C0p25,oof_pair_meta,score_only,context_balanced,True,0.6337792642140468,0.6461561322275609,0.6337792642140468,0.6352643441214869,598,35,28,0.6179120630613169,0.6145130729059299,0.6114196459562652,28
V2-R,V2M-two_stage_user_local_reranker-v1,protocol_a_rollv2_cv3,2,2030,V2H-local-shuffle,False,shuffle_eeg_control,oof_pair_score_context_balanced_C0p25,oof_pair_meta,score_only,context_balanced,True,0.6284246575342466,0.6448576886076888,0.6284246575342466,0.624008938592272,584,30,26,0.639793244949495,0.6389578939578939,0.6722454672245468,26
V2-R,V2M-two_stage_user_local_reranker-v1,protocol_a_rollv2_cv3,3,2030,V2H-local-shuffle,False,shuffle_eeg_control,oof_pair_score_context_balanced_C0p25,oof_pair_meta,score_only,context_balanced,True,0.6132686084142395,0.624040607034673,0.6132686084142395,0.6157454086918372,618,28,24,0.6184744451352843,0.6277821214279548,0.6155423716399326,24
V2-R,V2M-two_stage_user_local_reranker-v1,protocol_a_rollv2_cv3,1,2030,V2H-local-shuffle,False,shuffle_eeg_control,oof_pair_context_equal_C0p25,oof_pair_meta,context_interactions,equal,True,0.6471571906354515,0.6485372993408707,0.6471571906354515,0.6324073730502301,598,35,28,0.6368608257414228,0.6304196729196728,0.6536966331135023,28
V2-R,V2M-two_stage_user_local_reranker-v1,protocol_a_rollv2_cv3,2,2030,V2H-local-shuffle,False,shuffle_eeg_control,oof_pair_context_equal_C0p25,oof_pair_meta,context_interactions,equal,True,0.636986301369863,0.6531438468938469,0.636986301369863,0.6447352493185825,584,30,26,0.5,0.5,0.5083682008368201,26
V2-R,V2M-two_stage_user_local_reranker-v1,protocol_a_rollv2_cv3,3,2030,V2H-local-shuffle,False,shuffle_eeg_control,oof_pair_context_equal_C0p25,oof_pair_meta,context_interactions,equal,True,0.6148867313915858,0.6295300845370182,0.6148867313915858,0.6002469686398257,618,28,24,0.5,0.5,0.5,24
V2-R,V2M-two_stage_user_local_reranker-v1,protocol_a_rollv2_cv3,1,2030,V2H-local-shuffle,False,shuffle_eeg_control,oof_pair_context_balanced_C0p25,oof_pair_meta,context_interactions,context_balanced,True,0.6287625418060201,0.6392116877831163,0.6287625418060201,0.6297087885659314,598,35,28,0.6221174430875923,0.6170715660001374,0.6478653245400903,28
V2-R,V2M-two_stage_user_local_reranker-v1,protocol_a_rollv2_cv3,2,2030,V2H-local-shuffle,False,shuffle_eeg_control,oof_pair_context_balanced_C0p25,oof_pair_meta,context_interactions,context_balanced,True,0.6335616438356164,0.6543458855958857,0.6335616438356164,0.6340838945005611,584,30,26,0.6263923836580088,0.6304236966736968,0.6112362765082431,26
V2-R,V2M-two_stage_user_local_reranker-v1,protocol_a_rollv2_cv3,3,2030,V2H-local-shuffle,False,shuffle_eeg_control,oof_pair_context_balanced_C0p25,oof_pair_meta,context_interactions,context_balanced,True,0.6084142394822006,0.6160189123956539,0.6084142394822006,0.6087652426938142,618,28,24,0.6103240485233492,0.6160004771463105,0.6527869332747381,24
V2-R,V2M-two_stage_user_local_reranker-v1,protocol_a_rollv2_cv3,1,2030,V2H-local-shuffle,False,shuffle_eeg_control,oof_pair_context_sqrt_pair_C0p25,oof_pair_meta,context_interactions,sqrt_pair_balanced,True,0.6387959866220736,0.6476208216386787,0.6387959866220736,0.6358408575551432,598,35,28,0.6416619284529732,0.63617855854463,0.6611593196806664,28
V2-R,V2M-two_stage_user_local_reranker-v1,protocol_a_rollv2_cv3,2,2030,V2H-local-shuffle,False,shuffle_eeg_control,oof_pair_context_sqrt_pair_C0p25,oof_pair_meta,context_interactions,sqrt_pair_balanced,True,0.6335616438356164,0.6505721130721132,0.6335616438356164,0.6424535032868365,584,30,26,0.6171213248556998,0.6217988030488031,0.6000786753924828,26
V2-R,V2M-two_stage_user_local_reranker-v1,protocol_a_rollv2_cv3,3,2030,V2H-local-shuffle,False,shuffle_eeg_control,oof_pair_context_sqrt_pair_C0p25,oof_pair_meta,context_interactions,sqrt_pair_balanced,True,0.616504854368932,0.6378945180791479,0.616504854368932,0.6092984859056287,618,28,24,0.6081341444103682,0.6248264081597416,0.6136380282721746,24
V2-R,V2M-two_stage_user_local_reranker-v1,protocol_a_rollv2_cv3,1,2030,V2H-local-shuffle,False,shuffle_eeg_control,oof_pair_context_balanced_C0p10,oof_pair_meta,context_interactions,context_balanced,True,0.6270903010033445,0.6362288835503122,0.6270903010033445,0.6267273070844499,598,35,28,0.6272039154874977,0.6228571858036143,0.6332870531065603,28
V2-R,V2M-two_stage_user_local_reranker-v1,protocol_a_rollv2_cv3,2,2030,V2H-local-shuffle,False,shuffle_eeg_control,oof_pair_context_balanced_C0p10,oof_pair_meta,context_interactions,context_balanced,True,0.6301369863013698,0.6490687553187554,0.6301369863013698,0.6295103815937149,584,30,26,0.624630230880231,0.6285935360935362,0.6199978543074777,26
V2-R,V2M-two_stage_user_local_reranker-v1,protocol_a_rollv2_cv3,3,2030,V2H-local-shuffle,False,shuffle_eeg_control,oof_pair_context_balanced_C0p10,oof_pair_meta,context_interactions,context_balanced,True,0.6181229773462783,0.6369866964390959,0.6181229773462783,0.6260980091337235,618,28,24,0.6211729218722226,0.6361393660351994,0.640848165238409,24
V2-R,V2M-two_stage_user_local_reranker-v1,protocol_a_rollv2_cv3,1,2026,V2H-local-zero,False,zero_eeg_control,v2n_eeg_base_0p05,baseline_score_transform,none,none,False,0.6471571906354515,0.6259077727827728,0.6471571906354515,0.6335497835497836,598,35,28,0.6087911093881243,0.6052146464646465,0.6155848663658451,28
V2-R,V2M-two_stage_user_local_reranker-v1,protocol_a_rollv2_cv3,2,2026,V2H-local-zero,False,zero_eeg_control,v2n_eeg_base_0p05,baseline_score_transform,none,none,False,0.5821917808219178,0.5681457431457432,0.5821917808219178,0.5574723424723425,584,30,26,0.5654407918470419,0.5620636308136308,0.5745091728355327,26
V2-R,V2M-two_stage_user_local_reranker-v1,protocol_a_rollv2_cv3,3,2026,V2H-local-zero,False,zero_eeg_control,v2n_eeg_base_0p05,baseline_score_transform,none,none,False,0.5711974110032363,0.6000163149901927,0.5711974110032363,0.5833221540364397,618,28,24,0.576482724734473,0.5961917634834302,0.6128689665275032,24
V2-R,V2M-two_stage_user_local_reranker-v1,protocol_a_rollv2_cv3,1,2026,V2H-local-zero,False,zero_eeg_control,sqrt_margin_eeg_base0p05,baseline_score_transform,none,none,False,0.6421404682274248,0.6244763668870812,0.6421404682274248,0.6324046588332303,598,35,28,0.6083859921173354,0.6044068233353947,0.6158972578965637,28
V2-R,V2M-two_stage_user_local_reranker-v1,protocol_a_rollv2_cv3,2,2026,V2H-local-zero,False,zero_eeg_control,sqrt_margin_eeg_base0p05,baseline_score_transform,none,none,False,0.5924657534246576,0.5774584212084212,0.5924657534246576,0.5655433301266635,584,30,26,0.5776757530663781,0.5738738113738113,0.5752244036762866,26
V2-R,V2M-two_stage_user_local_reranker-v1,protocol_a_rollv2_cv3,3,2026,V2H-local-zero,False,zero_eeg_control,sqrt_margin_eeg_base0p05,baseline_score_transform,none,none,False,0.5776699029126213,0.607759746327374,0.5776699029126213,0.5905439897404182,618,28,24,0.5824865693746814,0.6025041432333099,0.6162015674210797,24
V2-R,V2M-two_stage_user_local_reranker-v1,protocol_a_rollv2_cv3,1,2026,V2H-local-zero,False,zero_eeg_control,margin_power0p25_base0p05,baseline_score_transform,none,none,False,0.6438127090301003,0.6245188838938838,0.6438127090301003,0.6372005772005771,598,35,28,0.6075437746333269,0.6030951736755308,0.6173550850399167,28
V2-R,V2M-two_stage_user_local_reranker-v1,protocol_a_rollv2_cv3,2,2026,V2H-local-zero,False,zero_eeg_control,margin_power0p25_base0p05,baseline_score_transform,none,none,False,0.5958904109589042,0.5891215266215266,0.5958904109589042,0.5716698733365401,584,30,26,0.5870608991702742,0.5850499037999037,0.5788005578800557,26
V2-R,V2M-two_stage_user_local_reranker-v1,protocol_a_rollv2_cv3,3,2026,V2H-local-zero,False,zero_eeg_control,margin_power0p25_base0p05,baseline_score_transform,none,none,False,0.5825242718446602,0.6141130938813796,0.5825242718446602,0.5960941439512867,618,28,24,0.5926249546878917,0.6115779783488117,0.6236724529407457,24
V2-R,V2M-two_stage_user_local_reranker-v1,protocol_a_rollv2_cv3,1,2026,V2H-local-zero,False,zero_eeg_control,oof_pair_score_equal_C0p25,oof_pair_meta,score_only,equal,True,0.6003344481605352,0.6089892151499294,0.6003344481605352,0.5962603586889301,598,35,28,0.5849767396782323,0.583548237476809,0.6083998611593197,28
V2-R,V2M-two_stage_user_local_reranker-v1,protocol_a_rollv2_cv3,2,2026,V2H-local-zero,False,zero_eeg_control,oof_pair_score_equal_C0p25,oof_pair_meta,score_only,equal,True,0.6215753424657534,0.6233921171421172,0.6215753424657534,0.6129318983485651,584,30,26,0.6098982007575757,0.6087191512191512,0.5727210957336479,26
V2-R,V2M-two_stage_user_local_reranker-v1,protocol_a_rollv2_cv3,3,2026,V2H-local-zero,False,zero_eeg_control,oof_pair_score_equal_C0p25,oof_pair_meta,score_only,equal,True,0.5631067961165048,0.5903207148064927,0.5631067961165048,0.5386967298574442,618,28,24,0.5557209398992615,0.5746622783081117,0.503588954808467,24
V2-R,V2M-two_stage_user_local_reranker-v1,protocol_a_rollv2_cv3,1,2026,V2H-local-zero,False,zero_eeg_control,oof_pair_score_context_balanced_C0p25,oof_pair_meta,score_only,context_balanced,True,0.617056856187291,0.6093010065331494,0.617056856187291,0.5784939187796331,598,35,28,0.5993253429820594,0.5957586064728922,0.5960777507809788,28
V2-R,V2M-two_stage_user_local_reranker-v1,protocol_a_rollv2_cv3,2,2026,V2H-local-zero,False,zero_eeg_control,oof_pair_score_context_balanced_C0p25,oof_pair_meta,score_only,context_balanced,True,0.613013698630137,0.6148895086395086,0.613013698630137,0.6038301667468334,584,30,26,0.601522591991342,0.6014573852073852,0.6000786753924829,26
V2-R,V2M-two_stage_user_local_reranker-v1,protocol_a_rollv2_cv3,3,2026,V2H-local-zero,False,zero_eeg_control,oof_pair_score_context_balanced_C0p25,oof_pair_meta,score_only,context_balanced,True,0.6084142394822006,0.6505858797456128,0.6084142394822006,0.6213929621965336,618,28,24,0.6255828087995919,0.6442926710635043,0.6393466637369077,24
V2-R,V2M-two_stage_user_local_reranker-v1,protocol_a_rollv2_cv3,1,2026,V2H-local-zero,False,zero_eeg_control,oof_pair_context_equal_C0p25,oof_pair_meta,context_interactions,equal,True,0.617056856187291,0.6241712222962222,0.617056856187291,0.618088504088504,598,35,28,0.5,0.5,0.5,28
V2-R,V2M-two_stage_user_local_reranker-v1,protocol_a_rollv2_cv3,2,2026,V2H-local-zero,False,zero_eeg_control,oof_pair_context_equal_C0p25,oof_pair_meta,context_interactions,equal,True,0.6095890410958904,0.6197353572353573,0.6095890410958904,0.5905166746833412,584,30,26,0.5,0.5,0.5083682008368201,26
V2-R,V2M-two_stage_user_local_reranker-v1,protocol_a_rollv2_cv3,3,2026,V2H-local-zero,False,zero_eeg_control,oof_pair_context_equal_C0p25,oof_pair_meta,context_interactions,equal,True,0.5533980582524272,0.5743463263137218,0.5533980582524272,0.518714380857238,618,28,24,0.5,0.5,0.5,24
V2-R,V2M-two_stage_user_local_reranker-v1,protocol_a_rollv2_cv3,1,2026,V2H-local-zero,False,zero_eeg_control,oof_pair_context_balanced_C0p25,oof_pair_meta,context_interactions,context_balanced,True,0.6153846153846154,0.614312000829858,0.6153846153846154,0.5850423967566825,598,35,28,0.6067242790377119,0.602310004810005,0.6310308920513711,28
V2-R,V2M-two_stage_user_local_reranker-v1,protocol_a_rollv2_cv3,2,2026,V2H-local-zero,False,zero_eeg_control,oof_pair_context_balanced_C0p25,oof_pair_meta,context_interactions,context_balanced,True,0.6078767123287672,0.6111374736374736,0.6078767123287672,0.6003799903799903,584,30,26,0.5876206259018759,0.5840739815739815,0.5668204412974287,26
V2-R,V2M-two_stage_user_local_reranker-v1,protocol_a_rollv2_cv3,3,2026,V2H-local-zero,False,zero_eeg_control,oof_pair_context_balanced_C0p25,oof_pair_meta,context_interactions,context_balanced,True,0.5922330097087378,0.6201764176094994,0.5922330097087378,0.5939033453319167,618,28,24,0.5994052858563348,0.6140115748449082,0.6505896140042481,24
V2-R,V2M-two_stage_user_local_reranker-v1,protocol_a_rollv2_cv3,1,2026,V2H-local-zero,False,zero_eeg_control,oof_pair_context_sqrt_pair_C0p25,oof_pair_meta,context_interactions,sqrt_pair_balanced,True,0.6204013377926422,0.6234130023415737,0.6204013377926422,0.6061724043152614,598,35,28,0.609641941806121,0.6053766190819763,0.6408538701839639,28
V2-R,V2M-two_stage_user_local_reranker-v1,protocol_a_rollv2_cv3,2,2026,V2H-local-zero,False,zero_eeg_control,oof_pair_context_sqrt_pair_C0p25,oof_pair_meta,context_interactions,sqrt_pair_balanced,True,0.6181506849315068,0.6297068672068673,0.6181506849315068,0.6141718775052109,584,30,26,0.6017500901875902,0.600421152921153,0.5967170904409399,26
V2-R,V2M-two_stage_user_local_reranker-v1,protocol_a_rollv2_cv3,3,2026,V2H-local-zero,False,zero_eeg_control,oof_pair_context_sqrt_pair_C0p25,oof_pair_meta,context_interactions,sqrt_pair_balanced,True,0.580906148867314,0.6013755837075626,0.580906148867314,0.5427858021608022,618,28,24,0.5701551556446661,0.5880599570182904,0.6049952391415806,24
V2-R,V2M-two_stage_user_local_reranker-v1,protocol_a_rollv2_cv3,1,2026,V2H-local-zero,False,zero_eeg_control,oof_pair_context_balanced_C0p10,oof_pair_meta,context_interactions,context_balanced,True,0.6153846153846154,0.6110287430823146,0.6153846153846154,0.5798761080189652,598,35,28,0.6059813486679159,0.6020698696145125,0.6131898646303368,28
V2-R,V2M-two_stage_user_local_reranker-v1,protocol_a_rollv2_cv3,2,2026,V2H-local-zero,False,zero_eeg_control,oof_pair_context_balanced_C0p10,oof_pair_meta,context_interactions,context_balanced,True,0.6044520547945206,0.6101352351352352,0.6044520547945206,0.5995113836780503,584,30,26,0.5880508207070707,0.5851482776482777,0.5646389872331296,26
V2-R,V2M-two_stage_user_local_reranker-v1,protocol_a_rollv2_cv3,3,2026,V2H-local-zero,False,zero_eeg_control,oof_pair_context_balanced_C0p10,oof_pair_meta,context_interactions,context_balanced,True,0.6035598705501618,0.6304049582216508,0.6035598705501618,0.6027525516811231,618,28,24,0.6146608636119126,0.6291118834868835,0.6481725628067092,24
V2-R,V2M-two_stage_user_local_reranker-v1,protocol_a_rollv2_cv3,1,2027,V2H-local-zero,False,zero_eeg_control,v2n_eeg_base_0p05,baseline_score_transform,none,none,False,0.6471571906354515,0.6232215899180186,0.6471571906354515,0.6268526077097505,598,35,28,0.6033431328207446,0.5987087713873428,0.6107948628948281,28
V2-R,V2M-two_stage_user_local_reranker-v1,protocol_a_rollv2_cv3,2,2027,V2H-local-zero,False,zero_eeg_control,v2n_eeg_base_0p05,baseline_score_transform,none,none,False,0.5565068493150684,0.547177590927591,0.5565068493150684,0.5403713724547058,584,30,26,0.5439939574314574,0.5405550468050468,0.5752959267603619,26
V2-R,V2M-two_stage_user_local_reranker-v1,protocol_a_rollv2_cv3,3,2027,V2H-local-zero,False,zero_eeg_control,v2n_eeg_base_0p05,baseline_score_transform,none,none,False,0.56957928802589,0.5974859899350353,0.56957928802589,0.5832385240420955,618,28,24,0.5744312311620003,0.592483084045584,0.587819526843917,24
V2-R,V2M-two_stage_user_local_reranker-v1,protocol_a_rollv2_cv3,1,2027,V2H-local-zero,False,zero_eeg_control,sqrt_margin_eeg_base0p05,baseline_score_transform,none,none,False,0.6488294314381271,0.6247427539391825,0.6488294314381271,0.6280695389266817,598,35,28,0.605921905623398,0.6003539433450148,0.6116973273169038,28
V2-R,V2M-two_stage_user_local_reranker-v1,protocol_a_rollv2_cv3,2,2027,V2H-local-zero,False,zero_eeg_control,sqrt_margin_eeg_base0p05,baseline_score_transform,none,none,False,0.5547945205479452,0.5495738058238059,0.5547945205479452,0.5419189915023248,584,30,26,0.5463377074314574,0.5434396621896622,0.5764045345635304,26
V2-R,V2M-two_stage_user_local_reranker-v1,protocol_a_rollv2_cv3,3,2027,V2H-local-zero,False,zero_eeg_control,sqrt_margin_eeg_base0p05,baseline_score_transform,none,none,False,0.5663430420711975,0.5934522173350864,0.5663430420711975,0.5739949402449402,618,28,24,0.5745021198692527,0.5926171128254462,0.5904563099685051,24
V2-R,V2M-two_stage_user_local_reranker-v1,protocol_a_rollv2_cv3,1,2027,V2H-local-zero,False,zero_eeg_control,margin_power0p25_base0p05,baseline_score_transform,none,none,False,0.6488294314381271,0.6224859168609169,0.6488294314381271,0.6262640692640692,598,35,28,0.6060487605263724,0.6002909838177696,0.6125303713988198,28
V2-R,V2M-two_stage_user_local_reranker-v1,protocol_a_rollv2_cv3,2,2027,V2H-local-zero,False,zero_eeg_control,margin_power0p25_base0p05,baseline_score_transform,none,none,False,0.565068493150685,0.5649278961778962,0.565068493150685,0.5626332772166105,584,30,26,0.5560426812770562,0.5544369981869981,0.5803740657297143,26
V2-R,V2M-two_stage_user_local_reranker-v1,protocol_a_rollv2_cv3,3,2027,V2H-local-zero,False,zero_eeg_control,margin_power0p25_base0p05,baseline_score_transform,none,none,False,0.5776699029126213,0.605492807815918,0.5776699029126213,0.585323360501932,618,28,24,0.5843214671886001,0.6018377918377918,0.5970482677799751,24
V2-R,V2M-two_stage_user_local_reranker-v1,protocol_a_rollv2_cv3,1,2027,V2H-local-zero,False,zero_eeg_control,oof_pair_score_equal_C0p25,oof_pair_meta,score_only,equal,True,0.6003344481605352,0.603211679193822,0.6003344481605352,0.5890437023294166,598,35,28,0.5758914302944155,0.5721409889713461,0.5794515793127386,28
V2-R,V2M-two_stage_user_local_reranker-v1,protocol_a_rollv2_cv3,2,2027,V2H-local-zero,False,zero_eeg_control,oof_pair_score_equal_C0p25,oof_pair_meta,score_only,equal,True,0.6284246575342466,0.6375201187701187,0.6284246575342466,0.6320544733044733,584,30,26,0.6204499233405483,0.6213827838827839,0.5920323284340021,26
V2-R,V2M-two_stage_user_local_reranker-v1,protocol_a_rollv2_cv3,3,2027,V2H-local-zero,False,zero_eeg_control,oof_pair_score_equal_C0p25,oof_pair_meta,score_only,equal,True,0.6051779935275081,0.6418753873262387,0.6051779935275081,0.5959885650064222,618,28,24,0.6124035540993584,0.626801473988974,0.47886911301545443,24
V2-R,V2M-two_stage_user_local_reranker-v1,protocol_a_rollv2_cv3,1,2027,V2H-local-zero,False,zero_eeg_control,oof_pair_score_context_balanced_C0p25,oof_pair_meta,score_only,context_balanced,True,0.6003344481605352,0.602594056076199,0.6003344481605352,0.5731283584140726,598,35,28,0.5813296073743837,0.5772310262488833,0.5738979520999653,28
V2-R,V2M-two_stage_user_local_reranker-v1,protocol_a_rollv2_cv3,2,2027,V2H-local-zero,False,zero_eeg_control,oof_pair_score_context_balanced_C0p25,oof_pair_meta,score_only,context_balanced,True,0.6181506849315068,0.6336422836422837,0.6181506849315068,0.6286936828603495,584,30,26,0.6204998647186147,0.6215707440707442,0.61810249257948,26
V2-R,V2M-two_stage_user_local_reranker-v1,protocol_a_rollv2_cv3,3,2027,V2H-local-zero,False,zero_eeg_control,oof_pair_score_context_balanced_C0p25,oof_pair_meta,score_only,context_balanced,True,0.616504854368932,0.655905683261527,0.616504854368932,0.6014456773385345,618,28,24,0.6323477125050551,0.6469522761189428,0.6138577601992237,24
V2-R,V2M-two_stage_user_local_reranker-v1,protocol_a_rollv2_cv3,1,2027,V2H-local-zero,False,zero_eeg_control,oof_pair_context_equal_C0p25,oof_pair_meta,context_interactions,equal,True,0.617056856187291,0.6144404206904207,0.617056856187291,0.6030720470006184,598,35,28,0.5,0.5,0.5093023255813953,28
V2-R,V2M-two_stage_user_local_reranker-v1,protocol_a_rollv2_cv3,2,2027,V2H-local-zero,False,zero_eeg_control,oof_pair_context_equal_C0p25,oof_pair_meta,context_interactions,equal,True,0.6164383561643836,0.6337579087579088,0.6164383561643836,0.6274050024050024,584,30,26,0.4986328125,0.4987980769230769,0.5083503200658013,26
V2-R,V2M-two_stage_user_local_reranker-v1,protocol_a_rollv2_cv3,3,2027,V2H-local-zero,False,zero_eeg_control,oof_pair_context_equal_C0p25,oof_pair_meta,context_interactions,equal,True,0.5922330097087378,0.6100746026669982,0.5922330097087378,0.5493386177314749,618,28,24,0.5,0.5,0.5,24
V2-R,V2M-two_stage_user_local_reranker-v1,protocol_a_rollv2_cv3,1,2027,V2H-local-zero,False,zero_eeg_control,oof_pair_context_balanced_C0p25,oof_pair_meta,context_interactions,context_balanced,True,0.5986622073578596,0.6056552805659949,0.5986622073578596,0.5755773380059095,598,35,28,0.5984681570502467,0.5930367879475024,0.6227004512322111,28
V2-R,V2M-two_stage_user_local_reranker-v1,protocol_a_rollv2_cv3,2,2027,V2H-local-zero,False,zero_eeg_control,oof_pair_context_balanced_C0p25,oof_pair_meta,context_interactions,context_balanced,True,0.6147260273972602,0.6353313353313355,0.6147260273972602,0.6287686387686388,584,30,26,0.6051034902597402,0.6064134476634477,0.5770840038622465,26
V2-R,V2M-two_stage_user_local_reranker-v1,protocol_a_rollv2_cv3,3,2027,V2H-local-zero,False,zero_eeg_control,oof_pair_context_balanced_C0p25,oof_pair_meta,context_interactions,context_balanced,True,0.6003236245954693,0.6251449028387238,0.6003236245954693,0.5630550765372194,618,28,24,0.6031332886227991,0.6161502347960681,0.6268951878707977,24
V2-R,V2M-two_stage_user_local_reranker-v1,protocol_a_rollv2_cv3,1,2027,V2H-local-zero,False,zero_eeg_control,oof_pair_context_sqrt_pair_C0p25,oof_pair_meta,context_interactions,sqrt_pair_balanced,True,0.6086956521739131,0.6168566222137651,0.6086956521739131,0.5898161891019034,598,35,28,0.600184790334044,0.5950307496736069,0.6369316209649427,28
V2-R,V2M-two_stage_user_local_reranker-v1,protocol_a_rollv2_cv3,2,2027,V2H-local-zero,False,zero_eeg_control,oof_pair_context_sqrt_pair_C0p25,oof_pair_meta,context_interactions,sqrt_pair_balanced,True,0.6232876712328768,0.6416322103822105,0.6232876712328768,0.6342293971460637,584,30,26,0.6121843434343435,0.6125952750952751,0.5919965668919643,26
V2-R,V2M-two_stage_user_local_reranker-v1,protocol_a_rollv2_cv3,3,2027,V2H-local-zero,False,zero_eeg_control,oof_pair_context_sqrt_pair_C0p25,oof_pair_meta,context_interactions,sqrt_pair_balanced,True,0.6035598705501618,0.6283567911575201,0.6035598705501618,0.5657531126281127,618,28,24,0.6029969738885823,0.6170101349268017,0.6018457481872116,24
V2-R,V2M-two_stage_user_local_reranker-v1,protocol_a_rollv2_cv3,1,2027,V2H-local-zero,False,zero_eeg_control,oof_pair_context_balanced_C0p10,oof_pair_meta,context_interactions,context_balanced,True,0.6020066889632107,0.6053185802292945,0.6020066889632107,0.5753079777365492,598,35,28,0.6047223837522344,0.6006137265512265,0.6069767441860465,28
V2-R,V2M-two_stage_user_local_reranker-v1,protocol_a_rollv2_cv3,2,2027,V2H-local-zero,False,zero_eeg_control,oof_pair_context_balanced_C0p10,oof_pair_meta,context_interactions,context_balanced,True,0.6027397260273972,0.6188859751359751,0.6027397260273972,0.6145159932659932,584,30,26,0.6017540358946609,0.6012470862470862,0.5783714193756035,26
V2-R,V2M-two_stage_user_local_reranker-v1,protocol_a_rollv2_cv3,3,2027,V2H-local-zero,False,zero_eeg_control,oof_pair_context_balanced_C0p10,oof_pair_meta,context_interactions,context_balanced,True,0.610032362459547,0.6400459754753808,0.610032362459547,0.5755848384419812,618,28,24,0.6238001217896323,0.638856914690248,0.6265289679923827,24
V2-R,V2M-two_stage_user_local_reranker-v1,protocol_a_rollv2_cv3,1,2028,V2H-local-zero,False,zero_eeg_control,v2n_eeg_base_0p05,baseline_score_transform,none,none,False,0.6538461538461539,0.67024025577597,0.6538461538461539,0.6684205318491032,598,35,28,0.6342293941547674,0.6364037054215627,0.6382158972578965,28
V2-R,V2M-two_stage_user_local_reranker-v1,protocol_a_rollv2_cv3,2,2028,V2H-local-zero,False,zero_eeg_control,v2n_eeg_base_0p05,baseline_score_transform,none,none,False,0.559931506849315,0.5530841843341844,0.559931506849315,0.5484401555234888,584,30,26,0.5565141369047619,0.5496008621008621,0.5943210671244143,26
V2-R,V2M-two_stage_user_local_reranker-v1,protocol_a_rollv2_cv3,3,2028,V2H-local-zero,False,zero_eeg_control,v2n_eeg_base_0p05,baseline_score_transform,none,none,False,0.580906148867314,0.6090381427699216,0.580906148867314,0.5850921829493257,618,28,24,0.5795438923935426,0.6016992575325909,0.6136746502600161,24
V2-R,V2M-two_stage_user_local_reranker-v1,protocol_a_rollv2_cv3,1,2028,V2H-local-zero,False,zero_eeg_control,sqrt_margin_eeg_base0p05,baseline_score_transform,none,none,False,0.6555183946488294,0.6665670771027913,0.6555183946488294,0.6645051879337592,598,35,28,0.6328883719928496,0.6343955284133856,0.638320027768136,28
V2-R,V2M-two_stage_user_local_reranker-v1,protocol_a_rollv2_cv3,2,2028,V2H-local-zero,False,zero_eeg_control,sqrt_margin_eeg_base0p05,baseline_score_transform,none,none,False,0.5633561643835616,0.5609418359418359,0.5633561643835616,0.5626575276575276,584,30,26,0.5605381944444444,0.5550165112665113,0.5953223903014698,26
V2-R,V2M-two_stage_user_local_reranker-v1,protocol_a_rollv2_cv3,3,2028,V2H-local-zero,False,zero_eeg_control,sqrt_margin_eeg_base0p05,baseline_score_transform,none,none,False,0.587378640776699,0.6181243496713698,0.587378640776699,0.5928253492539207,618,28,24,0.5927847308092064,0.6141709101084101,0.6175565809712151,24
V2-R,V2M-two_stage_user_local_reranker-v1,protocol_a_rollv2_cv3,1,2028,V2H-local-zero,False,zero_eeg_control,margin_power0p25_base0p05,baseline_score_transform,none,none,False,0.6538461538461539,0.6617182486825344,0.6538461538461539,0.6606261251975537,598,35,28,0.6288502293726175,0.628894772555487,0.6384241582783755,28
V2-R,V2M-two_stage_user_local_reranker-v1,protocol_a_rollv2_cv3,2,2028,V2H-local-zero,False,zero_eeg_control,margin_power0p25_base0p05,baseline_score_transform,none,none,False,0.5684931506849316,0.5645539645539646,0.5684931506849316,0.5657880391213724,584,30,26,0.565973575036075,0.5611018611018611,0.5982190752065228,26
V2-R,V2M-two_stage_user_local_reranker-v1,protocol_a_rollv2_cv3,3,2028,V2H-local-zero,False,zero_eeg_control,margin_power0p25_base0p05,baseline_score_transform,none,none,False,0.5954692556634305,0.6341948456707551,0.5954692556634305,0.6068370518370518,618,28,24,0.6029862619897586,0.623452750952751,0.6233428550501721,24
V2-R,V2M-two_stage_user_local_reranker-v1,protocol_a_rollv2_cv3,1,2028,V2H-local-zero,False,zero_eeg_control,oof_pair_score_equal_C0p25,oof_pair_meta,score_only,equal,True,0.6053511705685619,0.6090074773110488,0.6053511705685619,0.6042812478526763,598,35,28,0.588915487497577,0.5861703987150416,0.5791044776119403,28
V2-R,V2M-two_stage_user_local_reranker-v1,protocol_a_rollv2_cv3,2,2028,V2H-local-zero,False,zero_eeg_control,oof_pair_score_equal_C0p25,oof_pair_meta,score_only,equal,True,0.601027397260274,0.6082644207644208,0.601027397260274,0.593472021805355,584,30,26,0.5950196158008658,0.5936975986975986,0.5861674355398204,26
V2-R,V2M-two_stage_user_local_reranker-v1,protocol_a_rollv2_cv3,3,2028,V2H-local-zero,False,zero_eeg_control,oof_pair_score_equal_C0p25,oof_pair_meta,score_only,equal,True,0.6067961165048543,0.6451816510301418,0.6067961165048543,0.6246582782297069,618,28,24,0.6198103372928547,0.6374727972644639,0.47802680729509994,24
V2-R,V2M-two_stage_user_local_reranker-v1,protocol_a_rollv2_cv3,1,2028,V2H-local-zero,False,zero_eeg_control,oof_pair_score_context_balanced_C0p25,oof_pair_meta,score_only,context_balanced,True,0.6070234113712375,0.6033969403612262,0.6070234113712375,0.5731754277468563,598,35,28,0.5893382653830416,0.5864212920016492,0.5725789656369317,28
V2-R,V2M-two_stage_user_local_reranker-v1,protocol_a_rollv2_cv3,2,2028,V2H-local-zero,False,zero_eeg_control,oof_pair_score_context_balanced_C0p25,oof_pair_meta,score_only,context_balanced,True,0.583904109589041,0.5769228456728457,0.583904109589041,0.5619574715408048,584,30,26,0.5791192054473304,0.5761801161801162,0.6192826234667238,26
V2-R,V2M-two_stage_user_local_reranker-v1,protocol_a_rollv2_cv3,3,2028,V2H-local-zero,False,zero_eeg_control,oof_pair_score_context_balanced_C0p25,oof_pair_meta,score_only,context_balanced,True,0.5906148867313916,0.6303112968365484,0.5906148867313916,0.6044667931275074,618,28,24,0.6043402110709802,0.6244385514177181,0.632498352010547,24
V2-R,V2M-two_stage_user_local_reranker-v1,protocol_a_rollv2_cv3,1,2028,V2H-local-zero,False,zero_eeg_control,oof_pair_context_equal_C0p25,oof_pair_meta,context_interactions,equal,True,0.6137123745819398,0.6211331459545744,0.6137123745819398,0.6154029409743694,598,35,28,0.47879530916844343,0.4718112244897959,0.501666088163832,28
V2-R,V2M-two_stage_user_local_reranker-v1,protocol_a_rollv2_cv3,2,2028,V2H-local-zero,False,zero_eeg_control,oof_pair_context_equal_C0p25,oof_pair_meta,context_interactions,equal,True,0.6078767123287672,0.6194238631738632,0.6078767123287672,0.6082361311527976,584,30,26,0.5437202380952381,0.5456250693750694,0.5898866359117406,26
V2-R,V2M-two_stage_user_local_reranker-v1,protocol_a_rollv2_cv3,3,2028,V2H-local-zero,False,zero_eeg_control,oof_pair_context_equal_C0p25,oof_pair_meta,context_interactions,equal,True,0.5857605177993528,0.6072521854447487,0.5857605177993528,0.5817356320927749,618,28,24,0.5,0.5,0.5,24
V2-R,V2M-two_stage_user_local_reranker-v1,protocol_a_rollv2_cv3,1,2028,V2H-local-zero,False,zero_eeg_control,oof_pair_context_balanced_C0p25,oof_pair_meta,context_interactions,context_balanced,True,0.6086956521739131,0.6102587128479986,0.6086956521739131,0.5817997663711949,598,35,28,0.6012397966875579,0.5966729583247441,0.6327316903852829,28
V2-R,V2M-two_stage_user_local_reranker-v1,protocol_a_rollv2_cv3,2,2028,V2H-local-zero,False,zero_eeg_control,oof_pair_context_balanced_C0p25,oof_pair_meta,context_interactions,context_balanced,True,0.5804794520547946,0.5762792762792763,0.5804794520547946,0.5676827801827802,584,30,26,0.5695860389610391,0.565545288045288,0.5767621499839073,26
V2-R,V2M-two_stage_user_local_reranker-v1,protocol_a_rollv2_cv3,3,2028,V2H-local-zero,False,zero_eeg_control,oof_pair_context_balanced_C0p25,oof_pair_meta,context_interactions,context_balanced,True,0.5825242718446602,0.6077388013149752,0.5825242718446602,0.5811716920645492,618,28,24,0.5905735872519089,0.6062165111123444,0.6430088625210576,24
V2-R,V2M-two_stage_user_local_reranker-v1,protocol_a_rollv2_cv3,1,2028,V2H-local-zero,False,zero_eeg_control,oof_pair_context_sqrt_pair_C0p25,oof_pair_meta,context_interactions,sqrt_pair_balanced,True,0.6003344481605352,0.6071289887361316,0.6003344481605352,0.5848118600975744,598,35,28,0.5972409597036462,0.592814454064454,0.6493231516834432,28
V2-R,V2M-two_stage_user_local_reranker-v1,protocol_a_rollv2_cv3,2,2028,V2H-local-zero,False,zero_eeg_control,oof_pair_context_sqrt_pair_C0p25,oof_pair_meta,context_interactions,sqrt_pair_balanced,True,0.5924657534246576,0.5941276316276316,0.5924657534246576,0.5842624659291324,584,30,26,0.5822835497835499,0.578201196951197,0.5956800057218468,26
V2-R,V2M-two_stage_user_local_reranker-v1,protocol_a_rollv2_cv3,3,2028,V2H-local-zero,False,zero_eeg_control,oof_pair_context_sqrt_pair_C0p25,oof_pair_meta,context_interactions,sqrt_pair_balanced,True,0.5889967637540453,0.6183062529050661,0.5889967637540453,0.5913699858342716,618,28,24,0.5871520476415582,0.6028604420271088,0.5987695012085256,24
V2-R,V2M-two_stage_user_local_reranker-v1,protocol_a_rollv2_cv3,1,2028,V2H-local-zero,False,zero_eeg_control,oof_pair_context_balanced_C0p10,oof_pair_meta,context_interactions,context_balanced,True,0.6103678929765887,0.611250776340062,0.6103678929765887,0.5825934171648458,598,35,28,0.6050739807456226,0.6017958711262282,0.6141617493925722,28
V2-R,V2M-two_stage_user_local_reranker-v1,protocol_a_rollv2_cv3,2,2028,V2H-local-zero,False,zero_eeg_control,oof_pair_context_balanced_C0p10,oof_pair_meta,context_interactions,context_balanced,True,0.5787671232876712,0.5770424020424021,0.5787671232876712,0.5692700817700818,584,30,26,0.5726268262987013,0.5685832223332224,0.5789436040482064,26
V2-R,V2M-two_stage_user_local_reranker-v1,protocol_a_rollv2_cv3,3,2028,V2H-local-zero,False,zero_eeg_control,oof_pair_context_balanced_C0p10,oof_pair_meta,context_interactions,context_balanced,True,0.5857605177993528,0.6094852392344975,0.5857605177993528,0.5834889779532636,618,28,24,0.5923375284389271,0.6090577979119646,0.6414707390317147,24
V2-R,V2M-two_stage_user_local_reranker-v1,protocol_a_rollv2_cv3,1,2029,V2H-local-zero,False,zero_eeg_control,v2n_eeg_base_0p05,baseline_score_transform,none,none,False,0.6555183946488294,0.6480630216344502,0.6555183946488294,0.6507092695664124,598,35,28,0.6284472658353256,0.6309356747749606,0.629573064908018,28
V2-R,V2M-two_stage_user_local_reranker-v1,protocol_a_rollv2_cv3,2,2029,V2H-local-zero,False,zero_eeg_control,v2n_eeg_base_0p05,baseline_score_transform,none,none,False,0.5667808219178082,0.5588457838457838,0.5667808219178082,0.5598621131954465,584,30,26,0.5521705898268399,0.5479858104858105,0.5982905982905983,26
V2-R,V2M-two_stage_user_local_reranker-v1,protocol_a_rollv2_cv3,3,2029,V2H-local-zero,False,zero_eeg_control,v2n_eeg_base_0p05,baseline_score_transform,none,none,False,0.5388349514563107,0.5595173419691286,0.5388349514563107,0.5514467807324951,618,28,24,0.5379152413243322,0.5567402697611031,0.614846553870944,24
V2-R,V2M-two_stage_user_local_reranker-v1,protocol_a_rollv2_cv3,1,2029,V2H-local-zero,False,zero_eeg_control,sqrt_margin_eeg_base0p05,baseline_score_transform,none,none,False,0.6638795986622074,0.6695690684976398,0.6638795986622074,0.6679141070569641,598,35,28,0.6339886067498008,0.6365687057651345,0.6295730649080181,28
V2-R,V2M-two_stage_user_local_reranker-v1,protocol_a_rollv2_cv3,2,2029,V2H-local-zero,False,zero_eeg_control,sqrt_margin_eeg_base0p05,baseline_score_transform,none,none,False,0.5702054794520548,0.5620509120509121,0.5702054794520548,0.5626398909732243,584,30,26,0.5553513933982683,0.5510764698264699,0.600185960018596,26
V2-R,V2M-two_stage_user_local_reranker-v1,protocol_a_rollv2_cv3,3,2029,V2H-local-zero,False,zero_eeg_control,sqrt_margin_eeg_base0p05,baseline_score_transform,none,none,False,0.5501618122977346,0.5726703868409234,0.5501618122977346,0.5631991355205641,618,28,24,0.5500140399615924,0.5683018794477128,0.6182890207280451,24
V2-R,V2M-two_stage_user_local_reranker-v1,protocol_a_rollv2_cv3,1,2029,V2H-local-zero,False,zero_eeg_control,margin_power0p25_base0p05,baseline_score_transform,none,none,False,0.6555183946488294,0.6595799339549339,0.6555183946488294,0.6593275613275613,598,35,28,0.6182980121039823,0.6177431199752628,0.6297813259284971,28
V2-R,V2M-two_stage_user_local_reranker-v1,protocol_a_rollv2_cv3,2,2029,V2H-local-zero,False,zero_eeg_control,margin_power0p25_base0p05,baseline_score_transform,none,none,False,0.5753424657534246,0.5734087671587672,0.5753424657534246,0.5724833654000321,584,30,26,0.5654605203823954,0.5632279757279758,0.60647999141723,26
V2-R,V2M-two_stage_user_local_reranker-v1,protocol_a_rollv2_cv3,3,2029,V2H-local-zero,False,zero_eeg_control,margin_power0p25_base0p05,baseline_score_transform,none,none,False,0.5550161812297735,0.5752671842321287,0.5550161812297735,0.5653699508163794,618,28,24,0.55279194387586,0.5710466886508553,0.6262359920896508,24
V2-R,V2M-two_stage_user_local_reranker-v1,protocol_a_rollv2_cv3,1,2029,V2H-local-zero,False,zero_eeg_control,oof_pair_score_equal_C0p25,oof_pair_meta,score_only,equal,True,0.5652173913043478,0.57353200701415,0.5652173913043478,0.549402528688243,598,35,28,0.5674399646787706,0.566107288875146,0.6192988545643874,28
V2-R,V2M-two_stage_user_local_reranker-v1,protocol_a_rollv2_cv3,2,2029,V2H-local-zero,False,zero_eeg_control,oof_pair_score_equal_C0p25,oof_pair_meta,score_only,equal,True,0.6232876712328768,0.6397662522662523,0.6232876712328768,0.6249005932339265,584,30,26,0.6286087436868687,0.6308089595589595,0.6321210170582556,26
V2-R,V2M-two_stage_user_local_reranker-v1,protocol_a_rollv2_cv3,3,2029,V2H-local-zero,False,zero_eeg_control,oof_pair_score_equal_C0p25,oof_pair_meta,score_only,equal,True,0.6003236245954693,0.6302280697768959,0.6003236245954693,0.6050844922273494,618,28,24,0.604754064893925,0.621594385552719,0.512158499963378,24
V2-R,V2M-two_stage_user_local_reranker-v1,protocol_a_rollv2_cv3,1,2029,V2H-local-zero,False,zero_eeg_control,oof_pair_score_context_balanced_C0p25,oof_pair_meta,score_only,context_balanced,True,0.6053511705685619,0.6028384214991357,0.6053511705685619,0.5733238507524222,598,35,28,0.5925662811483708,0.5886901540919399,0.6225616105518916,28
V2-R,V2M-two_stage_user_local_reranker-v1,protocol_a_rollv2_cv3,2,2029,V2H-local-zero,False,zero_eeg_control,oof_pair_score_context_balanced_C0p25,oof_pair_meta,score_only,context_balanced,True,0.6095890410958904,0.6115164927664929,0.6095890410958904,0.6086052990219657,584,30,26,0.6001297573953823,0.5985790135790136,0.6223223545399279,26
V2-R,V2M-two_stage_user_local_reranker-v1,protocol_a_rollv2_cv3,3,2029,V2H-local-zero,False,zero_eeg_control,oof_pair_score_context_balanced_C0p25,oof_pair_meta,score_only,context_balanced,True,0.5776699029126213,0.606066645426488,0.5776699029126213,0.5839301141979714,618,28,24,0.58359660929591,0.601664057393224,0.6246978686003075,24
V2-R,V2M-two_stage_user_local_reranker-v1,protocol_a_rollv2_cv3,1,2029,V2H-local-zero,False,zero_eeg_control,oof_pair_context_equal_C0p25,oof_pair_meta,context_interactions,equal,True,0.5785953177257525,0.5886016331552046,0.5785953177257525,0.5632286813715385,598,35,28,0.5,0.5,0.5093023255813953,28
V2-R,V2M-two_stage_user_local_reranker-v1,protocol_a_rollv2_cv3,2,2029,V2H-local-zero,False,zero_eeg_control,oof_pair_context_equal_C0p25,oof_pair_meta,context_interactions,equal,True,0.6044520547945206,0.6250772375772375,0.6044520547945206,0.6221965688632355,584,30,26,0.4986979166666667,0.5000000000000001,0.506276150627615,26
V2-R,V2M-two_stage_user_local_reranker-v1,protocol_a_rollv2_cv3,3,2029,V2H-local-zero,False,zero_eeg_control,oof_pair_context_equal_C0p25,oof_pair_meta,context_interactions,equal,True,0.5501618122977346,0.5641607095628638,0.5501618122977346,0.518117094545666,618,28,24,0.5,0.5,0.5,24
V2-R,V2M-two_stage_user_local_reranker-v1,protocol_a_rollv2_cv3,1,2029,V2H-local-zero,False,zero_eeg_control,oof_pair_context_balanced_C0p25,oof_pair_meta,context_interactions,context_balanced,True,0.5986622073578596,0.600240159972303,0.5986622073578596,0.5712452415309558,598,35,28,0.5976245396394652,0.5922898414416272,0.6508503991669559,28
V2-R,V2M-two_stage_user_local_reranker-v1,protocol_a_rollv2_cv3,2,2029,V2H-local-zero,False,zero_eeg_control,oof_pair_context_balanced_C0p25,oof_pair_meta,context_interactions,context_balanced,True,0.5976027397260274,0.6071019258519258,0.5976027397260274,0.6042502405002405,584,30,26,0.5796903183621934,0.5787434787434788,0.5908879590887959,26
V2-R,V2M-two_stage_user_local_reranker-v1,protocol_a_rollv2_cv3,3,2029,V2H-local-zero,False,zero_eeg_control,oof_pair_context_balanced_C0p25,oof_pair_meta,context_interactions,context_balanced,True,0.5825242718446602,0.6035823671309676,0.5825242718446602,0.5808759659652517,618,28,24,0.583086474520041,0.5992423086173086,0.6292389950926536,24
V2-R,V2M-two_stage_user_local_reranker-v1,protocol_a_rollv2_cv3,1,2029,V2H-local-zero,False,zero_eeg_control,oof_pair_context_sqrt_pair_C0p25,oof_pair_meta,context_interactions,sqrt_pair_balanced,True,0.5903010033444817,0.5995063765599481,0.5903010033444817,0.5727613894042466,598,35,28,0.5871320884753721,0.5843859513502372,0.6561610551891703,28
V2-R,V2M-two_stage_user_local_reranker-v1,protocol_a_rollv2_cv3,2,2029,V2H-local-zero,False,zero_eeg_control,oof_pair_context_sqrt_pair_C0p25,oof_pair_meta,context_interactions,sqrt_pair_balanced,True,0.6078767123287672,0.6254322066822068,0.6078767123287672,0.6309698172198173,584,30,26,0.5960818001443001,0.5963891663891664,0.6133819690305047,26
V2-R,V2M-two_stage_user_local_reranker-v1,protocol_a_rollv2_cv3,3,2029,V2H-local-zero,False,zero_eeg_control,oof_pair_context_sqrt_pair_C0p25,oof_pair_meta,context_interactions,sqrt_pair_balanced,True,0.5857605177993528,0.6117442205066367,0.5857605177993528,0.5542442445121016,618,28,24,0.5769751518877394,0.5925778311194978,0.5636856368563686,24
V2-R,V2M-two_stage_user_local_reranker-v1,protocol_a_rollv2_cv3,1,2029,V2H-local-zero,False,zero_eeg_control,oof_pair_context_balanced_C0p10,oof_pair_meta,context_interactions,context_balanced,True,0.6070234113712375,0.604028897689612,0.6070234113712375,0.5742762317048031,598,35,28,0.6072998643147897,0.602975353019996,0.6375216938563,28
V2-R,V2M-two_stage_user_local_reranker-v1,protocol_a_rollv2_cv3,2,2029,V2H-local-zero,False,zero_eeg_control,oof_pair_context_balanced_C0p10,oof_pair_meta,context_interactions,context_balanced,True,0.5976027397260274,0.6036054223554224,0.5976027397260274,0.6023310485810485,584,30,26,0.5823081259018759,0.5798874736374736,0.5874190895111396,26
V2-R,V2M-two_stage_user_local_reranker-v1,protocol_a_rollv2_cv3,3,2029,V2H-local-zero,False,zero_eeg_control,oof_pair_context_balanced_C0p10,oof_pair_meta,context_interactions,context_balanced,True,0.5792880258899676,0.598987802303237,0.5792880258899676,0.5779175454175454,618,28,24,0.578611996007101,0.5949144952269952,0.6379184062110892,24
V2-R,V2M-two_stage_user_local_reranker-v1,protocol_a_rollv2_cv3,1,2030,V2H-local-zero,False,zero_eeg_control,v2n_eeg_base_0p05,baseline_score_transform,none,none,False,0.6588628762541806,0.6361556069591783,0.6588628762541806,0.6491045832474404,598,35,28,0.6270544463828047,0.6253630265237409,0.6266227004512324,28
V2-R,V2M-two_stage_user_local_reranker-v1,protocol_a_rollv2_cv3,2,2030,V2H-local-zero,False,zero_eeg_control,v2n_eeg_base_0p05,baseline_score_transform,none,none,False,0.5736301369863014,0.5680999555999556,0.5736301369863014,0.5475649350649351,584,30,26,0.5623208648989899,0.5562645687645688,0.6024746987090083,26
V2-R,V2M-two_stage_user_local_reranker-v1,protocol_a_rollv2_cv3,3,2030,V2H-local-zero,False,zero_eeg_control,v2n_eeg_base_0p05,baseline_score_transform,none,none,False,0.5663430420711975,0.5835523390497913,0.5663430420711975,0.5616083949119663,618,28,24,0.5748953746331369,0.5914631009422676,0.5836446202299861,24
V2-R,V2M-two_stage_user_local_reranker-v1,protocol_a_rollv2_cv3,1,2030,V2H-local-zero,False,zero_eeg_control,sqrt_margin_eeg_base0p05,baseline_score_transform,none,none,False,0.6555183946488294,0.6352202328095184,0.6555183946488294,0.6483562839277124,598,35,28,0.6268767633693009,0.6258562238026525,0.6265879902811524,28
V2-R,V2M-two_stage_user_local_reranker-v1,protocol_a_rollv2_cv3,2,2030,V2H-local-zero,False,zero_eeg_control,sqrt_margin_eeg_base0p05,baseline_score_transform,none,none,False,0.5702054794520548,0.5624451936951937,0.5702054794520548,0.5451641414141414,584,30,26,0.559450193903319,0.5529990842490842,0.6038693988484783,26
V2-R,V2M-two_stage_user_local_reranker-v1,protocol_a_rollv2_cv3,3,2030,V2H-local-zero,False,zero_eeg_control,sqrt_margin_eeg_base0p05,baseline_score_transform,none,none,False,0.5631067961165048,0.58216329193706,0.5631067961165048,0.5606266385730672,618,28,24,0.5720897206911194,0.5890363032029698,0.5868307331721967,24
V2-R,V2M-two_stage_user_local_reranker-v1,protocol_a_rollv2_cv3,1,2030,V2H-local-zero,False,zero_eeg_control,margin_power0p25_base0p05,baseline_score_transform,none,none,False,0.6521739130434783,0.6478525079417935,0.6521739130434783,0.6584621040335327,598,35,28,0.6181348667915834,0.6147691627155912,0.6275251648733079,28
V2-R,V2M-two_stage_user_local_reranker-v1,protocol_a_rollv2_cv3,2,2030,V2H-local-zero,False,zero_eeg_control,margin_power0p25_base0p05,baseline_score_transform,none,none,False,0.5856164383561644,0.5771887834387834,0.5856164383561644,0.5579419191919192,584,30,26,0.577468998015873,0.5713016150516151,0.6087687301076423,26
V2-R,V2M-two_stage_user_local_reranker-v1,protocol_a_rollv2_cv3,3,2030,V2H-local-zero,False,zero_eeg_control,margin_power0p25_base0p05,baseline_score_transform,none,none,False,0.5825242718446602,0.5968233868575715,0.5825242718446602,0.5733518729947302,618,28,24,0.5839703129038794,0.6020702407160741,0.5952537903757416,24
V2-R,V2M-two_stage_user_local_reranker-v1,protocol_a_rollv2_cv3,1,2030,V2H-local-zero,False,zero_eeg_control,oof_pair_score_equal_C0p25,oof_pair_meta,score_only,equal,True,0.596989966555184,0.5987133270168984,0.596989966555184,0.583379784236927,598,35,28,0.5766162693028365,0.572527786367072,0.602707393266227,28
V2-R,V2M-two_stage_user_local_reranker-v1,protocol_a_rollv2_cv3,2,2030,V2H-local-zero,False,zero_eeg_control,oof_pair_score_equal_C0p25,oof_pair_meta,score_only,equal,True,0.6181506849315068,0.6256368631368632,0.6181506849315068,0.6075228475228476,584,30,26,0.6186881087662337,0.6160346597846598,0.6099846225369239,26
V2-R,V2M-two_stage_user_local_reranker-v1,protocol_a_rollv2_cv3,3,2030,V2H-local-zero,False,zero_eeg_control,oof_pair_score_equal_C0p25,oof_pair_meta,score_only,equal,True,0.5922330097087378,0.6234123441511857,0.5922330097087378,0.5970740304668877,618,28,24,0.5971931914239607,0.6169512277845611,0.5016846114407091,24
V2-R,V2M-two_stage_user_local_reranker-v1,protocol_a_rollv2_cv3,1,2030,V2H-local-zero,False,zero_eeg_control,oof_pair_score_context_balanced_C0p25,oof_pair_meta,score_only,context_balanced,True,0.6053511705685619,0.6034525560418418,0.6053511705685619,0.5738151583865869,598,35,28,0.5920746914776766,0.5879713804713805,0.6023602915654287,28
V2-R,V2M-two_stage_user_local_reranker-v1,protocol_a_rollv2_cv3,2,2030,V2H-local-zero,False,zero_eeg_control,oof_pair_score_context_balanced_C0p25,oof_pair_meta,score_only,context_balanced,True,0.6215753424657534,0.6259395696895697,0.6215753424657534,0.6133407487574155,584,30,26,0.6229577020202021,0.6190464627964628,0.6261130779959232,26
V2-R,V2M-two_stage_user_local_reranker-v1,protocol_a_rollv2_cv3,3,2030,V2H-local-zero,False,zero_eeg_control,oof_pair_score_context_balanced_C0p25,oof_pair_meta,score_only,context_balanced,True,0.5954692556634305,0.621289765726524,0.5954692556634305,0.5943511911369053,618,28,24,0.6014060628571118,0.6182813058854726,0.5888815644913206,24
V2-R,V2M-two_stage_user_local_reranker-v1,protocol_a_rollv2_cv3,1,2030,V2H-local-zero,False,zero_eeg_control,oof_pair_context_equal_C0p25,oof_pair_meta,context_interactions,equal,True,0.6003344481605352,0.6103714902822046,0.6003344481605352,0.5965611901326188,598,35,28,0.5,0.5,0.5069767441860464,28
V2-R,V2M-two_stage_user_local_reranker-v1,protocol_a_rollv2_cv3,2,2030,V2H-local-zero,False,zero_eeg_control,oof_pair_context_equal_C0p25,oof_pair_meta,context_interactions,equal,True,0.613013698630137,0.6206892644392645,0.613013698630137,0.6077455106621772,584,30,26,0.5,0.5,0.5083682008368201,26
V2-R,V2M-two_stage_user_local_reranker-v1,protocol_a_rollv2_cv3,3,2030,V2H-local-zero,False,zero_eeg_control,oof_pair_context_equal_C0p25,oof_pair_meta,context_interactions,equal,True,0.5744336569579288,0.5952016917741891,0.5744336569579288,0.5699754181004181,618,28,24,0.5,0.5,0.5,24
V2-R,V2M-two_stage_user_local_reranker-v1,protocol_a_rollv2_cv3,1,2030,V2H-local-zero,False,zero_eeg_control,oof_pair_context_balanced_C0p25,oof_pair_meta,context_interactions,context_balanced,True,0.6053511705685619,0.6036840375233232,0.6053511705685619,0.5740003435717721,598,35,28,0.5972158687084062,0.5927468992647563,0.6301631377993753,28
V2-R,V2M-two_stage_user_local_reranker-v1,protocol_a_rollv2_cv3,2,2030,V2H-local-zero,False,zero_eeg_control,oof_pair_context_balanced_C0p25,oof_pair_meta,context_interactions,context_balanced,True,0.6181506849315068,0.6139432326932327,0.6181506849315068,0.6108804312970979,584,30,26,0.5880583739177488,0.5853855403855404,0.5831277044666165,26
V2-R,V2M-two_stage_user_local_reranker-v1,protocol_a_rollv2_cv3,3,2030,V2H-local-zero,False,zero_eeg_control,oof_pair_context_balanced_C0p25,oof_pair_meta,context_interactions,context_balanced,True,0.5938511326860841,0.6133814954717626,0.5938511326860841,0.5874682460396746,618,28,24,0.5989392115266241,0.6120021953355287,0.6143704680290045,24
V2-R,V2M-two_stage_user_local_reranker-v1,protocol_a_rollv2_cv3,1,2030,V2H-local-zero,False,zero_eeg_control,oof_pair_context_sqrt_pair_C0p25,oof_pair_meta,context_interactions,sqrt_pair_balanced,True,0.6120401337792643,0.6195714074285503,0.6120401337792643,0.6060600563457706,598,35,28,0.6086246257888049,0.6038694556105272,0.6371398819854218,28
V2-R,V2M-two_stage_user_local_reranker-v1,protocol_a_rollv2_cv3,2,2030,V2H-local-zero,False,zero_eeg_control,oof_pair_context_sqrt_pair_C0p25,oof_pair_meta,context_interactions,sqrt_pair_balanced,True,0.6095890410958904,0.6143960206460207,0.6095890410958904,0.6087728475228474,584,30,26,0.5962280167748918,0.5941380841380842,0.6037263526803276,26
V2-R,V2M-two_stage_user_local_reranker-v1,protocol_a_rollv2_cv3,3,2030,V2H-local-zero,False,zero_eeg_control,oof_pair_context_sqrt_pair_C0p25,oof_pair_meta,context_interactions,sqrt_pair_balanced,True,0.5954692556634305,0.6231875422872908,0.5954692556634305,0.5954213841713842,618,28,24,0.5969325449220554,0.6128753229794897,0.5699846187651066,24
V2-R,V2M-two_stage_user_local_reranker-v1,protocol_a_rollv2_cv3,1,2030,V2H-local-zero,False,zero_eeg_control,oof_pair_context_balanced_C0p10,oof_pair_meta,context_interactions,context_balanced,True,0.6036789297658863,0.6021770458377602,0.6036789297658863,0.5727947502233217,598,35,28,0.6038387068984085,0.5998311774204632,0.6155501561957654,28
V2-R,V2M-two_stage_user_local_reranker-v1,protocol_a_rollv2_cv3,2,2030,V2H-local-zero,False,zero_eeg_control,oof_pair_context_balanced_C0p10,oof_pair_meta,context_interactions,context_balanced,True,0.613013698630137,0.6102725977725979,0.613013698630137,0.607699214365881,584,30,26,0.5956726866883117,0.591789553039553,0.5829488967564282,26
V2-R,V2M-two_stage_user_local_reranker-v1,protocol_a_rollv2_cv3,3,2030,V2H-local-zero,False,zero_eeg_control,oof_pair_context_balanced_C0p10,oof_pair_meta,context_interactions,context_balanced,True,0.6003236245954693,0.6172768863463199,0.6003236245954693,0.5908071525035812,618,28,24,0.6029508176361323,0.6166614750989751,0.6195341683146561,24
