phase,split_version,config_id,fold,seed,candidate,uses_eeg,control_type,pairwise_c,pair_sample_rate,pair_cap,alignment_train_only,score_alignment,transfer_gauc,transfer_macro_user_auc,transfer_global_auc,transfer_valid_user_count,local_user_pair_gauc,local_pair_auc,local_user_macro_auc,local_pair_count
V2-J,protocol_a_rollv2_cv3,C0p3-sample0p35-cap3000,1,2026,V2H-local-H2_E0,False,H2_E0_non_eeg,0.3,0.35,3000,True,raw,0.6317654153475049,0.629453398783756,0.40371398819854215,28,0.6538461538461539,0.6538461538461539,0.6476347263847264,598
V2-J,protocol_a_rollv2_cv3,C0p3-sample0p35-cap3000,1,2026,V2H-local-H2_E0,False,H2_E0_non_eeg,0.3,0.35,3000,True,fold_train_zscore,0.6317654153475049,0.629453398783756,0.40371398819854215,28,0.6538461538461539,0.6538461538461539,0.6476347263847264,598
V2-J,protocol_a_rollv2_cv3,C0p3-sample0p35-cap3000,1,2026,V2H-local-H2_E0,False,H2_E0_non_eeg,0.3,0.35,3000,True,user_train_center,0.6317654153475049,0.629453398783756,0.5322804581742451,28,0.6538461538461539,0.6538461538461539,0.6476347263847264,598
V2-J,protocol_a_rollv2_cv3,C0p3-sample0p35-cap3000,1,2026,V2H-local-H2_E0,False,H2_E0_non_eeg,0.3,0.35,3000,True,user_train_zscore,0.6317654153475049,0.629453398783756,0.5298507462686568,28,0.6538461538461539,0.6538461538461539,0.6476347263847264,598
V2-J,protocol_a_rollv2_cv3,C0p3-sample0p35-cap3000,1,2026,V2H-local-H2_E0,False,H2_E0_non_eeg,0.3,0.35,3000,True,user_center_alpha_0p5,0.6317654153475049,0.629453398783756,0.43363415480735856,28,0.6538461538461539,0.6538461538461539,0.6476347263847264,598
V2-J,protocol_a_rollv2_cv3,C0p3-sample0p35-cap3000,1,2026,V2H-local-H2_E0,False,H2_E0_non_eeg,0.3,0.35,3000,True,user_center_alpha_1p0,0.6317654153475049,0.629453398783756,0.5322804581742451,28,0.6538461538461539,0.6538461538461539,0.6476347263847264,598
V2-J,protocol_a_rollv2_cv3,C0p3-sample0p35-cap3000,1,2026,V2H-local-H2_E0,False,H2_E0_non_eeg,0.3,0.35,3000,True,user_center_alpha_1p5,0.6317654153475049,0.629453398783756,0.6174592155501561,28,0.6538461538461539,0.6538461538461539,0.6476347263847264,598
V2-J,protocol_a_rollv2_cv3,C0p3-sample0p35-cap3000,1,2026,V2H-local-H2_E0,False,H2_E0_non_eeg,0.3,0.35,3000,True,user_center_alpha_2p0,0.6317654153475049,0.629453398783756,0.6425199583477958,28,0.6538461538461539,0.6538461538461539,0.6476347263847264,598
V2-J,protocol_a_rollv2_cv3,C0p3-sample0p35-cap3000,1,2026,V2H-local-H2_E0,False,H2_E0_non_eeg,0.3,0.35,3000,True,user_center_rate_beta_0p5,0.6317654153475049,0.629453398783756,0.5989239847275252,28,0.6538461538461539,0.6538461538461539,0.6476347263847264,598
V2-J,protocol_a_rollv2_cv3,C0p3-sample0p35-cap3000,1,2026,V2H-local-H2_E0,False,H2_E0_non_eeg,0.3,0.35,3000,True,user_center_rate_beta_1p0,0.6317654153475049,0.629453398783756,0.6502603262755987,28,0.6538461538461539,0.6538461538461539,0.6476347263847264,598
V2-J,protocol_a_rollv2_cv3,C0p3-sample0p35-cap3000,1,2026,V2H-local-H2_E0,False,H2_E0_non_eeg,0.3,0.35,3000,True,user_center_rate_beta_1p5,0.6317654153475049,0.629453398783756,0.6692467893092676,28,0.6538461538461539,0.6538461538461539,0.6476347263847264,598
V2-J,protocol_a_rollv2_cv3,C0p3-sample0p35-cap3000,1,2026,V2H-local-H2_E0,False,H2_E0_non_eeg,0.3,0.35,3000,True,user_center_rate_beta_2p0,0.6317654153475049,0.629453398783756,0.6699409927108643,28,0.6538461538461539,0.6538461538461539,0.6476347263847264,598
V2-J,protocol_a_rollv2_cv3,C0p3-sample0p35-cap3000,1,2026,V2H-local-zero,False,zero_eeg_control,0.3,0.35,3000,True,raw,0.6086026577071354,0.6069565553494124,0.41634849010760144,28,0.6421404682274248,0.6421404682274248,0.6213217338217338,598
V2-J,protocol_a_rollv2_cv3,C0p3-sample0p35-cap3000,1,2026,V2H-local-zero,False,zero_eeg_control,0.3,0.35,3000,True,fold_train_zscore,0.6086026577071354,0.6069565553494124,0.41634849010760144,28,0.6421404682274248,0.6421404682274248,0.6213217338217338,598
V2-J,protocol_a_rollv2_cv3,C0p3-sample0p35-cap3000,1,2026,V2H-local-zero,False,zero_eeg_control,0.3,0.35,3000,True,user_train_center,0.6086026577071354,0.6069565553494124,0.5404373481430058,28,0.6421404682274248,0.6421404682274248,0.6213217338217338,598
V2-J,protocol_a_rollv2_cv3,C0p3-sample0p35-cap3000,1,2026,V2H-local-zero,False,zero_eeg_control,0.3,0.35,3000,True,user_train_zscore,0.6086026577071354,0.6069565553494124,0.5409927108642832,28,0.6421404682274248,0.6421404682274248,0.6213217338217338,598
V2-J,protocol_a_rollv2_cv3,C0p3-sample0p35-cap3000,1,2026,V2H-local-zero,False,zero_eeg_control,0.3,0.35,3000,True,user_center_alpha_0p5,0.6086026577071354,0.6069565553494124,0.4431794515793127,28,0.6421404682274248,0.6421404682274248,0.6213217338217338,598
V2-J,protocol_a_rollv2_cv3,C0p3-sample0p35-cap3000,1,2026,V2H-local-zero,False,zero_eeg_control,0.3,0.35,3000,True,user_center_alpha_1p0,0.6086026577071354,0.6069565553494124,0.5404373481430058,28,0.6421404682274248,0.6421404682274248,0.6213217338217338,598
V2-J,protocol_a_rollv2_cv3,C0p3-sample0p35-cap3000,1,2026,V2H-local-zero,False,zero_eeg_control,0.3,0.35,3000,True,user_center_alpha_1p5,0.6086026577071354,0.6069565553494124,0.5997223186393613,28,0.6421404682274248,0.6421404682274248,0.6213217338217338,598
V2-J,protocol_a_rollv2_cv3,C0p3-sample0p35-cap3000,1,2026,V2H-local-zero,False,zero_eeg_control,0.3,0.35,3000,True,user_center_alpha_2p0,0.6086026577071354,0.6069565553494124,0.6153418951752864,28,0.6421404682274248,0.6421404682274248,0.6213217338217338,598
V2-J,protocol_a_rollv2_cv3,C0p3-sample0p35-cap3000,1,2026,V2H-local-zero,False,zero_eeg_control,0.3,0.35,3000,True,user_center_rate_beta_0p5,0.6086026577071354,0.6069565553494124,0.6124609510586602,28,0.6421404682274248,0.6421404682274248,0.6213217338217338,598
V2-J,protocol_a_rollv2_cv3,C0p3-sample0p35-cap3000,1,2026,V2H-local-zero,False,zero_eeg_control,0.3,0.35,3000,True,user_center_rate_beta_1p0,0.6086026577071354,0.6069565553494124,0.6654980909406456,28,0.6421404682274248,0.6421404682274248,0.6213217338217338,598
V2-J,protocol_a_rollv2_cv3,C0p3-sample0p35-cap3000,1,2026,V2H-local-zero,False,zero_eeg_control,0.3,0.35,3000,True,user_center_rate_beta_1p5,0.6086026577071354,0.6069565553494124,0.6860118014578271,28,0.6421404682274248,0.6421404682274248,0.6213217338217338,598
V2-J,protocol_a_rollv2_cv3,C0p3-sample0p35-cap3000,1,2026,V2H-local-zero,False,zero_eeg_control,0.3,0.35,3000,True,user_center_rate_beta_2p0,0.6086026577071354,0.6069565553494124,0.6852481777160708,28,0.6421404682274248,0.6421404682274248,0.6213217338217338,598
V2-J,protocol_a_rollv2_cv3,C0p3-sample0p35-cap3000,1,2026,V2H-local-shuffle,False,shuffle_eeg_control,0.3,0.35,3000,True,raw,0.639688031702957,0.6361615946883805,0.4082610204790003,28,0.6471571906354515,0.6471571906354515,0.6583379847665564,598
V2-J,protocol_a_rollv2_cv3,C0p3-sample0p35-cap3000,1,2026,V2H-local-shuffle,False,shuffle_eeg_control,0.3,0.35,3000,True,fold_train_zscore,0.639688031702957,0.6361615946883805,0.4082610204790003,28,0.6471571906354515,0.6471571906354515,0.6583379847665564,598
V2-J,protocol_a_rollv2_cv3,C0p3-sample0p35-cap3000,1,2026,V2H-local-shuffle,False,shuffle_eeg_control,0.3,0.35,3000,True,user_train_center,0.639688031702957,0.6361615946883805,0.5301284276292954,28,0.6471571906354515,0.6471571906354515,0.6583379847665564,598
V2-J,protocol_a_rollv2_cv3,C0p3-sample0p35-cap3000,1,2026,V2H-local-shuffle,False,shuffle_eeg_control,0.3,0.35,3000,True,user_train_zscore,0.639688031702957,0.6361615946883805,0.5339118361679972,28,0.6471571906354515,0.6471571906354515,0.6583379847665564,598
V2-J,protocol_a_rollv2_cv3,C0p3-sample0p35-cap3000,1,2026,V2H-local-shuffle,False,shuffle_eeg_control,0.3,0.35,3000,True,user_center_alpha_0p5,0.639688031702957,0.6361615946883805,0.43019784796945504,28,0.6471571906354515,0.6471571906354515,0.6583379847665564,598
V2-J,protocol_a_rollv2_cv3,C0p3-sample0p35-cap3000,1,2026,V2H-local-shuffle,False,shuffle_eeg_control,0.3,0.35,3000,True,user_center_alpha_1p0,0.639688031702957,0.6361615946883805,0.5301284276292954,28,0.6471571906354515,0.6471571906354515,0.6583379847665564,598
V2-J,protocol_a_rollv2_cv3,C0p3-sample0p35-cap3000,1,2026,V2H-local-shuffle,False,shuffle_eeg_control,0.3,0.35,3000,True,user_center_alpha_1p5,0.639688031702957,0.6361615946883805,0.5957653592502603,28,0.6471571906354515,0.6471571906354515,0.6583379847665564,598
V2-J,protocol_a_rollv2_cv3,C0p3-sample0p35-cap3000,1,2026,V2H-local-shuffle,False,shuffle_eeg_control,0.3,0.35,3000,True,user_center_alpha_2p0,0.639688031702957,0.6361615946883805,0.6040263797292607,28,0.6471571906354515,0.6471571906354515,0.6583379847665564,598
V2-J,protocol_a_rollv2_cv3,C0p3-sample0p35-cap3000,1,2026,V2H-local-shuffle,False,shuffle_eeg_control,0.3,0.35,3000,True,user_center_rate_beta_0p5,0.639688031702957,0.6361615946883805,0.5952794168691427,28,0.6471571906354515,0.6471571906354515,0.6583379847665564,598
V2-J,protocol_a_rollv2_cv3,C0p3-sample0p35-cap3000,1,2026,V2H-local-shuffle,False,shuffle_eeg_control,0.3,0.35,3000,True,user_center_rate_beta_1p0,0.639688031702957,0.6361615946883805,0.6396390142311696,28,0.6471571906354515,0.6471571906354515,0.6583379847665564,598
V2-J,protocol_a_rollv2_cv3,C0p3-sample0p35-cap3000,1,2026,V2H-local-shuffle,False,shuffle_eeg_control,0.3,0.35,3000,True,user_center_rate_beta_1p5,0.639688031702957,0.6361615946883805,0.6651856994099272,28,0.6471571906354515,0.6471571906354515,0.6583379847665564,598
V2-J,protocol_a_rollv2_cv3,C0p3-sample0p35-cap3000,1,2026,V2H-local-shuffle,False,shuffle_eeg_control,0.3,0.35,3000,True,user_center_rate_beta_2p0,0.639688031702957,0.6361615946883805,0.6744186046511629,28,0.6471571906354515,0.6471571906354515,0.6583379847665564,598
V2-J,protocol_a_rollv2_cv3,C0p3-sample0p35-cap3000,1,2026,V2H-local-real,True,real_eeg,0.3,0.35,3000,True,raw,0.7075219142383321,0.7063942357245928,0.42037486983686223,28,0.7123745819397993,0.7123745819397993,0.724415970933828,598
V2-J,protocol_a_rollv2_cv3,C0p3-sample0p35-cap3000,1,2026,V2H-local-real,True,real_eeg,0.3,0.35,3000,True,fold_train_zscore,0.7075219142383321,0.7063942357245928,0.42037486983686223,28,0.7123745819397993,0.7123745819397993,0.724415970933828,598
V2-J,protocol_a_rollv2_cv3,C0p3-sample0p35-cap3000,1,2026,V2H-local-real,True,real_eeg,0.3,0.35,3000,True,user_train_center,0.7075219142383321,0.7063942357245928,0.5280458174245054,28,0.7123745819397993,0.7123745819397993,0.724415970933828,598
V2-J,protocol_a_rollv2_cv3,C0p3-sample0p35-cap3000,1,2026,V2H-local-real,True,real_eeg,0.3,0.35,3000,True,user_train_zscore,0.7075219142383321,0.7063942357245928,0.5320721971537661,28,0.7123745819397993,0.7123745819397993,0.724415970933828,598
V2-J,protocol_a_rollv2_cv3,C0p3-sample0p35-cap3000,1,2026,V2H-local-real,True,real_eeg,0.3,0.35,3000,True,user_center_alpha_0p5,0.7075219142383321,0.7063942357245928,0.4383547379382159,28,0.7123745819397993,0.7123745819397993,0.724415970933828,598
V2-J,protocol_a_rollv2_cv3,C0p3-sample0p35-cap3000,1,2026,V2H-local-real,True,real_eeg,0.3,0.35,3000,True,user_center_alpha_1p0,0.7075219142383321,0.7063942357245928,0.5280458174245054,28,0.7123745819397993,0.7123745819397993,0.724415970933828,598
V2-J,protocol_a_rollv2_cv3,C0p3-sample0p35-cap3000,1,2026,V2H-local-real,True,real_eeg,0.3,0.35,3000,True,user_center_alpha_1p5,0.7075219142383321,0.7063942357245928,0.5877473099618188,28,0.7123745819397993,0.7123745819397993,0.724415970933828,598
V2-J,protocol_a_rollv2_cv3,C0p3-sample0p35-cap3000,1,2026,V2H-local-real,True,real_eeg,0.3,0.35,3000,True,user_center_alpha_2p0,0.7075219142383321,0.7063942357245928,0.607913918778202,28,0.7123745819397993,0.7123745819397993,0.724415970933828,598
V2-J,protocol_a_rollv2_cv3,C0p3-sample0p35-cap3000,1,2026,V2H-local-real,True,real_eeg,0.3,0.35,3000,True,user_center_rate_beta_0p5,0.7075219142383321,0.7063942357245928,0.5574453314821244,28,0.7123745819397993,0.7123745819397993,0.724415970933828,598
V2-J,protocol_a_rollv2_cv3,C0p3-sample0p35-cap3000,1,2026,V2H-local-real,True,real_eeg,0.3,0.35,3000,True,user_center_rate_beta_1p0,0.7075219142383321,0.7063942357245928,0.5800416522040959,28,0.7123745819397993,0.7123745819397993,0.724415970933828,598
V2-J,protocol_a_rollv2_cv3,C0p3-sample0p35-cap3000,1,2026,V2H-local-real,True,real_eeg,0.3,0.35,3000,True,user_center_rate_beta_1p5,0.7075219142383321,0.7063942357245928,0.6001735508503991,28,0.7123745819397993,0.7123745819397993,0.724415970933828,598
V2-J,protocol_a_rollv2_cv3,C0p3-sample0p35-cap3000,1,2026,V2H-local-real,True,real_eeg,0.3,0.35,3000,True,user_center_rate_beta_2p0,0.7075219142383321,0.7063942357245928,0.6157931273863242,28,0.7123745819397993,0.7123745819397993,0.724415970933828,598
V2-J,protocol_a_rollv2_cv3,C0p3-sample0p35-cap3000,2,2026,V2H-local-H2_E0,False,H2_E0_non_eeg,0.3,0.35,3000,True,raw,0.5600306637806638,0.5574303011803011,0.39126703143439545,26,0.5753424657534246,0.5753424657534246,0.5641215266215267,584
V2-J,protocol_a_rollv2_cv3,C0p3-sample0p35-cap3000,2,2026,V2H-local-H2_E0,False,H2_E0_non_eeg,0.3,0.35,3000,True,fold_train_zscore,0.5600306637806638,0.5574303011803011,0.39126703143439545,26,0.5753424657534246,0.5753424657534246,0.5641215266215267,584
V2-J,protocol_a_rollv2_cv3,C0p3-sample0p35-cap3000,2,2026,V2H-local-H2_E0,False,H2_E0_non_eeg,0.3,0.35,3000,True,user_train_center,0.5600306637806638,0.5574303011803011,0.4527411221971891,26,0.5753424657534246,0.5753424657534246,0.5641215266215267,584
V2-J,protocol_a_rollv2_cv3,C0p3-sample0p35-cap3000,2,2026,V2H-local-H2_E0,False,H2_E0_non_eeg,0.3,0.35,3000,True,user_train_zscore,0.5600306637806638,0.5574303011803011,0.44304974430497446,26,0.5753424657534246,0.5753424657534246,0.5641215266215267,584
V2-J,protocol_a_rollv2_cv3,C0p3-sample0p35-cap3000,2,2026,V2H-local-H2_E0,False,H2_E0_non_eeg,0.3,0.35,3000,True,user_center_alpha_0p5,0.5600306637806638,0.5574303011803011,0.39566570110503163,26,0.5753424657534246,0.5753424657534246,0.5641215266215267,584
V2-J,protocol_a_rollv2_cv3,C0p3-sample0p35-cap3000,2,2026,V2H-local-H2_E0,False,H2_E0_non_eeg,0.3,0.35,3000,True,user_center_alpha_1p0,0.5600306637806638,0.5574303011803011,0.4527411221971891,26,0.5753424657534246,0.5753424657534246,0.5641215266215267,584
V2-J,protocol_a_rollv2_cv3,C0p3-sample0p35-cap3000,2,2026,V2H-local-H2_E0,False,H2_E0_non_eeg,0.3,0.35,3000,True,user_center_alpha_1p5,0.5600306637806638,0.5574303011803011,0.5450774237385116,26,0.5753424657534246,0.5753424657534246,0.5641215266215267,584
V2-J,protocol_a_rollv2_cv3,C0p3-sample0p35-cap3000,2,2026,V2H-local-H2_E0,False,H2_E0_non_eeg,0.3,0.35,3000,True,user_center_alpha_2p0,0.5600306637806638,0.5574303011803011,0.5752244036762866,26,0.5753424657534246,0.5753424657534246,0.5641215266215267,584
V2-J,protocol_a_rollv2_cv3,C0p3-sample0p35-cap3000,2,2026,V2H-local-H2_E0,False,H2_E0_non_eeg,0.3,0.35,3000,True,user_center_rate_beta_0p5,0.5600306637806638,0.5574303011803011,0.5602403175624933,26,0.5753424657534246,0.5753424657534246,0.5641215266215267,584
V2-J,protocol_a_rollv2_cv3,C0p3-sample0p35-cap3000,2,2026,V2H-local-H2_E0,False,H2_E0_non_eeg,0.3,0.35,3000,True,user_center_rate_beta_1p0,0.5600306637806638,0.5574303011803011,0.6511819189643457,26,0.5753424657534246,0.5753424657534246,0.5641215266215267,584
V2-J,protocol_a_rollv2_cv3,C0p3-sample0p35-cap3000,2,2026,V2H-local-H2_E0,False,H2_E0_non_eeg,0.3,0.35,3000,True,user_center_rate_beta_1p5,0.5600306637806638,0.5574303011803011,0.6927010692701069,26,0.5753424657534246,0.5753424657534246,0.5641215266215267,584
V2-J,protocol_a_rollv2_cv3,C0p3-sample0p35-cap3000,2,2026,V2H-local-H2_E0,False,H2_E0_non_eeg,0.3,0.35,3000,True,user_center_rate_beta_2p0,0.5600306637806638,0.5574303011803011,0.708865286271144,26,0.5753424657534246,0.5753424657534246,0.5641215266215267,584
V2-J,protocol_a_rollv2_cv3,C0p3-sample0p35-cap3000,2,2026,V2H-local-zero,False,zero_eeg_control,0.3,0.35,3000,True,raw,0.5578216314935065,0.5545817608317608,0.3750670528913207,26,0.5753424657534246,0.5753424657534246,0.5617710992710993,584
V2-J,protocol_a_rollv2_cv3,C0p3-sample0p35-cap3000,2,2026,V2H-local-zero,False,zero_eeg_control,0.3,0.35,3000,True,fold_train_zscore,0.5578216314935065,0.5545817608317608,0.3750670528913207,26,0.5753424657534246,0.5753424657534246,0.5617710992710993,584
V2-J,protocol_a_rollv2_cv3,C0p3-sample0p35-cap3000,2,2026,V2H-local-zero,False,zero_eeg_control,0.3,0.35,3000,True,user_train_center,0.5578216314935065,0.5545817608317608,0.42924578907842503,26,0.5753424657534246,0.5753424657534246,0.5617710992710993,584
V2-J,protocol_a_rollv2_cv3,C0p3-sample0p35-cap3000,2,2026,V2H-local-zero,False,zero_eeg_control,0.3,0.35,3000,True,user_train_zscore,0.5578216314935065,0.5545817608317608,0.4269928119300504,26,0.5753424657534246,0.5753424657534246,0.5617710992710993,584
V2-J,protocol_a_rollv2_cv3,C0p3-sample0p35-cap3000,2,2026,V2H-local-zero,False,zero_eeg_control,0.3,0.35,3000,True,user_center_alpha_0p5,0.5578216314935065,0.5545817608317608,0.37413725279834065,26,0.5753424657534246,0.5753424657534246,0.5617710992710993,584
V2-J,protocol_a_rollv2_cv3,C0p3-sample0p35-cap3000,2,2026,V2H-local-zero,False,zero_eeg_control,0.3,0.35,3000,True,user_center_alpha_1p0,0.5578216314935065,0.5545817608317608,0.42924578907842503,26,0.5753424657534246,0.5753424657534246,0.5617710992710993,584
V2-J,protocol_a_rollv2_cv3,C0p3-sample0p35-cap3000,2,2026,V2H-local-zero,False,zero_eeg_control,0.3,0.35,3000,True,user_center_alpha_1p5,0.5578216314935065,0.5545817608317608,0.5342774380431284,26,0.5753424657534246,0.5753424657534246,0.5617710992710993,584
V2-J,protocol_a_rollv2_cv3,C0p3-sample0p35-cap3000,2,2026,V2H-local-zero,False,zero_eeg_control,0.3,0.35,3000,True,user_center_alpha_2p0,0.5578216314935065,0.5545817608317608,0.5732575188642134,26,0.5753424657534246,0.5753424657534246,0.5617710992710993,584
V2-J,protocol_a_rollv2_cv3,C0p3-sample0p35-cap3000,2,2026,V2H-local-zero,False,zero_eeg_control,0.3,0.35,3000,True,user_center_rate_beta_0p5,0.5578216314935065,0.5545817608317608,0.5379966384150485,26,0.5753424657534246,0.5753424657534246,0.5617710992710993,584
V2-J,protocol_a_rollv2_cv3,C0p3-sample0p35-cap3000,2,2026,V2H-local-zero,False,zero_eeg_control,0.3,0.35,3000,True,user_center_rate_beta_1p0,0.5578216314935065,0.5545817608317608,0.6292600936952402,26,0.5753424657534246,0.5753424657534246,0.5617710992710993,584
V2-J,protocol_a_rollv2_cv3,C0p3-sample0p35-cap3000,2,2026,V2H-local-zero,False,zero_eeg_control,0.3,0.35,3000,True,user_center_rate_beta_1p5,0.5578216314935065,0.5545817608317608,0.6711010978793405,26,0.5753424657534246,0.5753424657534246,0.5617710992710993,584
V2-J,protocol_a_rollv2_cv3,C0p3-sample0p35-cap3000,2,2026,V2H-local-zero,False,zero_eeg_control,0.3,0.35,3000,True,user_center_rate_beta_2p0,0.5578216314935065,0.5545817608317608,0.6905196152058076,26,0.5753424657534246,0.5753424657534246,0.5617710992710993,584
V2-J,protocol_a_rollv2_cv3,C0p3-sample0p35-cap3000,2,2026,V2H-local-shuffle,False,shuffle_eeg_control,0.3,0.35,3000,True,raw,0.6169147952741703,0.6142728105228106,0.3293280406251118,26,0.6164383561643836,0.6164383561643836,0.6384615384615385,584
V2-J,protocol_a_rollv2_cv3,C0p3-sample0p35-cap3000,2,2026,V2H-local-shuffle,False,shuffle_eeg_control,0.3,0.35,3000,True,fold_train_zscore,0.6169147952741703,0.6142728105228106,0.3293280406251118,26,0.6164383561643836,0.6164383561643836,0.6384615384615385,584
V2-J,protocol_a_rollv2_cv3,C0p3-sample0p35-cap3000,2,2026,V2H-local-shuffle,False,shuffle_eeg_control,0.3,0.35,3000,True,user_train_center,0.6169147952741703,0.6142728105228106,0.43253585094589275,26,0.6164383561643836,0.6164383561643836,0.6384615384615385,584
V2-J,protocol_a_rollv2_cv3,C0p3-sample0p35-cap3000,2,2026,V2H-local-shuffle,False,shuffle_eeg_control,0.3,0.35,3000,True,user_train_zscore,0.6169147952741703,0.6142728105228106,0.4319279047312521,26,0.6164383561643836,0.6164383561643836,0.6384615384615385,584
V2-J,protocol_a_rollv2_cv3,C0p3-sample0p35-cap3000,2,2026,V2H-local-shuffle,False,shuffle_eeg_control,0.3,0.35,3000,True,user_center_alpha_0p5,0.6169147952741703,0.6142728105228106,0.34059292636698496,26,0.6164383561643836,0.6164383561643836,0.6384615384615385,584
V2-J,protocol_a_rollv2_cv3,C0p3-sample0p35-cap3000,2,2026,V2H-local-shuffle,False,shuffle_eeg_control,0.3,0.35,3000,True,user_center_alpha_1p0,0.6169147952741703,0.6142728105228106,0.43253585094589275,26,0.6164383561643836,0.6164383561643836,0.6384615384615385,584
V2-J,protocol_a_rollv2_cv3,C0p3-sample0p35-cap3000,2,2026,V2H-local-shuffle,False,shuffle_eeg_control,0.3,0.35,3000,True,user_center_alpha_1p5,0.6169147952741703,0.6142728105228106,0.6232163930908701,26,0.6164383561643836,0.6164383561643836,0.6384615384615385,584
V2-J,protocol_a_rollv2_cv3,C0p3-sample0p35-cap3000,2,2026,V2H-local-shuffle,False,shuffle_eeg_control,0.3,0.35,3000,True,user_center_alpha_2p0,0.6169147952741703,0.6142728105228106,0.6478203340128026,26,0.6164383561643836,0.6164383561643836,0.6384615384615385,584
V2-J,protocol_a_rollv2_cv3,C0p3-sample0p35-cap3000,2,2026,V2H-local-shuffle,False,shuffle_eeg_control,0.3,0.35,3000,True,user_center_rate_beta_0p5,0.6169147952741703,0.6142728105228106,0.5133569359510781,26,0.6164383561643836,0.6164383561643836,0.6384615384615385,584
V2-J,protocol_a_rollv2_cv3,C0p3-sample0p35-cap3000,2,2026,V2H-local-shuffle,False,shuffle_eeg_control,0.3,0.35,3000,True,user_center_rate_beta_1p0,0.6169147952741703,0.6142728105228106,0.6005078138969352,26,0.6164383561643836,0.6164383561643836,0.6384615384615385,584
V2-J,protocol_a_rollv2_cv3,C0p3-sample0p35-cap3000,2,2026,V2H-local-shuffle,False,shuffle_eeg_control,0.3,0.35,3000,True,user_center_rate_beta_1p5,0.6169147952741703,0.6142728105228106,0.6566176733540751,26,0.6164383561643836,0.6164383561643836,0.6384615384615385,584
V2-J,protocol_a_rollv2_cv3,C0p3-sample0p35-cap3000,2,2026,V2H-local-shuffle,False,shuffle_eeg_control,0.3,0.35,3000,True,user_center_rate_beta_2p0,0.6169147952741703,0.6142728105228106,0.6852626685262668,26,0.6164383561643836,0.6164383561643836,0.6384615384615385,584
V2-J,protocol_a_rollv2_cv3,C0p3-sample0p35-cap3000,2,2026,V2H-local-real,True,real_eeg,0.3,0.35,3000,True,raw,0.6068454635642136,0.605826812076812,0.3278618174015664,26,0.6352739726027398,0.6352739726027398,0.628180846930847,584
V2-J,protocol_a_rollv2_cv3,C0p3-sample0p35-cap3000,2,2026,V2H-local-real,True,real_eeg,0.3,0.35,3000,True,fold_train_zscore,0.6068454635642136,0.605826812076812,0.3278618174015664,26,0.6352739726027398,0.6352739726027398,0.628180846930847,584
V2-J,protocol_a_rollv2_cv3,C0p3-sample0p35-cap3000,2,2026,V2H-local-real,True,real_eeg,0.3,0.35,3000,True,user_train_center,0.6068454635642136,0.605826812076812,0.43106962772234736,26,0.6352739726027398,0.6352739726027398,0.628180846930847,584
V2-J,protocol_a_rollv2_cv3,C0p3-sample0p35-cap3000,2,2026,V2H-local-real,True,real_eeg,0.3,0.35,3000,True,user_train_zscore,0.6068454635642136,0.605826812076812,0.42066301898937875,26,0.6352739726027398,0.6352739726027398,0.628180846930847,584
V2-J,protocol_a_rollv2_cv3,C0p3-sample0p35-cap3000,2,2026,V2H-local-real,True,real_eeg,0.3,0.35,3000,True,user_center_alpha_0p5,0.6068454635642136,0.605826812076812,0.3344777026785395,26,0.6352739726027398,0.6352739726027398,0.628180846930847,584
V2-J,protocol_a_rollv2_cv3,C0p3-sample0p35-cap3000,2,2026,V2H-local-real,True,real_eeg,0.3,0.35,3000,True,user_center_alpha_1p0,0.6068454635642136,0.605826812076812,0.43106962772234736,26,0.6352739726027398,0.6352739726027398,0.628180846930847,584
V2-J,protocol_a_rollv2_cv3,C0p3-sample0p35-cap3000,2,2026,V2H-local-real,True,real_eeg,0.3,0.35,3000,True,user_center_alpha_1p5,0.6068454635642136,0.605826812076812,0.5728283803597611,26,0.6352739726027398,0.6352739726027398,0.628180846930847,584
V2-J,protocol_a_rollv2_cv3,C0p3-sample0p35-cap3000,2,2026,V2H-local-real,True,real_eeg,0.3,0.35,3000,True,user_center_alpha_2p0,0.6068454635642136,0.605826812076812,0.6148839537960876,26,0.6352739726027398,0.6352739726027398,0.628180846930847,584
V2-J,protocol_a_rollv2_cv3,C0p3-sample0p35-cap3000,2,2026,V2H-local-real,True,real_eeg,0.3,0.35,3000,True,user_center_rate_beta_0p5,0.6068454635642136,0.605826812076812,0.4665093158817008,26,0.6352739726027398,0.6352739726027398,0.628180846930847,584
V2-J,protocol_a_rollv2_cv3,C0p3-sample0p35-cap3000,2,2026,V2H-local-real,True,real_eeg,0.3,0.35,3000,True,user_center_rate_beta_1p0,0.6068454635642136,0.605826812076812,0.5024496656295819,26,0.6352739726027398,0.6352739726027398,0.628180846930847,584
V2-J,protocol_a_rollv2_cv3,C0p3-sample0p35-cap3000,2,2026,V2H-local-real,True,real_eeg,0.3,0.35,3000,True,user_center_rate_beta_1p5,0.6068454635642136,0.605826812076812,0.5388906769659908,26,0.6352739726027398,0.6352739726027398,0.628180846930847,584
V2-J,protocol_a_rollv2_cv3,C0p3-sample0p35-cap3000,2,2026,V2H-local-real,True,real_eeg,0.3,0.35,3000,True,user_center_rate_beta_2p0,0.6068454635642136,0.605826812076812,0.5675356721381826,26,0.6352739726027398,0.6352739726027398,0.628180846930847,584
V2-J,protocol_a_rollv2_cv3,C0p3-sample0p35-cap3000,3,2026,V2H-local-H2_E0,False,H2_E0_non_eeg,0.3,0.35,3000,True,raw,0.6229670775999447,0.6338842099258765,0.3323811616494543,24,0.5970873786407767,0.5970873786407767,0.6385796665685727,618
V2-J,protocol_a_rollv2_cv3,C0p3-sample0p35-cap3000,3,2026,V2H-local-H2_E0,False,H2_E0_non_eeg,0.3,0.35,3000,True,fold_train_zscore,0.6229670775999447,0.6338842099258765,0.3323811616494543,24,0.5970873786407767,0.5970873786407767,0.6385796665685727,618
V2-J,protocol_a_rollv2_cv3,C0p3-sample0p35-cap3000,3,2026,V2H-local-H2_E0,False,H2_E0_non_eeg,0.3,0.35,3000,True,user_train_center,0.6229670775999447,0.6338842099258765,0.41020288581264186,24,0.5970873786407767,0.5970873786407767,0.6385796665685727,618
V2-J,protocol_a_rollv2_cv3,C0p3-sample0p35-cap3000,3,2026,V2H-local-H2_E0,False,H2_E0_non_eeg,0.3,0.35,3000,True,user_train_zscore,0.6229670775999447,0.6338842099258765,0.4029883542078664,24,0.5970873786407767,0.5970873786407767,0.6385796665685727,618
V2-J,protocol_a_rollv2_cv3,C0p3-sample0p35-cap3000,3,2026,V2H-local-H2_E0,False,H2_E0_non_eeg,0.3,0.35,3000,True,user_center_alpha_0p5,0.6229670775999447,0.6338842099258765,0.33736175199589835,24,0.5970873786407767,0.5970873786407767,0.6385796665685727,618
V2-J,protocol_a_rollv2_cv3,C0p3-sample0p35-cap3000,3,2026,V2H-local-H2_E0,False,H2_E0_non_eeg,0.3,0.35,3000,True,user_center_alpha_1p0,0.6229670775999447,0.6338842099258765,0.41020288581264186,24,0.5970873786407767,0.5970873786407767,0.6385796665685727,618
V2-J,protocol_a_rollv2_cv3,C0p3-sample0p35-cap3000,3,2026,V2H-local-H2_E0,False,H2_E0_non_eeg,0.3,0.35,3000,True,user_center_alpha_1p5,0.6229670775999447,0.6338842099258765,0.563282794990112,24,0.5970873786407767,0.5970873786407767,0.6385796665685727,618
V2-J,protocol_a_rollv2_cv3,C0p3-sample0p35-cap3000,3,2026,V2H-local-H2_E0,False,H2_E0_non_eeg,0.3,0.35,3000,True,user_center_alpha_2p0,0.6229670775999447,0.6338842099258765,0.6125027466490882,24,0.5970873786407767,0.5970873786407767,0.6385796665685727,618
V2-J,protocol_a_rollv2_cv3,C0p3-sample0p35-cap3000,3,2026,V2H-local-H2_E0,False,H2_E0_non_eeg,0.3,0.35,3000,True,user_center_rate_beta_0p5,0.6229670775999447,0.6338842099258765,0.5178715300666521,24,0.5970873786407767,0.5970873786407767,0.6385796665685727,618
V2-J,protocol_a_rollv2_cv3,C0p3-sample0p35-cap3000,3,2026,V2H-local-H2_E0,False,H2_E0_non_eeg,0.3,0.35,3000,True,user_center_rate_beta_1p0,0.6229670775999447,0.6338842099258765,0.6230132571595987,24,0.5970873786407767,0.5970873786407767,0.6385796665685727,618
V2-J,protocol_a_rollv2_cv3,C0p3-sample0p35-cap3000,3,2026,V2H-local-H2_E0,False,H2_E0_non_eeg,0.3,0.35,3000,True,user_center_rate_beta_1p5,0.6229670775999447,0.6338842099258765,0.6627847359554677,24,0.5970873786407767,0.5970873786407767,0.6385796665685727,618
V2-J,protocol_a_rollv2_cv3,C0p3-sample0p35-cap3000,3,2026,V2H-local-H2_E0,False,H2_E0_non_eeg,0.3,0.35,3000,True,user_center_rate_beta_2p0,0.6229670775999447,0.6338842099258765,0.6772137991650187,24,0.5970873786407767,0.5970873786407767,0.6385796665685727,618
V2-J,protocol_a_rollv2_cv3,C0p3-sample0p35-cap3000,3,2026,V2H-local-zero,False,zero_eeg_control,0.3,0.35,3000,True,raw,0.5790397636551483,0.5991028184778185,0.33384604116311434,24,0.5728155339805825,0.5728155339805825,0.601893419367297,618
V2-J,protocol_a_rollv2_cv3,C0p3-sample0p35-cap3000,3,2026,V2H-local-zero,False,zero_eeg_control,0.3,0.35,3000,True,fold_train_zscore,0.5790397636551483,0.5991028184778185,0.33384604116311434,24,0.5728155339805825,0.5728155339805825,0.601893419367297,618
V2-J,protocol_a_rollv2_cv3,C0p3-sample0p35-cap3000,3,2026,V2H-local-zero,False,zero_eeg_control,0.3,0.35,3000,True,user_train_center,0.5790397636551483,0.5991028184778185,0.40419687980663593,24,0.5728155339805825,0.5728155339805825,0.601893419367297,618
V2-J,protocol_a_rollv2_cv3,C0p3-sample0p35-cap3000,3,2026,V2H-local-zero,False,zero_eeg_control,0.3,0.35,3000,True,user_train_zscore,0.5790397636551483,0.5991028184778185,0.3970555921775434,24,0.5728155339805825,0.5728155339805825,0.601893419367297,618
V2-J,protocol_a_rollv2_cv3,C0p3-sample0p35-cap3000,3,2026,V2H-local-zero,False,zero_eeg_control,0.3,0.35,3000,True,user_center_alpha_0p5,0.5790397636551483,0.5991028184778185,0.33893649747308285,24,0.5728155339805825,0.5728155339805825,0.601893419367297,618
V2-J,protocol_a_rollv2_cv3,C0p3-sample0p35-cap3000,3,2026,V2H-local-zero,False,zero_eeg_control,0.3,0.35,3000,True,user_center_alpha_1p0,0.5790397636551483,0.5991028184778185,0.40419687980663593,24,0.5728155339805825,0.5728155339805825,0.601893419367297,618
V2-J,protocol_a_rollv2_cv3,C0p3-sample0p35-cap3000,3,2026,V2H-local-zero,False,zero_eeg_control,0.3,0.35,3000,True,user_center_alpha_1p5,0.5790397636551483,0.5991028184778185,0.5606093898776825,24,0.5728155339805825,0.5728155339805825,0.601893419367297,618
V2-J,protocol_a_rollv2_cv3,C0p3-sample0p35-cap3000,3,2026,V2H-local-zero,False,zero_eeg_control,0.3,0.35,3000,True,user_center_alpha_2p0,0.5790397636551483,0.5991028184778185,0.6111843550867941,24,0.5728155339805825,0.5728155339805825,0.601893419367297,618
V2-J,protocol_a_rollv2_cv3,C0p3-sample0p35-cap3000,3,2026,V2H-local-zero,False,zero_eeg_control,0.3,0.35,3000,True,user_center_rate_beta_0p5,0.5790397636551483,0.5991028184778185,0.5249761957079031,24,0.5728155339805825,0.5728155339805825,0.601893419367297,618
V2-J,protocol_a_rollv2_cv3,C0p3-sample0p35-cap3000,3,2026,V2H-local-zero,False,zero_eeg_control,0.3,0.35,3000,True,user_center_rate_beta_1p0,0.5790397636551483,0.5991028184778185,0.6322786200834981,24,0.5728155339805825,0.5728155339805825,0.601893419367297,618
V2-J,protocol_a_rollv2_cv3,C0p3-sample0p35-cap3000,3,2026,V2H-local-zero,False,zero_eeg_control,0.3,0.35,3000,True,user_center_rate_beta_1p5,0.5790397636551483,0.5991028184778185,0.6701823774994506,24,0.5728155339805825,0.5728155339805825,0.601893419367297,618
V2-J,protocol_a_rollv2_cv3,C0p3-sample0p35-cap3000,3,2026,V2H-local-zero,False,zero_eeg_control,0.3,0.35,3000,True,user_center_rate_beta_2p0,0.5790397636551483,0.5991028184778185,0.6854171244415148,24,0.5728155339805825,0.5728155339805825,0.601893419367297,618
V2-J,protocol_a_rollv2_cv3,C0p3-sample0p35-cap3000,3,2026,V2H-local-shuffle,False,shuffle_eeg_control,0.3,0.35,3000,True,raw,0.6137238150350038,0.62022362668196,0.36116604409287334,24,0.6245954692556634,0.6245954692556634,0.623670957734264,618
V2-J,protocol_a_rollv2_cv3,C0p3-sample0p35-cap3000,3,2026,V2H-local-shuffle,False,shuffle_eeg_control,0.3,0.35,3000,True,fold_train_zscore,0.6137238150350038,0.62022362668196,0.36116604409287334,24,0.6245954692556634,0.6245954692556634,0.623670957734264,618
V2-J,protocol_a_rollv2_cv3,C0p3-sample0p35-cap3000,3,2026,V2H-local-shuffle,False,shuffle_eeg_control,0.3,0.35,3000,True,user_train_center,0.6137238150350038,0.62022362668196,0.3423057203545008,24,0.6245954692556634,0.6245954692556634,0.623670957734264,618
V2-J,protocol_a_rollv2_cv3,C0p3-sample0p35-cap3000,3,2026,V2H-local-shuffle,False,shuffle_eeg_control,0.3,0.35,3000,True,user_train_zscore,0.6137238150350038,0.62022362668196,0.3471764447374203,24,0.6245954692556634,0.6245954692556634,0.623670957734264,618
V2-J,protocol_a_rollv2_cv3,C0p3-sample0p35-cap3000,3,2026,V2H-local-shuffle,False,shuffle_eeg_control,0.3,0.35,3000,True,user_center_alpha_0p5,0.6137238150350038,0.62022362668196,0.33889987548524136,24,0.6245954692556634,0.6245954692556634,0.623670957734264,618
V2-J,protocol_a_rollv2_cv3,C0p3-sample0p35-cap3000,3,2026,V2H-local-shuffle,False,shuffle_eeg_control,0.3,0.35,3000,True,user_center_alpha_1p0,0.6137238150350038,0.62022362668196,0.3423057203545008,24,0.6245954692556634,0.6245954692556634,0.623670957734264,618
V2-J,protocol_a_rollv2_cv3,C0p3-sample0p35-cap3000,3,2026,V2H-local-shuffle,False,shuffle_eeg_control,0.3,0.35,3000,True,user_center_alpha_1p5,0.6137238150350038,0.62022362668196,0.498901340364755,24,0.6245954692556634,0.6245954692556634,0.623670957734264,618
V2-J,protocol_a_rollv2_cv3,C0p3-sample0p35-cap3000,3,2026,V2H-local-shuffle,False,shuffle_eeg_control,0.3,0.35,3000,True,user_center_alpha_2p0,0.6137238150350038,0.62022362668196,0.541529334212261,24,0.6245954692556634,0.6245954692556634,0.623670957734264,618
V2-J,protocol_a_rollv2_cv3,C0p3-sample0p35-cap3000,3,2026,V2H-local-shuffle,False,shuffle_eeg_control,0.3,0.35,3000,True,user_center_rate_beta_0p5,0.6137238150350038,0.62022362668196,0.40163334065773093,24,0.6245954692556634,0.6245954692556634,0.623670957734264,618
V2-J,protocol_a_rollv2_cv3,C0p3-sample0p35-cap3000,3,2026,V2H-local-shuffle,False,shuffle_eeg_control,0.3,0.35,3000,True,user_center_rate_beta_1p0,0.6137238150350038,0.62022362668196,0.472972972972973,24,0.6245954692556634,0.6245954692556634,0.623670957734264,618
V2-J,protocol_a_rollv2_cv3,C0p3-sample0p35-cap3000,3,2026,V2H-local-shuffle,False,shuffle_eeg_control,0.3,0.35,3000,True,user_center_rate_beta_1p5,0.6137238150350038,0.62022362668196,0.5338020947777045,24,0.6245954692556634,0.6245954692556634,0.623670957734264,618
V2-J,protocol_a_rollv2_cv3,C0p3-sample0p35-cap3000,3,2026,V2H-local-shuffle,False,shuffle_eeg_control,0.3,0.35,3000,True,user_center_rate_beta_2p0,0.6137238150350038,0.62022362668196,0.5770160404306746,24,0.6245954692556634,0.6245954692556634,0.623670957734264,618
V2-J,protocol_a_rollv2_cv3,C0p3-sample0p35-cap3000,3,2026,V2H-local-real,True,real_eeg,0.3,0.35,3000,True,raw,0.6761234297947585,0.6767448716407051,0.3738372518860324,24,0.6650485436893204,0.6650485436893204,0.6713349040474298,618
V2-J,protocol_a_rollv2_cv3,C0p3-sample0p35-cap3000,3,2026,V2H-local-real,True,real_eeg,0.3,0.35,3000,True,fold_train_zscore,0.6761234297947585,0.6767448716407051,0.3738372518860324,24,0.6650485436893204,0.6650485436893204,0.6713349040474298,618
V2-J,protocol_a_rollv2_cv3,C0p3-sample0p35-cap3000,3,2026,V2H-local-real,True,real_eeg,0.3,0.35,3000,True,user_train_center,0.6761234297947585,0.6767448716407051,0.4151468541712444,24,0.6650485436893204,0.6650485436893204,0.6713349040474298,618
V2-J,protocol_a_rollv2_cv3,C0p3-sample0p35-cap3000,3,2026,V2H-local-real,True,real_eeg,0.3,0.35,3000,True,user_train_zscore,0.6761234297947585,0.6767448716407051,0.4129495349007544,24,0.6650485436893204,0.6650485436893204,0.6713349040474298,618
V2-J,protocol_a_rollv2_cv3,C0p3-sample0p35-cap3000,3,2026,V2H-local-real,True,real_eeg,0.3,0.35,3000,True,user_center_alpha_0p5,0.6761234297947585,0.6767448716407051,0.3705046509924559,24,0.6650485436893204,0.6650485436893204,0.6713349040474298,618
V2-J,protocol_a_rollv2_cv3,C0p3-sample0p35-cap3000,3,2026,V2H-local-real,True,real_eeg,0.3,0.35,3000,True,user_center_alpha_1p0,0.6761234297947585,0.6767448716407051,0.4151468541712444,24,0.6650485436893204,0.6650485436893204,0.6713349040474298,618
V2-J,protocol_a_rollv2_cv3,C0p3-sample0p35-cap3000,3,2026,V2H-local-real,True,real_eeg,0.3,0.35,3000,True,user_center_alpha_1p5,0.6761234297947585,0.6767448716407051,0.5268439170878195,24,0.6650485436893204,0.6650485436893204,0.6713349040474298,618
V2-J,protocol_a_rollv2_cv3,C0p3-sample0p35-cap3000,3,2026,V2H-local-real,True,real_eeg,0.3,0.35,3000,True,user_center_alpha_2p0,0.6761234297947585,0.6767448716407051,0.5664689079323226,24,0.6650485436893204,0.6650485436893204,0.6713349040474298,618
V2-J,protocol_a_rollv2_cv3,C0p3-sample0p35-cap3000,3,2026,V2H-local-real,True,real_eeg,0.3,0.35,3000,True,user_center_rate_beta_0p5,0.6761234297947585,0.6767448716407051,0.45616348055372447,24,0.6650485436893204,0.6650485436893204,0.6713349040474298,618
V2-J,protocol_a_rollv2_cv3,C0p3-sample0p35-cap3000,3,2026,V2H-local-real,True,real_eeg,0.3,0.35,3000,True,user_center_rate_beta_1p0,0.6761234297947585,0.6767448716407051,0.503588954808467,24,0.6650485436893204,0.6650485436893204,0.6713349040474298,618
V2-J,protocol_a_rollv2_cv3,C0p3-sample0p35-cap3000,3,2026,V2H-local-real,True,real_eeg,0.3,0.35,3000,True,user_center_rate_beta_1p5,0.6761234297947585,0.6767448716407051,0.5454478869113015,24,0.6650485436893204,0.6650485436893204,0.6713349040474298,618
V2-J,protocol_a_rollv2_cv3,C0p3-sample0p35-cap3000,3,2026,V2H-local-real,True,real_eeg,0.3,0.35,3000,True,user_center_rate_beta_2p0,0.6761234297947585,0.6767448716407051,0.5799457994579946,24,0.6650485436893204,0.6650485436893204,0.6713349040474298,618
V2-J,protocol_a_rollv2_cv3,C0p3-sample0p35-cap3000,1,2027,V2H-local-H2_E0,False,H2_E0_non_eeg,0.3,0.35,3000,True,raw,0.6287520191251535,0.6290095255273828,0.4165914612981603,28,0.6555183946488294,0.6555183946488294,0.6477837176051462,598
V2-J,protocol_a_rollv2_cv3,C0p3-sample0p35-cap3000,1,2027,V2H-local-H2_E0,False,H2_E0_non_eeg,0.3,0.35,3000,True,fold_train_zscore,0.6287520191251535,0.6290095255273828,0.4165914612981603,28,0.6555183946488294,0.6555183946488294,0.6477837176051462,598
V2-J,protocol_a_rollv2_cv3,C0p3-sample0p35-cap3000,1,2027,V2H-local-H2_E0,False,H2_E0_non_eeg,0.3,0.35,3000,True,user_train_center,0.6287520191251535,0.6290095255273828,0.5346407497396737,28,0.6555183946488294,0.6555183946488294,0.6477837176051462,598
V2-J,protocol_a_rollv2_cv3,C0p3-sample0p35-cap3000,1,2027,V2H-local-H2_E0,False,H2_E0_non_eeg,0.3,0.35,3000,True,user_train_zscore,0.6287520191251535,0.6290095255273828,0.5390836515098925,28,0.6555183946488294,0.6555183946488294,0.6477837176051462,598
V2-J,protocol_a_rollv2_cv3,C0p3-sample0p35-cap3000,1,2027,V2H-local-H2_E0,False,H2_E0_non_eeg,0.3,0.35,3000,True,user_center_alpha_0p5,0.6287520191251535,0.6290095255273828,0.4400208261020479,28,0.6555183946488294,0.6555183946488294,0.6477837176051462,598
V2-J,protocol_a_rollv2_cv3,C0p3-sample0p35-cap3000,1,2027,V2H-local-H2_E0,False,H2_E0_non_eeg,0.3,0.35,3000,True,user_center_alpha_1p0,0.6287520191251535,0.6290095255273828,0.5346407497396737,28,0.6555183946488294,0.6555183946488294,0.6477837176051462,598
V2-J,protocol_a_rollv2_cv3,C0p3-sample0p35-cap3000,1,2027,V2H-local-H2_E0,False,H2_E0_non_eeg,0.3,0.35,3000,True,user_center_alpha_1p5,0.6287520191251535,0.6290095255273828,0.6063172509545297,28,0.6555183946488294,0.6555183946488294,0.6477837176051462,598
V2-J,protocol_a_rollv2_cv3,C0p3-sample0p35-cap3000,1,2027,V2H-local-H2_E0,False,H2_E0_non_eeg,0.3,0.35,3000,True,user_center_alpha_2p0,0.6287520191251535,0.6290095255273828,0.6229781325928497,28,0.6555183946488294,0.6555183946488294,0.6477837176051462,598
V2-J,protocol_a_rollv2_cv3,C0p3-sample0p35-cap3000,1,2027,V2H-local-H2_E0,False,H2_E0_non_eeg,0.3,0.35,3000,True,user_center_rate_beta_0p5,0.6287520191251535,0.6290095255273828,0.6055536272127734,28,0.6555183946488294,0.6555183946488294,0.6477837176051462,598
V2-J,protocol_a_rollv2_cv3,C0p3-sample0p35-cap3000,1,2027,V2H-local-H2_E0,False,H2_E0_non_eeg,0.3,0.35,3000,True,user_center_rate_beta_1p0,0.6287520191251535,0.6290095255273828,0.6581048247136412,28,0.6555183946488294,0.6555183946488294,0.6477837176051462,598
V2-J,protocol_a_rollv2_cv3,C0p3-sample0p35-cap3000,1,2027,V2H-local-H2_E0,False,H2_E0_non_eeg,0.3,0.35,3000,True,user_center_rate_beta_1p5,0.6287520191251535,0.6290095255273828,0.6779590419993058,28,0.6555183946488294,0.6555183946488294,0.6477837176051462,598
V2-J,protocol_a_rollv2_cv3,C0p3-sample0p35-cap3000,1,2027,V2H-local-H2_E0,False,H2_E0_non_eeg,0.3,0.35,3000,True,user_center_rate_beta_2p0,0.6287520191251535,0.6290095255273828,0.6794515793127386,28,0.6555183946488294,0.6555183946488294,0.6477837176051462,598
V2-J,protocol_a_rollv2_cv3,C0p3-sample0p35-cap3000,1,2027,V2H-local-zero,False,zero_eeg_control,0.3,0.35,3000,True,raw,0.6017191100773189,0.5971356421356422,0.4208608122179799,28,0.6438127090301003,0.6438127090301003,0.6195013518227804,598
V2-J,protocol_a_rollv2_cv3,C0p3-sample0p35-cap3000,1,2027,V2H-local-zero,False,zero_eeg_control,0.3,0.35,3000,True,fold_train_zscore,0.6017191100773189,0.5971356421356422,0.4208608122179799,28,0.6438127090301003,0.6438127090301003,0.6195013518227804,598
V2-J,protocol_a_rollv2_cv3,C0p3-sample0p35-cap3000,1,2027,V2H-local-zero,False,zero_eeg_control,0.3,0.35,3000,True,user_train_center,0.6017191100773189,0.5971356421356422,0.5383547379382159,28,0.6438127090301003,0.6438127090301003,0.6195013518227804,598
V2-J,protocol_a_rollv2_cv3,C0p3-sample0p35-cap3000,1,2027,V2H-local-zero,False,zero_eeg_control,0.3,0.35,3000,True,user_train_zscore,0.6017191100773189,0.5971356421356422,0.5403332176327664,28,0.6438127090301003,0.6438127090301003,0.6195013518227804,598
V2-J,protocol_a_rollv2_cv3,C0p3-sample0p35-cap3000,1,2027,V2H-local-zero,False,zero_eeg_control,0.3,0.35,3000,True,user_center_alpha_0p5,0.6017191100773189,0.5971356421356422,0.44890662964248523,28,0.6438127090301003,0.6438127090301003,0.6195013518227804,598
V2-J,protocol_a_rollv2_cv3,C0p3-sample0p35-cap3000,1,2027,V2H-local-zero,False,zero_eeg_control,0.3,0.35,3000,True,user_center_alpha_1p0,0.6017191100773189,0.5971356421356422,0.5383547379382159,28,0.6438127090301003,0.6438127090301003,0.6195013518227804,598
V2-J,protocol_a_rollv2_cv3,C0p3-sample0p35-cap3000,1,2027,V2H-local-zero,False,zero_eeg_control,0.3,0.35,3000,True,user_center_alpha_1p5,0.6017191100773189,0.5971356421356422,0.5960777507809788,28,0.6438127090301003,0.6438127090301003,0.6195013518227804,598
V2-J,protocol_a_rollv2_cv3,C0p3-sample0p35-cap3000,1,2027,V2H-local-zero,False,zero_eeg_control,0.3,0.35,3000,True,user_center_alpha_2p0,0.6017191100773189,0.5971356421356422,0.6102742103436308,28,0.6438127090301003,0.6438127090301003,0.6195013518227804,598
V2-J,protocol_a_rollv2_cv3,C0p3-sample0p35-cap3000,1,2027,V2H-local-zero,False,zero_eeg_control,0.3,0.35,3000,True,user_center_rate_beta_0p5,0.6017191100773189,0.5971356421356422,0.610204790003471,28,0.6438127090301003,0.6438127090301003,0.6195013518227804,598
V2-J,protocol_a_rollv2_cv3,C0p3-sample0p35-cap3000,1,2027,V2H-local-zero,False,zero_eeg_control,0.3,0.35,3000,True,user_center_rate_beta_1p0,0.6017191100773189,0.5971356421356422,0.663519611246095,28,0.6438127090301003,0.6438127090301003,0.6195013518227804,598
V2-J,protocol_a_rollv2_cv3,C0p3-sample0p35-cap3000,1,2027,V2H-local-zero,False,zero_eeg_control,0.3,0.35,3000,True,user_center_rate_beta_1p5,0.6017191100773189,0.5971356421356422,0.6862200624783061,28,0.6438127090301003,0.6438127090301003,0.6195013518227804,598
V2-J,protocol_a_rollv2_cv3,C0p3-sample0p35-cap3000,1,2027,V2H-local-zero,False,zero_eeg_control,0.3,0.35,3000,True,user_center_rate_beta_2p0,0.6017191100773189,0.5971356421356422,0.68538701839639,28,0.6438127090301003,0.6438127090301003,0.6195013518227804,598
V2-J,protocol_a_rollv2_cv3,C0p3-sample0p35-cap3000,1,2027,V2H-local-shuffle,False,shuffle_eeg_control,0.3,0.35,3000,True,raw,0.6534999246193276,0.6545109900020615,0.410621312044429,28,0.6488294314381271,0.6488294314381271,0.6671642246642246,598
V2-J,protocol_a_rollv2_cv3,C0p3-sample0p35-cap3000,1,2027,V2H-local-shuffle,False,shuffle_eeg_control,0.3,0.35,3000,True,fold_train_zscore,0.6534999246193276,0.6545109900020615,0.410621312044429,28,0.6488294314381271,0.6488294314381271,0.6671642246642246,598
V2-J,protocol_a_rollv2_cv3,C0p3-sample0p35-cap3000,1,2027,V2H-local-shuffle,False,shuffle_eeg_control,0.3,0.35,3000,True,user_train_center,0.6534999246193276,0.6545109900020615,0.5096841374522736,28,0.6488294314381271,0.6488294314381271,0.6671642246642246,598
V2-J,protocol_a_rollv2_cv3,C0p3-sample0p35-cap3000,1,2027,V2H-local-shuffle,False,shuffle_eeg_control,0.3,0.35,3000,True,user_train_zscore,0.6534999246193276,0.6545109900020615,0.5139534883720931,28,0.6488294314381271,0.6488294314381271,0.6671642246642246,598
V2-J,protocol_a_rollv2_cv3,C0p3-sample0p35-cap3000,1,2027,V2H-local-shuffle,False,shuffle_eeg_control,0.3,0.35,3000,True,user_center_alpha_0p5,0.6534999246193276,0.6545109900020615,0.4236029156542867,28,0.6488294314381271,0.6488294314381271,0.6671642246642246,598
V2-J,protocol_a_rollv2_cv3,C0p3-sample0p35-cap3000,1,2027,V2H-local-shuffle,False,shuffle_eeg_control,0.3,0.35,3000,True,user_center_alpha_1p0,0.6534999246193276,0.6545109900020615,0.5096841374522736,28,0.6488294314381271,0.6488294314381271,0.6671642246642246,598
V2-J,protocol_a_rollv2_cv3,C0p3-sample0p35-cap3000,1,2027,V2H-local-shuffle,False,shuffle_eeg_control,0.3,0.35,3000,True,user_center_alpha_1p5,0.6534999246193276,0.6545109900020615,0.5906976744186047,28,0.6488294314381271,0.6488294314381271,0.6671642246642246,598
V2-J,protocol_a_rollv2_cv3,C0p3-sample0p35-cap3000,1,2027,V2H-local-shuffle,False,shuffle_eeg_control,0.3,0.35,3000,True,user_center_alpha_2p0,0.6534999246193276,0.6545109900020615,0.5967719541825756,28,0.6488294314381271,0.6488294314381271,0.6671642246642246,598
V2-J,protocol_a_rollv2_cv3,C0p3-sample0p35-cap3000,1,2027,V2H-local-shuffle,False,shuffle_eeg_control,0.3,0.35,3000,True,user_center_rate_beta_0p5,0.6534999246193276,0.6545109900020615,0.5790003471017009,28,0.6488294314381271,0.6488294314381271,0.6671642246642246,598
V2-J,protocol_a_rollv2_cv3,C0p3-sample0p35-cap3000,1,2027,V2H-local-shuffle,False,shuffle_eeg_control,0.3,0.35,3000,True,user_center_rate_beta_1p0,0.6534999246193276,0.6545109900020615,0.6300242971190558,28,0.6488294314381271,0.6488294314381271,0.6671642246642246,598
V2-J,protocol_a_rollv2_cv3,C0p3-sample0p35-cap3000,1,2027,V2H-local-shuffle,False,shuffle_eeg_control,0.3,0.35,3000,True,user_center_rate_beta_1p5,0.6534999246193276,0.6545109900020615,0.6620270739326622,28,0.6488294314381271,0.6488294314381271,0.6671642246642246,598
V2-J,protocol_a_rollv2_cv3,C0p3-sample0p35-cap3000,1,2027,V2H-local-shuffle,False,shuffle_eeg_control,0.3,0.35,3000,True,user_center_rate_beta_2p0,0.6534999246193276,0.6545109900020615,0.6703922249219021,28,0.6488294314381271,0.6488294314381271,0.6671642246642246,598
V2-J,protocol_a_rollv2_cv3,C0p3-sample0p35-cap3000,1,2027,V2H-local-real,True,real_eeg,0.3,0.35,3000,True,raw,0.7307001787598801,0.7307081658420944,0.43134328358208956,28,0.7307692307692307,0.7307692307692307,0.746295093795094,598
V2-J,protocol_a_rollv2_cv3,C0p3-sample0p35-cap3000,1,2027,V2H-local-real,True,real_eeg,0.3,0.35,3000,True,fold_train_zscore,0.7307001787598801,0.7307081658420944,0.43134328358208956,28,0.7307692307692307,0.7307692307692307,0.746295093795094,598
V2-J,protocol_a_rollv2_cv3,C0p3-sample0p35-cap3000,1,2027,V2H-local-real,True,real_eeg,0.3,0.35,3000,True,user_train_center,0.7307001787598801,0.7307081658420944,0.5223880597014925,28,0.7307692307692307,0.7307692307692307,0.746295093795094,598
V2-J,protocol_a_rollv2_cv3,C0p3-sample0p35-cap3000,1,2027,V2H-local-real,True,real_eeg,0.3,0.35,3000,True,user_train_zscore,0.7307001787598801,0.7307081658420944,0.5203401596667823,28,0.7307692307692307,0.7307692307692307,0.746295093795094,598
V2-J,protocol_a_rollv2_cv3,C0p3-sample0p35-cap3000,1,2027,V2H-local-real,True,real_eeg,0.3,0.35,3000,True,user_center_alpha_0p5,0.7307001787598801,0.7307081658420944,0.4349878514404721,28,0.7307692307692307,0.7307692307692307,0.746295093795094,598
V2-J,protocol_a_rollv2_cv3,C0p3-sample0p35-cap3000,1,2027,V2H-local-real,True,real_eeg,0.3,0.35,3000,True,user_center_alpha_1p0,0.7307001787598801,0.7307081658420944,0.5223880597014925,28,0.7307692307692307,0.7307692307692307,0.746295093795094,598
V2-J,protocol_a_rollv2_cv3,C0p3-sample0p35-cap3000,1,2027,V2H-local-real,True,real_eeg,0.3,0.35,3000,True,user_center_alpha_1p5,0.7307001787598801,0.7307081658420944,0.5762929538354737,28,0.7307692307692307,0.7307692307692307,0.746295093795094,598
V2-J,protocol_a_rollv2_cv3,C0p3-sample0p35-cap3000,1,2027,V2H-local-real,True,real_eeg,0.3,0.35,3000,True,user_center_alpha_2p0,0.7307001787598801,0.7307081658420944,0.5819507115584868,28,0.7307692307692307,0.7307692307692307,0.746295093795094,598
V2-J,protocol_a_rollv2_cv3,C0p3-sample0p35-cap3000,1,2027,V2H-local-real,True,real_eeg,0.3,0.35,3000,True,user_center_rate_beta_0p5,0.7307001787598801,0.7307081658420944,0.5507115584866366,28,0.7307692307692307,0.7307692307692307,0.746295093795094,598
V2-J,protocol_a_rollv2_cv3,C0p3-sample0p35-cap3000,1,2027,V2H-local-real,True,real_eeg,0.3,0.35,3000,True,user_center_rate_beta_1p0,0.7307001787598801,0.7307081658420944,0.5751475182228394,28,0.7307692307692307,0.7307692307692307,0.746295093795094,598
V2-J,protocol_a_rollv2_cv3,C0p3-sample0p35-cap3000,1,2027,V2H-local-real,True,real_eeg,0.3,0.35,3000,True,user_center_rate_beta_1p5,0.7307001787598801,0.7307081658420944,0.5923637625824366,28,0.7307692307692307,0.7307692307692307,0.746295093795094,598
V2-J,protocol_a_rollv2_cv3,C0p3-sample0p35-cap3000,1,2027,V2H-local-real,True,real_eeg,0.3,0.35,3000,True,user_center_rate_beta_2p0,0.7307001787598801,0.7307081658420944,0.6073238458868448,28,0.7307692307692307,0.7307692307692307,0.746295093795094,598
V2-J,protocol_a_rollv2_cv3,C0p3-sample0p35-cap3000,2,2027,V2H-local-H2_E0,False,H2_E0_non_eeg,0.3,0.35,3000,True,raw,0.5619627074314575,0.5573845136345137,0.37385116046203914,26,0.5736301369863014,0.5736301369863014,0.5621373996373996,584
V2-J,protocol_a_rollv2_cv3,C0p3-sample0p35-cap3000,2,2027,V2H-local-H2_E0,False,H2_E0_non_eeg,0.3,0.35,3000,True,fold_train_zscore,0.5619627074314575,0.5573845136345137,0.37385116046203914,26,0.5736301369863014,0.5736301369863014,0.5621373996373996,584
V2-J,protocol_a_rollv2_cv3,C0p3-sample0p35-cap3000,2,2027,V2H-local-H2_E0,False,H2_E0_non_eeg,0.3,0.35,3000,True,user_train_center,0.5619627074314575,0.5573845136345137,0.43804312841969745,26,0.5736301369863014,0.5736301369863014,0.5621373996373996,584
V2-J,protocol_a_rollv2_cv3,C0p3-sample0p35-cap3000,2,2027,V2H-local-H2_E0,False,H2_E0_non_eeg,0.3,0.35,3000,True,user_train_zscore,0.5619627074314575,0.5573845136345137,0.43035439688159355,26,0.5736301369863014,0.5736301369863014,0.5621373996373996,584
V2-J,protocol_a_rollv2_cv3,C0p3-sample0p35-cap3000,2,2027,V2H-local-H2_E0,False,H2_E0_non_eeg,0.3,0.35,3000,True,user_center_alpha_0p5,0.5619627074314575,0.5573845136345137,0.37846439938490145,26,0.5736301369863014,0.5736301369863014,0.5621373996373996,584
V2-J,protocol_a_rollv2_cv3,C0p3-sample0p35-cap3000,2,2027,V2H-local-H2_E0,False,H2_E0_non_eeg,0.3,0.35,3000,True,user_center_alpha_1p0,0.5619627074314575,0.5573845136345137,0.43804312841969745,26,0.5736301369863014,0.5736301369863014,0.5621373996373996,584
V2-J,protocol_a_rollv2_cv3,C0p3-sample0p35-cap3000,2,2027,V2H-local-H2_E0,False,H2_E0_non_eeg,0.3,0.35,3000,True,user_center_alpha_1p5,0.5619627074314575,0.5573845136345137,0.5554125093874048,26,0.5736301369863014,0.5736301369863014,0.5621373996373996,584
V2-J,protocol_a_rollv2_cv3,C0p3-sample0p35-cap3000,2,2027,V2H-local-H2_E0,False,H2_E0_non_eeg,0.3,0.35,3000,True,user_center_alpha_2p0,0.5619627074314575,0.5573845136345137,0.5893144512391374,26,0.5736301369863014,0.5736301369863014,0.5621373996373996,584
V2-J,protocol_a_rollv2_cv3,C0p3-sample0p35-cap3000,2,2027,V2H-local-H2_E0,False,H2_E0_non_eeg,0.3,0.35,3000,True,user_center_rate_beta_0p5,0.5619627074314575,0.5573845136345137,0.5516933090154847,26,0.5736301369863014,0.5736301369863014,0.5621373996373996,584
V2-J,protocol_a_rollv2_cv3,C0p3-sample0p35-cap3000,2,2027,V2H-local-H2_E0,False,H2_E0_non_eeg,0.3,0.35,3000,True,user_center_rate_beta_1p0,0.5619627074314575,0.5573845136345137,0.6441011336408826,26,0.5736301369863014,0.5736301369863014,0.5621373996373996,584
V2-J,protocol_a_rollv2_cv3,C0p3-sample0p35-cap3000,2,2027,V2H-local-H2_E0,False,H2_E0_non_eeg,0.3,0.35,3000,True,user_center_rate_beta_1p5,0.5619627074314575,0.5573845136345137,0.6817222758645353,26,0.5736301369863014,0.5736301369863014,0.5621373996373996,584
V2-J,protocol_a_rollv2_cv3,C0p3-sample0p35-cap3000,2,2027,V2H-local-H2_E0,False,H2_E0_non_eeg,0.3,0.35,3000,True,user_center_rate_beta_2p0,0.5619627074314575,0.5573845136345137,0.6978149697814969,26,0.5736301369863014,0.5736301369863014,0.5621373996373996,584
V2-J,protocol_a_rollv2_cv3,C0p3-sample0p35-cap3000,2,2027,V2H-local-zero,False,zero_eeg_control,0.3,0.35,3000,True,raw,0.5456742649711399,0.5423611111111112,0.3790008225154669,26,0.5582191780821918,0.5582191780821918,0.5499375624375624,584
V2-J,protocol_a_rollv2_cv3,C0p3-sample0p35-cap3000,2,2027,V2H-local-zero,False,zero_eeg_control,0.3,0.35,3000,True,fold_train_zscore,0.5456742649711399,0.5423611111111112,0.3790008225154669,26,0.5582191780821918,0.5582191780821918,0.5499375624375624,584
V2-J,protocol_a_rollv2_cv3,C0p3-sample0p35-cap3000,2,2027,V2H-local-zero,False,zero_eeg_control,0.3,0.35,3000,True,user_train_center,0.5456742649711399,0.5423611111111112,0.4341451203375889,26,0.5582191780821918,0.5582191780821918,0.5499375624375624,584
V2-J,protocol_a_rollv2_cv3,C0p3-sample0p35-cap3000,2,2027,V2H-local-zero,False,zero_eeg_control,0.3,0.35,3000,True,user_train_zscore,0.5456742649711399,0.5423611111111112,0.42574115795873124,26,0.5582191780821918,0.5582191780821918,0.5499375624375624,584
V2-J,protocol_a_rollv2_cv3,C0p3-sample0p35-cap3000,2,2027,V2H-local-zero,False,zero_eeg_control,0.3,0.35,3000,True,user_center_alpha_0p5,0.5456742649711399,0.5423611111111112,0.3824696920931231,26,0.5582191780821918,0.5582191780821918,0.5499375624375624,584
V2-J,protocol_a_rollv2_cv3,C0p3-sample0p35-cap3000,2,2027,V2H-local-zero,False,zero_eeg_control,0.3,0.35,3000,True,user_center_alpha_1p0,0.5456742649711399,0.5423611111111112,0.4341451203375889,26,0.5582191780821918,0.5582191780821918,0.5499375624375624,584
V2-J,protocol_a_rollv2_cv3,C0p3-sample0p35-cap3000,2,2027,V2H-local-zero,False,zero_eeg_control,0.3,0.35,3000,True,user_center_alpha_1p5,0.5456742649711399,0.5423611111111112,0.5330257840718092,26,0.5582191780821918,0.5582191780821918,0.5499375624375624,584
V2-J,protocol_a_rollv2_cv3,C0p3-sample0p35-cap3000,2,2027,V2H-local-zero,False,zero_eeg_control,0.3,0.35,3000,True,user_center_alpha_2p0,0.5456742649711399,0.5423611111111112,0.5746522190036835,26,0.5582191780821918,0.5582191780821918,0.5499375624375624,584
V2-J,protocol_a_rollv2_cv3,C0p3-sample0p35-cap3000,2,2027,V2H-local-zero,False,zero_eeg_control,0.3,0.35,3000,True,user_center_rate_beta_0p5,0.5456742649711399,0.5423611111111112,0.5398204770589707,26,0.5582191780821918,0.5582191780821918,0.5499375624375624,584
V2-J,protocol_a_rollv2_cv3,C0p3-sample0p35-cap3000,2,2027,V2H-local-zero,False,zero_eeg_control,0.3,0.35,3000,True,user_center_rate_beta_1p0,0.5456742649711399,0.5423611111111112,0.6302971784143333,26,0.5582191780821918,0.5582191780821918,0.5499375624375624,584
V2-J,protocol_a_rollv2_cv3,C0p3-sample0p35-cap3000,2,2027,V2H-local-zero,False,zero_eeg_control,0.3,0.35,3000,True,user_center_rate_beta_1p5,0.5456742649711399,0.5423611111111112,0.6716017594678682,26,0.5582191780821918,0.5582191780821918,0.5499375624375624,584
V2-J,protocol_a_rollv2_cv3,C0p3-sample0p35-cap3000,2,2027,V2H-local-zero,False,zero_eeg_control,0.3,0.35,3000,True,user_center_rate_beta_2p0,0.5456742649711399,0.5423611111111112,0.688838822730036,26,0.5582191780821918,0.5582191780821918,0.5499375624375624,584
V2-J,protocol_a_rollv2_cv3,C0p3-sample0p35-cap3000,2,2027,V2H-local-shuffle,False,shuffle_eeg_control,0.3,0.35,3000,True,raw,0.6074147727272727,0.6029717504717503,0.32671744805636016,26,0.6164383561643836,0.6164383561643836,0.6296141358641358,584
V2-J,protocol_a_rollv2_cv3,C0p3-sample0p35-cap3000,2,2027,V2H-local-shuffle,False,shuffle_eeg_control,0.3,0.35,3000,True,fold_train_zscore,0.6074147727272727,0.6029717504717503,0.32671744805636016,26,0.6164383561643836,0.6164383561643836,0.6296141358641358,584
V2-J,protocol_a_rollv2_cv3,C0p3-sample0p35-cap3000,2,2027,V2H-local-shuffle,False,shuffle_eeg_control,0.3,0.35,3000,True,user_train_center,0.6074147727272727,0.6029717504717503,0.411794156564031,26,0.6164383561643836,0.6164383561643836,0.6296141358641358,584
V2-J,protocol_a_rollv2_cv3,C0p3-sample0p35-cap3000,2,2027,V2H-local-shuffle,False,shuffle_eeg_control,0.3,0.35,3000,True,user_train_zscore,0.6074147727272727,0.6029717504717503,0.4122232950684834,26,0.6164383561643836,0.6164383561643836,0.6296141358641358,584
V2-J,protocol_a_rollv2_cv3,C0p3-sample0p35-cap3000,2,2027,V2H-local-shuffle,False,shuffle_eeg_control,0.3,0.35,3000,True,user_center_alpha_0p5,0.6074147727272727,0.6029717504717503,0.329184994456961,26,0.6164383561643836,0.6164383561643836,0.6296141358641358,584
V2-J,protocol_a_rollv2_cv3,C0p3-sample0p35-cap3000,2,2027,V2H-local-shuffle,False,shuffle_eeg_control,0.3,0.35,3000,True,user_center_alpha_1p0,0.6074147727272727,0.6029717504717503,0.411794156564031,26,0.6164383561643836,0.6164383561643836,0.6296141358641358,584
V2-J,protocol_a_rollv2_cv3,C0p3-sample0p35-cap3000,2,2027,V2H-local-shuffle,False,shuffle_eeg_control,0.3,0.35,3000,True,user_center_alpha_1p5,0.6074147727272727,0.6029717504717503,0.6242177162679254,26,0.6164383561643836,0.6164383561643836,0.6296141358641358,584
V2-J,protocol_a_rollv2_cv3,C0p3-sample0p35-cap3000,2,2027,V2H-local-shuffle,False,shuffle_eeg_control,0.3,0.35,3000,True,user_center_alpha_2p0,0.6074147727272727,0.6029717504717503,0.6441726567249579,26,0.6164383561643836,0.6164383561643836,0.6296141358641358,584
V2-J,protocol_a_rollv2_cv3,C0p3-sample0p35-cap3000,2,2027,V2H-local-shuffle,False,shuffle_eeg_control,0.3,0.35,3000,True,user_center_rate_beta_0p5,0.6074147727272727,0.6029717504717503,0.4922218646068018,26,0.6164383561643836,0.6164383561643836,0.6296141358641358,584
V2-J,protocol_a_rollv2_cv3,C0p3-sample0p35-cap3000,2,2027,V2H-local-shuffle,False,shuffle_eeg_control,0.3,0.35,3000,True,user_center_rate_beta_1p0,0.6074147727272727,0.6029717504717503,0.5861316739977828,26,0.6164383561643836,0.6164383561643836,0.6296141358641358,584
V2-J,protocol_a_rollv2_cv3,C0p3-sample0p35-cap3000,2,2027,V2H-local-shuffle,False,shuffle_eeg_control,0.3,0.35,3000,True,user_center_rate_beta_1p5,0.6074147727272727,0.6029717504717503,0.6502878804134035,26,0.6164383561643836,0.6164383561643836,0.6296141358641358,584
V2-J,protocol_a_rollv2_cv3,C0p3-sample0p35-cap3000,2,2027,V2H-local-shuffle,False,shuffle_eeg_control,0.3,0.35,3000,True,user_center_rate_beta_2p0,0.6074147727272727,0.6029717504717503,0.6856560454886814,26,0.6164383561643836,0.6164383561643836,0.6296141358641358,584
V2-J,protocol_a_rollv2_cv3,C0p3-sample0p35-cap3000,2,2027,V2H-local-real,True,real_eeg,0.3,0.35,3000,True,raw,0.6050869182900434,0.6018482443482444,0.3207452705360655,26,0.6386986301369864,0.6386986301369864,0.6235093610093612,584
V2-J,protocol_a_rollv2_cv3,C0p3-sample0p35-cap3000,2,2027,V2H-local-real,True,real_eeg,0.3,0.35,3000,True,fold_train_zscore,0.6050869182900434,0.6018482443482444,0.3207452705360655,26,0.6386986301369864,0.6386986301369864,0.6235093610093612,584
V2-J,protocol_a_rollv2_cv3,C0p3-sample0p35-cap3000,2,2027,V2H-local-real,True,real_eeg,0.3,0.35,3000,True,user_train_center,0.6050869182900434,0.6018482443482444,0.43214247398347816,26,0.6386986301369864,0.6386986301369864,0.6235093610093612,584
V2-J,protocol_a_rollv2_cv3,C0p3-sample0p35-cap3000,2,2027,V2H-local-real,True,real_eeg,0.3,0.35,3000,True,user_train_zscore,0.6050869182900434,0.6018482443482444,0.42073454207345423,26,0.6386986301369864,0.6386986301369864,0.6235093610093612,584
V2-J,protocol_a_rollv2_cv3,C0p3-sample0p35-cap3000,2,2027,V2H-local-real,True,real_eeg,0.3,0.35,3000,True,user_center_alpha_0p5,0.6050869182900434,0.6018482443482444,0.33547902585559486,26,0.6386986301369864,0.6386986301369864,0.6235093610093612,584
V2-J,protocol_a_rollv2_cv3,C0p3-sample0p35-cap3000,2,2027,V2H-local-real,True,real_eeg,0.3,0.35,3000,True,user_center_alpha_1p0,0.6050869182900434,0.6018482443482444,0.43214247398347816,26,0.6386986301369864,0.6386986301369864,0.6235093610093612,584
V2-J,protocol_a_rollv2_cv3,C0p3-sample0p35-cap3000,2,2027,V2H-local-real,True,real_eeg,0.3,0.35,3000,True,user_center_alpha_1p5,0.6050869182900434,0.6018482443482444,0.5547688016307263,26,0.6386986301369864,0.6386986301369864,0.6235093610093612,584
V2-J,protocol_a_rollv2_cv3,C0p3-sample0p35-cap3000,2,2027,V2H-local-real,True,real_eeg,0.3,0.35,3000,True,user_center_alpha_2p0,0.6050869182900434,0.6018482443482444,0.6036190680542144,26,0.6386986301369864,0.6386986301369864,0.6235093610093612,584
V2-J,protocol_a_rollv2_cv3,C0p3-sample0p35-cap3000,2,2027,V2H-local-real,True,real_eeg,0.3,0.35,3000,True,user_center_rate_beta_0p5,0.6050869182900434,0.6018482443482444,0.46543646962057006,26,0.6386986301369864,0.6386986301369864,0.6235093610093612,584
V2-J,protocol_a_rollv2_cv3,C0p3-sample0p35-cap3000,2,2027,V2H-local-real,True,real_eeg,0.3,0.35,3000,True,user_center_rate_beta_1p0,0.6050869182900434,0.6018482443482444,0.49908808067803884,26,0.6386986301369864,0.6386986301369864,0.6235093610093612,584
V2-J,protocol_a_rollv2_cv3,C0p3-sample0p35-cap3000,2,2027,V2H-local-real,True,real_eeg,0.3,0.35,3000,True,user_center_rate_beta_1p5,0.6050869182900434,0.6018482443482444,0.5263026141687229,26,0.6386986301369864,0.6386986301369864,0.6235093610093612,584
V2-J,protocol_a_rollv2_cv3,C0p3-sample0p35-cap3000,2,2027,V2H-local-real,True,real_eeg,0.3,0.35,3000,True,user_center_rate_beta_2p0,0.6050869182900434,0.6018482443482444,0.5473661624289239,26,0.6386986301369864,0.6386986301369864,0.6235093610093612,584
V2-J,protocol_a_rollv2_cv3,C0p3-sample0p35-cap3000,3,2027,V2H-local-H2_E0,False,H2_E0_non_eeg,0.3,0.35,3000,True,raw,0.5697918534456996,0.5785452703161037,0.3003369222881418,24,0.551779935275081,0.551779935275081,0.5768390678546123,618
V2-J,protocol_a_rollv2_cv3,C0p3-sample0p35-cap3000,3,2027,V2H-local-H2_E0,False,H2_E0_non_eeg,0.3,0.35,3000,True,fold_train_zscore,0.5697918534456996,0.5785452703161037,0.3003369222881418,24,0.551779935275081,0.551779935275081,0.5768390678546123,618
V2-J,protocol_a_rollv2_cv3,C0p3-sample0p35-cap3000,3,2027,V2H-local-H2_E0,False,H2_E0_non_eeg,0.3,0.35,3000,True,user_train_center,0.5697918534456996,0.5785452703161037,0.3983739837398374,24,0.551779935275081,0.551779935275081,0.5768390678546123,618
V2-J,protocol_a_rollv2_cv3,C0p3-sample0p35-cap3000,3,2027,V2H-local-H2_E0,False,H2_E0_non_eeg,0.3,0.35,3000,True,user_train_zscore,0.5697918534456996,0.5785452703161037,0.3866915696183989,24,0.551779935275081,0.551779935275081,0.5768390678546123,618
V2-J,protocol_a_rollv2_cv3,C0p3-sample0p35-cap3000,3,2027,V2H-local-H2_E0,False,H2_E0_non_eeg,0.3,0.35,3000,True,user_center_alpha_0p5,0.5697918534456996,0.5785452703161037,0.3174760125979638,24,0.551779935275081,0.551779935275081,0.5768390678546123,618
V2-J,protocol_a_rollv2_cv3,C0p3-sample0p35-cap3000,3,2027,V2H-local-H2_E0,False,H2_E0_non_eeg,0.3,0.35,3000,True,user_center_alpha_1p0,0.5697918534456996,0.5785452703161037,0.3983739837398374,24,0.551779935275081,0.551779935275081,0.5768390678546123,618
V2-J,protocol_a_rollv2_cv3,C0p3-sample0p35-cap3000,3,2027,V2H-local-H2_E0,False,H2_E0_non_eeg,0.3,0.35,3000,True,user_center_alpha_1p5,0.5697918534456996,0.5785452703161037,0.5838643521570351,24,0.551779935275081,0.551779935275081,0.5768390678546123,618
V2-J,protocol_a_rollv2_cv3,C0p3-sample0p35-cap3000,3,2027,V2H-local-H2_E0,False,H2_E0_non_eeg,0.3,0.35,3000,True,user_center_alpha_2p0,0.5697918534456996,0.5785452703161037,0.6423130447520691,24,0.551779935275081,0.551779935275081,0.5768390678546123,618
V2-J,protocol_a_rollv2_cv3,C0p3-sample0p35-cap3000,3,2027,V2H-local-H2_E0,False,H2_E0_non_eeg,0.3,0.35,3000,True,user_center_rate_beta_0p5,0.5697918534456996,0.5785452703161037,0.516626382480041,24,0.551779935275081,0.551779935275081,0.5768390678546123,618
V2-J,protocol_a_rollv2_cv3,C0p3-sample0p35-cap3000,3,2027,V2H-local-H2_E0,False,H2_E0_non_eeg,0.3,0.35,3000,True,user_center_rate_beta_1p0,0.5697918534456996,0.5785452703161037,0.6259063941990771,24,0.551779935275081,0.551779935275081,0.5768390678546123,618
V2-J,protocol_a_rollv2_cv3,C0p3-sample0p35-cap3000,3,2027,V2H-local-H2_E0,False,H2_E0_non_eeg,0.3,0.35,3000,True,user_center_rate_beta_1p5,0.5697918534456996,0.5785452703161037,0.6636270416758222,24,0.551779935275081,0.551779935275081,0.5768390678546123,618
V2-J,protocol_a_rollv2_cv3,C0p3-sample0p35-cap3000,3,2027,V2H-local-H2_E0,False,H2_E0_non_eeg,0.3,0.35,3000,True,user_center_rate_beta_2p0,0.5697918534456996,0.5785452703161037,0.6802168021680216,24,0.551779935275081,0.551779935275081,0.5768390678546123,618
V2-J,protocol_a_rollv2_cv3,C0p3-sample0p35-cap3000,3,2027,V2H-local-zero,False,zero_eeg_control,0.3,0.35,3000,True,raw,0.5700384890944332,0.5882483141858142,0.32871896286530433,24,0.5663430420711975,0.5663430420711975,0.5907997789725086,618
V2-J,protocol_a_rollv2_cv3,C0p3-sample0p35-cap3000,3,2027,V2H-local-zero,False,zero_eeg_control,0.3,0.35,3000,True,fold_train_zscore,0.5700384890944332,0.5882483141858142,0.32871896286530433,24,0.5663430420711975,0.5663430420711975,0.5907997789725086,618
V2-J,protocol_a_rollv2_cv3,C0p3-sample0p35-cap3000,3,2027,V2H-local-zero,False,zero_eeg_control,0.3,0.35,3000,True,user_train_center,0.5700384890944332,0.5882483141858142,0.3768036329011939,24,0.5663430420711975,0.5663430420711975,0.5907997789725086,618
V2-J,protocol_a_rollv2_cv3,C0p3-sample0p35-cap3000,3,2027,V2H-local-zero,False,zero_eeg_control,0.3,0.35,3000,True,user_train_zscore,0.5700384890944332,0.5882483141858142,0.3744232036914964,24,0.5663430420711975,0.5663430420711975,0.5907997789725086,618
V2-J,protocol_a_rollv2_cv3,C0p3-sample0p35-cap3000,3,2027,V2H-local-zero,False,zero_eeg_control,0.3,0.35,3000,True,user_center_alpha_0p5,0.5700384890944332,0.5882483141858142,0.32849923093825534,24,0.5663430420711975,0.5663430420711975,0.5907997789725086,618
V2-J,protocol_a_rollv2_cv3,C0p3-sample0p35-cap3000,3,2027,V2H-local-zero,False,zero_eeg_control,0.3,0.35,3000,True,user_center_alpha_1p0,0.5700384890944332,0.5882483141858142,0.3768036329011939,24,0.5663430420711975,0.5663430420711975,0.5907997789725086,618
V2-J,protocol_a_rollv2_cv3,C0p3-sample0p35-cap3000,3,2027,V2H-local-zero,False,zero_eeg_control,0.3,0.35,3000,True,user_center_alpha_1p5,0.5700384890944332,0.5882483141858142,0.5245001098659636,24,0.5663430420711975,0.5663430420711975,0.5907997789725086,618
V2-J,protocol_a_rollv2_cv3,C0p3-sample0p35-cap3000,3,2027,V2H-local-zero,False,zero_eeg_control,0.3,0.35,3000,True,user_center_alpha_2p0,0.5700384890944332,0.5882483141858142,0.5856588295612686,24,0.5663430420711975,0.5663430420711975,0.5907997789725086,618
V2-J,protocol_a_rollv2_cv3,C0p3-sample0p35-cap3000,3,2027,V2H-local-zero,False,zero_eeg_control,0.3,0.35,3000,True,user_center_rate_beta_0p5,0.5700384890944332,0.5882483141858142,0.4872921702189995,24,0.5663430420711975,0.5663430420711975,0.5907997789725086,618
V2-J,protocol_a_rollv2_cv3,C0p3-sample0p35-cap3000,3,2027,V2H-local-zero,False,zero_eeg_control,0.3,0.35,3000,True,user_center_rate_beta_1p0,0.5700384890944332,0.5882483141858142,0.5979271954881711,24,0.5663430420711975,0.5663430420711975,0.5907997789725086,618
V2-J,protocol_a_rollv2_cv3,C0p3-sample0p35-cap3000,3,2027,V2H-local-zero,False,zero_eeg_control,0.3,0.35,3000,True,user_center_rate_beta_1p5,0.5700384890944332,0.5882483141858142,0.6482091847945507,24,0.5663430420711975,0.5663430420711975,0.5907997789725086,618
V2-J,protocol_a_rollv2_cv3,C0p3-sample0p35-cap3000,3,2027,V2H-local-zero,False,zero_eeg_control,0.3,0.35,3000,True,user_center_rate_beta_2p0,0.5700384890944332,0.5882483141858142,0.6684245220830587,24,0.5663430420711975,0.5663430420711975,0.5907997789725086,618
V2-J,protocol_a_rollv2_cv3,C0p3-sample0p35-cap3000,3,2027,V2H-local-shuffle,False,shuffle_eeg_control,0.3,0.35,3000,True,raw,0.6329298615137775,0.6422608641358641,0.34153665860982935,24,0.6472491909385113,0.6472491909385113,0.6536947806605636,618
V2-J,protocol_a_rollv2_cv3,C0p3-sample0p35-cap3000,3,2027,V2H-local-shuffle,False,shuffle_eeg_control,0.3,0.35,3000,True,fold_train_zscore,0.6329298615137775,0.6422608641358641,0.34153665860982935,24,0.6472491909385113,0.6472491909385113,0.6536947806605636,618
V2-J,protocol_a_rollv2_cv3,C0p3-sample0p35-cap3000,3,2027,V2H-local-shuffle,False,shuffle_eeg_control,0.3,0.35,3000,True,user_train_center,0.6329298615137775,0.6422608641358641,0.3317219658683073,24,0.6472491909385113,0.6472491909385113,0.6536947806605636,618
V2-J,protocol_a_rollv2_cv3,C0p3-sample0p35-cap3000,3,2027,V2H-local-shuffle,False,shuffle_eeg_control,0.3,0.35,3000,True,user_train_zscore,0.6329298615137775,0.6422608641358641,0.33575038453087236,24,0.6472491909385113,0.6472491909385113,0.6536947806605636,618
V2-J,protocol_a_rollv2_cv3,C0p3-sample0p35-cap3000,3,2027,V2H-local-shuffle,False,shuffle_eeg_control,0.3,0.35,3000,True,user_center_alpha_0p5,0.6329298615137775,0.6422608641358641,0.3273273273273273,24,0.6472491909385113,0.6472491909385113,0.6536947806605636,618
V2-J,protocol_a_rollv2_cv3,C0p3-sample0p35-cap3000,3,2027,V2H-local-shuffle,False,shuffle_eeg_control,0.3,0.35,3000,True,user_center_alpha_1p0,0.6329298615137775,0.6422608641358641,0.3317219658683073,24,0.6472491909385113,0.6472491909385113,0.6536947806605636,618
V2-J,protocol_a_rollv2_cv3,C0p3-sample0p35-cap3000,3,2027,V2H-local-shuffle,False,shuffle_eeg_control,0.3,0.35,3000,True,user_center_alpha_1p5,0.6329298615137775,0.6422608641358641,0.5240606460118655,24,0.6472491909385113,0.6472491909385113,0.6536947806605636,618
V2-J,protocol_a_rollv2_cv3,C0p3-sample0p35-cap3000,3,2027,V2H-local-shuffle,False,shuffle_eeg_control,0.3,0.35,3000,True,user_center_alpha_2p0,0.6329298615137775,0.6422608641358641,0.5684831172636051,24,0.6472491909385113,0.6472491909385113,0.6536947806605636,618
V2-J,protocol_a_rollv2_cv3,C0p3-sample0p35-cap3000,3,2027,V2H-local-shuffle,False,shuffle_eeg_control,0.3,0.35,3000,True,user_center_rate_beta_0p5,0.6329298615137775,0.6422608641358641,0.3889621328645719,24,0.6472491909385113,0.6472491909385113,0.6536947806605636,618
V2-J,protocol_a_rollv2_cv3,C0p3-sample0p35-cap3000,3,2027,V2H-local-shuffle,False,shuffle_eeg_control,0.3,0.35,3000,True,user_center_rate_beta_1p0,0.6329298615137775,0.6422608641358641,0.46334139017065845,24,0.6472491909385113,0.6472491909385113,0.6536947806605636,618
V2-J,protocol_a_rollv2_cv3,C0p3-sample0p35-cap3000,3,2027,V2H-local-shuffle,False,shuffle_eeg_control,0.3,0.35,3000,True,user_center_rate_beta_1p5,0.6329298615137775,0.6422608641358641,0.526001611367465,24,0.6472491909385113,0.6472491909385113,0.6536947806605636,618
V2-J,protocol_a_rollv2_cv3,C0p3-sample0p35-cap3000,3,2027,V2H-local-shuffle,False,shuffle_eeg_control,0.3,0.35,3000,True,user_center_rate_beta_2p0,0.6329298615137775,0.6422608641358641,0.5700578627407895,24,0.6472491909385113,0.6472491909385113,0.6536947806605636,618
V2-J,protocol_a_rollv2_cv3,C0p3-sample0p35-cap3000,3,2027,V2H-local-real,True,real_eeg,0.3,0.35,3000,True,raw,0.6521389934851474,0.6566173178673179,0.4002417051197539,24,0.6359223300970874,0.6359223300970874,0.6471794854731517,618
V2-J,protocol_a_rollv2_cv3,C0p3-sample0p35-cap3000,3,2027,V2H-local-real,True,real_eeg,0.3,0.35,3000,True,fold_train_zscore,0.6521389934851474,0.6566173178673179,0.4002417051197539,24,0.6359223300970874,0.6359223300970874,0.6471794854731517,618
V2-J,protocol_a_rollv2_cv3,C0p3-sample0p35-cap3000,3,2027,V2H-local-real,True,real_eeg,0.3,0.35,3000,True,user_train_center,0.6521389934851474,0.6566173178673179,0.46293854830440195,24,0.6359223300970874,0.6359223300970874,0.6471794854731517,618
V2-J,protocol_a_rollv2_cv3,C0p3-sample0p35-cap3000,3,2027,V2H-local-real,True,real_eeg,0.3,0.35,3000,True,user_train_zscore,0.6521389934851474,0.6566173178673179,0.45224492785468395,24,0.6359223300970874,0.6359223300970874,0.6471794854731517,618
V2-J,protocol_a_rollv2_cv3,C0p3-sample0p35-cap3000,3,2027,V2H-local-real,True,real_eeg,0.3,0.35,3000,True,user_center_alpha_0p5,0.6521389934851474,0.6566173178673179,0.4058814912473449,24,0.6359223300970874,0.6359223300970874,0.6471794854731517,618
V2-J,protocol_a_rollv2_cv3,C0p3-sample0p35-cap3000,3,2027,V2H-local-real,True,real_eeg,0.3,0.35,3000,True,user_center_alpha_1p0,0.6521389934851474,0.6566173178673179,0.46293854830440195,24,0.6359223300970874,0.6359223300970874,0.6471794854731517,618
V2-J,protocol_a_rollv2_cv3,C0p3-sample0p35-cap3000,3,2027,V2H-local-real,True,real_eeg,0.3,0.35,3000,True,user_center_alpha_1p5,0.6521389934851474,0.6566173178673179,0.5307258477990185,24,0.6359223300970874,0.6359223300970874,0.6471794854731517,618
V2-J,protocol_a_rollv2_cv3,C0p3-sample0p35-cap3000,3,2027,V2H-local-real,True,real_eeg,0.3,0.35,3000,True,user_center_alpha_2p0,0.6521389934851474,0.6566173178673179,0.5633926609536366,24,0.6359223300970874,0.6359223300970874,0.6471794854731517,618
V2-J,protocol_a_rollv2_cv3,C0p3-sample0p35-cap3000,3,2027,V2H-local-real,True,real_eeg,0.3,0.35,3000,True,user_center_rate_beta_0p5,0.6521389934851474,0.6566173178673179,0.49842525452281555,24,0.6359223300970874,0.6359223300970874,0.6471794854731517,618
V2-J,protocol_a_rollv2_cv3,C0p3-sample0p35-cap3000,3,2027,V2H-local-real,True,real_eeg,0.3,0.35,3000,True,user_center_rate_beta_1p0,0.6521389934851474,0.6566173178673179,0.535596572181938,24,0.6359223300970874,0.6359223300970874,0.6471794854731517,618
V2-J,protocol_a_rollv2_cv3,C0p3-sample0p35-cap3000,3,2027,V2H-local-real,True,real_eeg,0.3,0.35,3000,True,user_center_rate_beta_1p5,0.6521389934851474,0.6566173178673179,0.5635025269171611,24,0.6359223300970874,0.6359223300970874,0.6471794854731517,618
V2-J,protocol_a_rollv2_cv3,C0p3-sample0p35-cap3000,3,2027,V2H-local-real,True,real_eeg,0.3,0.35,3000,True,user_center_rate_beta_2p0,0.6521389934851474,0.6566173178673179,0.5863912693180986,24,0.6359223300970874,0.6359223300970874,0.6471794854731517,618
V2-J,protocol_a_rollv2_cv3,C0p3-sample0p35-cap3000,1,2028,V2H-local-H2_E0,False,H2_E0_non_eeg,0.3,0.35,3000,True,raw,0.6202788008011889,0.6194836330997047,0.40527594585213467,28,0.6404682274247492,0.6404682274247492,0.6584692952550096,598
V2-J,protocol_a_rollv2_cv3,C0p3-sample0p35-cap3000,1,2028,V2H-local-H2_E0,False,H2_E0_non_eeg,0.3,0.35,3000,True,fold_train_zscore,0.6202788008011889,0.6194836330997047,0.40527594585213467,28,0.6404682274247492,0.6404682274247492,0.6584692952550096,598
V2-J,protocol_a_rollv2_cv3,C0p3-sample0p35-cap3000,1,2028,V2H-local-H2_E0,False,H2_E0_non_eeg,0.3,0.35,3000,True,user_train_center,0.6202788008011889,0.6194836330997047,0.5254772648385977,28,0.6404682274247492,0.6404682274247492,0.6584692952550096,598
V2-J,protocol_a_rollv2_cv3,C0p3-sample0p35-cap3000,1,2028,V2H-local-H2_E0,False,H2_E0_non_eeg,0.3,0.35,3000,True,user_train_zscore,0.6202788008011889,0.6194836330997047,0.5313432835820895,28,0.6404682274247492,0.6404682274247492,0.6584692952550096,598
V2-J,protocol_a_rollv2_cv3,C0p3-sample0p35-cap3000,1,2028,V2H-local-H2_E0,False,H2_E0_non_eeg,0.3,0.35,3000,True,user_center_alpha_0p5,0.6202788008011889,0.6194836330997047,0.4299548767788962,28,0.6404682274247492,0.6404682274247492,0.6584692952550096,598
V2-J,protocol_a_rollv2_cv3,C0p3-sample0p35-cap3000,1,2028,V2H-local-H2_E0,False,H2_E0_non_eeg,0.3,0.35,3000,True,user_center_alpha_1p0,0.6202788008011889,0.6194836330997047,0.5254772648385977,28,0.6404682274247492,0.6404682274247492,0.6584692952550096,598
V2-J,protocol_a_rollv2_cv3,C0p3-sample0p35-cap3000,1,2028,V2H-local-H2_E0,False,H2_E0_non_eeg,0.3,0.35,3000,True,user_center_alpha_1p5,0.6202788008011889,0.6194836330997047,0.6101700798333912,28,0.6404682274247492,0.6404682274247492,0.6584692952550096,598
V2-J,protocol_a_rollv2_cv3,C0p3-sample0p35-cap3000,1,2028,V2H-local-H2_E0,False,H2_E0_non_eeg,0.3,0.35,3000,True,user_center_alpha_2p0,0.6202788008011889,0.6194836330997047,0.6318292259632072,28,0.6404682274247492,0.6404682274247492,0.6584692952550096,598
V2-J,protocol_a_rollv2_cv3,C0p3-sample0p35-cap3000,1,2028,V2H-local-H2_E0,False,H2_E0_non_eeg,0.3,0.35,3000,True,user_center_rate_beta_0p5,0.6202788008011889,0.6194836330997047,0.5988892745574455,28,0.6404682274247492,0.6404682274247492,0.6584692952550096,598
V2-J,protocol_a_rollv2_cv3,C0p3-sample0p35-cap3000,1,2028,V2H-local-H2_E0,False,H2_E0_non_eeg,0.3,0.35,3000,True,user_center_rate_beta_1p0,0.6202788008011889,0.6194836330997047,0.6527594585213468,28,0.6404682274247492,0.6404682274247492,0.6584692952550096,598
V2-J,protocol_a_rollv2_cv3,C0p3-sample0p35-cap3000,1,2028,V2H-local-H2_E0,False,H2_E0_non_eeg,0.3,0.35,3000,True,user_center_rate_beta_1p5,0.6202788008011889,0.6194836330997047,0.6691773689691081,28,0.6404682274247492,0.6404682274247492,0.6584692952550096,598
V2-J,protocol_a_rollv2_cv3,C0p3-sample0p35-cap3000,1,2028,V2H-local-H2_E0,False,H2_E0_non_eeg,0.3,0.35,3000,True,user_center_rate_beta_2p0,0.6202788008011889,0.6194836330997047,0.6701839639014232,28,0.6404682274247492,0.6404682274247492,0.6584692952550096,598
V2-J,protocol_a_rollv2_cv3,C0p3-sample0p35-cap3000,1,2028,V2H-local-zero,False,zero_eeg_control,0.3,0.35,3000,True,raw,0.6328600503973638,0.635147091664949,0.4149947934744881,28,0.6555183946488294,0.6555183946488294,0.6693733812483812,598
V2-J,protocol_a_rollv2_cv3,C0p3-sample0p35-cap3000,1,2028,V2H-local-zero,False,zero_eeg_control,0.3,0.35,3000,True,fold_train_zscore,0.6328600503973638,0.635147091664949,0.4149947934744881,28,0.6555183946488294,0.6555183946488294,0.6693733812483812,598
V2-J,protocol_a_rollv2_cv3,C0p3-sample0p35-cap3000,1,2028,V2H-local-zero,False,zero_eeg_control,0.3,0.35,3000,True,user_train_center,0.6328600503973638,0.635147091664949,0.5497743838944811,28,0.6555183946488294,0.6555183946488294,0.6693733812483812,598
V2-J,protocol_a_rollv2_cv3,C0p3-sample0p35-cap3000,1,2028,V2H-local-zero,False,zero_eeg_control,0.3,0.35,3000,True,user_train_zscore,0.6328600503973638,0.635147091664949,0.5525164873307878,28,0.6555183946488294,0.6555183946488294,0.6693733812483812,598
V2-J,protocol_a_rollv2_cv3,C0p3-sample0p35-cap3000,1,2028,V2H-local-zero,False,zero_eeg_control,0.3,0.35,3000,True,user_center_alpha_0p5,0.6328600503973638,0.635147091664949,0.4483859770912877,28,0.6555183946488294,0.6555183946488294,0.6693733812483812,598
V2-J,protocol_a_rollv2_cv3,C0p3-sample0p35-cap3000,1,2028,V2H-local-zero,False,zero_eeg_control,0.3,0.35,3000,True,user_center_alpha_1p0,0.6328600503973638,0.635147091664949,0.5497743838944811,28,0.6555183946488294,0.6555183946488294,0.6693733812483812,598
V2-J,protocol_a_rollv2_cv3,C0p3-sample0p35-cap3000,1,2028,V2H-local-zero,False,zero_eeg_control,0.3,0.35,3000,True,user_center_alpha_1p5,0.6328600503973638,0.635147091664949,0.6219715376605346,28,0.6555183946488294,0.6555183946488294,0.6693733812483812,598
V2-J,protocol_a_rollv2_cv3,C0p3-sample0p35-cap3000,1,2028,V2H-local-zero,False,zero_eeg_control,0.3,0.35,3000,True,user_center_alpha_2p0,0.6328600503973638,0.635147091664949,0.6380423464074974,28,0.6555183946488294,0.6555183946488294,0.6693733812483812,598
V2-J,protocol_a_rollv2_cv3,C0p3-sample0p35-cap3000,1,2028,V2H-local-zero,False,zero_eeg_control,0.3,0.35,3000,True,user_center_rate_beta_0p5,0.6328600503973638,0.635147091664949,0.6215550156195765,28,0.6555183946488294,0.6555183946488294,0.6693733812483812,598
V2-J,protocol_a_rollv2_cv3,C0p3-sample0p35-cap3000,1,2028,V2H-local-zero,False,zero_eeg_control,0.3,0.35,3000,True,user_center_rate_beta_1p0,0.6328600503973638,0.635147091664949,0.6724054147865325,28,0.6555183946488294,0.6555183946488294,0.6693733812483812,598
V2-J,protocol_a_rollv2_cv3,C0p3-sample0p35-cap3000,1,2028,V2H-local-zero,False,zero_eeg_control,0.3,0.35,3000,True,user_center_rate_beta_1p5,0.6328600503973638,0.635147091664949,0.6895175286358903,28,0.6555183946488294,0.6555183946488294,0.6693733812483812,598
V2-J,protocol_a_rollv2_cv3,C0p3-sample0p35-cap3000,1,2028,V2H-local-zero,False,zero_eeg_control,0.3,0.35,3000,True,user_center_rate_beta_2p0,0.6328600503973638,0.635147091664949,0.6896910794862896,28,0.6555183946488294,0.6555183946488294,0.6693733812483812,598
V2-J,protocol_a_rollv2_cv3,C0p3-sample0p35-cap3000,1,2028,V2H-local-shuffle,False,shuffle_eeg_control,0.3,0.35,3000,True,raw,0.6351250242295019,0.630419479660551,0.40111072544255466,28,0.6421404682274248,0.6421404682274248,0.6595483022268737,598
V2-J,protocol_a_rollv2_cv3,C0p3-sample0p35-cap3000,1,2028,V2H-local-shuffle,False,shuffle_eeg_control,0.3,0.35,3000,True,fold_train_zscore,0.6351250242295019,0.630419479660551,0.40111072544255466,28,0.6421404682274248,0.6421404682274248,0.6595483022268737,598
V2-J,protocol_a_rollv2_cv3,C0p3-sample0p35-cap3000,1,2028,V2H-local-shuffle,False,shuffle_eeg_control,0.3,0.35,3000,True,user_train_center,0.6351250242295019,0.630419479660551,0.49902811523776464,28,0.6421404682274248,0.6421404682274248,0.6595483022268737,598
V2-J,protocol_a_rollv2_cv3,C0p3-sample0p35-cap3000,1,2028,V2H-local-shuffle,False,shuffle_eeg_control,0.3,0.35,3000,True,user_train_zscore,0.6351250242295019,0.630419479660551,0.5007636237417563,28,0.6421404682274248,0.6421404682274248,0.6595483022268737,598
V2-J,protocol_a_rollv2_cv3,C0p3-sample0p35-cap3000,1,2028,V2H-local-shuffle,False,shuffle_eeg_control,0.3,0.35,3000,True,user_center_alpha_0p5,0.6351250242295019,0.630419479660551,0.41305102395001736,28,0.6421404682274248,0.6421404682274248,0.6595483022268737,598
V2-J,protocol_a_rollv2_cv3,C0p3-sample0p35-cap3000,1,2028,V2H-local-shuffle,False,shuffle_eeg_control,0.3,0.35,3000,True,user_center_alpha_1p0,0.6351250242295019,0.630419479660551,0.49902811523776464,28,0.6421404682274248,0.6421404682274248,0.6595483022268737,598
V2-J,protocol_a_rollv2_cv3,C0p3-sample0p35-cap3000,1,2028,V2H-local-shuffle,False,shuffle_eeg_control,0.3,0.35,3000,True,user_center_alpha_1p5,0.6351250242295019,0.630419479660551,0.5742103436306838,28,0.6421404682274248,0.6421404682274248,0.6595483022268737,598
V2-J,protocol_a_rollv2_cv3,C0p3-sample0p35-cap3000,1,2028,V2H-local-shuffle,False,shuffle_eeg_control,0.3,0.35,3000,True,user_center_alpha_2p0,0.6351250242295019,0.630419479660551,0.5872613675807012,28,0.6421404682274248,0.6421404682274248,0.6595483022268737,598
V2-J,protocol_a_rollv2_cv3,C0p3-sample0p35-cap3000,1,2028,V2H-local-shuffle,False,shuffle_eeg_control,0.3,0.35,3000,True,user_center_rate_beta_0p5,0.6351250242295019,0.630419479660551,0.5663658451926414,28,0.6421404682274248,0.6421404682274248,0.6595483022268737,598
V2-J,protocol_a_rollv2_cv3,C0p3-sample0p35-cap3000,1,2028,V2H-local-shuffle,False,shuffle_eeg_control,0.3,0.35,3000,True,user_center_rate_beta_1p0,0.6351250242295019,0.630419479660551,0.6242276987157237,28,0.6421404682274248,0.6421404682274248,0.6595483022268737,598
V2-J,protocol_a_rollv2_cv3,C0p3-sample0p35-cap3000,1,2028,V2H-local-shuffle,False,shuffle_eeg_control,0.3,0.35,3000,True,user_center_rate_beta_1p5,0.6351250242295019,0.630419479660551,0.6512322110378341,28,0.6421404682274248,0.6421404682274248,0.6595483022268737,598
V2-J,protocol_a_rollv2_cv3,C0p3-sample0p35-cap3000,1,2028,V2H-local-shuffle,False,shuffle_eeg_control,0.3,0.35,3000,True,user_center_rate_beta_2p0,0.6351250242295019,0.630419479660551,0.6611246095105866,28,0.6421404682274248,0.6421404682274248,0.6595483022268737,598
V2-J,protocol_a_rollv2_cv3,C0p3-sample0p35-cap3000,1,2028,V2H-local-real,True,real_eeg,0.3,0.35,3000,True,raw,0.7242681613577137,0.7235508572115714,0.4349531412703922,28,0.725752508361204,0.725752508361204,0.746137308458737,598
V2-J,protocol_a_rollv2_cv3,C0p3-sample0p35-cap3000,1,2028,V2H-local-real,True,real_eeg,0.3,0.35,3000,True,fold_train_zscore,0.7242681613577137,0.7235508572115714,0.4349531412703922,28,0.725752508361204,0.725752508361204,0.746137308458737,598
V2-J,protocol_a_rollv2_cv3,C0p3-sample0p35-cap3000,1,2028,V2H-local-real,True,real_eeg,0.3,0.35,3000,True,user_train_center,0.7242681613577137,0.7235508572115714,0.5110031239153072,28,0.725752508361204,0.725752508361204,0.746137308458737,598
V2-J,protocol_a_rollv2_cv3,C0p3-sample0p35-cap3000,1,2028,V2H-local-real,True,real_eeg,0.3,0.35,3000,True,user_train_zscore,0.7242681613577137,0.7235508572115714,0.5195765359250261,28,0.725752508361204,0.725752508361204,0.746137308458737,598
V2-J,protocol_a_rollv2_cv3,C0p3-sample0p35-cap3000,1,2028,V2H-local-real,True,real_eeg,0.3,0.35,3000,True,user_center_alpha_0p5,0.7242681613577137,0.7235508572115714,0.4371745921555016,28,0.725752508361204,0.725752508361204,0.746137308458737,598
V2-J,protocol_a_rollv2_cv3,C0p3-sample0p35-cap3000,1,2028,V2H-local-real,True,real_eeg,0.3,0.35,3000,True,user_center_alpha_1p0,0.7242681613577137,0.7235508572115714,0.5110031239153072,28,0.725752508361204,0.725752508361204,0.746137308458737,598
V2-J,protocol_a_rollv2_cv3,C0p3-sample0p35-cap3000,1,2028,V2H-local-real,True,real_eeg,0.3,0.35,3000,True,user_center_alpha_1p5,0.7242681613577137,0.7235508572115714,0.5657757723012843,28,0.725752508361204,0.725752508361204,0.746137308458737,598
V2-J,protocol_a_rollv2_cv3,C0p3-sample0p35-cap3000,1,2028,V2H-local-real,True,real_eeg,0.3,0.35,3000,True,user_center_alpha_2p0,0.7242681613577137,0.7235508572115714,0.5783061437001041,28,0.725752508361204,0.725752508361204,0.746137308458737,598
V2-J,protocol_a_rollv2_cv3,C0p3-sample0p35-cap3000,1,2028,V2H-local-real,True,real_eeg,0.3,0.35,3000,True,user_center_rate_beta_0p5,0.7242681613577137,0.7235508572115714,0.5373134328358209,28,0.725752508361204,0.725752508361204,0.746137308458737,598
V2-J,protocol_a_rollv2_cv3,C0p3-sample0p35-cap3000,1,2028,V2H-local-real,True,real_eeg,0.3,0.35,3000,True,user_center_rate_beta_1p0,0.7242681613577137,0.7235508572115714,0.5620964942728219,28,0.725752508361204,0.725752508361204,0.746137308458737,598
V2-J,protocol_a_rollv2_cv3,C0p3-sample0p35-cap3000,1,2028,V2H-local-real,True,real_eeg,0.3,0.35,3000,True,user_center_rate_beta_1p5,0.7242681613577137,0.7235508572115714,0.5824366539396043,28,0.725752508361204,0.725752508361204,0.746137308458737,598
V2-J,protocol_a_rollv2_cv3,C0p3-sample0p35-cap3000,1,2028,V2H-local-real,True,real_eeg,0.3,0.35,3000,True,user_center_rate_beta_2p0,0.7242681613577137,0.7235508572115714,0.6004512322110378,28,0.725752508361204,0.725752508361204,0.746137308458737,598
V2-J,protocol_a_rollv2_cv3,C0p3-sample0p35-cap3000,2,2028,V2H-local-H2_E0,False,H2_E0_non_eeg,0.3,0.35,3000,True,raw,0.5457912833694083,0.5414405039405039,0.38790544648285236,26,0.553082191780822,0.553082191780822,0.5494491619491619,584
V2-J,protocol_a_rollv2_cv3,C0p3-sample0p35-cap3000,2,2028,V2H-local-H2_E0,False,H2_E0_non_eeg,0.3,0.35,3000,True,fold_train_zscore,0.5457912833694083,0.5414405039405039,0.38790544648285236,26,0.553082191780822,0.553082191780822,0.5494491619491619,584
V2-J,protocol_a_rollv2_cv3,C0p3-sample0p35-cap3000,2,2028,V2H-local-H2_E0,False,H2_E0_non_eeg,0.3,0.35,3000,True,user_train_center,0.5457912833694083,0.5414405039405039,0.45785502270857914,26,0.553082191780822,0.553082191780822,0.5494491619491619,584
V2-J,protocol_a_rollv2_cv3,C0p3-sample0p35-cap3000,2,2028,V2H-local-H2_E0,False,H2_E0_non_eeg,0.3,0.35,3000,True,user_train_zscore,0.5457912833694083,0.5414405039405039,0.4481636448163645,26,0.553082191780822,0.553082191780822,0.5494491619491619,584
V2-J,protocol_a_rollv2_cv3,C0p3-sample0p35-cap3000,2,2028,V2H-local-H2_E0,False,H2_E0_non_eeg,0.3,0.35,3000,True,user_center_alpha_0p5,0.5457912833694083,0.5414405039405039,0.39455709330186317,26,0.553082191780822,0.553082191780822,0.5494491619491619,584
V2-J,protocol_a_rollv2_cv3,C0p3-sample0p35-cap3000,2,2028,V2H-local-H2_E0,False,H2_E0_non_eeg,0.3,0.35,3000,True,user_center_alpha_1p0,0.5457912833694083,0.5414405039405039,0.45785502270857914,26,0.553082191780822,0.553082191780822,0.5494491619491619,584
V2-J,protocol_a_rollv2_cv3,C0p3-sample0p35-cap3000,2,2028,V2H-local-H2_E0,False,H2_E0_non_eeg,0.3,0.35,3000,True,user_center_alpha_1p5,0.5457912833694083,0.5414405039405039,0.5541608554160855,26,0.553082191780822,0.553082191780822,0.5494491619491619,584
V2-J,protocol_a_rollv2_cv3,C0p3-sample0p35-cap3000,2,2028,V2H-local-H2_E0,False,H2_E0_non_eeg,0.3,0.35,3000,True,user_center_alpha_2p0,0.5457912833694083,0.5414405039405039,0.5862747201659335,26,0.553082191780822,0.553082191780822,0.5494491619491619,584
V2-J,protocol_a_rollv2_cv3,C0p3-sample0p35-cap3000,2,2028,V2H-local-H2_E0,False,H2_E0_non_eeg,0.3,0.35,3000,True,user_center_rate_beta_0p5,0.5457912833694083,0.5414405039405039,0.5673568644279942,26,0.553082191780822,0.553082191780822,0.5494491619491619,584
V2-J,protocol_a_rollv2_cv3,C0p3-sample0p35-cap3000,2,2028,V2H-local-H2_E0,False,H2_E0_non_eeg,0.3,0.35,3000,True,user_center_rate_beta_1p0,0.5457912833694083,0.5414405039405039,0.6579766119515074,26,0.553082191780822,0.553082191780822,0.5494491619491619,584
V2-J,protocol_a_rollv2_cv3,C0p3-sample0p35-cap3000,2,2028,V2H-local-H2_E0,False,H2_E0_non_eeg,0.3,0.35,3000,True,user_center_rate_beta_1p5,0.5457912833694083,0.5414405039405039,0.6944891463719916,26,0.553082191780822,0.553082191780822,0.5494491619491619,584
V2-J,protocol_a_rollv2_cv3,C0p3-sample0p35-cap3000,2,2028,V2H-local-H2_E0,False,H2_E0_non_eeg,0.3,0.35,3000,True,user_center_rate_beta_2p0,0.5457912833694083,0.5414405039405039,0.707720916925938,26,0.553082191780822,0.553082191780822,0.5494491619491619,584
V2-J,protocol_a_rollv2_cv3,C0p3-sample0p35-cap3000,2,2028,V2H-local-zero,False,zero_eeg_control,0.3,0.35,3000,True,raw,0.551042794011544,0.5440700503200503,0.37928691485176846,26,0.5547945205479452,0.5547945205479452,0.5439673752173753,584
V2-J,protocol_a_rollv2_cv3,C0p3-sample0p35-cap3000,2,2028,V2H-local-zero,False,zero_eeg_control,0.3,0.35,3000,True,fold_train_zscore,0.551042794011544,0.5440700503200503,0.37928691485176846,26,0.5547945205479452,0.5547945205479452,0.5439673752173753,584
V2-J,protocol_a_rollv2_cv3,C0p3-sample0p35-cap3000,2,2028,V2H-local-zero,False,zero_eeg_control,0.3,0.35,3000,True,user_train_center,0.551042794011544,0.5440700503200503,0.45814111504488075,26,0.5547945205479452,0.5547945205479452,0.5439673752173753,584
V2-J,protocol_a_rollv2_cv3,C0p3-sample0p35-cap3000,2,2028,V2H-local-zero,False,zero_eeg_control,0.3,0.35,3000,True,user_train_zscore,0.551042794011544,0.5440700503200503,0.44870006794692985,26,0.5547945205479452,0.5547945205479452,0.5439673752173753,584
V2-J,protocol_a_rollv2_cv3,C0p3-sample0p35-cap3000,2,2028,V2H-local-zero,False,zero_eeg_control,0.3,0.35,3000,True,user_center_alpha_0p5,0.551042794011544,0.5440700503200503,0.39323391624646853,26,0.5547945205479452,0.5547945205479452,0.5439673752173753,584
V2-J,protocol_a_rollv2_cv3,C0p3-sample0p35-cap3000,2,2028,V2H-local-zero,False,zero_eeg_control,0.3,0.35,3000,True,user_center_alpha_1p0,0.551042794011544,0.5440700503200503,0.45814111504488075,26,0.5547945205479452,0.5547945205479452,0.5439673752173753,584
V2-J,protocol_a_rollv2_cv3,C0p3-sample0p35-cap3000,2,2028,V2H-local-zero,False,zero_eeg_control,0.3,0.35,3000,True,user_center_alpha_1p5,0.551042794011544,0.5440700503200503,0.5528734399027286,26,0.5547945205479452,0.5547945205479452,0.5439673752173753,584
V2-J,protocol_a_rollv2_cv3,C0p3-sample0p35-cap3000,2,2028,V2H-local-zero,False,zero_eeg_control,0.3,0.35,3000,True,user_center_alpha_2p0,0.551042794011544,0.5440700503200503,0.5924257053964167,26,0.5547945205479452,0.5547945205479452,0.5439673752173753,584
V2-J,protocol_a_rollv2_cv3,C0p3-sample0p35-cap3000,2,2028,V2H-local-zero,False,zero_eeg_control,0.3,0.35,3000,True,user_center_rate_beta_0p5,0.551042794011544,0.5440700503200503,0.5718985802667811,26,0.5547945205479452,0.5547945205479452,0.5439673752173753,584
V2-J,protocol_a_rollv2_cv3,C0p3-sample0p35-cap3000,2,2028,V2H-local-zero,False,zero_eeg_control,0.3,0.35,3000,True,user_center_rate_beta_1p0,0.551042794011544,0.5440700503200503,0.655687873261095,26,0.5547945205479452,0.5547945205479452,0.5439673752173753,584
V2-J,protocol_a_rollv2_cv3,C0p3-sample0p35-cap3000,2,2028,V2H-local-zero,False,zero_eeg_control,0.3,0.35,3000,True,user_center_rate_beta_1p5,0.551042794011544,0.5440700503200503,0.6932017308586347,26,0.5547945205479452,0.5547945205479452,0.5439673752173753,584
V2-J,protocol_a_rollv2_cv3,C0p3-sample0p35-cap3000,2,2028,V2H-local-zero,False,zero_eeg_control,0.3,0.35,3000,True,user_center_rate_beta_2p0,0.551042794011544,0.5440700503200503,0.7062189321603547,26,0.5547945205479452,0.5547945205479452,0.5439673752173753,584
V2-J,protocol_a_rollv2_cv3,C0p3-sample0p35-cap3000,2,2028,V2H-local-shuffle,False,shuffle_eeg_control,0.3,0.35,3000,True,raw,0.6267774846681096,0.6221640396640397,0.3267889711404356,26,0.6404109589041096,0.6404109589041096,0.648462185962186,584
V2-J,protocol_a_rollv2_cv3,C0p3-sample0p35-cap3000,2,2028,V2H-local-shuffle,False,shuffle_eeg_control,0.3,0.35,3000,True,fold_train_zscore,0.6267774846681096,0.6221640396640397,0.3267889711404356,26,0.6404109589041096,0.6404109589041096,0.648462185962186,584
V2-J,protocol_a_rollv2_cv3,C0p3-sample0p35-cap3000,2,2028,V2H-local-shuffle,False,shuffle_eeg_control,0.3,0.35,3000,True,user_train_center,0.6267774846681096,0.6221640396640397,0.39816900904767016,26,0.6404109589041096,0.6404109589041096,0.648462185962186,584
V2-J,protocol_a_rollv2_cv3,C0p3-sample0p35-cap3000,2,2028,V2H-local-shuffle,False,shuffle_eeg_control,0.3,0.35,3000,True,user_train_zscore,0.6267774846681096,0.6221640396640397,0.39984980152344174,26,0.6404109589041096,0.6404109589041096,0.648462185962186,584
V2-J,protocol_a_rollv2_cv3,C0p3-sample0p35-cap3000,2,2028,V2H-local-shuffle,False,shuffle_eeg_control,0.3,0.35,3000,True,user_center_alpha_0p5,0.6267774846681096,0.6221640396640397,0.3207810320781032,26,0.6404109589041096,0.6404109589041096,0.648462185962186,584
V2-J,protocol_a_rollv2_cv3,C0p3-sample0p35-cap3000,2,2028,V2H-local-shuffle,False,shuffle_eeg_control,0.3,0.35,3000,True,user_center_alpha_1p0,0.6267774846681096,0.6221640396640397,0.39816900904767016,26,0.6404109589041096,0.6404109589041096,0.648462185962186,584
V2-J,protocol_a_rollv2_cv3,C0p3-sample0p35-cap3000,2,2028,V2H-local-shuffle,False,shuffle_eeg_control,0.3,0.35,3000,True,user_center_alpha_1p5,0.6267774846681096,0.6221640396640397,0.616028323141294,26,0.6404109589041096,0.6404109589041096,0.648462185962186,584
V2-J,protocol_a_rollv2_cv3,C0p3-sample0p35-cap3000,2,2028,V2H-local-shuffle,False,shuffle_eeg_control,0.3,0.35,3000,True,user_center_alpha_2p0,0.6267774846681096,0.6221640396640397,0.6458892107427672,26,0.6404109589041096,0.6404109589041096,0.648462185962186,584
V2-J,protocol_a_rollv2_cv3,C0p3-sample0p35-cap3000,2,2028,V2H-local-shuffle,False,shuffle_eeg_control,0.3,0.35,3000,True,user_center_rate_beta_0p5,0.6267774846681096,0.6221640396640397,0.46865500840396235,26,0.6404109589041096,0.6404109589041096,0.648462185962186,584
V2-J,protocol_a_rollv2_cv3,C0p3-sample0p35-cap3000,2,2028,V2H-local-shuffle,False,shuffle_eeg_control,0.3,0.35,3000,True,user_center_rate_beta_1p0,0.6267774846681096,0.6221640396640397,0.5597754175160032,26,0.6404109589041096,0.6404109589041096,0.648462185962186,584
V2-J,protocol_a_rollv2_cv3,C0p3-sample0p35-cap3000,2,2028,V2H-local-shuffle,False,shuffle_eeg_control,0.3,0.35,3000,True,user_center_rate_beta_1p5,0.6267774846681096,0.6221640396640397,0.6292600936952402,26,0.6404109589041096,0.6404109589041096,0.648462185962186,584
V2-J,protocol_a_rollv2_cv3,C0p3-sample0p35-cap3000,2,2028,V2H-local-shuffle,False,shuffle_eeg_control,0.3,0.35,3000,True,user_center_rate_beta_2p0,0.6267774846681096,0.6221640396640397,0.6629832278367843,26,0.6404109589041096,0.6404109589041096,0.648462185962186,584
V2-J,protocol_a_rollv2_cv3,C0p3-sample0p35-cap3000,2,2028,V2H-local-real,True,real_eeg,0.3,0.35,3000,True,raw,0.630915404040404,0.6295780608280608,0.32957837141937557,26,0.660958904109589,0.660958904109589,0.6519307081807082,584
V2-J,protocol_a_rollv2_cv3,C0p3-sample0p35-cap3000,2,2028,V2H-local-real,True,real_eeg,0.3,0.35,3000,True,fold_train_zscore,0.630915404040404,0.6295780608280608,0.32957837141937557,26,0.660958904109589,0.660958904109589,0.6519307081807082,584
V2-J,protocol_a_rollv2_cv3,C0p3-sample0p35-cap3000,2,2028,V2H-local-real,True,real_eeg,0.3,0.35,3000,True,user_train_center,0.630915404040404,0.6295780608280608,0.4215928190823588,26,0.660958904109589,0.660958904109589,0.6519307081807082,584
V2-J,protocol_a_rollv2_cv3,C0p3-sample0p35-cap3000,2,2028,V2H-local-real,True,real_eeg,0.3,0.35,3000,True,user_train_zscore,0.630915404040404,0.6295780608280608,0.4142259414225941,26,0.660958904109589,0.660958904109589,0.6519307081807082,584
V2-J,protocol_a_rollv2_cv3,C0p3-sample0p35-cap3000,2,2028,V2H-local-real,True,real_eeg,0.3,0.35,3000,True,user_center_alpha_0p5,0.630915404040404,0.6295780608280608,0.32914923291492326,26,0.660958904109589,0.660958904109589,0.6519307081807082,584
V2-J,protocol_a_rollv2_cv3,C0p3-sample0p35-cap3000,2,2028,V2H-local-real,True,real_eeg,0.3,0.35,3000,True,user_center_alpha_1p0,0.630915404040404,0.6295780608280608,0.4215928190823588,26,0.660958904109589,0.660958904109589,0.6519307081807082,584
V2-J,protocol_a_rollv2_cv3,C0p3-sample0p35-cap3000,2,2028,V2H-local-real,True,real_eeg,0.3,0.35,3000,True,user_center_alpha_1p5,0.630915404040404,0.6295780608280608,0.5506919858384294,26,0.660958904109589,0.660958904109589,0.6519307081807082,584
V2-J,protocol_a_rollv2_cv3,C0p3-sample0p35-cap3000,2,2028,V2H-local-real,True,real_eeg,0.3,0.35,3000,True,user_center_alpha_2p0,0.630915404040404,0.6295780608280608,0.5925329900225298,26,0.660958904109589,0.660958904109589,0.6519307081807082,584
V2-J,protocol_a_rollv2_cv3,C0p3-sample0p35-cap3000,2,2028,V2H-local-real,True,real_eeg,0.3,0.35,3000,True,user_center_rate_beta_0p5,0.630915404040404,0.6295780608280608,0.45717555340986304,26,0.660958904109589,0.660958904109589,0.6519307081807082,584
V2-J,protocol_a_rollv2_cv3,C0p3-sample0p35-cap3000,2,2028,V2H-local-real,True,real_eeg,0.3,0.35,3000,True,user_center_rate_beta_1p0,0.630915404040404,0.6295780608280608,0.4963344419411365,26,0.660958904109589,0.660958904109589,0.6519307081807082,584
V2-J,protocol_a_rollv2_cv3,C0p3-sample0p35-cap3000,2,2028,V2H-local-real,True,real_eeg,0.3,0.35,3000,True,user_center_rate_beta_1p5,0.630915404040404,0.6295780608280608,0.5303436684189823,26,0.660958904109589,0.660958904109589,0.6519307081807082,584
V2-J,protocol_a_rollv2_cv3,C0p3-sample0p35-cap3000,2,2028,V2H-local-real,True,real_eeg,0.3,0.35,3000,True,user_center_rate_beta_2p0,0.630915404040404,0.6295780608280608,0.5515860243893717,26,0.660958904109589,0.660958904109589,0.6519307081807082,584
V2-J,protocol_a_rollv2_cv3,C0p3-sample0p35-cap3000,3,2028,V2H-local-H2_E0,False,H2_E0_non_eeg,0.3,0.35,3000,True,raw,0.5646544015425135,0.5834967578717579,0.35127810737566834,24,0.5614886731391586,0.5614886731391586,0.5907741510415013,618
V2-J,protocol_a_rollv2_cv3,C0p3-sample0p35-cap3000,3,2028,V2H-local-H2_E0,False,H2_E0_non_eeg,0.3,0.35,3000,True,fold_train_zscore,0.5646544015425135,0.5834967578717579,0.35127810737566834,24,0.5614886731391586,0.5614886731391586,0.5907741510415013,618
V2-J,protocol_a_rollv2_cv3,C0p3-sample0p35-cap3000,3,2028,V2H-local-H2_E0,False,H2_E0_non_eeg,0.3,0.35,3000,True,user_train_center,0.5646544015425135,0.5834967578717579,0.4005713030103274,24,0.5614886731391586,0.5614886731391586,0.5907741510415013,618
V2-J,protocol_a_rollv2_cv3,C0p3-sample0p35-cap3000,3,2028,V2H-local-H2_E0,False,H2_E0_non_eeg,0.3,0.35,3000,True,user_train_zscore,0.5646544015425135,0.5834967578717579,0.3974218120559584,24,0.5614886731391586,0.5614886731391586,0.5907741510415013,618
V2-J,protocol_a_rollv2_cv3,C0p3-sample0p35-cap3000,3,2028,V2H-local-H2_E0,False,H2_E0_non_eeg,0.3,0.35,3000,True,user_center_alpha_0p5,0.5646544015425135,0.5834967578717579,0.3532923167069508,24,0.5614886731391586,0.5614886731391586,0.5907741510415013,618
V2-J,protocol_a_rollv2_cv3,C0p3-sample0p35-cap3000,3,2028,V2H-local-H2_E0,False,H2_E0_non_eeg,0.3,0.35,3000,True,user_center_alpha_1p0,0.5646544015425135,0.5834967578717579,0.4005713030103274,24,0.5614886731391586,0.5614886731391586,0.5907741510415013,618
V2-J,protocol_a_rollv2_cv3,C0p3-sample0p35-cap3000,3,2028,V2H-local-H2_E0,False,H2_E0_non_eeg,0.3,0.35,3000,True,user_center_alpha_1p5,0.5646544015425135,0.5834967578717579,0.5359261700725115,24,0.5614886731391586,0.5614886731391586,0.5907741510415013,618
V2-J,protocol_a_rollv2_cv3,C0p3-sample0p35-cap3000,3,2028,V2H-local-H2_E0,False,H2_E0_non_eeg,0.3,0.35,3000,True,user_center_alpha_2p0,0.5646544015425135,0.5834967578717579,0.5829488024609977,24,0.5614886731391586,0.5614886731391586,0.5907741510415013,618
V2-J,protocol_a_rollv2_cv3,C0p3-sample0p35-cap3000,3,2028,V2H-local-H2_E0,False,H2_E0_non_eeg,0.3,0.35,3000,True,user_center_rate_beta_0p5,0.5646544015425135,0.5834967578717579,0.5247930857686955,24,0.5614886731391586,0.5614886731391586,0.5907741510415013,618
V2-J,protocol_a_rollv2_cv3,C0p3-sample0p35-cap3000,3,2028,V2H-local-H2_E0,False,H2_E0_non_eeg,0.3,0.35,3000,True,user_center_rate_beta_1p0,0.5646544015425135,0.5834967578717579,0.6350985131472937,24,0.5614886731391586,0.5614886731391586,0.5907741510415013,618
V2-J,protocol_a_rollv2_cv3,C0p3-sample0p35-cap3000,3,2028,V2H-local-H2_E0,False,H2_E0_non_eeg,0.3,0.35,3000,True,user_center_rate_beta_1p5,0.5646544015425135,0.5834967578717579,0.6751263458580532,24,0.5614886731391586,0.5614886731391586,0.5907741510415013,618
V2-J,protocol_a_rollv2_cv3,C0p3-sample0p35-cap3000,3,2028,V2H-local-H2_E0,False,H2_E0_non_eeg,0.3,0.35,3000,True,user_center_rate_beta_2p0,0.5646544015425135,0.5834967578717579,0.6874313337727972,24,0.5614886731391586,0.5614886731391586,0.5907741510415013,618
V2-J,protocol_a_rollv2_cv3,C0p3-sample0p35-cap3000,3,2028,V2H-local-zero,False,zero_eeg_control,0.3,0.35,3000,True,raw,0.5779798387315869,0.5995829671871339,0.3248004101662638,24,0.5760517799352751,0.5760517799352751,0.60540916974418,618
V2-J,protocol_a_rollv2_cv3,C0p3-sample0p35-cap3000,3,2028,V2H-local-zero,False,zero_eeg_control,0.3,0.35,3000,True,fold_train_zscore,0.5779798387315869,0.5995829671871339,0.3248004101662638,24,0.5760517799352751,0.5760517799352751,0.60540916974418,618
V2-J,protocol_a_rollv2_cv3,C0p3-sample0p35-cap3000,3,2028,V2H-local-zero,False,zero_eeg_control,0.3,0.35,3000,True,user_train_center,0.5779798387315869,0.5995829671871339,0.3880465831685344,24,0.5760517799352751,0.5760517799352751,0.60540916974418,618
V2-J,protocol_a_rollv2_cv3,C0p3-sample0p35-cap3000,3,2028,V2H-local-zero,False,zero_eeg_control,0.3,0.35,3000,True,user_train_zscore,0.5779798387315869,0.5995829671871339,0.3820039551746868,24,0.5760517799352751,0.5760517799352751,0.60540916974418,618
V2-J,protocol_a_rollv2_cv3,C0p3-sample0p35-cap3000,3,2028,V2H-local-zero,False,zero_eeg_control,0.3,0.35,3000,True,user_center_alpha_0p5,0.5779798387315869,0.5995829671871339,0.32238335896872483,24,0.5760517799352751,0.5760517799352751,0.60540916974418,618
V2-J,protocol_a_rollv2_cv3,C0p3-sample0p35-cap3000,3,2028,V2H-local-zero,False,zero_eeg_control,0.3,0.35,3000,True,user_center_alpha_1p0,0.5779798387315869,0.5995829671871339,0.3880465831685344,24,0.5760517799352751,0.5760517799352751,0.60540916974418,618
V2-J,protocol_a_rollv2_cv3,C0p3-sample0p35-cap3000,3,2028,V2H-local-zero,False,zero_eeg_control,0.3,0.35,3000,True,user_center_alpha_1p5,0.5779798387315869,0.5995829671871339,0.5619644034278181,24,0.5760517799352751,0.5760517799352751,0.60540916974418,618
V2-J,protocol_a_rollv2_cv3,C0p3-sample0p35-cap3000,3,2028,V2H-local-zero,False,zero_eeg_control,0.3,0.35,3000,True,user_center_alpha_2p0,0.5779798387315869,0.5995829671871339,0.6113674650260016,24,0.5760517799352751,0.5760517799352751,0.60540916974418,618
V2-J,protocol_a_rollv2_cv3,C0p3-sample0p35-cap3000,3,2028,V2H-local-zero,False,zero_eeg_control,0.3,0.35,3000,True,user_center_rate_beta_0p5,0.5779798387315869,0.5995829671871339,0.5129275617080495,24,0.5760517799352751,0.5760517799352751,0.60540916974418,618
V2-J,protocol_a_rollv2_cv3,C0p3-sample0p35-cap3000,3,2028,V2H-local-zero,False,zero_eeg_control,0.3,0.35,3000,True,user_center_rate_beta_1p0,0.5779798387315869,0.5995829671871339,0.6222075734270855,24,0.5760517799352751,0.5760517799352751,0.60540916974418,618
V2-J,protocol_a_rollv2_cv3,C0p3-sample0p35-cap3000,3,2028,V2H-local-zero,False,zero_eeg_control,0.3,0.35,3000,True,user_center_rate_beta_1p5,0.5779798387315869,0.5995829671871339,0.6624185160770527,24,0.5760517799352751,0.5760517799352751,0.60540916974418,618
V2-J,protocol_a_rollv2_cv3,C0p3-sample0p35-cap3000,3,2028,V2H-local-zero,False,zero_eeg_control,0.3,0.35,3000,True,user_center_rate_beta_2p0,0.5779798387315869,0.5995829671871339,0.6776166410312752,24,0.5760517799352751,0.5760517799352751,0.60540916974418,618
V2-J,protocol_a_rollv2_cv3,C0p3-sample0p35-cap3000,3,2028,V2H-local-shuffle,False,shuffle_eeg_control,0.3,0.35,3000,True,raw,0.6220236736845128,0.6302661381828049,0.35523328206255034,24,0.6213592233009708,0.6213592233009708,0.638309598378774,618
V2-J,protocol_a_rollv2_cv3,C0p3-sample0p35-cap3000,3,2028,V2H-local-shuffle,False,shuffle_eeg_control,0.3,0.35,3000,True,fold_train_zscore,0.6220236736845128,0.6302661381828049,0.35523328206255034,24,0.6213592233009708,0.6213592233009708,0.638309598378774,618
V2-J,protocol_a_rollv2_cv3,C0p3-sample0p35-cap3000,3,2028,V2H-local-shuffle,False,shuffle_eeg_control,0.3,0.35,3000,True,user_train_center,0.6220236736845128,0.6302661381828049,0.3526697429136454,24,0.6213592233009708,0.6213592233009708,0.638309598378774,618
V2-J,protocol_a_rollv2_cv3,C0p3-sample0p35-cap3000,3,2028,V2H-local-shuffle,False,shuffle_eeg_control,0.3,0.35,3000,True,user_train_zscore,0.6220236736845128,0.6302661381828049,0.35512341609902587,24,0.6213592233009708,0.6213592233009708,0.638309598378774,618
V2-J,protocol_a_rollv2_cv3,C0p3-sample0p35-cap3000,3,2028,V2H-local-shuffle,False,shuffle_eeg_control,0.3,0.35,3000,True,user_center_alpha_0p5,0.6220236736845128,0.6302661381828049,0.33743499597158133,24,0.6213592233009708,0.6213592233009708,0.638309598378774,618
V2-J,protocol_a_rollv2_cv3,C0p3-sample0p35-cap3000,3,2028,V2H-local-shuffle,False,shuffle_eeg_control,0.3,0.35,3000,True,user_center_alpha_1p0,0.6220236736845128,0.6302661381828049,0.3526697429136454,24,0.6213592233009708,0.6213592233009708,0.638309598378774,618
V2-J,protocol_a_rollv2_cv3,C0p3-sample0p35-cap3000,3,2028,V2H-local-shuffle,False,shuffle_eeg_control,0.3,0.35,3000,True,user_center_alpha_1p5,0.6220236736845128,0.6302661381828049,0.5234380722185601,24,0.6213592233009708,0.6213592233009708,0.638309598378774,618
V2-J,protocol_a_rollv2_cv3,C0p3-sample0p35-cap3000,3,2028,V2H-local-shuffle,False,shuffle_eeg_control,0.3,0.35,3000,True,user_center_alpha_2p0,0.6220236736845128,0.6302661381828049,0.556251373324544,24,0.6213592233009708,0.6213592233009708,0.638309598378774,618
V2-J,protocol_a_rollv2_cv3,C0p3-sample0p35-cap3000,3,2028,V2H-local-shuffle,False,shuffle_eeg_control,0.3,0.35,3000,True,user_center_rate_beta_0p5,0.6220236736845128,0.6302661381828049,0.4170145755511609,24,0.6213592233009708,0.6213592233009708,0.638309598378774,618
V2-J,protocol_a_rollv2_cv3,C0p3-sample0p35-cap3000,3,2028,V2H-local-shuffle,False,shuffle_eeg_control,0.3,0.35,3000,True,user_center_rate_beta_1p0,0.6220236736845128,0.6302661381828049,0.5000366219878415,24,0.6213592233009708,0.6213592233009708,0.638309598378774,618
V2-J,protocol_a_rollv2_cv3,C0p3-sample0p35-cap3000,3,2028,V2H-local-shuffle,False,shuffle_eeg_control,0.3,0.35,3000,True,user_center_rate_beta_1p5,0.6220236736845128,0.6302661381828049,0.5663224199809566,24,0.6213592233009708,0.6213592233009708,0.638309598378774,618
V2-J,protocol_a_rollv2_cv3,C0p3-sample0p35-cap3000,3,2028,V2H-local-shuffle,False,shuffle_eeg_control,0.3,0.35,3000,True,user_center_rate_beta_2p0,0.6220236736845128,0.6302661381828049,0.6012231743939062,24,0.6213592233009708,0.6213592233009708,0.638309598378774,618
V2-J,protocol_a_rollv2_cv3,C0p3-sample0p35-cap3000,3,2028,V2H-local-real,True,real_eeg,0.3,0.35,3000,True,raw,0.6634221256598879,0.6647462799546133,0.3606533362630923,24,0.6537216828478964,0.6537216828478964,0.6478039692827813,618
V2-J,protocol_a_rollv2_cv3,C0p3-sample0p35-cap3000,3,2028,V2H-local-real,True,real_eeg,0.3,0.35,3000,True,fold_train_zscore,0.6634221256598879,0.6647462799546133,0.3606533362630923,24,0.6537216828478964,0.6537216828478964,0.6478039692827813,618
V2-J,protocol_a_rollv2_cv3,C0p3-sample0p35-cap3000,3,2028,V2H-local-real,True,real_eeg,0.3,0.35,3000,True,user_train_center,0.6634221256598879,0.6647462799546133,0.42192192192192185,24,0.6537216828478964,0.6537216828478964,0.6478039692827813,618
V2-J,protocol_a_rollv2_cv3,C0p3-sample0p35-cap3000,3,2028,V2H-local-real,True,real_eeg,0.3,0.35,3000,True,user_train_zscore,0.6634221256598879,0.6647462799546133,0.4149271222441954,24,0.6537216828478964,0.6537216828478964,0.6478039692827813,618
V2-J,protocol_a_rollv2_cv3,C0p3-sample0p35-cap3000,3,2028,V2H-local-real,True,real_eeg,0.3,0.35,3000,True,user_center_alpha_0p5,0.6634221256598879,0.6647462799546133,0.35823628506555333,24,0.6537216828478964,0.6537216828478964,0.6478039692827813,618
V2-J,protocol_a_rollv2_cv3,C0p3-sample0p35-cap3000,3,2028,V2H-local-real,True,real_eeg,0.3,0.35,3000,True,user_center_alpha_1p0,0.6634221256598879,0.6647462799546133,0.42192192192192185,24,0.6537216828478964,0.6537216828478964,0.6478039692827813,618
V2-J,protocol_a_rollv2_cv3,C0p3-sample0p35-cap3000,3,2028,V2H-local-real,True,real_eeg,0.3,0.35,3000,True,user_center_alpha_1p5,0.6634221256598879,0.6647462799546133,0.510913352376767,24,0.6537216828478964,0.6537216828478964,0.6478039692827813,618
V2-J,protocol_a_rollv2_cv3,C0p3-sample0p35-cap3000,3,2028,V2H-local-real,True,real_eeg,0.3,0.35,3000,True,user_center_alpha_2p0,0.6634221256598879,0.6647462799546133,0.5586318025342415,24,0.6537216828478964,0.6537216828478964,0.6478039692827813,618
V2-J,protocol_a_rollv2_cv3,C0p3-sample0p35-cap3000,3,2028,V2H-local-real,True,real_eeg,0.3,0.35,3000,True,user_center_rate_beta_0p5,0.6634221256598879,0.6647462799546133,0.4551746868820039,24,0.6537216828478964,0.6537216828478964,0.6478039692827813,618
V2-J,protocol_a_rollv2_cv3,C0p3-sample0p35-cap3000,3,2028,V2H-local-real,True,real_eeg,0.3,0.35,3000,True,user_center_rate_beta_1p0,0.6634221256598879,0.6647462799546133,0.501245147586611,24,0.6537216828478964,0.6537216828478964,0.6478039692827813,618
V2-J,protocol_a_rollv2_cv3,C0p3-sample0p35-cap3000,3,2028,V2H-local-real,True,real_eeg,0.3,0.35,3000,True,user_center_rate_beta_1p5,0.6634221256598879,0.6647462799546133,0.5463634366073391,24,0.6537216828478964,0.6537216828478964,0.6478039692827813,618
V2-J,protocol_a_rollv2_cv3,C0p3-sample0p35-cap3000,3,2028,V2H-local-real,True,real_eeg,0.3,0.35,3000,True,user_center_rate_beta_2p0,0.6634221256598879,0.6647462799546133,0.575294807002124,24,0.6537216828478964,0.6537216828478964,0.6478039692827813,618
V2-J,protocol_a_rollv2_cv3,C0p3-sample0p35-cap3000,1,2029,V2H-local-H2_E0,False,H2_E0_non_eeg,0.3,0.35,3000,True,raw,0.5975672503284444,0.5910669621383907,0.42391530718500514,28,0.6270903010033445,0.6270903010033445,0.6062461282104138,598
V2-J,protocol_a_rollv2_cv3,C0p3-sample0p35-cap3000,1,2029,V2H-local-H2_E0,False,H2_E0_non_eeg,0.3,0.35,3000,True,fold_train_zscore,0.5975672503284444,0.5910669621383907,0.42391530718500514,28,0.6270903010033445,0.6270903010033445,0.6062461282104138,598
V2-J,protocol_a_rollv2_cv3,C0p3-sample0p35-cap3000,1,2029,V2H-local-H2_E0,False,H2_E0_non_eeg,0.3,0.35,3000,True,user_train_center,0.5975672503284444,0.5910669621383907,0.5590419993057966,28,0.6270903010033445,0.6270903010033445,0.6062461282104138,598
V2-J,protocol_a_rollv2_cv3,C0p3-sample0p35-cap3000,1,2029,V2H-local-H2_E0,False,H2_E0_non_eeg,0.3,0.35,3000,True,user_train_zscore,0.5975672503284444,0.5910669621383907,0.5529677195418258,28,0.6270903010033445,0.6270903010033445,0.6062461282104138,598
V2-J,protocol_a_rollv2_cv3,C0p3-sample0p35-cap3000,1,2029,V2H-local-H2_E0,False,H2_E0_non_eeg,0.3,0.35,3000,True,user_center_alpha_0p5,0.5975672503284444,0.5910669621383907,0.45716765012148564,28,0.6270903010033445,0.6270903010033445,0.6062461282104138,598
V2-J,protocol_a_rollv2_cv3,C0p3-sample0p35-cap3000,1,2029,V2H-local-H2_E0,False,H2_E0_non_eeg,0.3,0.35,3000,True,user_center_alpha_1p0,0.5975672503284444,0.5910669621383907,0.5590419993057966,28,0.6270903010033445,0.6270903010033445,0.6062461282104138,598
V2-J,protocol_a_rollv2_cv3,C0p3-sample0p35-cap3000,1,2029,V2H-local-H2_E0,False,H2_E0_non_eeg,0.3,0.35,3000,True,user_center_alpha_1p5,0.5975672503284444,0.5910669621383907,0.622075668170774,28,0.6270903010033445,0.6270903010033445,0.6062461282104138,598
V2-J,protocol_a_rollv2_cv3,C0p3-sample0p35-cap3000,1,2029,V2H-local-H2_E0,False,H2_E0_non_eeg,0.3,0.35,3000,True,user_center_alpha_2p0,0.5975672503284444,0.5910669621383907,0.6398125650815688,28,0.6270903010033445,0.6270903010033445,0.6062461282104138,598
V2-J,protocol_a_rollv2_cv3,C0p3-sample0p35-cap3000,1,2029,V2H-local-H2_E0,False,H2_E0_non_eeg,0.3,0.35,3000,True,user_center_rate_beta_0p5,0.5975672503284444,0.5910669621383907,0.6296424852481778,28,0.6270903010033445,0.6270903010033445,0.6062461282104138,598
V2-J,protocol_a_rollv2_cv3,C0p3-sample0p35-cap3000,1,2029,V2H-local-H2_E0,False,H2_E0_non_eeg,0.3,0.35,3000,True,user_center_rate_beta_1p0,0.5975672503284444,0.5910669621383907,0.6754599097535579,28,0.6270903010033445,0.6270903010033445,0.6062461282104138,598
V2-J,protocol_a_rollv2_cv3,C0p3-sample0p35-cap3000,1,2029,V2H-local-H2_E0,False,H2_E0_non_eeg,0.3,0.35,3000,True,user_center_rate_beta_1p5,0.5975672503284444,0.5910669621383907,0.6934744880249915,28,0.6270903010033445,0.6270903010033445,0.6062461282104138,598
V2-J,protocol_a_rollv2_cv3,C0p3-sample0p35-cap3000,1,2029,V2H-local-H2_E0,False,H2_E0_non_eeg,0.3,0.35,3000,True,user_center_rate_beta_2p0,0.5975672503284444,0.5910669621383907,0.6916001388406804,28,0.6270903010033445,0.6270903010033445,0.6062461282104138,598
V2-J,protocol_a_rollv2_cv3,C0p3-sample0p35-cap3000,1,2029,V2H-local-zero,False,zero_eeg_control,0.3,0.35,3000,True,raw,0.6298461157416382,0.6330035473785474,0.4111766747657063,28,0.6605351170568562,0.6605351170568562,0.6568698398162683,598
V2-J,protocol_a_rollv2_cv3,C0p3-sample0p35-cap3000,1,2029,V2H-local-zero,False,zero_eeg_control,0.3,0.35,3000,True,fold_train_zscore,0.6298461157416382,0.6330035473785474,0.4111766747657063,28,0.6605351170568562,0.6605351170568562,0.6568698398162683,598
V2-J,protocol_a_rollv2_cv3,C0p3-sample0p35-cap3000,1,2029,V2H-local-zero,False,zero_eeg_control,0.3,0.35,3000,True,user_train_center,0.6298461157416382,0.6330035473785474,0.5249566122874002,28,0.6605351170568562,0.6605351170568562,0.6568698398162683,598
V2-J,protocol_a_rollv2_cv3,C0p3-sample0p35-cap3000,1,2029,V2H-local-zero,False,zero_eeg_control,0.3,0.35,3000,True,user_train_zscore,0.6298461157416382,0.6330035473785474,0.5305449496702535,28,0.6605351170568562,0.6605351170568562,0.6568698398162683,598
V2-J,protocol_a_rollv2_cv3,C0p3-sample0p35-cap3000,1,2029,V2H-local-zero,False,zero_eeg_control,0.3,0.35,3000,True,user_center_alpha_0p5,0.6298461157416382,0.6330035473785474,0.4348837209302326,28,0.6605351170568562,0.6605351170568562,0.6568698398162683,598
V2-J,protocol_a_rollv2_cv3,C0p3-sample0p35-cap3000,1,2029,V2H-local-zero,False,zero_eeg_control,0.3,0.35,3000,True,user_center_alpha_1p0,0.6298461157416382,0.6330035473785474,0.5249566122874002,28,0.6605351170568562,0.6605351170568562,0.6568698398162683,598
V2-J,protocol_a_rollv2_cv3,C0p3-sample0p35-cap3000,1,2029,V2H-local-zero,False,zero_eeg_control,0.3,0.35,3000,True,user_center_alpha_1p5,0.6298461157416382,0.6330035473785474,0.610204790003471,28,0.6605351170568562,0.6605351170568562,0.6568698398162683,598
V2-J,protocol_a_rollv2_cv3,C0p3-sample0p35-cap3000,1,2029,V2H-local-zero,False,zero_eeg_control,0.3,0.35,3000,True,user_center_alpha_2p0,0.6298461157416382,0.6330035473785474,0.6289829920166609,28,0.6605351170568562,0.6605351170568562,0.6568698398162683,598
V2-J,protocol_a_rollv2_cv3,C0p3-sample0p35-cap3000,1,2029,V2H-local-zero,False,zero_eeg_control,0.3,0.35,3000,True,user_center_rate_beta_0p5,0.6298461157416382,0.6330035473785474,0.5995487677889622,28,0.6605351170568562,0.6605351170568562,0.6568698398162683,598
V2-J,protocol_a_rollv2_cv3,C0p3-sample0p35-cap3000,1,2029,V2H-local-zero,False,zero_eeg_control,0.3,0.35,3000,True,user_center_rate_beta_1p0,0.6298461157416382,0.6330035473785474,0.6559527941686915,28,0.6605351170568562,0.6605351170568562,0.6568698398162683,598
V2-J,protocol_a_rollv2_cv3,C0p3-sample0p35-cap3000,1,2029,V2H-local-zero,False,zero_eeg_control,0.3,0.35,3000,True,user_center_rate_beta_1p5,0.6298461157416382,0.6330035473785474,0.673724401249566,28,0.6605351170568562,0.6605351170568562,0.6568698398162683,598
V2-J,protocol_a_rollv2_cv3,C0p3-sample0p35-cap3000,1,2029,V2H-local-zero,False,zero_eeg_control,0.3,0.35,3000,True,user_center_rate_beta_2p0,0.6298461157416382,0.6330035473785474,0.6767094758764318,28,0.6605351170568562,0.6605351170568562,0.6568698398162683,598
V2-J,protocol_a_rollv2_cv3,C0p3-sample0p35-cap3000,1,2029,V2H-local-shuffle,False,shuffle_eeg_control,0.3,0.35,3000,True,raw,0.6413118390730331,0.6409292542774685,0.4238805970149254,28,0.6387959866220736,0.6387959866220736,0.6578523460666318,598
V2-J,protocol_a_rollv2_cv3,C0p3-sample0p35-cap3000,1,2029,V2H-local-shuffle,False,shuffle_eeg_control,0.3,0.35,3000,True,fold_train_zscore,0.6413118390730331,0.6409292542774685,0.4238805970149254,28,0.6387959866220736,0.6387959866220736,0.6578523460666318,598
V2-J,protocol_a_rollv2_cv3,C0p3-sample0p35-cap3000,1,2029,V2H-local-shuffle,False,shuffle_eeg_control,0.3,0.35,3000,True,user_train_center,0.6413118390730331,0.6409292542774685,0.5135716765012148,28,0.6387959866220736,0.6387959866220736,0.6578523460666318,598
V2-J,protocol_a_rollv2_cv3,C0p3-sample0p35-cap3000,1,2029,V2H-local-shuffle,False,shuffle_eeg_control,0.3,0.35,3000,True,user_train_zscore,0.6413118390730331,0.6409292542774685,0.5161402290871225,28,0.6387959866220736,0.6387959866220736,0.6578523460666318,598
V2-J,protocol_a_rollv2_cv3,C0p3-sample0p35-cap3000,1,2029,V2H-local-shuffle,False,shuffle_eeg_control,0.3,0.35,3000,True,user_center_alpha_0p5,0.6413118390730331,0.6409292542774685,0.43481430059007287,28,0.6387959866220736,0.6387959866220736,0.6578523460666318,598
V2-J,protocol_a_rollv2_cv3,C0p3-sample0p35-cap3000,1,2029,V2H-local-shuffle,False,shuffle_eeg_control,0.3,0.35,3000,True,user_center_alpha_1p0,0.6413118390730331,0.6409292542774685,0.5135716765012148,28,0.6387959866220736,0.6387959866220736,0.6578523460666318,598
V2-J,protocol_a_rollv2_cv3,C0p3-sample0p35-cap3000,1,2029,V2H-local-shuffle,False,shuffle_eeg_control,0.3,0.35,3000,True,user_center_alpha_1p5,0.6413118390730331,0.6409292542774685,0.5748351266921208,28,0.6387959866220736,0.6387959866220736,0.6578523460666318,598
V2-J,protocol_a_rollv2_cv3,C0p3-sample0p35-cap3000,1,2029,V2H-local-shuffle,False,shuffle_eeg_control,0.3,0.35,3000,True,user_center_alpha_2p0,0.6413118390730331,0.6409292542774685,0.5824019437695245,28,0.6387959866220736,0.6387959866220736,0.6578523460666318,598
V2-J,protocol_a_rollv2_cv3,C0p3-sample0p35-cap3000,1,2029,V2H-local-shuffle,False,shuffle_eeg_control,0.3,0.35,3000,True,user_center_rate_beta_0p5,0.6413118390730331,0.6409292542774685,0.578132592849705,28,0.6387959866220736,0.6387959866220736,0.6578523460666318,598
V2-J,protocol_a_rollv2_cv3,C0p3-sample0p35-cap3000,1,2029,V2H-local-shuffle,False,shuffle_eeg_control,0.3,0.35,3000,True,user_center_rate_beta_1p0,0.6413118390730331,0.6409292542774685,0.6287747309961819,28,0.6387959866220736,0.6387959866220736,0.6578523460666318,598
V2-J,protocol_a_rollv2_cv3,C0p3-sample0p35-cap3000,1,2029,V2H-local-shuffle,False,shuffle_eeg_control,0.3,0.35,3000,True,user_center_rate_beta_1p5,0.6413118390730331,0.6409292542774685,0.6568552585907671,28,0.6387959866220736,0.6387959866220736,0.6578523460666318,598
V2-J,protocol_a_rollv2_cv3,C0p3-sample0p35-cap3000,1,2029,V2H-local-shuffle,False,shuffle_eeg_control,0.3,0.35,3000,True,user_center_rate_beta_2p0,0.6413118390730331,0.6409292542774685,0.6659493231516833,28,0.6387959866220736,0.6387959866220736,0.6578523460666318,598
V2-J,protocol_a_rollv2_cv3,C0p3-sample0p35-cap3000,1,2029,V2H-local-real,True,real_eeg,0.3,0.35,3000,True,raw,0.7199800779651525,0.7194634697313268,0.42412356820548425,28,0.717391304347826,0.717391304347826,0.7316908455301314,598
V2-J,protocol_a_rollv2_cv3,C0p3-sample0p35-cap3000,1,2029,V2H-local-real,True,real_eeg,0.3,0.35,3000,True,fold_train_zscore,0.7199800779651525,0.7194634697313268,0.42412356820548425,28,0.717391304347826,0.717391304347826,0.7316908455301314,598
V2-J,protocol_a_rollv2_cv3,C0p3-sample0p35-cap3000,1,2029,V2H-local-real,True,real_eeg,0.3,0.35,3000,True,user_train_center,0.7199800779651525,0.7194634697313268,0.5178410274210344,28,0.717391304347826,0.717391304347826,0.7316908455301314,598
V2-J,protocol_a_rollv2_cv3,C0p3-sample0p35-cap3000,1,2029,V2H-local-real,True,real_eeg,0.3,0.35,3000,True,user_train_zscore,0.7199800779651525,0.7194634697313268,0.5128427629295383,28,0.717391304347826,0.717391304347826,0.7316908455301314,598
V2-J,protocol_a_rollv2_cv3,C0p3-sample0p35-cap3000,1,2029,V2H-local-real,True,real_eeg,0.3,0.35,3000,True,user_center_alpha_0p5,0.7199800779651525,0.7194634697313268,0.43238458868448454,28,0.717391304347826,0.717391304347826,0.7316908455301314,598
V2-J,protocol_a_rollv2_cv3,C0p3-sample0p35-cap3000,1,2029,V2H-local-real,True,real_eeg,0.3,0.35,3000,True,user_center_alpha_1p0,0.7199800779651525,0.7194634697313268,0.5178410274210344,28,0.717391304347826,0.717391304347826,0.7316908455301314,598
V2-J,protocol_a_rollv2_cv3,C0p3-sample0p35-cap3000,1,2029,V2H-local-real,True,real_eeg,0.3,0.35,3000,True,user_center_alpha_1p5,0.7199800779651525,0.7194634697313268,0.5828184658104825,28,0.717391304347826,0.717391304347826,0.7316908455301314,598
V2-J,protocol_a_rollv2_cv3,C0p3-sample0p35-cap3000,1,2029,V2H-local-real,True,real_eeg,0.3,0.35,3000,True,user_center_alpha_2p0,0.7199800779651525,0.7194634697313268,0.5839291912530371,28,0.717391304347826,0.717391304347826,0.7316908455301314,598
V2-J,protocol_a_rollv2_cv3,C0p3-sample0p35-cap3000,1,2029,V2H-local-real,True,real_eeg,0.3,0.35,3000,True,user_center_rate_beta_0p5,0.7199800779651525,0.7194634697313268,0.5513016313779937,28,0.717391304347826,0.717391304347826,0.7316908455301314,598
V2-J,protocol_a_rollv2_cv3,C0p3-sample0p35-cap3000,1,2029,V2H-local-real,True,real_eeg,0.3,0.35,3000,True,user_center_rate_beta_1p0,0.7199800779651525,0.7194634697313268,0.5814300590072892,28,0.717391304347826,0.717391304347826,0.7316908455301314,598
V2-J,protocol_a_rollv2_cv3,C0p3-sample0p35-cap3000,1,2029,V2H-local-real,True,real_eeg,0.3,0.35,3000,True,user_center_rate_beta_1p5,0.7199800779651525,0.7194634697313268,0.6036098576883027,28,0.717391304347826,0.717391304347826,0.7316908455301314,598
V2-J,protocol_a_rollv2_cv3,C0p3-sample0p35-cap3000,1,2029,V2H-local-real,True,real_eeg,0.3,0.35,3000,True,user_center_rate_beta_2p0,0.7199800779651525,0.7194634697313268,0.6191253037139881,28,0.717391304347826,0.717391304347826,0.7316908455301314,598
V2-J,protocol_a_rollv2_cv3,C0p3-sample0p35-cap3000,2,2029,V2H-local-H2_E0,False,H2_E0_non_eeg,0.3,0.35,3000,True,raw,0.5387205762987013,0.5356453731453731,0.3747451990129814,26,0.559931506849315,0.559931506849315,0.5481467606467606,584
V2-J,protocol_a_rollv2_cv3,C0p3-sample0p35-cap3000,2,2029,V2H-local-H2_E0,False,H2_E0_non_eeg,0.3,0.35,3000,True,fold_train_zscore,0.5387205762987013,0.5356453731453731,0.3747451990129814,26,0.559931506849315,0.559931506849315,0.5481467606467606,584
V2-J,protocol_a_rollv2_cv3,C0p3-sample0p35-cap3000,2,2029,V2H-local-H2_E0,False,H2_E0_non_eeg,0.3,0.35,3000,True,user_train_center,0.5387205762987013,0.5356453731453731,0.4748059936344454,26,0.559931506849315,0.559931506849315,0.5481467606467606,584
V2-J,protocol_a_rollv2_cv3,C0p3-sample0p35-cap3000,2,2029,V2H-local-H2_E0,False,H2_E0_non_eeg,0.3,0.35,3000,True,user_train_zscore,0.5387205762987013,0.5356453731453731,0.47634373994206625,26,0.559931506849315,0.559931506849315,0.5481467606467606,584
V2-J,protocol_a_rollv2_cv3,C0p3-sample0p35-cap3000,2,2029,V2H-local-H2_E0,False,H2_E0_non_eeg,0.3,0.35,3000,True,user_center_alpha_0p5,0.5387205762987013,0.5356453731453731,0.3926974931159032,26,0.559931506849315,0.559931506849315,0.5481467606467606,584
V2-J,protocol_a_rollv2_cv3,C0p3-sample0p35-cap3000,2,2029,V2H-local-H2_E0,False,H2_E0_non_eeg,0.3,0.35,3000,True,user_center_alpha_1p0,0.5387205762987013,0.5356453731453731,0.4748059936344454,26,0.559931506849315,0.559931506849315,0.5481467606467606,584
V2-J,protocol_a_rollv2_cv3,C0p3-sample0p35-cap3000,2,2029,V2H-local-H2_E0,False,H2_E0_non_eeg,0.3,0.35,3000,True,user_center_alpha_1p5,0.5387205762987013,0.5356453731453731,0.577727711618925,26,0.559931506849315,0.559931506849315,0.5481467606467606,584
V2-J,protocol_a_rollv2_cv3,C0p3-sample0p35-cap3000,2,2029,V2H-local-H2_E0,False,H2_E0_non_eeg,0.3,0.35,3000,True,user_center_alpha_2p0,0.5387205762987013,0.5356453731453731,0.6102349533311877,26,0.559931506849315,0.559931506849315,0.5481467606467606,584
V2-J,protocol_a_rollv2_cv3,C0p3-sample0p35-cap3000,2,2029,V2H-local-H2_E0,False,H2_E0_non_eeg,0.3,0.35,3000,True,user_center_rate_beta_0p5,0.5387205762987013,0.5356453731453731,0.5734005650323641,26,0.559931506849315,0.559931506849315,0.5481467606467606,584
V2-J,protocol_a_rollv2_cv3,C0p3-sample0p35-cap3000,2,2029,V2H-local-H2_E0,False,H2_E0_non_eeg,0.3,0.35,3000,True,user_center_rate_beta_1p0,0.5387205762987013,0.5356453731453731,0.6597289275113543,26,0.559931506849315,0.559931506849315,0.5481467606467606,584
V2-J,protocol_a_rollv2_cv3,C0p3-sample0p35-cap3000,2,2029,V2H-local-H2_E0,False,H2_E0_non_eeg,0.3,0.35,3000,True,user_center_rate_beta_1p5,0.5387205762987013,0.5356453731453731,0.6977076851553838,26,0.559931506849315,0.559931506849315,0.5481467606467606,584
V2-J,protocol_a_rollv2_cv3,C0p3-sample0p35-cap3000,2,2029,V2H-local-H2_E0,False,H2_E0_non_eeg,0.3,0.35,3000,True,user_center_rate_beta_2p0,0.5387205762987013,0.5356453731453731,0.7133354790258555,26,0.559931506849315,0.559931506849315,0.5481467606467606,584
V2-J,protocol_a_rollv2_cv3,C0p3-sample0p35-cap3000,2,2029,V2H-local-zero,False,zero_eeg_control,0.3,0.35,3000,True,raw,0.5504902822871574,0.5461797461797461,0.37252798340664456,26,0.5667808219178082,0.5667808219178082,0.5582225644725645,584
V2-J,protocol_a_rollv2_cv3,C0p3-sample0p35-cap3000,2,2029,V2H-local-zero,False,zero_eeg_control,0.3,0.35,3000,True,fold_train_zscore,0.5504902822871574,0.5461797461797461,0.37252798340664456,26,0.5667808219178082,0.5667808219178082,0.5582225644725645,584
V2-J,protocol_a_rollv2_cv3,C0p3-sample0p35-cap3000,2,2029,V2H-local-zero,False,zero_eeg_control,0.3,0.35,3000,True,user_train_center,0.5504902822871574,0.5461797461797461,0.4495225834137968,26,0.5667808219178082,0.5667808219178082,0.5582225644725645,584
V2-J,protocol_a_rollv2_cv3,C0p3-sample0p35-cap3000,2,2029,V2H-local-zero,False,zero_eeg_control,0.3,0.35,3000,True,user_train_zscore,0.5504902822871574,0.5461797461797461,0.4576046919143153,26,0.5667808219178082,0.5667808219178082,0.5582225644725645,584
V2-J,protocol_a_rollv2_cv3,C0p3-sample0p35-cap3000,2,2029,V2H-local-zero,False,zero_eeg_control,0.3,0.35,3000,True,user_center_alpha_0p5,0.5504902822871574,0.5461797461797461,0.37978757644029615,26,0.5667808219178082,0.5667808219178082,0.5582225644725645,584
V2-J,protocol_a_rollv2_cv3,C0p3-sample0p35-cap3000,2,2029,V2H-local-zero,False,zero_eeg_control,0.3,0.35,3000,True,user_center_alpha_1p0,0.5504902822871574,0.5461797461797461,0.4495225834137968,26,0.5667808219178082,0.5667808219178082,0.5582225644725645,584
V2-J,protocol_a_rollv2_cv3,C0p3-sample0p35-cap3000,2,2029,V2H-local-zero,False,zero_eeg_control,0.3,0.35,3000,True,user_center_alpha_1p5,0.5504902822871574,0.5461797461797461,0.5600615098523049,26,0.5667808219178082,0.5667808219178082,0.5582225644725645,584
V2-J,protocol_a_rollv2_cv3,C0p3-sample0p35-cap3000,2,2029,V2H-local-zero,False,zero_eeg_control,0.3,0.35,3000,True,user_center_alpha_2p0,0.5504902822871574,0.5461797461797461,0.5970747058613167,26,0.5667808219178082,0.5667808219178082,0.5582225644725645,584
V2-J,protocol_a_rollv2_cv3,C0p3-sample0p35-cap3000,2,2029,V2H-local-zero,False,zero_eeg_control,0.3,0.35,3000,True,user_center_rate_beta_0p5,0.5504902822871574,0.5461797461797461,0.5540893323320102,26,0.5667808219178082,0.5667808219178082,0.5582225644725645,584
V2-J,protocol_a_rollv2_cv3,C0p3-sample0p35-cap3000,2,2029,V2H-local-zero,False,zero_eeg_control,0.3,0.35,3000,True,user_center_rate_beta_1p0,0.5504902822871574,0.5461797461797461,0.6401316024746988,26,0.5667808219178082,0.5667808219178082,0.5582225644725645,584
V2-J,protocol_a_rollv2_cv3,C0p3-sample0p35-cap3000,2,2029,V2H-local-zero,False,zero_eeg_control,0.3,0.35,3000,True,user_center_rate_beta_1p5,0.5504902822871574,0.5461797461797461,0.68118585273397,26,0.5667808219178082,0.5667808219178082,0.5582225644725645,584
V2-J,protocol_a_rollv2_cv3,C0p3-sample0p35-cap3000,2,2029,V2H-local-zero,False,zero_eeg_control,0.3,0.35,3000,True,user_center_rate_beta_2p0,0.5504902822871574,0.5461797461797461,0.6970282158566677,26,0.5667808219178082,0.5667808219178082,0.5582225644725645,584
V2-J,protocol_a_rollv2_cv3,C0p3-sample0p35-cap3000,2,2029,V2H-local-shuffle,False,shuffle_eeg_control,0.3,0.35,3000,True,raw,0.6414720869408369,0.6385627798127799,0.33118764081107177,26,0.6472602739726028,0.6472602739726028,0.6557743182743182,584
V2-J,protocol_a_rollv2_cv3,C0p3-sample0p35-cap3000,2,2029,V2H-local-shuffle,False,shuffle_eeg_control,0.3,0.35,3000,True,fold_train_zscore,0.6414720869408369,0.6385627798127799,0.33118764081107177,26,0.6472602739726028,0.6472602739726028,0.6557743182743182,584
V2-J,protocol_a_rollv2_cv3,C0p3-sample0p35-cap3000,2,2029,V2H-local-shuffle,False,shuffle_eeg_control,0.3,0.35,3000,True,user_train_center,0.6414720869408369,0.6385627798127799,0.3944140471337125,26,0.6472602739726028,0.6472602739726028,0.6557743182743182,584
V2-J,protocol_a_rollv2_cv3,C0p3-sample0p35-cap3000,2,2029,V2H-local-shuffle,False,shuffle_eeg_control,0.3,0.35,3000,True,user_train_zscore,0.6414720869408369,0.6385627798127799,0.3934484854986947,26,0.6472602739726028,0.6472602739726028,0.6557743182743182,584
V2-J,protocol_a_rollv2_cv3,C0p3-sample0p35-cap3000,2,2029,V2H-local-shuffle,False,shuffle_eeg_control,0.3,0.35,3000,True,user_center_alpha_0p5,0.6414720869408369,0.6385627798127799,0.3325108178664664,26,0.6472602739726028,0.6472602739726028,0.6557743182743182,584
V2-J,protocol_a_rollv2_cv3,C0p3-sample0p35-cap3000,2,2029,V2H-local-shuffle,False,shuffle_eeg_control,0.3,0.35,3000,True,user_center_alpha_1p0,0.6414720869408369,0.6385627798127799,0.3944140471337125,26,0.6472602739726028,0.6472602739726028,0.6557743182743182,584
V2-J,protocol_a_rollv2_cv3,C0p3-sample0p35-cap3000,2,2029,V2H-local-shuffle,False,shuffle_eeg_control,0.3,0.35,3000,True,user_center_alpha_1p5,0.6414720869408369,0.6385627798127799,0.623109108464757,26,0.6472602739726028,0.6472602739726028,0.6557743182743182,584
V2-J,protocol_a_rollv2_cv3,C0p3-sample0p35-cap3000,2,2029,V2H-local-shuffle,False,shuffle_eeg_control,0.3,0.35,3000,True,user_center_alpha_2p0,0.6414720869408369,0.6385627798127799,0.6492150341522727,26,0.6472602739726028,0.6472602739726028,0.6557743182743182,584
V2-J,protocol_a_rollv2_cv3,C0p3-sample0p35-cap3000,2,2029,V2H-local-shuffle,False,shuffle_eeg_control,0.3,0.35,3000,True,user_center_rate_beta_0p5,0.6414720869408369,0.6385627798127799,0.46189607695883844,26,0.6472602739726028,0.6472602739726028,0.6557743182743182,584
V2-J,protocol_a_rollv2_cv3,C0p3-sample0p35-cap3000,2,2029,V2H-local-shuffle,False,shuffle_eeg_control,0.3,0.35,3000,True,user_center_rate_beta_1p0,0.6414720869408369,0.6385627798127799,0.5603118406465687,26,0.6472602739726028,0.6472602739726028,0.6557743182743182,584
V2-J,protocol_a_rollv2_cv3,C0p3-sample0p35-cap3000,2,2029,V2H-local-shuffle,False,shuffle_eeg_control,0.3,0.35,3000,True,user_center_rate_beta_1p5,0.6414720869408369,0.6385627798127799,0.6314773093015771,26,0.6472602739726028,0.6472602739726028,0.6557743182743182,584
V2-J,protocol_a_rollv2_cv3,C0p3-sample0p35-cap3000,2,2029,V2H-local-shuffle,False,shuffle_eeg_control,0.3,0.35,3000,True,user_center_rate_beta_2p0,0.6414720869408369,0.6385627798127799,0.6766798984372207,26,0.6472602739726028,0.6472602739726028,0.6557743182743182,584
V2-J,protocol_a_rollv2_cv3,C0p3-sample0p35-cap3000,2,2029,V2H-local-real,True,real_eeg,0.3,0.35,3000,True,raw,0.6088724296536796,0.6081111943611943,0.3471730501019204,26,0.6626712328767124,0.6626712328767124,0.6329705017205018,584
V2-J,protocol_a_rollv2_cv3,C0p3-sample0p35-cap3000,2,2029,V2H-local-real,True,real_eeg,0.3,0.35,3000,True,fold_train_zscore,0.6088724296536796,0.6081111943611943,0.3471730501019204,26,0.6626712328767124,0.6626712328767124,0.6329705017205018,584
V2-J,protocol_a_rollv2_cv3,C0p3-sample0p35-cap3000,2,2029,V2H-local-real,True,real_eeg,0.3,0.35,3000,True,user_train_center,0.6088724296536796,0.6081111943611943,0.46225369237921543,26,0.6626712328767124,0.6626712328767124,0.6329705017205018,584
V2-J,protocol_a_rollv2_cv3,C0p3-sample0p35-cap3000,2,2029,V2H-local-real,True,real_eeg,0.3,0.35,3000,True,user_train_zscore,0.6088724296536796,0.6081111943611943,0.46093051532382073,26,0.6626712328767124,0.6626712328767124,0.6329705017205018,584
V2-J,protocol_a_rollv2_cv3,C0p3-sample0p35-cap3000,2,2029,V2H-local-real,True,real_eeg,0.3,0.35,3000,True,user_center_alpha_0p5,0.6088724296536796,0.6081111943611943,0.363980974859636,26,0.6626712328767124,0.6626712328767124,0.6329705017205018,584
V2-J,protocol_a_rollv2_cv3,C0p3-sample0p35-cap3000,2,2029,V2H-local-real,True,real_eeg,0.3,0.35,3000,True,user_center_alpha_1p0,0.6088724296536796,0.6081111943611943,0.46225369237921543,26,0.6626712328767124,0.6626712328767124,0.6329705017205018,584
V2-J,protocol_a_rollv2_cv3,C0p3-sample0p35-cap3000,2,2029,V2H-local-real,True,real_eeg,0.3,0.35,3000,True,user_center_alpha_1p5,0.6088724296536796,0.6081111943611943,0.5632800486356971,26,0.6626712328767124,0.6626712328767124,0.6329705017205018,584
V2-J,protocol_a_rollv2_cv3,C0p3-sample0p35-cap3000,2,2029,V2H-local-real,True,real_eeg,0.3,0.35,3000,True,user_center_alpha_2p0,0.6088724296536796,0.6081111943611943,0.5967528519829775,26,0.6626712328767124,0.6626712328767124,0.6329705017205018,584
V2-J,protocol_a_rollv2_cv3,C0p3-sample0p35-cap3000,2,2029,V2H-local-real,True,real_eeg,0.3,0.35,3000,True,user_center_rate_beta_0p5,0.6088724296536796,0.6081111943611943,0.4955119264742695,26,0.6626712328767124,0.6626712328767124,0.6329705017205018,584
V2-J,protocol_a_rollv2_cv3,C0p3-sample0p35-cap3000,2,2029,V2H-local-real,True,real_eeg,0.3,0.35,3000,True,user_center_rate_beta_1p0,0.6088724296536796,0.6081111943611943,0.5237277831420091,26,0.6626712328767124,0.6626712328767124,0.6329705017205018,584
V2-J,protocol_a_rollv2_cv3,C0p3-sample0p35-cap3000,2,2029,V2H-local-real,True,real_eeg,0.3,0.35,3000,True,user_center_rate_beta_1p5,0.6088724296536796,0.6081111943611943,0.5472231162607732,26,0.6626712328767124,0.6626712328767124,0.6329705017205018,584
V2-J,protocol_a_rollv2_cv3,C0p3-sample0p35-cap3000,2,2029,V2H-local-real,True,real_eeg,0.3,0.35,3000,True,user_center_rate_beta_2p0,0.6088724296536796,0.6081111943611943,0.5678217644744841,26,0.6626712328767124,0.6626712328767124,0.6329705017205018,584
V2-J,protocol_a_rollv2_cv3,C0p3-sample0p35-cap3000,3,2029,V2H-local-H2_E0,False,H2_E0_non_eeg,0.3,0.35,3000,True,raw,0.594208268421555,0.6107434694934696,0.34622427305354136,24,0.5954692556634305,0.5954692556634305,0.6131557732307539,618
V2-J,protocol_a_rollv2_cv3,C0p3-sample0p35-cap3000,3,2029,V2H-local-H2_E0,False,H2_E0_non_eeg,0.3,0.35,3000,True,fold_train_zscore,0.594208268421555,0.6107434694934696,0.34622427305354136,24,0.5954692556634305,0.5954692556634305,0.6131557732307539,618
V2-J,protocol_a_rollv2_cv3,C0p3-sample0p35-cap3000,3,2029,V2H-local-H2_E0,False,H2_E0_non_eeg,0.3,0.35,3000,True,user_train_center,0.594208268421555,0.6107434694934696,0.3908298542444884,24,0.5954692556634305,0.5954692556634305,0.6131557732307539,618
V2-J,protocol_a_rollv2_cv3,C0p3-sample0p35-cap3000,3,2029,V2H-local-H2_E0,False,H2_E0_non_eeg,0.3,0.35,3000,True,user_train_zscore,0.594208268421555,0.6107434694934696,0.38877902292536437,24,0.5954692556634305,0.5954692556634305,0.6131557732307539,618
V2-J,protocol_a_rollv2_cv3,C0p3-sample0p35-cap3000,3,2029,V2H-local-H2_E0,False,H2_E0_non_eeg,0.3,0.35,3000,True,user_center_alpha_0p5,0.594208268421555,0.6107434694934696,0.34684684684684686,24,0.5954692556634305,0.5954692556634305,0.6131557732307539,618
V2-J,protocol_a_rollv2_cv3,C0p3-sample0p35-cap3000,3,2029,V2H-local-H2_E0,False,H2_E0_non_eeg,0.3,0.35,3000,True,user_center_alpha_1p0,0.594208268421555,0.6107434694934696,0.3908298542444884,24,0.5954692556634305,0.5954692556634305,0.6131557732307539,618
V2-J,protocol_a_rollv2_cv3,C0p3-sample0p35-cap3000,3,2029,V2H-local-H2_E0,False,H2_E0_non_eeg,0.3,0.35,3000,True,user_center_alpha_1p5,0.594208268421555,0.6107434694934696,0.5338387167655461,24,0.5954692556634305,0.5954692556634305,0.6131557732307539,618
V2-J,protocol_a_rollv2_cv3,C0p3-sample0p35-cap3000,3,2029,V2H-local-H2_E0,False,H2_E0_non_eeg,0.3,0.35,3000,True,user_center_alpha_2p0,0.594208268421555,0.6107434694934696,0.5871603310627701,24,0.5954692556634305,0.5954692556634305,0.6131557732307539,618
V2-J,protocol_a_rollv2_cv3,C0p3-sample0p35-cap3000,3,2029,V2H-local-H2_E0,False,H2_E0_non_eeg,0.3,0.35,3000,True,user_center_rate_beta_0p5,0.594208268421555,0.6107434694934696,0.51611367465026,24,0.5954692556634305,0.5954692556634305,0.6131557732307539,618
V2-J,protocol_a_rollv2_cv3,C0p3-sample0p35-cap3000,3,2029,V2H-local-H2_E0,False,H2_E0_non_eeg,0.3,0.35,3000,True,user_center_rate_beta_1p0,0.594208268421555,0.6107434694934696,0.6326448399619132,24,0.5954692556634305,0.5954692556634305,0.6131557732307539,618
V2-J,protocol_a_rollv2_cv3,C0p3-sample0p35-cap3000,3,2029,V2H-local-H2_E0,False,H2_E0_non_eeg,0.3,0.35,3000,True,user_center_rate_beta_1p5,0.594208268421555,0.6107434694934696,0.6708781952684392,24,0.5954692556634305,0.5954692556634305,0.6131557732307539,618
V2-J,protocol_a_rollv2_cv3,C0p3-sample0p35-cap3000,3,2029,V2H-local-H2_E0,False,H2_E0_non_eeg,0.3,0.35,3000,True,user_center_rate_beta_2p0,0.594208268421555,0.6107434694934696,0.6835127810737567,24,0.5954692556634305,0.5954692556634305,0.6131557732307539,618
V2-J,protocol_a_rollv2_cv3,C0p3-sample0p35-cap3000,3,2029,V2H-local-zero,False,zero_eeg_control,0.3,0.35,3000,True,raw,0.5391528925619834,0.557341019320186,0.32494689811762983,24,0.540453074433657,0.540453074433657,0.5620834829479372,618
V2-J,protocol_a_rollv2_cv3,C0p3-sample0p35-cap3000,3,2029,V2H-local-zero,False,zero_eeg_control,0.3,0.35,3000,True,fold_train_zscore,0.5391528925619834,0.557341019320186,0.32494689811762983,24,0.540453074433657,0.540453074433657,0.5620834829479372,618
V2-J,protocol_a_rollv2_cv3,C0p3-sample0p35-cap3000,3,2029,V2H-local-zero,False,zero_eeg_control,0.3,0.35,3000,True,user_train_center,0.5391528925619834,0.557341019320186,0.3998388632534974,24,0.540453074433657,0.540453074433657,0.5620834829479372,618
V2-J,protocol_a_rollv2_cv3,C0p3-sample0p35-cap3000,3,2029,V2H-local-zero,False,zero_eeg_control,0.3,0.35,3000,True,user_train_zscore,0.5391528925619834,0.557341019320186,0.3935398813447594,24,0.540453074433657,0.540453074433657,0.5620834829479372,618
V2-J,protocol_a_rollv2_cv3,C0p3-sample0p35-cap3000,3,2029,V2H-local-zero,False,zero_eeg_control,0.3,0.35,3000,True,user_center_alpha_0p5,0.5391528925619834,0.557341019320186,0.3293049146707683,24,0.540453074433657,0.540453074433657,0.5620834829479372,618
V2-J,protocol_a_rollv2_cv3,C0p3-sample0p35-cap3000,3,2029,V2H-local-zero,False,zero_eeg_control,0.3,0.35,3000,True,user_center_alpha_1p0,0.5391528925619834,0.557341019320186,0.3998388632534974,24,0.540453074433657,0.540453074433657,0.5620834829479372,618
V2-J,protocol_a_rollv2_cv3,C0p3-sample0p35-cap3000,3,2029,V2H-local-zero,False,zero_eeg_control,0.3,0.35,3000,True,user_center_alpha_1p5,0.5391528925619834,0.557341019320186,0.561744671500769,24,0.540453074433657,0.540453074433657,0.5620834829479372,618
V2-J,protocol_a_rollv2_cv3,C0p3-sample0p35-cap3000,3,2029,V2H-local-zero,False,zero_eeg_control,0.3,0.35,3000,True,user_center_alpha_2p0,0.5391528925619834,0.557341019320186,0.6122097707463561,24,0.540453074433657,0.540453074433657,0.5620834829479372,618
V2-J,protocol_a_rollv2_cv3,C0p3-sample0p35-cap3000,3,2029,V2H-local-zero,False,zero_eeg_control,0.3,0.35,3000,True,user_center_rate_beta_0p5,0.5391528925619834,0.557341019320186,0.5156009668204791,24,0.540453074433657,0.540453074433657,0.5620834829479372,618
V2-J,protocol_a_rollv2_cv3,C0p3-sample0p35-cap3000,3,2029,V2H-local-zero,False,zero_eeg_control,0.3,0.35,3000,True,user_center_rate_beta_1p0,0.5391528925619834,0.557341019320186,0.6261993701018091,24,0.540453074433657,0.540453074433657,0.5620834829479372,618
V2-J,protocol_a_rollv2_cv3,C0p3-sample0p35-cap3000,3,2029,V2H-local-zero,False,zero_eeg_control,0.3,0.35,3000,True,user_center_rate_beta_1p5,0.5391528925619834,0.557341019320186,0.6660807148612027,24,0.540453074433657,0.540453074433657,0.5620834829479372,618
V2-J,protocol_a_rollv2_cv3,C0p3-sample0p35-cap3000,3,2029,V2H-local-zero,False,zero_eeg_control,0.3,0.35,3000,True,user_center_rate_beta_2p0,0.5391528925619834,0.557341019320186,0.6791547645206182,24,0.540453074433657,0.540453074433657,0.5620834829479372,618
V2-J,protocol_a_rollv2_cv3,C0p3-sample0p35-cap3000,3,2029,V2H-local-shuffle,False,shuffle_eeg_control,0.3,0.35,3000,True,raw,0.637013607992629,0.647729812625646,0.3553431480260748,24,0.6359223300970874,0.6359223300970874,0.658165041663655,618
V2-J,protocol_a_rollv2_cv3,C0p3-sample0p35-cap3000,3,2029,V2H-local-shuffle,False,shuffle_eeg_control,0.3,0.35,3000,True,fold_train_zscore,0.637013607992629,0.647729812625646,0.3553431480260748,24,0.6359223300970874,0.6359223300970874,0.658165041663655,618
V2-J,protocol_a_rollv2_cv3,C0p3-sample0p35-cap3000,3,2029,V2H-local-shuffle,False,shuffle_eeg_control,0.3,0.35,3000,True,user_train_center,0.637013607992629,0.647729812625646,0.3323811616494543,24,0.6359223300970874,0.6359223300970874,0.658165041663655,618
V2-J,protocol_a_rollv2_cv3,C0p3-sample0p35-cap3000,3,2029,V2H-local-shuffle,False,shuffle_eeg_control,0.3,0.35,3000,True,user_train_zscore,0.637013607992629,0.647729812625646,0.3358968724822384,24,0.6359223300970874,0.6359223300970874,0.658165041663655,618
V2-J,protocol_a_rollv2_cv3,C0p3-sample0p35-cap3000,3,2029,V2H-local-shuffle,False,shuffle_eeg_control,0.3,0.35,3000,True,user_center_alpha_0p5,0.637013607992629,0.647729812625646,0.3362630923606534,24,0.6359223300970874,0.6359223300970874,0.658165041663655,618
V2-J,protocol_a_rollv2_cv3,C0p3-sample0p35-cap3000,3,2029,V2H-local-shuffle,False,shuffle_eeg_control,0.3,0.35,3000,True,user_center_alpha_1p0,0.637013607992629,0.647729812625646,0.3323811616494543,24,0.6359223300970874,0.6359223300970874,0.658165041663655,618
V2-J,protocol_a_rollv2_cv3,C0p3-sample0p35-cap3000,3,2029,V2H-local-shuffle,False,shuffle_eeg_control,0.3,0.35,3000,True,user_center_alpha_1p5,0.637013607992629,0.647729812625646,0.523364828242877,24,0.6359223300970874,0.6359223300970874,0.658165041663655,618
V2-J,protocol_a_rollv2_cv3,C0p3-sample0p35-cap3000,3,2029,V2H-local-shuffle,False,shuffle_eeg_control,0.3,0.35,3000,True,user_center_alpha_2p0,0.637013607992629,0.647729812625646,0.5518201127957225,24,0.6359223300970874,0.6359223300970874,0.658165041663655,618
V2-J,protocol_a_rollv2_cv3,C0p3-sample0p35-cap3000,3,2029,V2H-local-shuffle,False,shuffle_eeg_control,0.3,0.35,3000,True,user_center_rate_beta_0p5,0.637013607992629,0.647729812625646,0.3931004174906614,24,0.6359223300970874,0.6359223300970874,0.658165041663655,618
V2-J,protocol_a_rollv2_cv3,C0p3-sample0p35-cap3000,3,2029,V2H-local-shuffle,False,shuffle_eeg_control,0.3,0.35,3000,True,user_center_rate_beta_1p0,0.637013607992629,0.647729812625646,0.47191093532556944,24,0.6359223300970874,0.6359223300970874,0.658165041663655,618
V2-J,protocol_a_rollv2_cv3,C0p3-sample0p35-cap3000,3,2029,V2H-local-shuffle,False,shuffle_eeg_control,0.3,0.35,3000,True,user_center_rate_beta_1p5,0.637013607992629,0.647729812625646,0.5414194682487365,24,0.6359223300970874,0.6359223300970874,0.658165041663655,618
V2-J,protocol_a_rollv2_cv3,C0p3-sample0p35-cap3000,3,2029,V2H-local-shuffle,False,shuffle_eeg_control,0.3,0.35,3000,True,user_center_rate_beta_2p0,0.637013607992629,0.647729812625646,0.5878927708196,24,0.6359223300970874,0.6359223300970874,0.658165041663655,618
V2-J,protocol_a_rollv2_cv3,C0p3-sample0p35-cap3000,3,2029,V2H-local-real,True,real_eeg,0.3,0.35,3000,True,raw,0.6886174625685115,0.6900620598537266,0.3606167142752509,24,0.6779935275080906,0.6779935275080906,0.6833061381868141,618
V2-J,protocol_a_rollv2_cv3,C0p3-sample0p35-cap3000,3,2029,V2H-local-real,True,real_eeg,0.3,0.35,3000,True,fold_train_zscore,0.6886174625685115,0.6900620598537266,0.3606167142752509,24,0.6779935275080906,0.6779935275080906,0.6833061381868141,618
V2-J,protocol_a_rollv2_cv3,C0p3-sample0p35-cap3000,3,2029,V2H-local-real,True,real_eeg,0.3,0.35,3000,True,user_train_center,0.6886174625685115,0.6900620598537266,0.4071998828096389,24,0.6779935275080906,0.6779935275080906,0.6833061381868141,618
V2-J,protocol_a_rollv2_cv3,C0p3-sample0p35-cap3000,3,2029,V2H-local-real,True,real_eeg,0.3,0.35,3000,True,user_train_zscore,0.6886174625685115,0.6900620598537266,0.41071559364242294,24,0.6779935275080906,0.6779935275080906,0.6833061381868141,618
V2-J,protocol_a_rollv2_cv3,C0p3-sample0p35-cap3000,3,2029,V2H-local-real,True,real_eeg,0.3,0.35,3000,True,user_center_alpha_0p5,0.6886174625685115,0.6900620598537266,0.35966454259137187,24,0.6779935275080906,0.6779935275080906,0.6833061381868141,618
V2-J,protocol_a_rollv2_cv3,C0p3-sample0p35-cap3000,3,2029,V2H-local-real,True,real_eeg,0.3,0.35,3000,True,user_center_alpha_1p0,0.6886174625685115,0.6900620598537266,0.4071998828096389,24,0.6779935275080906,0.6779935275080906,0.6833061381868141,618
V2-J,protocol_a_rollv2_cv3,C0p3-sample0p35-cap3000,3,2029,V2H-local-real,True,real_eeg,0.3,0.35,3000,True,user_center_alpha_1p5,0.6886174625685115,0.6900620598537266,0.5409433824067971,24,0.6779935275080906,0.6779935275080906,0.6833061381868141,618
V2-J,protocol_a_rollv2_cv3,C0p3-sample0p35-cap3000,3,2029,V2H-local-real,True,real_eeg,0.3,0.35,3000,True,user_center_alpha_2p0,0.6886174625685115,0.6900620598537266,0.5928001171903611,24,0.6779935275080906,0.6779935275080906,0.6833061381868141,618
V2-J,protocol_a_rollv2_cv3,C0p3-sample0p35-cap3000,3,2029,V2H-local-real,True,real_eeg,0.3,0.35,3000,True,user_center_rate_beta_0p5,0.6886174625685115,0.6900620598537266,0.44103859957518493,24,0.6779935275080906,0.6779935275080906,0.6833061381868141,618
V2-J,protocol_a_rollv2_cv3,C0p3-sample0p35-cap3000,3,2029,V2H-local-real,True,real_eeg,0.3,0.35,3000,True,user_center_rate_beta_1p0,0.6886174625685115,0.6900620598537266,0.482860909690178,24,0.6779935275080906,0.6779935275080906,0.6833061381868141,618
V2-J,protocol_a_rollv2_cv3,C0p3-sample0p35-cap3000,3,2029,V2H-local-real,True,real_eeg,0.3,0.35,3000,True,user_center_rate_beta_1p5,0.6886174625685115,0.6900620598537266,0.5262213432945141,24,0.6779935275080906,0.6779935275080906,0.6833061381868141,618
V2-J,protocol_a_rollv2_cv3,C0p3-sample0p35-cap3000,3,2029,V2H-local-real,True,real_eeg,0.3,0.35,3000,True,user_center_rate_beta_2p0,0.6886174625685115,0.6900620598537266,0.5682633853365561,24,0.6779935275080906,0.6779935275080906,0.6833061381868141,618
V2-J,protocol_a_rollv2_cv3,C0p3-sample0p35-cap3000,1,2030,V2H-local-H2_E0,False,H2_E0_non_eeg,0.3,0.35,3000,True,raw,0.621067821067821,0.618623415275201,0.4186393613328706,28,0.6588628762541806,0.6588628762541806,0.661638431013431,598
V2-J,protocol_a_rollv2_cv3,C0p3-sample0p35-cap3000,1,2030,V2H-local-H2_E0,False,H2_E0_non_eeg,0.3,0.35,3000,True,fold_train_zscore,0.621067821067821,0.618623415275201,0.4186393613328706,28,0.6588628762541806,0.6588628762541806,0.661638431013431,598
V2-J,protocol_a_rollv2_cv3,C0p3-sample0p35-cap3000,1,2030,V2H-local-H2_E0,False,H2_E0_non_eeg,0.3,0.35,3000,True,user_train_center,0.621067821067821,0.618623415275201,0.555848663658452,28,0.6588628762541806,0.6588628762541806,0.661638431013431,598
V2-J,protocol_a_rollv2_cv3,C0p3-sample0p35-cap3000,1,2030,V2H-local-H2_E0,False,H2_E0_non_eeg,0.3,0.35,3000,True,user_train_zscore,0.621067821067821,0.618623415275201,0.5486289482818465,28,0.6588628762541806,0.6588628762541806,0.661638431013431,598
V2-J,protocol_a_rollv2_cv3,C0p3-sample0p35-cap3000,1,2030,V2H-local-H2_E0,False,H2_E0_non_eeg,0.3,0.35,3000,True,user_center_alpha_0p5,0.621067821067821,0.618623415275201,0.45487677889621664,28,0.6588628762541806,0.6588628762541806,0.661638431013431,598
V2-J,protocol_a_rollv2_cv3,C0p3-sample0p35-cap3000,1,2030,V2H-local-H2_E0,False,H2_E0_non_eeg,0.3,0.35,3000,True,user_center_alpha_1p0,0.621067821067821,0.618623415275201,0.555848663658452,28,0.6588628762541806,0.6588628762541806,0.661638431013431,598
V2-J,protocol_a_rollv2_cv3,C0p3-sample0p35-cap3000,1,2030,V2H-local-H2_E0,False,H2_E0_non_eeg,0.3,0.35,3000,True,user_center_alpha_1p5,0.621067821067821,0.618623415275201,0.6249566122874001,28,0.6588628762541806,0.6588628762541806,0.661638431013431,598
V2-J,protocol_a_rollv2_cv3,C0p3-sample0p35-cap3000,1,2030,V2H-local-H2_E0,False,H2_E0_non_eeg,0.3,0.35,3000,True,user_center_alpha_2p0,0.621067821067821,0.618623415275201,0.6428323498785145,28,0.6588628762541806,0.6588628762541806,0.661638431013431,598
V2-J,protocol_a_rollv2_cv3,C0p3-sample0p35-cap3000,1,2030,V2H-local-H2_E0,False,H2_E0_non_eeg,0.3,0.35,3000,True,user_center_rate_beta_0p5,0.621067821067821,0.618623415275201,0.620236029156543,28,0.6588628762541806,0.6588628762541806,0.661638431013431,598
V2-J,protocol_a_rollv2_cv3,C0p3-sample0p35-cap3000,1,2030,V2H-local-H2_E0,False,H2_E0_non_eeg,0.3,0.35,3000,True,user_center_rate_beta_1p0,0.621067821067821,0.618623415275201,0.669177368969108,28,0.6588628762541806,0.6588628762541806,0.661638431013431,598
V2-J,protocol_a_rollv2_cv3,C0p3-sample0p35-cap3000,1,2030,V2H-local-H2_E0,False,H2_E0_non_eeg,0.3,0.35,3000,True,user_center_rate_beta_1p5,0.621067821067821,0.618623415275201,0.68542172856647,28,0.6588628762541806,0.6588628762541806,0.661638431013431,598
V2-J,protocol_a_rollv2_cv3,C0p3-sample0p35-cap3000,1,2030,V2H-local-H2_E0,False,H2_E0_non_eeg,0.3,0.35,3000,True,user_center_rate_beta_2p0,0.621067821067821,0.618623415275201,0.6831655675112809,28,0.6588628762541806,0.6588628762541806,0.661638431013431,598
V2-J,protocol_a_rollv2_cv3,C0p3-sample0p35-cap3000,1,2030,V2H-local-zero,False,zero_eeg_control,0.3,0.35,3000,True,raw,0.6311506321207814,0.6303394059644061,0.4261020479000347,28,0.6605351170568562,0.6605351170568562,0.6420815328851043,598
V2-J,protocol_a_rollv2_cv3,C0p3-sample0p35-cap3000,1,2030,V2H-local-zero,False,zero_eeg_control,0.3,0.35,3000,True,fold_train_zscore,0.6311506321207814,0.6303394059644061,0.4261020479000347,28,0.6605351170568562,0.6605351170568562,0.6420815328851043,598
V2-J,protocol_a_rollv2_cv3,C0p3-sample0p35-cap3000,1,2030,V2H-local-zero,False,zero_eeg_control,0.3,0.35,3000,True,user_train_center,0.6311506321207814,0.6303394059644061,0.5515098923984728,28,0.6605351170568562,0.6605351170568562,0.6420815328851043,598
V2-J,protocol_a_rollv2_cv3,C0p3-sample0p35-cap3000,1,2030,V2H-local-zero,False,zero_eeg_control,0.3,0.35,3000,True,user_train_zscore,0.6311506321207814,0.6303394059644061,0.550642138146477,28,0.6605351170568562,0.6605351170568562,0.6420815328851043,598
V2-J,protocol_a_rollv2_cv3,C0p3-sample0p35-cap3000,1,2030,V2H-local-zero,False,zero_eeg_control,0.3,0.35,3000,True,user_center_alpha_0p5,0.6311506321207814,0.6303394059644061,0.45650815688996876,28,0.6605351170568562,0.6605351170568562,0.6420815328851043,598
V2-J,protocol_a_rollv2_cv3,C0p3-sample0p35-cap3000,1,2030,V2H-local-zero,False,zero_eeg_control,0.3,0.35,3000,True,user_center_alpha_1p0,0.6311506321207814,0.6303394059644061,0.5515098923984728,28,0.6605351170568562,0.6605351170568562,0.6420815328851043,598
V2-J,protocol_a_rollv2_cv3,C0p3-sample0p35-cap3000,1,2030,V2H-local-zero,False,zero_eeg_control,0.3,0.35,3000,True,user_center_alpha_1p5,0.6311506321207814,0.6303394059644061,0.6103089205137107,28,0.6605351170568562,0.6605351170568562,0.6420815328851043,598
V2-J,protocol_a_rollv2_cv3,C0p3-sample0p35-cap3000,1,2030,V2H-local-zero,False,zero_eeg_control,0.3,0.35,3000,True,user_center_alpha_2p0,0.6311506321207814,0.6303394059644061,0.6259284970496356,28,0.6605351170568562,0.6605351170568562,0.6420815328851043,598
V2-J,protocol_a_rollv2_cv3,C0p3-sample0p35-cap3000,1,2030,V2H-local-zero,False,zero_eeg_control,0.3,0.35,3000,True,user_center_rate_beta_0p5,0.6311506321207814,0.6303394059644061,0.6194029850746269,28,0.6605351170568562,0.6605351170568562,0.6420815328851043,598
V2-J,protocol_a_rollv2_cv3,C0p3-sample0p35-cap3000,1,2030,V2H-local-zero,False,zero_eeg_control,0.3,0.35,3000,True,user_center_rate_beta_1p0,0.6311506321207814,0.6303394059644061,0.6701839639014231,28,0.6605351170568562,0.6605351170568562,0.6420815328851043,598
V2-J,protocol_a_rollv2_cv3,C0p3-sample0p35-cap3000,1,2030,V2H-local-zero,False,zero_eeg_control,0.3,0.35,3000,True,user_center_rate_beta_1p5,0.6311506321207814,0.6303394059644061,0.6891010065949323,28,0.6605351170568562,0.6605351170568562,0.6420815328851043,598
V2-J,protocol_a_rollv2_cv3,C0p3-sample0p35-cap3000,1,2030,V2H-local-zero,False,zero_eeg_control,0.3,0.35,3000,True,user_center_rate_beta_2p0,0.6311506321207814,0.6303394059644061,0.6887191947240541,28,0.6605351170568562,0.6605351170568562,0.6420815328851043,598
V2-J,protocol_a_rollv2_cv3,C0p3-sample0p35-cap3000,1,2030,V2H-local-shuffle,False,shuffle_eeg_control,0.3,0.35,3000,True,raw,0.6266294070771683,0.6260395193430908,0.40836515098923987,28,0.6254180602006689,0.6254180602006689,0.6496283214140357,598
V2-J,protocol_a_rollv2_cv3,C0p3-sample0p35-cap3000,1,2030,V2H-local-shuffle,False,shuffle_eeg_control,0.3,0.35,3000,True,fold_train_zscore,0.6266294070771683,0.6260395193430908,0.40836515098923987,28,0.6254180602006689,0.6254180602006689,0.6496283214140357,598
V2-J,protocol_a_rollv2_cv3,C0p3-sample0p35-cap3000,1,2030,V2H-local-shuffle,False,shuffle_eeg_control,0.3,0.35,3000,True,user_train_center,0.6266294070771683,0.6260395193430908,0.4967025338424158,28,0.6254180602006689,0.6254180602006689,0.6496283214140357,598
V2-J,protocol_a_rollv2_cv3,C0p3-sample0p35-cap3000,1,2030,V2H-local-shuffle,False,shuffle_eeg_control,0.3,0.35,3000,True,user_train_zscore,0.6266294070771683,0.6260395193430908,0.49677195418257547,28,0.6254180602006689,0.6254180602006689,0.6496283214140357,598
V2-J,protocol_a_rollv2_cv3,C0p3-sample0p35-cap3000,1,2030,V2H-local-shuffle,False,shuffle_eeg_control,0.3,0.35,3000,True,user_center_alpha_0p5,0.6266294070771683,0.6260395193430908,0.41922943422422765,28,0.6254180602006689,0.6254180602006689,0.6496283214140357,598
V2-J,protocol_a_rollv2_cv3,C0p3-sample0p35-cap3000,1,2030,V2H-local-shuffle,False,shuffle_eeg_control,0.3,0.35,3000,True,user_center_alpha_1p0,0.6266294070771683,0.6260395193430908,0.4967025338424158,28,0.6254180602006689,0.6254180602006689,0.6496283214140357,598
V2-J,protocol_a_rollv2_cv3,C0p3-sample0p35-cap3000,1,2030,V2H-local-shuffle,False,shuffle_eeg_control,0.3,0.35,3000,True,user_center_alpha_1p5,0.6266294070771683,0.6260395193430908,0.561471711211385,28,0.6254180602006689,0.6254180602006689,0.6496283214140357,598
V2-J,protocol_a_rollv2_cv3,C0p3-sample0p35-cap3000,1,2030,V2H-local-shuffle,False,shuffle_eeg_control,0.3,0.35,3000,True,user_center_alpha_2p0,0.6266294070771683,0.6260395193430908,0.5780284623394655,28,0.6254180602006689,0.6254180602006689,0.6496283214140357,598
V2-J,protocol_a_rollv2_cv3,C0p3-sample0p35-cap3000,1,2030,V2H-local-shuffle,False,shuffle_eeg_control,0.3,0.35,3000,True,user_center_rate_beta_0p5,0.6266294070771683,0.6260395193430908,0.5670600485942382,28,0.6254180602006689,0.6254180602006689,0.6496283214140357,598
V2-J,protocol_a_rollv2_cv3,C0p3-sample0p35-cap3000,1,2030,V2H-local-shuffle,False,shuffle_eeg_control,0.3,0.35,3000,True,user_center_rate_beta_1p0,0.6266294070771683,0.6260395193430908,0.6219715376605346,28,0.6254180602006689,0.6254180602006689,0.6496283214140357,598
V2-J,protocol_a_rollv2_cv3,C0p3-sample0p35-cap3000,1,2030,V2H-local-shuffle,False,shuffle_eeg_control,0.3,0.35,3000,True,user_center_rate_beta_1p5,0.6266294070771683,0.6260395193430908,0.651023950017355,28,0.6254180602006689,0.6254180602006689,0.6496283214140357,598
V2-J,protocol_a_rollv2_cv3,C0p3-sample0p35-cap3000,1,2030,V2H-local-shuffle,False,shuffle_eeg_control,0.3,0.35,3000,True,user_center_rate_beta_2p0,0.6266294070771683,0.6260395193430908,0.6579312738632419,28,0.6254180602006689,0.6254180602006689,0.6496283214140357,598
V2-J,protocol_a_rollv2_cv3,C0p3-sample0p35-cap3000,1,2030,V2H-local-real,True,real_eeg,0.3,0.35,3000,True,raw,0.7303007688828583,0.7327201006665292,0.4191947240541478,28,0.7274247491638796,0.7274247491638796,0.7558150711722141,598
V2-J,protocol_a_rollv2_cv3,C0p3-sample0p35-cap3000,1,2030,V2H-local-real,True,real_eeg,0.3,0.35,3000,True,fold_train_zscore,0.7303007688828583,0.7327201006665292,0.4191947240541478,28,0.7274247491638796,0.7274247491638796,0.7558150711722141,598
V2-J,protocol_a_rollv2_cv3,C0p3-sample0p35-cap3000,1,2030,V2H-local-real,True,real_eeg,0.3,0.35,3000,True,user_train_center,0.7303007688828583,0.7327201006665292,0.5308573412009719,28,0.7274247491638796,0.7274247491638796,0.7558150711722141,598
V2-J,protocol_a_rollv2_cv3,C0p3-sample0p35-cap3000,1,2030,V2H-local-real,True,real_eeg,0.3,0.35,3000,True,user_train_zscore,0.7303007688828583,0.7327201006665292,0.5273169038528289,28,0.7274247491638796,0.7274247491638796,0.7558150711722141,598
V2-J,protocol_a_rollv2_cv3,C0p3-sample0p35-cap3000,1,2030,V2H-local-real,True,real_eeg,0.3,0.35,3000,True,user_center_alpha_0p5,0.7303007688828583,0.7327201006665292,0.4230475529330094,28,0.7274247491638796,0.7274247491638796,0.7558150711722141,598
V2-J,protocol_a_rollv2_cv3,C0p3-sample0p35-cap3000,1,2030,V2H-local-real,True,real_eeg,0.3,0.35,3000,True,user_center_alpha_1p0,0.7303007688828583,0.7327201006665292,0.5308573412009719,28,0.7274247491638796,0.7274247491638796,0.7558150711722141,598
V2-J,protocol_a_rollv2_cv3,C0p3-sample0p35-cap3000,1,2030,V2H-local-real,True,real_eeg,0.3,0.35,3000,True,user_center_alpha_1p5,0.7303007688828583,0.7327201006665292,0.5819507115584865,28,0.7274247491638796,0.7274247491638796,0.7558150711722141,598
V2-J,protocol_a_rollv2_cv3,C0p3-sample0p35-cap3000,1,2030,V2H-local-real,True,real_eeg,0.3,0.35,3000,True,user_center_alpha_2p0,0.7303007688828583,0.7327201006665292,0.5904547032280458,28,0.7274247491638796,0.7274247491638796,0.7558150711722141,598
V2-J,protocol_a_rollv2_cv3,C0p3-sample0p35-cap3000,1,2030,V2H-local-real,True,real_eeg,0.3,0.35,3000,True,user_center_rate_beta_0p5,0.7303007688828583,0.7327201006665292,0.5587990281152377,28,0.7274247491638796,0.7274247491638796,0.7558150711722141,598
V2-J,protocol_a_rollv2_cv3,C0p3-sample0p35-cap3000,1,2030,V2H-local-real,True,real_eeg,0.3,0.35,3000,True,user_center_rate_beta_1p0,0.7303007688828583,0.7327201006665292,0.5828531759805623,28,0.7274247491638796,0.7274247491638796,0.7558150711722141,598
V2-J,protocol_a_rollv2_cv3,C0p3-sample0p35-cap3000,1,2030,V2H-local-real,True,real_eeg,0.3,0.35,3000,True,user_center_rate_beta_1p5,0.7303007688828583,0.7327201006665292,0.5992016660881638,28,0.7274247491638796,0.7274247491638796,0.7558150711722141,598
V2-J,protocol_a_rollv2_cv3,C0p3-sample0p35-cap3000,1,2030,V2H-local-real,True,real_eeg,0.3,0.35,3000,True,user_center_rate_beta_2p0,0.7303007688828583,0.7327201006665292,0.6111419645956265,28,0.7274247491638796,0.7274247491638796,0.7558150711722141,598
V2-J,protocol_a_rollv2_cv3,C0p3-sample0p35-cap3000,2,2030,V2H-local-H2_E0,False,H2_E0_non_eeg,0.3,0.35,3000,True,raw,0.547056727994228,0.5423197173197173,0.37453062976075524,26,0.559931506849315,0.559931506849315,0.5538498538498539,584
V2-J,protocol_a_rollv2_cv3,C0p3-sample0p35-cap3000,2,2030,V2H-local-H2_E0,False,H2_E0_non_eeg,0.3,0.35,3000,True,fold_train_zscore,0.547056727994228,0.5423197173197173,0.37453062976075524,26,0.559931506849315,0.559931506849315,0.5538498538498539,584
V2-J,protocol_a_rollv2_cv3,C0p3-sample0p35-cap3000,2,2030,V2H-local-H2_E0,False,H2_E0_non_eeg,0.3,0.35,3000,True,user_train_center,0.547056727994228,0.5423197173197173,0.4401172978578836,26,0.559931506849315,0.559931506849315,0.5538498538498539,584
V2-J,protocol_a_rollv2_cv3,C0p3-sample0p35-cap3000,2,2030,V2H-local-H2_E0,False,H2_E0_non_eeg,0.3,0.35,3000,True,user_train_zscore,0.547056727994228,0.5423197173197173,0.4421199442119944,26,0.559931506849315,0.559931506849315,0.5538498538498539,584
V2-J,protocol_a_rollv2_cv3,C0p3-sample0p35-cap3000,2,2030,V2H-local-H2_E0,False,H2_E0_non_eeg,0.3,0.35,3000,True,user_center_alpha_0p5,0.547056727994228,0.5423197173197173,0.3790723455995423,26,0.559931506849315,0.559931506849315,0.5538498538498539,584
V2-J,protocol_a_rollv2_cv3,C0p3-sample0p35-cap3000,2,2030,V2H-local-H2_E0,False,H2_E0_non_eeg,0.3,0.35,3000,True,user_center_alpha_1p0,0.547056727994228,0.5423197173197173,0.4401172978578836,26,0.559931506849315,0.559931506849315,0.5538498538498539,584
V2-J,protocol_a_rollv2_cv3,C0p3-sample0p35-cap3000,2,2030,V2H-local-H2_E0,False,H2_E0_non_eeg,0.3,0.35,3000,True,user_center_alpha_1p5,0.547056727994228,0.5423197173197173,0.5631370024675464,26,0.559931506849315,0.559931506849315,0.5538498538498539,584
V2-J,protocol_a_rollv2_cv3,C0p3-sample0p35-cap3000,2,2030,V2H-local-H2_E0,False,H2_E0_non_eeg,0.3,0.35,3000,True,user_center_alpha_2p0,0.547056727994228,0.5423197173197173,0.6110574687980546,26,0.559931506849315,0.559931506849315,0.5538498538498539,584
V2-J,protocol_a_rollv2_cv3,C0p3-sample0p35-cap3000,2,2030,V2H-local-H2_E0,False,H2_E0_non_eeg,0.3,0.35,3000,True,user_center_rate_beta_0p5,0.547056727994228,0.5423197173197173,0.5467582162142831,26,0.559931506849315,0.559931506849315,0.5538498538498539,584
V2-J,protocol_a_rollv2_cv3,C0p3-sample0p35-cap3000,2,2030,V2H-local-H2_E0,False,H2_E0_non_eeg,0.3,0.35,3000,True,user_center_rate_beta_1p0,0.547056727994228,0.5423197173197173,0.6345885634588564,26,0.559931506849315,0.559931506849315,0.5538498538498539,584
V2-J,protocol_a_rollv2_cv3,C0p3-sample0p35-cap3000,2,2030,V2H-local-H2_E0,False,H2_E0_non_eeg,0.3,0.35,3000,True,user_center_rate_beta_1p5,0.547056727994228,0.5423197173197173,0.6758573829703537,26,0.559931506849315,0.559931506849315,0.5538498538498539,584
V2-J,protocol_a_rollv2_cv3,C0p3-sample0p35-cap3000,2,2030,V2H-local-H2_E0,False,H2_E0_non_eeg,0.3,0.35,3000,True,user_center_rate_beta_2p0,0.547056727994228,0.5423197173197173,0.6923076923076923,26,0.559931506849315,0.559931506849315,0.5538498538498539,584
V2-J,protocol_a_rollv2_cv3,C0p3-sample0p35-cap3000,2,2030,V2H-local-zero,False,zero_eeg_control,0.3,0.35,3000,True,raw,0.5607620851370851,0.5551885614385614,0.37077566784679755,26,0.5736301369863014,0.5736301369863014,0.5679396991896992,584
V2-J,protocol_a_rollv2_cv3,C0p3-sample0p35-cap3000,2,2030,V2H-local-zero,False,zero_eeg_control,0.3,0.35,3000,True,fold_train_zscore,0.5607620851370851,0.5551885614385614,0.37077566784679755,26,0.5736301369863014,0.5736301369863014,0.5679396991896992,584
V2-J,protocol_a_rollv2_cv3,C0p3-sample0p35-cap3000,2,2030,V2H-local-zero,False,zero_eeg_control,0.3,0.35,3000,True,user_train_center,0.5607620851370851,0.5551885614385614,0.4599291921467654,26,0.5736301369863014,0.5736301369863014,0.5679396991896992,584
V2-J,protocol_a_rollv2_cv3,C0p3-sample0p35-cap3000,2,2030,V2H-local-zero,False,zero_eeg_control,0.3,0.35,3000,True,user_train_zscore,0.5607620851370851,0.5551885614385614,0.4751278475127847,26,0.5736301369863014,0.5736301369863014,0.5679396991896992,584
V2-J,protocol_a_rollv2_cv3,C0p3-sample0p35-cap3000,2,2030,V2H-local-zero,False,zero_eeg_control,0.3,0.35,3000,True,user_center_alpha_0p5,0.5607620851370851,0.5551885614385614,0.39316239316239315,26,0.5736301369863014,0.5736301369863014,0.5679396991896992,584
V2-J,protocol_a_rollv2_cv3,C0p3-sample0p35-cap3000,2,2030,V2H-local-zero,False,zero_eeg_control,0.3,0.35,3000,True,user_center_alpha_1p0,0.5607620851370851,0.5551885614385614,0.4599291921467654,26,0.5736301369863014,0.5736301369863014,0.5679396991896992,584
V2-J,protocol_a_rollv2_cv3,C0p3-sample0p35-cap3000,2,2030,V2H-local-zero,False,zero_eeg_control,0.3,0.35,3000,True,user_center_alpha_1p5,0.5607620851370851,0.5551885614385614,0.5556270786396309,26,0.5736301369863014,0.5736301369863014,0.5679396991896992,584
V2-J,protocol_a_rollv2_cv3,C0p3-sample0p35-cap3000,2,2030,V2H-local-zero,False,zero_eeg_control,0.3,0.35,3000,True,user_center_alpha_2p0,0.5607620851370851,0.5551885614385614,0.6016879447841791,26,0.5736301369863014,0.5736301369863014,0.5679396991896992,584
V2-J,protocol_a_rollv2_cv3,C0p3-sample0p35-cap3000,2,2030,V2H-local-zero,False,zero_eeg_control,0.3,0.35,3000,True,user_center_rate_beta_0p5,0.5607620851370851,0.5551885614385614,0.5698244108285949,26,0.5736301369863014,0.5736301369863014,0.5679396991896992,584
V2-J,protocol_a_rollv2_cv3,C0p3-sample0p35-cap3000,2,2030,V2H-local-zero,False,zero_eeg_control,0.3,0.35,3000,True,user_center_rate_beta_1p0,0.5607620851370851,0.5551885614385614,0.6531845653184565,26,0.5736301369863014,0.5736301369863014,0.5679396991896992,584
V2-J,protocol_a_rollv2_cv3,C0p3-sample0p35-cap3000,2,2030,V2H-local-zero,False,zero_eeg_control,0.3,0.35,3000,True,user_center_rate_beta_1p5,0.5607620851370851,0.5551885614385614,0.6875514072166792,26,0.5736301369863014,0.5736301369863014,0.5679396991896992,584
V2-J,protocol_a_rollv2_cv3,C0p3-sample0p35-cap3000,2,2030,V2H-local-zero,False,zero_eeg_control,0.3,0.35,3000,True,user_center_rate_beta_2p0,0.5607620851370851,0.5551885614385614,0.7013911239852663,26,0.5736301369863014,0.5736301369863014,0.5679396991896992,584
V2-J,protocol_a_rollv2_cv3,C0p3-sample0p35-cap3000,2,2030,V2H-local-shuffle,False,shuffle_eeg_control,0.3,0.35,3000,True,raw,0.6189995941558442,0.6158122895622895,0.32128169366663095,26,0.6147260273972602,0.6147260273972602,0.6315258815258815,584
V2-J,protocol_a_rollv2_cv3,C0p3-sample0p35-cap3000,2,2030,V2H-local-shuffle,False,shuffle_eeg_control,0.3,0.35,3000,True,fold_train_zscore,0.6189995941558442,0.6158122895622895,0.32128169366663095,26,0.6147260273972602,0.6147260273972602,0.6315258815258815,584
V2-J,protocol_a_rollv2_cv3,C0p3-sample0p35-cap3000,2,2030,V2H-local-shuffle,False,shuffle_eeg_control,0.3,0.35,3000,True,user_train_center,0.6189995941558442,0.6158122895622895,0.40482065586668103,26,0.6147260273972602,0.6147260273972602,0.6315258815258815,584
V2-J,protocol_a_rollv2_cv3,C0p3-sample0p35-cap3000,2,2030,V2H-local-shuffle,False,shuffle_eeg_control,0.3,0.35,3000,True,user_train_zscore,0.6189995941558442,0.6158122895622895,0.4119372027321818,26,0.6147260273972602,0.6147260273972602,0.6315258815258815,584
V2-J,protocol_a_rollv2_cv3,C0p3-sample0p35-cap3000,2,2030,V2H-local-shuffle,False,shuffle_eeg_control,0.3,0.35,3000,True,user_center_alpha_0p5,0.6189995941558442,0.6158122895622895,0.3183134856775024,26,0.6147260273972602,0.6147260273972602,0.6315258815258815,584
V2-J,protocol_a_rollv2_cv3,C0p3-sample0p35-cap3000,2,2030,V2H-local-shuffle,False,shuffle_eeg_control,0.3,0.35,3000,True,user_center_alpha_1p0,0.6189995941558442,0.6158122895622895,0.40482065586668103,26,0.6147260273972602,0.6147260273972602,0.6315258815258815,584
V2-J,protocol_a_rollv2_cv3,C0p3-sample0p35-cap3000,2,2030,V2H-local-shuffle,False,shuffle_eeg_control,0.3,0.35,3000,True,user_center_alpha_1p5,0.6189995941558442,0.6158122895622895,0.625898508743697,26,0.6147260273972602,0.6147260273972602,0.6315258815258815,584
V2-J,protocol_a_rollv2_cv3,C0p3-sample0p35-cap3000,2,2030,V2H-local-shuffle,False,shuffle_eeg_control,0.3,0.35,3000,True,user_center_alpha_2p0,0.6189995941558442,0.6158122895622895,0.6630189893788221,26,0.6147260273972602,0.6147260273972602,0.6315258815258815,584
V2-J,protocol_a_rollv2_cv3,C0p3-sample0p35-cap3000,2,2030,V2H-local-shuffle,False,shuffle_eeg_control,0.3,0.35,3000,True,user_center_rate_beta_0p5,0.6189995941558442,0.6158122895622895,0.4708364624682616,26,0.6147260273972602,0.6147260273972602,0.6315258815258815,584
V2-J,protocol_a_rollv2_cv3,C0p3-sample0p35-cap3000,2,2030,V2H-local-shuffle,False,shuffle_eeg_control,0.3,0.35,3000,True,user_center_rate_beta_1p0,0.6189995941558442,0.6158122895622895,0.5614562099917748,26,0.6147260273972602,0.6147260273972602,0.6315258815258815,584
V2-J,protocol_a_rollv2_cv3,C0p3-sample0p35-cap3000,2,2030,V2H-local-shuffle,False,shuffle_eeg_control,0.3,0.35,3000,True,user_center_rate_beta_1p5,0.6189995941558442,0.6158122895622895,0.6301898937882201,26,0.6147260273972602,0.6147260273972602,0.6315258815258815,584
V2-J,protocol_a_rollv2_cv3,C0p3-sample0p35-cap3000,2,2030,V2H-local-shuffle,False,shuffle_eeg_control,0.3,0.35,3000,True,user_center_rate_beta_2p0,0.6189995941558442,0.6158122895622895,0.666273289704252,26,0.6147260273972602,0.6147260273972602,0.6315258815258815,584
V2-J,protocol_a_rollv2_cv3,C0p3-sample0p35-cap3000,2,2030,V2H-local-real,True,real_eeg,0.3,0.35,3000,True,raw,0.6166688086219336,0.61753108003108,0.335228695061331,26,0.6506849315068494,0.6506849315068494,0.6340312465312465,584
V2-J,protocol_a_rollv2_cv3,C0p3-sample0p35-cap3000,2,2030,V2H-local-real,True,real_eeg,0.3,0.35,3000,True,fold_train_zscore,0.6166688086219336,0.61753108003108,0.335228695061331,26,0.6506849315068494,0.6506849315068494,0.6340312465312465,584
V2-J,protocol_a_rollv2_cv3,C0p3-sample0p35-cap3000,2,2030,V2H-local-real,True,real_eeg,0.3,0.35,3000,True,user_train_center,0.6166688086219336,0.61753108003108,0.4284947966956335,26,0.6506849315068494,0.6506849315068494,0.6340312465312465,584
V2-J,protocol_a_rollv2_cv3,C0p3-sample0p35-cap3000,2,2030,V2H-local-real,True,real_eeg,0.3,0.35,3000,True,user_train_zscore,0.6166688086219336,0.61753108003108,0.41912527268175803,26,0.6506849315068494,0.6506849315068494,0.6340312465312465,584
V2-J,protocol_a_rollv2_cv3,C0p3-sample0p35-cap3000,2,2030,V2H-local-real,True,real_eeg,0.3,0.35,3000,True,user_center_alpha_0p5,0.6166688086219336,0.61753108003108,0.332904194828881,26,0.6506849315068494,0.6506849315068494,0.6340312465312465,584
V2-J,protocol_a_rollv2_cv3,C0p3-sample0p35-cap3000,2,2030,V2H-local-real,True,real_eeg,0.3,0.35,3000,True,user_center_alpha_1p0,0.6166688086219336,0.61753108003108,0.4284947966956335,26,0.6506849315068494,0.6506849315068494,0.6340312465312465,584
V2-J,protocol_a_rollv2_cv3,C0p3-sample0p35-cap3000,2,2030,V2H-local-real,True,real_eeg,0.3,0.35,3000,True,user_center_alpha_1p5,0.6166688086219336,0.61753108003108,0.5475449701391124,26,0.6506849315068494,0.6506849315068494,0.6340312465312465,584
V2-J,protocol_a_rollv2_cv3,C0p3-sample0p35-cap3000,2,2030,V2H-local-real,True,real_eeg,0.3,0.35,3000,True,user_center_alpha_2p0,0.6166688086219336,0.61753108003108,0.5928190823588313,26,0.6506849315068494,0.6506849315068494,0.6340312465312465,584
V2-J,protocol_a_rollv2_cv3,C0p3-sample0p35-cap3000,2,2030,V2H-local-real,True,real_eeg,0.3,0.35,3000,True,user_center_rate_beta_0p5,0.6166688086219336,0.61753108003108,0.4571040303257876,26,0.6506849315068494,0.6506849315068494,0.6340312465312465,584
V2-J,protocol_a_rollv2_cv3,C0p3-sample0p35-cap3000,2,2030,V2H-local-real,True,real_eeg,0.3,0.35,3000,True,user_center_rate_beta_1p0,0.6166688086219336,0.61753108003108,0.4938668955405357,26,0.6506849315068494,0.6506849315068494,0.6340312465312465,584
V2-J,protocol_a_rollv2_cv3,C0p3-sample0p35-cap3000,2,2030,V2H-local-real,True,real_eeg,0.3,0.35,3000,True,user_center_rate_beta_1p5,0.6166688086219336,0.61753108003108,0.526874798841326,26,0.6506849315068494,0.6506849315068494,0.6340312465312465,584
V2-J,protocol_a_rollv2_cv3,C0p3-sample0p35-cap3000,2,2030,V2H-local-real,True,real_eeg,0.3,0.35,3000,True,user_center_rate_beta_2p0,0.6166688086219336,0.61753108003108,0.5491542395308086,26,0.6506849315068494,0.6506849315068494,0.6340312465312465,584
V2-J,protocol_a_rollv2_cv3,C0p3-sample0p35-cap3000,3,2030,V2H-local-H2_E0,False,H2_E0_non_eeg,0.3,0.35,3000,True,raw,0.6029982061450592,0.6210285470702138,0.2995678605434703,24,0.5857605177993528,0.5857605177993528,0.6209808447534195,618
V2-J,protocol_a_rollv2_cv3,C0p3-sample0p35-cap3000,3,2030,V2H-local-H2_E0,False,H2_E0_non_eeg,0.3,0.35,3000,True,fold_train_zscore,0.6029982061450592,0.6210285470702138,0.2995678605434703,24,0.5857605177993528,0.5857605177993528,0.6209808447534195,618
V2-J,protocol_a_rollv2_cv3,C0p3-sample0p35-cap3000,3,2030,V2H-local-H2_E0,False,H2_E0_non_eeg,0.3,0.35,3000,True,user_train_center,0.6029982061450592,0.6210285470702138,0.41518347615908596,24,0.5857605177993528,0.5857605177993528,0.6209808447534195,618
V2-J,protocol_a_rollv2_cv3,C0p3-sample0p35-cap3000,3,2030,V2H-local-H2_E0,False,H2_E0_non_eeg,0.3,0.35,3000,True,user_train_zscore,0.6029982061450592,0.6210285470702138,0.4115578993627774,24,0.5857605177993528,0.5857605177993528,0.6209808447534195,618
V2-J,protocol_a_rollv2_cv3,C0p3-sample0p35-cap3000,3,2030,V2H-local-H2_E0,False,H2_E0_non_eeg,0.3,0.35,3000,True,user_center_alpha_0p5,0.6029982061450592,0.6210285470702138,0.3197465758441368,24,0.5857605177993528,0.5857605177993528,0.6209808447534195,618
V2-J,protocol_a_rollv2_cv3,C0p3-sample0p35-cap3000,3,2030,V2H-local-H2_E0,False,H2_E0_non_eeg,0.3,0.35,3000,True,user_center_alpha_1p0,0.6029982061450592,0.6210285470702138,0.41518347615908596,24,0.5857605177993528,0.5857605177993528,0.6209808447534195,618
V2-J,protocol_a_rollv2_cv3,C0p3-sample0p35-cap3000,3,2030,V2H-local-H2_E0,False,H2_E0_non_eeg,0.3,0.35,3000,True,user_center_alpha_1p5,0.6029982061450592,0.6210285470702138,0.5803852633120925,24,0.5857605177993528,0.5857605177993528,0.6209808447534195,618
V2-J,protocol_a_rollv2_cv3,C0p3-sample0p35-cap3000,3,2030,V2H-local-H2_E0,False,H2_E0_non_eeg,0.3,0.35,3000,True,user_center_alpha_2p0,0.6029982061450592,0.6210285470702138,0.6372225884421006,24,0.5857605177993528,0.5857605177993528,0.6209808447534195,618
V2-J,protocol_a_rollv2_cv3,C0p3-sample0p35-cap3000,3,2030,V2H-local-H2_E0,False,H2_E0_non_eeg,0.3,0.35,3000,True,user_center_rate_beta_0p5,0.6029982061450592,0.6210285470702138,0.5279059547352231,24,0.5857605177993528,0.5857605177993528,0.6209808447534195,618
V2-J,protocol_a_rollv2_cv3,C0p3-sample0p35-cap3000,3,2030,V2H-local-H2_E0,False,H2_E0_non_eeg,0.3,0.35,3000,True,user_center_rate_beta_1p0,0.6029982061450592,0.6210285470702138,0.6265655899802242,24,0.5857605177993528,0.5857605177993528,0.6209808447534195,618
V2-J,protocol_a_rollv2_cv3,C0p3-sample0p35-cap3000,3,2030,V2H-local-H2_E0,False,H2_E0_non_eeg,0.3,0.35,3000,True,user_center_rate_beta_1p5,0.6029982061450592,0.6210285470702138,0.6638833955907125,24,0.5857605177993528,0.5857605177993528,0.6209808447534195,618
V2-J,protocol_a_rollv2_cv3,C0p3-sample0p35-cap3000,3,2030,V2H-local-H2_E0,False,H2_E0_non_eeg,0.3,0.35,3000,True,user_center_rate_beta_2p0,0.6029982061450592,0.6210285470702138,0.6802900461437048,24,0.5857605177993528,0.5857605177993528,0.6209808447534195,618
V2-J,protocol_a_rollv2_cv3,C0p3-sample0p35-cap3000,3,2030,V2H-local-zero,False,zero_eeg_control,0.3,0.35,3000,True,raw,0.5697976945354568,0.5864697146988814,0.35585585585585583,24,0.5598705501618123,0.5598705501618123,0.5773235871932982,618
V2-J,protocol_a_rollv2_cv3,C0p3-sample0p35-cap3000,3,2030,V2H-local-zero,False,zero_eeg_control,0.3,0.35,3000,True,fold_train_zscore,0.5697976945354568,0.5864697146988814,0.35585585585585583,24,0.5598705501618123,0.5598705501618123,0.5773235871932982,618
V2-J,protocol_a_rollv2_cv3,C0p3-sample0p35-cap3000,3,2030,V2H-local-zero,False,zero_eeg_control,0.3,0.35,3000,True,user_train_center,0.5697976945354568,0.5864697146988814,0.39705559217754344,24,0.5598705501618123,0.5598705501618123,0.5773235871932982,618
V2-J,protocol_a_rollv2_cv3,C0p3-sample0p35-cap3000,3,2030,V2H-local-zero,False,zero_eeg_control,0.3,0.35,3000,True,user_train_zscore,0.5697976945354568,0.5864697146988814,0.3983007397641545,24,0.5598705501618123,0.5598705501618123,0.5773235871932982,618
V2-J,protocol_a_rollv2_cv3,C0p3-sample0p35-cap3000,3,2030,V2H-local-zero,False,zero_eeg_control,0.3,0.35,3000,True,user_center_alpha_0p5,0.5697976945354568,0.5864697146988814,0.3454552113088698,24,0.5598705501618123,0.5598705501618123,0.5773235871932982,618
V2-J,protocol_a_rollv2_cv3,C0p3-sample0p35-cap3000,3,2030,V2H-local-zero,False,zero_eeg_control,0.3,0.35,3000,True,user_center_alpha_1p0,0.5697976945354568,0.5864697146988814,0.39705559217754344,24,0.5598705501618123,0.5598705501618123,0.5773235871932982,618
V2-J,protocol_a_rollv2_cv3,C0p3-sample0p35-cap3000,3,2030,V2H-local-zero,False,zero_eeg_control,0.3,0.35,3000,True,user_center_alpha_1p5,0.5697976945354568,0.5864697146988814,0.5390756610268805,24,0.5598705501618123,0.5598705501618123,0.5773235871932982,618
V2-J,protocol_a_rollv2_cv3,C0p3-sample0p35-cap3000,3,2030,V2H-local-zero,False,zero_eeg_control,0.3,0.35,3000,True,user_center_alpha_2p0,0.5697976945354568,0.5864697146988814,0.580788105178349,24,0.5598705501618123,0.5598705501618123,0.5773235871932982,618
V2-J,protocol_a_rollv2_cv3,C0p3-sample0p35-cap3000,3,2030,V2H-local-zero,False,zero_eeg_control,0.3,0.35,3000,True,user_center_rate_beta_0p5,0.5697976945354568,0.5864697146988814,0.5201787153006665,24,0.5598705501618123,0.5598705501618123,0.5773235871932982,618
V2-J,protocol_a_rollv2_cv3,C0p3-sample0p35-cap3000,3,2030,V2H-local-zero,False,zero_eeg_control,0.3,0.35,3000,True,user_center_rate_beta_1p0,0.5697976945354568,0.5864697146988814,0.6241485387826852,24,0.5598705501618123,0.5598705501618123,0.5773235871932982,618
V2-J,protocol_a_rollv2_cv3,C0p3-sample0p35-cap3000,3,2030,V2H-local-zero,False,zero_eeg_control,0.3,0.35,3000,True,user_center_rate_beta_1p5,0.5697976945354568,0.5864697146988814,0.6615395883688567,24,0.5598705501618123,0.5598705501618123,0.5773235871932982,618
V2-J,protocol_a_rollv2_cv3,C0p3-sample0p35-cap3000,3,2030,V2H-local-zero,False,zero_eeg_control,0.3,0.35,3000,True,user_center_rate_beta_2p0,0.5697976945354568,0.5864697146988814,0.6779828609096902,24,0.5598705501618123,0.5598705501618123,0.5773235871932982,618
V2-J,protocol_a_rollv2_cv3,C0p3-sample0p35-cap3000,3,2030,V2H-local-shuffle,False,shuffle_eeg_control,0.3,0.35,3000,True,raw,0.6152388792248933,0.6223039653247987,0.3442466857101003,24,0.6181229773462783,0.6181229773462783,0.6195545758516605,618
V2-J,protocol_a_rollv2_cv3,C0p3-sample0p35-cap3000,3,2030,V2H-local-shuffle,False,shuffle_eeg_control,0.3,0.35,3000,True,fold_train_zscore,0.6152388792248933,0.6223039653247987,0.3442466857101003,24,0.6181229773462783,0.6181229773462783,0.6195545758516605,618
V2-J,protocol_a_rollv2_cv3,C0p3-sample0p35-cap3000,3,2030,V2H-local-shuffle,False,shuffle_eeg_control,0.3,0.35,3000,True,user_train_center,0.6152388792248933,0.6223039653247987,0.3402182670475353,24,0.6181229773462783,0.6181229773462783,0.6195545758516605,618
V2-J,protocol_a_rollv2_cv3,C0p3-sample0p35-cap3000,3,2030,V2H-local-shuffle,False,shuffle_eeg_control,0.3,0.35,3000,True,user_train_zscore,0.6152388792248933,0.6223039653247987,0.34292829414780635,24,0.6181229773462783,0.6181229773462783,0.6195545758516605,618
V2-J,protocol_a_rollv2_cv3,C0p3-sample0p35-cap3000,3,2030,V2H-local-shuffle,False,shuffle_eeg_control,0.3,0.35,3000,True,user_center_alpha_0p5,0.6152388792248933,0.6223039653247987,0.3274738152786933,24,0.6181229773462783,0.6181229773462783,0.6195545758516605,618
V2-J,protocol_a_rollv2_cv3,C0p3-sample0p35-cap3000,3,2030,V2H-local-shuffle,False,shuffle_eeg_control,0.3,0.35,3000,True,user_center_alpha_1p0,0.6152388792248933,0.6223039653247987,0.3402182670475353,24,0.6181229773462783,0.6181229773462783,0.6195545758516605,618
V2-J,protocol_a_rollv2_cv3,C0p3-sample0p35-cap3000,3,2030,V2H-local-shuffle,False,shuffle_eeg_control,0.3,0.35,3000,True,user_center_alpha_1p5,0.6152388792248933,0.6223039653247987,0.5140262213432945,24,0.6181229773462783,0.6181229773462783,0.6195545758516605,618
V2-J,protocol_a_rollv2_cv3,C0p3-sample0p35-cap3000,3,2030,V2H-local-shuffle,False,shuffle_eeg_control,0.3,0.35,3000,True,user_center_alpha_2p0,0.6152388792248933,0.6223039653247987,0.5480480480480481,24,0.6181229773462783,0.6181229773462783,0.6195545758516605,618
V2-J,protocol_a_rollv2_cv3,C0p3-sample0p35-cap3000,3,2030,V2H-local-shuffle,False,shuffle_eeg_control,0.3,0.35,3000,True,user_center_rate_beta_0p5,0.6152388792248933,0.6223039653247987,0.4058448692595034,24,0.6181229773462783,0.6181229773462783,0.6195545758516605,618
V2-J,protocol_a_rollv2_cv3,C0p3-sample0p35-cap3000,3,2030,V2H-local-shuffle,False,shuffle_eeg_control,0.3,0.35,3000,True,user_center_rate_beta_1p0,0.6152388792248933,0.6223039653247987,0.476268951878708,24,0.6181229773462783,0.6181229773462783,0.6195545758516605,618
V2-J,protocol_a_rollv2_cv3,C0p3-sample0p35-cap3000,3,2030,V2H-local-shuffle,False,shuffle_eeg_control,0.3,0.35,3000,True,user_center_rate_beta_1p5,0.6152388792248933,0.6223039653247987,0.5428843477623966,24,0.6181229773462783,0.6181229773462783,0.6195545758516605,618
V2-J,protocol_a_rollv2_cv3,C0p3-sample0p35-cap3000,3,2030,V2H-local-shuffle,False,shuffle_eeg_control,0.3,0.35,3000,True,user_center_rate_beta_2p0,0.6152388792248933,0.6223039653247987,0.5865377572694646,24,0.6181229773462783,0.6181229773462783,0.6195545758516605,618
V2-J,protocol_a_rollv2_cv3,C0p3-sample0p35-cap3000,3,2030,V2H-local-real,True,real_eeg,0.3,0.35,3000,True,raw,0.6573194288229254,0.6600025745859079,0.35838277301691934,24,0.6407766990291263,0.6407766990291263,0.646509679255261,618
V2-J,protocol_a_rollv2_cv3,C0p3-sample0p35-cap3000,3,2030,V2H-local-real,True,real_eeg,0.3,0.35,3000,True,fold_train_zscore,0.6573194288229254,0.6600025745859079,0.35838277301691934,24,0.6407766990291263,0.6407766990291263,0.646509679255261,618
V2-J,protocol_a_rollv2_cv3,C0p3-sample0p35-cap3000,3,2030,V2H-local-real,True,real_eeg,0.3,0.35,3000,True,user_train_center,0.6573194288229254,0.6600025745859079,0.4207500183109939,24,0.6407766990291263,0.6407766990291263,0.646509679255261,618
V2-J,protocol_a_rollv2_cv3,C0p3-sample0p35-cap3000,3,2030,V2H-local-real,True,real_eeg,0.3,0.35,3000,True,user_train_zscore,0.6573194288229254,0.6600025745859079,0.4172343074782099,24,0.6407766990291263,0.6407766990291263,0.646509679255261,618
V2-J,protocol_a_rollv2_cv3,C0p3-sample0p35-cap3000,3,2030,V2H-local-real,True,real_eeg,0.3,0.35,3000,True,user_center_alpha_0p5,0.6573194288229254,0.6600025745859079,0.35442759833003734,24,0.6407766990291263,0.6407766990291263,0.646509679255261,618
V2-J,protocol_a_rollv2_cv3,C0p3-sample0p35-cap3000,3,2030,V2H-local-real,True,real_eeg,0.3,0.35,3000,True,user_center_alpha_1p0,0.6573194288229254,0.6600025745859079,0.4207500183109939,24,0.6407766990291263,0.6407766990291263,0.646509679255261,618
V2-J,protocol_a_rollv2_cv3,C0p3-sample0p35-cap3000,3,2030,V2H-local-real,True,real_eeg,0.3,0.35,3000,True,user_center_alpha_1p5,0.6573194288229254,0.6600025745859079,0.5403940525891745,24,0.6407766990291263,0.6407766990291263,0.646509679255261,618
V2-J,protocol_a_rollv2_cv3,C0p3-sample0p35-cap3000,3,2030,V2H-local-real,True,real_eeg,0.3,0.35,3000,True,user_center_alpha_2p0,0.6573194288229254,0.6600025745859079,0.5831685343880465,24,0.6407766990291263,0.6407766990291263,0.646509679255261,618
V2-J,protocol_a_rollv2_cv3,C0p3-sample0p35-cap3000,3,2030,V2H-local-real,True,real_eeg,0.3,0.35,3000,True,user_center_rate_beta_0p5,0.6573194288229254,0.6600025745859079,0.46352450010986596,24,0.6407766990291263,0.6407766990291263,0.646509679255261,618
V2-J,protocol_a_rollv2_cv3,C0p3-sample0p35-cap3000,3,2030,V2H-local-real,True,real_eeg,0.3,0.35,3000,True,user_center_rate_beta_1p0,0.6573194288229254,0.6600025745859079,0.5137332454405625,24,0.6407766990291263,0.6407766990291263,0.646509679255261,618
V2-J,protocol_a_rollv2_cv3,C0p3-sample0p35-cap3000,3,2030,V2H-local-real,True,real_eeg,0.3,0.35,3000,True,user_center_rate_beta_1p5,0.6573194288229254,0.6600025745859079,0.5535779682121146,24,0.6407766990291263,0.6407766990291263,0.646509679255261,618
V2-J,protocol_a_rollv2_cv3,C0p3-sample0p35-cap3000,3,2030,V2H-local-real,True,real_eeg,0.3,0.35,3000,True,user_center_rate_beta_2p0,0.6573194288229254,0.6600025745859079,0.5852926096828536,24,0.6407766990291263,0.6407766990291263,0.646509679255261,618
