phase,protocol_id,split_version,fold,seed,candidate,uses_eeg,control_type,score_variant,variant_family,power,context_threshold,smooth_threshold,smooth_scale,protocol_gauc,protocol_macro_user_auc,protocol_global_auc,local_context_macro_auc,local_pair_count,valid_context_count,valid_local_user_count,event_transfer_gauc,event_transfer_macro_user_auc,event_transfer_global_auc,event_valid_user_count
V2-Q,V2M-two_stage_user_local_reranker-v1,protocol_a_rollv2_cv3,1,2026,V2H-local-H2_E0,False,H2_E0_non_eeg,v2n_eeg_base_0p05,reference_raw_margin,1.0,,,,0.6521739130434783,0.6467654898012041,0.6521739130434783,0.6534258228543942,598,35,28,0.6290835863970191,0.6270960669621383,0.6426240888580353,28
V2-Q,V2M-two_stage_user_local_reranker-v1,protocol_a_rollv2_cv3,1,2026,V2H-local-H2_E0,False,H2_E0_non_eeg,sqrt_margin_eeg_base0p05,v2p_sqrt_margin,0.5,,,,0.6454849498327759,0.6380658561015704,0.6454849498327759,0.6454893149178863,598,35,28,0.6176679373694298,0.6156566730227445,0.6425893786879555,28
V2-Q,V2M-two_stage_user_local_reranker-v1,protocol_a_rollv2_cv3,1,2026,V2H-local-H2_E0,False,H2_E0_non_eeg,margin_power0p25_base0p05,global_power_margin,0.25,,,,0.6404682274247492,0.6327087132444275,0.6404682274247492,0.6412036006321721,598,35,28,0.6157536990372812,0.6134741333402048,0.6442901770218674,28
V2-Q,V2M-two_stage_user_local_reranker-v1,protocol_a_rollv2_cv3,1,2026,V2H-local-H2_E0,False,H2_E0_non_eeg,margin_power0p75_base0p05,global_power_margin,0.75,,,,0.6505016722408027,0.6427972358329501,0.6505016722408027,0.650251219679791,598,35,28,0.6240255432792746,0.6216397177557892,0.6425893786879555,28
V2-Q,V2M-two_stage_user_local_reranker-v1,protocol_a_rollv2_cv3,1,2026,V2H-local-H2_E0,False,H2_E0_non_eeg,margin_power1p25_base0p05,global_power_margin,1.25,,,,0.6521739130434783,0.6467654898012041,0.6521739130434783,0.6534258228543942,598,35,28,0.6290835863970191,0.6270960669621383,0.6426935091981951,28
V2-Q,V2M-two_stage_user_local_reranker-v1,protocol_a_rollv2_cv3,1,2026,V2H-local-H2_E0,False,H2_E0_non_eeg,ctx_le8_sqrt_else_raw_base0p05,context_threshold_sqrt,,8.0,,,0.6521739130434783,0.6467654898012041,0.6521739130434783,0.6534258228543942,598,35,28,0.6285544140768021,0.6265332963993678,0.6455050329746617,28
V2-Q,V2M-two_stage_user_local_reranker-v1,protocol_a_rollv2_cv3,1,2026,V2H-local-H2_E0,False,H2_E0_non_eeg,ctx_le12_sqrt_else_raw_base0p05,context_threshold_sqrt,,12.0,,,0.6488294314381271,0.6400499830856974,0.6488294314381271,0.6470766165051879,598,35,28,0.619823824599944,0.6176408000068715,0.633738285317598,28
V2-Q,V2M-two_stage_user_local_reranker-v1,protocol_a_rollv2_cv3,1,2026,V2H-local-H2_E0,False,H2_E0_non_eeg,ctx_le16_sqrt_else_raw_base0p05,context_threshold_sqrt,,16.0,,,0.6454849498327759,0.6380658561015704,0.6454849498327759,0.6454893149178863,598,35,28,0.6176679373694298,0.6156566730227445,0.6425893786879555,28
V2-Q,V2M-two_stage_user_local_reranker-v1,protocol_a_rollv2_cv3,1,2026,V2H-local-H2_E0,False,H2_E0_non_eeg,ctx_le20_sqrt_else_raw_base0p05,context_threshold_sqrt,,20.0,,,0.6454849498327759,0.6380658561015704,0.6454849498327759,0.6454893149178863,598,35,28,0.6176679373694298,0.6156566730227445,0.6425893786879555,28
V2-Q,V2M-two_stage_user_local_reranker-v1,protocol_a_rollv2_cv3,1,2026,V2H-local-H2_E0,False,H2_E0_non_eeg,ctx_smooth12_scale4_sqrt_raw_base0p05,context_smooth_sqrt,,,12.0,4.0,0.6505016722408027,0.6427972358329501,0.6505016722408027,0.650251219679791,598,35,28,0.6219194072925416,0.6190064978011407,0.641443943075321,28
V2-Q,V2M-two_stage_user_local_reranker-v1,protocol_a_rollv2_cv3,1,2026,V2H-local-H2_E0,False,H2_E0_non_eeg,ctx_smooth16_scale4_sqrt_raw_base0p05,context_smooth_sqrt,,,16.0,4.0,0.6488294314381271,0.6400499830856974,0.6488294314381271,0.6470766165051879,598,35,28,0.618828799724322,0.6159401197347627,0.6412009718847622,28
V2-Q,V2M-two_stage_user_local_reranker-v1,protocol_a_rollv2_cv3,2,2026,V2H-local-H2_E0,False,H2_E0_non_eeg,v2n_eeg_base_0p05,reference_raw_margin,1.0,,,,0.5736301369863014,0.562216255966256,0.5736301369863014,0.5520027657527657,584,30,26,0.5562149395743146,0.5532738095238096,0.5768694346100204,26
V2-Q,V2M-two_stage_user_local_reranker-v1,protocol_a_rollv2_cv3,2,2026,V2H-local-H2_E0,False,H2_E0_non_eeg,sqrt_margin_eeg_base0p05,v2p_sqrt_margin,0.5,,,,0.5753424657534246,0.5670417545417545,0.5753424657534246,0.5561848645181978,584,30,26,0.5593995761183261,0.5568713693713693,0.5789793655902442,26
V2-Q,V2M-two_stage_user_local_reranker-v1,protocol_a_rollv2_cv3,2,2026,V2H-local-H2_E0,False,H2_E0_non_eeg,margin_power0p25_base0p05,global_power_margin,0.25,,,,0.5873287671232876,0.5857739482739482,0.5873287671232876,0.5745887445887445,584,30,26,0.5741220238095237,0.5729111166611166,0.5846296892321997,26
V2-Q,V2M-two_stage_user_local_reranker-v1,protocol_a_rollv2_cv3,2,2026,V2H-local-H2_E0,False,H2_E0_non_eeg,margin_power0p75_base0p05,global_power_margin,0.75,,,,0.577054794520548,0.5679854867354867,0.577054794520548,0.5570027657527656,584,30,26,0.560271351911977,0.5577006327006327,0.5776204269928119,26
V2-Q,V2M-two_stage_user_local_reranker-v1,protocol_a_rollv2_cv3,2,2026,V2H-local-H2_E0,False,H2_E0_non_eeg,margin_power1p25_base0p05,global_power_margin,1.25,,,,0.571917808219178,0.5618779368779369,0.571917808219178,0.5517095558762225,584,30,26,0.555673024891775,0.5530499592999593,0.5765833422737189,26
V2-Q,V2M-two_stage_user_local_reranker-v1,protocol_a_rollv2_cv3,2,2026,V2H-local-H2_E0,False,H2_E0_non_eeg,ctx_le8_sqrt_else_raw_base0p05,context_threshold_sqrt,,8.0,,,0.5753424657534246,0.5654213841713841,0.5753424657534246,0.5547805435305435,584,30,26,0.5712635281385283,0.5671876734376734,0.5850230661946143,26
V2-Q,V2M-two_stage_user_local_reranker-v1,protocol_a_rollv2_cv3,2,2026,V2H-local-H2_E0,False,H2_E0_non_eeg,ctx_le12_sqrt_else_raw_base0p05,context_threshold_sqrt,,12.0,,,0.5753424657534246,0.5664007289007288,0.5753424657534246,0.5556293089626423,584,30,26,0.5628110344516595,0.5594354719354718,0.5831634660086544,26
V2-Q,V2M-two_stage_user_local_reranker-v1,protocol_a_rollv2_cv3,2,2026,V2H-local-H2_E0,False,H2_E0_non_eeg,ctx_le16_sqrt_else_raw_base0p05,context_threshold_sqrt,,16.0,,,0.5753424657534246,0.5670417545417545,0.5753424657534246,0.5561848645181978,584,30,26,0.5593995761183261,0.5568713693713693,0.5789793655902442,26
V2-Q,V2M-two_stage_user_local_reranker-v1,protocol_a_rollv2_cv3,2,2026,V2H-local-H2_E0,False,H2_E0_non_eeg,ctx_le20_sqrt_else_raw_base0p05,context_threshold_sqrt,,20.0,,,0.5753424657534246,0.5670417545417545,0.5753424657534246,0.5561848645181978,584,30,26,0.5593995761183261,0.5568713693713693,0.5789793655902442,26
V2-Q,V2M-two_stage_user_local_reranker-v1,protocol_a_rollv2_cv3,2,2026,V2H-local-H2_E0,False,H2_E0_non_eeg,ctx_smooth12_scale4_sqrt_raw_base0p05,context_smooth_sqrt,,,12.0,4.0,0.5753424657534246,0.5670239482739483,0.5753424657534246,0.5561694324194324,584,30,26,0.5698101551226552,0.5668747918747918,0.5829488967564281,26
V2-Q,V2M-two_stage_user_local_reranker-v1,protocol_a_rollv2_cv3,2,2026,V2H-local-H2_E0,False,H2_E0_non_eeg,ctx_smooth16_scale4_sqrt_raw_base0p05,context_smooth_sqrt,,,16.0,4.0,0.577054794520548,0.5681635494135494,0.577054794520548,0.5571570867404201,584,30,26,0.5656284947691198,0.5623811373811374,0.5824124736258627,26
V2-Q,V2M-two_stage_user_local_reranker-v1,protocol_a_rollv2_cv3,3,2026,V2H-local-H2_E0,False,H2_E0_non_eeg,v2n_eeg_base_0p05,reference_raw_margin,1.0,,,,0.6019417475728155,0.6451868460403355,0.6019417475728155,0.6272468239432525,618,28,24,0.6304789227866151,0.6410218677927011,0.6147000659195782,24
V2-Q,V2M-two_stage_user_local_reranker-v1,protocol_a_rollv2_cv3,3,2026,V2H-local-H2_E0,False,H2_E0_non_eeg,sqrt_margin_eeg_base0p05,v2p_sqrt_margin,0.5,,,,0.6132686084142395,0.6694362516711587,0.6132686084142395,0.6491712454212454,618,28,24,0.6415097722790031,0.6626265940849274,0.6173368490441661,24
V2-Q,V2M-two_stage_user_local_reranker-v1,protocol_a_rollv2_cv3,3,2026,V2H-local-H2_E0,False,H2_E0_non_eeg,margin_power0p25_base0p05,global_power_margin,0.25,,,,0.6229773462783171,0.6756747487978139,0.6229773462783171,0.6541977863406435,618,28,24,0.6448523892579837,0.6652391281557949,0.6233794770380137,24
V2-Q,V2M-two_stage_user_local_reranker-v1,protocol_a_rollv2_cv3,3,2026,V2H-local-H2_E0,False,H2_E0_non_eeg,margin_power0p75_base0p05,global_power_margin,0.75,,,,0.6067961165048543,0.6630434087433894,0.6067961165048543,0.6426568768533054,618,28,24,0.6381462554539478,0.6581735432777099,0.6155423716399326,24
V2-Q,V2M-two_stage_user_local_reranker-v1,protocol_a_rollv2_cv3,3,2026,V2H-local-H2_E0,False,H2_E0_non_eeg,margin_power1p25_base0p05,global_power_margin,1.25,,,,0.6035598705501618,0.6461127719662614,0.6035598705501618,0.6280404747369033,618,28,24,0.6315667238744163,0.641947793718627,0.6147366879074196,24
V2-Q,V2M-two_stage_user_local_reranker-v1,protocol_a_rollv2_cv3,3,2026,V2H-local-H2_E0,False,H2_E0_non_eeg,ctx_le8_sqrt_else_raw_base0p05,context_threshold_sqrt,,8.0,,,0.6051779935275081,0.6615267153213812,0.6051779935275081,0.6421277763242049,618,28,24,0.6307619730696654,0.6500827143535477,0.6106716472570132,24
V2-Q,V2M-two_stage_user_local_reranker-v1,protocol_a_rollv2_cv3,3,2026,V2H-local-H2_E0,False,H2_E0_non_eeg,ctx_le12_sqrt_else_raw_base0p05,context_threshold_sqrt,,12.0,,,0.6148867313915858,0.6726413798762869,0.6148867313915858,0.6519184981684981,618,28,24,0.6452752375829299,0.6658317222900556,0.5999780268072952,24
V2-Q,V2M-two_stage_user_local_reranker-v1,protocol_a_rollv2_cv3,3,2026,V2H-local-H2_E0,False,H2_E0_non_eeg,ctx_le16_sqrt_else_raw_base0p05,context_threshold_sqrt,,16.0,,,0.6132686084142395,0.6694362516711587,0.6132686084142395,0.6491712454212454,618,28,24,0.6415097722790031,0.6626265940849274,0.6173368490441661,24
V2-Q,V2M-two_stage_user_local_reranker-v1,protocol_a_rollv2_cv3,3,2026,V2H-local-H2_E0,False,H2_E0_non_eeg,ctx_le20_sqrt_else_raw_base0p05,context_threshold_sqrt,,20.0,,,0.6132686084142395,0.6694362516711587,0.6132686084142395,0.6491712454212454,618,28,24,0.6415097722790031,0.6626265940849274,0.6173368490441661,24
V2-Q,V2M-two_stage_user_local_reranker-v1,protocol_a_rollv2_cv3,3,2026,V2H-local-H2_E0,False,H2_E0_non_eeg,ctx_smooth12_scale4_sqrt_raw_base0p05,context_smooth_sqrt,,,12.0,4.0,0.6084142394822006,0.6647409396075868,0.6084142394822006,0.6441119033083319,618,28,24,0.6322327245404169,0.6523424145299145,0.6092800117190361,24
V2-Q,V2M-two_stage_user_local_reranker-v1,protocol_a_rollv2_cv3,3,2026,V2H-local-H2_E0,False,H2_E0_non_eeg,ctx_smooth16_scale4_sqrt_raw_base0p05,context_smooth_sqrt,,,16.0,4.0,0.610032362459547,0.667809203950361,0.610032362459547,0.647617194313623,618,28,24,0.6380255428332352,0.6581900776692443,0.6105251593056471,24
V2-Q,V2M-two_stage_user_local_reranker-v1,protocol_a_rollv2_cv3,1,2027,V2H-local-H2_E0,False,H2_E0_non_eeg,v2n_eeg_base_0p05,reference_raw_margin,1.0,,,,0.6555183946488294,0.6511142164713591,0.6555183946488294,0.6626435099292243,598,35,28,0.6271149662940707,0.6278162148697863,0.623741756334606,28
V2-Q,V2M-two_stage_user_local_reranker-v1,protocol_a_rollv2_cv3,1,2027,V2H-local-H2_E0,False,H2_E0_non_eeg,sqrt_margin_eeg_base0p05,v2p_sqrt_margin,0.5,,,,0.6521739130434783,0.6444673910745339,0.6521739130434783,0.6573260496117639,598,35,28,0.6222026232473993,0.6215945595409881,0.6233252342936481,28
V2-Q,V2M-two_stage_user_local_reranker-v1,protocol_a_rollv2_cv3,1,2027,V2H-local-H2_E0,False,H2_E0_non_eeg,margin_power0p25_base0p05,global_power_margin,0.25,,,,0.6538461538461539,0.6385362686255542,0.6538461538461539,0.6519859135573421,598,35,28,0.6200171221813012,0.6186608860716003,0.6254078444984381,28
V2-Q,V2M-two_stage_user_local_reranker-v1,protocol_a_rollv2_cv3,1,2027,V2H-local-H2_E0,False,H2_E0_non_eeg,margin_power0p75_base0p05,global_power_margin,0.75,,,,0.6538461538461539,0.6502213593285021,0.6538461538461539,0.6619292242149386,598,35,28,0.6261448170403394,0.6269233577269292,0.6235682054842069,28
V2-Q,V2M-two_stage_user_local_reranker-v1,protocol_a_rollv2_cv3,1,2027,V2H-local-H2_E0,False,H2_E0_non_eeg,margin_power1p25_base0p05,global_power_margin,1.25,,,,0.6588628762541806,0.6532400668114953,0.6588628762541806,0.6643441902013331,598,35,28,0.6292826990588185,0.6299420652099225,0.6238458868448455,28
V2-Q,V2M-two_stage_user_local_reranker-v1,protocol_a_rollv2_cv3,1,2027,V2H-local-H2_E0,False,H2_E0_non_eeg,ctx_le8_sqrt_else_raw_base0p05,context_threshold_sqrt,,8.0,,,0.6538461538461539,0.6481380259951688,0.6538461538461539,0.6602625575482718,598,35,28,0.619126338006935,0.6194616230330517,0.6221797986810136,28
V2-Q,V2M-two_stage_user_local_reranker-v1,protocol_a_rollv2_cv3,1,2027,V2H-local-H2_E0,False,H2_E0_non_eeg,ctx_le12_sqrt_else_raw_base0p05,context_threshold_sqrt,,12.0,,,0.6521739130434783,0.6441697720269148,0.6521739130434783,0.6570879543736686,598,35,28,0.6218792401628223,0.6212969404933691,0.6097188476223534,28
V2-Q,V2M-two_stage_user_local_reranker-v1,protocol_a_rollv2_cv3,1,2027,V2H-local-H2_E0,False,H2_E0_non_eeg,ctx_le16_sqrt_else_raw_base0p05,context_threshold_sqrt,,16.0,,,0.6521739130434783,0.6444673910745339,0.6521739130434783,0.6573260496117639,598,35,28,0.6222026232473993,0.6215945595409881,0.6233252342936481,28
V2-Q,V2M-two_stage_user_local_reranker-v1,protocol_a_rollv2_cv3,1,2027,V2H-local-H2_E0,False,H2_E0_non_eeg,ctx_le20_sqrt_else_raw_base0p05,context_threshold_sqrt,,20.0,,,0.6521739130434783,0.6444673910745339,0.6521739130434783,0.6573260496117639,598,35,28,0.6222026232473993,0.6215945595409881,0.6233252342936481,28
V2-Q,V2M-two_stage_user_local_reranker-v1,protocol_a_rollv2_cv3,1,2027,V2H-local-H2_E0,False,H2_E0_non_eeg,ctx_smooth12_scale4_sqrt_raw_base0p05,context_smooth_sqrt,,,12.0,4.0,0.6555183946488294,0.6511142164713591,0.6555183946488294,0.6626435099292243,598,35,28,0.6191276302470332,0.6194596904418334,0.6215203054494967,28
V2-Q,V2M-two_stage_user_local_reranker-v1,protocol_a_rollv2_cv3,1,2027,V2H-local-H2_E0,False,H2_E0_non_eeg,ctx_smooth16_scale4_sqrt_raw_base0p05,context_smooth_sqrt,,,16.0,4.0,0.6505016722408027,0.6432769148840577,0.6505016722408027,0.6563736686593828,598,35,28,0.6170226788137235,0.6159591235484093,0.6207566817077403,28
V2-Q,V2M-two_stage_user_local_reranker-v1,protocol_a_rollv2_cv3,2,2027,V2H-local-H2_E0,False,H2_E0_non_eeg,v2n_eeg_base_0p05,reference_raw_margin,1.0,,,,0.571917808219178,0.5606950919450919,0.571917808219178,0.5596791325957994,584,30,26,0.5610996121933621,0.5559498371998373,0.5905661052104567,26
V2-Q,V2M-two_stage_user_local_reranker-v1,protocol_a_rollv2_cv3,2,2027,V2H-local-H2_E0,False,H2_E0_non_eeg,sqrt_margin_eeg_base0p05,v2p_sqrt_margin,0.5,,,,0.5753424657534246,0.5650220150220151,0.5753424657534246,0.5634291325957993,584,30,26,0.5649537788600288,0.5602767602767603,0.5915316668454743,26
V2-Q,V2M-two_stage_user_local_reranker-v1,protocol_a_rollv2_cv3,2,2027,V2H-local-H2_E0,False,H2_E0_non_eeg,margin_power0p25_base0p05,global_power_margin,0.25,,,,0.5873287671232876,0.5860664798164797,0.5873287671232876,0.5841676687510021,584,30,26,0.5789174107142857,0.5753251378251378,0.5957872903479599,26
V2-Q,V2M-two_stage_user_local_reranker-v1,protocol_a_rollv2_cv3,2,2027,V2H-local-H2_E0,False,H2_E0_non_eeg,margin_power0p75_base0p05,global_power_margin,0.75,,,,0.5736301369863014,0.5630989380989381,0.5736301369863014,0.5617624659291327,584,30,26,0.5630527371933621,0.5583536833536834,0.5909237206308336,26
V2-Q,V2M-two_stage_user_local_reranker-v1,protocol_a_rollv2_cv3,2,2027,V2H-local-H2_E0,False,H2_E0_non_eeg,margin_power1p25_base0p05,global_power_margin,1.25,,,,0.5753424657534246,0.5630989380989381,0.5753424657534246,0.5617624659291327,584,30,26,0.5633689574314574,0.5582392144892145,0.5902084897900798,26
V2-Q,V2M-two_stage_user_local_reranker-v1,protocol_a_rollv2_cv3,2,2027,V2H-local-H2_E0,False,H2_E0_non_eeg,ctx_le8_sqrt_else_raw_base0p05,context_threshold_sqrt,,8.0,,,0.571917808219178,0.5606950919450919,0.571917808219178,0.5596791325957994,584,30,26,0.562877886002886,0.5576439763939764,0.5939992132460752,26
V2-Q,V2M-two_stage_user_local_reranker-v1,protocol_a_rollv2_cv3,2,2027,V2H-local-H2_E0,False,H2_E0_non_eeg,ctx_le12_sqrt_else_raw_base0p05,context_threshold_sqrt,,12.0,,,0.5753424657534246,0.5647015022015023,0.5753424657534246,0.5631513548180215,584,30,26,0.566159136002886,0.5613298738298739,0.5906733898365697,26
V2-Q,V2M-two_stage_user_local_reranker-v1,protocol_a_rollv2_cv3,2,2027,V2H-local-H2_E0,False,H2_E0_non_eeg,ctx_le16_sqrt_else_raw_base0p05,context_threshold_sqrt,,16.0,,,0.5753424657534246,0.5650220150220151,0.5753424657534246,0.5634291325957993,584,30,26,0.5649537788600288,0.5602767602767603,0.5915316668454743,26
V2-Q,V2M-two_stage_user_local_reranker-v1,protocol_a_rollv2_cv3,2,2027,V2H-local-H2_E0,False,H2_E0_non_eeg,ctx_le20_sqrt_else_raw_base0p05,context_threshold_sqrt,,20.0,,,0.5753424657534246,0.5650220150220151,0.5753424657534246,0.5634291325957993,584,30,26,0.5649537788600288,0.5602767602767603,0.5915316668454743,26
V2-Q,V2M-two_stage_user_local_reranker-v1,protocol_a_rollv2_cv3,2,2027,V2H-local-H2_E0,False,H2_E0_non_eeg,ctx_smooth12_scale4_sqrt_raw_base0p05,context_smooth_sqrt,,,12.0,4.0,0.5736301369863014,0.5630989380989381,0.5736301369863014,0.5617624659291327,584,30,26,0.5677650387806638,0.562932437932438,0.592389943854379,26
V2-Q,V2M-two_stage_user_local_reranker-v1,protocol_a_rollv2_cv3,2,2027,V2H-local-H2_E0,False,H2_E0_non_eeg,ctx_smooth16_scale4_sqrt_raw_base0p05,context_smooth_sqrt,,,16.0,4.0,0.5753424657534246,0.5647015022015023,0.5753424657534246,0.5631513548180215,584,30,26,0.5691973304473305,0.5645350020350021,0.5922111361441905,26
V2-Q,V2M-two_stage_user_local_reranker-v1,protocol_a_rollv2_cv3,3,2027,V2H-local-H2_E0,False,H2_E0_non_eeg,v2n_eeg_base_0p05,reference_raw_margin,1.0,,,,0.5598705501618123,0.597959648662693,0.5598705501618123,0.5918696713339571,618,28,24,0.5804146902049,0.5991102955686289,0.6450596938401817,24
V2-Q,V2M-two_stage_user_local_reranker-v1,protocol_a_rollv2_cv3,3,2027,V2H-local-H2_E0,False,H2_E0_non_eeg,sqrt_margin_eeg_base0p05,v2p_sqrt_margin,0.5,,,,0.5631067961165048,0.6036446172888381,0.5631067961165048,0.5976178517249945,618,28,24,0.583291019392418,0.6016051965010298,0.6474401230498791,24
V2-Q,V2M-two_stage_user_local_reranker-v1,protocol_a_rollv2_cv3,3,2027,V2H-local-H2_E0,False,H2_E0_non_eeg,margin_power0p25_base0p05,global_power_margin,0.25,,,,0.5679611650485437,0.6114853797184163,0.5679611650485437,0.6052914083271227,618,28,24,0.5906431757830359,0.6083834067167401,0.6534461290558853,24
V2-Q,V2M-two_stage_user_local_reranker-v1,protocol_a_rollv2_cv3,3,2027,V2H-local-H2_E0,False,H2_E0_non_eeg,margin_power0p75_base0p05,global_power_margin,0.75,,,,0.558252427184466,0.5965429634960079,0.558252427184466,0.5906553697625126,618,28,24,0.5808169782820133,0.5983434119892453,0.6456090236578041,24
V2-Q,V2M-two_stage_user_local_reranker-v1,protocol_a_rollv2_cv3,3,2027,V2H-local-H2_E0,False,H2_E0_non_eeg,margin_power1p25_base0p05,global_power_margin,1.25,,,,0.558252427184466,0.5953554819960264,0.558252427184466,0.5896375284768142,618,28,24,0.5782293755195853,0.5965061289019623,0.6445836079982421,24
V2-Q,V2M-two_stage_user_local_reranker-v1,protocol_a_rollv2_cv3,3,2027,V2H-local-H2_E0,False,H2_E0_non_eeg,ctx_le8_sqrt_else_raw_base0p05,context_threshold_sqrt,,8.0,,,0.5614886731391586,0.60041062905485,0.5614886731391586,0.5948458618101474,618,28,24,0.5775980623882722,0.5964096782846783,0.6440709001684612,24
V2-Q,V2M-two_stage_user_local_reranker-v1,protocol_a_rollv2_cv3,3,2027,V2H-local-H2_E0,False,H2_E0_non_eeg,ctx_le12_sqrt_else_raw_base0p05,context_threshold_sqrt,,12.0,,,0.5614886731391586,0.6003974015416224,0.5614886731391586,0.5948345239416667,618,28,24,0.5793171766073864,0.5983579807538141,0.6442173881198272,24
V2-Q,V2M-two_stage_user_local_reranker-v1,protocol_a_rollv2_cv3,3,2027,V2H-local-H2_E0,False,H2_E0_non_eeg,ctx_le16_sqrt_else_raw_base0p05,context_threshold_sqrt,,16.0,,,0.5631067961165048,0.6036446172888381,0.5631067961165048,0.5976178517249945,618,28,24,0.583291019392418,0.6016051965010298,0.6474401230498791,24
V2-Q,V2M-two_stage_user_local_reranker-v1,protocol_a_rollv2_cv3,3,2027,V2H-local-H2_E0,False,H2_E0_non_eeg,ctx_le20_sqrt_else_raw_base0p05,context_threshold_sqrt,,20.0,,,0.5631067961165048,0.6036446172888381,0.5631067961165048,0.5976178517249945,618,28,24,0.583291019392418,0.6016051965010298,0.6474401230498791,24
V2-Q,V2M-two_stage_user_local_reranker-v1,protocol_a_rollv2_cv3,3,2027,V2H-local-H2_E0,False,H2_E0_non_eeg,ctx_smooth12_scale4_sqrt_raw_base0p05,context_smooth_sqrt,,,12.0,4.0,0.558252427184466,0.5956316063346506,0.558252427184466,0.5898742064813493,618,28,24,0.575878948169158,0.5947314375439375,0.6439244122170951,24
V2-Q,V2M-two_stage_user_local_reranker-v1,protocol_a_rollv2_cv3,3,2027,V2H-local-H2_E0,False,H2_E0_non_eeg,ctx_smooth16_scale4_sqrt_raw_base0p05,context_smooth_sqrt,,,16.0,4.0,0.5614886731391586,0.6013087587029795,0.5614886731391586,0.59561568722283,618,28,24,0.583536481001516,0.6014298317423318,0.6443272540833518,24
V2-Q,V2M-two_stage_user_local_reranker-v1,protocol_a_rollv2_cv3,1,2028,V2H-local-H2_E0,False,H2_E0_non_eeg,v2n_eeg_base_0p05,reference_raw_margin,1.0,,,,0.6421404682274248,0.6577913852020997,0.6421404682274248,0.6614681508967223,598,35,28,0.6209587344661971,0.6199217944753661,0.632488719194724,28
V2-Q,V2M-two_stage_user_local_reranker-v1,protocol_a_rollv2_cv3,1,2028,V2H-local-H2_E0,False,H2_E0_non_eeg,sqrt_margin_eeg_base0p05,v2p_sqrt_margin,0.5,,,,0.6421404682274248,0.6610145178895179,0.6421404682274248,0.664046657046657,598,35,28,0.6204009174904698,0.6186806414484985,0.6323498785144047,28
V2-Q,V2M-two_stage_user_local_reranker-v1,protocol_a_rollv2_cv3,1,2028,V2H-local-H2_E0,False,H2_E0_non_eeg,margin_power0p25_base0p05,global_power_margin,0.25,,,,0.6471571906354515,0.6646851528101531,0.6471571906354515,0.666983164983165,598,35,28,0.6246664943679869,0.623014541675256,0.6325581395348838,28
V2-Q,V2M-two_stage_user_local_reranker-v1,protocol_a_rollv2_cv3,1,2028,V2H-local-H2_E0,False,H2_E0_non_eeg,margin_power0p75_base0p05,global_power_margin,0.75,,,,0.6438127090301003,0.6590668954061812,0.6438127090301003,0.6624885590599876,598,35,28,0.622131442355323,0.6211973046794477,0.6326275598750435,28
V2-Q,V2M-two_stage_user_local_reranker-v1,protocol_a_rollv2_cv3,1,2028,V2H-local-H2_E0,False,H2_E0_non_eeg,margin_power1p25_base0p05,global_power_margin,1.25,,,,0.6387959866220736,0.6556419143026285,0.6387959866220736,0.6597485741771456,598,35,28,0.6187613878658655,0.6177723235758952,0.6326275598750434,28
V2-Q,V2M-two_stage_user_local_reranker-v1,protocol_a_rollv2_cv3,1,2028,V2H-local-H2_E0,False,H2_E0_non_eeg,ctx_le8_sqrt_else_raw_base0p05,context_threshold_sqrt,,8.0,,,0.6421404682274248,0.6577913852020997,0.6421404682274248,0.6614681508967223,598,35,28,0.6147149533716697,0.6130765563801279,0.6322804581742452,28
V2-Q,V2M-two_stage_user_local_reranker-v1,protocol_a_rollv2_cv3,1,2028,V2H-local-H2_E0,False,H2_E0_non_eeg,ctx_le12_sqrt_else_raw_base0p05,context_threshold_sqrt,,12.0,,,0.6454849498327759,0.6623136486529345,0.6454849498327759,0.6650859616573902,598,35,28,0.6220296784475889,0.6199797722119152,0.621659146129816,28
V2-Q,V2M-two_stage_user_local_reranker-v1,protocol_a_rollv2_cv3,1,2028,V2H-local-H2_E0,False,H2_E0_non_eeg,ctx_le16_sqrt_else_raw_base0p05,context_threshold_sqrt,,16.0,,,0.6421404682274248,0.6610145178895179,0.6421404682274248,0.664046657046657,598,35,28,0.6204009174904698,0.6186806414484985,0.6323498785144047,28
V2-Q,V2M-two_stage_user_local_reranker-v1,protocol_a_rollv2_cv3,1,2028,V2H-local-H2_E0,False,H2_E0_non_eeg,ctx_le20_sqrt_else_raw_base0p05,context_threshold_sqrt,,20.0,,,0.6421404682274248,0.6610145178895179,0.6421404682274248,0.664046657046657,598,35,28,0.6204009174904698,0.6186806414484985,0.6323498785144047,28
V2-Q,V2M-two_stage_user_local_reranker-v1,protocol_a_rollv2_cv3,1,2028,V2H-local-H2_E0,False,H2_E0_non_eeg,ctx_smooth12_scale4_sqrt_raw_base0p05,context_smooth_sqrt,,,12.0,4.0,0.6438127090301003,0.6590668954061812,0.6438127090301003,0.6624885590599876,598,35,28,0.6196936314100493,0.6183061482168625,0.6299201666088163,28
V2-Q,V2M-two_stage_user_local_reranker-v1,protocol_a_rollv2_cv3,1,2028,V2H-local-H2_E0,False,H2_E0_non_eeg,ctx_smooth16_scale4_sqrt_raw_base0p05,context_smooth_sqrt,,,16.0,4.0,0.6438127090301003,0.6590668954061812,0.6438127090301003,0.6624885590599876,598,35,28,0.6202124658094808,0.6186462842712844,0.629607775078098,28
V2-Q,V2M-two_stage_user_local_reranker-v1,protocol_a_rollv2_cv3,2,2028,V2H-local-H2_E0,False,H2_E0_non_eeg,v2n_eeg_base_0p05,reference_raw_margin,1.0,,,,0.5547945205479452,0.5512654012654012,0.5547945205479452,0.5351046176046176,584,30,26,0.5469023944805194,0.5426157176157176,0.5887422665665344,26
V2-Q,V2M-two_stage_user_local_reranker-v1,protocol_a_rollv2_cv3,2,2028,V2H-local-H2_E0,False,H2_E0_non_eeg,sqrt_margin_eeg_base0p05,v2p_sqrt_margin,0.5,,,,0.5565068493150684,0.5539388851888852,0.5565068493150684,0.5374216370049704,584,30,26,0.5469247159090909,0.543495855995856,0.5914243822193612,26
V2-Q,V2M-two_stage_user_local_reranker-v1,protocol_a_rollv2_cv3,2,2028,V2H-local-H2_E0,False,H2_E0_non_eeg,margin_power0p25_base0p05,global_power_margin,0.25,,,,0.5633561643835616,0.5631269193769194,0.5633561643835616,0.5547629068462402,584,30,26,0.5545251623376624,0.5516765641765642,0.5947859671709044,26
V2-Q,V2M-two_stage_user_local_reranker-v1,protocol_a_rollv2_cv3,2,2028,V2H-local-H2_E0,False,H2_E0_non_eeg,margin_power0p75_base0p05,global_power_margin,0.75,,,,0.5547945205479452,0.5512654012654012,0.5547945205479452,0.5351046176046176,584,30,26,0.546065340909091,0.5419289044289044,0.5895290204913636,26
V2-Q,V2M-two_stage_user_local_reranker-v1,protocol_a_rollv2_cv3,2,2028,V2H-local-H2_E0,False,H2_E0_non_eeg,margin_power1p25_base0p05,global_power_margin,1.25,,,,0.5547945205479452,0.5512654012654012,0.5547945205479452,0.5351046176046176,584,30,26,0.5469023944805194,0.5426157176157176,0.5882058434359689,26
V2-Q,V2M-two_stage_user_local_reranker-v1,protocol_a_rollv2_cv3,2,2028,V2H-local-H2_E0,False,H2_E0_non_eeg,ctx_le8_sqrt_else_raw_base0p05,context_threshold_sqrt,,8.0,,,0.5547945205479452,0.5512654012654012,0.5547945205479452,0.5351046176046176,584,30,26,0.5592783865440115,0.553909978909979,0.5965025211887137,26
V2-Q,V2M-two_stage_user_local_reranker-v1,protocol_a_rollv2_cv3,2,2028,V2H-local-H2_E0,False,H2_E0_non_eeg,ctx_le12_sqrt_else_raw_base0p05,context_threshold_sqrt,,12.0,,,0.5565068493150684,0.5544196544196545,0.5565068493150684,0.5378383036716371,584,30,26,0.5524641504329004,0.5482119732119732,0.5895647820334013,26
V2-Q,V2M-two_stage_user_local_reranker-v1,protocol_a_rollv2_cv3,2,2028,V2H-local-H2_E0,False,H2_E0_non_eeg,ctx_le16_sqrt_else_raw_base0p05,context_threshold_sqrt,,16.0,,,0.5565068493150684,0.5539388851888852,0.5565068493150684,0.5374216370049704,584,30,26,0.5469247159090909,0.543495855995856,0.5914243822193612,26
V2-Q,V2M-two_stage_user_local_reranker-v1,protocol_a_rollv2_cv3,2,2028,V2H-local-H2_E0,False,H2_E0_non_eeg,ctx_le20_sqrt_else_raw_base0p05,context_threshold_sqrt,,20.0,,,0.5565068493150684,0.5539388851888852,0.5565068493150684,0.5374216370049704,584,30,26,0.5469247159090909,0.543495855995856,0.5914243822193612,26
V2-Q,V2M-two_stage_user_local_reranker-v1,protocol_a_rollv2_cv3,2,2028,V2H-local-H2_E0,False,H2_E0_non_eeg,ctx_smooth12_scale4_sqrt_raw_base0p05,context_smooth_sqrt,,,12.0,4.0,0.5565068493150684,0.5520666833166834,0.5565068493150684,0.535799062049062,584,30,26,0.555566829004329,0.5502164502164503,0.5918177591817759,26
V2-Q,V2M-two_stage_user_local_reranker-v1,protocol_a_rollv2_cv3,2,2028,V2H-local-H2_E0,False,H2_E0_non_eeg,ctx_smooth16_scale4_sqrt_raw_base0p05,context_smooth_sqrt,,,16.0,4.0,0.5565068493150684,0.5537608225108225,0.5565068493150684,0.5372673160173159,584,30,26,0.5553287337662338,0.550651431901432,0.5911740514250974,26
V2-Q,V2M-two_stage_user_local_reranker-v1,protocol_a_rollv2_cv3,3,2028,V2H-local-H2_E0,False,H2_E0_non_eeg,v2n_eeg_base_0p05,reference_raw_margin,1.0,,,,0.5647249190938511,0.593835493634094,0.5647249190938511,0.5766881696345981,618,28,24,0.5671116664997784,0.5860199060199061,0.5858785614883175,24
V2-Q,V2M-two_stage_user_local_reranker-v1,protocol_a_rollv2_cv3,3,2028,V2H-local-H2_E0,False,H2_E0_non_eeg,sqrt_margin_eeg_base0p05,v2p_sqrt_margin,0.5,,,,0.5647249190938511,0.5948290676209278,0.5647249190938511,0.5782557158450016,618,28,24,0.5674836430081185,0.5861346446763113,0.5881125027466491,24
V2-Q,V2M-two_stage_user_local_reranker-v1,protocol_a_rollv2_cv3,3,2028,V2H-local-H2_E0,False,H2_E0_non_eeg,margin_power0p25_base0p05,global_power_margin,0.25,,,,0.56957928802589,0.6006793926437245,0.56957928802589,0.5777762184905042,618,28,24,0.5729073859318614,0.592541721395888,0.5934959349593496,24
V2-Q,V2M-two_stage_user_local_reranker-v1,protocol_a_rollv2_cv3,3,2028,V2H-local-H2_E0,False,H2_E0_non_eeg,margin_power0p75_base0p05,global_power_margin,0.75,,,,0.5647249190938511,0.593835493634094,0.5647249190938511,0.5766881696345981,618,28,24,0.5671116664997784,0.5860199060199061,0.5866842452208306,24
V2-Q,V2M-two_stage_user_local_reranker-v1,protocol_a_rollv2_cv3,3,2028,V2H-local-H2_E0,False,H2_E0_non_eeg,margin_power1p25_base0p05,global_power_margin,1.25,,,,0.5647249190938511,0.593835493634094,0.5647249190938511,0.5766881696345981,618,28,24,0.5680829174710293,0.5867915109581777,0.5857320735369516,24
V2-Q,V2M-two_stage_user_local_reranker-v1,protocol_a_rollv2_cv3,3,2028,V2H-local-H2_E0,False,H2_E0_non_eeg,ctx_le8_sqrt_else_raw_base0p05,context_threshold_sqrt,,8.0,,,0.5663430420711975,0.5962864740262509,0.5663430420711975,0.5796643601107887,618,28,24,0.565242702130814,0.5837216255966257,0.582985424448839,24
V2-Q,V2M-two_stage_user_local_reranker-v1,protocol_a_rollv2_cv3,3,2028,V2H-local-H2_E0,False,H2_E0_non_eeg,ctx_le12_sqrt_else_raw_base0p05,context_threshold_sqrt,,12.0,,,0.5631067961165048,0.5938820979239581,0.5631067961165048,0.5774440275333133,618,28,24,0.566291653179765,0.5851876749793417,0.5771991503698821,24
V2-Q,V2M-two_stage_user_local_reranker-v1,protocol_a_rollv2_cv3,3,2028,V2H-local-H2_E0,False,H2_E0_non_eeg,ctx_le16_sqrt_else_raw_base0p05,context_threshold_sqrt,,16.0,,,0.5647249190938511,0.5948290676209278,0.5647249190938511,0.5782557158450016,618,28,24,0.5674836430081185,0.5861346446763113,0.5881125027466491,24
V2-Q,V2M-two_stage_user_local_reranker-v1,protocol_a_rollv2_cv3,3,2028,V2H-local-H2_E0,False,H2_E0_non_eeg,ctx_le20_sqrt_else_raw_base0p05,context_threshold_sqrt,,20.0,,,0.5647249190938511,0.5948290676209278,0.5647249190938511,0.5782557158450016,618,28,24,0.5674836430081185,0.5861346446763113,0.5881125027466491,24
V2-Q,V2M-two_stage_user_local_reranker-v1,protocol_a_rollv2_cv3,3,2028,V2H-local-H2_E0,False,H2_E0_non_eeg,ctx_smooth12_scale4_sqrt_raw_base0p05,context_smooth_sqrt,,,12.0,4.0,0.5631067961165048,0.5923473983959987,0.5631067961165048,0.5754126594305166,618,28,24,0.5606250975132094,0.5793785920869254,0.5833516443272541,24
V2-Q,V2M-two_stage_user_local_reranker-v1,protocol_a_rollv2_cv3,3,2028,V2H-local-H2_E0,False,H2_E0_non_eeg,ctx_smooth16_scale4_sqrt_raw_base0p05,context_smooth_sqrt,,,16.0,4.0,0.5647249190938511,0.593890608272542,0.5647249190938511,0.576735410753268,618,28,24,0.5641202135083254,0.5833964492297826,0.584377059986816,24
V2-Q,V2M-two_stage_user_local_reranker-v1,protocol_a_rollv2_cv3,1,2029,V2H-local-H2_E0,False,H2_E0_non_eeg,v2n_eeg_base_0p05,reference_raw_margin,1.0,,,,0.6287625418060201,0.6033124547410261,0.6287625418060201,0.6125278636707209,598,35,28,0.5979936895608537,0.5908118600975744,0.6409580006942034,28
V2-Q,V2M-two_stage_user_local_reranker-v1,protocol_a_rollv2_cv3,1,2029,V2H-local-H2_E0,False,H2_E0_non_eeg,sqrt_margin_eeg_base0p05,v2p_sqrt_margin,0.5,,,,0.6337792642140468,0.6079255499791214,0.6337792642140468,0.6168135779564351,598,35,28,0.5993369731429433,0.5914921322064178,0.641443943075321,28
V2-Q,V2M-two_stage_user_local_reranker-v1,protocol_a_rollv2_cv3,1,2029,V2H-local-H2_E0,False,H2_E0_non_eeg,margin_power0p25_base0p05,global_power_margin,0.25,,,,0.6321070234113713,0.6090309921559921,0.6321070234113713,0.6176979316979317,598,35,28,0.6045241325838341,0.597586236514808,0.6425546685178757,28
V2-Q,V2M-two_stage_user_local_reranker-v1,protocol_a_rollv2_cv3,1,2029,V2H-local-H2_E0,False,H2_E0_non_eeg,margin_power0p75_base0p05,global_power_margin,0.75,,,,0.6287625418060201,0.6033124547410261,0.6287625418060201,0.6125278636707209,598,35,28,0.5979936895608537,0.5908118600975744,0.6409927108642832,28
V2-Q,V2M-two_stage_user_local_reranker-v1,protocol_a_rollv2_cv3,1,2029,V2H-local-H2_E0,False,H2_E0_non_eeg,margin_power1p25_base0p05,global_power_margin,1.25,,,,0.6304347826086957,0.6077767404553118,0.6304347826086957,0.6160992922421494,598,35,28,0.5993369731429432,0.5925975743832887,0.641270392224922,28
V2-Q,V2M-two_stage_user_local_reranker-v1,protocol_a_rollv2_cv3,1,2029,V2H-local-H2_E0,False,H2_E0_non_eeg,ctx_le8_sqrt_else_raw_base0p05,context_threshold_sqrt,,8.0,,,0.6304347826086957,0.605544597598169,0.6304347826086957,0.6149088160516732,598,35,28,0.590677995304861,0.5831249785267643,0.6353002429711905,28
V2-Q,V2M-two_stage_user_local_reranker-v1,protocol_a_rollv2_cv3,1,2029,V2H-local-H2_E0,False,H2_E0_non_eeg,ctx_le12_sqrt_else_raw_base0p05,context_threshold_sqrt,,12.0,,,0.6321070234113713,0.6070326928362643,0.6321070234113713,0.6160992922421494,598,35,28,0.5983668238892119,0.5905992750635607,0.6358556056924679,28
V2-Q,V2M-two_stage_user_local_reranker-v1,protocol_a_rollv2_cv3,1,2029,V2H-local-H2_E0,False,H2_E0_non_eeg,ctx_le16_sqrt_else_raw_base0p05,context_threshold_sqrt,,16.0,,,0.6337792642140468,0.6079255499791214,0.6337792642140468,0.6168135779564351,598,35,28,0.5993369731429433,0.5914921322064178,0.641443943075321,28
V2-Q,V2M-two_stage_user_local_reranker-v1,protocol_a_rollv2_cv3,1,2029,V2H-local-H2_E0,False,H2_E0_non_eeg,ctx_le20_sqrt_else_raw_base0p05,context_threshold_sqrt,,20.0,,,0.6337792642140468,0.6079255499791214,0.6337792642140468,0.6168135779564351,598,35,28,0.5993369731429433,0.5914921322064178,0.641443943075321,28
V2-Q,V2M-two_stage_user_local_reranker-v1,protocol_a_rollv2_cv3,1,2029,V2H-local-H2_E0,False,H2_E0_non_eeg,ctx_smooth12_scale4_sqrt_raw_base0p05,context_smooth_sqrt,,,12.0,4.0,0.6304347826086957,0.605544597598169,0.6304347826086957,0.6149088160516732,598,35,28,0.5969275914798303,0.5899615199615199,0.6387018396390142,28
V2-Q,V2M-two_stage_user_local_reranker-v1,protocol_a_rollv2_cv3,1,2029,V2H-local-H2_E0,False,H2_E0_non_eeg,ctx_smooth16_scale4_sqrt_raw_base0p05,context_smooth_sqrt,,,16.0,4.0,0.6304347826086957,0.605544597598169,0.6304347826086957,0.6149088160516732,598,35,28,0.5969275914798303,0.5899615199615199,0.6388059701492537,28
V2-Q,V2M-two_stage_user_local_reranker-v1,protocol_a_rollv2_cv3,2,2029,V2H-local-H2_E0,False,H2_E0_non_eeg,v2n_eeg_base_0p05,reference_raw_margin,1.0,,,,0.5616438356164384,0.5508889258889258,0.5616438356164384,0.5427148468815134,584,30,26,0.5402720283189033,0.5369306619306619,0.6120587919751099,26
V2-Q,V2M-two_stage_user_local_reranker-v1,protocol_a_rollv2_cv3,2,2029,V2H-local-H2_E0,False,H2_E0_non_eeg,sqrt_margin_eeg_base0p05,v2p_sqrt_margin,0.5,,,,0.5667808219178082,0.5565869315869315,0.5667808219178082,0.5471240179573513,584,30,26,0.5464786255411255,0.5439641377141378,0.6139899152451453,26
V2-Q,V2M-two_stage_user_local_reranker-v1,protocol_a_rollv2_cv3,2,2029,V2H-local-H2_E0,False,H2_E0_non_eeg,margin_power0p25_base0p05,global_power_margin,0.25,,,,0.5684931506849316,0.5622137122137122,0.5684931506849316,0.5480190796857464,584,30,26,0.5580900523088024,0.5561420061420062,0.6182455387476308,26
V2-Q,V2M-two_stage_user_local_reranker-v1,protocol_a_rollv2_cv3,2,2029,V2H-local-H2_E0,False,H2_E0_non_eeg,margin_power0p75_base0p05,global_power_margin,0.75,,,,0.5633561643835616,0.5532927720427719,0.5633561643835616,0.5447981802148468,584,30,26,0.5413136949855699,0.538533226033226,0.6127024997317885,26
V2-Q,V2M-two_stage_user_local_reranker-v1,protocol_a_rollv2_cv3,2,2029,V2H-local-H2_E0,False,H2_E0_non_eeg,margin_power1p25_base0p05,global_power_margin,1.25,,,,0.5616438356164384,0.5508889258889258,0.5616438356164384,0.5427148468815134,584,30,26,0.5402720283189033,0.5369306619306619,0.6118084611808461,26
V2-Q,V2M-two_stage_user_local_reranker-v1,protocol_a_rollv2_cv3,2,2029,V2H-local-H2_E0,False,H2_E0_non_eeg,ctx_le8_sqrt_else_raw_base0p05,context_threshold_sqrt,,8.0,,,0.5616438356164384,0.5508889258889258,0.5616438356164384,0.5427148468815134,584,30,26,0.5446506358225108,0.5403404465904466,0.6148839537960877,26
V2-Q,V2M-two_stage_user_local_reranker-v1,protocol_a_rollv2_cv3,2,2029,V2H-local-H2_E0,False,H2_E0_non_eeg,ctx_le12_sqrt_else_raw_base0p05,context_threshold_sqrt,,12.0,,,0.565068493150685,0.5549843674843674,0.565068493150685,0.5457351290684623,584,30,26,0.5488409767316018,0.5457956395456395,0.6110932303400923,26
V2-Q,V2M-two_stage_user_local_reranker-v1,protocol_a_rollv2_cv3,2,2029,V2H-local-H2_E0,False,H2_E0_non_eeg,ctx_le16_sqrt_else_raw_base0p05,context_threshold_sqrt,,16.0,,,0.5667808219178082,0.5565869315869315,0.5667808219178082,0.5471240179573513,584,30,26,0.5464786255411255,0.5439641377141378,0.6139899152451453,26
V2-Q,V2M-two_stage_user_local_reranker-v1,protocol_a_rollv2_cv3,2,2029,V2H-local-H2_E0,False,H2_E0_non_eeg,ctx_le20_sqrt_else_raw_base0p05,context_threshold_sqrt,,20.0,,,0.5667808219178082,0.5565869315869315,0.5667808219178082,0.5471240179573513,584,30,26,0.5464786255411255,0.5439641377141378,0.6139899152451453,26
V2-Q,V2M-two_stage_user_local_reranker-v1,protocol_a_rollv2_cv3,2,2029,V2H-local-H2_E0,False,H2_E0_non_eeg,ctx_smooth12_scale4_sqrt_raw_base0p05,context_smooth_sqrt,,,12.0,4.0,0.5633561643835616,0.5532927720427719,0.5633561643835616,0.5447981802148468,584,30,26,0.5535870986652237,0.5497303622303622,0.6147766691699746,26
V2-Q,V2M-two_stage_user_local_reranker-v1,protocol_a_rollv2_cv3,2,2029,V2H-local-H2_E0,False,H2_E0_non_eeg,ctx_smooth16_scale4_sqrt_raw_base0p05,context_smooth_sqrt,,,16.0,4.0,0.5633561643835616,0.5532927720427719,0.5633561643835616,0.5447981802148468,584,30,26,0.5500664006132756,0.5466084841084841,0.6145620999177485,26
V2-Q,V2M-two_stage_user_local_reranker-v1,protocol_a_rollv2_cv3,3,2029,V2H-local-H2_E0,False,H2_E0_non_eeg,v2n_eeg_base_0p05,reference_raw_margin,1.0,,,,0.5938511326860841,0.6101673167554553,0.5938511326860841,0.6126175114567971,618,28,24,0.5876623764735653,0.6046195702445702,0.5900900900900901,24
V2-Q,V2M-two_stage_user_local_reranker-v1,protocol_a_rollv2_cv3,3,2029,V2H-local-H2_E0,False,H2_E0_non_eeg,sqrt_margin_eeg_base0p05,v2p_sqrt_margin,0.5,,,,0.5938511326860841,0.6093644968901354,0.5938511326860841,0.6070186658579516,618,28,24,0.5875308161147321,0.6046848059348059,0.5924338973119462,24
V2-Q,V2M-two_stage_user_local_reranker-v1,protocol_a_rollv2_cv3,3,2029,V2H-local-H2_E0,False,H2_E0_non_eeg,margin_power0p25_base0p05,global_power_margin,0.25,,,,0.6084142394822006,0.6288099510258308,0.6084142394822006,0.6246941121048264,618,28,24,0.6048341324565101,0.6223244579494579,0.5971581337434997,24
V2-Q,V2M-two_stage_user_local_reranker-v1,protocol_a_rollv2_cv3,3,2029,V2H-local-H2_E0,False,H2_E0_non_eeg,margin_power0p75_base0p05,global_power_margin,0.75,,,,0.598705501618123,0.613363339482728,0.598705501618123,0.6155163982842554,618,28,24,0.5921539707378869,0.608326781243448,0.5912986156888596,24
V2-Q,V2M-two_stage_user_local_reranker-v1,protocol_a_rollv2_cv3,3,2029,V2H-local-H2_E0,False,H2_E0_non_eeg,margin_power1p25_base0p05,global_power_margin,1.25,,,,0.5922330097087378,0.6079743342993149,0.5922330097087378,0.61063338447267,618,28,24,0.5862887500999389,0.603131475006475,0.5896872482238336,24
V2-Q,V2M-two_stage_user_local_reranker-v1,protocol_a_rollv2_cv3,3,2029,V2H-local-H2_E0,False,H2_E0_non_eeg,ctx_le8_sqrt_else_raw_base0p05,context_threshold_sqrt,,8.0,,,0.5922330097087378,0.6075631500887887,0.5922330097087378,0.60547465431394,618,28,24,0.5833319846431735,0.59959862668196,0.5852926096828536,24
V2-Q,V2M-two_stage_user_local_reranker-v1,protocol_a_rollv2_cv3,3,2029,V2H-local-H2_E0,False,H2_E0_non_eeg,ctx_le12_sqrt_else_raw_base0p05,context_threshold_sqrt,,12.0,,,0.5906148867313916,0.6075631500887887,0.5906148867313916,0.60547465431394,618,28,24,0.5851856864968752,0.6028834591334591,0.578224566029444,24
V2-Q,V2M-two_stage_user_local_reranker-v1,protocol_a_rollv2_cv3,3,2029,V2H-local-H2_E0,False,H2_E0_non_eeg,ctx_le16_sqrt_else_raw_base0p05,context_threshold_sqrt,,16.0,,,0.5938511326860841,0.6093644968901354,0.5938511326860841,0.6070186658579516,618,28,24,0.5875308161147321,0.6046848059348059,0.5924338973119462,24
V2-Q,V2M-two_stage_user_local_reranker-v1,protocol_a_rollv2_cv3,3,2029,V2H-local-H2_E0,False,H2_E0_non_eeg,ctx_le20_sqrt_else_raw_base0p05,context_threshold_sqrt,,20.0,,,0.5938511326860841,0.6093644968901354,0.5938511326860841,0.6070186658579516,618,28,24,0.5875308161147321,0.6046848059348059,0.5924338973119462,24
V2-Q,V2M-two_stage_user_local_reranker-v1,protocol_a_rollv2_cv3,3,2029,V2H-local-H2_E0,False,H2_E0_non_eeg,ctx_smooth12_scale4_sqrt_raw_base0p05,context_smooth_sqrt,,,12.0,4.0,0.5970873786407767,0.6122631835112485,0.5970873786407767,0.614704709972567,618,28,24,0.5850678750154275,0.601162880329547,0.585768695524793,24
V2-Q,V2M-two_stage_user_local_reranker-v1,protocol_a_rollv2_cv3,3,2029,V2H-local-H2_E0,False,H2_E0_non_eeg,ctx_smooth16_scale4_sqrt_raw_base0p05,context_smooth_sqrt,,,16.0,4.0,0.598705501618123,0.6142228846896997,0.598705501618123,0.6162250150643008,618,28,24,0.587439241023157,0.6043695502028835,0.5871603310627701,24
V2-Q,V2M-two_stage_user_local_reranker-v1,protocol_a_rollv2_cv3,1,2030,V2H-local-H2_E0,False,H2_E0_non_eeg,v2n_eeg_base_0p05,reference_raw_margin,1.0,,,,0.6521739130434783,0.6527854453747312,0.6521739130434783,0.6631715797430082,598,35,28,0.6105738622902801,0.6067942391603106,0.6434571329399513,28
V2-Q,V2M-two_stage_user_local_reranker-v1,protocol_a_rollv2_cv3,1,2030,V2H-local-H2_E0,False,H2_E0_non_eeg,sqrt_margin_eeg_base0p05,v2p_sqrt_margin,0.5,,,,0.6521739130434783,0.6550742775742776,0.6521739130434783,0.6644074074074073,598,35,28,0.6133777002433718,0.6094728105888819,0.6441166261714681,28
V2-Q,V2M-two_stage_user_local_reranker-v1,protocol_a_rollv2_cv3,1,2030,V2H-local-H2_E0,False,H2_E0_non_eeg,margin_power0p25_base0p05,global_power_margin,0.25,,,,0.6538461538461539,0.6536663105413105,0.6538461538461539,0.6625026455026455,598,35,28,0.6199981693265274,0.6163180486841201,0.6455397431447414,28
V2-Q,V2M-two_stage_user_local_reranker-v1,protocol_a_rollv2_cv3,1,2030,V2H-local-H2_E0,False,H2_E0_non_eeg,margin_power0p75_base0p05,global_power_margin,0.75,,,,0.6521739130434783,0.6527854453747312,0.6521739130434783,0.6631715797430082,598,35,28,0.6105738622902801,0.6067942391603106,0.6437695244706699,28
V2-Q,V2M-two_stage_user_local_reranker-v1,protocol_a_rollv2_cv3,1,2030,V2H-local-H2_E0,False,H2_E0_non_eeg,margin_power1p25_base0p05,global_power_margin,1.25,,,,0.6538461538461539,0.6567536993429852,0.6538461538461539,0.6663461829176113,598,35,28,0.6138906118756864,0.6107624931285646,0.6432835820895522,28
V2-Q,V2M-two_stage_user_local_reranker-v1,protocol_a_rollv2_cv3,1,2030,V2H-local-H2_E0,False,H2_E0_non_eeg,ctx_le8_sqrt_else_raw_base0p05,context_threshold_sqrt,,8.0,,,0.6505016722408027,0.6505533025175882,0.6505016722408027,0.6607906273620558,598,35,28,0.6087023755680471,0.6053148405826977,0.645435612634502,28
V2-Q,V2M-two_stage_user_local_reranker-v1,protocol_a_rollv2_cv3,1,2030,V2H-local-H2_E0,False,H2_E0_non_eeg,ctx_le12_sqrt_else_raw_base0p05,context_threshold_sqrt,,12.0,,,0.6521739130434783,0.6545215564858423,0.6521739130434783,0.6639652305366591,598,35,28,0.6128837414658309,0.6089200895004466,0.6409927108642832,28
V2-Q,V2M-two_stage_user_local_reranker-v1,protocol_a_rollv2_cv3,1,2030,V2H-local-H2_E0,False,H2_E0_non_eeg,ctx_le16_sqrt_else_raw_base0p05,context_threshold_sqrt,,16.0,,,0.6521739130434783,0.6550742775742776,0.6521739130434783,0.6644074074074073,598,35,28,0.6133777002433718,0.6094728105888819,0.6441166261714681,28
V2-Q,V2M-two_stage_user_local_reranker-v1,protocol_a_rollv2_cv3,1,2030,V2H-local-H2_E0,False,H2_E0_non_eeg,ctx_le20_sqrt_else_raw_base0p05,context_threshold_sqrt,,20.0,,,0.6521739130434783,0.6550742775742776,0.6521739130434783,0.6644074074074073,598,35,28,0.6133777002433718,0.6094728105888819,0.6441166261714681,28
V2-Q,V2M-two_stage_user_local_reranker-v1,protocol_a_rollv2_cv3,1,2030,V2H-local-H2_E0,False,H2_E0_non_eeg,ctx_smooth12_scale4_sqrt_raw_base0p05,context_smooth_sqrt,,,12.0,4.0,0.6521739130434783,0.6527854453747312,0.6521739130434783,0.6631715797430082,598,35,28,0.6105550171221812,0.6070438655260083,0.6442207566817078,28
V2-Q,V2M-two_stage_user_local_reranker-v1,protocol_a_rollv2_cv3,1,2030,V2H-local-H2_E0,False,H2_E0_non_eeg,ctx_smooth16_scale4_sqrt_raw_base0p05,context_smooth_sqrt,,,16.0,4.0,0.6521739130434783,0.6545215564858423,0.6521739130434783,0.6639652305366591,598,35,28,0.6135697055846309,0.6092937238026523,0.6440124956612288,28
V2-Q,V2M-two_stage_user_local_reranker-v1,protocol_a_rollv2_cv3,2,2030,V2H-local-H2_E0,False,H2_E0_non_eeg,v2n_eeg_base_0p05,reference_raw_margin,1.0,,,,0.5616438356164384,0.5575001387501387,0.5616438356164384,0.5436826599326599,584,30,26,0.5543128832972584,0.5497578810078809,0.612166076601223,26
V2-Q,V2M-two_stage_user_local_reranker-v1,protocol_a_rollv2_cv3,2,2030,V2H-local-H2_E0,False,H2_E0_non_eeg,sqrt_margin_eeg_base0p05,v2p_sqrt_margin,0.5,,,,0.565068493150685,0.5666347541347542,0.565068493150685,0.5515993265993266,584,30,26,0.5602379825036075,0.5579385891885892,0.6137038229088438,26
V2-Q,V2M-two_stage_user_local_reranker-v1,protocol_a_rollv2_cv3,2,2030,V2H-local-H2_E0,False,H2_E0_non_eeg,margin_power0p25_base0p05,global_power_margin,0.25,,,,0.5753424657534246,0.580790737040737,0.5753424657534246,0.5643969456469456,584,30,26,0.5752642496392496,0.5731719669219669,0.6177091156170654,26
V2-Q,V2M-two_stage_user_local_reranker-v1,protocol_a_rollv2_cv3,2,2030,V2H-local-H2_E0,False,H2_E0_non_eeg,margin_power0p75_base0p05,global_power_margin,0.75,,,,0.565068493150685,0.5647116772116771,0.565068493150685,0.5499326599326598,584,30,26,0.558653161075036,0.5559010434010433,0.6124879304795623,26
V2-Q,V2M-two_stage_user_local_reranker-v1,protocol_a_rollv2_cv3,2,2030,V2H-local-H2_E0,False,H2_E0_non_eeg,margin_power1p25_base0p05,global_power_margin,1.25,,,,0.5633561643835616,0.5584616772116772,0.5633561643835616,0.5445159932659932,584,30,26,0.5554066332972583,0.5507194194694194,0.6119515073489968,26
V2-Q,V2M-two_stage_user_local_reranker-v1,protocol_a_rollv2_cv3,2,2030,V2H-local-H2_E0,False,H2_E0_non_eeg,ctx_le8_sqrt_else_raw_base0p05,context_threshold_sqrt,,8.0,,,0.5616438356164384,0.5575001387501387,0.5616438356164384,0.5436826599326599,584,30,26,0.5579288419913421,0.5525953213453213,0.6088760147337553,26
V2-Q,V2M-two_stage_user_local_reranker-v1,protocol_a_rollv2_cv3,2,2030,V2H-local-H2_E0,False,H2_E0_non_eeg,ctx_le12_sqrt_else_raw_base0p05,context_threshold_sqrt,,12.0,,,0.5667808219178082,0.5671155233655234,0.5667808219178082,0.5520159932659932,584,30,26,0.5631174467893219,0.560365329115329,0.6125952151056755,26
V2-Q,V2M-two_stage_user_local_reranker-v1,protocol_a_rollv2_cv3,2,2030,V2H-local-H2_E0,False,H2_E0_non_eeg,ctx_le16_sqrt_else_raw_base0p05,context_threshold_sqrt,,16.0,,,0.565068493150685,0.5666347541347542,0.565068493150685,0.5515993265993266,584,30,26,0.5602379825036075,0.5579385891885892,0.6137038229088438,26
V2-Q,V2M-two_stage_user_local_reranker-v1,protocol_a_rollv2_cv3,2,2030,V2H-local-H2_E0,False,H2_E0_non_eeg,ctx_le20_sqrt_else_raw_base0p05,context_threshold_sqrt,,20.0,,,0.565068493150685,0.5666347541347542,0.565068493150685,0.5515993265993266,584,30,26,0.5602379825036075,0.5579385891885892,0.6137038229088438,26
V2-Q,V2M-two_stage_user_local_reranker-v1,protocol_a_rollv2_cv3,2,2030,V2H-local-H2_E0,False,H2_E0_non_eeg,ctx_smooth12_scale4_sqrt_raw_base0p05,context_smooth_sqrt,,,12.0,4.0,0.565068493150685,0.5647116772116771,0.565068493150685,0.5499326599326598,584,30,26,0.5600121753246754,0.5566017316017315,0.6118799842649215,26
V2-Q,V2M-two_stage_user_local_reranker-v1,protocol_a_rollv2_cv3,2,2030,V2H-local-H2_E0,False,H2_E0_non_eeg,ctx_smooth16_scale4_sqrt_raw_base0p05,context_smooth_sqrt,,,16.0,4.0,0.5667808219178082,0.5671155233655234,0.5667808219178082,0.5520159932659932,584,30,26,0.5608368281024532,0.5579372016872017,0.6122375996852985,26
V2-Q,V2M-two_stage_user_local_reranker-v1,protocol_a_rollv2_cv3,3,2030,V2H-local-H2_E0,False,H2_E0_non_eeg,v2n_eeg_base_0p05,reference_raw_margin,1.0,,,,0.5922330097087378,0.6271105906775735,0.5922330097087378,0.6195991871884728,618,28,24,0.6069500623696428,0.6248735446652113,0.6397861275910056,24
V2-Q,V2M-two_stage_user_local_reranker-v1,protocol_a_rollv2_cv3,3,2030,V2H-local-H2_E0,False,H2_E0_non_eeg,sqrt_margin_eeg_base0p05,v2p_sqrt_margin,0.5,,,,0.5970873786407767,0.6313801139330035,0.5970873786407767,0.6225428671857244,618,28,24,0.612804056860001,0.6307935081893415,0.6422031787885446,24
V2-Q,V2M-two_stage_user_local_reranker-v1,protocol_a_rollv2_cv3,3,2030,V2H-local-H2_E0,False,H2_E0_non_eeg,margin_power0p25_base0p05,global_power_margin,0.25,,,,0.6019417475728155,0.6383880617552573,0.6019417475728155,0.6195498516034229,618,28,24,0.6213897019841076,0.6390140684932352,0.6480993188310262,24
V2-Q,V2M-two_stage_user_local_reranker-v1,protocol_a_rollv2_cv3,3,2030,V2H-local-H2_E0,False,H2_E0_non_eeg,margin_power0p75_base0p05,global_power_margin,0.75,,,,0.5938511326860841,0.6298283937078765,0.5938511326860841,0.6219287326430184,618,28,24,0.6092784158343599,0.6275913476955144,0.6400791034937376,24
V2-Q,V2M-two_stage_user_local_reranker-v1,protocol_a_rollv2_cv3,3,2030,V2H-local-H2_E0,False,H2_E0_non_eeg,margin_power1p25_base0p05,global_power_margin,1.25,,,,0.5906148867313916,0.6261636209806037,0.5906148867313916,0.6187874988767845,618,28,24,0.6046217089049256,0.622884908301575,0.6394931516882737,24
V2-Q,V2M-two_stage_user_local_reranker-v1,protocol_a_rollv2_cv3,3,2030,V2H-local-H2_E0,False,H2_E0_non_eeg,ctx_le8_sqrt_else_raw_base0p05,context_threshold_sqrt,,8.0,,,0.5906148867313916,0.6246596102854166,0.5906148867313916,0.6166229967122824,618,28,24,0.5963412267608073,0.6146993824077157,0.6368197465758441,24
V2-Q,V2M-two_stage_user_local_reranker-v1,protocol_a_rollv2_cv3,3,2030,V2H-local-H2_E0,False,H2_E0_non_eeg,ctx_le12_sqrt_else_raw_base0p05,context_threshold_sqrt,,12.0,,,0.5970873786407767,0.6312664775693672,0.5970873786407767,0.6224454645883217,618,28,24,0.6126610180805985,0.6306798718257052,0.6329011938768037,24
V2-Q,V2M-two_stage_user_local_reranker-v1,protocol_a_rollv2_cv3,3,2030,V2H-local-H2_E0,False,H2_E0_non_eeg,ctx_le16_sqrt_else_raw_base0p05,context_threshold_sqrt,,16.0,,,0.5970873786407767,0.6313801139330035,0.5970873786407767,0.6225428671857244,618,28,24,0.612804056860001,0.6307935081893415,0.6422031787885446,24
V2-Q,V2M-two_stage_user_local_reranker-v1,protocol_a_rollv2_cv3,3,2030,V2H-local-H2_E0,False,H2_E0_non_eeg,ctx_le20_sqrt_else_raw_base0p05,context_threshold_sqrt,,20.0,,,0.5970873786407767,0.6313801139330035,0.5970873786407767,0.6225428671857244,618,28,24,0.612804056860001,0.6307935081893415,0.6422031787885446,24
V2-Q,V2M-two_stage_user_local_reranker-v1,protocol_a_rollv2_cv3,3,2030,V2H-local-H2_E0,False,H2_E0_non_eeg,ctx_smooth12_scale4_sqrt_raw_base0p05,context_smooth_sqrt,,,12.0,4.0,0.5922330097087378,0.6273774133157196,0.5922330097087378,0.6189525421668278,618,28,24,0.6054669495228936,0.6237498573956907,0.6358675748919651,24
V2-Q,V2M-two_stage_user_local_reranker-v1,protocol_a_rollv2_cv3,3,2030,V2H-local-H2_E0,False,H2_E0_non_eeg,ctx_smooth16_scale4_sqrt_raw_base0p05,context_smooth_sqrt,,,16.0,4.0,0.5954692556634305,0.6298369040564603,0.5954692556634305,0.621220115862973,618,28,24,0.6083612774172215,0.6263733141858142,0.6366366366366366,24
V2-Q,V2M-two_stage_user_local_reranker-v1,protocol_a_rollv2_cv3,1,2026,V2H-local-real,True,real_eeg,v2n_eeg_base_0p05,reference_raw_margin,1.0,,,,0.7140468227424749,0.7262253057788771,0.7140468227424749,0.7490358001786573,598,35,28,0.7092797915185975,0.7083063200027484,0.607913918778202,28
V2-Q,V2M-two_stage_user_local_reranker-v1,protocol_a_rollv2_cv3,1,2026,V2H-local-real,True,real_eeg,sqrt_margin_eeg_base0p05,v2p_sqrt_margin,0.5,,,,0.7140468227424749,0.7250724407867264,0.7140468227424749,0.7493192468906755,598,35,28,0.7078570351704679,0.7075365689204974,0.6075321069073238,28
V2-Q,V2M-two_stage_user_local_reranker-v1,protocol_a_rollv2_cv3,1,2026,V2H-local-real,True,real_eeg,margin_power0p25_base0p05,global_power_margin,0.25,,,,0.7107023411371237,0.7107907965050824,0.7107023411371237,0.7369171304885591,598,35,28,0.7028853567659538,0.7003663548752834,0.608538701839639,28
V2-Q,V2M-two_stage_user_local_reranker-v1,protocol_a_rollv2_cv3,1,2026,V2H-local-real,True,real_eeg,margin_power0p75_base0p05,global_power_margin,0.75,,,,0.7123745819397993,0.7237331550724407,0.7123745819397993,0.7460652786367072,598,35,28,0.7081839719153152,0.7074791709613137,0.6077750780978827,28
V2-Q,V2M-two_stage_user_local_reranker-v1,protocol_a_rollv2_cv3,1,2026,V2H-local-real,True,real_eeg,margin_power1p25_base0p05,global_power_margin,1.25,,,,0.7123745819397993,0.724415970933828,0.7123745819397993,0.747588332302618,598,35,28,0.7025681118218432,0.6996765486497629,0.6079833391183618,28
V2-Q,V2M-two_stage_user_local_reranker-v1,protocol_a_rollv2_cv3,1,2026,V2H-local-real,True,real_eeg,ctx_le8_sqrt_else_raw_base0p05,context_threshold_sqrt,,8.0,,,0.7140468227424749,0.7284574486360199,0.7140468227424749,0.7537977049405621,598,35,28,0.7080536710387456,0.7074905088297945,0.6156542867060049,28
V2-Q,V2M-two_stage_user_local_reranker-v1,protocol_a_rollv2_cv3,1,2026,V2H-local-real,True,real_eeg,ctx_le12_sqrt_else_raw_base0p05,context_threshold_sqrt,,12.0,,,0.7107023411371237,0.7227340054125768,0.7107023411371237,0.7474484985913558,598,35,28,0.7054227778854644,0.7051981335463477,0.6038875390489413,28
V2-Q,V2M-two_stage_user_local_reranker-v1,protocol_a_rollv2_cv3,1,2026,V2H-local-real,True,real_eeg,ctx_le16_sqrt_else_raw_base0p05,context_threshold_sqrt,,16.0,,,0.7140468227424749,0.7250724407867264,0.7140468227424749,0.7493192468906755,598,35,28,0.7078570351704679,0.7075365689204974,0.6075321069073238,28
V2-Q,V2M-two_stage_user_local_reranker-v1,protocol_a_rollv2_cv3,1,2026,V2H-local-real,True,real_eeg,ctx_le20_sqrt_else_raw_base0p05,context_threshold_sqrt,,20.0,,,0.7140468227424749,0.7250724407867264,0.7140468227424749,0.7493192468906755,598,35,28,0.7078570351704679,0.7075365689204974,0.6075321069073238,28
V2-Q,V2M-two_stage_user_local_reranker-v1,protocol_a_rollv2_cv3,1,2026,V2H-local-real,True,real_eeg,ctx_smooth12_scale4_sqrt_raw_base0p05,context_smooth_sqrt,,,12.0,4.0,0.7157190635451505,0.7288351958887672,0.7157190635451505,0.7537183398611971,598,35,28,0.7293672330985763,0.7283151455026454,0.6097535577924332,28
V2-Q,V2M-two_stage_user_local_reranker-v1,protocol_a_rollv2_cv3,1,2026,V2H-local-real,True,real_eeg,ctx_smooth16_scale4_sqrt_raw_base0p05,context_smooth_sqrt,,,16.0,4.0,0.7107023411371237,0.7222450598343455,0.7107023411371237,0.7476525802240088,598,35,28,0.7156631345437315,0.7138310185185184,0.6083998611593198,28
V2-Q,V2M-two_stage_user_local_reranker-v1,protocol_a_rollv2_cv3,2,2026,V2H-local-real,True,real_eeg,v2n_eeg_base_0p05,reference_raw_margin,1.0,,,,0.6335616438356164,0.6265426702926702,0.6335616438356164,0.6132549703383037,584,30,26,0.6062291441197691,0.6052570115070114,0.6152773307585023,26
V2-Q,V2M-two_stage_user_local_reranker-v1,protocol_a_rollv2_cv3,2,2026,V2H-local-real,True,real_eeg,sqrt_margin_eeg_base0p05,v2p_sqrt_margin,0.5,,,,0.6318493150684932,0.6263493450993451,0.6318493150684932,0.6144101731601732,584,30,26,0.6050795905483406,0.6039953102453102,0.6168866001501985,26
V2-Q,V2M-two_stage_user_local_reranker-v1,protocol_a_rollv2_cv3,2,2026,V2H-local-real,True,real_eeg,margin_power0p25_base0p05,global_power_margin,0.25,,,,0.6472602739726028,0.640434102934103,0.6472602739726028,0.6266169632836299,584,30,26,0.6182405528499278,0.6183090058090058,0.6215356006150986,26
V2-Q,V2M-two_stage_user_local_reranker-v1,protocol_a_rollv2_cv3,2,2026,V2H-local-real,True,real_eeg,margin_power0p75_base0p05,global_power_margin,0.75,,,,0.6301369863013698,0.6229458041958041,0.6301369863013698,0.6096085858585859,584,30,26,0.6039114357864357,0.6027285214785214,0.6158495154311054,26
V2-Q,V2M-two_stage_user_local_reranker-v1,protocol_a_rollv2_cv3,2,2026,V2H-local-real,True,real_eeg,margin_power1p25_base0p05,global_power_margin,1.25,,,,0.636986301369863,0.6299614737114736,0.636986301369863,0.6226994147827482,584,30,26,0.612618033008658,0.6124151311651311,0.6152058076744268,26
V2-Q,V2M-two_stage_user_local_reranker-v1,protocol_a_rollv2_cv3,2,2026,V2H-local-real,True,real_eeg,ctx_le8_sqrt_else_raw_base0p05,context_threshold_sqrt,,8.0,,,0.6352739726027398,0.6308161745661744,0.6352739726027398,0.6188105258938593,584,30,26,0.6153721365440116,0.6139613627113627,0.6263276472481494,26
V2-Q,V2M-two_stage_user_local_reranker-v1,protocol_a_rollv2_cv3,2,2026,V2H-local-real,True,real_eeg,ctx_le12_sqrt_else_raw_base0p05,context_threshold_sqrt,,12.0,,,0.6301369863013698,0.6253878066378066,0.6301369863013698,0.6135768398268399,584,30,26,0.6039858405483405,0.6030337717837717,0.6086256839394915,26
V2-Q,V2M-two_stage_user_local_reranker-v1,protocol_a_rollv2_cv3,2,2026,V2H-local-real,True,real_eeg,ctx_le16_sqrt_else_raw_base0p05,context_threshold_sqrt,,16.0,,,0.6318493150684932,0.6263493450993451,0.6318493150684932,0.6144101731601732,584,30,26,0.6050795905483406,0.6039953102453102,0.6168866001501985,26
V2-Q,V2M-two_stage_user_local_reranker-v1,protocol_a_rollv2_cv3,2,2026,V2H-local-real,True,real_eeg,ctx_le20_sqrt_else_raw_base0p05,context_threshold_sqrt,,20.0,,,0.6318493150684932,0.6263493450993451,0.6318493150684932,0.6144101731601732,584,30,26,0.6050795905483406,0.6039953102453102,0.6168866001501985,26
V2-Q,V2M-two_stage_user_local_reranker-v1,protocol_a_rollv2_cv3,2,2026,V2H-local-real,True,real_eeg,ctx_smooth12_scale4_sqrt_raw_base0p05,context_smooth_sqrt,,,12.0,4.0,0.6318493150684932,0.6272193084693084,0.6318493150684932,0.6151641414141414,584,30,26,0.6232248827561327,0.6225245587745588,0.6222508314558525,26
V2-Q,V2M-two_stage_user_local_reranker-v1,protocol_a_rollv2_cv3,2,2026,V2H-local-real,True,real_eeg,ctx_smooth16_scale4_sqrt_raw_base0p05,context_smooth_sqrt,,,16.0,4.0,0.6318493150684932,0.6272193084693084,0.6318493150684932,0.6151641414141414,584,30,26,0.6158400974025974,0.6146651959151959,0.62042699281193,26
V2-Q,V2M-two_stage_user_local_reranker-v1,protocol_a_rollv2_cv3,3,2026,V2H-local-real,True,real_eeg,v2n_eeg_base_0p05,reference_raw_margin,1.0,,,,0.6682847896440129,0.6855015707140965,0.6682847896440129,0.6651993079671651,618,28,24,0.6810185346898633,0.690633760529594,0.5674210796162016,24
V2-Q,V2M-two_stage_user_local_reranker-v1,protocol_a_rollv2_cv3,3,2026,V2H-local-real,True,real_eeg,sqrt_margin_eeg_base0p05,v2p_sqrt_margin,0.5,,,,0.6682847896440129,0.6916708290157078,0.6682847896440129,0.6722379439343725,618,28,24,0.6843122495220397,0.6939843913802247,0.5693620449718011,24
V2-Q,V2M-two_stage_user_local_reranker-v1,protocol_a_rollv2_cv3,3,2026,V2H-local-real,True,real_eeg,margin_power0p25_base0p05,global_power_margin,0.25,,,,0.6634304207119741,0.6866898538815462,0.6634304207119741,0.6605630744916461,618,28,24,0.6821613700984331,0.6941037897287897,0.573536951585732,24
V2-Q,V2M-two_stage_user_local_reranker-v1,protocol_a_rollv2_cv3,3,2026,V2H-local-real,True,real_eeg,margin_power0p75_base0p05,global_power_margin,0.75,,,,0.6634304207119741,0.68336921777292,0.6634304207119741,0.6642469270147842,618,28,24,0.6774540436253723,0.6870920938629274,0.5677872994946165,24
V2-Q,V2M-two_stage_user_local_reranker-v1,protocol_a_rollv2_cv3,3,2026,V2H-local-real,True,real_eeg,margin_power1p25_base0p05,global_power_margin,1.25,,,,0.6666666666666666,0.6730015707140966,0.6666666666666666,0.6544850222528794,618,28,24,0.6774054810768098,0.6781337605295938,0.5673478356405186,24
V2-Q,V2M-two_stage_user_local_reranker-v1,protocol_a_rollv2_cv3,3,2026,V2H-local-real,True,real_eeg,ctx_le8_sqrt_else_raw_base0p05,context_threshold_sqrt,,8.0,,,0.6715210355987055,0.6904035314984102,0.6715210355987055,0.671151688919546,618,28,24,0.6856361393074679,0.694976794039294,0.5660660660660661,24
V2-Q,V2M-two_stage_user_local_reranker-v1,protocol_a_rollv2_cv3,3,2026,V2H-local-real,True,real_eeg,ctx_le12_sqrt_else_raw_base0p05,context_threshold_sqrt,,12.0,,,0.6699029126213593,0.6902249600698388,0.6699029126213593,0.6709986276950565,618,28,24,0.682683536354865,0.6925385224343558,0.5389291730755146,24
V2-Q,V2M-two_stage_user_local_reranker-v1,protocol_a_rollv2_cv3,3,2026,V2H-local-real,True,real_eeg,ctx_le16_sqrt_else_raw_base0p05,context_threshold_sqrt,,16.0,,,0.6682847896440129,0.6916708290157078,0.6682847896440129,0.6722379439343725,618,28,24,0.6843122495220397,0.6939843913802247,0.5693620449718011,24
V2-Q,V2M-two_stage_user_local_reranker-v1,protocol_a_rollv2_cv3,3,2026,V2H-local-real,True,real_eeg,ctx_le20_sqrt_else_raw_base0p05,context_threshold_sqrt,,20.0,,,0.6682847896440129,0.6916708290157078,0.6682847896440129,0.6722379439343725,618,28,24,0.6843122495220397,0.6939843913802247,0.5693620449718011,24
V2-Q,V2M-two_stage_user_local_reranker-v1,protocol_a_rollv2_cv3,3,2026,V2H-local-real,True,real_eeg,ctx_smooth12_scale4_sqrt_raw_base0p05,context_smooth_sqrt,,,12.0,4.0,0.6634304207119741,0.68336921777292,0.6634304207119741,0.6642469270147842,618,28,24,0.6770752557465844,0.686744871640705,0.5620742693913425,24
V2-Q,V2M-two_stage_user_local_reranker-v1,protocol_a_rollv2_cv3,3,2026,V2H-local-real,True,real_eeg,ctx_smooth16_scale4_sqrt_raw_base0p05,context_smooth_sqrt,,,16.0,4.0,0.6634304207119741,0.6846627907576694,0.6634304207119741,0.6662310539989111,618,28,24,0.6759097545810832,0.6855874642332976,0.5619277814399766,24
V2-Q,V2M-two_stage_user_local_reranker-v1,protocol_a_rollv2_cv3,1,2027,V2H-local-real,True,real_eeg,v2n_eeg_base_0p05,reference_raw_margin,1.0,,,,0.7240802675585284,0.7345887445887447,0.7240802675585284,0.7594963924963924,598,35,28,0.724921927160733,0.7244581658420943,0.5824019437695245,28
V2-Q,V2M-two_stage_user_local_reranker-v1,protocol_a_rollv2_cv3,1,2027,V2H-local-real,True,real_eeg,sqrt_margin_eeg_base0p05,v2p_sqrt_margin,0.5,,,,0.7307692307692307,0.756751443001443,0.7307692307692307,0.7811948051948052,598,35,28,0.7299432491223535,0.7292632962275821,0.5834432488719195,28
V2-Q,V2M-two_stage_user_local_reranker-v1,protocol_a_rollv2_cv3,1,2027,V2H-local-real,True,real_eeg,margin_power0p25_base0p05,global_power_margin,0.25,,,,0.725752508361204,0.7257447909233623,0.725752508361204,0.7455225726654297,598,35,28,0.7124315651181322,0.7094562976705833,0.5852481777160708,28
V2-Q,V2M-two_stage_user_local_reranker-v1,protocol_a_rollv2_cv3,1,2027,V2H-local-real,True,real_eeg,margin_power0p75_base0p05,global_power_margin,0.75,,,,0.7274247491638796,0.7394498556998557,0.7274247491638796,0.7673535353535353,598,35,28,0.7270612306433201,0.7265414991754279,0.5826449149600834,28
V2-Q,V2M-two_stage_user_local_reranker-v1,protocol_a_rollv2_cv3,1,2027,V2H-local-real,True,real_eeg,margin_power1p25_base0p05,global_power_margin,1.25,,,,0.7240802675585284,0.7366720779220779,0.7240802675585284,0.7611630591630593,598,35,28,0.7217721996080204,0.7204473948670377,0.5821416174939257,28
V2-Q,V2M-two_stage_user_local_reranker-v1,protocol_a_rollv2_cv3,1,2027,V2H-local-real,True,real_eeg,ctx_le8_sqrt_else_raw_base0p05,context_threshold_sqrt,,8.0,,,0.725752508361204,0.7534379509379511,0.725752508361204,0.7785440115440115,598,35,28,0.7274686093342809,0.7273831426509999,0.588753904894134,28
V2-Q,V2M-two_stage_user_local_reranker-v1,protocol_a_rollv2_cv3,1,2027,V2H-local-real,True,real_eeg,ctx_le12_sqrt_else_raw_base0p05,context_threshold_sqrt,,12.0,,,0.7274247491638796,0.7548665223665225,0.7274247491638796,0.7796868686868688,598,35,28,0.7278205293876936,0.7273783755926615,0.5732037486983687,28
V2-Q,V2M-two_stage_user_local_reranker-v1,protocol_a_rollv2_cv3,1,2027,V2H-local-real,True,real_eeg,ctx_le16_sqrt_else_raw_base0p05,context_threshold_sqrt,,16.0,,,0.7307692307692307,0.756751443001443,0.7307692307692307,0.7811948051948052,598,35,28,0.7299432491223535,0.7292632962275821,0.5834432488719195,28
V2-Q,V2M-two_stage_user_local_reranker-v1,protocol_a_rollv2_cv3,1,2027,V2H-local-real,True,real_eeg,ctx_le20_sqrt_else_raw_base0p05,context_threshold_sqrt,,20.0,,,0.7307692307692307,0.756751443001443,0.7307692307692307,0.7811948051948052,598,35,28,0.7299432491223535,0.7292632962275821,0.5834432488719195,28
V2-Q,V2M-two_stage_user_local_reranker-v1,protocol_a_rollv2_cv3,1,2027,V2H-local-real,True,real_eeg,ctx_smooth12_scale4_sqrt_raw_base0p05,context_smooth_sqrt,,,12.0,4.0,0.7274247491638796,0.7564141414141414,0.7274247491638796,0.7809249639249639,598,35,28,0.7548779909973939,0.7550298263244694,0.5881638320027768,28
V2-Q,V2M-two_stage_user_local_reranker-v1,protocol_a_rollv2_cv3,1,2027,V2H-local-real,True,real_eeg,ctx_smooth16_scale4_sqrt_raw_base0p05,context_smooth_sqrt,,,16.0,4.0,0.7307692307692307,0.7587355699855701,0.7307692307692307,0.7827821067821068,598,35,28,0.7461442786069651,0.7456555349412494,0.5871225269003818,28
V2-Q,V2M-two_stage_user_local_reranker-v1,protocol_a_rollv2_cv3,2,2027,V2H-local-real,True,real_eeg,v2n_eeg_base_0p05,reference_raw_margin,1.0,,,,0.636986301369863,0.6200371387871388,0.636986301369863,0.6096009700176366,584,30,26,0.6041196563852814,0.6006272431272431,0.6040124450166291,26
V2-Q,V2M-two_stage_user_local_reranker-v1,protocol_a_rollv2_cv3,2,2027,V2H-local-real,True,real_eeg,sqrt_margin_eeg_base0p05,v2p_sqrt_margin,0.5,,,,0.6352739726027398,0.6183836996336998,0.6352739726027398,0.6022156084656085,584,30,26,0.6014397321428572,0.5990182040182039,0.6056932374924007,26
V2-Q,V2M-two_stage_user_local_reranker-v1,protocol_a_rollv2_cv3,2,2027,V2H-local-real,True,real_eeg,margin_power0p25_base0p05,global_power_margin,0.25,,,,0.6455479452054794,0.6332697395197395,0.6455479452054794,0.6209369488536157,584,30,26,0.6149853445165945,0.6131272431272431,0.6114508457604692,26
V2-Q,V2M-two_stage_user_local_reranker-v1,protocol_a_rollv2_cv3,2,2027,V2H-local-real,True,real_eeg,margin_power0p75_base0p05,global_power_margin,0.75,,,,0.6386986301369864,0.6214107651607652,0.6386986301369864,0.6107914462081129,584,30,26,0.6052481286075035,0.6016956191956192,0.6046919143153453,26
V2-Q,V2M-two_stage_user_local_reranker-v1,protocol_a_rollv2_cv3,2,2027,V2H-local-real,True,real_eeg,margin_power1p25_base0p05,global_power_margin,1.25,,,,0.6386986301369864,0.6243106430606431,0.6386986301369864,0.6151565255731921,584,30,26,0.6115415313852814,0.6099755337255337,0.6039766834745913,26
V2-Q,V2M-two_stage_user_local_reranker-v1,protocol_a_rollv2_cv3,2,2027,V2H-local-real,True,real_eeg,ctx_le8_sqrt_else_raw_base0p05,context_threshold_sqrt,,8.0,,,0.6352739726027398,0.6179003866503867,0.6352739726027398,0.6012676366843033,584,30,26,0.6085057043650794,0.6042888592888593,0.6198905696813647,26
V2-Q,V2M-two_stage_user_local_reranker-v1,protocol_a_rollv2_cv3,2,2027,V2H-local-real,True,real_eeg,ctx_le12_sqrt_else_raw_base0p05,context_threshold_sqrt,,12.0,,,0.6386986301369864,0.6209478021978023,0.6386986301369864,0.6044378306878306,584,30,26,0.6043563988095239,0.6015823065823066,0.6052998605299861,26
V2-Q,V2M-two_stage_user_local_reranker-v1,protocol_a_rollv2_cv3,2,2027,V2H-local-real,True,real_eeg,ctx_le16_sqrt_else_raw_base0p05,context_threshold_sqrt,,16.0,,,0.6352739726027398,0.6183836996336998,0.6352739726027398,0.6022156084656085,584,30,26,0.6014397321428572,0.5990182040182039,0.6056932374924007,26
V2-Q,V2M-two_stage_user_local_reranker-v1,protocol_a_rollv2_cv3,2,2027,V2H-local-real,True,real_eeg,ctx_le20_sqrt_else_raw_base0p05,context_threshold_sqrt,,20.0,,,0.6352739726027398,0.6183836996336998,0.6352739726027398,0.6022156084656085,584,30,26,0.6014397321428572,0.5990182040182039,0.6056932374924007,26
V2-Q,V2M-two_stage_user_local_reranker-v1,protocol_a_rollv2_cv3,2,2027,V2H-local-real,True,real_eeg,ctx_smooth12_scale4_sqrt_raw_base0p05,context_smooth_sqrt,,,12.0,4.0,0.6386986301369864,0.6214107651607652,0.6386986301369864,0.6107914462081129,584,30,26,0.6273567144660894,0.623927553927554,0.6113435611343561,26
V2-Q,V2M-two_stage_user_local_reranker-v1,protocol_a_rollv2_cv3,2,2027,V2H-local-real,True,real_eeg,ctx_smooth16_scale4_sqrt_raw_base0p05,context_smooth_sqrt,,,16.0,4.0,0.636986301369863,0.619274013024013,0.636986301369863,0.6024581128747796,584,30,26,0.6116717397186148,0.608494375994376,0.609841576368773,26
V2-Q,V2M-two_stage_user_local_reranker-v1,protocol_a_rollv2_cv3,3,2027,V2H-local-real,True,real_eeg,v2n_eeg_base_0p05,reference_raw_margin,1.0,,,,0.6407766990291263,0.6645736653673315,0.6407766990291263,0.6477657131228559,618,28,24,0.6610592399053937,0.6753507834757834,0.5646744305280891,24
V2-Q,V2M-two_stage_user_local_reranker-v1,protocol_a_rollv2_cv3,3,2027,V2H-local-real,True,real_eeg,sqrt_margin_eeg_base0p05,v2p_sqrt_margin,0.5,,,,0.6456310679611651,0.6702023438330199,0.6456310679611651,0.6534656448049306,618,28,24,0.663326630634323,0.6789153863112197,0.5667252618472131,24
V2-Q,V2M-two_stage_user_local_reranker-v1,protocol_a_rollv2_cv3,3,2027,V2H-local-real,True,real_eeg,margin_power0p25_base0p05,global_power_margin,0.25,,,,0.6585760517799353,0.6846488636468641,0.6585760517799353,0.6670157289800148,618,28,24,0.6766964678677966,0.6918688795772129,0.5714494982787666,24
V2-Q,V2M-two_stage_user_local_reranker-v1,protocol_a_rollv2_cv3,3,2027,V2H-local-real,True,real_eeg,margin_power0p75_base0p05,global_power_margin,0.75,,,,0.6407766990291263,0.6641595424532086,0.6407766990291263,0.6474107506250364,618,28,24,0.6577516500593423,0.6731707875457876,0.565113894382187,24
V2-Q,V2M-two_stage_user_local_reranker-v1,protocol_a_rollv2_cv3,3,2027,V2H-local-real,True,real_eeg,margin_power1p25_base0p05,global_power_margin,1.25,,,,0.6375404530744336,0.6483699616636279,0.6375404530744336,0.6338768242339672,618,28,24,0.6532753571215111,0.6576589845339846,0.5644913205888815,24
V2-Q,V2M-two_stage_user_local_reranker-v1,protocol_a_rollv2_cv3,3,2027,V2H-local-real,True,real_eeg,ctx_le8_sqrt_else_raw_base0p05,context_threshold_sqrt,,8.0,,,0.6423948220064725,0.6670246457594885,0.6423948220064725,0.6507419035990465,618,28,24,0.661295115141269,0.6744138346221679,0.556837325130008,24
V2-Q,V2M-two_stage_user_local_reranker-v1,protocol_a_rollv2_cv3,3,2027,V2H-local-real,True,real_eeg,ctx_le12_sqrt_else_raw_base0p05,context_threshold_sqrt,,12.0,,,0.6472491909385113,0.6733148794455555,0.6472491909385113,0.6561335324728184,618,28,24,0.6670532458993997,0.6820279219237553,0.5253790375741595,24
V2-Q,V2M-two_stage_user_local_reranker-v1,protocol_a_rollv2_cv3,3,2027,V2H-local-real,True,real_eeg,ctx_le16_sqrt_else_raw_base0p05,context_threshold_sqrt,,16.0,,,0.6456310679611651,0.6702023438330199,0.6456310679611651,0.6534656448049306,618,28,24,0.663326630634323,0.6789153863112197,0.5667252618472131,24
V2-Q,V2M-two_stage_user_local_reranker-v1,protocol_a_rollv2_cv3,3,2027,V2H-local-real,True,real_eeg,ctx_le20_sqrt_else_raw_base0p05,context_threshold_sqrt,,20.0,,,0.6456310679611651,0.6702023438330199,0.6456310679611651,0.6534656448049306,618,28,24,0.663326630634323,0.6789153863112197,0.5667252618472131,24
V2-Q,V2M-two_stage_user_local_reranker-v1,protocol_a_rollv2_cv3,3,2027,V2H-local-real,True,real_eeg,ctx_smooth12_scale4_sqrt_raw_base0p05,context_smooth_sqrt,,,12.0,4.0,0.6423948220064725,0.6653500186436848,0.6423948220064725,0.6484311587883017,618,28,24,0.6558008231085154,0.6706685829602496,0.555518933567714,24
V2-Q,V2M-two_stage_user_local_reranker-v1,protocol_a_rollv2_cv3,3,2027,V2H-local-real,True,real_eeg,ctx_smooth16_scale4_sqrt_raw_base0p05,context_smooth_sqrt,,,16.0,4.0,0.6440129449838188,0.6692146895120322,0.6440129449838188,0.6526190839583698,618,28,24,0.6584676007752932,0.6737412240537242,0.5563612392880686,24
V2-Q,V2M-two_stage_user_local_reranker-v1,protocol_a_rollv2_cv3,1,2028,V2H-local-real,True,real_eeg,v2n_eeg_base_0p05,reference_raw_margin,1.0,,,,0.725752508361204,0.746160929018072,0.725752508361204,0.7695477908335051,598,35,28,0.7252217268635179,0.7244248179069608,0.578965636931621,28
V2-Q,V2M-two_stage_user_local_reranker-v1,protocol_a_rollv2_cv3,1,2028,V2H-local-real,True,real_eeg,sqrt_margin_eeg_base0p05,v2p_sqrt_margin,0.5,,,,0.7274247491638796,0.764613309970453,0.7274247491638796,0.7843096955954099,598,35,28,0.7270246171738709,0.7262388768638769,0.5799028115237764,28
V2-Q,V2M-two_stage_user_local_reranker-v1,protocol_a_rollv2_cv3,1,2028,V2H-local-real,True,real_eeg,margin_power0p25_base0p05,global_power_margin,0.25,,,,0.7307692307692307,0.7563990242561672,0.7307692307692307,0.7789287432144575,598,35,28,0.7207250543817708,0.7173710532192678,0.5816383200277682,28
V2-Q,V2M-two_stage_user_local_reranker-v1,protocol_a_rollv2_cv3,1,2028,V2H-local-real,True,real_eeg,margin_power0p75_base0p05,global_power_margin,0.75,,,,0.725752508361204,0.7625299766371195,0.725752508361204,0.7826430289287433,598,35,28,0.7256777799315113,0.7249208496529924,0.5791738979521,28
V2-Q,V2M-two_stage_user_local_reranker-v1,protocol_a_rollv2_cv3,1,2028,V2H-local-real,True,real_eeg,margin_power1p25_base0p05,global_power_margin,1.25,,,,0.7240802675585284,0.7454995533566963,0.7240802675585284,0.7690186903044046,598,35,28,0.7161006655036506,0.7138428073249502,0.5785144047205832,28
V2-Q,V2M-two_stage_user_local_reranker-v1,protocol_a_rollv2_cv3,1,2028,V2H-local-real,True,real_eeg,ctx_le8_sqrt_else_raw_base0p05,context_threshold_sqrt,,8.0,,,0.7274247491638796,0.7640180718752149,0.7274247491638796,0.7838335051192195,598,35,28,0.7274070125562664,0.727047022091665,0.586879555709823,28
V2-Q,V2M-two_stage_user_local_reranker-v1,protocol_a_rollv2_cv3,1,2028,V2H-local-real,True,real_eeg,ctx_le12_sqrt_else_raw_base0p05,context_threshold_sqrt,,12.0,,,0.7274247491638796,0.764315690922834,0.7274247491638796,0.7840716003573146,598,35,28,0.7267012340892939,0.7259412578162578,0.5751128080527594,28
V2-Q,V2M-two_stage_user_local_reranker-v1,protocol_a_rollv2_cv3,1,2028,V2H-local-real,True,real_eeg,ctx_le16_sqrt_else_raw_base0p05,context_threshold_sqrt,,16.0,,,0.7274247491638796,0.764613309970453,0.7274247491638796,0.7843096955954099,598,35,28,0.7270246171738709,0.7262388768638769,0.5799028115237764,28
V2-Q,V2M-two_stage_user_local_reranker-v1,protocol_a_rollv2_cv3,1,2028,V2H-local-real,True,real_eeg,ctx_le20_sqrt_else_raw_base0p05,context_threshold_sqrt,,20.0,,,0.7274247491638796,0.764613309970453,0.7274247491638796,0.7843096955954099,598,35,28,0.7270246171738709,0.7262388768638769,0.5799028115237764,28
V2-Q,V2M-two_stage_user_local_reranker-v1,protocol_a_rollv2_cv3,1,2028,V2H-local-real,True,real_eeg,ctx_smooth12_scale4_sqrt_raw_base0p05,context_smooth_sqrt,,,12.0,4.0,0.7274247491638796,0.7640180718752149,0.7274247491638796,0.7838335051192195,598,35,28,0.7450900260601754,0.7457226173297603,0.5843457132939951,28
V2-Q,V2M-two_stage_user_local_reranker-v1,protocol_a_rollv2_cv3,1,2028,V2H-local-real,True,real_eeg,ctx_smooth16_scale4_sqrt_raw_base0p05,context_smooth_sqrt,,,16.0,4.0,0.725752508361204,0.7625299766371195,0.725752508361204,0.7826430289287433,598,35,28,0.7317294479981049,0.731592798735656,0.5826449149600833,28
V2-Q,V2M-two_stage_user_local_reranker-v1,protocol_a_rollv2_cv3,2,2028,V2H-local-real,True,real_eeg,v2n_eeg_base_0p05,reference_raw_margin,1.0,,,,0.6592465753424658,0.6511116198616199,0.6592465753424658,0.6444686948853615,584,30,26,0.6300647095959596,0.6287589725089725,0.5933555054893966,26
V2-Q,V2M-two_stage_user_local_reranker-v1,protocol_a_rollv2_cv3,2,2028,V2H-local-real,True,real_eeg,sqrt_margin_eeg_base0p05,v2p_sqrt_margin,0.5,,,,0.660958904109589,0.6485169922669924,0.660958904109589,0.6394422398589065,584,30,26,0.6278624413780663,0.6245929995929996,0.5941422594142259,26
V2-Q,V2M-two_stage_user_local_reranker-v1,protocol_a_rollv2_cv3,2,2028,V2H-local-real,True,real_eeg,margin_power0p25_base0p05,global_power_margin,0.25,,,,0.6695205479452054,0.6531135531135531,0.6695205479452054,0.6452777777777778,584,30,26,0.6303597357503608,0.6278277278277279,0.5965382827307514,26
V2-Q,V2M-two_stage_user_local_reranker-v1,protocol_a_rollv2_cv3,2,2028,V2H-local-real,True,real_eeg,margin_power0p75_base0p05,global_power_margin,0.75,,,,0.6541095890410958,0.6401989214489215,0.6541095890410958,0.6331591710758376,584,30,26,0.6215887671356422,0.6178462740962741,0.5933912670314344,26
V2-Q,V2M-two_stage_user_local_reranker-v1,protocol_a_rollv2_cv3,2,2028,V2H-local-real,True,real_eeg,margin_power1p25_base0p05,global_power_margin,1.25,,,,0.6575342465753424,0.6496871184371185,0.6575342465753424,0.6432341269841271,584,30,26,0.6286758207070707,0.6273344710844712,0.5932839824053213,26
V2-Q,V2M-two_stage_user_local_reranker-v1,protocol_a_rollv2_cv3,2,2028,V2H-local-real,True,real_eeg,ctx_le8_sqrt_else_raw_base0p05,context_threshold_sqrt,,8.0,,,0.6575342465753424,0.6479064916564917,0.6575342465753424,0.6389131393298059,584,30,26,0.6321480429292929,0.629147472897473,0.6016879447841791,26
V2-Q,V2M-two_stage_user_local_reranker-v1,protocol_a_rollv2_cv3,2,2028,V2H-local-real,True,real_eeg,ctx_le12_sqrt_else_raw_base0p05,context_threshold_sqrt,,12.0,,,0.6575342465753424,0.6466473341473342,0.6575342465753424,0.6378218694885361,584,30,26,0.6258969155844156,0.6228378103378104,0.584593927690162,26
V2-Q,V2M-two_stage_user_local_reranker-v1,protocol_a_rollv2_cv3,2,2028,V2H-local-real,True,real_eeg,ctx_le16_sqrt_else_raw_base0p05,context_threshold_sqrt,,16.0,,,0.660958904109589,0.6485169922669924,0.660958904109589,0.6394422398589065,584,30,26,0.6278624413780663,0.6245929995929996,0.5941422594142259,26
V2-Q,V2M-two_stage_user_local_reranker-v1,protocol_a_rollv2_cv3,2,2028,V2H-local-real,True,real_eeg,ctx_le20_sqrt_else_raw_base0p05,context_threshold_sqrt,,20.0,,,0.660958904109589,0.6485169922669924,0.660958904109589,0.6394422398589065,584,30,26,0.6278624413780663,0.6245929995929996,0.5941422594142259,26
V2-Q,V2M-two_stage_user_local_reranker-v1,protocol_a_rollv2_cv3,2,2028,V2H-local-real,True,real_eeg,ctx_smooth12_scale4_sqrt_raw_base0p05,context_smooth_sqrt,,,12.0,4.0,0.6523972602739726,0.6383674196174197,0.6523972602739726,0.631571869488536,584,30,26,0.6394898764430014,0.634759916009916,0.5954296749275829,26
V2-Q,V2M-two_stage_user_local_reranker-v1,protocol_a_rollv2_cv3,2,2028,V2H-local-real,True,real_eeg,ctx_smooth16_scale4_sqrt_raw_base0p05,context_smooth_sqrt,,,16.0,4.0,0.6575342465753424,0.6474486161986163,0.6575342465753424,0.6468496472663138,584,30,26,0.6357493461399711,0.6336429773929774,0.5943925902084897,26
V2-Q,V2M-two_stage_user_local_reranker-v1,protocol_a_rollv2_cv3,3,2028,V2H-local-real,True,real_eeg,v2n_eeg_base_0p05,reference_raw_margin,1.0,,,,0.6553398058252428,0.650118784097596,0.6553398058252428,0.6563197516768945,618,28,24,0.662528574766337,0.6642833169916503,0.5598769501208526,24
V2-Q,V2M-two_stage_user_local_reranker-v1,protocol_a_rollv2_cv3,3,2028,V2H-local-real,True,real_eeg,sqrt_margin_eeg_base0p05,v2p_sqrt_margin,0.5,,,,0.6601941747572816,0.6687560110681563,0.6601941747572816,0.6715504700326129,618,28,24,0.6731802094564332,0.6841358217399884,0.5618545374642936,24
V2-Q,V2M-two_stage_user_local_reranker-v1,protocol_a_rollv2_cv3,3,2028,V2H-local-real,True,real_eeg,margin_power0p25_base0p05,global_power_margin,0.25,,,,0.656957928802589,0.672728658790804,0.656957928802589,0.6756996442710729,618,28,24,0.6749415696968144,0.6855043027959694,0.567604189555409,24
V2-Q,V2M-two_stage_user_local_reranker-v1,protocol_a_rollv2_cv3,3,2028,V2H-local-real,True,real_eeg,margin_power0p75_base0p05,global_power_margin,0.75,,,,0.656957928802589,0.6516619939741393,0.656957928802589,0.6576425029996458,618,28,24,0.6640825763203385,0.6658265268681935,0.5607192558412071,24
V2-Q,V2M-two_stage_user_local_reranker-v1,protocol_a_rollv2_cv3,3,2028,V2H-local-real,True,real_eeg,margin_power1p25_base0p05,global_power_margin,1.25,,,,0.6553398058252428,0.650118784097596,0.6553398058252428,0.6563197516768945,618,28,24,0.6640437262814886,0.6656722058805392,0.5594741082545961,24
V2-Q,V2M-two_stage_user_local_reranker-v1,protocol_a_rollv2_cv3,3,2028,V2H-local-real,True,real_eeg,ctx_le8_sqrt_else_raw_base0p05,context_threshold_sqrt,,8.0,,,0.6553398058252428,0.6614035063198181,0.6553398058252428,0.665248323105466,618,28,24,0.6567704440082063,0.6686373734290401,0.5551160917014576,24
V2-Q,V2M-two_stage_user_local_reranker-v1,protocol_a_rollv2_cv3,3,2028,V2H-local-real,True,real_eeg,ctx_le12_sqrt_else_raw_base0p05,context_threshold_sqrt,,12.0,,,0.6585760517799353,0.6655508828630281,0.6585760517799353,0.6688032172853601,618,28,24,0.6694147441525065,0.6809306935348601,0.5325935691789351,24
V2-Q,V2M-two_stage_user_local_reranker-v1,protocol_a_rollv2_cv3,3,2028,V2H-local-real,True,real_eeg,ctx_le16_sqrt_else_raw_base0p05,context_threshold_sqrt,,16.0,,,0.6601941747572816,0.6687560110681563,0.6601941747572816,0.6715504700326129,618,28,24,0.6731802094564332,0.6841358217399884,0.5618545374642936,24
V2-Q,V2M-two_stage_user_local_reranker-v1,protocol_a_rollv2_cv3,3,2028,V2H-local-real,True,real_eeg,ctx_le20_sqrt_else_raw_base0p05,context_threshold_sqrt,,20.0,,,0.6601941747572816,0.6687560110681563,0.6601941747572816,0.6715504700326129,618,28,24,0.6731802094564332,0.6841358217399884,0.5618545374642936,24
V2-Q,V2M-two_stage_user_local_reranker-v1,protocol_a_rollv2_cv3,3,2028,V2H-local-real,True,real_eeg,ctx_smooth12_scale4_sqrt_raw_base0p05,context_smooth_sqrt,,,12.0,4.0,0.6585760517799353,0.6655508828630281,0.6585760517799353,0.6695472649044077,618,28,24,0.665121814859577,0.6765132552632552,0.5527722844796016,24
V2-Q,V2M-two_stage_user_local_reranker-v1,protocol_a_rollv2_cv3,3,2028,V2H-local-real,True,real_eeg,ctx_smooth16_scale4_sqrt_raw_base0p05,context_smooth_sqrt,,,16.0,4.0,0.656957928802589,0.6629467161963615,0.656957928802589,0.6665710744282173,618,28,24,0.6636066633444255,0.6751243663743663,0.5532117483336995,24
V2-Q,V2M-two_stage_user_local_reranker-v1,protocol_a_rollv2_cv3,1,2029,V2H-local-real,True,real_eeg,v2n_eeg_base_0p05,reference_raw_margin,1.0,,,,0.7140468227424749,0.7278063371813372,0.7140468227424749,0.7538720538720539,598,35,28,0.7159240593568952,0.7155789613825329,0.5842068726136758,28
V2-Q,V2M-two_stage_user_local_reranker-v1,protocol_a_rollv2_cv3,1,2029,V2H-local-real,True,real_eeg,sqrt_margin_eeg_base0p05,v2p_sqrt_margin,0.5,,,,0.7090301003344481,0.7380741943241944,0.7090301003344481,0.7614911014911014,598,35,28,0.712492408089423,0.7117807754414898,0.5846581048247136,28
V2-Q,V2M-two_stage_user_local_reranker-v1,protocol_a_rollv2_cv3,1,2029,V2H-local-real,True,real_eeg,margin_power0p25_base0p05,global_power_margin,0.25,,,,0.7090301003344481,0.7133018238375382,0.7090301003344481,0.735171373599945,598,35,28,0.7068192586849305,0.7049214938500654,0.5855952794168692,28
V2-Q,V2M-two_stage_user_local_reranker-v1,protocol_a_rollv2_cv3,1,2029,V2H-local-real,True,real_eeg,margin_power0p75_base0p05,global_power_margin,0.75,,,,0.7123745819397993,0.7417944324194324,0.7123745819397993,0.76506253006253,598,35,28,0.7147845189636234,0.7141192108156394,0.5844151336341548,28
V2-Q,V2M-two_stage_user_local_reranker-v1,protocol_a_rollv2_cv3,1,2029,V2H-local-real,True,real_eeg,margin_power1p25_base0p05,global_power_margin,1.25,,,,0.7140468227424749,0.7278063371813372,0.7140468227424749,0.7538720538720539,598,35,28,0.7113564213564213,0.7088896189789047,0.5840853870183964,28
V2-Q,V2M-two_stage_user_local_reranker-v1,protocol_a_rollv2_cv3,1,2029,V2H-local-real,True,real_eeg,ctx_le8_sqrt_else_raw_base0p05,context_threshold_sqrt,,8.0,,,0.7123745819397993,0.7404551467051468,0.7123745819397993,0.7633958633958635,598,35,28,0.709990523572613,0.709111222771937,0.5887539048941339,28
V2-Q,V2M-two_stage_user_local_reranker-v1,protocol_a_rollv2_cv3,1,2029,V2H-local-real,True,real_eeg,ctx_le12_sqrt_else_raw_base0p05,context_threshold_sqrt,,12.0,,,0.7107023411371237,0.7389670514670515,0.7107023411371237,0.7622053872053871,598,35,28,0.713537184208826,0.7126736325843469,0.5778549114890663,28
V2-Q,V2M-two_stage_user_local_reranker-v1,protocol_a_rollv2_cv3,1,2029,V2H-local-real,True,real_eeg,ctx_le16_sqrt_else_raw_base0p05,context_threshold_sqrt,,16.0,,,0.7090301003344481,0.7380741943241944,0.7090301003344481,0.7614911014911014,598,35,28,0.712492408089423,0.7117807754414898,0.5846581048247136,28
V2-Q,V2M-two_stage_user_local_reranker-v1,protocol_a_rollv2_cv3,1,2029,V2H-local-real,True,real_eeg,ctx_le20_sqrt_else_raw_base0p05,context_threshold_sqrt,,20.0,,,0.7090301003344481,0.7380741943241944,0.7090301003344481,0.7614911014911014,598,35,28,0.712492408089423,0.7117807754414898,0.5846581048247136,28
V2-Q,V2M-two_stage_user_local_reranker-v1,protocol_a_rollv2_cv3,1,2029,V2H-local-real,True,real_eeg,ctx_smooth12_scale4_sqrt_raw_base0p05,context_smooth_sqrt,,,12.0,4.0,0.7140468227424749,0.7426872895622897,0.7140468227424749,0.7657768157768157,598,35,28,0.73105780620706,0.7300685640417784,0.5899687608469282,28
V2-Q,V2M-two_stage_user_local_reranker-v1,protocol_a_rollv2_cv3,1,2029,V2H-local-real,True,real_eeg,ctx_smooth16_scale4_sqrt_raw_base0p05,context_smooth_sqrt,,,16.0,4.0,0.7123745819397993,0.7417944324194324,0.7123745819397993,0.76506253006253,598,35,28,0.7162959014451552,0.714719924585996,0.5886844845539744,28
V2-Q,V2M-two_stage_user_local_reranker-v1,protocol_a_rollv2_cv3,2,2029,V2H-local-real,True,real_eeg,v2n_eeg_base_0p05,reference_raw_margin,1.0,,,,0.6643835616438356,0.6338608151108152,0.6643835616438356,0.6164227593394259,584,30,26,0.6077179157647908,0.6071639009139009,0.5975396059078067,26
V2-Q,V2M-two_stage_user_local_reranker-v1,protocol_a_rollv2_cv3,2,2029,V2H-local-real,True,real_eeg,sqrt_margin_eeg_base0p05,v2p_sqrt_margin,0.5,,,,0.666095890410959,0.6418303918303919,0.666095890410959,0.6233297258297258,584,30,26,0.6120297844516595,0.6116902541902541,0.5991846368415407,26
V2-Q,V2M-two_stage_user_local_reranker-v1,protocol_a_rollv2_cv3,2,2029,V2H-local-real,True,real_eeg,margin_power0p25_base0p05,global_power_margin,0.25,,,,0.672945205479452,0.6505529193029194,0.672945205479452,0.6238786676286676,584,30,26,0.6189495400432901,0.6197183372183372,0.6038693988484783,26
V2-Q,V2M-two_stage_user_local_reranker-v1,protocol_a_rollv2_cv3,2,2029,V2H-local-real,True,real_eeg,margin_power0p75_base0p05,global_power_margin,0.75,,,,0.6626712328767124,0.6373788248788249,0.6626712328767124,0.6194717011383678,584,30,26,0.6086206935425686,0.6086955636955637,0.5979329828702213,26
V2-Q,V2M-two_stage_user_local_reranker-v1,protocol_a_rollv2_cv3,2,2029,V2H-local-real,True,real_eeg,margin_power1p25_base0p05,global_power_margin,1.25,,,,0.6626712328767124,0.6324363136863138,0.6626712328767124,0.6151881914381915,584,30,26,0.608238749098124,0.6078761516261516,0.5978256982441083,26
V2-Q,V2M-two_stage_user_local_reranker-v1,protocol_a_rollv2_cv3,2,2029,V2H-local-real,True,real_eeg,ctx_le8_sqrt_else_raw_base0p05,context_threshold_sqrt,,8.0,,,0.6695205479452054,0.645765577015577,0.6695205479452054,0.6267402196568862,584,30,26,0.6187931773088022,0.6181834369334369,0.6146693845438614,26
V2-Q,V2M-two_stage_user_local_reranker-v1,protocol_a_rollv2_cv3,2,2029,V2H-local-real,True,real_eeg,ctx_le12_sqrt_else_raw_base0p05,context_threshold_sqrt,,12.0,,,0.6643835616438356,0.6402278277278277,0.6643835616438356,0.6219408369408369,584,30,26,0.6085327606421357,0.6087140637140637,0.5902084897900797,26
V2-Q,V2M-two_stage_user_local_reranker-v1,protocol_a_rollv2_cv3,2,2029,V2H-local-real,True,real_eeg,ctx_le16_sqrt_else_raw_base0p05,context_threshold_sqrt,,16.0,,,0.666095890410959,0.6418303918303919,0.666095890410959,0.6233297258297258,584,30,26,0.6120297844516595,0.6116902541902541,0.5991846368415407,26
V2-Q,V2M-two_stage_user_local_reranker-v1,protocol_a_rollv2_cv3,2,2029,V2H-local-real,True,real_eeg,ctx_le20_sqrt_else_raw_base0p05,context_threshold_sqrt,,20.0,,,0.666095890410959,0.6418303918303919,0.666095890410959,0.6233297258297258,584,30,26,0.6120297844516595,0.6116902541902541,0.5991846368415407,26
V2-Q,V2M-two_stage_user_local_reranker-v1,protocol_a_rollv2_cv3,2,2029,V2H-local-real,True,real_eeg,ctx_smooth12_scale4_sqrt_raw_base0p05,context_smooth_sqrt,,,12.0,4.0,0.6626712328767124,0.6373788248788249,0.6626712328767124,0.6194717011383678,584,30,26,0.6260887896825397,0.6268761331261332,0.6022958909988199,26
V2-Q,V2M-two_stage_user_local_reranker-v1,protocol_a_rollv2_cv3,2,2029,V2H-local-real,True,real_eeg,ctx_smooth16_scale4_sqrt_raw_base0p05,context_smooth_sqrt,,,16.0,4.0,0.6626712328767124,0.6373788248788249,0.6626712328767124,0.6194717011383678,584,30,26,0.6133441558441557,0.6141527454027453,0.6011515216536137,26
V2-Q,V2M-two_stage_user_local_reranker-v1,protocol_a_rollv2_cv3,3,2029,V2H-local-real,True,real_eeg,v2n_eeg_base_0p05,reference_raw_margin,1.0,,,,0.686084142394822,0.7058344586318013,0.686084142394822,0.7028637500066072,618,28,24,0.7007453987349092,0.7110526818860152,0.5940452647769721,24
V2-Q,V2M-two_stage_user_local_reranker-v1,protocol_a_rollv2_cv3,3,2029,V2H-local-real,True,real_eeg,sqrt_margin_eeg_base0p05,v2p_sqrt_margin,0.5,,,,0.6844660194174758,0.7023333012243939,0.6844660194174758,0.6992781490995776,618,28,24,0.6964913194808299,0.7068474349724351,0.5953636563392661,24
V2-Q,V2M-two_stage_user_local_reranker-v1,protocol_a_rollv2_cv3,3,2029,V2H-local-real,True,real_eeg,margin_power0p25_base0p05,global_power_margin,0.25,,,,0.6828478964401294,0.7021842873281212,0.6828478964401294,0.699095411863269,618,28,24,0.7009259000517741,0.7112837124295458,0.5980370614516956,24
V2-Q,V2M-two_stage_user_local_reranker-v1,protocol_a_rollv2_cv3,3,2029,V2H-local-real,True,real_eeg,margin_power0p75_base0p05,global_power_margin,0.75,,,,0.686084142394822,0.7046770512243938,0.686084142394822,0.7018716865145437,618,28,24,0.6997741477636582,0.7098952744786079,0.59448472863107,24
V2-Q,V2M-two_stage_user_local_reranker-v1,protocol_a_rollv2_cv3,3,2029,V2H-local-real,True,real_eeg,margin_power1p25_base0p05,global_power_margin,1.25,,,,0.6812297734627831,0.7015575626882388,0.6812297734627831,0.6991978391978393,618,28,24,0.698016183505694,0.7083134843551511,0.5938621548377645,24
V2-Q,V2M-two_stage_user_local_reranker-v1,protocol_a_rollv2_cv3,3,2029,V2H-local-real,True,real_eeg,ctx_le8_sqrt_else_raw_base0p05,context_threshold_sqrt,,8.0,,,0.6844660194174758,0.7032302919651346,0.6844660194174758,0.6998875595304167,618,28,24,0.6971462201357306,0.7082197894697894,0.5887350765399546,24
V2-Q,V2M-two_stage_user_local_reranker-v1,protocol_a_rollv2_cv3,3,2029,V2H-local-real,True,real_eeg,ctx_le12_sqrt_else_raw_base0p05,context_threshold_sqrt,,12.0,,,0.686084142394822,0.7033749678910605,0.686084142394822,0.700171006242435,618,28,24,0.6977150957046062,0.7078891016391017,0.5701677287043141,24
V2-Q,V2M-two_stage_user_local_reranker-v1,protocol_a_rollv2_cv3,3,2029,V2H-local-real,True,real_eeg,ctx_le16_sqrt_else_raw_base0p05,context_threshold_sqrt,,16.0,,,0.6844660194174758,0.7023333012243939,0.6844660194174758,0.6992781490995776,618,28,24,0.6964913194808299,0.7068474349724351,0.5953636563392661,24
V2-Q,V2M-two_stage_user_local_reranker-v1,protocol_a_rollv2_cv3,3,2029,V2H-local-real,True,real_eeg,ctx_le20_sqrt_else_raw_base0p05,context_threshold_sqrt,,20.0,,,0.6844660194174758,0.7023333012243939,0.6844660194174758,0.6992781490995776,618,28,24,0.6964913194808299,0.7068474349724351,0.5953636563392661,24
V2-Q,V2M-two_stage_user_local_reranker-v1,protocol_a_rollv2_cv3,3,2029,V2H-local-real,True,real_eeg,ctx_smooth12_scale4_sqrt_raw_base0p05,context_smooth_sqrt,,,12.0,4.0,0.686084142394822,0.7046770512243938,0.686084142394822,0.7018716865145437,618,28,24,0.6978316458211562,0.7083520646020647,0.5873434410019777,24
V2-Q,V2M-two_stage_user_local_reranker-v1,protocol_a_rollv2_cv3,3,2029,V2H-local-real,True,real_eeg,ctx_smooth16_scale4_sqrt_raw_base0p05,context_smooth_sqrt,,,16.0,4.0,0.686084142394822,0.7046770512243938,0.686084142394822,0.7018716865145437,618,28,24,0.6978316458211562,0.7083520646020647,0.587746282868234,24
V2-Q,V2M-two_stage_user_local_reranker-v1,protocol_a_rollv2_cv3,1,2030,V2H-local-real,True,real_eeg,v2n_eeg_base_0p05,reference_raw_margin,1.0,,,,0.7224080267558528,0.7486296970225543,0.7224080267558528,0.7630063217206076,598,35,28,0.7257911740001292,0.7277456108706107,0.5906976744186047,28
V2-Q,V2M-two_stage_user_local_reranker-v1,protocol_a_rollv2_cv3,1,2030,V2H-local-real,True,real_eeg,sqrt_margin_eeg_base0p05,v2p_sqrt_margin,0.5,,,,0.7224080267558528,0.7478029774458347,0.7224080267558528,0.7623449460592319,598,35,28,0.724132799207426,0.7258028198653198,0.591877820201319,28
V2-Q,V2M-two_stage_user_local_reranker-v1,protocol_a_rollv2_cv3,1,2030,V2H-local-real,True,real_eeg,margin_power0p25_base0p05,global_power_margin,0.25,,,,0.7240802675585284,0.7294994060172632,0.7240802675585284,0.7457179619322476,598,35,28,0.7253491201998665,0.7268419741634028,0.59375216938563,28
V2-Q,V2M-two_stage_user_local_reranker-v1,protocol_a_rollv2_cv3,1,2030,V2H-local-real,True,real_eeg,margin_power0p75_base0p05,global_power_margin,0.75,,,,0.7240802675585284,0.74929107268393,0.7240802675585284,0.763535422249708,598,35,28,0.7266203613964808,0.7284069865319864,0.5913918778202013,28
V2-Q,V2M-two_stage_user_local_reranker-v1,protocol_a_rollv2_cv3,1,2030,V2H-local-real,True,real_eeg,margin_power1p25_base0p05,global_power_margin,1.25,,,,0.7240802675585284,0.7516058874987447,0.7240802675585284,0.7653872741015598,598,35,28,0.7290463268075208,0.7299564952243524,0.5905761888233252,28
V2-Q,V2M-two_stage_user_local_reranker-v1,protocol_a_rollv2_cv3,1,2030,V2H-local-real,True,real_eeg,ctx_le8_sqrt_else_raw_base0p05,context_threshold_sqrt,,8.0,,,0.7224080267558528,0.7486296970225543,0.7224080267558528,0.7630063217206076,598,35,28,0.728123452004049,0.7303339947089947,0.5977438389448109,28
V2-Q,V2M-two_stage_user_local_reranker-v1,protocol_a_rollv2_cv3,1,2030,V2H-local-real,True,real_eeg,ctx_le12_sqrt_else_raw_base0p05,context_threshold_sqrt,,12.0,,,0.7207357859531772,0.747141601784459,0.7207357859531772,0.7618158455301314,598,35,28,0.7233036118110744,0.7251414442039442,0.5849010760152725,28
V2-Q,V2M-two_stage_user_local_reranker-v1,protocol_a_rollv2_cv3,1,2030,V2H-local-real,True,real_eeg,ctx_le16_sqrt_else_raw_base0p05,context_threshold_sqrt,,16.0,,,0.7224080267558528,0.7478029774458347,0.7224080267558528,0.7623449460592319,598,35,28,0.724132799207426,0.7258028198653198,0.591877820201319,28
V2-Q,V2M-two_stage_user_local_reranker-v1,protocol_a_rollv2_cv3,1,2030,V2H-local-real,True,real_eeg,ctx_le20_sqrt_else_raw_base0p05,context_threshold_sqrt,,20.0,,,0.7224080267558528,0.7478029774458347,0.7224080267558528,0.7623449460592319,598,35,28,0.724132799207426,0.7258028198653198,0.591877820201319,28
V2-Q,V2M-two_stage_user_local_reranker-v1,protocol_a_rollv2_cv3,1,2030,V2H-local-real,True,real_eeg,ctx_smooth12_scale4_sqrt_raw_base0p05,context_smooth_sqrt,,,12.0,4.0,0.7224080267558528,0.7486296970225543,0.7224080267558528,0.7630063217206076,598,35,28,0.744791303224139,0.7466569822373393,0.5944463727872267,28
V2-Q,V2M-two_stage_user_local_reranker-v1,protocol_a_rollv2_cv3,1,2030,V2H-local-real,True,real_eeg,ctx_smooth16_scale4_sqrt_raw_base0p05,context_smooth_sqrt,,,16.0,4.0,0.7240802675585284,0.74929107268393,0.7240802675585284,0.763535422249708,598,35,28,0.7364757381921561,0.7376811696900981,0.5929538354737939,28
V2-Q,V2M-two_stage_user_local_reranker-v1,protocol_a_rollv2_cv3,2,2030,V2H-local-real,True,real_eeg,v2n_eeg_base_0p05,reference_raw_margin,1.0,,,,0.6523972602739726,0.6356338106338106,0.6523972602739726,0.6195598845598844,584,30,26,0.6177625586219336,0.6184926184926185,0.5935700747416228,26
V2-Q,V2M-two_stage_user_local_reranker-v1,protocol_a_rollv2_cv3,2,2030,V2H-local-real,True,real_eeg,sqrt_margin_eeg_base0p05,v2p_sqrt_margin,0.5,,,,0.6541095890410958,0.6383581696081696,0.6541095890410958,0.6217225829725829,584,30,26,0.6180452967171717,0.6197580197580197,0.5945713979186783,26
V2-Q,V2M-two_stage_user_local_reranker-v1,protocol_a_rollv2_cv3,2,2030,V2H-local-real,True,real_eeg,margin_power0p25_base0p05,global_power_margin,0.25,,,,0.648972602739726,0.6233729233729234,0.648972602739726,0.5998729357062691,584,30,26,0.6112286931818182,0.6113356550856551,0.598433644458749,26
V2-Q,V2M-two_stage_user_local_reranker-v1,protocol_a_rollv2_cv3,2,2030,V2H-local-real,True,real_eeg,margin_power0p75_base0p05,global_power_margin,0.75,,,,0.6541095890410958,0.637396631146631,0.6541095890410958,0.6210876623376623,584,30,26,0.6181531836219336,0.6191482128982128,0.5939992132460752,26
V2-Q,V2M-two_stage_user_local_reranker-v1,protocol_a_rollv2_cv3,2,2030,V2H-local-real,True,real_eeg,margin_power1p25_base0p05,global_power_margin,1.25,,,,0.6523972602739726,0.6356338106338106,0.6523972602739726,0.6195598845598844,584,30,26,0.6158094336219336,0.6160887723387722,0.5934627901155098,26
V2-Q,V2M-two_stage_user_local_reranker-v1,protocol_a_rollv2_cv3,2,2030,V2H-local-real,True,real_eeg,ctx_le8_sqrt_else_raw_base0p05,context_threshold_sqrt,,8.0,,,0.6558219178082192,0.642044067044067,0.6558219178082192,0.6251154401154401,584,30,26,0.629005230880231,0.6286879786879787,0.6024746987090084,26
V2-Q,V2M-two_stage_user_local_reranker-v1,protocol_a_rollv2_cv3,2,2030,V2H-local-real,True,real_eeg,ctx_le12_sqrt_else_raw_base0p05,context_threshold_sqrt,,12.0,,,0.6558219178082192,0.6391594516594516,0.6558219178082192,0.6224170274170273,584,30,26,0.6197194038600289,0.6211316461316461,0.5812323427386189,26
V2-Q,V2M-two_stage_user_local_reranker-v1,protocol_a_rollv2_cv3,2,2030,V2H-local-real,True,real_eeg,ctx_le16_sqrt_else_raw_base0p05,context_threshold_sqrt,,16.0,,,0.6541095890410958,0.6383581696081696,0.6541095890410958,0.6217225829725829,584,30,26,0.6180452967171717,0.6197580197580197,0.5945713979186783,26
V2-Q,V2M-two_stage_user_local_reranker-v1,protocol_a_rollv2_cv3,2,2030,V2H-local-real,True,real_eeg,ctx_le20_sqrt_else_raw_base0p05,context_threshold_sqrt,,20.0,,,0.6541095890410958,0.6383581696081696,0.6541095890410958,0.6217225829725829,584,30,26,0.6180452967171717,0.6197580197580197,0.5945713979186783,26
V2-Q,V2M-two_stage_user_local_reranker-v1,protocol_a_rollv2_cv3,2,2030,V2H-local-real,True,real_eeg,ctx_smooth12_scale4_sqrt_raw_base0p05,context_smooth_sqrt,,,12.0,4.0,0.6523972602739726,0.635794067044067,0.6523972602739726,0.6195003607503607,584,30,26,0.6321168154761905,0.6330537518037518,0.5993634445517291,26
V2-Q,V2M-two_stage_user_local_reranker-v1,protocol_a_rollv2_cv3,2,2030,V2H-local-real,True,real_eeg,ctx_smooth16_scale4_sqrt_raw_base0p05,context_smooth_sqrt,,,16.0,4.0,0.6523972602739726,0.6351530414030413,0.6523972602739726,0.6189448051948051,584,30,26,0.6238860705266955,0.6249923687423687,0.5983978829167114,26
V2-Q,V2M-two_stage_user_local_reranker-v1,protocol_a_rollv2_cv3,3,2030,V2H-local-real,True,real_eeg,v2n_eeg_base_0p05,reference_raw_margin,1.0,,,,0.6440129449838188,0.6517442244622327,0.6440129449838188,0.6564562884205742,618,28,24,0.6605148445183411,0.6632973276723277,0.5847066578773896,24
V2-Q,V2M-two_stage_user_local_reranker-v1,protocol_a_rollv2_cv3,3,2030,V2H-local-real,True,real_eeg,sqrt_margin_eeg_base0p05,v2p_sqrt_margin,0.5,,,,0.6488673139158576,0.6687738210230793,0.6488673139158576,0.6712125242482385,618,28,24,0.6693282533317498,0.6814631125047792,0.5865011352816231,24
V2-Q,V2M-two_stage_user_local_reranker-v1,protocol_a_rollv2_cv3,3,2030,V2H-local-real,True,real_eeg,margin_power0p25_base0p05,global_power_margin,0.25,,,,0.6472491909385113,0.6744879105147423,0.6472491909385113,0.6716529072779072,618,28,24,0.6727314546370491,0.6871301114009448,0.5910788837618105,24
V2-Q,V2M-two_stage_user_local_reranker-v1,protocol_a_rollv2_cv3,3,2030,V2H-local-real,True,real_eeg,margin_power0p75_base0p05,global_power_margin,0.75,,,,0.6440129449838188,0.6513796411288993,0.6440129449838188,0.6563032271960845,618,28,24,0.6602040442075408,0.6626800437217103,0.5851827437193291,24
V2-Q,V2M-two_stage_user_local_reranker-v1,protocol_a_rollv2_cv3,3,2030,V2H-local-real,True,real_eeg,margin_power1p25_base0p05,global_power_margin,1.25,,,,0.6423948220064725,0.6494294096474179,0.6423948220064725,0.6544721614364473,618,28,24,0.658378092381589,0.6609825128575129,0.584377059986816,24
V2-Q,V2M-two_stage_user_local_reranker-v1,protocol_a_rollv2_cv3,3,2030,V2H-local-real,True,real_eeg,ctx_le8_sqrt_else_raw_base0p05,context_threshold_sqrt,,8.0,,,0.6456310679611651,0.6656331133511215,0.6456310679611651,0.6683610503253361,618,28,24,0.6636131351166317,0.6759902289068956,0.576027246758954,24
V2-Q,V2M-two_stage_user_local_reranker-v1,protocol_a_rollv2_cv3,3,2030,V2H-local-real,True,real_eeg,ctx_le12_sqrt_else_raw_base0p05,context_threshold_sqrt,,12.0,,,0.6488673139158576,0.6687738210230793,0.6488673139158576,0.6712125242482385,618,28,24,0.6693282533317498,0.6814631125047792,0.5578261188017285,24
V2-Q,V2M-two_stage_user_local_reranker-v1,protocol_a_rollv2_cv3,3,2030,V2H-local-real,True,real_eeg,ctx_le16_sqrt_else_raw_base0p05,context_threshold_sqrt,,16.0,,,0.6488673139158576,0.6687738210230793,0.6488673139158576,0.6712125242482385,618,28,24,0.6693282533317498,0.6814631125047792,0.5865011352816231,24
V2-Q,V2M-two_stage_user_local_reranker-v1,protocol_a_rollv2_cv3,3,2030,V2H-local-real,True,real_eeg,ctx_le20_sqrt_else_raw_base0p05,context_threshold_sqrt,,20.0,,,0.6488673139158576,0.6687738210230793,0.6488673139158576,0.6712125242482385,618,28,24,0.6693282533317498,0.6814631125047792,0.5865011352816231,24
V2-Q,V2M-two_stage_user_local_reranker-v1,protocol_a_rollv2_cv3,3,2030,V2H-local-real,True,real_eeg,ctx_smooth12_scale4_sqrt_raw_base0p05,context_smooth_sqrt,,,12.0,4.0,0.6456310679611651,0.6652685300177882,0.6456310679611651,0.6682079891008463,618,28,24,0.6629235469270435,0.675025722734056,0.5781513220537611,24
V2-Q,V2M-two_stage_user_local_reranker-v1,protocol_a_rollv2_cv3,3,2030,V2H-local-real,True,real_eeg,ctx_smooth16_scale4_sqrt_raw_base0p05,context_smooth_sqrt,,,16.0,4.0,0.6456310679611651,0.6652685300177882,0.6456310679611651,0.6682079891008463,618,28,24,0.6638947978982944,0.6757973276723277,0.5793232256646891,24
V2-Q,V2M-two_stage_user_local_reranker-v1,protocol_a_rollv2_cv3,1,2026,V2H-local-shuffle,False,shuffle_eeg_control,v2n_eeg_base_0p05,reference_raw_margin,1.0,,,,0.6471571906354515,0.6547665561951277,0.6471571906354515,0.686302343159486,598,35,28,0.6395387779716138,0.6356258804026662,0.604581742450538,28
V2-Q,V2M-two_stage_user_local_reranker-v1,protocol_a_rollv2_cv3,1,2026,V2H-local-shuffle,False,shuffle_eeg_control,sqrt_margin_eeg_base0p05,v2p_sqrt_margin,0.5,,,,0.6471571906354515,0.6545350747136462,0.6471571906354515,0.6832373393801966,598,35,28,0.6367099567099568,0.6320183553219267,0.604581742450538,28
V2-Q,V2M-two_stage_user_local_reranker-v1,protocol_a_rollv2_cv3,1,2026,V2H-local-shuffle,False,shuffle_eeg_control,margin_power0p25_base0p05,global_power_margin,0.25,,,,0.657190635451505,0.6573241903599047,0.657190635451505,0.6818972033257747,598,35,28,0.6440423424005514,0.6382541829863257,0.6059354390836514,28
V2-Q,V2M-two_stage_user_local_reranker-v1,protocol_a_rollv2_cv3,1,2026,V2H-local-shuffle,False,shuffle_eeg_control,margin_power0p75_base0p05,global_power_margin,0.75,,,,0.6488294314381271,0.6587348101633816,0.6488294314381271,0.6894769463340893,598,35,28,0.6415062135211389,0.6375198197966055,0.604581742450538,28
V2-Q,V2M-two_stage_user_local_reranker-v1,protocol_a_rollv2_cv3,1,2026,V2H-local-shuffle,False,shuffle_eeg_control,margin_power1p25_base0p05,global_power_margin,1.25,,,,0.6471571906354515,0.6583379847665564,0.6471571906354515,0.6927309145880575,598,35,28,0.639688031702957,0.6361615946883805,0.6042693509198196,28
V2-Q,V2M-two_stage_user_local_reranker-v1,protocol_a_rollv2_cv3,1,2026,V2H-local-shuffle,False,shuffle_eeg_control,ctx_le8_sqrt_else_raw_base0p05,context_threshold_sqrt,,8.0,,,0.6438127090301003,0.6485661593697308,0.6438127090301003,0.678207105064248,598,35,28,0.6184241132002326,0.6148549053459768,0.5934050676848317,28
V2-Q,V2M-two_stage_user_local_reranker-v1,protocol_a_rollv2_cv3,1,2026,V2H-local-shuffle,False,shuffle_eeg_control,ctx_le12_sqrt_else_raw_base0p05,context_threshold_sqrt,,12.0,,,0.6471571906354515,0.6547665561951277,0.6471571906354515,0.6834225245653817,598,35,28,0.6368509185673364,0.6322498368034083,0.5890662964248525,28
V2-Q,V2M-two_stage_user_local_reranker-v1,protocol_a_rollv2_cv3,1,2026,V2H-local-shuffle,False,shuffle_eeg_control,ctx_le16_sqrt_else_raw_base0p05,context_threshold_sqrt,,16.0,,,0.6471571906354515,0.6545350747136462,0.6471571906354515,0.6832373393801966,598,35,28,0.6367099567099568,0.6320183553219267,0.604581742450538,28
V2-Q,V2M-two_stage_user_local_reranker-v1,protocol_a_rollv2_cv3,1,2026,V2H-local-shuffle,False,shuffle_eeg_control,ctx_le20_sqrt_else_raw_base0p05,context_threshold_sqrt,,20.0,,,0.6471571906354515,0.6545350747136462,0.6471571906354515,0.6832373393801966,598,35,28,0.6367099567099568,0.6320183553219267,0.604581742450538,28
V2-Q,V2M-two_stage_user_local_reranker-v1,protocol_a_rollv2_cv3,1,2026,V2H-local-shuffle,False,shuffle_eeg_control,ctx_smooth12_scale4_sqrt_raw_base0p05,context_smooth_sqrt,,,12.0,4.0,0.6488294314381271,0.6587348101633816,0.6488294314381271,0.6894769463340893,598,35,28,0.6306226443539877,0.6251943327836184,0.59375216938563,28
V2-Q,V2M-two_stage_user_local_reranker-v1,protocol_a_rollv2_cv3,1,2026,V2H-local-shuffle,False,shuffle_eeg_control,ctx_smooth16_scale4_sqrt_raw_base0p05,context_smooth_sqrt,,,16.0,4.0,0.6488294314381271,0.6587348101633816,0.6488294314381271,0.6894769463340893,598,35,28,0.6328081454200857,0.6273201831237545,0.5940645609163485,28
V2-Q,V2M-two_stage_user_local_reranker-v1,protocol_a_rollv2_cv3,2,2026,V2H-local-shuffle,False,shuffle_eeg_control,v2n_eeg_base_0p05,reference_raw_margin,1.0,,,,0.6198630136986302,0.6411858974358975,0.6198630136986302,0.6251388888888889,584,30,26,0.6230122655122655,0.6204083416583418,0.6484640417694811,26
V2-Q,V2M-two_stage_user_local_reranker-v1,protocol_a_rollv2_cv3,2,2026,V2H-local-shuffle,False,shuffle_eeg_control,sqrt_margin_eeg_base0p05,v2p_sqrt_margin,0.5,,,,0.6301369863013698,0.6569037444037444,0.6301369863013698,0.6387610229276895,584,30,26,0.6400103715728716,0.6387549487549489,0.6501090727032149,26
V2-Q,V2M-two_stage_user_local_reranker-v1,protocol_a_rollv2_cv3,2,2026,V2H-local-shuffle,False,shuffle_eeg_control,margin_power0p25_base0p05,global_power_margin,0.25,,,,0.6386986301369864,0.6552031302031304,0.6386986301369864,0.6308056758056758,584,30,26,0.6409750405844157,0.64109681984682,0.6544719808318135,26
V2-Q,V2M-two_stage_user_local_reranker-v1,protocol_a_rollv2_cv3,2,2026,V2H-local-shuffle,False,shuffle_eeg_control,margin_power0p75_base0p05,global_power_margin,0.75,,,,0.6232876712328768,0.644551282051282,0.6232876712328768,0.6280555555555555,584,30,26,0.6279057314213564,0.6255219780219782,0.6487501341057826,26
V2-Q,V2M-two_stage_user_local_reranker-v1,protocol_a_rollv2_cv3,2,2026,V2H-local-shuffle,False,shuffle_eeg_control,margin_power1p25_base0p05,global_power_margin,1.25,,,,0.6198630136986302,0.6411858974358975,0.6198630136986302,0.6251388888888889,584,30,26,0.6249653905122655,0.622812187812188,0.6482852340592926,26
V2-Q,V2M-two_stage_user_local_reranker-v1,protocol_a_rollv2_cv3,2,2026,V2H-local-shuffle,False,shuffle_eeg_control,ctx_le8_sqrt_else_raw_base0p05,context_threshold_sqrt,,8.0,,,0.6215753424657534,0.6466804029304031,0.6215753424657534,0.6299007936507938,584,30,26,0.6351318993506493,0.6320419857919859,0.6421342488288095,26
V2-Q,V2M-two_stage_user_local_reranker-v1,protocol_a_rollv2_cv3,2,2026,V2H-local-shuffle,False,shuffle_eeg_control,ctx_le12_sqrt_else_raw_base0p05,context_threshold_sqrt,,12.0,,,0.6301369863013698,0.657010582010582,0.6301369863013698,0.6388536155202822,584,30,26,0.6400450937950938,0.6388617863617865,0.6252905625290562,26
V2-Q,V2M-two_stage_user_local_reranker-v1,protocol_a_rollv2_cv3,2,2026,V2H-local-shuffle,False,shuffle_eeg_control,ctx_le16_sqrt_else_raw_base0p05,context_threshold_sqrt,,16.0,,,0.6301369863013698,0.6569037444037444,0.6301369863013698,0.6387610229276895,584,30,26,0.6400103715728716,0.6387549487549489,0.6501090727032149,26
V2-Q,V2M-two_stage_user_local_reranker-v1,protocol_a_rollv2_cv3,2,2026,V2H-local-shuffle,False,shuffle_eeg_control,ctx_le20_sqrt_else_raw_base0p05,context_threshold_sqrt,,20.0,,,0.6301369863013698,0.6569037444037444,0.6301369863013698,0.6387610229276895,584,30,26,0.6400103715728716,0.6387549487549489,0.6501090727032149,26
V2-Q,V2M-two_stage_user_local_reranker-v1,protocol_a_rollv2_cv3,2,2026,V2H-local-shuffle,False,shuffle_eeg_control,ctx_smooth12_scale4_sqrt_raw_base0p05,context_smooth_sqrt,,,12.0,4.0,0.625,0.6477564102564103,0.625,0.6308333333333332,584,30,26,0.635743483946609,0.6315748140748141,0.6445660336873726,26
V2-Q,V2M-two_stage_user_local_reranker-v1,protocol_a_rollv2_cv3,2,2026,V2H-local-shuffle,False,shuffle_eeg_control,ctx_smooth16_scale4_sqrt_raw_base0p05,context_smooth_sqrt,,,16.0,4.0,0.6232876712328768,0.646474358974359,0.6232876712328768,0.6297222222222222,584,30,26,0.6297649485930735,0.6261513486513487,0.6443157028931087,26
V2-Q,V2M-two_stage_user_local_reranker-v1,protocol_a_rollv2_cv3,3,2026,V2H-local-shuffle,False,shuffle_eeg_control,v2n_eeg_base_0p05,reference_raw_margin,1.0,,,,0.6229773462783171,0.6258094381264209,0.6229773462783171,0.6421871448657164,618,28,24,0.6137432400544288,0.6209527933486267,0.542774481798872,24
V2-Q,V2M-two_stage_user_local_reranker-v1,protocol_a_rollv2_cv3,3,2026,V2H-local-shuffle,False,shuffle_eeg_control,sqrt_margin_eeg_base0p05,v2p_sqrt_margin,0.5,,,,0.6197411003236246,0.6290205287333448,0.6197411003236246,0.6449395082430797,618,28,24,0.6151082018214885,0.6234942410984078,0.54467882516663,24
V2-Q,V2M-two_stage_user_local_reranker-v1,protocol_a_rollv2_cv3,3,2026,V2H-local-shuffle,False,shuffle_eeg_control,margin_power0p25_base0p05,global_power_margin,0.25,,,,0.6229773462783171,0.6525861066739228,0.6229773462783171,0.6651385750492894,618,28,24,0.6288040145557627,0.6483991047532714,0.551197539002417,24
V2-Q,V2M-two_stage_user_local_reranker-v1,protocol_a_rollv2_cv3,3,2026,V2H-local-shuffle,False,shuffle_eeg_control,margin_power0p75_base0p05,global_power_margin,0.75,,,,0.6245954692556634,0.6304960478130306,0.6245954692556634,0.6462042388828103,618,28,24,0.6174601428097932,0.6245977363685697,0.543433677580019,24
V2-Q,V2M-two_stage_user_local_reranker-v1,protocol_a_rollv2_cv3,3,2026,V2H-local-shuffle,False,shuffle_eeg_control,margin_power1p25_base0p05,global_power_margin,1.25,,,,0.6229773462783171,0.6241311973856801,0.6229773462783171,0.6407486528022243,618,28,24,0.6126457264569153,0.619274552607886,0.542261773969091,24
V2-Q,V2M-two_stage_user_local_reranker-v1,protocol_a_rollv2_cv3,3,2026,V2H-local-shuffle,False,shuffle_eeg_control,ctx_le8_sqrt_else_raw_base0p05,context_threshold_sqrt,,8.0,,,0.6229773462783171,0.6258094381264209,0.6229773462783171,0.6421871448657164,618,28,24,0.6105727993839882,0.6173427845302845,0.538013623379477,24
V2-Q,V2M-two_stage_user_local_reranker-v1,protocol_a_rollv2_cv3,3,2026,V2H-local-shuffle,False,shuffle_eeg_control,ctx_le12_sqrt_else_raw_base0p05,context_threshold_sqrt,,12.0,,,0.6245954692556634,0.6292623702251863,0.6245954692556634,0.6451468009503724,618,28,24,0.6156815794927682,0.6237360825902493,0.5115359261700725,24
V2-Q,V2M-two_stage_user_local_reranker-v1,protocol_a_rollv2_cv3,3,2026,V2H-local-shuffle,False,shuffle_eeg_control,ctx_le16_sqrt_else_raw_base0p05,context_threshold_sqrt,,16.0,,,0.6197411003236246,0.6290205287333448,0.6197411003236246,0.6449395082430797,618,28,24,0.6151082018214885,0.6234942410984078,0.54467882516663,24
V2-Q,V2M-two_stage_user_local_reranker-v1,protocol_a_rollv2_cv3,3,2026,V2H-local-shuffle,False,shuffle_eeg_control,ctx_le20_sqrt_else_raw_base0p05,context_threshold_sqrt,,20.0,,,0.6197411003236246,0.6290205287333448,0.6197411003236246,0.6449395082430797,618,28,24,0.6151082018214885,0.6234942410984078,0.54467882516663,24
V2-Q,V2M-two_stage_user_local_reranker-v1,protocol_a_rollv2_cv3,3,2026,V2H-local-shuffle,False,shuffle_eeg_control,ctx_smooth12_scale4_sqrt_raw_base0p05,context_smooth_sqrt,,,12.0,4.0,0.6245954692556634,0.6281242529412358,0.6245954692556634,0.6441712718498432,618,28,24,0.608920285231474,0.6171168145126478,0.5346077785102175,24
V2-Q,V2M-two_stage_user_local_reranker-v1,protocol_a_rollv2_cv3,3,2026,V2H-local-shuffle,False,shuffle_eeg_control,ctx_smooth16_scale4_sqrt_raw_base0p05,context_smooth_sqrt,,,16.0,4.0,0.6213592233009708,0.6243147291317118,0.6213592233009708,0.6409059657273943,618,28,24,0.6054487567599456,0.6132328859412193,0.5355599501940965,24
V2-Q,V2M-two_stage_user_local_reranker-v1,protocol_a_rollv2_cv3,1,2027,V2H-local-shuffle,False,shuffle_eeg_control,v2n_eeg_base_0p05,reference_raw_margin,1.0,,,,0.6505016722408027,0.666975260189546,0.6505016722408027,0.6976413454270598,598,35,28,0.6555847386444402,0.6563061525115097,0.5968413745227352,28
V2-Q,V2M-two_stage_user_local_reranker-v1,protocol_a_rollv2_cv3,1,2027,V2H-local-shuffle,False,shuffle_eeg_control,sqrt_margin_eeg_base0p05,v2p_sqrt_margin,0.5,,,,0.6521739130434783,0.6623550787836503,0.6521739130434783,0.6897785336356765,598,35,28,0.6553490125131917,0.6548520708788566,0.5973273169038529,28
V2-Q,V2M-two_stage_user_local_reranker-v1,protocol_a_rollv2_cv3,1,2027,V2H-local-shuffle,False,shuffle_eeg_control,margin_power0p25_base0p05,global_power_margin,0.25,,,,0.6521739130434783,0.6714112012326298,0.6521739130434783,0.6958896447467875,598,35,28,0.6480118886089035,0.6464620482031195,0.598958694897605,28
V2-Q,V2M-two_stage_user_local_reranker-v1,protocol_a_rollv2_cv3,1,2027,V2H-local-shuffle,False,shuffle_eeg_control,margin_power0p75_base0p05,global_power_margin,0.75,,,,0.6505016722408027,0.6631723501366358,0.6505016722408027,0.6910275888133032,598,35,28,0.6552198961900455,0.655538956744314,0.5969455050329746,28
V2-Q,V2M-two_stage_user_local_reranker-v1,protocol_a_rollv2_cv3,1,2027,V2H-local-shuffle,False,shuffle_eeg_control,margin_power1p25_base0p05,global_power_margin,1.25,,,,0.6488294314381271,0.6663138845281703,0.6488294314381271,0.6971122448979592,598,35,28,0.6529313389761151,0.653660649866007,0.5968066643526554,28
V2-Q,V2M-two_stage_user_local_reranker-v1,protocol_a_rollv2_cv3,1,2027,V2H-local-shuffle,False,shuffle_eeg_control,ctx_le8_sqrt_else_raw_base0p05,context_threshold_sqrt,,8.0,,,0.6454849498327759,0.6573026411419269,0.6454849498327759,0.6857365835222978,598,35,28,0.635013783894381,0.6356627284752285,0.5888580354043735,28
V2-Q,V2M-two_stage_user_local_reranker-v1,protocol_a_rollv2_cv3,1,2027,V2H-local-shuffle,False,shuffle_eeg_control,ctx_le12_sqrt_else_raw_base0p05,context_threshold_sqrt,,12.0,,,0.6471571906354515,0.6595347839990698,0.6471571906354515,0.6875222978080121,598,35,28,0.6521779629988586,0.6520317760942761,0.5749045470322804,28
V2-Q,V2M-two_stage_user_local_reranker-v1,protocol_a_rollv2_cv3,1,2027,V2H-local-shuffle,False,shuffle_eeg_control,ctx_le16_sqrt_else_raw_base0p05,context_threshold_sqrt,,16.0,,,0.6521739130434783,0.6623550787836503,0.6521739130434783,0.6897785336356765,598,35,28,0.6553490125131917,0.6548520708788566,0.5973273169038529,28
V2-Q,V2M-two_stage_user_local_reranker-v1,protocol_a_rollv2_cv3,1,2027,V2H-local-shuffle,False,shuffle_eeg_control,ctx_le20_sqrt_else_raw_base0p05,context_threshold_sqrt,,20.0,,,0.6521739130434783,0.6623550787836503,0.6521739130434783,0.6897785336356765,598,35,28,0.6553490125131917,0.6548520708788566,0.5973273169038529,28
V2-Q,V2M-two_stage_user_local_reranker-v1,protocol_a_rollv2_cv3,1,2027,V2H-local-shuffle,False,shuffle_eeg_control,ctx_smooth12_scale4_sqrt_raw_base0p05,context_smooth_sqrt,,,12.0,4.0,0.6488294314381271,0.6625109744752603,0.6488294314381271,0.6904984882842027,598,35,28,0.6392688074777627,0.6384392822785679,0.5899340506768483,28
V2-Q,V2M-two_stage_user_local_reranker-v1,protocol_a_rollv2_cv3,1,2027,V2H-local-shuffle,False,shuffle_eeg_control,ctx_smooth16_scale4_sqrt_raw_base0p05,context_smooth_sqrt,,,16.0,4.0,0.6471571906354515,0.6602788316181174,0.6471571906354515,0.6881175359032503,598,35,28,0.6419103616118542,0.6410611643647358,0.5896910794862895,28
V2-Q,V2M-two_stage_user_local_reranker-v1,protocol_a_rollv2_cv3,2,2027,V2H-local-shuffle,False,shuffle_eeg_control,v2n_eeg_base_0p05,reference_raw_margin,1.0,,,,0.6198630136986302,0.637754144004144,0.6198630136986302,0.6371779300945968,584,30,26,0.615027619949495,0.6107530895030894,0.6451382183599756,26
V2-Q,V2M-two_stage_user_local_reranker-v1,protocol_a_rollv2_cv3,2,2027,V2H-local-shuffle,False,shuffle_eeg_control,sqrt_margin_eeg_base0p05,v2p_sqrt_margin,0.5,,,,0.6284246575342466,0.6445496632996632,0.6284246575342466,0.6441784912618247,584,30,26,0.6227904040404041,0.6194862544862545,0.6475700032185387,26
V2-Q,V2M-two_stage_user_local_reranker-v1,protocol_a_rollv2_cv3,2,2027,V2H-local-shuffle,False,shuffle_eeg_control,margin_power0p25_base0p05,global_power_margin,0.25,,,,0.6335616438356164,0.6507716820216822,0.6335616438356164,0.6490418069584737,584,30,26,0.6335730068542568,0.6325107762607763,0.6506812573758181,26
V2-Q,V2M-two_stage_user_local_reranker-v1,protocol_a_rollv2_cv3,2,2027,V2H-local-shuffle,False,shuffle_eeg_control,margin_power0p75_base0p05,global_power_margin,0.75,,,,0.6284246575342466,0.6443537943537943,0.6284246575342466,0.6440087381754048,584,30,26,0.6228922032828283,0.6179791967291967,0.6461395415370312,26
V2-Q,V2M-two_stage_user_local_reranker-v1,protocol_a_rollv2_cv3,2,2027,V2H-local-shuffle,False,shuffle_eeg_control,margin_power1p25_base0p05,global_power_margin,1.25,,,,0.6181506849315068,0.6322596385096385,0.6181506849315068,0.632416025332692,584,30,26,0.6154963699494951,0.6117146279646278,0.6448163644816365,26
V2-Q,V2M-two_stage_user_local_reranker-v1,protocol_a_rollv2_cv3,2,2027,V2H-local-shuffle,False,shuffle_eeg_control,ctx_le8_sqrt_else_raw_base0p05,context_threshold_sqrt,,8.0,,,0.6215753424657534,0.6396772209272209,0.6215753424657534,0.6399557078723747,584,30,26,0.6272127525252525,0.6218282643282643,0.638343525372814,26
V2-Q,V2M-two_stage_user_local_reranker-v1,protocol_a_rollv2_cv3,2,2027,V2H-local-shuffle,False,shuffle_eeg_control,ctx_le12_sqrt_else_raw_base0p05,context_threshold_sqrt,,12.0,,,0.6267123287671232,0.6433744496244496,0.6267123287671232,0.643159972743306,584,30,26,0.6212626262626263,0.6183110408110407,0.6310839323391624,26
V2-Q,V2M-two_stage_user_local_reranker-v1,protocol_a_rollv2_cv3,2,2027,V2H-local-shuffle,False,shuffle_eeg_control,ctx_le16_sqrt_else_raw_base0p05,context_threshold_sqrt,,16.0,,,0.6284246575342466,0.6445496632996632,0.6284246575342466,0.6441784912618247,584,30,26,0.6227904040404041,0.6194862544862545,0.6475700032185387,26
V2-Q,V2M-two_stage_user_local_reranker-v1,protocol_a_rollv2_cv3,2,2027,V2H-local-shuffle,False,shuffle_eeg_control,ctx_le20_sqrt_else_raw_base0p05,context_threshold_sqrt,,20.0,,,0.6284246575342466,0.6445496632996632,0.6284246575342466,0.6441784912618247,584,30,26,0.6227904040404041,0.6194862544862545,0.6475700032185387,26
V2-Q,V2M-two_stage_user_local_reranker-v1,protocol_a_rollv2_cv3,2,2027,V2H-local-shuffle,False,shuffle_eeg_control,ctx_smooth12_scale4_sqrt_raw_base0p05,context_smooth_sqrt,,,12.0,4.0,0.6301369863013698,0.6478502978502979,0.6301369863013698,0.647039041205708,584,30,26,0.6379395517676768,0.6320060032560033,0.639988556306548,26
V2-Q,V2M-two_stage_user_local_reranker-v1,protocol_a_rollv2_cv3,2,2027,V2H-local-shuffle,False,shuffle_eeg_control,ctx_smooth16_scale4_sqrt_raw_base0p05,context_smooth_sqrt,,,16.0,4.0,0.6284246575342466,0.6443537943537943,0.6284246575342466,0.6440087381754048,584,30,26,0.6312144886363638,0.6255180467680468,0.6407395486893395,26
V2-Q,V2M-two_stage_user_local_reranker-v1,protocol_a_rollv2_cv3,3,2027,V2H-local-shuffle,False,shuffle_eeg_control,v2n_eeg_base_0p05,reference_raw_margin,1.0,,,,0.6472491909385113,0.6549447806605636,0.6472491909385113,0.6779771881557596,618,28,24,0.6339399625238785,0.6435108641358641,0.5691056910569106,24
V2-Q,V2M-two_stage_user_local_reranker-v1,protocol_a_rollv2_cv3,3,2027,V2H-local-shuffle,False,shuffle_eeg_control,sqrt_margin_eeg_base0p05,v2p_sqrt_margin,0.5,,,,0.6472491909385113,0.6596644591302421,0.6472491909385113,0.6805345316059601,618,28,24,0.6388362414586192,0.6496194314944315,0.5715227422544495,24
V2-Q,V2M-two_stage_user_local_reranker-v1,protocol_a_rollv2_cv3,3,2027,V2H-local-shuffle,False,shuffle_eeg_control,margin_power0p25_base0p05,global_power_margin,0.25,,,,0.6618122977346278,0.6933566715231124,0.6618122977346278,0.7105809237059236,618,28,24,0.6582706337951093,0.6791345344470345,0.5773822603090896,24
V2-Q,V2M-two_stage_user_local_reranker-v1,protocol_a_rollv2_cv3,3,2027,V2H-local-shuffle,False,shuffle_eeg_control,margin_power0p75_base0p05,global_power_margin,0.75,,,,0.6456310679611651,0.6563696058353888,0.6456310679611651,0.6791984668770382,618,28,24,0.6343281233141372,0.6438940226440226,0.5693620449718011,24
V2-Q,V2M-two_stage_user_local_reranker-v1,protocol_a_rollv2_cv3,3,2027,V2H-local-shuffle,False,shuffle_eeg_control,margin_power1p25_base0p05,global_power_margin,1.25,,,,0.6472491909385113,0.6548229483018891,0.6472491909385113,0.6779771881557596,618,28,24,0.6331768367607528,0.6426841445591446,0.5690324470812276,24
V2-Q,V2M-two_stage_user_local_reranker-v1,protocol_a_rollv2_cv3,3,2027,V2H-local-shuffle,False,shuffle_eeg_control,ctx_le8_sqrt_else_raw_base0p05,context_threshold_sqrt,,8.0,,,0.6440129449838188,0.6497364473272303,0.6440129449838188,0.6720248072033785,618,28,24,0.6230508516347677,0.6316722397972397,0.569215557020435,24
V2-Q,V2M-two_stage_user_local_reranker-v1,protocol_a_rollv2_cv3,3,2027,V2H-local-shuffle,False,shuffle_eeg_control,ctx_le12_sqrt_else_raw_base0p05,context_threshold_sqrt,,12.0,,,0.6472491909385113,0.6572926642584472,0.6472491909385113,0.6785015645729932,618,28,24,0.6361197272036433,0.6472476366226366,0.5557752874826045,24
V2-Q,V2M-two_stage_user_local_reranker-v1,protocol_a_rollv2_cv3,3,2027,V2H-local-shuffle,False,shuffle_eeg_control,ctx_le16_sqrt_else_raw_base0p05,context_threshold_sqrt,,16.0,,,0.6472491909385113,0.6596644591302421,0.6472491909385113,0.6805345316059601,618,28,24,0.6388362414586192,0.6496194314944315,0.5715227422544495,24
V2-Q,V2M-two_stage_user_local_reranker-v1,protocol_a_rollv2_cv3,3,2027,V2H-local-shuffle,False,shuffle_eeg_control,ctx_le20_sqrt_else_raw_base0p05,context_threshold_sqrt,,20.0,,,0.6472491909385113,0.6596644591302421,0.6472491909385113,0.6805345316059601,618,28,24,0.6388362414586192,0.6496194314944315,0.5715227422544495,24
V2-Q,V2M-two_stage_user_local_reranker-v1,protocol_a_rollv2_cv3,3,2027,V2H-local-shuffle,False,shuffle_eeg_control,ctx_smooth12_scale4_sqrt_raw_base0p05,context_smooth_sqrt,,,12.0,4.0,0.6440129449838188,0.6515072806605636,0.6440129449838188,0.6742867119652833,618,28,24,0.6277794563633724,0.6365928747178746,0.567604189555409,24
V2-Q,V2M-two_stage_user_local_reranker-v1,protocol_a_rollv2_cv3,3,2027,V2H-local-shuffle,False,shuffle_eeg_control,ctx_smooth16_scale4_sqrt_raw_base0p05,context_smooth_sqrt,,,16.0,4.0,0.6440129449838188,0.6552121984279814,0.6440129449838188,0.6774623557659271,618,28,24,0.6346888736748877,0.6433290975999308,0.5679337874459826,24
V2-Q,V2M-two_stage_user_local_reranker-v1,protocol_a_rollv2_cv3,1,2028,V2H-local-shuffle,False,shuffle_eeg_control,v2n_eeg_base_0p05,reference_raw_margin,1.0,,,,0.6387959866220736,0.6541911593697307,0.6387959866220736,0.6826674225245654,598,35,28,0.6329608451250242,0.6280980510891225,0.5879555709822979,28
V2-Q,V2M-two_stage_user_local_reranker-v1,protocol_a_rollv2_cv3,1,2028,V2H-local-shuffle,False,shuffle_eeg_control,sqrt_margin_eeg_base0p05,v2p_sqrt_margin,0.5,,,,0.6438127090301003,0.6613807852200708,0.6438127090301003,0.6896095993953137,598,35,28,0.6348987745256401,0.6299121100460388,0.5889274557445332,28
V2-Q,V2M-two_stage_user_local_reranker-v1,protocol_a_rollv2_cv3,1,2028,V2H-local-shuffle,False,shuffle_eeg_control,margin_power0p25_base0p05,global_power_margin,0.25,,,,0.6404682274247492,0.6532553128088843,0.6404682274247492,0.675665910808768,598,35,28,0.6321245504081325,0.627600129698344,0.591461298160361,28
V2-Q,V2M-two_stage_user_local_reranker-v1,protocol_a_rollv2_cv3,1,2028,V2H-local-shuffle,False,shuffle_eeg_control,margin_power0p75_base0p05,global_power_margin,0.75,,,,0.6404682274247492,0.6556197307983022,0.6404682274247492,0.6838102796674225,598,35,28,0.6341548749757704,0.6295266225176939,0.5881291218326969,28
V2-Q,V2M-two_stage_user_local_reranker-v1,protocol_a_rollv2_cv3,1,2028,V2H-local-shuffle,False,shuffle_eeg_control,margin_power1p25_base0p05,global_power_margin,1.25,,,,0.6404682274247492,0.6586554450840164,0.6404682274247492,0.6898102796674225,598,35,28,0.6341548749757705,0.6295266225176939,0.5878167303019786,28
V2-Q,V2M-two_stage_user_local_reranker-v1,protocol_a_rollv2_cv3,1,2028,V2H-local-shuffle,False,shuffle_eeg_control,ctx_le8_sqrt_else_raw_base0p05,context_threshold_sqrt,,8.0,,,0.6404682274247492,0.6571673498459212,0.6404682274247492,0.6862388510959939,598,35,28,0.6184324050741962,0.6137600924208065,0.5793474488024991,28
V2-Q,V2M-two_stage_user_local_reranker-v1,protocol_a_rollv2_cv3,1,2028,V2H-local-shuffle,False,shuffle_eeg_control,ctx_le12_sqrt_else_raw_base0p05,context_threshold_sqrt,,12.0,,,0.6438127090301003,0.6608280641316354,0.6438127090301003,0.6891674225245653,598,35,28,0.6344048157480993,0.6293593889576032,0.5694203401596668,28
V2-Q,V2M-two_stage_user_local_reranker-v1,protocol_a_rollv2_cv3,1,2028,V2H-local-shuffle,False,shuffle_eeg_control,ctx_le16_sqrt_else_raw_base0p05,context_threshold_sqrt,,16.0,,,0.6438127090301003,0.6613807852200708,0.6438127090301003,0.6896095993953137,598,35,28,0.6348987745256401,0.6299121100460388,0.5889274557445332,28
V2-Q,V2M-two_stage_user_local_reranker-v1,protocol_a_rollv2_cv3,1,2028,V2H-local-shuffle,False,shuffle_eeg_control,ctx_le20_sqrt_else_raw_base0p05,context_threshold_sqrt,,20.0,,,0.6438127090301003,0.6613807852200708,0.6438127090301003,0.6896095993953137,598,35,28,0.6348987745256401,0.6299121100460388,0.5889274557445332,28
V2-Q,V2M-two_stage_user_local_reranker-v1,protocol_a_rollv2_cv3,1,2028,V2H-local-shuffle,False,shuffle_eeg_control,ctx_smooth12_scale4_sqrt_raw_base0p05,context_smooth_sqrt,,,12.0,4.0,0.6404682274247492,0.6556197307983022,0.6404682274247492,0.6838102796674225,598,35,28,0.6267384936787921,0.6205996615818045,0.5796251301631378,28
V2-Q,V2M-two_stage_user_local_reranker-v1,protocol_a_rollv2_cv3,1,2028,V2H-local-shuffle,False,shuffle_eeg_control,ctx_smooth16_scale4_sqrt_raw_base0p05,context_smooth_sqrt,,,16.0,4.0,0.6387959866220736,0.6549819756962613,0.6387959866220736,0.6833000755857899,598,35,28,0.6194332450302599,0.6137662767127052,0.5788962165914613,28
V2-Q,V2M-two_stage_user_local_reranker-v1,protocol_a_rollv2_cv3,2,2028,V2H-local-shuffle,False,shuffle_eeg_control,v2n_eeg_base_0p05,reference_raw_margin,1.0,,,,0.6404109589041096,0.648462185962186,0.6404109589041096,0.6391037357704026,584,30,26,0.6286240755772006,0.6239122914122915,0.646032256910918,26
V2-Q,V2M-two_stage_user_local_reranker-v1,protocol_a_rollv2_cv3,2,2028,V2H-local-shuffle,False,shuffle_eeg_control,sqrt_margin_eeg_base0p05,v2p_sqrt_margin,0.5,,,,0.6404109589041096,0.6500800125800126,0.6404109589041096,0.6340243706910373,584,30,26,0.6312319624819624,0.6276668701668702,0.6477130493866896,26
V2-Q,V2M-two_stage_user_local_reranker-v1,protocol_a_rollv2_cv3,2,2028,V2H-local-shuffle,False,shuffle_eeg_control,margin_power0p25_base0p05,global_power_margin,0.25,,,,0.6472602739726028,0.6588228900728901,0.6472602739726028,0.6404904200737533,584,30,26,0.6412070481601732,0.6412916712916713,0.652075957515288,26
V2-Q,V2M-two_stage_user_local_reranker-v1,protocol_a_rollv2_cv3,2,2028,V2H-local-shuffle,False,shuffle_eeg_control,margin_power0p75_base0p05,global_power_margin,0.75,,,,0.6404109589041096,0.648462185962186,0.6404109589041096,0.6391037357704026,584,30,26,0.6286240755772006,0.6239122914122915,0.6466044415835212,26
V2-Q,V2M-two_stage_user_local_reranker-v1,protocol_a_rollv2_cv3,2,2028,V2H-local-shuffle,False,shuffle_eeg_control,margin_power1p25_base0p05,global_power_margin,1.25,,,,0.6404109589041096,0.648462185962186,0.6404109589041096,0.6391037357704026,584,30,26,0.6286240755772006,0.6239122914122915,0.6459607338268426,26
V2-Q,V2M-two_stage_user_local_reranker-v1,protocol_a_rollv2_cv3,2,2028,V2H-local-shuffle,False,shuffle_eeg_control,ctx_le8_sqrt_else_raw_base0p05,context_threshold_sqrt,,8.0,,,0.6386986301369864,0.6463254338254338,0.6386986301369864,0.6307704024370692,584,30,26,0.6380511589105338,0.6324379324379324,0.6393806100919073,26
V2-Q,V2M-two_stage_user_local_reranker-v1,protocol_a_rollv2_cv3,2,2028,V2H-local-shuffle,False,shuffle_eeg_control,ctx_le12_sqrt_else_raw_base0p05,context_threshold_sqrt,,12.0,,,0.6421232876712328,0.651362063862064,0.6421232876712328,0.6351354818021485,584,30,26,0.6325861291486292,0.6289489214489214,0.6208203697743446,26
V2-Q,V2M-two_stage_user_local_reranker-v1,protocol_a_rollv2_cv3,2,2028,V2H-local-shuffle,False,shuffle_eeg_control,ctx_le16_sqrt_else_raw_base0p05,context_threshold_sqrt,,16.0,,,0.6404109589041096,0.6500800125800126,0.6404109589041096,0.6340243706910373,584,30,26,0.6312319624819624,0.6276668701668702,0.6477130493866896,26
V2-Q,V2M-two_stage_user_local_reranker-v1,protocol_a_rollv2_cv3,2,2028,V2H-local-shuffle,False,shuffle_eeg_control,ctx_le20_sqrt_else_raw_base0p05,context_threshold_sqrt,,20.0,,,0.6404109589041096,0.6500800125800126,0.6404109589041096,0.6340243706910373,584,30,26,0.6312319624819624,0.6276668701668702,0.6477130493866896,26
V2-Q,V2M-two_stage_user_local_reranker-v1,protocol_a_rollv2_cv3,2,2028,V2H-local-shuffle,False,shuffle_eeg_control,ctx_smooth12_scale4_sqrt_raw_base0p05,context_smooth_sqrt,,,12.0,4.0,0.6404109589041096,0.648462185962186,0.6404109589041096,0.6391037357704026,584,30,26,0.6411651109307359,0.6351049876049877,0.6378428637842865,26
V2-Q,V2M-two_stage_user_local_reranker-v1,protocol_a_rollv2_cv3,2,2028,V2H-local-shuffle,False,shuffle_eeg_control,ctx_smooth16_scale4_sqrt_raw_base0p05,context_smooth_sqrt,,,16.0,4.0,0.6404109589041096,0.64872927997928,0.6404109589041096,0.6328537357704025,584,30,26,0.6397675414862914,0.6344105431605431,0.6367700175231557,26
V2-Q,V2M-two_stage_user_local_reranker-v1,protocol_a_rollv2_cv3,3,2028,V2H-local-shuffle,False,shuffle_eeg_control,v2n_eeg_base_0p05,reference_raw_margin,1.0,,,,0.6213592233009708,0.6362803775995532,0.6213592233009708,0.6538251431108574,618,28,24,0.6195151973124001,0.6272200523242191,0.556837325130008,24
V2-Q,V2M-two_stage_user_local_reranker-v1,protocol_a_rollv2_cv3,3,2028,V2H-local-shuffle,False,shuffle_eeg_control,sqrt_margin_eeg_base0p05,v2p_sqrt_margin,0.5,,,,0.6197411003236246,0.6351229701921458,0.6197411003236246,0.6528330796187938,618,28,24,0.6156981809953839,0.623632089361256,0.5591445103640226,24
V2-Q,V2M-two_stage_user_local_reranker-v1,protocol_a_rollv2_cv3,3,2028,V2H-local-shuffle,False,shuffle_eeg_control,margin_power0p25_base0p05,global_power_margin,0.25,,,,0.6213592233009708,0.6570745800168853,0.6213592233009708,0.6599665942523085,618,28,24,0.6321364921015271,0.6508312867687868,0.5666520178715301,24
V2-Q,V2M-two_stage_user_local_reranker-v1,protocol_a_rollv2_cv3,3,2028,V2H-local-shuffle,False,shuffle_eeg_control,margin_power0p75_base0p05,global_power_margin,0.75,,,,0.6213592233009708,0.6362803775995532,0.6213592233009708,0.6538251431108574,618,28,24,0.6195151973124001,0.6272200523242191,0.5572035450084231,24
V2-Q,V2M-two_stage_user_local_reranker-v1,protocol_a_rollv2_cv3,3,2028,V2H-local-shuffle,False,shuffle_eeg_control,margin_power1p25_base0p05,global_power_margin,1.25,,,,0.6229773462783171,0.6393512650454407,0.6229773462783171,0.6564573323501895,618,28,24,0.6217322983931376,0.6299189159605826,0.5568007031421666,24
V2-Q,V2M-two_stage_user_local_reranker-v1,protocol_a_rollv2_cv3,3,2028,V2H-local-shuffle,False,shuffle_eeg_control,ctx_le8_sqrt_else_raw_base0p05,context_threshold_sqrt,,8.0,,,0.6213592233009708,0.6362803775995532,0.6213592233009708,0.6538251431108574,618,28,24,0.6134559787531816,0.6207330593788928,0.5580092287409361,24
V2-Q,V2M-two_stage_user_local_reranker-v1,protocol_a_rollv2_cv3,3,2028,V2H-local-shuffle,False,shuffle_eeg_control,ctx_le12_sqrt_else_raw_base0p05,context_threshold_sqrt,,12.0,,,0.6197411003236246,0.6351229701921458,0.6197411003236246,0.6528330796187938,618,28,24,0.6156981809953839,0.623632089361256,0.543799897458434,24
V2-Q,V2M-two_stage_user_local_reranker-v1,protocol_a_rollv2_cv3,3,2028,V2H-local-shuffle,False,shuffle_eeg_control,ctx_le16_sqrt_else_raw_base0p05,context_threshold_sqrt,,16.0,,,0.6197411003236246,0.6351229701921458,0.6197411003236246,0.6528330796187938,618,28,24,0.6156981809953839,0.623632089361256,0.5591445103640226,24
V2-Q,V2M-two_stage_user_local_reranker-v1,protocol_a_rollv2_cv3,3,2028,V2H-local-shuffle,False,shuffle_eeg_control,ctx_le20_sqrt_else_raw_base0p05,context_threshold_sqrt,,20.0,,,0.6197411003236246,0.6351229701921458,0.6197411003236246,0.6528330796187938,618,28,24,0.6156981809953839,0.623632089361256,0.5591445103640226,24
V2-Q,V2M-two_stage_user_local_reranker-v1,protocol_a_rollv2_cv3,3,2028,V2H-local-shuffle,False,shuffle_eeg_control,ctx_smooth12_scale4_sqrt_raw_base0p05,context_smooth_sqrt,,,12.0,4.0,0.6213592233009708,0.6362803775995532,0.6213592233009708,0.6538251431108574,618,28,24,0.6150668678640707,0.6226675831884165,0.5525525525525525,24
V2-Q,V2M-two_stage_user_local_reranker-v1,protocol_a_rollv2_cv3,3,2028,V2H-local-shuffle,False,shuffle_eeg_control,ctx_smooth16_scale4_sqrt_raw_base0p05,context_smooth_sqrt,,,16.0,4.0,0.6213592233009708,0.6362803775995532,0.6213592233009708,0.6538251431108574,618,28,24,0.6162032315004343,0.6237092498550831,0.552369442613345,24
V2-Q,V2M-two_stage_user_local_reranker-v1,protocol_a_rollv2_cv3,1,2029,V2H-local-shuffle,False,shuffle_eeg_control,v2n_eeg_base_0p05,reference_raw_margin,1.0,,,,0.6387959866220736,0.6526865297401011,0.6387959866220736,0.6848934240362813,598,35,28,0.6397695505158192,0.6387523835291692,0.582714335300243,28
V2-Q,V2M-two_stage_user_local_reranker-v1,protocol_a_rollv2_cv3,1,2029,V2H-local-shuffle,False,shuffle_eeg_control,sqrt_margin_eeg_base0p05,v2p_sqrt_margin,0.5,,,,0.6404682274247492,0.6679381432060003,0.6404682274247492,0.692546485260771,598,35,28,0.6417606771338116,0.6410778705421561,0.5828184658104825,28
V2-Q,V2M-two_stage_user_local_reranker-v1,protocol_a_rollv2_cv3,1,2029,V2H-local-shuffle,False,shuffle_eeg_control,margin_power0p25_base0p05,global_power_margin,0.25,,,,0.637123745819398,0.6595410343624629,0.637123745819398,0.6711859410430839,598,35,28,0.6319194072925417,0.6299943954854669,0.5830961471711211,28
V2-Q,V2M-two_stage_user_local_reranker-v1,protocol_a_rollv2_cv3,1,2029,V2H-local-shuffle,False,shuffle_eeg_control,margin_power0p75_base0p05,global_power_margin,0.75,,,,0.6354515050167224,0.6490464198499913,0.6354515050167224,0.6810045351473923,598,35,28,0.6350454437767871,0.6341731086373942,0.5827490454703228,28
V2-Q,V2M-two_stage_user_local_reranker-v1,protocol_a_rollv2_cv3,1,2029,V2H-local-shuffle,False,shuffle_eeg_control,margin_power1p25_base0p05,global_power_margin,1.25,,,,0.6387959866220736,0.656513060352346,0.6387959866220736,0.6915260770975057,598,35,28,0.6401640068057979,0.6395431998556997,0.5827837556404026,28
V2-Q,V2M-two_stage_user_local_reranker-v1,protocol_a_rollv2_cv3,1,2029,V2H-local-shuffle,False,shuffle_eeg_control,ctx_le8_sqrt_else_raw_base0p05,context_threshold_sqrt,,8.0,,,0.6387959866220736,0.6660793868829583,0.6387959866220736,0.6920362811791384,598,35,28,0.6248349163274537,0.6248872655122655,0.5588684484553975,28
V2-Q,V2M-two_stage_user_local_reranker-v1,protocol_a_rollv2_cv3,1,2029,V2H-local-shuffle,False,shuffle_eeg_control,ctx_le12_sqrt_else_raw_base0p05,context_threshold_sqrt,,12.0,,,0.6387959866220736,0.6673003881039595,0.6387959866220736,0.6920362811791384,598,35,28,0.6408864767073723,0.6404401154401154,0.558139534883721,28
V2-Q,V2M-two_stage_user_local_reranker-v1,protocol_a_rollv2_cv3,1,2029,V2H-local-shuffle,False,shuffle_eeg_control,ctx_le16_sqrt_else_raw_base0p05,context_threshold_sqrt,,16.0,,,0.6404682274247492,0.6679381432060003,0.6404682274247492,0.692546485260771,598,35,28,0.6417606771338116,0.6410778705421561,0.5828184658104825,28
V2-Q,V2M-two_stage_user_local_reranker-v1,protocol_a_rollv2_cv3,1,2029,V2H-local-shuffle,False,shuffle_eeg_control,ctx_le20_sqrt_else_raw_base0p05,context_threshold_sqrt,,20.0,,,0.6404682274247492,0.6679381432060003,0.6404682274247492,0.692546485260771,598,35,28,0.6417606771338116,0.6410778705421561,0.5828184658104825,28
V2-Q,V2M-two_stage_user_local_reranker-v1,protocol_a_rollv2_cv3,1,2029,V2H-local-shuffle,False,shuffle_eeg_control,ctx_smooth12_scale4_sqrt_raw_base0p05,context_smooth_sqrt,,,12.0,4.0,0.6387959866220736,0.6677964198499913,0.6387959866220736,0.6960045351473922,598,35,28,0.6315154745751762,0.6317850700886415,0.5649427282193683,28
V2-Q,V2M-two_stage_user_local_reranker-v1,protocol_a_rollv2_cv3,1,2029,V2H-local-shuffle,False,shuffle_eeg_control,ctx_smooth16_scale4_sqrt_raw_base0p05,context_smooth_sqrt,,,16.0,4.0,0.6354515050167224,0.6624392769928484,0.6354515050167224,0.6881473922902495,598,35,28,0.631963235769206,0.6305797129457843,0.5668170774036793,28
V2-Q,V2M-two_stage_user_local_reranker-v1,protocol_a_rollv2_cv3,2,2029,V2H-local-shuffle,False,shuffle_eeg_control,v2n_eeg_base_0p05,reference_raw_margin,1.0,,,,0.648972602739726,0.6610398860398861,0.648972602739726,0.6562477954144621,584,30,26,0.6441246167027418,0.6415389702889703,0.6502163573293281,26
V2-Q,V2M-two_stage_user_local_reranker-v1,protocol_a_rollv2_cv3,2,2029,V2H-local-shuffle,False,shuffle_eeg_control,sqrt_margin_eeg_base0p05,v2p_sqrt_margin,0.5,,,,0.6558219178082192,0.6792149979649982,0.6558219178082192,0.6719995590828926,584,30,26,0.6599766639610389,0.65994301994302,0.6522547652254764,26
V2-Q,V2M-two_stage_user_local_reranker-v1,protocol_a_rollv2_cv3,2,2029,V2H-local-shuffle,False,shuffle_eeg_control,margin_power0p25_base0p05,global_power_margin,0.25,,,,0.6695205479452054,0.6889078514078514,0.6695205479452054,0.6829000320666988,584,30,26,0.6700472357503607,0.6716415066415067,0.655687873261095,26
V2-Q,V2M-two_stage_user_local_reranker-v1,protocol_a_rollv2_cv3,2,2029,V2H-local-shuffle,False,shuffle_eeg_control,margin_power0p75_base0p05,global_power_margin,0.75,,,,0.648972602739726,0.6646113146113147,0.648972602739726,0.6593430335097002,584,30,26,0.649929540945166,0.6479492266992268,0.6507885420019311,26
V2-Q,V2M-two_stage_user_local_reranker-v1,protocol_a_rollv2_cv3,2,2029,V2H-local-shuffle,False,shuffle_eeg_control,margin_power1p25_base0p05,global_power_margin,1.25,,,,0.6506849315068494,0.6624135124135125,0.6506849315068494,0.6574382716049384,584,30,26,0.6452530889249639,0.6426073463573464,0.6498587419089512,26
V2-Q,V2M-two_stage_user_local_reranker-v1,protocol_a_rollv2_cv3,2,2029,V2H-local-shuffle,False,shuffle_eeg_control,ctx_le8_sqrt_else_raw_base0p05,context_threshold_sqrt,,8.0,,,0.6558219178082192,0.6807285307285308,0.6558219178082192,0.6733112874779542,584,30,26,0.6674034992784994,0.6652889702889703,0.6407395486893395,26
V2-Q,V2M-two_stage_user_local_reranker-v1,protocol_a_rollv2_cv3,2,2029,V2H-local-shuffle,False,shuffle_eeg_control,ctx_le12_sqrt_else_raw_base0p05,context_threshold_sqrt,,12.0,,,0.6592465753424658,0.6831145706145706,0.6592465753424658,0.6753791887125221,584,30,26,0.6643653048340549,0.6639570614570616,0.6237885777634732,26
V2-Q,V2M-two_stage_user_local_reranker-v1,protocol_a_rollv2_cv3,2,2029,V2H-local-shuffle,False,shuffle_eeg_control,ctx_le16_sqrt_else_raw_base0p05,context_threshold_sqrt,,16.0,,,0.6558219178082192,0.6792149979649982,0.6558219178082192,0.6719995590828926,584,30,26,0.6599766639610389,0.65994301994302,0.6522547652254764,26
V2-Q,V2M-two_stage_user_local_reranker-v1,protocol_a_rollv2_cv3,2,2029,V2H-local-shuffle,False,shuffle_eeg_control,ctx_le20_sqrt_else_raw_base0p05,context_threshold_sqrt,,20.0,,,0.6558219178082192,0.6792149979649982,0.6558219178082192,0.6719995590828926,584,30,26,0.6599766639610389,0.65994301994302,0.6522547652254764,26
V2-Q,V2M-two_stage_user_local_reranker-v1,protocol_a_rollv2_cv3,2,2029,V2H-local-shuffle,False,shuffle_eeg_control,ctx_smooth12_scale4_sqrt_raw_base0p05,context_smooth_sqrt,,,12.0,4.0,0.648972602739726,0.6646113146113147,0.648972602739726,0.6593430335097002,584,30,26,0.6483473124098125,0.6447975172975173,0.642885241211601,26
V2-Q,V2M-two_stage_user_local_reranker-v1,protocol_a_rollv2_cv3,2,2029,V2H-local-shuffle,False,shuffle_eeg_control,ctx_smooth16_scale4_sqrt_raw_base0p05,context_smooth_sqrt,,,16.0,4.0,0.6523972602739726,0.6756003256003257,0.6523972602739726,0.6688668430335097,584,30,26,0.6541285624098124,0.6515282865282865,0.6436719951364303,26
V2-Q,V2M-two_stage_user_local_reranker-v1,protocol_a_rollv2_cv3,3,2029,V2H-local-shuffle,False,shuffle_eeg_control,v2n_eeg_base_0p05,reference_raw_margin,1.0,,,,0.6359223300970874,0.6596002268488401,0.6359223300970874,0.6766685430971144,618,28,24,0.6375575085365295,0.6488872200330534,0.5529187724309675,24
V2-Q,V2M-two_stage_user_local_reranker-v1,protocol_a_rollv2_cv3,3,2029,V2H-local-shuffle,False,shuffle_eeg_control,sqrt_margin_eeg_base0p05,v2p_sqrt_margin,0.5,,,,0.6343042071197411,0.6602544085995131,0.6343042071197411,0.676589650428936,618,28,24,0.6389644349434559,0.6512422685339352,0.554859737786567,24
V2-Q,V2M-two_stage_user_local_reranker-v1,protocol_a_rollv2_cv3,3,2029,V2H-local-shuffle,False,shuffle_eeg_control,margin_power0p25_base0p05,global_power_margin,0.25,,,,0.6294498381877023,0.656900519047707,0.6294498381877023,0.6735554491804491,618,28,24,0.637186706067825,0.648939690710524,0.560499523914158,24
V2-Q,V2M-two_stage_user_local_reranker-v1,protocol_a_rollv2_cv3,3,2029,V2H-local-shuffle,False,shuffle_eeg_control,margin_power0p75_base0p05,global_power_margin,0.75,,,,0.6310679611650486,0.6528624622985756,0.6310679611650486,0.6701492687206972,618,28,24,0.6326915411705621,0.6437367570700904,0.5533582362850655,24
V2-Q,V2M-two_stage_user_local_reranker-v1,protocol_a_rollv2_cv3,3,2029,V2H-local-shuffle,False,shuffle_eeg_control,margin_power1p25_base0p05,global_power_margin,1.25,,,,0.6375404530744336,0.6604335601821735,0.6375404530744336,0.6773828288114,618,28,24,0.6386064595854806,0.6497205533663867,0.5524060646011866,24
V2-Q,V2M-two_stage_user_local_reranker-v1,protocol_a_rollv2_cv3,3,2029,V2H-local-shuffle,False,shuffle_eeg_control,ctx_le8_sqrt_else_raw_base0p05,context_threshold_sqrt,,8.0,,,0.6343042071197411,0.6569960601821735,0.6343042071197411,0.6736923526209239,618,28,24,0.6299595509385719,0.6406420701212368,0.5529920164066506,24
V2-Q,V2M-two_stage_user_local_reranker-v1,protocol_a_rollv2_cv3,3,2029,V2H-local-shuffle,False,shuffle_eeg_control,ctx_le12_sqrt_else_raw_base0p05,context_threshold_sqrt,,12.0,,,0.6375404530744336,0.6620136678587724,0.6375404530744336,0.6780975869368726,618,28,24,0.6411011870802081,0.6530015277931945,0.5366586098293417,24
V2-Q,V2M-two_stage_user_local_reranker-v1,protocol_a_rollv2_cv3,3,2029,V2H-local-shuffle,False,shuffle_eeg_control,ctx_le16_sqrt_else_raw_base0p05,context_threshold_sqrt,,16.0,,,0.6343042071197411,0.6602544085995131,0.6343042071197411,0.676589650428936,618,28,24,0.6389644349434559,0.6512422685339352,0.554859737786567,24
V2-Q,V2M-two_stage_user_local_reranker-v1,protocol_a_rollv2_cv3,3,2029,V2H-local-shuffle,False,shuffle_eeg_control,ctx_le20_sqrt_else_raw_base0p05,context_threshold_sqrt,,20.0,,,0.6343042071197411,0.6602544085995131,0.6343042071197411,0.676589650428936,618,28,24,0.6389644349434559,0.6512422685339352,0.554859737786567,24
V2-Q,V2M-two_stage_user_local_reranker-v1,protocol_a_rollv2_cv3,3,2029,V2H-local-shuffle,False,shuffle_eeg_control,ctx_smooth12_scale4_sqrt_raw_base0p05,context_smooth_sqrt,,,12.0,4.0,0.6310679611650486,0.6528624622985756,0.6310679611650486,0.6701492687206972,618,28,24,0.6288356748146958,0.6396086706503373,0.5465465465465466,24
V2-Q,V2M-two_stage_user_local_reranker-v1,protocol_a_rollv2_cv3,3,2029,V2H-local-shuffle,False,shuffle_eeg_control,ctx_smooth16_scale4_sqrt_raw_base0p05,context_smooth_sqrt,,,16.0,4.0,0.6326860841423948,0.6554666289652422,0.6326860841423948,0.67238141157784,618,28,24,0.6250283710073921,0.6373131459589793,0.5468395224492786,24
V2-Q,V2M-two_stage_user_local_reranker-v1,protocol_a_rollv2_cv3,1,2030,V2H-local-shuffle,False,shuffle_eeg_control,v2n_eeg_base_0p05,reference_raw_margin,1.0,,,,0.6321070234113713,0.6530107855107855,0.6321070234113713,0.6938677248677249,598,35,28,0.6320475544356141,0.6314061104239675,0.5783061437001041,28
V2-Q,V2M-two_stage_user_local_reranker-v1,protocol_a_rollv2_cv3,1,2030,V2H-local-shuffle,False,shuffle_eeg_control,sqrt_margin_eeg_base0p05,v2p_sqrt_margin,0.5,,,,0.6404682274247492,0.6599835746264319,0.6404682274247492,0.6994459561602419,598,35,28,0.6358523400314444,0.6348450276575275,0.5788962165914613,28
V2-Q,V2M-two_stage_user_local_reranker-v1,protocol_a_rollv2_cv3,1,2030,V2H-local-shuffle,False,shuffle_eeg_control,margin_power0p25_base0p05,global_power_margin,0.25,,,,0.6387959866220736,0.6602193078085935,0.6387959866220736,0.673880574452003,598,35,28,0.631813012857789,0.6301891792070363,0.5804581742450539,28
V2-Q,V2M-two_stage_user_local_reranker-v1,protocol_a_rollv2_cv3,1,2030,V2H-local-shuffle,False,shuffle_eeg_control,margin_power0p75_base0p05,global_power_margin,0.75,,,,0.6337792642140468,0.654987826327112,0.6337792642140468,0.6954493575207861,598,35,28,0.6315832094936572,0.6308562238026523,0.5782714335300243,28
V2-Q,V2M-two_stage_user_local_reranker-v1,protocol_a_rollv2_cv3,1,2030,V2H-local-shuffle,False,shuffle_eeg_control,margin_power1p25_base0p05,global_power_margin,1.25,,,,0.6304347826086957,0.6523494098494098,0.6304347826086957,0.6933386243386243,598,35,28,0.6312183670392626,0.6307447347625919,0.5782367233599445,28
V2-Q,V2M-two_stage_user_local_reranker-v1,protocol_a_rollv2_cv3,1,2030,V2H-local-shuffle,False,shuffle_eeg_control,ctx_le8_sqrt_else_raw_base0p05,context_threshold_sqrt,,8.0,,,0.6321070234113713,0.6530107855107855,0.6321070234113713,0.6938677248677249,598,35,28,0.6134453274751783,0.6136113258434687,0.5634501909059355,28
V2-Q,V2M-two_stage_user_local_reranker-v1,protocol_a_rollv2_cv3,1,2030,V2H-local-shuffle,False,shuffle_eeg_control,ctx_le12_sqrt_else_raw_base0p05,context_threshold_sqrt,,12.0,,,0.637123745819398,0.6589631664631665,0.637123745819398,0.6986296296296295,598,35,28,0.6344237686028731,0.6338246194942622,0.5590072891357167,28
V2-Q,V2M-two_stage_user_local_reranker-v1,protocol_a_rollv2_cv3,1,2030,V2H-local-shuffle,False,shuffle_eeg_control,ctx_le16_sqrt_else_raw_base0p05,context_threshold_sqrt,,16.0,,,0.6404682274247492,0.6599835746264319,0.6404682274247492,0.6994459561602419,598,35,28,0.6358523400314444,0.6348450276575275,0.5788962165914613,28
V2-Q,V2M-two_stage_user_local_reranker-v1,protocol_a_rollv2_cv3,1,2030,V2H-local-shuffle,False,shuffle_eeg_control,ctx_le20_sqrt_else_raw_base0p05,context_threshold_sqrt,,20.0,,,0.6404682274247492,0.6599835746264319,0.6404682274247492,0.6994459561602419,598,35,28,0.6358523400314444,0.6348450276575275,0.5788962165914613,28
V2-Q,V2M-two_stage_user_local_reranker-v1,protocol_a_rollv2_cv3,1,2030,V2H-local-shuffle,False,shuffle_eeg_control,ctx_smooth12_scale4_sqrt_raw_base0p05,context_smooth_sqrt,,,12.0,4.0,0.6321070234113713,0.6543500712250712,0.6321070234113713,0.6949391534391535,598,35,28,0.6127642092567466,0.6098917963650106,0.5702880944116626,28
V2-Q,V2M-two_stage_user_local_reranker-v1,protocol_a_rollv2_cv3,1,2030,V2H-local-shuffle,False,shuffle_eeg_control,ctx_smooth16_scale4_sqrt_raw_base0p05,context_smooth_sqrt,,,16.0,4.0,0.6321070234113713,0.6543500712250712,0.6321070234113713,0.6949391534391535,598,35,28,0.6123875212681182,0.6091009800384801,0.5697674418604651,28
V2-Q,V2M-two_stage_user_local_reranker-v1,protocol_a_rollv2_cv3,2,2030,V2H-local-shuffle,False,shuffle_eeg_control,v2n_eeg_base_0p05,reference_raw_margin,1.0,,,,0.6147260273972602,0.6307245994745995,0.6147260273972602,0.6162708433541767,584,30,26,0.6161040088383838,0.6127597865097865,0.6638057433036513,26
V2-Q,V2M-two_stage_user_local_reranker-v1,protocol_a_rollv2_cv3,2,2030,V2H-local-shuffle,False,shuffle_eeg_control,sqrt_margin_eeg_base0p05,v2p_sqrt_margin,0.5,,,,0.6198630136986302,0.6366642616642616,0.6198630136986302,0.6203074394741062,584,30,26,0.6242660984848485,0.622101602101602,0.6659514358259128,26
V2-Q,V2M-two_stage_user_local_reranker-v1,protocol_a_rollv2_cv3,2,2030,V2H-local-shuffle,False,shuffle_eeg_control,margin_power0p25_base0p05,global_power_margin,0.25,,,,0.6215753424657534,0.6268809893809894,0.6215753424657534,0.6029661696328363,584,30,26,0.6212785218253969,0.6193127243127243,0.6700282516182099,26
V2-Q,V2M-two_stage_user_local_reranker-v1,protocol_a_rollv2_cv3,2,2030,V2H-local-shuffle,False,shuffle_eeg_control,margin_power0p75_base0p05,global_power_margin,0.75,,,,0.6164383561643836,0.6308848558848559,0.6164383561643836,0.6164097322430656,584,30,26,0.6164709595959595,0.6132696932696932,0.6647355433966313,26
V2-Q,V2M-two_stage_user_local_reranker-v1,protocol_a_rollv2_cv3,2,2030,V2H-local-shuffle,False,shuffle_eeg_control,margin_power1p25_base0p05,global_power_margin,1.25,,,,0.613013698630137,0.6299233174233174,0.613013698630137,0.6155763989097323,584,30,26,0.6152669552669553,0.6120729733229733,0.6635196509673497,26
V2-Q,V2M-two_stage_user_local_reranker-v1,protocol_a_rollv2_cv3,2,2030,V2H-local-shuffle,False,shuffle_eeg_control,ctx_le8_sqrt_else_raw_base0p05,context_threshold_sqrt,,8.0,,,0.6147260273972602,0.634296028046028,0.6147260273972602,0.6182549703383038,584,30,26,0.6257741477272727,0.6229948292448293,0.6508958266280442,26
V2-Q,V2M-two_stage_user_local_reranker-v1,protocol_a_rollv2_cv3,2,2030,V2H-local-shuffle,False,shuffle_eeg_control,ctx_le12_sqrt_else_raw_base0p05,context_threshold_sqrt,,12.0,,,0.6181506849315068,0.6357027232027233,0.6181506849315068,0.6194741061407729,584,30,26,0.6231723484848486,0.6211400636400636,0.632764724814934,26
V2-Q,V2M-two_stage_user_local_reranker-v1,protocol_a_rollv2_cv3,2,2030,V2H-local-shuffle,False,shuffle_eeg_control,ctx_le16_sqrt_else_raw_base0p05,context_threshold_sqrt,,16.0,,,0.6198630136986302,0.6366642616642616,0.6198630136986302,0.6203074394741062,584,30,26,0.6242660984848485,0.622101602101602,0.6659514358259128,26
V2-Q,V2M-two_stage_user_local_reranker-v1,protocol_a_rollv2_cv3,2,2030,V2H-local-shuffle,False,shuffle_eeg_control,ctx_le20_sqrt_else_raw_base0p05,context_threshold_sqrt,,20.0,,,0.6198630136986302,0.6366642616642616,0.6198630136986302,0.6203074394741062,584,30,26,0.6242660984848485,0.622101602101602,0.6659514358259128,26
V2-Q,V2M-two_stage_user_local_reranker-v1,protocol_a_rollv2_cv3,2,2030,V2H-local-shuffle,False,shuffle_eeg_control,ctx_smooth12_scale4_sqrt_raw_base0p05,context_smooth_sqrt,,,12.0,4.0,0.6164383561643836,0.6308848558848559,0.6164383561643836,0.6164097322430656,584,30,26,0.6257133838383839,0.6217487142487143,0.6537925115330974,26
V2-Q,V2M-two_stage_user_local_reranker-v1,protocol_a_rollv2_cv3,2,2030,V2H-local-shuffle,False,shuffle_eeg_control,ctx_smooth16_scale4_sqrt_raw_base0p05,context_smooth_sqrt,,,16.0,4.0,0.6164383561643836,0.6344562844562844,0.6164383561643836,0.6183938592271925,584,30,26,0.6271109532828283,0.6237252099752099,0.654185888495512,26
V2-Q,V2M-two_stage_user_local_reranker-v1,protocol_a_rollv2_cv3,3,2030,V2H-local-shuffle,False,shuffle_eeg_control,v2n_eeg_base_0p05,reference_raw_margin,1.0,,,,0.6213592233009708,0.6241379091849938,0.6213592233009708,0.6276754132111274,618,28,24,0.617676719162733,0.6252900764359098,0.549512927561708,24
V2-Q,V2M-two_stage_user_local_reranker-v1,protocol_a_rollv2_cv3,3,2030,V2H-local-shuffle,False,shuffle_eeg_control,sqrt_margin_eeg_base0p05,v2p_sqrt_margin,0.5,,,,0.6294498381877023,0.6342969149169162,0.6294498381877023,0.6372866188044759,618,28,24,0.6274266914127054,0.6351170164711831,0.5533582362850655,24
V2-Q,V2M-two_stage_user_local_reranker-v1,protocol_a_rollv2_cv3,3,2030,V2H-local-shuffle,False,shuffle_eeg_control,margin_power0p25_base0p05,global_power_margin,0.25,,,,0.6359223300970874,0.65400379743904,0.6359223300970874,0.6541232213553643,618,28,24,0.6471187708949947,0.6548727044560377,0.5643448326375156,24
V2-Q,V2M-two_stage_user_local_reranker-v1,protocol_a_rollv2_cv3,3,2030,V2H-local-shuffle,False,shuffle_eeg_control,margin_power0p75_base0p05,global_power_margin,0.75,,,,0.6245954692556634,0.6294330480738827,0.6245954692556634,0.6331175900818756,618,28,24,0.6212120726980866,0.6288394591519592,0.5500256353914891,24
V2-Q,V2M-two_stage_user_local_reranker-v1,protocol_a_rollv2_cv3,3,2030,V2H-local-shuffle,False,shuffle_eeg_control,margin_power1p25_base0p05,global_power_margin,1.25,,,,0.6181229773462783,0.6201564277035123,0.6181229773462783,0.624262714798429,618,28,24,0.6142579157439297,0.6215863727322061,0.548926975756244,24
V2-Q,V2M-two_stage_user_local_reranker-v1,protocol_a_rollv2_cv3,3,2030,V2H-local-shuffle,False,shuffle_eeg_control,ctx_le8_sqrt_else_raw_base0p05,context_threshold_sqrt,,8.0,,,0.6229773462783171,0.6267420758516605,0.6229773462783171,0.6306516036873179,618,28,24,0.6123403888264028,0.619172351568185,0.542042042042042,24
V2-Q,V2M-two_stage_user_local_reranker-v1,protocol_a_rollv2_cv3,3,2030,V2H-local-shuffle,False,shuffle_eeg_control,ctx_le12_sqrt_else_raw_base0p05,context_threshold_sqrt,,12.0,,,0.6310679611650486,0.6352228408428421,0.6310679611650486,0.6380802695981267,618,28,24,0.6285144925005065,0.636042942397109,0.5338020947777045,24
V2-Q,V2M-two_stage_user_local_reranker-v1,protocol_a_rollv2_cv3,3,2030,V2H-local-shuffle,False,shuffle_eeg_control,ctx_le16_sqrt_else_raw_base0p05,context_threshold_sqrt,,16.0,,,0.6294498381877023,0.6342969149169162,0.6294498381877023,0.6372866188044759,618,28,24,0.6274266914127054,0.6351170164711831,0.5533582362850655,24
V2-Q,V2M-two_stage_user_local_reranker-v1,protocol_a_rollv2_cv3,3,2030,V2H-local-shuffle,False,shuffle_eeg_control,ctx_le20_sqrt_else_raw_base0p05,context_threshold_sqrt,,20.0,,,0.6294498381877023,0.6342969149169162,0.6294498381877023,0.6372866188044759,618,28,24,0.6274266914127054,0.6351170164711831,0.5533582362850655,24
V2-Q,V2M-two_stage_user_local_reranker-v1,protocol_a_rollv2_cv3,3,2030,V2H-local-shuffle,False,shuffle_eeg_control,ctx_smooth12_scale4_sqrt_raw_base0p05,context_smooth_sqrt,,,12.0,4.0,0.6245954692556634,0.6294330480738827,0.6245954692556634,0.6331175900818756,618,28,24,0.6115287005147144,0.6200817431025765,0.541089870358163,24
V2-Q,V2M-two_stage_user_local_reranker-v1,protocol_a_rollv2_cv3,3,2030,V2H-local-shuffle,False,shuffle_eeg_control,ctx_smooth16_scale4_sqrt_raw_base0p05,context_smooth_sqrt,,,16.0,4.0,0.6245954692556634,0.6294330480738827,0.6245954692556634,0.6331175900818756,618,28,24,0.6100135489995631,0.6186928542136876,0.5423350179447741,24
V2-Q,V2M-two_stage_user_local_reranker-v1,protocol_a_rollv2_cv3,1,2026,V2H-local-zero,False,zero_eeg_control,v2n_eeg_base_0p05,reference_raw_margin,1.0,,,,0.6471571906354515,0.6259077727827728,0.6471571906354515,0.6335497835497836,598,35,28,0.6087911093881243,0.6052146464646465,0.6155848663658451,28
V2-Q,V2M-two_stage_user_local_reranker-v1,protocol_a_rollv2_cv3,1,2026,V2H-local-zero,False,zero_eeg_control,sqrt_margin_eeg_base0p05,v2p_sqrt_margin,0.5,,,,0.6421404682274248,0.6244763668870812,0.6421404682274248,0.6324046588332303,598,35,28,0.6083859921173354,0.6044068233353947,0.6158972578965637,28
V2-Q,V2M-two_stage_user_local_reranker-v1,protocol_a_rollv2_cv3,1,2026,V2H-local-zero,False,zero_eeg_control,margin_power0p25_base0p05,global_power_margin,0.25,,,,0.6438127090301003,0.6245188838938838,0.6438127090301003,0.6372005772005771,598,35,28,0.6075437746333269,0.6030951736755308,0.6173550850399167,28
V2-Q,V2M-two_stage_user_local_reranker-v1,protocol_a_rollv2_cv3,1,2026,V2H-local-zero,False,zero_eeg_control,margin_power0p75_base0p05,global_power_margin,0.75,,,,0.6454849498327759,0.6283454145061287,0.6454849498327759,0.6354998969284683,598,35,28,0.6102552174193965,0.606660224695939,0.6155501561957654,28
V2-Q,V2M-two_stage_user_local_reranker-v1,protocol_a_rollv2_cv3,1,2026,V2H-local-zero,False,zero_eeg_control,margin_power1p25_base0p05,global_power_margin,1.25,,,,0.6488294314381271,0.6298760267510267,0.6488294314381271,0.6367243867243868,598,35,28,0.6154660679287546,0.613647186147186,0.6155848663658452,28
V2-Q,V2M-two_stage_user_local_reranker-v1,protocol_a_rollv2_cv3,1,2026,V2H-local-zero,False,zero_eeg_control,ctx_le8_sqrt_else_raw_base0p05,context_threshold_sqrt,,8.0,,,0.6454849498327759,0.6229315823065822,0.6454849498327759,0.6311688311688312,598,35,28,0.6074646249273115,0.6027447948876521,0.6143353002429712,28
V2-Q,V2M-two_stage_user_local_reranker-v1,protocol_a_rollv2_cv3,1,2026,V2H-local-zero,False,zero_eeg_control,ctx_le12_sqrt_else_raw_base0p05,context_threshold_sqrt,,12.0,,,0.6471571906354515,0.6268998362748361,0.6471571906354515,0.6343434343434343,598,35,28,0.6112004910512373,0.6068302927231499,0.6026032627559875,28
V2-Q,V2M-two_stage_user_local_reranker-v1,protocol_a_rollv2_cv3,1,2026,V2H-local-zero,False,zero_eeg_control,ctx_le16_sqrt_else_raw_base0p05,context_threshold_sqrt,,16.0,,,0.6421404682274248,0.6244763668870812,0.6421404682274248,0.6324046588332303,598,35,28,0.6083859921173354,0.6044068233353947,0.6158972578965637,28
V2-Q,V2M-two_stage_user_local_reranker-v1,protocol_a_rollv2_cv3,1,2026,V2H-local-zero,False,zero_eeg_control,ctx_le20_sqrt_else_raw_base0p05,context_threshold_sqrt,,20.0,,,0.6421404682274248,0.6244763668870812,0.6421404682274248,0.6324046588332303,598,35,28,0.6083859921173354,0.6044068233353947,0.6158972578965637,28
V2-Q,V2M-two_stage_user_local_reranker-v1,protocol_a_rollv2_cv3,1,2026,V2H-local-zero,False,zero_eeg_control,ctx_smooth12_scale4_sqrt_raw_base0p05,context_smooth_sqrt,,,12.0,4.0,0.6471571906354515,0.6289831696081695,0.6471571906354515,0.636010101010101,598,35,28,0.6048087484654648,0.6004295506081221,0.6137799375216938,28
V2-Q,V2M-two_stage_user_local_reranker-v1,protocol_a_rollv2_cv3,1,2026,V2H-local-zero,False,zero_eeg_control,ctx_smooth16_scale4_sqrt_raw_base0p05,context_smooth_sqrt,,,16.0,4.0,0.6471571906354515,0.6289831696081695,0.6471571906354515,0.636010101010101,598,35,28,0.6085187697874266,0.6047662853019996,0.6138840680319334,28
V2-Q,V2M-two_stage_user_local_reranker-v1,protocol_a_rollv2_cv3,2,2026,V2H-local-zero,False,zero_eeg_control,v2n_eeg_base_0p05,reference_raw_margin,1.0,,,,0.5821917808219178,0.5681457431457432,0.5821917808219178,0.5574723424723425,584,30,26,0.5654407918470419,0.5620636308136308,0.5745091728355327,26
V2-Q,V2M-two_stage_user_local_reranker-v1,protocol_a_rollv2_cv3,2,2026,V2H-local-zero,False,zero_eeg_control,sqrt_margin_eeg_base0p05,v2p_sqrt_margin,0.5,,,,0.5924657534246576,0.5774584212084212,0.5924657534246576,0.5655433301266635,584,30,26,0.5776757530663781,0.5738738113738113,0.5752244036762866,26
V2-Q,V2M-two_stage_user_local_reranker-v1,protocol_a_rollv2_cv3,2,2026,V2H-local-zero,False,zero_eeg_control,margin_power0p25_base0p05,global_power_margin,0.25,,,,0.5958904109589042,0.5891215266215266,0.5958904109589042,0.5716698733365401,584,30,26,0.5870608991702742,0.5850499037999037,0.5788005578800557,26
V2-Q,V2M-two_stage_user_local_reranker-v1,protocol_a_rollv2_cv3,2,2026,V2H-local-zero,False,zero_eeg_control,margin_power0p75_base0p05,global_power_margin,0.75,,,,0.583904109589041,0.5689470251970252,0.583904109589041,0.558166786916787,584,30,26,0.5708824855699857,0.5670482295482295,0.5747237420877588,26
V2-Q,V2M-two_stage_user_local_reranker-v1,protocol_a_rollv2_cv3,2,2026,V2H-local-zero,False,zero_eeg_control,margin_power1p25_base0p05,global_power_margin,1.25,,,,0.5821917808219178,0.5681457431457432,0.5821917808219178,0.5574723424723425,584,30,26,0.5665345418470419,0.5630251692751693,0.5746164574616457,26
V2-Q,V2M-two_stage_user_local_reranker-v1,protocol_a_rollv2_cv3,2,2026,V2H-local-zero,False,zero_eeg_control,ctx_le8_sqrt_else_raw_base0p05,context_threshold_sqrt,,8.0,,,0.583904109589041,0.5713508713508714,0.583904109589041,0.5602501202501203,584,30,26,0.5761925054112556,0.5716797091797091,0.5805528734399028,26
V2-Q,V2M-two_stage_user_local_reranker-v1,protocol_a_rollv2_cv3,2,2026,V2H-local-zero,False,zero_eeg_control,ctx_le12_sqrt_else_raw_base0p05,context_threshold_sqrt,,12.0,,,0.583904109589041,0.5731314981314981,0.583904109589041,0.5617933301266634,584,30,26,0.5771623602092352,0.5733243608243608,0.5763687730214927,26
V2-Q,V2M-two_stage_user_local_reranker-v1,protocol_a_rollv2_cv3,2,2026,V2H-local-zero,False,zero_eeg_control,ctx_le16_sqrt_else_raw_base0p05,context_threshold_sqrt,,16.0,,,0.5924657534246576,0.5774584212084212,0.5924657534246576,0.5655433301266635,584,30,26,0.5776757530663781,0.5738738113738113,0.5752244036762866,26
V2-Q,V2M-two_stage_user_local_reranker-v1,protocol_a_rollv2_cv3,2,2026,V2H-local-zero,False,zero_eeg_control,ctx_le20_sqrt_else_raw_base0p05,context_threshold_sqrt,,20.0,,,0.5924657534246576,0.5774584212084212,0.5924657534246576,0.5655433301266635,584,30,26,0.5776757530663781,0.5738738113738113,0.5752244036762866,26
V2-Q,V2M-two_stage_user_local_reranker-v1,protocol_a_rollv2_cv3,2,2026,V2H-local-zero,False,zero_eeg_control,ctx_smooth12_scale4_sqrt_raw_base0p05,context_smooth_sqrt,,,12.0,4.0,0.5821917808219178,0.5681457431457432,0.5821917808219178,0.5574723424723425,584,30,26,0.5770518804112554,0.5721993284493284,0.5770124807781711,26
V2-Q,V2M-two_stage_user_local_reranker-v1,protocol_a_rollv2_cv3,2,2026,V2H-local-zero,False,zero_eeg_control,ctx_smooth16_scale4_sqrt_raw_base0p05,context_smooth_sqrt,,,16.0,4.0,0.5873287671232876,0.5723124098124098,0.5873287671232876,0.5610834535834536,584,30,26,0.5805885867604618,0.5762515262515262,0.577155526946322,26
V2-Q,V2M-two_stage_user_local_reranker-v1,protocol_a_rollv2_cv3,3,2026,V2H-local-zero,False,zero_eeg_control,v2n_eeg_base_0p05,reference_raw_margin,1.0,,,,0.5711974110032363,0.6000163149901927,0.5711974110032363,0.5833221540364397,618,28,24,0.576482724734473,0.5961917634834302,0.6128689665275032,24
V2-Q,V2M-two_stage_user_local_reranker-v1,protocol_a_rollv2_cv3,3,2026,V2H-local-zero,False,zero_eeg_control,sqrt_margin_eeg_base0p05,v2p_sqrt_margin,0.5,,,,0.5776699029126213,0.607759746327374,0.5776699029126213,0.5905439897404182,618,28,24,0.5824865693746814,0.6025041432333099,0.6162015674210797,24
V2-Q,V2M-two_stage_user_local_reranker-v1,protocol_a_rollv2_cv3,3,2026,V2H-local-zero,False,zero_eeg_control,margin_power0p25_base0p05,global_power_margin,0.25,,,,0.5825242718446602,0.6141130938813796,0.5825242718446602,0.5960941439512867,618,28,24,0.5926249546878917,0.6115779783488117,0.6236724529407457,24
V2-Q,V2M-two_stage_user_local_reranker-v1,protocol_a_rollv2_cv3,3,2026,V2H-local-zero,False,zero_eeg_control,margin_power0p75_base0p05,global_power_margin,0.75,,,,0.5728155339805825,0.6048038480589758,0.5728155339805825,0.5880103626532198,618,28,24,0.5781921264438746,0.598603028915529,0.6139310041749066,24
V2-Q,V2M-two_stage_user_local_reranker-v1,protocol_a_rollv2_cv3,3,2026,V2H-local-zero,False,zero_eeg_control,margin_power1p25_base0p05,global_power_margin,1.25,,,,0.5711974110032363,0.6000163149901927,0.5711974110032363,0.5833221540364397,618,28,24,0.5777842010359493,0.5975034918784919,0.6126858565882956,24
V2-Q,V2M-two_stage_user_local_reranker-v1,protocol_a_rollv2_cv3,3,2026,V2H-local-zero,False,zero_eeg_control,ctx_le8_sqrt_else_raw_base0p05,context_threshold_sqrt,,8.0,,,0.5728155339805825,0.6026204816568593,0.5728155339805825,0.5862983445126302,618,28,24,0.5733122840640323,0.592581754665088,0.6112575990624772,24
V2-Q,V2M-two_stage_user_local_reranker-v1,protocol_a_rollv2_cv3,3,2026,V2H-local-zero,False,zero_eeg_control,ctx_le12_sqrt_else_raw_base0p05,context_threshold_sqrt,,12.0,,,0.5760517799352751,0.6068127766304043,0.5760517799352751,0.5897323014287299,618,28,24,0.5812945795463278,0.6015571735363402,0.6075221563026441,24
V2-Q,V2M-two_stage_user_local_reranker-v1,protocol_a_rollv2_cv3,3,2026,V2H-local-zero,False,zero_eeg_control,ctx_le16_sqrt_else_raw_base0p05,context_threshold_sqrt,,16.0,,,0.5776699029126213,0.607759746327374,0.5776699029126213,0.5905439897404182,618,28,24,0.5824865693746814,0.6025041432333099,0.6162015674210797,24
V2-Q,V2M-two_stage_user_local_reranker-v1,protocol_a_rollv2_cv3,3,2026,V2H-local-zero,False,zero_eeg_control,ctx_le20_sqrt_else_raw_base0p05,context_threshold_sqrt,,20.0,,,0.5776699029126213,0.607759746327374,0.5776699029126213,0.5905439897404182,618,28,24,0.5824865693746814,0.6025041432333099,0.6162015674210797,24
V2-Q,V2M-two_stage_user_local_reranker-v1,protocol_a_rollv2_cv3,3,2026,V2H-local-zero,False,zero_eeg_control,ctx_smooth12_scale4_sqrt_raw_base0p05,context_smooth_sqrt,,,12.0,4.0,0.5728155339805825,0.6048038480589758,0.5728155339805825,0.5880103626532198,618,28,24,0.5801831909349392,0.5999533375575042,0.6115139529773677,24
V2-Q,V2M-two_stage_user_local_reranker-v1,protocol_a_rollv2_cv3,3,2026,V2H-local-zero,False,zero_eeg_control,ctx_smooth16_scale4_sqrt_raw_base0p05,context_smooth_sqrt,,,16.0,4.0,0.5728155339805825,0.6048038480589758,0.5728155339805825,0.5880103626532198,618,28,24,0.5798044030561513,0.599606115335282,0.6121365267706731,24
V2-Q,V2M-two_stage_user_local_reranker-v1,protocol_a_rollv2_cv3,1,2027,V2H-local-zero,False,zero_eeg_control,v2n_eeg_base_0p05,reference_raw_margin,1.0,,,,0.6471571906354515,0.6232215899180186,0.6471571906354515,0.6268526077097505,598,35,28,0.6033431328207446,0.5987087713873428,0.6107948628948281,28
V2-Q,V2M-two_stage_user_local_reranker-v1,protocol_a_rollv2_cv3,1,2027,V2H-local-zero,False,zero_eeg_control,sqrt_margin_eeg_base0p05,v2p_sqrt_margin,0.5,,,,0.6488294314381271,0.6247427539391825,0.6488294314381271,0.6280695389266817,598,35,28,0.605921905623398,0.6003539433450148,0.6116973273169038,28
V2-Q,V2M-two_stage_user_local_reranker-v1,protocol_a_rollv2_cv3,1,2027,V2H-local-zero,False,zero_eeg_control,margin_power0p25_base0p05,global_power_margin,0.25,,,,0.6488294314381271,0.6224859168609169,0.6488294314381271,0.6262640692640692,598,35,28,0.6060487605263724,0.6002909838177696,0.6125303713988198,28
V2-Q,V2M-two_stage_user_local_reranker-v1,protocol_a_rollv2_cv3,1,2027,V2H-local-zero,False,zero_eeg_control,margin_power0p75_base0p05,global_power_margin,0.75,,,,0.6471571906354515,0.6232215899180186,0.6471571906354515,0.6268526077097505,598,35,28,0.6032602140811095,0.5977167078952794,0.6113502256161054,28
V2-Q,V2M-two_stage_user_local_reranker-v1,protocol_a_rollv2_cv3,1,2027,V2H-local-zero,False,zero_eeg_control,margin_power1p25_base0p05,global_power_margin,1.25,,,,0.6488294314381271,0.6244120661084948,0.6488294314381271,0.6278049886621315,598,35,28,0.6046366651590531,0.5998992475778191,0.610829573064908,28
V2-Q,V2M-two_stage_user_local_reranker-v1,protocol_a_rollv2_cv3,1,2027,V2H-local-zero,False,zero_eeg_control,ctx_le8_sqrt_else_raw_base0p05,context_threshold_sqrt,,8.0,,,0.6471571906354515,0.6232215899180186,0.6471571906354515,0.6268526077097505,598,35,28,0.5987366199306496,0.5942512497423211,0.6070114543561264,28
V2-Q,V2M-two_stage_user_local_reranker-v1,protocol_a_rollv2_cv3,1,2027,V2H-local-zero,False,zero_eeg_control,ctx_le12_sqrt_else_raw_base0p05,context_threshold_sqrt,,12.0,,,0.6471571906354515,0.6232215899180186,0.6471571906354515,0.6268526077097505,598,35,28,0.6043796170661841,0.5988327793238508,0.5970843457132939,28
V2-Q,V2M-two_stage_user_local_reranker-v1,protocol_a_rollv2_cv3,1,2027,V2H-local-zero,False,zero_eeg_control,ctx_le16_sqrt_else_raw_base0p05,context_threshold_sqrt,,16.0,,,0.6488294314381271,0.6247427539391825,0.6488294314381271,0.6280695389266817,598,35,28,0.605921905623398,0.6003539433450148,0.6116973273169038,28
V2-Q,V2M-two_stage_user_local_reranker-v1,protocol_a_rollv2_cv3,1,2027,V2H-local-zero,False,zero_eeg_control,ctx_le20_sqrt_else_raw_base0p05,context_threshold_sqrt,,20.0,,,0.6488294314381271,0.6247427539391825,0.6488294314381271,0.6280695389266817,598,35,28,0.605921905623398,0.6003539433450148,0.6116973273169038,28
V2-Q,V2M-two_stage_user_local_reranker-v1,protocol_a_rollv2_cv3,1,2027,V2H-local-zero,False,zero_eeg_control,ctx_smooth12_scale4_sqrt_raw_base0p05,context_smooth_sqrt,,,12.0,4.0,0.6471571906354515,0.6232215899180186,0.6471571906354515,0.6268526077097505,598,35,28,0.6007161163877581,0.5944264713461143,0.6091634849010761,28
V2-Q,V2M-two_stage_user_local_reranker-v1,protocol_a_rollv2_cv3,1,2027,V2H-local-zero,False,zero_eeg_control,ctx_smooth16_scale4_sqrt_raw_base0p05,context_smooth_sqrt,,,16.0,4.0,0.6471571906354515,0.6232215899180186,0.6471571906354515,0.6268526077097505,598,35,28,0.6004447459671339,0.5950449005359719,0.6089899340506769,28
V2-Q,V2M-two_stage_user_local_reranker-v1,protocol_a_rollv2_cv3,2,2027,V2H-local-zero,False,zero_eeg_control,v2n_eeg_base_0p05,reference_raw_margin,1.0,,,,0.5565068493150684,0.547177590927591,0.5565068493150684,0.5403713724547058,584,30,26,0.5439939574314574,0.5405550468050468,0.5752959267603619,26
V2-Q,V2M-two_stage_user_local_reranker-v1,protocol_a_rollv2_cv3,2,2027,V2H-local-zero,False,zero_eeg_control,sqrt_margin_eeg_base0p05,v2p_sqrt_margin,0.5,,,,0.5547945205479452,0.5495738058238059,0.5547945205479452,0.5419189915023248,584,30,26,0.5463377074314574,0.5434396621896622,0.5764045345635304,26
V2-Q,V2M-two_stage_user_local_reranker-v1,protocol_a_rollv2_cv3,2,2027,V2H-local-zero,False,zero_eeg_control,margin_power0p25_base0p05,global_power_margin,0.25,,,,0.565068493150685,0.5649278961778962,0.565068493150685,0.5626332772166105,584,30,26,0.5560426812770562,0.5544369981869981,0.5803740657297143,26
V2-Q,V2M-two_stage_user_local_reranker-v1,protocol_a_rollv2_cv3,2,2027,V2H-local-zero,False,zero_eeg_control,margin_power0p75_base0p05,global_power_margin,0.75,,,,0.559931506849315,0.5534733784733785,0.559931506849315,0.545827721661055,584,30,26,0.5493969832251082,0.5461563899063899,0.5755104960125881,26
V2-Q,V2M-two_stage_user_local_reranker-v1,protocol_a_rollv2_cv3,2,2027,V2H-local-zero,False,zero_eeg_control,margin_power1p25_base0p05,global_power_margin,1.25,,,,0.5565068493150684,0.547177590927591,0.5565068493150684,0.5403713724547058,584,30,26,0.5450877074314573,0.5415165852665853,0.5752959267603619,26
V2-Q,V2M-two_stage_user_local_reranker-v1,protocol_a_rollv2_cv3,2,2027,V2H-local-zero,False,zero_eeg_control,ctx_le8_sqrt_else_raw_base0p05,context_threshold_sqrt,,8.0,,,0.5582191780821918,0.5526720964220965,0.5582191780821918,0.5451332772166106,584,30,26,0.5623794868326117,0.5585051522551523,0.5832707506347673,26
V2-Q,V2M-two_stage_user_local_reranker-v1,protocol_a_rollv2_cv3,2,2027,V2H-local-zero,False,zero_eeg_control,ctx_le12_sqrt_else_raw_base0p05,context_threshold_sqrt,,12.0,,,0.5565068493150684,0.5505353442853443,0.5565068493150684,0.5427523248356583,584,30,26,0.5499426181457431,0.5464616402116402,0.5807674426921289,26
V2-Q,V2M-two_stage_user_local_reranker-v1,protocol_a_rollv2_cv3,2,2027,V2H-local-zero,False,zero_eeg_control,ctx_le16_sqrt_else_raw_base0p05,context_threshold_sqrt,,16.0,,,0.5547945205479452,0.5495738058238059,0.5547945205479452,0.5419189915023248,584,30,26,0.5463377074314574,0.5434396621896622,0.5764045345635304,26
V2-Q,V2M-two_stage_user_local_reranker-v1,protocol_a_rollv2_cv3,2,2027,V2H-local-zero,False,zero_eeg_control,ctx_le20_sqrt_else_raw_base0p05,context_threshold_sqrt,,20.0,,,0.5547945205479452,0.5495738058238059,0.5547945205479452,0.5419189915023248,584,30,26,0.5463377074314574,0.5434396621896622,0.5764045345635304,26
V2-Q,V2M-two_stage_user_local_reranker-v1,protocol_a_rollv2_cv3,2,2027,V2H-local-zero,False,zero_eeg_control,ctx_smooth12_scale4_sqrt_raw_base0p05,context_smooth_sqrt,,,12.0,4.0,0.5582191780821918,0.5526720964220965,0.5582191780821918,0.5451332772166106,584,30,26,0.5556086534992783,0.5520948958448959,0.5804098272717519,26
V2-Q,V2M-two_stage_user_local_reranker-v1,protocol_a_rollv2_cv3,2,2027,V2H-local-zero,False,zero_eeg_control,ctx_smooth16_scale4_sqrt_raw_base0p05,context_smooth_sqrt,,,16.0,4.0,0.559931506849315,0.5534733784733785,0.559931506849315,0.545827721661055,584,30,26,0.5564457070707071,0.5527817090317091,0.5803383041876766,26
V2-Q,V2M-two_stage_user_local_reranker-v1,protocol_a_rollv2_cv3,3,2027,V2H-local-zero,False,zero_eeg_control,v2n_eeg_base_0p05,reference_raw_margin,1.0,,,,0.56957928802589,0.5974859899350353,0.56957928802589,0.5832385240420955,618,28,24,0.5744312311620003,0.592483084045584,0.587819526843917,24
V2-Q,V2M-two_stage_user_local_reranker-v1,protocol_a_rollv2_cv3,3,2027,V2H-local-zero,False,zero_eeg_control,sqrt_margin_eeg_base0p05,v2p_sqrt_margin,0.5,,,,0.5663430420711975,0.5934522173350864,0.5663430420711975,0.5739949402449402,618,28,24,0.5745021198692527,0.5926171128254462,0.5904563099685051,24
V2-Q,V2M-two_stage_user_local_reranker-v1,protocol_a_rollv2_cv3,3,2027,V2H-local-zero,False,zero_eeg_control,margin_power0p25_base0p05,global_power_margin,0.25,,,,0.5776699029126213,0.605492807815918,0.5776699029126213,0.585323360501932,618,28,24,0.5843214671886001,0.6018377918377918,0.5970482677799751,24
V2-Q,V2M-two_stage_user_local_reranker-v1,protocol_a_rollv2_cv3,3,2027,V2H-local-zero,False,zero_eeg_control,margin_power0p75_base0p05,global_power_margin,0.75,,,,0.5679611650485437,0.5946958113636067,0.5679611650485437,0.5802623335659051,618,28,24,0.5725137042444735,0.5903777048568716,0.588771698527796,24
V2-Q,V2M-two_stage_user_local_reranker-v1,protocol_a_rollv2_cv3,3,2027,V2H-local-zero,False,zero_eeg_control,margin_power1p25_base0p05,global_power_margin,1.25,,,,0.5663430420711975,0.5920878792737668,0.5663430420711975,0.5785071443107158,618,28,24,0.5704285031208108,0.5888315272690273,0.5874166849776606,24
V2-Q,V2M-two_stage_user_local_reranker-v1,protocol_a_rollv2_cv3,3,2027,V2H-local-zero,False,zero_eeg_control,ctx_le8_sqrt_else_raw_base0p05,context_threshold_sqrt,,8.0,,,0.5663430420711975,0.5924308428762118,0.5663430420711975,0.5731194764230478,618,28,24,0.5722570164877856,0.5890825108533441,0.5872701970262946,24
V2-Q,V2M-two_stage_user_local_reranker-v1,protocol_a_rollv2_cv3,3,2027,V2H-local-zero,False,zero_eeg_control,ctx_le12_sqrt_else_raw_base0p05,context_threshold_sqrt,,12.0,,,0.5663430420711975,0.5935469143047832,0.5663430420711975,0.5740761090761091,618,28,24,0.5745339062646755,0.592711809795143,0.5829488024609976,24
V2-Q,V2M-two_stage_user_local_reranker-v1,protocol_a_rollv2_cv3,3,2027,V2H-local-zero,False,zero_eeg_control,ctx_le16_sqrt_else_raw_base0p05,context_threshold_sqrt,,16.0,,,0.5663430420711975,0.5934522173350864,0.5663430420711975,0.5739949402449402,618,28,24,0.5745021198692527,0.5926171128254462,0.5904563099685051,24
V2-Q,V2M-two_stage_user_local_reranker-v1,protocol_a_rollv2_cv3,3,2027,V2H-local-zero,False,zero_eeg_control,ctx_le20_sqrt_else_raw_base0p05,context_threshold_sqrt,,20.0,,,0.5663430420711975,0.5934522173350864,0.5663430420711975,0.5739949402449402,618,28,24,0.5745021198692527,0.5926171128254462,0.5904563099685051,24
V2-Q,V2M-two_stage_user_local_reranker-v1,protocol_a_rollv2_cv3,3,2027,V2H-local-zero,False,zero_eeg_control,ctx_smooth12_scale4_sqrt_raw_base0p05,context_smooth_sqrt,,,12.0,4.0,0.5679611650485437,0.5946958113636067,0.5679611650485437,0.5802623335659051,618,28,24,0.5743646310954004,0.5908957824582824,0.5861349154032081,24
V2-Q,V2M-two_stage_user_local_reranker-v1,protocol_a_rollv2_cv3,3,2027,V2H-local-zero,False,zero_eeg_control,ctx_smooth16_scale4_sqrt_raw_base0p05,context_smooth_sqrt,,,16.0,4.0,0.5663430420711975,0.5922448309714499,0.5663430420711975,0.5731194764230478,618,28,24,0.5749321191628884,0.5918823344865012,0.5867941111843551,24
V2-Q,V2M-two_stage_user_local_reranker-v1,protocol_a_rollv2_cv3,1,2028,V2H-local-zero,False,zero_eeg_control,v2n_eeg_base_0p05,reference_raw_margin,1.0,,,,0.6538461538461539,0.67024025577597,0.6538461538461539,0.6684205318491032,598,35,28,0.6342293941547674,0.6364037054215627,0.6382158972578965,28
V2-Q,V2M-two_stage_user_local_reranker-v1,protocol_a_rollv2_cv3,1,2028,V2H-local-zero,False,zero_eeg_control,sqrt_margin_eeg_base0p05,v2p_sqrt_margin,0.5,,,,0.6555183946488294,0.6665670771027913,0.6555183946488294,0.6645051879337592,598,35,28,0.6328883719928496,0.6343955284133856,0.638320027768136,28
V2-Q,V2M-two_stage_user_local_reranker-v1,protocol_a_rollv2_cv3,1,2028,V2H-local-zero,False,zero_eeg_control,margin_power0p25_base0p05,global_power_margin,0.25,,,,0.6538461538461539,0.6617182486825344,0.6538461538461539,0.6606261251975537,598,35,28,0.6288502293726175,0.628894772555487,0.6384241582783755,28
V2-Q,V2M-two_stage_user_local_reranker-v1,protocol_a_rollv2_cv3,1,2028,V2H-local-zero,False,zero_eeg_control,margin_power0p75_base0p05,global_power_margin,0.75,,,,0.6538461538461539,0.6704953578167864,0.6538461538461539,0.6686246134817563,598,35,28,0.6344745967134027,0.636658807462379,0.6381811870878167,28
V2-Q,V2M-two_stage_user_local_reranker-v1,protocol_a_rollv2_cv3,1,2028,V2H-local-zero,False,zero_eeg_control,margin_power1p25_base0p05,global_power_margin,1.25,,,,0.6538461538461539,0.6702166352166353,0.6538461538461539,0.6684016354016353,598,35,28,0.6341997803191833,0.6363800848622277,0.6383894481082957,28
V2-Q,V2M-two_stage_user_local_reranker-v1,protocol_a_rollv2_cv3,1,2028,V2H-local-zero,False,zero_eeg_control,ctx_le8_sqrt_else_raw_base0p05,context_threshold_sqrt,,8.0,,,0.6538461538461539,0.67024025577597,0.6538461538461539,0.6684205318491032,598,35,28,0.6326305700932567,0.6345165300968872,0.6354390836515099,28
V2-Q,V2M-two_stage_user_local_reranker-v1,protocol_a_rollv2_cv3,1,2028,V2H-local-zero,False,zero_eeg_control,ctx_le12_sqrt_else_raw_base0p05,context_threshold_sqrt,,12.0,,,0.6521739130434783,0.6650128442985584,0.6521739130434783,0.6632618016903731,598,35,28,0.6310144084770951,0.6328412956091529,0.6179798681013537,28
V2-Q,V2M-two_stage_user_local_reranker-v1,protocol_a_rollv2_cv3,1,2028,V2H-local-zero,False,zero_eeg_control,ctx_le16_sqrt_else_raw_base0p05,context_threshold_sqrt,,16.0,,,0.6555183946488294,0.6665670771027913,0.6555183946488294,0.6645051879337592,598,35,28,0.6328883719928496,0.6343955284133856,0.638320027768136,28
V2-Q,V2M-two_stage_user_local_reranker-v1,protocol_a_rollv2_cv3,1,2028,V2H-local-zero,False,zero_eeg_control,ctx_le20_sqrt_else_raw_base0p05,context_threshold_sqrt,,20.0,,,0.6555183946488294,0.6665670771027913,0.6555183946488294,0.6645051879337592,598,35,28,0.6328883719928496,0.6343955284133856,0.638320027768136,28
V2-Q,V2M-two_stage_user_local_reranker-v1,protocol_a_rollv2_cv3,1,2028,V2H-local-zero,False,zero_eeg_control,ctx_smooth12_scale4_sqrt_raw_base0p05,context_smooth_sqrt,,,12.0,4.0,0.6521739130434783,0.6696025006739291,0.6521739130434783,0.6679103277674706,598,35,28,0.629018759018759,0.630617527313956,0.6330440819160015,28
V2-Q,V2M-two_stage_user_local_reranker-v1,protocol_a_rollv2_cv3,1,2028,V2H-local-zero,False,zero_eeg_control,ctx_smooth16_scale4_sqrt_raw_base0p05,context_smooth_sqrt,,,16.0,4.0,0.6521739130434783,0.6677481050695336,0.6521739130434783,0.665450010307153,598,35,28,0.6314171566410373,0.6337908420944137,0.6334953141270392,28
V2-Q,V2M-two_stage_user_local_reranker-v1,protocol_a_rollv2_cv3,2,2028,V2H-local-zero,False,zero_eeg_control,v2n_eeg_base_0p05,reference_raw_margin,1.0,,,,0.559931506849315,0.5530841843341844,0.559931506849315,0.5484401555234888,584,30,26,0.5565141369047619,0.5496008621008621,0.5943210671244143,26
V2-Q,V2M-two_stage_user_local_reranker-v1,protocol_a_rollv2_cv3,2,2028,V2H-local-zero,False,zero_eeg_control,sqrt_margin_eeg_base0p05,v2p_sqrt_margin,0.5,,,,0.5633561643835616,0.5609418359418359,0.5633561643835616,0.5626575276575276,584,30,26,0.5605381944444444,0.5550165112665113,0.5953223903014698,26
V2-Q,V2M-two_stage_user_local_reranker-v1,protocol_a_rollv2_cv3,2,2028,V2H-local-zero,False,zero_eeg_control,margin_power0p25_base0p05,global_power_margin,0.25,,,,0.5684931506849316,0.5645539645539646,0.5684931506849316,0.5657880391213724,584,30,26,0.565973575036075,0.5611018611018611,0.5982190752065228,26
V2-Q,V2M-two_stage_user_local_reranker-v1,protocol_a_rollv2_cv3,2,2028,V2H-local-zero,False,zero_eeg_control,margin_power0p75_base0p05,global_power_margin,0.75,,,,0.5582191780821918,0.551751258001258,0.5582191780821918,0.5472849527016194,584,30,26,0.5548995535714286,0.5479626854626856,0.5949290133390552,26
V2-Q,V2M-two_stage_user_local_reranker-v1,protocol_a_rollv2_cv3,2,2028,V2H-local-zero,False,zero_eeg_control,margin_power1p25_base0p05,global_power_margin,1.25,,,,0.5616438356164384,0.5535649535649536,0.5616438356164384,0.5477457110790444,584,30,26,0.5578720238095237,0.5510889573389574,0.5943210671244145,26
V2-Q,V2M-two_stage_user_local_reranker-v1,protocol_a_rollv2_cv3,2,2028,V2H-local-zero,False,zero_eeg_control,ctx_le8_sqrt_else_raw_base0p05,context_threshold_sqrt,,8.0,,,0.5616438356164384,0.5573576886076886,0.5616438356164384,0.5595512666345999,584,30,26,0.5636842757936508,0.556972656972657,0.6002932446447091,26
V2-Q,V2M-two_stage_user_local_reranker-v1,protocol_a_rollv2_cv3,2,2028,V2H-local-zero,False,zero_eeg_control,ctx_le12_sqrt_else_raw_base0p05,context_threshold_sqrt,,12.0,,,0.5633561643835616,0.5612623487623487,0.5633561643835616,0.5629353054353053,584,30,26,0.5607986111111111,0.5553370240870241,0.595072059507206,26
V2-Q,V2M-two_stage_user_local_reranker-v1,protocol_a_rollv2_cv3,2,2028,V2H-local-zero,False,zero_eeg_control,ctx_le16_sqrt_else_raw_base0p05,context_threshold_sqrt,,16.0,,,0.5633561643835616,0.5609418359418359,0.5633561643835616,0.5626575276575276,584,30,26,0.5605381944444444,0.5550165112665113,0.5953223903014698,26
V2-Q,V2M-two_stage_user_local_reranker-v1,protocol_a_rollv2_cv3,2,2028,V2H-local-zero,False,zero_eeg_control,ctx_le20_sqrt_else_raw_base0p05,context_threshold_sqrt,,20.0,,,0.5633561643835616,0.5609418359418359,0.5633561643835616,0.5626575276575276,584,30,26,0.5605381944444444,0.5550165112665113,0.5953223903014698,26
V2-Q,V2M-two_stage_user_local_reranker-v1,protocol_a_rollv2_cv3,2,2028,V2H-local-zero,False,zero_eeg_control,ctx_smooth12_scale4_sqrt_raw_base0p05,context_smooth_sqrt,,,12.0,4.0,0.5582191780821918,0.5512018074518075,0.5582191780821918,0.5468087622254288,584,30,26,0.5576388888888888,0.5507786195286196,0.5973607981976182,26
V2-Q,V2M-two_stage_user_local_reranker-v1,protocol_a_rollv2_cv3,2,2028,V2H-local-zero,False,zero_eeg_control,ctx_smooth16_scale4_sqrt_raw_base0p05,context_smooth_sqrt,,,16.0,4.0,0.5565068493150684,0.5527687590187591,0.5565068493150684,0.5555741943241943,584,30,26,0.5562760416666667,0.5500485625485626,0.5966098058148268,26
V2-Q,V2M-two_stage_user_local_reranker-v1,protocol_a_rollv2_cv3,3,2028,V2H-local-zero,False,zero_eeg_control,v2n_eeg_base_0p05,reference_raw_margin,1.0,,,,0.580906148867314,0.6090381427699216,0.580906148867314,0.5850921829493257,618,28,24,0.5795438923935426,0.6016992575325909,0.6136746502600161,24
V2-Q,V2M-two_stage_user_local_reranker-v1,protocol_a_rollv2_cv3,3,2028,V2H-local-zero,False,zero_eeg_control,sqrt_margin_eeg_base0p05,v2p_sqrt_margin,0.5,,,,0.587378640776699,0.6181243496713698,0.587378640776699,0.5928253492539207,618,28,24,0.5927847308092064,0.6141709101084101,0.6175565809712151,24
V2-Q,V2M-two_stage_user_local_reranker-v1,protocol_a_rollv2_cv3,3,2028,V2H-local-zero,False,zero_eeg_control,margin_power0p25_base0p05,global_power_margin,0.25,,,,0.5954692556634305,0.6341948456707551,0.5954692556634305,0.6068370518370518,618,28,24,0.6029862619897586,0.623452750952751,0.6233428550501721,24
V2-Q,V2M-two_stage_user_local_reranker-v1,protocol_a_rollv2_cv3,3,2028,V2H-local-zero,False,zero_eeg_control,margin_power0p75_base0p05,global_power_margin,0.75,,,,0.5792880258899676,0.6072598689603979,0.5792880258899676,0.5834085094799379,618,28,24,0.5798005801502305,0.6020685256101923,0.6151395297736761,24
V2-Q,V2M-two_stage_user_local_reranker-v1,protocol_a_rollv2_cv3,3,2028,V2H-local-zero,False,zero_eeg_control,margin_power1p25_base0p05,global_power_margin,1.25,,,,0.5825242718446602,0.6096475814550182,0.5825242718446602,0.5857189867011295,618,28,24,0.5798517915650783,0.6016038089996423,0.6130886984545522,24
V2-Q,V2M-two_stage_user_local_reranker-v1,protocol_a_rollv2_cv3,3,2028,V2H-local-zero,False,zero_eeg_control,ctx_le8_sqrt_else_raw_base0p05,context_threshold_sqrt,,8.0,,,0.580906148867314,0.6090381427699216,0.580906148867314,0.5850921829493257,618,28,24,0.5813226691723196,0.6020409682909682,0.6134915403208087,24
V2-Q,V2M-two_stage_user_local_reranker-v1,protocol_a_rollv2_cv3,3,2028,V2H-local-zero,False,zero_eeg_control,ctx_le12_sqrt_else_raw_base0p05,context_threshold_sqrt,,12.0,,,0.5841423948220065,0.613972251769272,0.5841423948220065,0.5892664081949796,618,28,24,0.587827275676926,0.6100188122063122,0.6096828535852926,24
V2-Q,V2M-two_stage_user_local_reranker-v1,protocol_a_rollv2_cv3,3,2028,V2H-local-zero,False,zero_eeg_control,ctx_le16_sqrt_else_raw_base0p05,context_threshold_sqrt,,16.0,,,0.587378640776699,0.6181243496713698,0.587378640776699,0.5928253492539207,618,28,24,0.5927847308092064,0.6141709101084101,0.6175565809712151,24
V2-Q,V2M-two_stage_user_local_reranker-v1,protocol_a_rollv2_cv3,3,2028,V2H-local-zero,False,zero_eeg_control,ctx_le20_sqrt_else_raw_base0p05,context_threshold_sqrt,,20.0,,,0.587378640776699,0.6181243496713698,0.587378640776699,0.5928253492539207,618,28,24,0.5927847308092064,0.6141709101084101,0.6175565809712151,24
V2-Q,V2M-two_stage_user_local_reranker-v1,protocol_a_rollv2_cv3,3,2028,V2H-local-zero,False,zero_eeg_control,ctx_smooth12_scale4_sqrt_raw_base0p05,context_smooth_sqrt,,,12.0,4.0,0.5792880258899676,0.6072598689603979,0.5792880258899676,0.5834085094799379,618,28,24,0.5788321041817545,0.5994340458923793,0.610305427378598,24
V2-Q,V2M-two_stage_user_local_reranker-v1,protocol_a_rollv2_cv3,3,2028,V2H-local-zero,False,zero_eeg_control,ctx_smooth16_scale4_sqrt_raw_base0p05,context_smooth_sqrt,,,16.0,4.0,0.5792880258899676,0.6072598689603979,0.5792880258899676,0.5834085094799379,618,28,24,0.5852257105753609,0.6059816649399984,0.6114773309895261,24
V2-Q,V2M-two_stage_user_local_reranker-v1,protocol_a_rollv2_cv3,1,2029,V2H-local-zero,False,zero_eeg_control,v2n_eeg_base_0p05,reference_raw_margin,1.0,,,,0.6555183946488294,0.6480630216344502,0.6555183946488294,0.6507092695664124,598,35,28,0.6284472658353256,0.6309356747749606,0.629573064908018,28
V2-Q,V2M-two_stage_user_local_reranker-v1,protocol_a_rollv2_cv3,1,2029,V2H-local-zero,False,zero_eeg_control,sqrt_margin_eeg_base0p05,v2p_sqrt_margin,0.5,,,,0.6638795986622074,0.6695690684976398,0.6638795986622074,0.6679141070569641,598,35,28,0.6339886067498008,0.6365687057651345,0.6295730649080181,28
V2-Q,V2M-two_stage_user_local_reranker-v1,protocol_a_rollv2_cv3,1,2029,V2H-local-zero,False,zero_eeg_control,margin_power0p25_base0p05,global_power_margin,0.25,,,,0.6555183946488294,0.6595799339549339,0.6555183946488294,0.6593275613275613,598,35,28,0.6182980121039823,0.6177431199752628,0.6297813259284971,28
V2-Q,V2M-two_stage_user_local_reranker-v1,protocol_a_rollv2_cv3,1,2029,V2H-local-zero,False,zero_eeg_control,margin_power0p75_base0p05,global_power_margin,0.75,,,,0.657190635451505,0.6483700889058033,0.657190635451505,0.6509549233834948,598,35,28,0.6289980831771878,0.6312427420463136,0.6292606733772995,28
V2-Q,V2M-two_stage_user_local_reranker-v1,protocol_a_rollv2_cv3,1,2029,V2H-local-zero,False,zero_eeg_control,margin_power1p25_base0p05,global_power_margin,1.25,,,,0.657190635451505,0.6501734112448397,0.657190635451505,0.6523975812547241,598,35,28,0.6275788804893283,0.6303674929567789,0.6297119055883375,28
V2-Q,V2M-two_stage_user_local_reranker-v1,protocol_a_rollv2_cv3,1,2029,V2H-local-zero,False,zero_eeg_control,ctx_le8_sqrt_else_raw_base0p05,context_threshold_sqrt,,8.0,,,0.657190635451505,0.665920164491593,0.657190635451505,0.6649949838521267,598,35,28,0.6232791669358834,0.6262639576032435,0.6280111072544257,28
V2-Q,V2M-two_stage_user_local_reranker-v1,protocol_a_rollv2_cv3,1,2029,V2H-local-zero,False,zero_eeg_control,ctx_le12_sqrt_else_raw_base0p05,context_threshold_sqrt,,12.0,,,0.6605351170568562,0.668624246124246,0.6605351170568562,0.6671582491582491,598,35,28,0.6326382158471711,0.6356238833917407,0.6157237070461644,28
V2-Q,V2M-two_stage_user_local_reranker-v1,protocol_a_rollv2_cv3,1,2029,V2H-local-zero,False,zero_eeg_control,ctx_le16_sqrt_else_raw_base0p05,context_threshold_sqrt,,16.0,,,0.6638795986622074,0.6695690684976398,0.6638795986622074,0.6679141070569641,598,35,28,0.6339886067498008,0.6365687057651345,0.6295730649080181,28
V2-Q,V2M-two_stage_user_local_reranker-v1,protocol_a_rollv2_cv3,1,2029,V2H-local-zero,False,zero_eeg_control,ctx_le20_sqrt_else_raw_base0p05,context_threshold_sqrt,,20.0,,,0.6638795986622074,0.6695690684976398,0.6638795986622074,0.6679141070569641,598,35,28,0.6339886067498008,0.6365687057651345,0.6295730649080181,28
V2-Q,V2M-two_stage_user_local_reranker-v1,protocol_a_rollv2_cv3,1,2029,V2H-local-zero,False,zero_eeg_control,ctx_smooth12_scale4_sqrt_raw_base0p05,context_smooth_sqrt,,,12.0,4.0,0.6555183946488294,0.6477323338037623,0.6555183946488294,0.6504447193018622,598,35,28,0.6202111735693826,0.6222484625163197,0.6253731343283582,28
V2-Q,V2M-two_stage_user_local_reranker-v1,protocol_a_rollv2_cv3,1,2029,V2H-local-zero,False,zero_eeg_control,ctx_smooth16_scale4_sqrt_raw_base0p05,context_smooth_sqrt,,,16.0,4.0,0.657190635451505,0.6483700889058033,0.657190635451505,0.6509549233834948,598,35,28,0.623320626305701,0.6250120679584967,0.624783061437001,28
V2-Q,V2M-two_stage_user_local_reranker-v1,protocol_a_rollv2_cv3,2,2029,V2H-local-zero,False,zero_eeg_control,v2n_eeg_base_0p05,reference_raw_margin,1.0,,,,0.5667808219178082,0.5588457838457838,0.5667808219178082,0.5598621131954465,584,30,26,0.5521705898268399,0.5479858104858105,0.5982905982905983,26
V2-Q,V2M-two_stage_user_local_reranker-v1,protocol_a_rollv2_cv3,2,2029,V2H-local-zero,False,zero_eeg_control,sqrt_margin_eeg_base0p05,v2p_sqrt_margin,0.5,,,,0.5702054794520548,0.5620509120509121,0.5702054794520548,0.5626398909732243,584,30,26,0.5553513933982683,0.5510764698264699,0.600185960018596,26
V2-Q,V2M-two_stage_user_local_reranker-v1,protocol_a_rollv2_cv3,2,2029,V2H-local-zero,False,zero_eeg_control,margin_power0p25_base0p05,global_power_margin,0.25,,,,0.5753424657534246,0.5734087671587672,0.5753424657534246,0.5724833654000321,584,30,26,0.5654605203823954,0.5632279757279758,0.60647999141723,26
V2-Q,V2M-two_stage_user_local_reranker-v1,protocol_a_rollv2_cv3,2,2029,V2H-local-zero,False,zero_eeg_control,margin_power0p75_base0p05,global_power_margin,0.75,,,,0.5684931506849316,0.5612496299996299,0.5684931506849316,0.5619454465287799,584,30,26,0.5541237148268399,0.5503896566396567,0.5989700675893144,26
V2-Q,V2M-two_stage_user_local_reranker-v1,protocol_a_rollv2_cv3,2,2029,V2H-local-zero,False,zero_eeg_control,margin_power1p25_base0p05,global_power_margin,1.25,,,,0.5667808219178082,0.557815564065564,0.5667808219178082,0.5589692560525894,584,30,26,0.5515195481601732,0.5468411218411219,0.5981475521224475,26
V2-Q,V2M-two_stage_user_local_reranker-v1,protocol_a_rollv2_cv3,2,2029,V2H-local-zero,False,zero_eeg_control,ctx_le8_sqrt_else_raw_base0p05,context_threshold_sqrt,,8.0,,,0.5667808219178082,0.5588457838457838,0.5667808219178082,0.5598621131954465,584,30,26,0.5591000405844155,0.5534636659636659,0.6025462217930837,26
V2-Q,V2M-two_stage_user_local_reranker-v1,protocol_a_rollv2_cv3,2,2029,V2H-local-zero,False,zero_eeg_control,ctx_le12_sqrt_else_raw_base0p05,context_threshold_sqrt,,12.0,,,0.5667808219178082,0.5596470658970658,0.5667808219178082,0.560556557639891,584,30,26,0.5585507981601732,0.5535947848447849,0.5998641061402568,26
V2-Q,V2M-two_stage_user_local_reranker-v1,protocol_a_rollv2_cv3,2,2029,V2H-local-zero,False,zero_eeg_control,ctx_le16_sqrt_else_raw_base0p05,context_threshold_sqrt,,16.0,,,0.5702054794520548,0.5620509120509121,0.5702054794520548,0.5626398909732243,584,30,26,0.5553513933982683,0.5510764698264699,0.600185960018596,26
V2-Q,V2M-two_stage_user_local_reranker-v1,protocol_a_rollv2_cv3,2,2029,V2H-local-zero,False,zero_eeg_control,ctx_le20_sqrt_else_raw_base0p05,context_threshold_sqrt,,20.0,,,0.5702054794520548,0.5620509120509121,0.5702054794520548,0.5626398909732243,584,30,26,0.5553513933982683,0.5510764698264699,0.600185960018596,26
V2-Q,V2M-two_stage_user_local_reranker-v1,protocol_a_rollv2_cv3,2,2029,V2H-local-zero,False,zero_eeg_control,ctx_smooth12_scale4_sqrt_raw_base0p05,context_smooth_sqrt,,,12.0,4.0,0.5684931506849316,0.5612496299996299,0.5684931506849316,0.5619454465287799,584,30,26,0.5588309433621934,0.5538375975875975,0.6012230447376891,26
V2-Q,V2M-two_stage_user_local_reranker-v1,protocol_a_rollv2_cv3,2,2029,V2H-local-zero,False,zero_eeg_control,ctx_smooth16_scale4_sqrt_raw_base0p05,context_smooth_sqrt,,,16.0,4.0,0.5684931506849316,0.5612496299996299,0.5684931506849316,0.5619454465287799,584,30,26,0.5611115620490621,0.556265725015725,0.6014018524478776,26
V2-Q,V2M-two_stage_user_local_reranker-v1,protocol_a_rollv2_cv3,3,2029,V2H-local-zero,False,zero_eeg_control,v2n_eeg_base_0p05,reference_raw_margin,1.0,,,,0.5388349514563107,0.5595173419691286,0.5388349514563107,0.5514467807324951,618,28,24,0.5379152413243322,0.5567402697611031,0.614846553870944,24
V2-Q,V2M-two_stage_user_local_reranker-v1,protocol_a_rollv2_cv3,3,2029,V2H-local-zero,False,zero_eeg_control,sqrt_margin_eeg_base0p05,v2p_sqrt_margin,0.5,,,,0.5501618122977346,0.5726703868409234,0.5501618122977346,0.5631991355205641,618,28,24,0.5500140399615924,0.5683018794477128,0.6182890207280451,24
V2-Q,V2M-two_stage_user_local_reranker-v1,protocol_a_rollv2_cv3,3,2029,V2H-local-zero,False,zero_eeg_control,margin_power0p25_base0p05,global_power_margin,0.25,,,,0.5550161812297735,0.5752671842321287,0.5550161812297735,0.5653699508163794,618,28,24,0.55279194387586,0.5710466886508553,0.6262359920896508,24
V2-Q,V2M-two_stage_user_local_reranker-v1,protocol_a_rollv2_cv3,3,2029,V2H-local-zero,False,zero_eeg_control,margin_power0p75_base0p05,global_power_margin,0.75,,,,0.5420711974110033,0.5634235919691286,0.5420711974110033,0.5549544337937194,618,28,24,0.5410718069808979,0.5601160413660414,0.6160184574818721,24
V2-Q,V2M-two_stage_user_local_reranker-v1,protocol_a_rollv2_cv3,3,2029,V2H-local-zero,False,zero_eeg_control,margin_power1p25_base0p05,global_power_margin,1.25,,,,0.540453074433657,0.5624445128374759,0.540453074433657,0.5589978011406582,618,28,24,0.5391972926063835,0.558129158649992,0.6142972240533217,24
V2-Q,V2M-two_stage_user_local_reranker-v1,protocol_a_rollv2_cv3,3,2029,V2H-local-zero,False,zero_eeg_control,ctx_le8_sqrt_else_raw_base0p05,context_threshold_sqrt,,8.0,,,0.5388349514563107,0.5595173419691286,0.5388349514563107,0.5514467807324951,618,28,24,0.5341037750128659,0.5528987794612794,0.6105251593056472,24
V2-Q,V2M-two_stage_user_local_reranker-v1,protocol_a_rollv2_cv3,3,2029,V2H-local-zero,False,zero_eeg_control,ctx_le12_sqrt_else_raw_base0p05,context_threshold_sqrt,,12.0,,,0.5469255663430421,0.568631925302462,0.5469255663430421,0.5597375970590256,618,28,24,0.5451996236087145,0.5642634179092513,0.6045923972753241,24
V2-Q,V2M-two_stage_user_local_reranker-v1,protocol_a_rollv2_cv3,3,2029,V2H-local-zero,False,zero_eeg_control,ctx_le16_sqrt_else_raw_base0p05,context_threshold_sqrt,,16.0,,,0.5501618122977346,0.5726703868409234,0.5501618122977346,0.5631991355205641,618,28,24,0.5500140399615924,0.5683018794477128,0.6182890207280451,24
V2-Q,V2M-two_stage_user_local_reranker-v1,protocol_a_rollv2_cv3,3,2029,V2H-local-zero,False,zero_eeg_control,ctx_le20_sqrt_else_raw_base0p05,context_threshold_sqrt,,20.0,,,0.5501618122977346,0.5726703868409234,0.5501618122977346,0.5631991355205641,618,28,24,0.5500140399615924,0.5683018794477128,0.6182890207280451,24
V2-Q,V2M-two_stage_user_local_reranker-v1,protocol_a_rollv2_cv3,3,2029,V2H-local-zero,False,zero_eeg_control,ctx_smooth12_scale4_sqrt_raw_base0p05,context_smooth_sqrt,,,12.0,4.0,0.5420711974110033,0.5634235919691286,0.5420711974110033,0.5549544337937194,618,28,24,0.5363612397703307,0.5556793129709796,0.6105984032813301,24
V2-Q,V2M-two_stage_user_local_reranker-v1,protocol_a_rollv2_cv3,3,2029,V2H-local-zero,False,zero_eeg_control,ctx_smooth16_scale4_sqrt_raw_base0p05,context_smooth_sqrt,,,16.0,4.0,0.5436893203883495,0.5660277586357952,0.5436893203883495,0.5571865766508624,618,28,24,0.5379776788867697,0.5582283649991984,0.6114773309895261,24
V2-Q,V2M-two_stage_user_local_reranker-v1,protocol_a_rollv2_cv3,1,2030,V2H-local-zero,False,zero_eeg_control,v2n_eeg_base_0p05,reference_raw_margin,1.0,,,,0.6588628762541806,0.6361556069591783,0.6588628762541806,0.6491045832474404,598,35,28,0.6270544463828047,0.6253630265237409,0.6266227004512324,28
V2-Q,V2M-two_stage_user_local_reranker-v1,protocol_a_rollv2_cv3,1,2030,V2H-local-zero,False,zero_eeg_control,sqrt_margin_eeg_base0p05,v2p_sqrt_margin,0.5,,,,0.6555183946488294,0.6352202328095184,0.6555183946488294,0.6483562839277124,598,35,28,0.6268767633693009,0.6258562238026525,0.6265879902811524,28
V2-Q,V2M-two_stage_user_local_reranker-v1,protocol_a_rollv2_cv3,1,2030,V2H-local-zero,False,zero_eeg_control,margin_power0p25_base0p05,global_power_margin,0.25,,,,0.6521739130434783,0.6478525079417935,0.6521739130434783,0.6584621040335327,598,35,28,0.6181348667915834,0.6147691627155912,0.6275251648733079,28
V2-Q,V2M-two_stage_user_local_reranker-v1,protocol_a_rollv2_cv3,1,2030,V2H-local-zero,False,zero_eeg_control,margin_power0p75_base0p05,global_power_margin,0.75,,,,0.657190635451505,0.6355178518571375,0.657190635451505,0.6485943791658078,598,35,28,0.6262548728220371,0.6247252714217,0.6268656716417911,28
V2-Q,V2M-two_stage_user_local_reranker-v1,protocol_a_rollv2_cv3,1,2030,V2H-local-zero,False,zero_eeg_control,margin_power1p25_base0p05,global_power_margin,1.25,,,,0.6588628762541806,0.6394624852660565,0.6588628762541806,0.655718339861197,598,35,28,0.6273197863496371,0.6258921270528414,0.6266574106213121,28
V2-Q,V2M-two_stage_user_local_reranker-v1,protocol_a_rollv2_cv3,1,2030,V2H-local-zero,False,zero_eeg_control,ctx_le8_sqrt_else_raw_base0p05,context_threshold_sqrt,,8.0,,,0.6588628762541806,0.6361556069591783,0.6588628762541806,0.6491045832474404,598,35,28,0.6276288471064592,0.6266022040129184,0.6250954529677196,28
V2-Q,V2M-two_stage_user_local_reranker-v1,protocol_a_rollv2_cv3,1,2030,V2H-local-zero,False,zero_eeg_control,ctx_le12_sqrt_else_raw_base0p05,context_threshold_sqrt,,12.0,,,0.6605351170568562,0.6376437021972735,0.6605351170568562,0.6502950594379165,598,35,28,0.629616635437531,0.6282796931904074,0.6146824019437694,28
V2-Q,V2M-two_stage_user_local_reranker-v1,protocol_a_rollv2_cv3,1,2030,V2H-local-zero,False,zero_eeg_control,ctx_le16_sqrt_else_raw_base0p05,context_threshold_sqrt,,16.0,,,0.6555183946488294,0.6352202328095184,0.6555183946488294,0.6483562839277124,598,35,28,0.6268767633693009,0.6258562238026525,0.6265879902811524,28
V2-Q,V2M-two_stage_user_local_reranker-v1,protocol_a_rollv2_cv3,1,2030,V2H-local-zero,False,zero_eeg_control,ctx_le20_sqrt_else_raw_base0p05,context_threshold_sqrt,,20.0,,,0.6555183946488294,0.6352202328095184,0.6555183946488294,0.6483562839277124,598,35,28,0.6268767633693009,0.6258562238026525,0.6265879902811524,28
V2-Q,V2M-two_stage_user_local_reranker-v1,protocol_a_rollv2_cv3,1,2030,V2H-local-zero,False,zero_eeg_control,ctx_smooth12_scale4_sqrt_raw_base0p05,context_smooth_sqrt,,,12.0,4.0,0.6588628762541806,0.6361556069591783,0.6588628762541806,0.6491045832474404,598,35,28,0.6261091727509639,0.6241980605373464,0.6236376258243665,28
V2-Q,V2M-two_stage_user_local_reranker-v1,protocol_a_rollv2_cv3,1,2030,V2H-local-zero,False,zero_eeg_control,ctx_smooth16_scale4_sqrt_raw_base0p05,context_smooth_sqrt,,,16.0,4.0,0.657190635451505,0.6361130899523755,0.657190635451505,0.6490705696419982,598,35,28,0.6234416661282334,0.6219639850889852,0.6238458868448455,28
V2-Q,V2M-two_stage_user_local_reranker-v1,protocol_a_rollv2_cv3,2,2030,V2H-local-zero,False,zero_eeg_control,v2n_eeg_base_0p05,reference_raw_margin,1.0,,,,0.5736301369863014,0.5680999555999556,0.5736301369863014,0.5475649350649351,584,30,26,0.5623208648989899,0.5562645687645688,0.6024746987090083,26
V2-Q,V2M-two_stage_user_local_reranker-v1,protocol_a_rollv2_cv3,2,2030,V2H-local-zero,False,zero_eeg_control,sqrt_margin_eeg_base0p05,v2p_sqrt_margin,0.5,,,,0.5702054794520548,0.5624451936951937,0.5702054794520548,0.5451641414141414,584,30,26,0.559450193903319,0.5529990842490842,0.6038693988484783,26
V2-Q,V2M-two_stage_user_local_reranker-v1,protocol_a_rollv2_cv3,2,2030,V2H-local-zero,False,zero_eeg_control,margin_power0p25_base0p05,global_power_margin,0.25,,,,0.5856164383561644,0.5771887834387834,0.5856164383561644,0.5579419191919192,584,30,26,0.577468998015873,0.5713016150516151,0.6087687301076423,26
V2-Q,V2M-two_stage_user_local_reranker-v1,protocol_a_rollv2_cv3,2,2030,V2H-local-zero,False,zero_eeg_control,margin_power0p75_base0p05,global_power_margin,0.75,,,,0.571917808219178,0.563727244977245,0.571917808219178,0.5462752525252524,584,30,26,0.5608043605699856,0.5542811355311354,0.6029038372134605,26
V2-Q,V2M-two_stage_user_local_reranker-v1,protocol_a_rollv2_cv3,2,2030,V2H-local-zero,False,zero_eeg_control,margin_power1p25_base0p05,global_power_margin,1.25,,,,0.5736301369863014,0.5679396991896992,0.5736301369863014,0.5474260461760461,584,30,26,0.5620641684704185,0.5559898434898435,0.6023674140828953,26
V2-Q,V2M-two_stage_user_local_reranker-v1,protocol_a_rollv2_cv3,2,2030,V2H-local-zero,False,zero_eeg_control,ctx_le8_sqrt_else_raw_base0p05,context_threshold_sqrt,,8.0,,,0.5736301369863014,0.564528527028527,0.5736301369863014,0.5469696969696969,584,30,26,0.5640569760101011,0.5561722999223,0.6090548224439438,26
V2-Q,V2M-two_stage_user_local_reranker-v1,protocol_a_rollv2_cv3,2,2030,V2H-local-zero,False,zero_eeg_control,ctx_le12_sqrt_else_raw_base0p05,context_threshold_sqrt,,12.0,,,0.5736301369863014,0.564528527028527,0.5736301369863014,0.5469696969696969,584,30,26,0.5675007891414142,0.5597756410256409,0.6049064835675715,26
V2-Q,V2M-two_stage_user_local_reranker-v1,protocol_a_rollv2_cv3,2,2030,V2H-local-zero,False,zero_eeg_control,ctx_le16_sqrt_else_raw_base0p05,context_threshold_sqrt,,16.0,,,0.5702054794520548,0.5624451936951937,0.5702054794520548,0.5451641414141414,584,30,26,0.559450193903319,0.5529990842490842,0.6038693988484783,26
V2-Q,V2M-two_stage_user_local_reranker-v1,protocol_a_rollv2_cv3,2,2030,V2H-local-zero,False,zero_eeg_control,ctx_le20_sqrt_else_raw_base0p05,context_threshold_sqrt,,20.0,,,0.5702054794520548,0.5624451936951937,0.5702054794520548,0.5451641414141414,584,30,26,0.559450193903319,0.5529990842490842,0.6038693988484783,26
V2-Q,V2M-two_stage_user_local_reranker-v1,protocol_a_rollv2_cv3,2,2030,V2H-local-zero,False,zero_eeg_control,ctx_smooth12_scale4_sqrt_raw_base0p05,context_smooth_sqrt,,,12.0,4.0,0.571917808219178,0.563727244977245,0.571917808219178,0.5462752525252524,584,30,26,0.5687944173881674,0.5608370795870796,0.6056217144083254,26
V2-Q,V2M-two_stage_user_local_reranker-v1,protocol_a_rollv2_cv3,2,2030,V2H-local-zero,False,zero_eeg_control,ctx_smooth16_scale4_sqrt_raw_base0p05,context_smooth_sqrt,,,16.0,4.0,0.571917808219178,0.563727244977245,0.571917808219178,0.5462752525252524,584,30,26,0.5722035082972583,0.5643335830835831,0.6054071451560992,26
V2-Q,V2M-two_stage_user_local_reranker-v1,protocol_a_rollv2_cv3,3,2030,V2H-local-zero,False,zero_eeg_control,v2n_eeg_base_0p05,reference_raw_margin,1.0,,,,0.5663430420711975,0.5835523390497913,0.5663430420711975,0.5616083949119663,618,28,24,0.5748953746331369,0.5914631009422676,0.5836446202299861,24
V2-Q,V2M-two_stage_user_local_reranker-v1,protocol_a_rollv2_cv3,3,2030,V2H-local-zero,False,zero_eeg_control,sqrt_margin_eeg_base0p05,v2p_sqrt_margin,0.5,,,,0.5631067961165048,0.58216329193706,0.5631067961165048,0.5606266385730672,618,28,24,0.5720897206911194,0.5890363032029698,0.5868307331721967,24
V2-Q,V2M-two_stage_user_local_reranker-v1,protocol_a_rollv2_cv3,3,2030,V2H-local-zero,False,zero_eeg_control,margin_power0p25_base0p05,global_power_margin,0.25,,,,0.5825242718446602,0.5968233868575715,0.5825242718446602,0.5733518729947302,618,28,24,0.5839703129038794,0.6020702407160741,0.5952537903757416,24
V2-Q,V2M-two_stage_user_local_reranker-v1,protocol_a_rollv2_cv3,3,2030,V2H-local-zero,False,zero_eeg_control,margin_power0p75_base0p05,global_power_margin,0.75,,,,0.5663430420711975,0.5831242446661049,0.5663430420711975,0.5615053233803234,618,28,24,0.5738629474643461,0.590171664754998,0.5848531458287556,24
V2-Q,V2M-two_stage_user_local_reranker-v1,protocol_a_rollv2_cv3,3,2030,V2H-local-zero,False,zero_eeg_control,margin_power1p25_base0p05,global_power_margin,1.25,,,,0.5663430420711975,0.5835523390497913,0.5663430420711975,0.5616083949119663,618,28,24,0.5748953746331369,0.5914631009422676,0.5831319124002052,24
V2-Q,V2M-two_stage_user_local_reranker-v1,protocol_a_rollv2_cv3,3,2030,V2H-local-zero,False,zero_eeg_control,ctx_le8_sqrt_else_raw_base0p05,context_threshold_sqrt,,8.0,,,0.5663430420711975,0.5835523390497913,0.5663430420711975,0.5616083949119663,618,28,24,0.5761066633444256,0.5908182596724263,0.5815937889108621,24
V2-Q,V2M-two_stage_user_local_reranker-v1,protocol_a_rollv2_cv3,3,2030,V2H-local-zero,False,zero_eeg_control,ctx_le12_sqrt_else_raw_base0p05,context_threshold_sqrt,,12.0,,,0.5679611650485437,0.5849621134858816,0.5679611650485437,0.5630256284720571,618,28,24,0.5754573126950749,0.5918351247517913,0.5657364681754926,24
V2-Q,V2M-two_stage_user_local_reranker-v1,protocol_a_rollv2_cv3,3,2030,V2H-local-zero,False,zero_eeg_control,ctx_le16_sqrt_else_raw_base0p05,context_threshold_sqrt,,16.0,,,0.5631067961165048,0.58216329193706,0.5631067961165048,0.5606266385730672,618,28,24,0.5720897206911194,0.5890363032029698,0.5868307331721967,24
V2-Q,V2M-two_stage_user_local_reranker-v1,protocol_a_rollv2_cv3,3,2030,V2H-local-zero,False,zero_eeg_control,ctx_le20_sqrt_else_raw_base0p05,context_threshold_sqrt,,20.0,,,0.5631067961165048,0.58216329193706,0.5631067961165048,0.5606266385730672,618,28,24,0.5720897206911194,0.5890363032029698,0.5868307331721967,24
V2-Q,V2M-two_stage_user_local_reranker-v1,protocol_a_rollv2_cv3,3,2030,V2H-local-zero,False,zero_eeg_control,ctx_smooth12_scale4_sqrt_raw_base0p05,context_smooth_sqrt,,,12.0,4.0,0.5663430420711975,0.5818782319069342,0.5663430420711975,0.5603328847078847,618,28,24,0.576431338669101,0.5907438549105215,0.5784809199443346,24
V2-Q,V2M-two_stage_user_local_reranker-v1,protocol_a_rollv2_cv3,3,2030,V2H-local-zero,False,zero_eeg_control,ctx_smooth16_scale4_sqrt_raw_base0p05,context_smooth_sqrt,,,16.0,4.0,0.5663430420711975,0.5831242446661049,0.5663430420711975,0.5615053233803234,618,28,24,0.5738643349657335,0.5892402273652274,0.5795063356038965,24
