fold,event_id,user_id,item_id,time,label,real_prediction,seen_item,session_mode,video_type,history_length,H2_E0_prediction,causal_shuffle_prediction,zero_prediction,eeg_correction_mean,eeg_correction_abs_mean,eeg_correction_abs_std,zero_sensitivity,shuffle_sensitivity,h2_sensitivity
1,evt_000073,0,74,1667724482202,0,0.3074375987052917,0,1,1,20,0.3094506859779358,0.3058283030986786,0.3186687529087066,-0.008591092,0.024536688,0.017787265340524626,0.011231154203414917,0.0016092956066131037,0.0020130872726440985
1,evt_000074,0,75,1667724513217,0,0.2770657241344452,0,1,1,20,0.2818108797073364,0.2776858806610107,0.2836248576641083,-0.023067657793333335,0.025002934326666667,0.03319830060700332,0.006559133529663086,0.0006201565265654962,0.004745155572891235
1,evt_000075,0,76,1667724525109,0,0.4395750164985657,0,1,1,20,0.4438458383083343,0.4396658837795257,0.4485392570495605,-0.017154715133333335,0.0236027582,0.026668891900827066,0.008964240550994818,9.08672809600275e-05,0.004270821809768621
1,evt_000076,0,77,1667724567726,0,0.3247519731521606,0,1,1,20,0.3285064697265625,0.3240918219089508,0.3332949578762054,-0.016647039566666664,0.0239316911,0.026139788819798886,0.0085429847240448,0.0006601512432097834,0.003754496574401911
1,evt_000077,0,78,1667724573711,1,0.2255994180838267,0,1,1,20,0.2298204898834228,0.2256995439529419,0.2321083545684814,-0.022975227555,0.024851965621666666,0.033092884803943866,0.006508936484654698,0.00010012586911520294,0.0042210717995961045
1,evt_000078,0,79,1667724596753,1,0.3785915772120158,1,1,1,20,0.3841482400894165,0.3783862590789795,0.3858263194561004,-0.023332182400000002,0.024826893800000003,0.032510556262244084,0.007234742244084602,0.00020531813303631408,0.005556662877400698
1,evt_000079,0,80,1667724641344,0,0.2978414098421733,0,1,1,20,0.2998832762241363,0.2964673638343811,0.3087044656276703,-0.0091755641,0.020971265899999997,0.01718205349513386,0.010863055785497011,0.0013740460077921735,0.00204186638196302
1,evt_000080,0,82,1667724672025,0,0.2729535301526387,0,1,1,20,0.2772962152957916,0.2737119495868683,0.2839206755161285,-0.020723725133333332,0.029330414866666665,0.03236504485246688,0.010967145363489805,0.0007584194342296069,0.004342685143152947
1,evt_000081,0,83,1667724675955,1,0.2829214632511139,0,1,1,20,0.2867989540100097,0.2823332846164703,0.2888721227645874,-0.018684442116666665,0.02056966278333333,0.026910774064789703,0.005950659513473511,0.0005881786346436102,0.0038774907588958185
1,evt_000082,0,84,1667724765858,1,0.2870002587636311,0,1,1,20,0.2904921174049377,0.287180632352829,0.2946953773498535,-0.016554198000000003,0.021704784,0.025233296966284118,0.007695118586222405,0.0001803735891978686,0.0034918586413065777
1,evt_000083,0,85,1667724789569,1,0.3140979210535685,0,1,1,20,0.3174446523189544,0.313070148229599,0.3232090473175049,-0.014971429,0.026371614333333335,0.02524278819034698,0.009111126263936398,0.001027772823969486,0.003346731265385927
1,evt_000084,0,86,1667724800808,0,0.4499601125717163,0,1,1,20,0.4417816400527954,0.4378512799739837,0.4468680918216705,0.033017762666666665,0.033017762666666665,0.01900770638619479,0.003092020750045832,0.0121088325977326,0.008178472518920898
1,evt_000085,0,87,1667724806902,0,0.2571309606234233,0,1,1,20,0.2461240887641906,0.2434086799621582,0.2537599802017212,0.05708646833333333,0.05708646833333333,0.02640961002135503,0.0033709804217020856,0.013722280661265074,0.011006871859232686
1,evt_000086,0,88,1667724819511,0,0.4113728801409403,0,1,1,20,0.4042761027812958,0.3991335928440094,0.4088499546051025,0.029170896133333336,0.029170896133333336,0.0214086650146426,0.0025229255358378277,0.012239287296930912,0.007096777359644535
1,evt_000087,0,89,1667724862888,1,0.2610887040694554,0,1,1,20,0.2621172368526459,0.2594222724437713,0.2673295438289642,-0.0046086678666666684,0.017600122133333333,0.011643260613733523,0.006240839759508787,0.0016664316256840839,0.0010285327831904834
1,evt_000200,1,204,1669102676979,0,0.2483445902665456,1,3,0,20,0.2432736605405807,0.2482626885175705,0.2446293085813522,0.024884196866666666,0.024884196866666666,0.02930416133827008,0.003715281685193389,8.19017489750995e-05,0.005070929725964901
1,evt_000201,1,205,1669102689765,0,0.2539179772138595,1,3,0,20,0.2481106370687484,0.2539228200912475,0.2502717673778534,0.030531188666666667,0.030531188666666667,0.023390241202482093,0.003646209836006109,4.842877388000488e-06,0.005807340145111112
1,evt_000202,1,206,1669102712490,0,0.2417835146188736,1,3,0,20,0.2388195991516113,0.2417346686124801,0.2390476614236831,0.0151703282,0.0151703282,0.01357015285573709,0.002735853195190485,4.884600639348813e-05,0.002963915467262296
1,evt_000203,1,207,1669102727340,1,0.2312042564153671,0,3,1,20,0.2242892235517501,0.2312252670526504,0.2278910726308822,0.039466284,0.039466284,0.01807010717986793,0.003313183784484891,2.101063728329744e-05,0.006915032863616999
1,evt_000204,1,208,1669102780192,0,0.2845024069150288,0,3,1,20,0.2778599262237549,0.2846729755401611,0.2808857560157776,0.032694081,0.032694081,0.015904400321263945,0.003616650899251228,0.00017056862513226134,0.006642480691273933
1,evt_000205,1,209,1669102795889,1,0.4182942112286885,0,3,1,20,0.4125921726226806,0.4183567762374878,0.41421839594841,0.023266253,0.023266253,0.017120564716325278,0.004075815280278505,6.256500879930904e-05,0.005702038606007875
1,evt_000206,1,210,1669102838725,0,0.2325115154186884,1,3,0,20,0.2291008234024047,0.2324527949094772,0.2296293973922729,0.018515020833333336,0.018515020833333336,0.014582889157631868,0.0028821180264154977,5.872050921118532e-05,0.0034106920162836896
1,evt_000207,1,211,1669102852050,0,0.1999064932266871,1,3,0,20,0.1971907168626785,0.1996547430753708,0.1971055716276168,0.014258210569999999,0.014369746363333333,0.01656804107074344,0.002800921599070305,0.0002517501513163156,0.002715776364008604
1,evt_000208,1,212,1669102863702,0,0.1908106903235117,1,3,0,20,0.1891737729310989,0.190738633275032,0.1888761669397354,0.009526745533333332,0.009526745533333332,0.008681471024428346,0.001934523383776282,7.205704847970673e-05,0.0016369173924127844
1,evt_000209,1,213,1669102902236,1,0.4469858606656392,0,3,1,20,0.4420990943908691,0.44694784283638,0.4434773027896881,0.019713777999999998,0.019713777999999998,0.01306980880726052,0.0035085578759511127,3.801782925921815e-05,0.004886766274770138
1,evt_000210,1,214,1669102943387,1,0.207017719745636,0,3,0,20,0.2031645774841308,0.2066088914871215,0.2040048390626907,0.020675939166666667,0.020675939166666667,0.022312198377625832,0.0030128806829452792,0.00040882825851448756,0.0038531422615051825
1,evt_000366,2,323,1669361364341,0,0.6404056549072266,0,3,1,20,0.6418622136116028,0.6423630118370056,0.6422614455223083,-0.0069613989646,0.0106476069646,0.011373105084636787,0.0018557906150817871,0.0019573569297790527,0.0014565587043762207
1,evt_000281,2,287,1669361383730,0,0.1749283274014791,0,3,1,20,0.172164037823677,0.1725626438856125,0.1747496724128723,0.019572500333333336,0.019572500333333336,0.01133340422459202,0.00017865498860680784,0.0023656835158666067,0.002764289577802087
1,evt_000274,2,280,1669361388711,1,0.3345554868380229,0,3,1,20,0.3292800486087799,0.3311438858509063,0.3347251415252685,0.02336560186666667,0.02336560186666667,0.02513857471320732,0.00016965468724561283,0.0034116009871165698,0.005275438229242979
1,evt_000381,2,338,1669361399957,0,0.444297840197881,0,3,1,20,0.4478487074375152,0.4437934458255768,0.4485083818435669,-0.0141731364,0.017012488266666667,0.021051682888498045,0.004210541645685906,0.0005043943723042066,0.0035508672396342145
1,evt_000276,2,282,1669361406473,0,0.3400137921174367,0,3,1,20,0.3394894301891327,0.3360354006290436,0.342251569032669,0.0026282563333333334,0.013547085,0.006581355141529188,0.0022377769152323035,0.003978391488393129,0.000524361928304018
1,evt_000324,2,165,1669361423835,0,0.258936067422231,1,3,0,20,0.2574990093708038,0.257466197013855,0.260073572397232,0.007761228565666667,0.007761228565666667,0.008681419785814819,0.0011375049750009802,0.0014698704083760394,0.0014370580514272424
1,evt_000360,2,171,1669361429968,0,0.2731864899396896,1,3,0,20,0.2723731696605682,0.2722542583942413,0.272715300321579,0.0038572869333333335,0.0038572869333333335,0.003146740888709519,0.00047118961811060123,0.0009322315454483032,0.0008133202791213989
1,evt_000323,2,150,1669361436608,0,0.2144255737463633,1,3,0,20,0.2160677164793014,0.2113709896802902,0.2162727266550064,-0.007850010198333333,0.008425577638333332,0.011241229445725498,0.001847152908643096,0.0030545840660731183,0.0016421427329380844
1,evt_000358,2,166,1669361449883,0,0.2980612069368362,1,3,0,20,0.3005807995796203,0.2987575829029083,0.300907164812088,-0.010513885799999999,0.011884009533333335,0.01535861378916014,0.0028459578752518255,0.000696375966072138,0.0025195926427841187
1,evt_000333,2,164,1669361506576,0,0.2368436455726623,1,3,0,20,0.2406250834465026,0.236830785870552,0.2400313764810562,-0.0170561903,0.0170561903,0.023054736750837263,0.0031877309083939154,1.2859702110290527e-05,0.0037814378738403043
1,evt_000394,2,351,1669362099164,0,0.477643221616745,0,3,1,20,0.4751344919204712,0.4794124066829681,0.4789236485958099,0.010081938766666668,0.014584813433333335,0.011213397147332093,0.001280426979064886,0.001769185066223089,0.0025087296962738037
1,evt_000363,2,320,1669362148229,1,0.4925199349721272,0,3,1,20,0.4875100553035736,0.4882494509220123,0.4927878081798553,0.020200094333333335,0.020200094333333335,0.009274307339919834,0.00026787320772808654,0.004270484050114931,0.005009879668553596
1,evt_000359,2,211,1669362188201,0,0.1733230079213778,1,3,0,20,0.1751044541597366,0.172713816165924,0.1750053316354751,-0.009308608783333333,0.009308608783333333,0.012184427769552027,0.0016823237140972946,0.0006091917554538195,0.001781446238358797
1,evt_000387,2,344,1669362192576,1,0.376188188791275,0,3,1,20,0.3752627372741699,0.3852811753749847,0.383542388677597,0.002642893766666666,0.03127611376666667,0.018359791118478304,0.007354199886321966,0.009092986583709661,0.0009254515171051025
1,evt_000452,3,361,1669619270320,0,0.2481204320987065,0,3,1,20,0.2407803386449813,0.2481683492660522,0.2437773793935775,0.038041506999999995,0.038041506999999995,0.026898134138133717,0.004343052705128997,4.7917167345701284e-05,0.007340093453725188
1,evt_000453,3,362,1669619337785,0,0.3096240262190501,0,3,1,20,0.3018436431884765,0.3097310960292816,0.3049921691417694,0.035355949666666664,0.035355949666666664,0.030625476292329454,0.004631857077280699,0.00010706981023150819,0.007780383030573601
1,evt_000454,3,363,1669619379026,1,0.3861820499102275,0,3,1,20,0.3750925362110138,0.3863378763198852,0.3815594911575317,0.04750638733333332,0.04750638733333332,0.021654204392172423,0.004622558752695793,0.0001558264096577222,0.011089513699213682
1,evt_000455,3,364,1669621191644,1,0.3272063831488291,0,1,1,20,0.3157769441604614,0.3272273540496826,0.3222857713699341,0.05437204733333333,0.05437204733333333,0.021804905367603888,0.004920611778895023,2.0970900853511942e-05,0.01142943898836768
1,evt_000456,3,365,1669621206308,1,0.3993012805779775,0,1,1,20,0.3934557437896728,0.3994578421115875,0.3956969976425171,0.024324809333333336,0.024324809333333336,0.012036509217911264,0.00360428293546039,0.00015656153361004455,0.005845536788304684
1,evt_000457,3,366,1669621283283,1,0.3819225430488586,0,1,1,20,0.366690069437027,0.3820377886295318,0.3765468895435333,0.067244464,0.067244464,0.02963388500322188,0.005375653505325262,0.00011524558067321777,0.01523247361183161
1,evt_000458,3,368,1669621342095,1,0.4122311472892761,0,1,1,20,0.4046462476253509,0.4125631749629974,0.4082566499710083,0.031351912,0.031351912,0.014728478747411696,0.003974497318267822,0.00033202767372125797,0.007584899663925226
1,evt_000459,3,369,1669621381905,1,0.3221560219923655,0,1,1,20,0.3161061704158783,0.3223402202129364,0.3188072144985199,0.02780489933333333,0.02780489933333333,0.012951366150525442,0.0033488074938455847,0.00018419822057091917,0.006049851576487186
1,evt_000460,3,370,1669621414783,1,0.383995254834493,1,1,1,20,0.3734034299850464,0.3843390941619873,0.3795377314090729,0.045468899,0.045468899,0.01777460163838421,0.004457523425420107,0.0003438393274943219,0.010591824849446596
1,evt_000461,3,52,1669621434556,1,0.3826141158739726,1,1,1,20,0.3717498779296875,0.3826945722103119,0.3781361579895019,0.046302115,0.046302115,0.02198211749418642,0.004477957884470696,8.045633633929627e-05,0.010864237944285093
1,evt_000462,3,371,1669621477370,1,0.3608711659908294,0,1,1,20,0.3487947881221771,0.3610512316226959,0.3563728630542755,0.05338836,0.05338836,0.024432359472803002,0.0044983029365539,0.0001800656318665106,0.012076377868652288
1,evt_000582,4,205,1669793170736,1,0.2500714560349782,1,3,0,20,0.2472462058067321,0.2523140609264374,0.2494018524885177,0.015002866333333335,0.015002866333333335,0.011921992211734086,0.0006696035464605066,0.0022426048914591656,0.002825250228246118
1,evt_000583,4,435,1669793204513,1,0.5224250555038452,0,3,1,20,0.5194949507713318,0.5249411463737488,0.5223821997642517,0.011745852000000001,0.011745852000000001,0.0027317532545727227,4.285573959350586e-05,0.0025160908699035645,0.0029301047325134277
1,evt_000584,4,206,1669793258524,1,0.2423197875420252,1,3,0,20,0.2440704703330993,0.2469138354063034,0.2443060874938964,-0.008518914493333333,0.01234780716,0.01332848065278531,0.00198629995187119,0.0045940478642781946,0.0017506827910740985
1,evt_000585,4,204,1669793291748,0,0.2426340381304423,1,3,0,20,0.2390996366739273,0.2440747767686844,0.2404503375291824,0.017313041666666668,0.017846508333333334,0.021903086078250228,0.002183700601259886,0.001440738638242095,0.003534401456514985
1,evt_000586,4,436,1669793297186,1,0.3154585460821787,0,3,1,20,0.3097317218780517,0.3162121474742889,0.3119677007198334,0.024650327683333334,0.024725592983333336,0.03020294547212533,0.0034908453623453406,0.0007536013921101703,0.005726824204127012
1,evt_000587,4,226,1669793328232,1,0.1811283628145853,1,3,0,20,0.1782857179641723,0.1821459531784057,0.1792642474174499,0.0161699847,0.016865696233333335,0.019388095250507994,0.0018641153971354074,0.0010175903638204031,0.0028426448504129953
1,evt_000588,4,212,1669793447926,0,0.1900728791952133,1,3,0,20,0.188646137714386,0.190348282456398,0.1883469372987747,0.0082961562,0.008801187533333333,0.007959465388829622,0.0017259418964385986,0.00027540326118472014,0.0014267414808273038
1,evt_000589,4,437,1669793451466,1,0.2602855016787846,0,3,1,20,0.2558278739452362,0.260514497756958,0.2572673559188843,0.021884159,0.021884159,0.020675469956865613,0.003018145759900337,0.00022899607817339351,0.004457627733548408
1,evt_000590,4,438,1669793506499,1,0.3555672069390614,0,3,1,20,0.3437971174716949,0.3568588495254516,0.3516744673252105,0.05305115566666666,0.05305115566666666,0.0263407494848992,0.003892739613850893,0.001291642586390196,0.011770089467366518
1,evt_000591,4,439,1669793560794,1,0.2852262953917185,0,3,1,20,0.277188628911972,0.285544604063034,0.2819742858409881,0.03922503433333333,0.03922503433333333,0.02357490662524536,0.003252009550730406,0.00031830867131549256,0.00803766647974652
1,evt_000592,4,211,1669793598327,0,0.2055655668179194,1,3,0,20,0.2028360962867736,0.2045790702104568,0.2027509957551956,0.01426117164,0.014537897026666665,0.01646048644255668,0.002814571062723814,0.0009864966074626114,0.0027294705311458056
1,evt_000593,4,440,1669793607185,1,0.3350426455338796,0,3,1,20,0.3235255777835846,0.3351722061634063,0.3309909105300903,0.05335893433333333,0.05335893433333333,0.02122740395393411,0.004051735003789303,0.00012956062952673708,0.011517067750294985
1,evt_000594,4,441,1669793657689,1,0.5291845798492432,0,3,1,20,0.5187301635742188,0.5306687951087952,0.5250436067581177,0.04212015833333333,0.04212015833333333,0.013959210018141483,0.004140973091125488,0.001484215259552002,0.010454416275024414
1,evt_000595,4,203,1669793700438,0,0.2715195914109548,1,3,0,20,0.2649611234664917,0.2709496319293976,0.2676385939121246,0.03242488133333333,0.03242488133333333,0.02510056018565477,0.0038809974988301965,0.0005699594815571918,0.006558467944463076
1,evt_000720,5,303,1669963779066,1,0.3493330975373586,1,0,0,20,0.3421850502490997,0.3488323390483856,0.3454152047634125,0.03192733166666667,0.03192733166666667,0.02325216842314816,0.003917892773946108,0.0005007584889729633,0.0071480472882589075
1,evt_000721,5,174,1669963801403,1,0.3525379200776418,1,0,0,20,0.3421760499477386,0.3526989221572876,0.3488747179508209,0.04821471433333333,0.04821471433333333,0.01850310168007172,0.0036632021268208637,0.00016100207964581115,0.010361870129903195
1,evt_000722,5,306,1669963834736,1,0.3427798946698506,1,0,0,20,0.3385006487369537,0.3426927328109741,0.3397905826568603,0.018411149666666668,0.018411149666666668,0.01738610750520642,0.0029893120129902973,8.716185887647221e-05,0.0042792459328969135
1,evt_000723,5,527,1669965034544,0,0.3121450742085774,0,1,1,20,0.3025629818439483,0.3114897310733795,0.3072309792041778,0.04589378266666667,0.04589378266666667,0.028304520256612564,0.004914095004399599,0.0006553431351978833,0.009582092364629091
1,evt_000724,5,528,1669965079301,0,0.3495851457118988,0,1,1,20,0.3438211977481842,0.3495236933231354,0.3457869589328766,0.0245642549,0.0245642549,0.022565690666085735,0.003798186779022217,6.145238876342773e-05,0.0057639479637146
1,evt_000725,5,529,1669965121061,1,0.4420823653539021,0,1,1,20,0.4278672039508819,0.4415102303028106,0.4367477893829345,0.05844596333333333,0.05844596333333333,0.031106813476808513,0.005334575970967592,0.0005721350510914935,0.014215161403020204
1,evt_000726,5,530,1669965157267,1,0.4048968950907389,0,1,1,20,0.3919295370578766,0.4050557613372803,0.4003975093364715,0.05626524166666667,0.05626524166666667,0.02049069093065041,0.004499385754267393,0.00015886624654137815,0.012967358032862308
1,evt_000727,5,531,1669965194566,0,0.3726473251978556,0,1,1,20,0.3591412305831909,0.3730410635471344,0.3676523268222809,0.059736498,0.059736498,0.02938940754815508,0.004994998375574711,0.0003937383492788049,0.013506094614664677
1,evt_000728,5,532,1669965309245,1,0.3338465392589569,0,1,1,20,0.3279910683631897,0.3337072432041168,0.3298163115978241,0.02513332243333333,0.02513332243333333,0.024189931174547503,0.0040302276611328125,0.0001392960548400879,0.005855470895767212
1,evt_000729,5,533,1669965352684,1,0.3690877556800842,0,1,1,20,0.3557503521442413,0.3676787316799164,0.3641493320465088,0.05926311833333334,0.05926311833333334,0.02483132457149448,0.004938423633575384,0.0014090240001677912,0.013337403535842896
1,evt_000730,5,534,1669965392665,0,0.435975303252538,0,1,1,20,0.4267993867397308,0.4330712556838989,0.4319476187229156,0.03747496533333333,0.03747496533333333,0.017701707852181503,0.004027684529622433,0.002904047568639101,0.009175916512807247
1,evt_000731,5,535,1669965415628,0,0.3549832006295522,0,1,1,20,0.3407669067382812,0.3542291820049286,0.3496232330799103,0.06447516866666665,0.06447516866666665,0.027480038467553196,0.005359967549641909,0.000754018624623598,0.014216293891270992
1,evt_000805,6,315,1670137247245,0,0.2159789105256398,1,0,0,20,0.2195064276456833,0.2154874056577682,0.2204386740922927,-0.016689000283333335,0.019912139483333334,0.024648934054519966,0.004459763566652897,0.0004915048678716116,0.003527517120043483
1,evt_000806,6,256,1670137257753,0,0.1793386439482371,1,0,0,20,0.1840963214635849,0.1790831685066223,0.1834112852811813,-0.022357817033333335,0.024181479966666666,0.03206775121885015,0.004072641332944216,0.0002554754416148053,0.004757677515347808
1,evt_000807,6,172,1670137268647,0,0.148397296667099,1,0,0,20,0.1532025784254074,0.1481119245290756,0.1526597291231155,-0.023684101266666664,0.02528174633333333,0.033545605504037235,0.004262432456016513,0.0002853721380234042,0.004805281758308411
1,evt_000808,6,313,1670137295233,0,0.1920976638793945,1,0,0,20,0.1971916705369949,0.1920633316040039,0.1970142871141433,-0.02525540966666667,0.025805620666666668,0.03499473402724169,0.004916623234748785,3.4332275390597244e-05,0.005094006657600403
1,evt_000890,7,605,1670155947898,0,0.3175828059514363,0,3,1,20,0.3046426773071289,0.3175194561481476,0.313191682100296,0.06103281333333333,0.06103281333333333,0.025037431860978787,0.004391123851140266,6.334980328870365e-05,0.01294012864430738
1,evt_000891,7,606,1670155983387,0,0.3324039777119954,0,3,1,20,0.3189436793327331,0.3314768075942993,0.3275045454502105,0.06159944633333333,0.06159944633333333,0.024822868638247543,0.004899432261784908,0.0009271701176961078,0.013460298379262325
1,evt_000892,7,513,1670156026133,1,0.3047325313091278,1,3,1,20,0.2925566434860229,0.3054364025592804,0.3007359206676483,0.05785081066666666,0.05785081066666666,0.032804969352255985,0.003996610641479492,0.0007038712501525879,0.012175887823104914
1,evt_000893,7,607,1670156079011,0,0.2970215181509654,0,3,1,20,0.2839608788490295,0.2969130575656891,0.2924379408359527,0.06336001499999999,0.06336001499999999,0.02657769705995455,0.004583577315012688,0.00010846058527630431,0.013060639301935906
1,evt_000894,7,608,1670156105771,0,0.2232085863749186,0,3,1,20,0.2177551388740539,0.2228204756975174,0.2203890085220337,0.03173053866666667,0.03173053866666667,0.013872340059969991,0.002819577852884919,0.0003881106774012155,0.005453447500864711
1,evt_000895,7,610,1670156162381,1,0.2708712418874104,0,3,1,20,0.2596437036991119,0.2715425193309784,0.2670149505138397,0.05761406066666667,0.05761406066666667,0.022829899770327875,0.003856291373570686,0.0006712774435679858,0.011227538188298525
1,evt_000896,7,611,1670156210892,0,0.334611972173055,0,3,1,20,0.3207437098026275,0.3351103961467743,0.3298929929733276,0.062540667,0.062540667,0.029602696333524386,0.004718979199727413,0.0004984239737192975,0.013868262370427487
1,evt_000897,7,612,1670156222265,0,0.2848131855328877,0,3,1,20,0.2738950848579407,0.28401580452919,0.2801248729228973,0.053816661999999994,0.053816661999999994,0.029089905506836006,0.004688312609990419,0.0007973810036976947,0.010918100674947029
1,evt_000898,7,613,1670156268143,0,0.2614151984453201,0,3,1,20,0.250760555267334,0.2611422538757324,0.2570734620094299,0.05540150833333333,0.05540150833333333,0.029320894409960833,0.004341736435890198,0.000272944569587652,0.01065464317798609
1,evt_000899,7,614,1670156287465,0,0.2847866714000702,0,3,1,20,0.2792313992977142,0.2845523059368133,0.2814363539218902,0.0271581198,0.0271581198,0.02862182121000713,0.003350317478179987,0.00023436546325689145,0.0055552721023560125
1,evt_000900,7,615,1670156312999,1,0.2856110135714213,0,3,1,20,0.2735665142536163,0.2852319478988647,0.2806663811206817,0.058991372333333326,0.058991372333333326,0.03246844606373595,0.004944632450739617,0.00037906567255663326,0.012044499317805046
1,evt_000901,7,616,1670156345414,1,0.2732304433981578,1,3,1,20,0.2631204426288605,0.2729208171367645,0.2690673172473907,0.05081627166666666,0.05081627166666666,0.02930142698091577,0.0041631261507670825,0.00030962626139324767,0.0101100007692973
1,evt_000902,7,617,1670156385250,1,0.2998226682345072,0,3,1,20,0.2921243011951446,0.2998501658439636,0.295708417892456,0.036555387466666665,0.036555387466666665,0.02712375467253371,0.004114250342051207,2.7497609456417216e-05,0.007698367039362608
1,evt_001020,8,681,1670398021943,1,0.3202971418698628,0,3,1,20,0.3107117414474487,0.3208241164684295,0.3164863884449005,0.04485420366666667,0.04485420366666667,0.01871495735189755,0.0038107534249622876,0.0005269745985667096,0.009585400422414125
1,evt_001021,8,196,1670398067990,1,0.3072106738885243,1,3,0,20,0.3048640787601471,0.307251513004303,0.3047451972961426,0.0106282092,0.0106282092,0.008265957669184663,0.0024654765923817212,4.083911577867916e-05,0.0023465951283772046
1,evt_001022,8,682,1670398102041,1,0.3938982089360555,0,3,1,20,0.3873015642166137,0.3942719399929046,0.3900218307971954,0.027330674333333332,0.027330674333333332,0.020632307218448713,0.0038763781388601037,0.0003737310568491248,0.006596644719441769
1,evt_001023,8,683,1670398159821,1,0.402713527282079,0,3,1,20,0.3879992067813873,0.4013493955135345,0.3974308669567108,0.06149649399999999,0.06149649399999999,0.03353811913110505,0.005282660325368171,0.0013641317685444965,0.014714320500691713
1,evt_001024,8,684,1670398205331,0,0.4788714150587718,0,3,1,20,0.4713695049285888,0.4788708984851837,0.474432110786438,0.030072484666666666,0.030072484666666666,0.026048535788799412,0.004439304272333799,5.165735880718891e-07,0.007501910130182976
1,evt_001025,8,685,1670398239861,1,0.5237208803494772,0,3,1,20,0.5160955190658569,0.5234841704368591,0.5195327401161194,0.030620740999999996,0.030620740999999996,0.01912258362546071,0.004188140233357784,0.0002367099126180383,0.007625361283620236
1,evt_001026,8,182,1670398291529,1,0.2865767578283946,1,3,0,20,0.2824201285839081,0.286697119474411,0.2831402122974396,0.0193514729,0.0193514729,0.018753084999138723,0.0034365455309550152,0.0001203616460164203,0.004156629244486509
1,evt_001027,8,686,1670398344098,0,0.3512717982133229,0,3,1,20,0.3378964364528656,0.3512930572032928,0.3456405699253082,0.05983067066666667,0.05983067066666667,0.03259937729466477,0.005631228288014656,2.1258989969907827e-05,0.013375361760457283
1,evt_001028,8,687,1670399017463,0,0.5289771755536398,0,3,1,20,0.5239356160163879,0.5292416214942932,0.5259674191474915,0.02022868233333333,0.02022868233333333,0.007655392214368872,0.0030097564061483117,0.00026444594065344607,0.005041559537251827
1,evt_001029,8,688,1670399051059,1,0.3427790105342865,0,3,1,20,0.330621600151062,0.3429684340953827,0.3370867669582367,0.05422511866666666,0.05422511866666666,0.0312613598903388,0.005692243576049805,0.0001894235610961914,0.012157410383224487
1,evt_001030,8,211,1670399101433,0,0.2125244985024134,1,3,0,20,0.2096610516309738,0.2124933451414108,0.2095846384763717,0.014888857236666666,0.01500118963,0.01701797548363057,0.002939860026041685,3.1153361002594915e-05,0.0028634468714396066
1,evt_001031,8,218,1670399114667,0,0.2461195836464564,1,3,0,20,0.2422203570604324,0.246102288365364,0.2428274154663086,0.01887514083333333,0.01887514083333333,0.02188254379030636,0.0032921681801477976,1.729528109239986e-05,0.003899226586023985
1,evt_001032,8,205,1670399150245,0,0.253988300760587,1,3,0,20,0.248187854886055,0.2539910078048706,0.2503531873226166,0.030429683833333332,0.030429683833333332,0.023599545228508434,0.0036351134379704053,2.7070442836230058e-06,0.00580044587453199
1,evt_001139,9,783,1670415469474,0,0.3237112959225972,0,1,1,20,0.3194321691989898,0.3235768973827362,0.3207912743091583,0.019679392166666667,0.019679392166666667,0.015546713612681215,0.00292002161343885,0.00013439853986096928,0.004279126723607363
1,evt_001140,9,784,1670415517604,0,0.3271422088146209,0,1,1,20,0.3117819130420685,0.327138215303421,0.3213561475276947,0.07019755166666668,0.07019755166666668,0.03300312826990706,0.005786061286926214,3.993511199895661e-06,0.015360295772552435
1,evt_001141,9,785,1670415561157,0,0.3697440028190613,0,1,1,20,0.3627592623233795,0.3698185384273529,0.3653476238250732,0.030046529,0.030046529,0.028934911204792916,0.004396378993988093,7.453560829162598e-05,0.006984740495681763
1,evt_001142,9,786,1670415605083,0,0.2945784032344818,0,1,1,20,0.2890864312648773,0.2947430312633514,0.2912130653858185,0.026471897999999997,0.026471897999999997,0.019480360842386895,0.00336533784866333,0.0001646280288695734,0.005491971969604492
1,evt_001143,9,787,1670415658588,1,0.3530905644098918,0,1,1,20,0.3400023281574249,0.3529765903949737,0.3476335704326629,0.057605178666666666,0.057605178666666666,0.029321070299811198,0.0054569939772288745,0.00011397401491808345,0.013088236252466856
1,evt_001144,9,159,1670416522576,0,0.3000102341175079,1,0,0,20,0.2977206707000732,0.3000597357749939,0.2972692251205444,0.011113983899999999,0.011221250766666668,0.012382367728024776,0.002741008996963501,4.9501657486017425e-05,0.0022895634174346924
1,evt_001145,9,155,1670416539131,0,0.2382311622301737,1,0,0,20,0.2337372899055481,0.2381829172372818,0.2350044250488281,0.0246850649,0.0246850649,0.029634083045306455,0.0032267371813456125,4.824499289191042e-05,0.004493872324625614
1,evt_001146,9,163,1670416548144,1,0.4183385074138641,1,0,0,20,0.4154060781002044,0.4183225631713867,0.4158419668674469,0.012069369166666668,0.012069369166666668,0.009740141007422072,0.002496540546417181,1.594424247736148e-05,0.002932429313659668
1,evt_001147,9,168,1670416592087,0,0.3429927329222361,1,0,0,20,0.3394955396652221,0.343112587928772,0.3394864797592163,0.015421184433333332,0.015421184433333332,0.01729371501354895,0.003506253163019779,0.00011985500653588499,0.003497193257013975
1,evt_001148,9,153,1670416634556,1,0.3044997950394948,1,0,0,20,0.302093356847763,0.3045560419559479,0.3021873533725738,0.0113540457,0.0113540457,0.010463665792075675,0.002312441666921017,5.6246916453062124e-05,0.002406438191731808
1,evt_001149,9,157,1670416689363,0,0.2730505516131719,1,0,0,20,0.2676312625408172,0.2732006311416626,0.2693185806274414,0.026150042600000003,0.026150042600000003,0.032786309977895035,0.0037319709857304706,0.00015007952849072081,0.005419289072354672
1,evt_001253,10,846,1670487566979,1,0.3019963602224986,0,1,1,20,0.2901285588741302,0.3017608225345611,0.2967779636383056,0.05644965533333333,0.05644965533333333,0.027840614272428895,0.005218396584192986,0.00023553768793749263,0.0118678013483684
1,evt_001254,10,847,1670488843955,1,0.3796783586343129,0,1,1,20,0.372320145368576,0.3796612918376922,0.3750840127468109,0.03123477366666667,0.03123477366666667,0.019987577017566524,0.0045943458875019605,1.7066796620668345e-05,0.007358213265736879
1,evt_001255,10,848,1670488895051,1,0.4482679764429728,0,1,1,20,0.4422276020050049,0.4481679499149322,0.4442771971225738,0.024423265,0.024423265,0.020201392917089375,0.003990779320398985,0.00010002652804058654,0.006040374437967899
1,evt_001256,10,849,1670488932236,0,0.2699732383092244,0,1,1,20,0.2573431432247162,0.2699387669563293,0.2648382186889648,0.064419531,0.064419531,0.025036370746631568,0.005135019620259584,3.447135289508241e-05,0.012630095084508186
1,evt_001257,10,850,1670488956849,1,0.3328293661276499,0,1,1,20,0.3200637996196747,0.3327727019786834,0.3267989456653595,0.05741683266666667,0.05741683266666667,0.030889243741880342,0.006030420462290409,5.666414896648986e-05,0.012765566507975223
1,evt_001258,10,851,1670489000102,0,0.2943275868892669,0,1,1,20,0.2844136655330658,0.2941430807113647,0.2894698977470398,0.04783201866666666,0.04783201866666666,0.021692113698221258,0.004857689142227117,0.00018450617790222168,0.009913921356201116
1,evt_001259,10,852,1670489032998,1,0.3616111874580383,0,1,1,20,0.3556107580661773,0.361302375793457,0.3576957285404205,0.026028891666666665,0.026028891666666665,0.011703223878270304,0.003915458917617798,0.00030881166458129883,0.006000429391860962
1,evt_001260,10,407,1670489065739,1,0.3387268384297688,0,1,1,20,0.3334045708179474,0.3386845886707306,0.3351509869098663,0.023665115666666667,0.023665115666666667,0.017565494300639615,0.0035758515199025287,4.224975903821537e-05,0.0053222676118214185
1,evt_001261,10,853,1670489108954,1,0.4616025388240814,0,1,1,20,0.4533925056457519,0.4615499973297119,0.456639289855957,0.033005592,0.033005592,0.026125413598515255,0.004963248968124445,5.2541494369506836e-05,0.008210033178329523
1,evt_001262,10,854,1670489148475,1,0.3355890413125356,0,1,1,20,0.3238780796527862,0.3355279862880707,0.3299282193183899,0.05240961433333333,0.05240961433333333,0.0318576231770174,0.005660821994145693,6.105502446490663e-05,0.011710961659749386
1,evt_001263,10,855,1670489202080,1,0.3540376524130503,0,1,1,20,0.3505111634731293,0.3539174497127533,0.3511497974395752,0.015469904333333334,0.015469904333333334,0.007283971177710702,0.0028878549734751013,0.00012020270029700075,0.003526488939921024
1,evt_001378,11,919,1670591695198,1,0.4027047753334045,0,3,1,20,0.3893503248691559,0.4026463031768799,0.3971231281757355,0.056122757999999995,0.056122757999999995,0.026521584750456267,0.005581647157669012,5.847215652460269e-05,0.013354450464248602
1,evt_001379,11,920,1670591745886,1,0.3259530067443847,0,3,1,20,0.3157669305801391,0.3260198831558227,0.3212843835353851,0.04707078,0.04707078,0.021876131842377678,0.004668623208999634,6.687641143798828e-05,0.010186076164245605
1,evt_001380,11,204,1670591799450,1,0.249106282989184,1,3,0,20,0.2441548258066177,0.2491793632507324,0.2455118894577026,0.024291660566666665,0.024291660566666665,0.02881160870542438,0.003594393531481388,7.30802615483972e-05,0.004951457182566288
1,evt_001381,11,921,1670592613125,1,0.3420399030049642,0,1,1,20,0.3287841081619262,0.3423050940036773,0.3368732035160064,0.05901844333333334,0.05901844333333334,0.034852417123346774,0.00516669948895776,0.00026519099871313845,0.01325579484303796
1,evt_001382,11,922,1670592650381,1,0.3390399118264516,1,1,1,20,0.3251125812530517,0.339411050081253,0.333443284034729,0.06374104833333333,0.06374104833333333,0.029661070591543885,0.005596627791722597,0.0003711382548013953,0.013927330573399899
1,evt_001383,11,923,1670592692370,1,0.4058586756388346,0,1,1,20,0.3973221480846405,0.4060360491275787,0.4009770154953003,0.035616238333333335,0.035616238333333335,0.018993881543498133,0.0048816601435343054,0.00017737348874408143,0.008536527554194095
1,evt_001384,11,924,1670592747474,1,0.5451223452885946,0,1,1,20,0.5367185473442078,0.5448076725006104,0.5406175255775452,0.033835317000000004,0.033835317000000004,0.014200615325198342,0.004504819711049435,0.00031467278798424925,0.008403797944386837
1,evt_001385,11,925,1670592801942,1,0.3576096395651499,0,1,1,20,0.3530462086200714,0.3576115667819977,0.3542894423007965,0.01971720966666667,0.01971720966666667,0.012470121772757537,0.0033201972643533972,1.9272168477746376e-06,0.004563430945078495
1,evt_001386,11,926,1670592853827,1,0.2788213988145192,0,1,1,20,0.2717731893062591,0.2786248624324798,0.27486053109169,0.034992413,0.034992413,0.019575572191634263,0.0039608677228291644,0.00019653638203936952,0.007048209508260073
1,evt_001387,11,927,1670592865692,0,0.2974479695161183,0,1,1,20,0.2857354581356048,0.2972863912582397,0.292383074760437,0.056510555999999997,0.056510555999999997,0.02802123153297618,0.005064894755681282,0.00016157825787860292,0.01171251138051349
1,evt_001388,11,928,1670592918204,1,0.3784909844398498,0,1,1,20,0.371995598077774,0.3785737454891205,0.3740489184856415,0.02764954316666667,0.02764954316666667,0.015448162647984348,0.0044420659542083185,8.27610492706854e-05,0.006495386362075806
1,evt_001389,11,929,1670592971507,1,0.3222145239512126,0,1,1,20,0.3105416595935821,0.3223779499530792,0.3170530498027801,0.053931541,0.053931541,0.026798417704944084,0.005161474148432488,0.00016342600186664002,0.011672864357630486
1,evt_001390,11,930,1670593016467,1,0.3681664268175761,0,1,1,20,0.3566566407680511,0.3682693541049957,0.363188236951828,0.04976103066666667,0.04976103066666667,0.02665536217174594,0.004978189865748106,0.00010292728741961854,0.011509786049525017
1,evt_001505,12,205,1670744876901,0,0.2483555525541305,1,3,0,20,0.2428270578384399,0.2482189685106277,0.2449583560228347,0.029367086666666667,0.029367086666666667,0.025056186453719202,0.003397196531295804,0.00013658404350280762,0.005528494715690585
1,evt_001506,12,998,1670744887694,0,0.3603954712549845,0,3,1,20,0.3469981253147125,0.3584010601043701,0.3552834093570709,0.05885475066666667,0.05885475066666667,0.0305066192800826,0.005112061897913578,0.0019944111506143836,0.013397345940271976
1,evt_001507,12,999,1670744900828,0,0.2027988930543263,0,3,1,20,0.1958508640527725,0.1980240195989608,0.1993432193994522,0.0426811288,0.0426811288,0.026872862010982,0.003455673654874092,0.004774873455365508,0.006948029001553807
1,evt_001508,12,1000,1670744909870,1,0.4925366044044494,0,3,1,20,0.4858193397521972,0.483326107263565,0.4888150691986084,0.026919784000000002,0.026919784000000002,0.022275279079821155,0.003721535205841009,0.0092104971408844,0.006717264652252197
1,evt_001509,12,1001,1670744928565,0,0.4505241811275482,0,3,1,20,0.4405403137207031,0.4489001929759979,0.4469527304172516,0.0405863675,0.0405863675,0.019242678307817604,0.003571450710296631,0.001623988151550293,0.009983867406845093
1,evt_001510,12,210,1670744938717,0,0.2288697262605031,1,3,0,20,0.2293271869421005,0.2273919135332107,0.2298554331064224,-0.0021343078666666675,0.009814486133333333,0.006054049606547531,0.0009857068459193097,0.001477812727292388,0.00045746068159741027
1,evt_001511,12,1002,1670744944710,1,0.61109858751297,0,3,1,20,0.6077232360839844,0.6073722839355469,0.6098016500473022,0.014588529766666669,0.014588529766666669,0.012014033910237375,0.0012969374656677246,0.0037263035774230957,0.0033753514289855957
1,evt_001512,12,222,1670744955798,0,0.2953091959158579,1,3,0,20,0.2950931787490845,0.2946603298187256,0.2948261201381683,0.001023409278,0.001023409278,0.0007340139058732214,0.0004830757776896344,0.0006488660971323279,0.00021601716677344118
1,evt_001513,12,1003,1670744964128,0,0.3728599548339844,0,3,1,20,0.3730510175228119,0.3725583553314209,0.3748760521411896,-0.0006411119333333331,0.004820924733333333,0.0029119427741356014,0.0020160973072052,0.00030159950256347656,0.00019106268882751465
1,evt_001514,12,1004,1670745730463,1,0.3312269747257232,0,1,1,20,0.322158932685852,0.3334502279758453,0.3317060172557831,0.041034729066666664,0.041034729066666664,0.042291588815345685,0.00047904253005986996,0.0022232532501220703,0.009068042039871216
1,evt_001515,12,1005,1670745751065,0,0.3535004754861195,0,1,1,20,0.3503158986568451,0.3533496856689453,0.3538975715637207,0.013837659,0.024248101666666664,0.01709482389788473,0.0003970960776011889,0.0001507898171742017,0.0031845768292744214
1,evt_001516,12,1006,1670745764491,1,0.2373690952857335,0,1,1,20,0.2347599267959594,0.2423247545957565,0.2398937195539474,0.014941398333333333,0.020548049666666665,0.011570219834769961,0.0025246242682138986,0.004955659310023008,0.002609168489774105
1,evt_001634,13,1121,1672733233124,0,0.4488929808139801,0,1,1,20,0.444387823343277,0.440028578042984,0.4452792406082153,0.018107803833333335,0.018107803833333335,0.016348421073242823,0.003613740205764826,0.008864402770996094,0.004505157470703125
1,evt_001635,13,1122,1672733256678,1,0.4191281298796336,0,1,1,20,0.4126612246036529,0.4072641134262085,0.4148817062377929,0.026189838466666667,0.026189838466666667,0.02993250218251275,0.004246423641840691,0.011864016453425108,0.0064669052759807055
1,evt_001636,13,1123,1672733257835,0,0.241432378689448,0,1,1,20,0.2357790917158126,0.2372585982084274,0.2380293160676956,0.030240576333333335,0.030240576333333335,0.02243859996758354,0.003403062621752412,0.0041737804810206,0.005653286973635402
1,evt_001637,13,1124,1672733268908,0,0.3506122132142384,0,1,1,20,0.3469041883945465,0.3444081246852875,0.3475692570209503,0.0159027728,0.0159027728,0.01382179443886078,0.0030429561932880933,0.006204088528950935,0.003708024819691902
1,evt_001638,13,1125,1672733293014,1,0.3855465352535248,0,1,1,20,0.3801099061965942,0.3748564720153808,0.3812234699726105,0.022432743366666664,0.022432743366666664,0.020686020144990425,0.004323065280914307,0.010690063238143976,0.0054366290569305975
1,evt_001639,13,1126,1672733392020,0,0.3036620418230693,0,1,1,20,0.296665608882904,0.2939882278442383,0.2996552586555481,0.033261227,0.033261227,0.012467037542720643,0.004006783167521177,0.009673813978830992,0.006996432940165276
1,evt_001640,13,1127,1672733397907,0,0.5640077789624532,0,1,1,20,0.5594561696052551,0.5584225058555603,0.5606212615966797,0.0187546472,0.0187546472,0.014005549451245772,0.003386517365773556,0.005585273106892941,0.0045516093571981164
1,evt_001641,13,1128,1672733437986,0,0.3457213044166565,0,1,1,20,0.3342927396297455,0.3394210338592529,0.340835303068161,0.051169373,0.051169373,0.02055869029009058,0.004886001348495483,0.00630027055740362,0.01142856478691101
1,evt_001642,13,1129,1672733451833,0,0.330984354019165,0,1,1,20,0.3239164650440216,0.3208845853805542,0.3270220458507538,0.0319462845,0.0319462845,0.015605879445744418,0.003962308168411199,0.010099768638610784,0.007067888975143377
1,evt_001643,13,1130,1672733460843,0,0.4222825864950816,0,1,1,20,0.4087966382503509,0.4173045456409454,0.416604995727539,0.055531043999999995,0.055531043999999995,0.025269917508625835,0.005677590767542595,0.004978040854136223,0.013485948244730706
1,evt_001644,13,1131,1672733462361,0,0.4658694962660472,0,1,1,20,0.462571382522583,0.4606957733631134,0.4632488191127777,0.013224089566666666,0.013224089566666666,0.010251348485443429,0.0026206771532694684,0.005173722902933775,0.0032981137434641705
1,evt_001645,13,1132,1672733491068,1,0.6409461299578348,0,1,1,20,0.6377469301223755,0.6360419392585754,0.6382697224617004,0.014660953913333335,0.014660953913333335,0.01381996254882443,0.002676407496134403,0.004904190699259403,0.0031991998354593543
1,evt_001646,13,1133,1672733622331,0,0.3967929979165395,0,1,1,20,0.392336368560791,0.3947568237781524,0.3931356370449066,0.0181232559,0.0181232559,0.01838402455804295,0.0036573608716328754,0.0020361741383870813,0.004456629355748476
1,evt_001761,14,1207,1672836297393,0,0.3015910784403483,0,3,1,20,0.3053592145442962,0.3012990951538086,0.3063378036022186,-0.016661597400000002,0.020922791933333334,0.02511654047094386,0.004746725161870247,0.00029198328653973205,0.0037681361039478833
1,evt_001762,14,205,1672836329053,0,0.241665169596672,1,3,0,20,0.245246484875679,0.2416621297597885,0.2473896294832229,-0.018963443533333336,0.028816129800000003,0.030720909436945,0.005724459886550903,3.0398368834894107e-06,0.0035813152790069858
1,evt_001763,14,210,1672836352679,0,0.2206245064735412,1,3,0,20,0.2247164994478225,0.2207386642694473,0.225235566496849,-0.02213678500333333,0.025576618996666665,0.03257052208060734,0.0046110600233078,0.00011415779590609465,0.004091992974281283
1,evt_001764,14,1208,1672836357273,1,0.2236793885628382,0,3,1,20,0.2273124903440475,0.2248498648405075,0.2288845777511596,-0.018917064133333335,0.025176162533333334,0.02918058866729049,0.005205189188321413,0.0011704762776693078,0.0036331017812092914
1,evt_001765,14,211,1672836536260,0,0.1861953188975652,1,3,0,20,0.1916134357452392,0.1871793121099472,0.1915232688188552,-0.028501240826666663,0.028501240826666663,0.03785429216119407,0.005327949921290015,0.0009839932123820172,0.005418116847674015
1,evt_001766,14,222,1672836538375,0,0.2729088266690572,1,3,0,20,0.2772178947925567,0.2733008563518524,0.2769416272640228,-0.0193430385,0.0193430385,0.025019300341012594,0.004032800594965635,0.0003920296827952252,0.004309068123499515
1,evt_001767,14,1209,1672837066019,1,0.3402751982212066,0,1,1,20,0.3413217067718506,0.3418622016906738,0.3474687039852142,-0.006202050766666668,0.04349903856666667,0.028164119208253888,0.007193505764007568,0.001587003469467163,0.0010465085506439764
1,evt_001768,14,1210,1672837124168,1,0.2234423408905665,0,1,1,20,0.2269243001937866,0.223672866821289,0.2297718524932861,-0.018515217666666667,0.030870084333333336,0.03006840551819572,0.006329511602719606,0.00023052593072250827,0.0034819593032200946
1,evt_001769,14,1211,1672837163998,1,0.3660208980242411,0,1,1,20,0.3707087337970733,0.365902692079544,0.3726890385150909,-0.01965701753333333,0.024604646466666668,0.029548475487369802,0.006668140490849794,0.00011820594469708068,0.004687835772832216
1,evt_001770,14,1212,1672837201189,1,0.2893665830294291,0,1,1,20,0.2940092384815216,0.2896572053432464,0.2954815924167633,-0.0221593606,0.0342421586,0.03588570695494002,0.006115009387334225,0.0002906223138173236,0.004642655452092526
1,evt_001771,14,1213,1672837254276,0,0.277060051759084,0,1,1,20,0.2793653905391693,0.2782478928565979,0.283826619386673,-0.0123796552,0.04009243146666667,0.031719581140330314,0.006766567627588982,0.0011878410975139087,0.0023053387800853198
1,evt_001895,15,212,1672887093975,0,0.2117539743582407,1,3,0,20,0.2104497551918029,0.2097273468971252,0.2101740837097168,0.0073264574333333325,0.0073264574333333325,0.0068112772083297295,0.0015798906485239017,0.00202662746111551,0.0013042191664378033
1,evt_001896,15,203,1672887102370,0,0.275489737590154,1,3,0,20,0.2688643932342529,0.2695950269699096,0.2715587913990021,0.032637342333333326,0.032637342333333326,0.02594292835227391,0.003930946191151918,0.005894710620244381,0.006625344355901119
1,evt_001897,15,1285,1672887132053,0,0.4422655900319417,0,3,1,20,0.4353398084640503,0.4388097822666168,0.4380908906459808,0.02815751466666667,0.02815751466666667,0.011780569279861064,0.004174699385960934,0.003455807765324892,0.00692578156789142
1,evt_001898,15,211,1672887159738,1,0.2194952170054117,1,3,0,20,0.2167379856109619,0.2148957401514053,0.2166657000780105,0.014194147206666667,0.014318180126666665,0.016701495449689352,0.0028295169274011878,0.004599476854006385,0.002757231394449805
1,evt_001899,15,226,1672887173296,0,0.1957559386889139,1,3,0,20,0.1921464651823043,0.1943848729133606,0.1931429952383041,0.020225027166666666,0.020225027166666666,0.024040223308579117,0.002612943450609778,0.001371065775553293,0.0036094735066095895
1,evt_001900,15,218,1672887182681,0,0.251504510641098,1,3,0,20,0.2480921000242233,0.2497899681329727,0.2487037777900695,0.01640499130666667,0.016508438893333335,0.019748307974308616,0.0028007328510285256,0.001714542508125333,0.0034124106168747226
1,evt_001901,15,221,1672887199566,0,0.3248524367809295,1,3,0,20,0.3212084472179413,0.3222503662109375,0.3223731815814972,0.016114270333333333,0.016114270333333333,0.014919463590834922,0.0024792551994323175,0.00260207056999201,0.0036439895629882257
1,evt_001902,15,1286,1672887207384,1,0.2808680931727091,0,3,1,20,0.2730152904987335,0.2806702852249145,0.2764696180820465,0.038621813,0.038621813,0.02480638022910916,0.004398475090662601,0.00019780794779461486,0.00785280267397559
1,evt_001903,15,1287,1672887246600,0,0.398616760969162,0,3,1,20,0.3910071551799774,0.3981296122074127,0.3940643966197967,0.0312147589,0.0312147589,0.0318364930326744,0.00455236434936529,0.0004871487617492676,0.00760960578918457
1,evt_001904,15,1288,1672887279621,1,0.3123132189114888,0,3,1,20,0.3032965958118438,0.3122691214084625,0.3071464300155639,0.04171800233333334,0.04171800233333334,0.02545185842131161,0.0051667888959248676,4.409750302625248e-05,0.00901662309964496
1,evt_001905,15,205,1672887323515,1,0.2525294075409571,1,3,0,20,0.2467401772737503,0.2515639960765838,0.2488981336355209,0.030492891999999997,0.030492891999999997,0.023180953395132434,0.0036312739054361887,0.0009654114643732892,0.005789230267206791
1,evt_001906,15,222,1672887357250,0,0.3013149996598561,1,3,0,20,0.2995948493480682,0.2987973690032959,0.2993313670158386,0.007787522366666667,0.007787522366666667,0.0077089845624399595,0.0019836326440174634,0.002517630656560188,0.0017201503117879047
1,evt_001907,15,1289,1672887414544,1,0.4001477758089701,0,3,1,20,0.3919227123260498,0.3941524028778076,0.3960829079151153,0.034350615,0.034350615,0.01829153274914046,0.0040648678938547955,0.005995372931162479,0.008225063482920292
1,evt_001908,15,1290,1672887471061,1,0.2854793469111125,0,3,1,20,0.2785321474075317,0.2809127271175384,0.2813104391098022,0.03330494683333333,0.03330494683333333,0.0305099137816205,0.004168907801310295,0.004566619793574089,0.006947199503580803
1,evt_001909,15,1291,1672887526234,1,0.3177246848742167,0,3,1,20,0.3098234236240387,0.3161888122558594,0.3140386044979095,0.03670144733333333,0.03670144733333333,0.016354188628549655,0.003686080376307188,0.0015358726183573035,0.007901261250177982
1,evt_002024,16,1408,1672906177854,0,0.4174726804097493,0,1,1,20,0.4229917526245117,0.4182828366756439,0.4250181913375854,-0.02265376620333333,0.02271712290333333,0.03158333571522757,0.007545510927836119,0.000810156265894646,0.005519072214762444
1,evt_002025,16,1409,1672906195544,0,0.2812589903672536,0,1,1,20,0.2841103374958038,0.2803473770618438,0.2873462736606598,-0.013762790266666667,0.0245559284,0.023682482287035816,0.006087283293406187,0.0009116133054097864,0.0028513471285501746
1,evt_002026,16,1410,1672906207295,0,0.4512524306774139,0,1,1,20,0.4463952481746673,0.4476036131381988,0.4528515338897705,0.019735963999999998,0.028310808666666663,0.02313837995900062,0.001599103212356623,0.003648817539215088,0.004857182502746582
1,evt_002027,16,1412,1672906269256,1,0.2618212799231211,0,1,1,20,0.262241929769516,0.2669448852539062,0.2709827125072479,-0.00011628866666666775,0.043106834000000004,0.02470278586642832,0.009161432584126827,0.005123605330785097,0.0004206498463948938
1,evt_002028,16,1413,1672906305163,0,0.4456378718217214,0,1,1,20,0.4500366449356079,0.449472576379776,0.4523180425167084,-0.017795598493333332,0.018266689739999998,0.02485664697478015,0.006680170694986998,0.0038347045580546246,0.004398773113886534
1,evt_002029,16,1414,1672906999194,1,0.2536354313294093,0,1,1,20,0.2552622854709625,0.2552511096000671,0.258417397737503,-0.008186848766666666,0.02588914656666667,0.019008258202263748,0.004781966408093696,0.0016156782706577832,0.0016268541415532245
1,evt_002030,16,1415,1672907039872,1,0.3514455258846283,0,1,1,20,0.3509677350521087,0.3516887128353119,0.3572904169559479,0.0026064455666666687,0.031078205566666666,0.016760870263407307,0.00584489107131958,0.00024318695068359375,0.00047779083251958676
1,evt_002031,16,1416,1672907078452,0,0.2779800295829773,0,1,1,20,0.27755007147789,0.2796042859554291,0.2847847044467926,0.003334627666666668,0.036894007666666666,0.017747004249199286,0.006804674863815308,0.0016242563724517822,0.0004299581050872803
1,evt_002032,16,1417,1672907592063,1,0.2824624975522359,0,1,1,20,0.2869555950164795,0.2909705936908722,0.2939006984233856,-0.020796198566666667,0.030975141433333336,0.0330170947461576,0.011438200871149717,0.00850809613863629,0.0044930974642435895
1,evt_002033,16,1418,1672907642147,1,0.3125933905442555,0,1,1,20,0.3167323768138885,0.3149373531341553,0.3184938132762909,-0.01928288532,0.021054281346666665,0.027911045522597915,0.005900422732035393,0.002343962589899773,0.004138986269632994
1,evt_002144,17,212,1672992927533,0,0.1903547843297322,1,3,0,20,0.1940305382013321,0.1902828365564346,0.1937410086393356,-0.020209218533333333,0.020209218533333333,0.027274305613486306,0.0033862243096033917,7.194777329760926e-05,0.0036757538715998794
1,evt_002145,17,1474,1672992932779,1,0.3295010924339294,0,3,1,20,0.3317479789257049,0.3303417265415191,0.3368090689182281,-0.010407122323333332,0.040442355656666665,0.030769252737955628,0.007307976484298706,0.0008406341075897217,0.0022468864917755127
1,evt_002146,17,1475,1672992957446,1,0.3481396536032359,0,3,1,20,0.3527203500270843,0.3480786085128784,0.3545476198196411,-0.01940468898666667,0.023561136653333332,0.028823064001650765,0.006407966216405214,6.104509035748107e-05,0.004580696423848396
1,evt_002147,17,204,1672993000495,0,0.2303764025370279,1,3,0,20,0.235442042350769,0.2300109267234802,0.2367890328168869,-0.025202419900000005,0.026803600766666668,0.03467645193287448,0.006412630279859,0.0003654758135477054,0.005065639813741085
1,evt_002148,17,221,1672993011072,0,0.306156188249588,1,3,0,20,0.3099023103713989,0.3053379356861114,0.3110541403293609,-0.016442864800000002,0.0194540986,0.02382875771706825,0.004897952079772894,0.000818252563476618,0.003746122121810913
1,evt_002149,17,205,1672993017824,1,0.2425063649813334,1,3,0,20,0.2431405782699585,0.239861711859703,0.2452785968780517,-0.002927954,0.015833814,0.009346858665601936,0.002772231896718297,0.002644653121630397,0.0006342132886250906
1,evt_002150,17,1476,1672993051270,1,0.401704082886378,0,3,1,20,0.3973264992237091,0.398372620344162,0.4058637320995331,0.017704119333333337,0.04189907733333333,0.02444492750021739,0.004159649213155092,0.0033314625422160016,0.0043775836626688824
1,evt_002151,17,1477,1672993095040,0,0.3238537808259328,0,3,1,20,0.3223249316215515,0.3214297592639923,0.3293138444423675,0.007071450333333333,0.03714204566666667,0.02023799765303952,0.005460063616434696,0.0024240215619404926,0.0015288492043812885
1,evt_002152,17,203,1672993101149,0,0.263767808675766,1,3,0,20,0.2669737040996551,0.2634797096252441,0.2696610391139984,-0.015570840599999998,0.0295493094,0.027932549472461186,0.005893230438232422,0.0002880990505219061,0.0032058954238891046
1,evt_002153,17,211,1672993130219,0,0.2091491768757502,1,3,0,20,0.2143731564283371,0.208926722407341,0.2142982333898544,-0.027067189020000004,0.027067189020000004,0.03642054002623151,0.005149056514104217,0.00022245446840918337,0.00522397955258691
1,evt_002154,17,1478,1672993138098,0,0.3796955446402232,0,3,1,20,0.3805680274963379,0.379787802696228,0.3859895765781402,-0.003962006766666665,0.03961615323333333,0.02807923033744355,0.0062940319379169996,9.225805600482362e-05,0.0008724828561146869
1,evt_002155,17,210,1672993160863,0,0.2266889810562133,1,3,0,20,0.2307296991348266,0.226819708943367,0.2312615364789962,-0.021731899166666666,0.02617448483333333,0.032385440249878654,0.004572555422782898,0.00013072788715370876,0.004040718078613309
1,evt_002156,17,218,1672993178210,0,0.2401812026898066,1,3,0,20,0.2453307658433914,0.2402746677398681,0.2459388226270675,-0.025053545713333333,0.025053545713333333,0.03323150354879519,0.005757619937260899,9.346505006149752e-05,0.00514956315358478
1,evt_002157,17,1243,1672993184585,0,0.3985798756281535,0,3,1,20,0.4002923965454101,0.398291140794754,0.4045080840587616,-0.007401102133333333,0.035329551199999996,0.024362386075507742,0.005928208430608095,0.00028873483339952877,0.0017125209172565992
1,evt_002279,18,1384,1673009829447,1,0.2771243105332057,1,1,1,20,0.2769522368907928,0.276532381772995,0.2834289968013763,-0.0011721160000000008,0.050912504,0.032409707648390663,0.006304686268170601,0.0005919287602106915,0.00017207364241289547
1,evt_002280,18,1547,1673009878162,1,0.280732383330663,0,1,1,20,0.2851465344429016,0.280789166688919,0.2870683372020721,-0.020542816413333335,0.026676343746666668,0.03126672021283292,0.006335953871409061,5.678335825598513e-05,0.004414151112238585
1,evt_002281,18,1548,1673010009380,1,0.3956186274687449,0,1,1,20,0.3997680246829986,0.3960786759853363,0.4015765190124511,-0.017215180933333334,0.030808232399999996,0.030166062582115155,0.00595789154370624,0.000460048516591427,0.004149397214253725
1,evt_002282,18,1549,1673010047847,0,0.2672779659430186,0,1,1,20,0.2713139951229095,0.2672536671161651,0.2723320424556732,-0.019745078043333333,0.027469801956666665,0.030969198317813907,0.005054076512654604,2.429882685350826e-05,0.0040360291798908765
1,evt_002283,18,1550,1673010059745,0,0.2244288424650828,0,1,1,20,0.2266394048929214,0.224371388554573,0.2289729863405227,-0.012847492566666667,0.0345573541,0.02787441007562676,0.0045441438754399155,5.745391050979154e-05,0.002210562427838597
1,evt_002284,18,1551,1673010110780,0,0.2546696712573369,0,1,1,20,0.2547223567962646,0.2549023628234863,0.2609894573688507,-0.0009285382666666628,0.046913338400000004,0.03152508037762999,0.006319786111513792,0.0002326915661493567,5.268553892767702e-05
1,evt_002285,18,1307,1673010141652,0,0.3338578542073567,0,1,1,20,0.3343358933925628,0.333486407995224,0.3419516384601593,-0.002914431466666668,0.05039742186666666,0.031018768637590143,0.008093784252802605,0.0003714462121326978,0.0004780391852061139
1,evt_002286,18,1552,1673010151105,1,0.252357264359792,0,1,1,20,0.2543119490146637,0.2523047626018524,0.2575606107711792,-0.0104585052,0.0385032748,0.029370915798612514,0.0052033464113872,5.250175793958256e-05,0.0019546846548716967
1,evt_002287,18,1553,1673010180986,0,0.3151804109414418,0,1,1,20,0.3164813220500946,0.3154103457927704,0.3226843476295471,-0.006442641666666665,0.04554887566666666,0.03187941552667339,0.007503936688105339,0.00022993485132860592,0.0013009111086528247
1,evt_002288,18,1554,1673010194961,1,0.3307159344355265,0,1,1,20,0.3349737823009491,0.3310922682285309,0.3366696536540985,-0.018627972343333334,0.023460572609999997,0.028197981245489997,0.005953719218572018,0.00037633379300439085,0.004257847865422604
1,evt_002289,18,1555,1673010223056,0,0.3475524882475535,0,1,1,20,0.3517968356609344,0.3477001190185547,0.3549830615520477,-0.018234537433333333,0.0374261559,0.03441724522202382,0.007430573304494148,0.0001476307710011615,0.004244347413380867
1,evt_002290,18,1480,1673010232893,0,0.3394210338592529,0,1,1,20,0.3415485322475433,0.3396971523761749,0.3461872637271881,-0.009931210666666667,0.040717296,0.028759477802503902,0.006766229867935236,0.0002761185169220526,0.0021274983882904053
1,evt_002291,18,1556,1673010241722,0,0.4245704710483551,0,1,1,20,0.4310623109340668,0.4247898757457733,0.432565301656723,-0.02626361324333333,0.028810553423333333,0.038068625044521597,0.00799483060836792,0.0002194046974182129,0.00649183988571167
1,evt_002400,19,218,1673250991667,0,0.2284631331761678,1,3,0,20,0.2333468198776245,0.2303108423948288,0.2339435368776321,-0.02367207685666667,0.02367207685666667,0.03271292341569418,0.005480403701464326,0.001847709218661009,0.004883686701456724
1,evt_002401,19,1624,1673251003945,0,0.3343002001444499,0,3,1,20,0.3374876081943512,0.3412364423274994,0.3470364511013031,-0.017211804,0.037356016,0.031463460493931124,0.012736250956853212,0.006936242183049501,0.003187408049901308
1,evt_002402,19,1625,1673251041014,0,0.3307625253995259,0,3,1,20,0.3341377079486847,0.3338440954685211,0.3414113521575928,-0.017305835333333335,0.029313078000000003,0.028720096986897207,0.010648826758066887,0.003081570068995232,0.003375182549158806
1,evt_002403,19,212,1673251062161,0,0.186833381652832,1,3,0,20,0.1902907341718673,0.1868441551923751,0.1899905651807785,-0.018930646833333332,0.018930646833333332,0.025568398389165248,0.0031571835279465,1.0773539543096344e-05,0.003457352519035284
1,evt_002404,19,210,1673251069895,0,0.2234705686569214,1,3,0,20,0.2271338254213333,0.2234185189008712,0.2276582866907119,-0.019692901366666665,0.02284240176666667,0.02846804188675244,0.004187718033790505,5.204975605019313e-05,0.0036632567644119263
1,evt_002405,19,1626,1673251079823,1,0.2614191224177678,0,3,1,20,0.2592097222805023,0.2560768723487854,0.2647271156311035,0.010614448333333332,0.036568561666666666,0.022500026186212232,0.0033079932133356915,0.005342250068982424,0.0022094001372655048
1,evt_002406,19,206,1673251110536,1,0.2436504711707433,1,3,0,20,0.243650272488594,0.2392380833625793,0.2438843995332718,0.00030019063333333335,0.004143215033333334,0.001305086275190751,0.00023392836252850158,0.004412387808163998,1.9868214928830952e-07
1,evt_002407,19,1627,1673251144057,0,0.2652176022529602,0,3,1,20,0.265238493680954,0.2627326548099518,0.2694955170154571,9.50913333333317e-05,0.02729519666666667,0.014814247109662202,0.004277914762496893,0.002484947443008423,2.0891427993774414e-05
1,evt_002408,19,1470,1673251152174,0,0.3969365954399109,1,3,1,20,0.3985818922519684,0.4030151665210724,0.4046115577220917,-0.007423522533333335,0.03523412413333333,0.023040009856218232,0.007674962282180786,0.006078571081161499,0.0016452968120574951
1,evt_002409,19,205,1673251163606,0,0.2442905654509862,1,3,0,20,0.2475462108850479,0.2490072846412658,0.2497070431709289,-0.017510647666666667,0.02488161233333333,0.027489267546505686,0.005416477719942692,0.004716719190279606,0.0032556454340617047
1,evt_002410,19,204,1673251176054,1,0.2332783093055089,1,3,0,20,0.2383012771606445,0.2333349734544754,0.2396503239870071,-0.025083739380133335,0.025083739380133335,0.03429698984484216,0.0063720146814982,5.666414896648986e-05,0.0050229678551355905
1,evt_002514,20,1429,1673337976876,0,0.2937463323275248,0,3,1,20,0.286032885313034,0.2936066389083862,0.289697527885437,0.03720007633333333,0.03720007633333333,0.019176657220317975,0.004048804442087772,0.000139693419138609,0.007713447014490782
1,evt_002515,20,1673,1673338129610,0,0.3586307466030121,0,3,1,20,0.3448298871517181,0.358393907546997,0.3532903492450714,0.060925862666666664,0.060925862666666664,0.030352701706251248,0.005340397357940674,0.00023683905601507016,0.013800859451294
1,evt_002516,20,1674,1673338140431,0,0.3214170237382253,0,3,1,20,0.3124637305736542,0.3212064802646637,0.3163517713546753,0.04086065233333333,0.04086065233333333,0.023273983871731203,0.00506525238354999,0.00021054347356158631,0.008953293164571108
1,evt_002517,20,1675,1673338190606,0,0.3377170264720917,0,3,1,20,0.3300686776638031,0.3377817571163177,0.3330862820148468,0.034391457333333326,0.034391457333333326,0.015997340669048492,0.004630744457244873,6.473064422601871e-05,0.007648348808288574
1,evt_002518,20,1676,1673338198751,1,0.3429952164491017,0,3,1,20,0.3349372446537018,0.3432680666446686,0.3386573791503906,0.03522917033333334,0.03522917033333334,0.031133369489227045,0.004337837298711067,0.00027285019556688717,0.00805797179539991
1,evt_002519,20,1678,1673338254100,0,0.2556136846542358,0,3,1,20,0.2516252994537353,0.2556616961956024,0.2527303695678711,0.020352578333333333,0.020352578333333333,0.017496392026230403,0.0028833150863646906,4.801154136663266e-05,0.003988385200500488
1,evt_002520,20,1679,1673338271176,0,0.3203097681204478,0,3,1,20,0.3151280581951141,0.3205960988998413,0.3162808120250702,0.0234926095,0.0234926095,0.018454210225734517,0.004028956095377623,0.0002863307793934955,0.005181709925333733
1,evt_002521,20,312,1673338281102,0,0.2470738689104716,1,3,0,20,0.2423128336668014,0.2471528798341751,0.243749663233757,0.024660893833333336,0.024660893833333336,0.024199401822944767,0.0033242056767145978,7.901092370352081e-05,0.004761035243670192
1,evt_002522,20,174,1673338290777,0,0.3056677083174388,1,3,0,20,0.2954054176807403,0.3062551319599151,0.301747590303421,0.049639031,0.049639031,0.01974066296250125,0.003920118014017759,0.0005874236424763257,0.010262290636698479
1,evt_002523,20,315,1673338323187,0,0.2819439470767975,1,3,0,20,0.2778350412845611,0.2820934951305389,0.2788477838039398,0.01955429356666667,0.01955429356666667,0.021227136133329536,0.003096163272857666,0.00014954805374139957,0.004108905792236384
1,evt_002524,20,257,1673338336134,0,0.3241551617781321,1,3,0,20,0.31972336769104,0.324271947145462,0.3205070793628692,0.019477546266666666,0.019477546266666666,0.022124613312490753,0.0036480824152628766,0.00011678536732989686,0.0044317940870921
1,evt_002525,20,1680,1673339243953,1,0.3237442374229431,0,1,1,20,0.3110615313053131,0.3241893351078033,0.3186864554882049,0.058843791,0.058843791,0.026949897801360246,0.005057781934738215,0.000445097684860174,0.012682706117630005
1,evt_002644,21,1796,1677661723380,0,0.2881548702716827,0,1,1,20,0.2830512821674347,0.288547545671463,0.2850497364997864,0.02485430866666667,0.02485430866666667,0.017567038851083683,0.003105133771896307,0.00039267539978032895,0.005103588104247991
1,evt_002645,21,1797,1677661769555,0,0.3468748728434245,0,1,1,20,0.3346098661422729,0.3474785089492798,0.3425382673740387,0.05457801333333334,0.05457801333333334,0.02896861294316354,0.004336605469385801,0.0006036361058552875,0.012265006701151604
1,evt_002646,21,1798,1677661789063,0,0.3251154720783233,0,1,1,20,0.3164117038249969,0.325726717710495,0.320696473121643,0.039620334,0.039620334,0.024319551665948447,0.004418998956680298,0.0006112456321716864,0.008703768253326416
1,evt_002647,21,1799,1677661796505,0,0.2529468983411789,0,1,1,20,0.2447398900985717,0.2533582150936126,0.2492552548646927,0.043486074333333326,0.043486074333333326,0.01981623934478999,0.003691643476486206,0.00041131675243372134,0.0082070082426072
1,evt_002648,21,1800,1677661814740,0,0.1875381618738174,0,1,1,20,0.1841789931058883,0.1877194046974182,0.1852891445159912,0.022049101533333334,0.022049101533333334,0.02028888108374207,0.0022490173578261774,0.00018124282360082455,0.003359168767929077
1,evt_002649,21,1801,1677661840723,1,0.4779549340407054,0,1,1,20,0.4704912900924682,0.4784295558929443,0.4740547239780426,0.029928570999999998,0.029928570999999998,0.012236334187324269,0.003900210062662779,0.00047462185223889897,0.007463643948237175
1,evt_002650,21,1802,1677661924792,1,0.2691920101642608,1,1,1,20,0.2614836692810058,0.2695288062095642,0.2660408914089203,0.03943102366666667,0.03943102366666667,0.01964692438378578,0.0031511187553405207,0.00033679604530340024,0.007708340883255005
1,evt_002651,21,1803,1677661970953,1,0.3466171721617381,0,1,1,20,0.3389069139957428,0.347085952758789,0.3426961898803711,0.03390292466666667,0.03390292466666667,0.017769412363042254,0.0039209822813670026,0.0004687805970509107,0.0077102581659952985
1,evt_002652,21,1804,1677662030404,0,0.2496857394774755,0,1,1,20,0.2426585704088211,0.2499393671751022,0.2459557056427002,0.037298353666666666,0.037298353666666666,0.021869350078549087,0.003730033834775298,0.00025362769762671267,0.0070271690686543875
1,evt_002653,21,1805,1677662041560,0,0.3980024258295695,0,1,1,20,0.3846807777881622,0.398221492767334,0.3928107023239136,0.05571990866666667,0.05571990866666667,0.025322036881227087,0.005191723505655943,0.00021906693776446717,0.013321648041407341
1,evt_002654,21,1806,1677662080421,1,0.3637642463048299,0,1,1,20,0.3541750013828277,0.363819271326065,0.3589611053466797,0.041182057,0.041182057,0.032449876052928685,0.004803140958150209,5.5025021235111105e-05,0.009589244922002194
1,evt_002655,21,1807,1677662132360,0,0.3068400720755259,0,1,1,20,0.3013240694999695,0.3069524466991424,0.3040442168712616,0.026033900666666665,0.026033900666666665,0.013471214717798772,0.002795855204264286,0.00011237462361651795,0.0055160025755564
1,evt_002656,21,1808,1677662173456,0,0.2979962428410848,0,1,1,20,0.2914362847805023,0.2981771230697632,0.2950874865055084,0.031434061,0.031434061,0.009834430806470736,0.002908756335576357,0.00018088022867840392,0.00655995806058246
1,evt_002765,22,1915,1677849007135,0,0.2675827145576477,0,2,2,20,0.266287237405777,0.2663079500198364,0.2694292068481445,0.006691160266666666,0.016171853599999998,0.011055184610263544,0.0018464922904967707,0.0012747645378112793,0.0012954771518707275
1,evt_002766,22,1916,1677849043824,0,0.339625875155131,0,2,2,20,0.3370634615421295,0.3355350792407989,0.3386724889278412,0.011356329899999998,0.011356329899999998,0.009009781393949165,0.0009533862272897986,0.0040907959143320904,0.0025624136130014685
1,evt_002767,22,1917,1677849068257,0,0.3922111491362254,0,2,2,20,0.3912254273891449,0.3928180634975433,0.3937518894672394,0.004176747000000001,0.014275996999999999,0.00645786377945251,0.001540740331013979,0.0006069143613178785,0.0009857217470805035
1,evt_002768,22,1918,1677849184656,0,0.2059624244769414,0,2,2,20,0.202898621559143,0.2021835595369339,0.2051485031843185,0.018696846566666665,0.018696846566666665,0.010426754632320689,0.0008139212926229211,0.003778864940007509,0.003063802917798397
1,evt_002769,22,1919,1677849279173,0,0.4374492665131886,0,2,2,20,0.4372265040874481,0.4336593151092529,0.4393804371356964,0.0009407652333333332,0.008236027233333333,0.0026132454018911126,0.0019311706225078051,0.003789951403935732,0.00022276242574048588
1,evt_002770,22,1920,1677849307815,0,0.3576163550217946,0,2,2,20,0.3562755584716797,0.3527382910251617,0.3584104478359222,0.0058573329000000006,0.0065958673666666676,0.006760474026380513,0.0007940928141275672,0.004878063996632931,0.001340796550114931
1,evt_002771,22,1921,1677849323701,1,0.3204724689324696,0,2,2,20,0.3203553259372711,0.3188827037811279,0.3206490278244018,0.0005942018000000002,0.005173700866666666,0.002431864940560345,0.0001765588919321881,0.0015897651513417377,0.0001171429951984937
1,evt_002772,22,1922,1677849381306,0,0.2347733477751414,0,2,2,20,0.233573317527771,0.2360032945871353,0.2350955158472061,0.006751832493333334,0.006751832493333334,0.005465667585588957,0.0003221680720646991,0.0012299468119938983,0.0012000302473703928
1,evt_002773,22,1923,1677849386279,0,0.5388267437616984,0,2,2,20,0.5400773882865906,0.5390655994415283,0.5402717590332031,-0.005068362833333334,0.009296119166666667,0.008799310479592936,0.001445015271504757,0.00023885567982995237,0.0012506445248922082
1,evt_002774,22,1924,1677849402882,0,0.3271800577640533,0,2,2,20,0.3281631767749786,0.3238644599914551,0.3286336362361908,-0.004293943780000001,0.006991976446666667,0.007036730524800947,0.0014535784721375067,0.003315597772598211,0.000983119010925293
1,evt_002861,23,1901,1677832862747,1,0.2730284780263901,1,1,1,20,0.2618651390075683,0.2730886936187744,0.2685576379299164,0.05549205233333334,0.05549205233333334,0.024140630934801247,0.004470840096473694,6.021559238433838e-05,0.011163339018821772
1,evt_002862,23,2009,1677832914969,0,0.3986370762189229,0,1,1,20,0.3878319561481476,0.3986527025699615,0.3937410414218902,0.045162543,0.045162543,0.022463146720848454,0.004896034797032711,1.56263510385779e-05,0.010805120070775331
1,evt_002863,23,2010,1677832973240,0,0.2471412767966588,0,1,1,20,0.2371949106454849,0.247139498591423,0.2428885698318481,0.05287480566666667,0.05287480566666667,0.020099203480632034,0.0042527069648106985,1.77820523578065e-06,0.009946366151173891
1,evt_002864,23,2011,1677834040107,0,0.3015528718630473,0,1,1,20,0.2931522727012634,0.3015040457248688,0.2967243790626526,0.03932076066666667,0.03932076066666667,0.029171166822861992,0.0048284928003947125,4.882613817852599e-05,0.008400599161783873
1,evt_002865,23,2012,1677834191603,0,0.3427892327308655,0,1,1,20,0.3344086706638336,0.3428888618946075,0.3380707502365112,0.036938011,0.036938011,0.01846102708694058,0.0047184824943543036,9.962916374200992e-05,0.00838056206703186
1,evt_002866,23,2013,1677834219392,0,0.3922011057535807,0,1,1,20,0.3822243213653564,0.3922633826732635,0.3873637616634369,0.04170141599999999,0.04170141599999999,0.02053093785721227,0.0048373440901438025,6.227691968280213e-05,0.009976784388224302
1,evt_002867,23,2014,1677834272832,0,0.2673330356677373,0,1,1,20,0.2567590475082397,0.2674013674259186,0.2630330622196197,0.053691702333333334,0.053691702333333334,0.027176846440995252,0.004299973448117611,6.833175818127257e-05,0.010573988159497616
1,evt_002868,23,2015,1677834310372,0,0.3640488386154175,0,1,1,20,0.3519603013992309,0.3642166554927826,0.358729213476181,0.05174364933333333,0.05174364933333333,0.032006291524961164,0.005319625139236506,0.0001678168773651123,0.012088537216186579
1,evt_002869,23,2016,1677834405862,0,0.3827563822269439,0,1,1,20,0.3747822046279907,0.382846862077713,0.3778433799743652,0.0335704515,0.0335704515,0.01970537122095225,0.004913002252578735,9.047985076909848e-05,0.007974177598953192
1,evt_002952,24,2098,1678006799320,0,0.3157497445742289,0,1,1,20,0.3205722272396087,0.3152255117893219,0.3244601190090179,-0.02139396135,0.024338411983333336,0.03133103782618898,0.008710374434789003,0.0005242327849069861,0.004822482665379824
1,evt_002953,24,1781,1678006814964,0,0.3166737556457519,1,1,1,20,0.321543425321579,0.316672533750534,0.3251823484897613,-0.021906870199999998,0.023445563133333333,0.03152932166655026,0.0085085928440094,1.2218952178955078e-06,0.004869669675827082
1,evt_002954,24,2099,1678006893306,1,0.2293735841910044,0,1,1,20,0.2329093813896179,0.2328261584043502,0.2410344630479812,-0.017376295666666666,0.02827685766666667,0.028501103086873727,0.011660878856976808,0.0034525742133457993,0.003535797198613494
1,evt_002955,24,2100,1678006924571,0,0.2731852730115254,0,1,1,20,0.2770545482635498,0.2733987867832184,0.2818191647529602,-0.0188434402,0.020819288466666665,0.027350628255908987,0.008633891741434807,0.0002135137716929858,0.0038692752520244067
1,evt_002956,24,2101,1678007048340,1,0.3665386835734049,0,1,1,20,0.370900958776474,0.3660018444061279,0.3727938234806061,-0.018782213656666668,0.019505542390000002,0.02629192729625074,0.006255139907201168,0.0005368391672770367,0.004362275203069088
1,evt_002957,24,2102,1678007129708,0,0.2579721560080846,0,1,1,20,0.2617539763450622,0.2578238248825073,0.2680580914020538,-0.018582008733333332,0.024556451266666668,0.02842175561496101,0.010085935393969181,0.00014833112557727235,0.0037818203369776038
1,evt_002958,24,2103,1678007156119,0,0.3854559659957886,0,1,1,20,0.3898706436157226,0.3857267200946808,0.3952500522136688,-0.018242829233333334,0.022889953433333332,0.02744289001829936,0.009794086217880249,0.0002707540988922119,0.0044146776199340265
1,evt_002959,24,2104,1678007188449,0,0.3796007136503855,0,1,1,20,0.3838702738285064,0.3797490894794464,0.3861589729785919,-0.017971580958,0.018660244424666666,0.025634424502034795,0.006558259328206417,0.0001483758290609094,0.0042695601781209125
1,evt_002960,24,2105,1678007910286,0,0.3052173952261607,0,2,2,20,0.3088820874691009,0.3051890134811401,0.309040755033493,-0.017499444656666665,0.01798871361,0.02398047506372195,0.0038233598073322828,2.8381745020622517e-05,0.003664692242940193
1,evt_003046,25,2191,1678181612116,0,0.4767845769723256,0,1,1,20,0.4680051803588867,0.4761291444301605,0.4725447595119476,0.035222698,0.035222698,0.015252082381614015,0.004239817460378048,0.0006554325421651019,0.008779396613438906
1,evt_003047,25,2192,1678181710760,0,0.3641277949015299,0,1,1,20,0.3592336475849151,0.3649071455001831,0.3611045777797699,0.021026238333333332,0.021026238333333332,0.013209417193123607,0.0030232171217600134,0.0007793505986531946,0.004894147316614805
1,evt_003048,25,2193,1678181719125,0,0.3644936084747314,0,1,1,20,0.3547067642211914,0.3641107082366943,0.3594971001148224,0.041899717999999996,0.041899717999999996,0.029328745986857363,0.004996508359909002,0.0003829002380371094,0.009786844253539984
1,evt_003049,25,2194,1678181758254,0,0.340414007504781,0,1,1,20,0.3332228660583496,0.3396694660186767,0.3359556198120117,0.031919008,0.031919008,0.01920754959158133,0.0044583876927692945,0.0007445414861043109,0.007191141446431404
1,evt_003050,25,2195,1678181801555,0,0.3531787792841593,0,1,1,20,0.341212660074234,0.3530850410461426,0.3478554785251617,0.052020833666666676,0.052020833666666676,0.03430255322464519,0.005323300758997618,9.373823801672732e-05,0.011966119209925297
1,evt_003051,25,2196,1678181825934,0,0.4226057827472687,0,1,1,20,0.4197425842285156,0.4233860075473785,0.4208461344242096,0.011714554,0.011714554,0.006314772836511382,0.001759648323059082,0.0007802248001098078,0.0028631985187530518
1,evt_003052,25,1802,1678181882850,0,0.272644301255544,1,1,1,20,0.2644247114658355,0.2721131145954132,0.2690390646457672,0.04152311366666667,0.04152311366666667,0.019442493755868945,0.0036052366097767963,0.0005311866601308002,0.008219589789708492
1,evt_003053,25,2197,1678181897143,0,0.2722736199696858,0,1,1,20,0.2632778882980346,0.2745537757873535,0.270599752664566,0.045703651000000005,0.045703651000000005,0.012898992787720623,0.0016738673051198139,0.0022801558176677172,0.008995731671651186
1,evt_003054,25,2198,1678181948397,0,0.3760176102320353,0,1,1,20,0.3691230714321136,0.372990995645523,0.3724633157253265,0.029486782666666666,0.029486782666666666,0.017170265102978196,0.0035542945067087994,0.0030266145865122662,0.00689453879992169
1,evt_003055,25,1545,1678181998735,0,0.2884748776753743,1,1,1,20,0.2792162001132965,0.2886676490306854,0.2842393815517425,0.04511788133333333,0.04511788133333333,0.02387762356042417,0.004235496123631777,0.00019277135531114986,0.009258677562077766
1,evt_003158,26,2303,1678263416273,0,0.2780654430389404,0,2,2,20,0.2821415960788727,0.2782680690288543,0.2823446393013,-0.0198612516,0.0215784084,0.02869517880255639,0.004279196262359619,0.00020262598991394043,0.0040761530399323065
1,evt_003159,26,2304,1678263431576,0,0.3696235318978627,0,2,2,20,0.3736542761325836,0.3697340190410614,0.3746262490749359,-0.017016659466666667,0.020324949866666667,0.02528678419259785,0.005002717177073235,0.0001104871431987231,0.00403074423472094
1,evt_003160,26,2305,1678263437843,0,0.2557215690612793,0,2,2,20,0.2582100331783294,0.2545519173145294,0.2603068649768829,-0.012817730356666666,0.03162006502333333,0.02698446373082379,0.004585295915603582,0.001169651746749878,0.0024884641170501154
1,evt_003161,26,2306,1678263508334,0,0.42582568526268,0,2,2,20,0.4302099049091339,0.4260708093643188,0.4304942190647125,-0.017768752043333332,0.019924708243333335,0.025814604381502456,0.004668533802032526,0.00024512410163879395,0.004384219646453913
1,evt_003162,26,2307,1678263538804,0,0.600471556186676,0,2,2,20,0.6048147082328796,0.602098286151886,0.6051715016365051,-0.018536871653333332,0.020867351653333335,0.02663428655452522,0.0046999454498291016,0.001626729965209961,0.004343152046203613
1,evt_003163,26,2308,1678263629640,0,0.2471294750769933,0,2,2,20,0.248600348830223,0.2477960437536239,0.2528422772884369,-0.007771405266666667,0.04659240806666667,0.03220039350521457,0.005712802211443602,0.0006665686766306189,0.0014708737532297123
1,evt_003164,26,2309,1678263645774,0,0.363360583782196,0,2,2,20,0.3679796159267425,0.3637681901454925,0.3684114515781402,-0.019392741293333335,0.02125556822666667,0.02781816066585927,0.005050867795944214,0.0004076063632965088,0.004619032144546509
1,evt_003165,26,2310,1678263675759,0,0.5018105606238047,0,2,2,20,0.5051626563072205,0.5020257830619812,0.5068635940551758,-0.013436875333333332,0.022051798,0.02213166670145099,0.00505303343137109,0.00021522243817651,0.003352095683415768
1,evt_003166,26,2311,1678263703601,0,0.3711482187112172,0,2,2,20,0.3758083283901214,0.371689885854721,0.3764039576053619,-0.019437958033333334,0.024097915300000005,0.02914481149887689,0.005255738894144657,0.0005416671435037879,0.0046601096789041785
1,evt_003167,26,2312,1678263718824,1,0.2836542427539825,0,2,2,20,0.2878574728965759,0.2831989824771881,0.288006454706192,-0.01977570353333333,0.023859309933333333,0.02832486589401311,0.004352211952209528,0.0004552602767943781,0.004203230142593439
1,evt_003168,26,2313,1678263739172,0,0.2547006706396739,0,2,2,20,0.2592764794826507,0.2542901039123535,0.2609214782714844,-0.022267849353333338,0.023661473353333337,0.031932750292127166,0.006220807631810488,0.0004105667273203717,0.004575808842976814
1,evt_003169,26,2314,1678263761419,0,0.2874647080898285,0,2,2,20,0.2901252508163452,0.2863843441009521,0.2908725440502167,-0.012198598300000002,0.015639708366666668,0.018470574327753227,0.0034078359603881836,0.0010803639888763983,0.0026605427265167236
1,evt_003272,27,2413,1678434493552,0,0.2704797933499018,0,1,1,20,0.2592880725860595,0.2703731954097748,0.2663877308368683,0.056712160000000005,0.056712160000000005,0.021282203372885684,0.004092062513033512,0.00010659794012701784,0.011191720763842283
1,evt_003273,27,2414,1678434524376,1,0.3606094419956207,0,1,1,20,0.3588508367538452,0.3628478944301605,0.3599854409694671,0.007647127633333334,0.007647127633333334,0.003285303451615914,0.00062400102615362,0.002238452434539795,0.0017586052417755127
1,evt_003274,27,2415,1678434562377,1,0.444456805785497,0,1,1,20,0.4345009326934814,0.4465916156768799,0.4413763582706451,0.04043269066666667,0.04043269066666667,0.01906112176159884,0.003080447514851925,0.0021348098913828717,0.009955873092015621
1,evt_003275,27,2416,1678434690698,0,0.2543801267941792,0,1,1,20,0.2447496503591537,0.248866006731987,0.2506258487701416,0.050811429,0.050811429,0.025847981350061788,0.003754278024037605,0.005514120062192207,0.009630476435025515
1,evt_003276,27,2417,1678434706102,0,0.2573372622330983,0,1,1,20,0.253005176782608,0.256654292345047,0.2560255229473114,0.02287894366666667,0.02287894366666667,0.013554094249178349,0.0013117392857868726,0.0006829698880512769,0.004332085450490297
1,evt_003277,27,2418,1678434742837,0,0.4198078612486521,0,1,1,20,0.4134268760681152,0.4207152426242828,0.4162190854549408,0.026172465466666666,0.026172465466666666,0.024699779917499734,0.0035887757937113074,0.0009073813756306781,0.006380985180536924
1,evt_003278,27,2419,1678434754704,1,0.3728023668130238,0,1,1,20,0.3641341924667358,0.3760671615600586,0.3718223571777344,0.0373396395,0.0373396395,0.02034752263310566,0.000980009635289436,0.0032647947470347827,0.008668174346288027
1,evt_003279,27,2420,1678434798163,1,0.4734566609064738,0,1,1,20,0.4693979918956756,0.4755212366580963,0.4720856249332428,0.016285329566666666,0.016285329566666666,0.00861153937340747,0.0013710359732310162,0.0020645757516224994,0.00405866901079821
1,evt_003280,27,2421,1678434842720,0,0.2543194343646367,0,1,1,20,0.2453313618898391,0.2556395232677459,0.2527610957622528,0.04779205166666667,0.04779205166666667,0.019665897785447143,0.001558338602383913,0.0013200889031091956,0.008988072474797631
1,evt_003281,27,2422,1678434858181,1,0.2880918780962626,0,1,1,20,0.2762466669082641,0.2879299223423004,0.2852660715579986,0.057644190000000005,0.057644190000000005,0.02715410334302718,0.002825806538263975,0.00016195575396216189,0.011845211187998472
1,evt_003395,28,2530,1678519939406,1,0.2797159651915232,0,1,1,20,0.274782657623291,0.2789477109909057,0.2758228480815887,0.0240699175,0.0240699175,0.02303361611256787,0.0038931171099345074,0.0007682542006174908,0.004933307568232181
1,evt_003396,28,2531,1678519988772,0,0.3004635175069173,0,1,1,20,0.2904249131679535,0.2976903617382049,0.2959034740924835,0.047745801,0.047745801,0.023623572491757082,0.004560043414433779,0.0027731557687123987,0.010038604338963808
1,evt_003397,28,2532,1678519991299,0,0.3168079058329264,0,1,1,20,0.3111473321914673,0.3160169124603271,0.3135020732879638,0.026091938999999998,0.026091938999999998,0.018419496955668958,0.0033058325449625836,0.0007909933725993024,0.00566057364145911
1,evt_003398,28,2176,1678520043973,0,0.3225032786528269,1,1,1,20,0.3124159872531891,0.3132518827915191,0.3175222873687744,0.04604508799999999,0.04604508799999999,0.027107964835285676,0.004980991284052494,0.009251395861307798,0.010087291399637821
1,evt_003399,28,2533,1678521017033,0,0.4770025114218394,0,2,2,20,0.4712021052837372,0.4728246629238128,0.4728643000125885,0.023231924,0.023231924,0.0221789101822087,0.004138211409250914,0.004177848498026604,0.005800406138102232
1,evt_003400,28,2534,1678521059822,0,0.566866139570872,0,2,2,20,0.5634226202964783,0.5656500458717346,0.564042329788208,0.014086790010000001,0.014086790010000001,0.01307850514938135,0.002823809782663944,0.0012160936991373328,0.0034435192743936804
1,evt_003401,28,2535,1678521069842,0,0.6180642445882162,0,2,2,20,0.6158771514892578,0.6187990307807922,0.6162216067314148,0.009355204896666667,0.009355204896666667,0.009776435665396809,0.001842637856801388,0.0007347861925760535,0.0021870930989583703
1,evt_003402,28,2536,1678521074108,1,0.3192020654678345,0,2,2,20,0.3186803758144378,0.3201285898685455,0.3186531066894531,0.0024123903166666668,0.0024123903166666668,0.0014867678254379757,0.0005489587783813477,0.0009265244007110041,0.000521689653396662
1,evt_003403,28,2537,1678521154430,0,0.3716431260108948,0,2,2,20,0.3724216520786285,0.3715936839580536,0.3725279569625854,-0.0032377156566666663,0.004343442343333333,0.004997770287368893,0.0008848309516906183,4.9442052841186523e-05,0.0007785260677337091
1,evt_003404,28,2538,1678521169896,0,0.240061397353808,0,2,2,20,0.2372916340827942,0.2382761240005493,0.240347757935524,0.01521949,0.01521949,0.014215386180839147,0.0002863605817159942,0.001785273353258704,0.002769763271013803
1,evt_003405,28,2539,1678521181271,0,0.466887354850769,0,2,2,20,0.4651949405670166,0.4618830680847168,0.4658521115779876,0.006779104373333333,0.006779104373333333,0.005099565162792199,0.001035243272781372,0.005004286766052191,0.001692414283752386
1,evt_003406,28,2540,1678521189170,0,0.2061230093240738,0,2,2,20,0.203185498714447,0.2045286446809768,0.2052946835756302,0.0178113992,0.0178113992,0.013737663870258933,0.0008283257484436035,0.0015943646430969793,0.0029375106096267978
1,evt_003407,28,2541,1678521195696,0,0.3641260266304016,0,2,2,20,0.3622439801692962,0.3669297695159912,0.3637237548828125,0.008104072333333334,0.008104072333333334,0.0025759228246044603,0.00040227174758911133,0.0028037428855895996,0.0018820464611054022
1,evt_003408,28,2542,1678521202397,0,0.5540180603663126,0,2,2,20,0.5553879737854004,0.5570409893989563,0.5557233691215515,-0.005683985046666667,0.008633754953333333,0.009217831134115125,0.001705308755238888,0.003022929032643673,0.0013699134190877649
1,evt_003512,29,2640,1678610522371,1,0.3489461541175842,0,1,1,20,0.3439565598964691,0.348346471786499,0.3461004793643951,0.022070117666666667,0.022070117666666667,0.011257936439699547,0.002845674753189087,0.0005996823310851496,0.004989594221115057
1,evt_003513,29,2641,1678610582420,1,0.3476602435111999,0,1,1,20,0.3372963368892669,0.3473333418369293,0.3433037996292114,0.045911867999999995,0.045911867999999995,0.02574129980339672,0.00435644388198847,0.00032690167427057437,0.010363906621932983
1,evt_003514,29,1837,1678610637806,1,0.3122706115245819,0,1,1,20,0.3004360795021057,0.3119411468505859,0.3078161478042602,0.05489203433333334,0.05489203433333334,0.033880860060382725,0.004454463720321711,0.0003294646739960272,0.011834532022476196
1,evt_003515,29,2642,1678611559029,1,0.2682639857133229,0,2,2,20,0.2625128328800201,0.2681454718112945,0.2654041051864624,0.02925491,0.02925491,0.01713828937864928,0.002859880526860481,0.00011851390202838319,0.005751152833302797
1,evt_003516,29,2643,1678611584524,0,0.3607838749885559,0,2,2,20,0.3574134409427643,0.3613451719284057,0.3585780560970306,0.014825493533333331,0.014825493533333331,0.012396242635489062,0.002205818891525324,0.000561296939849798,0.003370434045791626
1,evt_003517,29,2644,1678611588005,1,0.3565862774848938,0,2,2,20,0.3546986281871795,0.3578964471817016,0.3554492890834808,0.008300745666666666,0.008300745666666666,0.004543758646530743,0.0011369884014130194,0.0013101696968078058,0.001887649297714289
1,evt_003518,29,2645,1678611655493,0,0.3477550446987152,0,2,2,20,0.345620721578598,0.3480481803417206,0.3456735610961914,0.009550919666666666,0.009550919666666666,0.008802857018745686,0.0020814836025238037,0.0002931356430053711,0.0021343231201171875
1,evt_003519,29,2646,1678611740650,0,0.4428524672985077,0,2,2,20,0.4372895061969757,0.4441651999950409,0.4399779140949249,0.02254649146666667,0.02254649146666667,0.014380500646422288,0.0028745532035827637,0.0013127326965332031,0.005562961101531982
1,evt_003520,29,2647,1678611788927,0,0.2823630571365356,0,2,2,20,0.2782928645610809,0.283816248178482,0.2806895971298218,0.020155074566666667,0.020155074566666667,0.011077688695101394,0.0016734600067138117,0.0014531910419464111,0.004070192575454712
2,evt_000088,0,90,1667724875989,1,0.1979882568120956,0,1,1,20,0.2169715017080307,0.180354043841362,0.1927964240312576,-0.11377465000000002,0.11377465000000002,0.024466663077824895,0.005191832780837985,0.017634212970733587,0.018983244895935114
2,evt_000089,0,91,1667724882215,1,0.3196313778559367,0,1,1,20,0.3621046543121338,0.3315781652927398,0.3403326570987701,-0.2105366232,0.2105366232,0.18736870683595405,0.02070127924283338,0.011946787436803108,0.042473276456197084
2,evt_000090,0,93,1667724902258,0,0.2472549130519231,0,1,1,20,0.282492071390152,0.2449744939804077,0.2626363933086395,-0.20861985966666666,0.20861985966666666,0.17451027461761667,0.015381480256716429,0.0022804190715154105,0.03523715833822888
2,evt_000091,0,94,1667724914826,0,0.2490981270869573,0,1,1,20,0.276101291179657,0.2459725141525268,0.260447233915329,-0.16359238410000002,0.16359238410000002,0.1544865629762061,0.011349106828371675,0.003125612934430505,0.027003164092699677
2,evt_000092,0,95,1667724943758,0,0.5307301680246989,0,1,1,20,0.4604996740818023,0.4108602106571197,0.4172010421752929,0.28475255666666666,0.36278743,0.32279683842101564,0.11352912584940594,0.11986995736757916,0.07023049394289654
2,evt_000093,0,96,1667724960138,0,0.3042360345522563,0,1,1,20,0.3435653150081634,0.3092166185379028,0.3208456933498382,-0.19592003400000002,0.19592003400000002,0.12873702280562052,0.016609658797581917,0.004980583985646492,0.03932928045590711
2,evt_000094,0,97,1667724976238,0,0.2631489485502243,0,1,1,20,0.287214070558548,0.2607885301113128,0.2710895836353302,-0.129727307,0.129727307,0.09552619300349964,0.007940635085105896,0.0023604184389114935,0.02406512200832367
2,evt_000095,0,98,1667724986319,0,0.3113916218280792,0,1,1,20,0.332160472869873,0.3013873100280761,0.3119873106479645,-0.09906940266666665,0.09906940266666665,0.05981852999007951,0.0005956888198852539,0.010004311800003107,0.020768851041793768
2,evt_000096,0,99,1667726433882,1,0.3009475866953532,0,1,1,20,0.3555425405502319,0.3068459928035736,0.3181280493736267,-0.27742180333333333,0.27742180333333333,0.22750618152252924,0.0171804626782735,0.0058984061082204,0.05459495385487867
2,evt_000097,0,100,1667726473674,0,0.2964598437150319,0,1,1,20,0.2955620586872101,0.2634861767292022,0.2689883410930633,0.012701555333333328,0.15315329800000002,0.08379697242100102,0.027471502621968624,0.03297366698582971,0.0008977850278218402
2,evt_000098,0,101,1667726482555,1,0.3121798088153203,0,1,1,20,0.3006277978420257,0.2711670100688934,0.2821450233459472,0.06316284999999999,0.12710507000000001,0.03055088970763699,0.030034785469373104,0.04101279874642694,0.011552010973294613
2,evt_000099,0,102,1667726532700,1,0.3413060257832209,0,1,1,20,0.3791645765304565,0.3241994976997375,0.339820384979248,-0.17438566666666666,0.17438566666666666,0.08661689493087799,0.0014856408039728985,0.017106528083483397,0.0378585507472356
2,evt_000100,0,103,1667726609128,0,0.2542758931716283,0,1,1,20,0.2949292361736297,0.2688571214675903,0.2703788578510284,-0.23440689833333336,0.23440689833333336,0.2171539023135704,0.01610296467940009,0.014581228295961979,0.04065334300200141
2,evt_000101,0,104,1667726623566,1,0.3291793564955393,1,1,1,20,0.3123627007007599,0.285519391298294,0.297213613986969,0.083522093,0.10520477766666665,0.061332598124322076,0.031965742508570316,0.0436599651972453,0.016816655794779423
2,evt_000211,1,215,1669102997160,1,0.4299180010954539,0,3,1,20,0.3704042732715606,0.4487103223800659,0.339819997549057,0.24759334666666666,0.24759334666666666,0.14667955017366383,0.09009800354639691,0.018792321284612,0.0595137278238933
2,evt_000212,1,216,1669103032465,0,0.3942501246929168,0,3,1,20,0.3372821807861328,0.4207743704319,0.2993268966674804,0.24648273266666665,0.24648273266666665,0.14126599386552383,0.0949232280254364,0.02652424573898321,0.056967943906784
2,evt_000213,1,217,1669103067988,1,0.425627996524175,0,3,1,20,0.3581118881702423,0.4390020072460174,0.2886144816875458,0.28422409266666665,0.28422409266666665,0.20379696382523296,0.1370135148366292,0.013374010721842411,0.06751610835393268
2,evt_000214,1,218,1669103111257,0,0.2905004024505615,1,3,0,20,0.2571501433849334,0.2894318997859955,0.1871018260717392,0.17428579347999998,0.17438506652,0.15836139367370644,0.10339857637882233,0.00106850266456604,0.03335025906562811
2,evt_000215,1,219,1669103127953,1,0.4150505761305491,0,3,1,20,0.3540126383304596,0.4358328282833099,0.3116398155689239,0.2583976713333333,0.2583976713333333,0.16745311408455418,0.10341076056162518,0.020782252152760805,0.06103793780008948
2,evt_000216,1,220,1669103168957,1,0.3562680681546529,0,3,1,20,0.2926515638828277,0.3759925067424774,0.2222627401351928,0.2913220026666667,0.2913220026666667,0.22249295390280746,0.1340053280194601,0.019724438587824522,0.06361650427182519
2,evt_000217,1,221,1669103206140,0,0.3668761154015859,1,3,0,20,0.3254449069499969,0.3749354779720306,0.2590433061122894,0.18821759833333332,0.18821759833333332,0.13665300194684918,0.1078328092892965,0.008059362570444706,0.041431208451588986
2,evt_000218,1,222,1669103224329,0,0.3294193247954051,1,3,0,20,0.292591243982315,0.3007823824882507,0.2225591987371444,0.18152196733333334,0.18152196733333334,0.14413163728079886,0.1068601260582607,0.02863694230715441,0.03682808081309008
2,evt_000219,1,223,1669103278969,0,0.7092664440472921,0,3,1,20,0.6403866410255432,0.7060391902923584,0.5700566172599792,0.32483052799999995,0.32483052799999995,0.2562933916412394,0.13920982678731286,0.003227253754933712,0.0688798030217489
2,evt_000220,1,224,1669103294529,1,0.4390889505545298,0,3,1,20,0.3742908537387848,0.4422753155231476,0.3346799612045288,0.26915189266666667,0.26915189266666667,0.16481808727328515,0.10440898935000098,0.003186364968617794,0.064798096815745
2,evt_000221,1,225,1669103330221,1,0.3812210361162821,0,3,1,20,0.3033728301525116,0.3831065595149994,0.2820096015930176,0.33926914999999996,0.33926914999999996,0.24548555068037262,0.09921143452326453,0.0018855233987172815,0.07784820596377051
2,evt_000367,2,324,1669362228638,0,0.4604850709438324,0,3,1,20,0.3969505727291107,0.4583147764205932,0.3786016404628753,0.2672041643333333,0.30195357566666664,0.290312633291023,0.08188343048095709,0.0021702945232391913,0.06353449821472168
2,evt_000334,2,218,1669362242827,0,0.1664050444960594,1,3,0,20,0.2313395142555236,0.225505068898201,0.1715776771306991,-0.5331584500000001,0.5331584500000001,0.3804980852500766,0.005172632634639712,0.0591000244021416,0.06493446975946421
2,evt_000392,2,349,1669362246086,1,0.2594881355762481,0,3,1,20,0.2432400435209274,0.2697068452835083,0.1955472975969314,0.09079143333333334,0.15247404666666667,0.04775066044329393,0.06394083797931671,0.010218709707260187,0.016248092055320712
2,evt_000386,2,343,1669362286052,0,0.3577606876691182,0,3,1,20,0.408843845129013,0.4727704226970672,0.3554809391498565,-0.2215559766666667,0.2215559766666667,0.16693767773887144,0.002279748519261715,0.11500973502794898,0.05108315745989478
2,evt_000292,2,210,1669362292100,0,0.2139530877272288,1,3,0,20,0.24112069606781,0.2901821136474609,0.1996982842683792,-0.164081919,0.164081919,0.10629200304828369,0.01425480345884958,0.07622902592023209,0.027167608340581212
2,evt_000372,2,329,1669362325939,0,0.2824038217465083,0,3,1,20,0.3066644370555877,0.3253249526023865,0.2588633596897125,-0.13259895133333333,0.18948118866666666,0.12761301798040622,0.023540462056795775,0.042921130855878176,0.024260615309079414
2,evt_000285,2,291,1669362344709,0,0.4949529469013214,0,3,1,20,0.4587831497192383,0.4247059524059295,0.394235223531723,0.14776123333333332,0.35681393999999994,0.28372145861684883,0.10071772336959839,0.0702469944953919,0.03616979718208313
2,evt_000267,2,272,1669362359224,0,0.4578910569349925,0,3,1,20,0.3693358600139618,0.4555692970752716,0.3490514457225799,0.36798621833333334,0.42652188833333327,0.36889922204527587,0.10883961121241259,0.0023217598597208844,0.0885551969210307
2,evt_000259,2,264,1669362369339,0,0.468854288260142,0,3,1,20,0.3920924961566925,0.4601764678955078,0.3680932819843292,0.31647259,0.36543707,0.397516406670798,0.1007610062758128,0.008677820364634214,0.07676179210344952
2,evt_000342,2,204,1669362383633,0,0.2289687047402064,1,3,0,20,0.254739373922348,0.2182394713163375,0.19508957862854,-0.13924055999999999,0.13924055999999999,0.03665091894981443,0.03387912611166638,0.010729233423868889,0.02577066918214163
2,evt_000331,2,214,1669362389721,0,0.2220589170853296,1,3,0,20,0.2251532226800918,0.2514055669307709,0.1706299781799316,-0.010857613366666666,0.0659932667,0.0458576339473373,0.051428938905397986,0.029346649845441275,0.0030943055947622033
2,evt_000305,2,212,1669362420798,0,0.1439178735017776,1,3,0,20,0.21234130859375,0.1614466458559036,0.1554606109857559,-0.6880009533333333,0.6880009533333333,0.5525844271656658,0.0115427374839783,0.017528772354126004,0.0684234350919724
2,evt_000338,2,206,1669362430532,0,0.224221741159757,1,3,0,20,0.2622828185558319,0.2968637943267822,0.1999587267637252,-0.21953133,0.21953133,0.09659785909959531,0.02426301439603179,0.07264205316702524,0.03806107739607492
2,evt_000282,2,288,1669362464030,1,0.5671802759170532,0,3,1,20,0.5535696148872375,0.5821831822395325,0.4933912754058838,0.06531573333333333,0.257052,0.1602306540770573,0.07378900051116943,0.015002906322479248,0.013610661029815674
2,evt_000463,3,372,1669621507983,1,0.3735028604666392,0,1,1,20,0.3331665694713592,0.373125672340393,0.3048316538333893,0.17870835766666668,0.17870835766666668,0.11290765759929366,0.06867120663324994,0.00037718812624620845,0.04033629099528002
2,evt_000464,3,373,1669621561870,1,0.3901423613230387,0,1,1,20,0.3530683219432831,0.3967486321926117,0.3174335062503814,0.15925545016666665,0.16583758983333333,0.12076728487657819,0.07270885507265729,0.006606270869572994,0.03707403937975562
2,evt_000465,3,374,1669621626471,1,0.3921317855517069,0,1,1,20,0.3509860932826996,0.3898147046566009,0.3330405354499817,0.17846693233333336,0.17846693233333336,0.1097990564425363,0.05909125010172522,0.0023170808951060162,0.04114569226900733
2,evt_000466,3,375,1669621631835,1,0.2663301328818003,0,1,1,20,0.2390940338373184,0.2764839828014374,0.1974634975194931,0.14800473967333333,0.14816682699333333,0.1136741879394902,0.0688666353623072,0.010153849919637081,0.027236099044481904
2,evt_000467,3,376,1669621650280,1,0.4469866553942362,0,1,1,20,0.3993709981441498,0.4410717189311981,0.335864782333374,0.19661582966666669,0.19661582966666669,0.13055039584831438,0.11112187306086219,0.00591493646303809,0.04761565725008643
2,evt_000468,3,378,1669621723665,0,0.3920733531316121,0,1,1,20,0.3642726838588714,0.4069477021694183,0.3346951007843017,0.11807484333333333,0.13502623,0.14252022896261637,0.05737825234731042,0.014874349037806156,0.02780066927274072
2,evt_000469,3,379,1669621729491,0,0.362120767434438,0,1,1,20,0.3290119171142578,0.3819849789142608,0.3099603652954101,0.147470781,0.147470781,0.10767368890414708,0.052160402139027895,0.019864211479822813,0.03310885032018018
2,evt_000470,3,380,1669621745929,1,0.4125716984272003,0,1,1,20,0.3689621984958648,0.4218941628932953,0.314348429441452,0.18474809766666667,0.18474809766666667,0.12832953785230192,0.09822326898574829,0.00932246446609497,0.043609499931335505
2,evt_000471,3,381,1669621781674,0,0.2907729347546895,0,1,1,20,0.2533504962921142,0.297625333070755,0.2363217622041702,0.1946329666666667,0.1946329666666667,0.11186248316861597,0.05445117255051932,0.006852398316065489,0.037422438462575314
2,evt_000472,3,382,1669621785839,1,0.4409568111101786,0,1,1,20,0.438594788312912,0.4875295162200928,0.4123594462871551,0.00968929333333333,0.13669144,0.06406683203483218,0.028597364823023497,0.04657270510991418,0.0023620227972666052
2,evt_000473,3,383,1669621819742,1,0.3931187589963277,0,1,1,20,0.3481559455394745,0.4007957875728607,0.3249832689762115,0.196526219,0.196526219,0.10348532448774556,0.06813549002011621,0.007677028576533018,0.04496281345685321
2,evt_000596,4,442,1669793705167,1,0.42670272787412,0,3,1,20,0.3560101091861725,0.4275589883327484,0.3291598856449127,0.2977658333333333,0.2977658333333333,0.19631843183261377,0.09754284222920728,0.0008562604586284106,0.07069261868794752
2,evt_000597,4,443,1669793739354,1,0.4789379934469859,0,3,1,20,0.4084798097610473,0.478612333536148,0.3468355238437652,0.28634352199999996,0.28634352199999996,0.20123740343637372,0.1321024696032207,0.00032565991083788326,0.07045818368593859
2,evt_000598,4,218,1669793782509,0,0.2813116908073425,1,3,0,20,0.263537049293518,0.2994628548622131,0.1913797110319137,0.09387232746666667,0.09630105253333333,0.07811681042799834,0.08993197977542877,0.018151164054870605,0.017774641513824463
2,evt_000599,4,444,1669793785125,1,0.3560873766740163,0,3,1,20,0.2924648225307464,0.376521497964859,0.2679522335529327,0.287650822,0.287650822,0.19424365637411906,0.08813514312108361,0.02043412129084271,0.0636225541432699
2,evt_000600,4,210,1669793837936,0,0.2992306351661682,1,3,0,20,0.2501931190490722,0.2989659011363983,0.2076049298048019,0.24465753433333334,0.24465753433333334,0.17510148632364894,0.0916257053613663,0.00026473402976989746,0.049037516117096
2,evt_000601,4,214,1669793840875,0,0.2618458072344462,1,3,0,20,0.2338621765375137,0.2862181961536407,0.1764599829912185,0.15514431083333333,0.15514431083333333,0.1530551510741749,0.08538582424322771,0.024372388919194465,0.02798363069693252
2,evt_000602,4,445,1669793847248,1,0.4424523810545603,0,3,1,20,0.373086929321289,0.3966749608516693,0.3419981300830841,0.2884670093333333,0.2884670093333333,0.18719993755287107,0.1004542509714762,0.045777420202890995,0.0693654517332713
2,evt_000603,4,446,1669793892670,1,0.427278459072113,0,3,1,20,0.3560563325881958,0.446748286485672,0.3270205557346344,0.29853020666666663,0.29853020666666663,0.19879866558739426,0.10025790333747858,0.019469827413559015,0.07122212648391718
2,evt_000604,4,222,1669793925500,0,0.3329319556554158,1,3,0,20,0.2970934808254242,0.3310019671916961,0.2257783561944961,0.17444467366666663,0.17444467366666663,0.13928158455811157,0.10715359946091968,0.0019299884637196674,0.035838474829991585
2,evt_000605,4,447,1669793928722,1,0.4620810647805531,0,3,1,20,0.40301313996315,0.4669490158557892,0.3281724750995636,0.24185899666666666,0.24185899666666666,0.17357926848102845,0.1339085896809895,0.004867951075236077,0.059067924817403084
2,evt_000606,4,448,1669793986841,0,0.5458371341228485,0,3,1,20,0.4790317714214325,0.5510990619659424,0.4232141673564911,0.2726646936666666,0.2726646936666666,0.19283675697844208,0.12262296676635742,0.005261927843093872,0.06680536270141602
2,evt_000607,4,449,1669794610065,1,0.3875870108604431,0,1,1,20,0.3276901245117187,0.3040690422058105,0.3064908683300018,0.25993485099999997,0.25993485099999997,0.15318014110509098,0.08109614253044134,0.08351796865463262,0.05989688634872442
2,evt_000608,4,450,1669794632612,1,0.3200389643510182,0,1,1,20,0.3376080095767975,0.4131041765213012,0.2897728979587555,-0.08049295833333334,0.08049295833333334,0.006642648589177777,0.030266066392262703,0.09306521217028302,0.01756904522577929
2,evt_000609,4,451,1669794685806,1,0.4057716727256775,0,1,1,20,0.3201311230659485,0.3877507150173187,0.2753259837627411,0.3655021053333334,0.3655021053333334,0.315423625068018,0.1304456889629364,0.018020957708358765,0.085640549659729
2,evt_000610,4,452,1669794737276,1,0.3790192604064941,0,1,1,20,0.2918187379837036,0.3603925704956054,0.2446405440568924,0.385531448,0.385531448,0.33481888148053734,0.1343787163496017,0.018626689910888672,0.08720052242279047
2,evt_000732,5,536,1669965485064,0,0.4045059382915497,0,1,1,20,0.3021990358829498,0.404521495103836,0.278310090303421,0.43613763333333333,0.43613763333333333,0.39165280182639944,0.12619584798812866,1.5556812286321442e-05,0.10230690240859991
2,evt_000733,5,537,1669965489164,0,0.4027013778686523,0,1,1,20,0.3359629809856415,0.456406682729721,0.3126323521137237,0.2835929383333333,0.2835929383333333,0.17791180269900703,0.09006902575492859,0.053705304861068726,0.06673839688301081
2,evt_000734,5,538,1669965920431,1,0.5082728266716003,0,1,1,20,0.4040897786617279,0.5122650265693665,0.3758092820644378,0.4298677,0.4298677,0.39636715590419347,0.13246354460716253,0.003992199897766113,0.10418304800987244
2,evt_000735,5,539,1669966002551,0,0.4385664959748586,0,1,1,20,0.3504154682159424,0.4579355716705322,0.306109219789505,0.3643534343333333,0.3643534343333333,0.44082669410938013,0.13245727618535358,0.019369075695673643,0.0881510277589162
2,evt_000736,5,540,1669966012453,1,0.5314909815788269,0,1,1,20,0.4209240674972534,0.532356858253479,0.3790530264377594,0.4556628233333333,0.4556628233333333,0.41377520587955213,0.1524379551410675,0.0008658766746520996,0.11056691408157349
2,evt_000737,5,541,1669966050729,0,0.4770240585009257,0,1,1,20,0.3768082559108734,0.4908345639705658,0.3458375930786133,0.41135158233333335,0.41135158233333335,0.3634350258378008,0.13118646542231244,0.013810505469640078,0.1002158025900523
2,evt_000738,5,542,1669966063300,1,0.4961452384789784,0,1,1,20,0.3889093101024627,0.5056710839271545,0.3704436719417572,0.44058980333333336,0.44058980333333336,0.3771382405361259,0.1257015665372212,0.00952584544817614,0.10723592837651569
2,evt_000739,5,543,1669966313793,0,0.4495429297288258,0,1,1,20,0.3629857003688812,0.4611639082431793,0.3301816880702972,0.35820403900000003,0.35820403900000003,0.30577361895151295,0.11936124165852863,0.011620978514353508,0.08655722935994459
2,evt_000740,5,544,1669966342634,0,0.4067294100920359,0,1,1,20,0.2984812557697296,0.4047103226184845,0.2683654725551605,0.4695173266666666,0.4695173266666666,0.4215123185702486,0.13836393753687537,0.0020190874735513953,0.10824815432230628
2,evt_000741,5,545,1669966452974,0,0.4750915269056956,0,1,1,20,0.354571133852005,0.4713968932628631,0.3396471440792084,0.501253595,0.501253595,0.4531926531050198,0.13544438282648724,0.003694633642832512,0.12052039305369061
2,evt_000742,5,546,1669966461750,0,0.432561715443929,0,1,1,20,0.329202800989151,0.3783506453037262,0.311640053987503,0.43781352133333334,0.43781352133333334,0.37557878462591493,0.12092166145642602,0.05421107014020282,0.10335891445477802
2,evt_000743,5,547,1669966513297,1,0.4498463173707326,0,1,1,20,0.3503959476947784,0.4491671025753021,0.3033467233181,0.41362123666666667,0.41362123666666667,0.35164381038595577,0.14649959405263263,0.0006792147954304828,0.09945036967595422
2,evt_000744,5,548,1669966559091,0,0.4670148392518361,1,1,1,20,0.3602345883846283,0.4774018824100494,0.3393368422985077,0.44369768666666665,0.44369768666666665,0.39439022495014464,0.12767799695332843,0.01038704315821326,0.10678025086720783
2,evt_000809,6,303,1670137324289,0,0.2766963839530945,1,0,0,20,0.3382590711116791,0.2760394811630249,0.2991235554218292,-0.29047675333333334,0.29047675333333334,0.1957787873829647,0.02242717146873474,0.0006569027900695801,0.061562687158584595
2,evt_000810,6,316,1670137335103,0,0.1144879062970479,1,0,0,20,0.1636361628770828,0.1104501858353614,0.1236173883080482,-0.5783366233333334,0.5783366233333334,0.3276871430189489,0.009129482011000306,0.004037720461686503,0.049148256580034896
2,evt_000811,6,308,1670137348385,0,0.1128764494011799,1,0,0,20,0.1583139151334762,0.110828123986721,0.1220588162541389,-0.72485459,0.72485459,0.49411042817747214,0.009182366852959006,0.0020483254144589014,0.0454374657322963
2,evt_000812,6,307,1670137359361,0,0.1234460907677809,1,0,0,20,0.1708711385726928,0.1198043748736381,0.1324901282787323,-0.6065262166666666,0.6065262166666666,0.3909402954288381,0.009044037510951397,0.003641715894142805,0.047425047804911885
2,evt_000903,7,619,1670156397770,0,0.3602011303106944,0,3,1,20,0.293146938085556,0.3621209561824798,0.2546880543231964,0.29569693199999997,0.362710608,0.3879905644528719,0.10551307598749798,0.0019198258717854078,0.06705419222513842
2,evt_000904,7,620,1670156414478,1,0.4010695119698842,0,3,1,20,0.3267941176891327,0.3815909922122955,0.2815992534160614,0.31819290333333333,0.38436718333333336,0.30056452789005583,0.11947025855382282,0.01947851975758874,0.07427539428075153
2,evt_000905,7,621,1670156447213,0,0.3701113363107045,0,3,1,20,0.3044049441814422,0.3534676730632782,0.2696679830551147,0.29330766333333336,0.3598281966666667,0.375531989796035,0.10044335325558978,0.016643663247426277,0.06570639212926227
2,evt_000906,7,622,1670156462155,1,0.4068534870942433,0,3,1,20,0.36492919921875,0.3166909515857696,0.318793922662735,0.16748053666666665,0.34881073,0.3010735577474113,0.08805956443150831,0.0901625355084737,0.041924287875493293
2,evt_000907,7,623,1670156512818,0,0.3704729874928792,0,3,1,20,0.3107227385044098,0.363290935754776,0.2942227721214294,0.2792229466666667,0.3705093466666667,0.37877858546390625,0.07625021537144983,0.007182051738103212,0.05975024898846942
2,evt_000908,7,624,1670156525760,0,0.4188749194145202,1,3,1,20,0.3632780313491821,0.3594030439853668,0.3443234264850616,0.24054496433333336,0.338333831,0.3458165836772022,0.07455149292945862,0.05947187542915339,0.055596888065338135
2,evt_000909,7,625,1670156538510,0,0.3301305770874023,0,3,1,20,0.2844125628471374,0.2966208159923553,0.2672973871231079,0.23013246666666665,0.3392889666666667,0.3117905449699748,0.06283318996429438,0.033509761095047,0.04571801424026489
2,evt_000910,7,371,1670156547986,0,0.3582984805107116,1,3,1,20,0.3187202513217926,0.3632961511611938,0.3031910061836242,0.19877585399999997,0.3104203406666666,0.32435289068622586,0.0551074743270874,0.004997670650482178,0.03957822918891901
2,evt_000911,7,626,1670157344846,0,0.2463017553091049,0,1,1,20,0.240332081913948,0.2582185864448547,0.2206847220659256,0.04917630666666666,0.23365713333333335,0.14243848772690484,0.025617033243179294,0.01191683113574979,0.005969673395156888
2,evt_000912,7,627,1670157378036,0,0.3288309673468272,0,1,1,20,0.2905433177947998,0.3377704620361328,0.2686118185520172,0.19391634499999996,0.300927565,0.30597689081157226,0.060219148794809996,0.008939494689305605,0.0382876495520274
2,evt_000913,7,628,1670157390384,0,0.2229786266883214,0,1,1,20,0.2737831771373749,0.3206511437892914,0.2387124449014663,-0.3101566966666667,0.3101566966666667,0.2577481416321298,0.015733818213144873,0.09767251710096997,0.050804550449053465
2,evt_000914,7,515,1670157443168,0,0.2575212468703587,1,1,1,20,0.2804695665836334,0.3241908848285675,0.2612368762493133,-0.12338331166666666,0.12895672833333333,0.09044509637455056,0.003715629378954588,0.0666696379582088,0.022948319713274712
2,evt_000915,7,630,1670157483693,0,0.2657841742038727,0,1,1,20,0.2734543681144714,0.3103880584239959,0.2525925040245056,-0.035481634399999996,0.035481634399999996,0.03349490733681442,0.013191670179367065,0.044603884220123236,0.007670193910598699
2,evt_001033,8,222,1670399180148,0,0.3349081575870514,1,3,0,20,0.3004235327243805,0.332745224237442,0.2280734926462173,0.16656374386666664,0.16656374386666664,0.13310055541760554,0.1068346649408341,0.002162933349609375,0.0344846248626709
2,evt_001034,8,210,1670399205236,0,0.2633091509342193,1,3,0,20,0.2494704276323318,0.2955627143383026,0.2068429142236709,0.0756764199,0.0792040581,0.07861005287311415,0.0564662367105484,0.03225356340408331,0.013838723301887512
2,evt_001035,8,689,1670399237691,0,0.3717768987019856,0,3,1,20,0.3072347044944763,0.3684804141521454,0.2872009873390198,0.28465976533333337,0.28465976533333337,0.1780983466885661,0.08457591136296583,0.0032964845498402173,0.06454219420750928
2,evt_001036,8,690,1670399291497,1,0.4621329108874003,0,3,1,20,0.381566047668457,0.4397619664669037,0.3620647490024566,0.33308631099999997,0.33308631099999997,0.23419373913732816,0.10006816188494372,0.02237094442049664,0.08056686321894335
2,evt_001037,8,691,1670399337765,1,0.3399462203184764,0,3,1,20,0.2724953591823578,0.325730413198471,0.2133574932813644,0.31735146233333333,0.31735146233333333,0.25593946164840764,0.12658872703711196,0.014215807120005364,0.06745086113611859
2,evt_001038,8,221,1670399381334,0,0.3716850876808166,1,3,0,20,0.3292509317398071,0.3719507753849029,0.2618242502212524,0.190722998,0.190722998,0.140251500456948,0.10986083745956421,0.0002656877040863037,0.04243415594100952
2,evt_001039,8,692,1670399437123,0,0.5274094839890798,0,3,1,20,0.4554090499877929,0.5142221450805664,0.433134526014328,0.2913219866666667,0.2913219866666667,0.19022767765069137,0.09427495797475183,0.013187338908513424,0.07200043400128692
2,evt_001040,8,693,1670399468642,0,0.5190093616644541,0,3,1,20,0.4353741705417633,0.4892037808895111,0.3791099488735199,0.344930634,0.344930634,0.29322592211020043,0.1398994127909342,0.029805580774942997,0.0836351911226908
2,evt_001041,8,203,1670399520537,0,0.3646905223528544,1,3,0,20,0.2974552810192108,0.3469440937042236,0.2488419264554977,0.3013045543333333,0.3013045543333333,0.22258055998379983,0.11584859589735669,0.017746428648630796,0.06723524133364356
2,evt_001042,8,204,1670399531526,1,0.3243480821450551,1,3,0,20,0.2634698450565338,0.3100276887416839,0.2001077681779861,0.295369134,0.295369134,0.26767817321572007,0.12424031396706903,0.014320393403371212,0.0608782370885213
2,evt_001043,8,694,1670399577879,0,0.4858830571174621,0,3,1,20,0.4064296782016754,0.4640694856643677,0.3539988994598388,0.323559908,0.323559908,0.2559601363407095,0.1318841576576233,0.021813571453094427,0.07945337891578669
2,evt_001044,8,206,1670399624981,0,0.3256425062815348,1,3,0,20,0.2679778039455414,0.3146182298660278,0.2038615345954895,0.27590832466666665,0.27590832466666665,0.22892739859080868,0.12178097168604529,0.011024276415507017,0.05766470233599341
2,evt_001045,8,695,1670399648874,1,0.513923853635788,0,3,1,20,0.4260066449642181,0.4829082787036896,0.4052003920078277,0.36142801399999996,0.36142801399999996,0.29002153098579764,0.10872346162796026,0.03101557493209839,0.08791720867156988
2,evt_001150,9,162,1670416713759,0,0.3271466096242268,1,0,0,20,0.2920913994312286,0.3144112825393677,0.2102299481630325,0.16148643933333334,0.17785531400000001,0.12086709570576333,0.11691666146119431,0.012735327084859138,0.03505521019299823
2,evt_001151,9,170,1670416780854,0,0.4308300713698069,1,0,0,20,0.3395192325115204,0.4307949244976043,0.2726209461688995,0.3832892816666667,0.3832892816666667,0.3390853000951791,0.1582091252009074,3.514687220257384e-05,0.0913108388582865
2,evt_001152,9,150,1670416871483,0,0.3219163517157237,1,0,0,20,0.2811030447483063,0.3184043765068054,0.1991481930017471,0.19819283633333332,0.19819283633333332,0.14363899909422664,0.12276815871397659,0.003511975208918272,0.04081330696741742
2,evt_001153,9,317,1670416886153,0,0.4946111738681793,1,0,0,20,0.4071027338504791,0.4983094036579132,0.3457118570804596,0.3561441886666666,0.3561441886666666,0.30290660082747256,0.14889931678771973,0.0036982297897338867,0.0875084400177002
2,evt_001154,9,171,1670416924239,1,0.3637960354487101,1,0,0,20,0.2910867035388946,0.3642866611480713,0.2231931835412979,0.3201183653333333,0.328549248,0.28751112436330445,0.14060285190741217,0.0004906256993612024,0.07270933190981549
2,evt_001155,9,152,1670416952839,0,0.3296663661797841,1,0,0,20,0.2775109708309173,0.345024436712265,0.207599937915802,0.239382069,0.2640201976666667,0.2976534127943561,0.12206642826398212,0.015358070532480894,0.05215539534886682
2,evt_001156,9,156,1670417026842,1,0.3531732658545176,1,0,0,20,0.2866330444812774,0.353152722120285,0.2256158590316772,0.30141786866666664,0.30141786866666664,0.2844047575377948,0.1275574068228404,2.054373423260314e-05,0.06654022137324017
2,evt_001157,9,166,1670417060906,0,0.4200961887836456,1,0,0,20,0.3651638925075531,0.4258747100830078,0.2732657492160797,0.23133126266666668,0.2521921306666666,0.24899824902064677,0.14683043956756586,0.005778521299362238,0.054932296276092474
2,evt_001158,9,167,1670417080117,0,0.2706419080495834,1,0,0,20,0.2570242583751678,0.2617771923542022,0.1865813583135604,0.07399129673333334,0.07498350993333334,0.05998745574320872,0.08406054973602298,0.008864715695381165,0.013617649674415588
2,evt_001159,9,158,1670417094894,0,0.2705559134483337,1,0,0,20,0.2626827955245971,0.2770935595035553,0.1923200935125351,0.03796187433333333,0.05375439833333332,0.05385932325656017,0.07823581993579859,0.006537646055221613,0.007873117923736572
2,evt_001160,9,161,1670417122345,1,0.4068035880724589,1,0,0,20,0.3205743134021759,0.4067922830581665,0.2841025590896606,0.3663836933333333,0.3663836933333333,0.3128411319276003,0.12270102898279833,1.1305014292417592e-05,0.08622927467028302
2,evt_001264,10,122,1670489247842,1,0.4531059563159942,0,1,1,20,0.3835607767105102,0.4399556815624237,0.3312323987483978,0.28471174153333334,0.28471174153333334,0.20799201098094525,0.12187355756759638,0.013150274753570501,0.06954517960548401
2,evt_001265,10,856,1670489300183,1,0.3469431499640147,0,1,1,20,0.2792260944843292,0.2992321252822876,0.2453376501798629,0.3180984376666667,0.3180984376666667,0.22031211537795967,0.10160549978415181,0.04771102468172711,0.06771705547968548
2,evt_001266,10,857,1670489355638,1,0.4170783360799153,0,1,1,20,0.3453327119350433,0.4210045635700226,0.2665757834911346,0.3034192333333333,0.3034192333333333,0.22882507611491265,0.1505025525887807,0.0039262274901072924,0.07174562414487201
2,evt_001267,10,858,1670489388023,1,0.3894747694333394,0,1,1,20,0.3183649480342865,0.3893622457981109,0.3021637797355652,0.31724374666666666,0.31724374666666666,0.22594836926081813,0.08731098969777423,0.00011252363522851194,0.07110982139905292
2,evt_001268,10,859,1670489422625,1,0.5007337927818298,0,1,1,20,0.4312898218631744,0.4876780211925506,0.3724869191646576,0.280342422,0.280342422,0.19223849154094494,0.12824687361717224,0.01305577158927923,0.06944397091865545
2,evt_001269,10,860,1670489466048,1,0.299290120601654,0,1,1,20,0.2456010729074478,0.302272766828537,0.2129602581262588,0.2679109,0.2679109,0.18669998359313694,0.0863298624753952,0.00298264622688299,0.05368904769420621
2,evt_001270,10,861,1670489519577,0,0.4743890464305877,0,1,1,20,0.4128763675689697,0.4781218469142914,0.3780111968517303,0.249838679,0.249838679,0.1672549013611566,0.09637784957885742,0.003732800483703669,0.061512678861617986
2,evt_001271,10,862,1670489525143,1,0.3733729620774587,0,1,1,20,0.3247852027416229,0.400234967470169,0.2659919559955597,0.215429561,0.215429561,0.13798487799800782,0.10738100608189899,0.02686200539271033,0.048587759335835756
2,evt_001272,10,863,1670489573794,1,0.5806877017021179,0,1,1,20,0.5270957350730896,0.6017283797264099,0.4607081413269043,0.21783343933333332,0.21783343933333332,0.1472568261034343,0.11997956037521362,0.021040678024291992,0.05359196662902832
2,evt_001273,10,864,1670489630487,1,0.596337080001831,0,1,1,20,0.5423982739448547,0.584479033946991,0.4837841093540191,0.22120965299999998,0.22120965299999998,0.15499364962040266,0.11255297064781195,0.011858046054840088,0.05393880605697632
2,evt_001274,10,865,1670489668078,1,0.4046269655227661,0,1,1,20,0.345756322145462,0.4119997322559356,0.3157080709934234,0.25327690333333336,0.25327690333333336,0.16284754355567466,0.0889188945293427,0.0073727667331695,0.05887064337730413
2,evt_001275,10,866,1670490185399,1,0.4724928935368855,0,1,1,20,0.4061802923679352,0.4758240878582001,0.346011072397232,0.26981942833333333,0.26981942833333333,0.18503508468378912,0.1264818211396535,0.003331194321314568,0.06631260116895032
2,evt_001391,11,931,1670593055702,1,0.4234338502089182,0,1,1,20,0.3109763562679291,0.4143612384796142,0.2880690693855285,0.4799737499999999,0.4799737499999999,0.44051274021492204,0.1353647808233897,0.009072611729304014,0.11245749394098914
2,evt_001392,11,932,1670593089050,1,0.5353441834449768,0,1,1,20,0.4310984909534454,0.5343081951141357,0.385801762342453,0.430470308,0.430470308,0.4004819822361782,0.1495424211025238,0.0010359883308410645,0.10424569249153143
2,evt_001393,11,933,1670593150644,1,0.4518084824085235,0,1,1,20,0.3433481156826019,0.4528474807739258,0.3145356476306915,0.454023619,0.454023619,0.40064722869062086,0.13727283477783203,0.0010389983654022772,0.10846036672592163
2,evt_001394,11,934,1670593178683,1,0.4533000389734904,0,1,1,20,0.3357660472393036,0.4510020315647125,0.3067770302295685,0.4948231886666667,0.4948231886666667,0.4381568499356367,0.14652300874392193,0.0022980074087778912,0.11753399173418683
2,evt_001395,11,935,1670593231692,0,0.5051343639691671,0,1,1,20,0.3927035629749298,0.4431000053882599,0.359462022781372,0.46399702333333326,0.46399702333333326,0.4038129277220535,0.1456723411877951,0.06203435858090722,0.1124308009942373
2,evt_001396,11,936,1670593276512,0,0.4790156483650207,0,1,1,20,0.3830541670322418,0.4817673861980438,0.363121896982193,0.3948250066666667,0.3948250066666667,0.3235328322847885,0.1158937513828277,0.002751737833023127,0.09596148133277888
2,evt_001397,11,937,1670593319555,1,0.5147679448127747,0,1,1,20,0.4304725229740143,0.5005775690078735,0.3536899387836456,0.343783212,0.343783212,0.29282532586007204,0.16107800602912908,0.014190375804901123,0.08429542183876038
2,evt_001398,11,938,1670593388706,0,0.5007703403631846,0,1,1,20,0.393890231847763,0.5020803213119507,0.3628044128417969,0.439995286,0.439995286,0.367450200247364,0.1379659275213877,0.0013099809487661096,0.10688010851542157
2,evt_001399,11,939,1670593398863,1,0.4655937552452087,0,1,1,20,0.356067031621933,0.4707876145839691,0.3285763263702392,0.4565048423333333,0.4565048423333333,0.3912877607581559,0.13701742887496948,0.0051938593387604315,0.1095267236232757
2,evt_001400,11,940,1670593450200,1,0.4547519485155741,0,1,1,20,0.3403314650058746,0.4481427669525146,0.3038820922374725,0.47991055,0.47991055,0.42453417931616205,0.15086985627810162,0.0066091815630595074,0.11442048350969952
2,evt_001401,11,941,1670593457981,1,0.4922167857487996,0,1,1,20,0.3973383009433746,0.5064205527305603,0.3546580374240875,0.38699353233333333,0.38699353233333333,0.30600932284820115,0.1375587483247121,0.01420376698176068,0.09487848480542505
2,evt_001402,11,942,1670593678966,1,0.442120869954427,0,1,1,20,0.3428432047367096,0.4390211403369903,0.2912927865982055,0.4182069883333333,0.4182069883333333,0.34604377661923513,0.1508280833562215,0.0030997296174367084,0.09927766521771741
2,evt_001403,11,676,1670593731723,1,0.4521538217862447,1,1,1,20,0.3489257991313934,0.4579706490039825,0.3253994584083557,0.4311948323333333,0.4311948323333333,0.36963210764735216,0.12675436337788898,0.005816827217737797,0.10322802265485131
2,evt_001517,12,672,1670745796228,0,0.3195265134175618,1,1,1,20,0.3084901571273803,0.402484267950058,0.275141030550003,0.04824082533333335,0.13203197466666666,0.09787462921390863,0.04438548286755878,0.08295775453249621,0.01103635629018146
2,evt_001518,12,1007,1670745816164,0,0.3728322088718414,0,1,1,20,0.3299497067928314,0.3206975758075714,0.312879741191864,0.18476753333333332,0.19348125333333333,0.21536146530968955,0.05995246767997736,0.052134633064269964,0.042882502079009954
2,evt_001519,12,1009,1670745856694,1,0.4094668924808502,0,1,1,20,0.3431650698184967,0.419202446937561,0.3240045607089996,0.276546909,0.276546909,0.33353893731330303,0.08546233177185064,0.00973555445671076,0.06630182266235352
2,evt_001520,12,904,1670745898709,1,0.4416572054227193,1,1,1,20,0.3969495594501495,0.4010451138019562,0.3788906037807464,0.18264208933333334,0.18264208933333334,0.19686694197627844,0.0627666016419729,0.040612091620763124,0.04470764597256982
2,evt_001521,12,1010,1670745955433,0,0.3686546385288238,0,1,1,20,0.3106891810894012,0.4041601121425628,0.2925037443637848,0.25509351766666666,0.25509351766666666,0.2672694643458325,0.07615089416503901,0.035505473613739014,0.05796545743942261
2,evt_001522,12,1011,1670745964157,0,0.3884401718775431,0,1,1,20,0.3438226282596588,0.3796231746673584,0.3199571073055267,0.18712184733333334,0.21268950733333336,0.2619744878361424,0.06848306457201642,0.008816997210184696,0.04461754361788428
2,evt_001523,12,1013,1670745990376,0,0.5427102148532867,0,1,1,20,0.4512054920196533,0.55100417137146,0.417146772146225,0.3739768139,0.37535481276666666,0.3667486149424951,0.12556344270706177,0.008293956518173218,0.09150472283363342
2,evt_001524,12,1014,1670746005488,0,0.3630283971627553,0,1,1,20,0.2960087656974792,0.4000674784183502,0.2777695953845978,0.30238028866666666,0.30238028866666666,0.33940802111937385,0.08525880177815753,0.03703908125559491,0.06701963146527612
2,evt_001525,12,804,1670746016951,1,0.3723713755607605,1,1,1,20,0.3427086770534515,0.3143216669559479,0.3176086246967315,0.127514838,0.18270562866666665,0.1999543132992044,0.054762750864028986,0.05804970860481262,0.029662698507309015
2,evt_001526,12,1015,1670746051000,0,0.379437118768692,0,1,1,20,0.3095072209835052,0.3596441447734833,0.2756769359111786,0.3033251983333333,0.3033251983333333,0.38622532703367884,0.10376018285751343,0.01979297399520874,0.06992989778518682
2,evt_001527,12,1016,1670746095405,0,0.3962706923484802,0,1,1,20,0.3278698027133941,0.398327499628067,0.3062204122543335,0.29862653933333333,0.29862653933333333,0.2971293391083148,0.09005028009414673,0.002056807279586792,0.06840088963508612
2,evt_001528,12,1017,1670746108574,0,0.3922799130280812,0,1,1,20,0.3451250493526459,0.3767679035663605,0.3202817142009735,0.20299790983333335,0.2103596795,0.24733565299906127,0.07199819882710767,0.01551200946172071,0.04715486367543531
2,evt_001647,13,1134,1672734138943,0,0.2556138485670089,0,1,1,20,0.2196288555860519,0.2617405652999878,0.1741125434637069,0.19555416333333334,0.26259627,0.17137681209320532,0.08150130510330203,0.006126716732978876,0.035984992980957003
2,evt_001648,13,1135,1672734207544,1,0.4901873966058095,0,1,1,20,0.40102019906044,0.4403656423091888,0.328101247549057,0.36382041604,0.36382041604,0.33034870480486667,0.1620861490567525,0.049821754296620724,0.0891671975453695
2,evt_001649,13,1136,1672734280367,0,0.3936332563559214,0,1,1,20,0.4278582036495209,0.4238263070583343,0.36765918135643,-0.15288159466666668,0.18865015466666668,0.21573086922181597,0.025974074999491392,0.030193050702412905,0.034224947293599484
2,evt_001650,13,1137,1672734293087,0,0.2033632447322209,0,1,1,20,0.2196711152791977,0.1655983030796051,0.1767074912786483,-0.14456267563333336,0.1933115910333333,0.22362198080018378,0.0266557534535726,0.03776494165261579,0.0163078705469768
2,evt_001651,13,1139,1672734324848,0,0.5154843131701151,0,1,1,20,0.4902096688747406,0.4335196018218994,0.4395837783813476,0.10117112066666667,0.10117112066666667,0.05637889108780544,0.07590053478876752,0.0819647113482157,0.025274644295374515
2,evt_001652,13,1140,1672734339017,0,0.3851349453131358,0,1,1,20,0.331924706697464,0.3470700085163116,0.2679822444915771,0.23648316883333334,0.2371323645,0.1902245334813468,0.11715270082155871,0.03806493679682421,0.05321023861567181
2,evt_001653,13,1141,1672734350106,0,0.5541841387748718,0,1,1,20,0.4894512891769409,0.5433507561683655,0.4216908514499664,0.2604064643333333,0.2604064643333333,0.1889653915170369,0.13249328732490545,0.010833382606506348,0.06473284959793091
2,evt_001654,13,1142,1672734358939,0,0.4996931950251261,0,1,1,20,0.4292192757129669,0.3429962396621704,0.3687922954559326,0.28455331333333334,0.28455331333333334,0.2057393977051322,0.13090089956919349,0.1566969553629557,0.07047391931215918
2,evt_001655,13,1143,1672734384238,0,0.4494415819644928,0,1,1,20,0.376333475112915,0.3040731847286224,0.3036715090274811,0.30570673249999997,0.30570673249999997,0.25566199878036056,0.14577007293701172,0.14536839723587042,0.07310810685157781
2,evt_001656,13,1144,1672734395230,0,0.3582411805788676,0,1,1,20,0.2982333898544311,0.3550566136837005,0.2387065142393112,0.2797138298,0.2797138298,0.22751018355860841,0.11953466633955642,0.003184566895167107,0.060007790724436516
2,evt_001657,13,1145,1672734416127,1,0.5246200958887736,0,1,1,20,0.4481936395168304,0.4848589897155761,0.4067002832889557,0.30773469,0.30773469,0.21974310467264405,0.11791981259981787,0.03976110617319745,0.07642645637194317
2,evt_001658,13,1147,1672734435330,1,0.4303313493728637,0,1,1,20,0.3734628856182098,0.4287601411342621,0.3041371405124664,0.24040441299999996,0.24040441299999996,0.18292076248289738,0.12619420886039734,0.001571208238601629,0.05686846375465393
2,evt_001659,13,1148,1672734607449,1,0.3059554398059845,0,1,1,20,0.2471833974123001,0.2972381711006164,0.1962675005197525,0.30048644399999996,0.30048644399999996,0.24046984810734098,0.109687939286232,0.008717268705368098,0.05877204239368439
2,evt_001660,13,1150,1672734740299,0,0.36058575908343,0,1,1,20,0.3399451673030853,0.3030321598052978,0.2815334796905517,0.09280391650000001,0.10053655683333333,0.08580306352442682,0.07905227939287829,0.057553599278132195,0.020640591780344664
2,evt_001772,14,1214,1672837277769,0,0.4184542000293731,0,1,1,20,0.3993555605411529,0.4342583417892456,0.3586786687374115,0.07015960000000002,0.28928291333333334,0.17863555829874678,0.059775531291961614,0.015804141759872492,0.019098639488220215
2,evt_001773,14,1216,1672837333541,1,0.3609004517396291,0,1,1,20,0.3731968402862549,0.3944426774978637,0.3127739131450653,-0.05483555666666667,0.21608652333333334,0.01842422562771876,0.048126538594563784,0.03354222575823462,0.012296388546625792
2,evt_001774,14,1217,1672837391551,0,0.3875904182593028,0,1,1,20,0.3321557939052582,0.3871854245662689,0.3060033619403839,0.22211572466666665,0.3219720446666667,0.3254392990564254,0.08158705631891888,0.00040499369303387267,0.055434624354044615
2,evt_001775,14,1218,1672837415982,0,0.3238679965337117,0,1,1,20,0.3700281679630279,0.3544342517852783,0.2973357439041137,-0.2085873513333333,0.2085873513333333,0.08462106617450788,0.026532252629597963,0.030566255251566643,0.04616017142931622
2,evt_001776,14,1219,1672837467878,1,0.4776921272277832,0,1,1,20,0.4608627259731293,0.3736270368099212,0.4017254412174225,0.06828861333333332,0.36785645333333333,0.2026362043647782,0.07596668601036072,0.104065090417862,0.01682940125465393
2,evt_001777,14,1220,1672837504474,0,0.2951137026151021,0,1,1,20,0.3128421604633331,0.3044041693210602,0.2690335810184479,-0.086861235,0.15835095166666666,0.04402595615357535,0.026080121596654238,0.009290466705958067,0.01772845784823096
2,evt_001778,14,1221,1672837522187,1,0.2660160412391026,0,1,1,20,0.3218555152416229,0.3396498262882232,0.2676591873168945,-0.2734040366666666,0.2734040366666666,0.07342562442216038,0.0016431460777918683,0.0736337850491206,0.05583947400252032
2,evt_001779,14,1222,1672837584553,0,0.354800283908844,0,1,1,20,0.3335014581680298,0.3857929706573486,0.310433030128479,0.07895710733333333,0.22490351933333333,0.18232654399578735,0.04436725378036499,0.030992686748504583,0.02129882574081421
2,evt_001780,14,1223,1672837598036,0,0.3388530115286509,0,1,1,20,0.3674968183040619,0.3996604979038238,0.335057258605957,-0.12458808133333334,0.12458808133333334,0.05606904639457476,0.003795752922693907,0.060807486375172914,0.028643806775411007
2,evt_001781,14,1224,1672837619724,0,0.3630415399869283,0,1,1,20,0.3977274894714355,0.4313195645809173,0.3404076993465423,-0.14987196633333333,0.14987196633333333,0.10296369534571981,0.022633840640385983,0.06827802459398902,0.034685949484507206
2,evt_001782,14,1225,1672837651345,0,0.3410966793696086,0,1,1,20,0.3167980015277862,0.358000636100769,0.2827062606811523,0.10041184133333332,0.22637991866666665,0.19829252048421794,0.05839041868845629,0.016903956731160408,0.02429867784182238
2,evt_001783,14,1226,1672837685493,0,0.3513848682244618,0,1,1,20,0.4536625444889068,0.4751773178577423,0.3654080331325531,-0.44291467333333334,0.44291467333333334,0.23893232735044181,0.014023164908091301,0.12379244963328051,0.102277676264445
2,evt_001910,15,1292,1672887576327,1,0.4424299299716949,1,3,1,20,0.3323541581630707,0.3685434758663177,0.3079196512699127,0.46214264666666666,0.46214264666666666,0.40530142760557236,0.13451027870178217,0.0738864541053772,0.11007577180862421
2,evt_001911,15,1294,1672888509152,0,0.3647580941518147,0,1,1,20,0.2966059446334839,0.2898441553115845,0.235212042927742,0.31241130166666664,0.31241130166666664,0.22080618489196627,0.1295460512240727,0.07491393884023023,0.06815214951833082
2,evt_001912,15,1295,1672888542269,1,0.3100517094135284,0,1,1,20,0.3189188539981842,0.379406601190567,0.2816455662250519,-0.04219789886666667,0.05291425446666667,0.06380091670121402,0.028406143188476507,0.06935489177703863,0.008867144584655817
2,evt_001913,15,1296,1672888594295,0,0.4297927816708882,0,1,1,20,0.3296608924865722,0.3393371999263763,0.3053832948207855,0.42376854999999997,0.42376854999999997,0.3469042941053689,0.12440948685010267,0.0904555817445119,0.10013188918431598
2,evt_001914,15,1297,1672888646443,1,0.4335568745930989,0,1,1,20,0.3361153900623321,0.4223621189594269,0.3147806823253631,0.41046786099999993,0.41046786099999993,0.33271138201138983,0.11877619226773578,0.011194755633672004,0.09744148453076679
2,evt_001915,15,852,1672888682493,1,0.5161548654238383,1,1,1,20,0.4188284873962402,0.474426120519638,0.3764168322086334,0.40221467102,0.40221467102,0.36183294885977496,0.13973803321520484,0.041728744904200255,0.09732637802759808
2,evt_001916,15,1298,1672888717254,0,0.5114028056462606,0,1,1,20,0.4306336641311645,0.5138800144195557,0.4122571647167206,0.3284057316666667,0.3284057316666667,0.2361182198388033,0.09914564092954004,0.0024772087732950476,0.08076914151509612
2,evt_001917,15,1299,1672888737915,0,0.3777761956055959,0,1,1,20,0.3447303771972656,0.3689310550689697,0.320899486541748,0.14465880666666667,0.14465880666666667,0.07662679283471474,0.0568767090638479,0.008845140536626162,0.03304581840833026
2,evt_001918,15,1300,1672888759175,0,0.3483288586139679,0,1,1,20,0.3291279375553131,0.3400710821151733,0.3055738508701324,0.08901883966666667,0.10528573233333334,0.09479962264437061,0.042755007743835505,0.008257776498794611,0.019200921058654785
2,evt_001919,15,1301,1672888781893,1,0.4093786776065826,0,1,1,20,0.3385757505893707,0.3697431981563568,0.3203220069408417,0.30414417666666665,0.30414417666666665,0.19636187978553007,0.08905667066574091,0.039635479450225775,0.07080292701721186
2,evt_001920,15,1302,1672888818054,1,0.5652797619501749,0,1,1,20,0.4921446740627289,0.5364654660224915,0.4230031073093414,0.2979455086666667,0.2979455086666667,0.24120076591188339,0.14227665464083356,0.028814295927683475,0.07313508788744605
2,evt_001921,15,1303,1672888855055,1,0.4339393476645152,0,1,1,20,0.3358348309993744,0.3694410026073456,0.3089520633220672,0.4130756533333333,0.4130756533333333,0.35514664331211176,0.12498728434244799,0.06449834505716961,0.0981045166651408
2,evt_001922,15,1304,1672888885251,0,0.4806064069271087,0,1,1,20,0.39736008644104,0.46269690990448,0.3754124641418457,0.34071771,0.34071771,0.26783999957607163,0.105193942785263,0.01790949702262873,0.08324632048606873
2,evt_001923,15,1305,1672888920663,0,0.454373041788737,0,1,1,20,0.3817967474460602,0.3647704422473907,0.3065808117389679,0.29856642780000003,0.29856642780000003,0.2573807960242423,0.1477922300497691,0.0896025995413463,0.07257629434267682
2,evt_001924,15,1306,1672888945774,0,0.51896204551061,1,1,1,20,0.447405457496643,0.412724494934082,0.4040395021438598,0.2879281043333333,0.2879281043333333,0.21177573925618573,0.11492254336675017,0.106237550576528,0.07155658801396697
2,evt_002034,16,1419,1672907688262,0,0.3712628881136576,0,1,1,20,0.2939900159835815,0.2818876206874847,0.2688440978527069,0.35452550333333327,0.40902507,0.3246888302878718,0.10241879026095069,0.08937526742617291,0.07727287213007611
2,evt_002035,16,1420,1672907707129,1,0.2484596023956934,0,1,1,20,0.3038842380046844,0.3238958120346069,0.2582349479198456,-0.3032393066666667,0.3032393066666667,0.2730824143415281,0.009775345524152185,0.07543620963891348,0.055424635608990996
2,evt_002036,16,1421,1672907764150,1,0.4217197000980377,0,1,1,20,0.3395551443099975,0.3941473066806793,0.31248739361763,0.349576022,0.359455798,0.3087227501247848,0.10923230648040771,0.0275723934173584,0.08216455578804022
2,evt_002037,16,1422,1672907810263,1,0.3308407366275787,0,1,1,20,0.3729600608348846,0.4262093305587768,0.3455328643321991,-0.19222518533333333,0.19222518533333333,0.15263935235810155,0.014692127704620417,0.09536859393119812,0.04211932420730591
2,evt_002038,16,1423,1672907871270,1,0.3654448091983795,0,1,1,20,0.2919192612171173,0.3376534879207611,0.2601478397846222,0.33888948533333335,0.33888948533333335,0.2794818607735609,0.10529696941375732,0.027791321277618408,0.07352554798126221
2,evt_002039,16,1424,1672907930425,1,0.3870769341786702,0,1,1,20,0.3195008337497711,0.3528675734996795,0.2980409860610962,0.301573576,0.301573576,0.23794631577526612,0.08903594811757398,0.03420936067899066,0.06757610042889906
2,evt_002040,16,1425,1672907954628,1,0.3560396234194438,0,1,1,20,0.3603949844837188,0.4177672863006592,0.3306808769702911,-0.016763161233333334,0.05643039456666666,0.0427962128623928,0.025358746449152703,0.061727662881215395,0.004355361064275032
2,evt_002041,16,1426,1672907977399,1,0.4849338928858439,0,1,1,20,0.4007748067378998,0.4477856457233429,0.3635344207286834,0.34150538433333333,0.35103485566666665,0.29987767633476153,0.12139947215716046,0.03714824716250098,0.0841590861479441
2,evt_002042,16,1427,1672908712571,1,0.3032232075929642,0,1,1,20,0.236428752541542,0.2437028735876083,0.2009217590093612,0.326007602,0.39580435799999997,0.31579064926674233,0.10230144858360296,0.05952033400535586,0.06679445505142217
2,evt_002043,16,1428,1672908741800,1,0.5846095482508341,0,1,1,20,0.4911021292209625,0.523260235786438,0.4257100522518158,0.38427104866666667,0.38427104866666667,0.32321947977075244,0.15889949599901831,0.06134931246439612,0.09350741902987159
2,evt_002044,16,1429,1672908778051,1,0.4119572639465332,1,1,1,20,0.3263731300830841,0.2928778827190399,0.2950097024440765,0.36954417999999994,0.36954417999999994,0.2973847137775753,0.11694756150245672,0.11907938122749329,0.0855841338634491
2,evt_002158,17,1479,1672993193375,0,0.419984499613444,0,3,1,20,0.3619238436222076,0.3457043468952179,0.3421128988265991,0.23269795633333337,0.3527367563333333,0.3559526081822645,0.07787160078684485,0.07428015271822608,0.05806065599123639
2,evt_002159,17,1480,1672993200503,0,0.3621877233187358,1,3,1,20,0.3273899853229522,0.2873173654079437,0.2974140048027038,0.13445680533333335,0.3328120213333334,0.2645832362429816,0.06477371851603198,0.07487035791079205,0.03479773799578356
2,evt_002160,17,1481,1672993211854,1,0.3469228347142537,0,3,1,20,0.3001741468906402,0.2712071239948272,0.2830587327480316,0.19492427833333334,0.320580145,0.30669516199912533,0.06386410196622211,0.07571571071942651,0.04674868782361352
2,evt_002161,17,1482,1672993254342,0,0.2008083860079447,0,3,1,20,0.2165093421936035,0.2060104012489318,0.1846207529306411,-0.091514127,0.091514127,0.06780805140445201,0.016187633077303615,0.005202015240987096,0.015700956185658782
2,evt_002162,17,1483,1672993260821,0,0.3106984347105026,0,3,1,20,0.295069545507431,0.2997824847698211,0.2588220834732055,0.04636534333333333,0.32007319,0.1640069361111318,0.051876351237297114,0.010915949940681513,0.01562888920307165
2,evt_002163,17,222,1672993268628,0,0.2386102378368377,1,3,0,20,0.3210960328578949,0.2228143662214279,0.241336777806282,-0.4311217033333334,0.4311217033333334,0.18161718027787394,0.002726539969444275,0.015795871615409823,0.08248579502105718
2,evt_002164,17,206,1672993275719,0,0.2486340006192525,1,3,0,20,0.2730198204517364,0.2051642537117004,0.2075484991073608,-0.15523603333333333,0.29325727333333335,0.14126084313111104,0.04108550151189169,0.04346974690755209,0.02438581983248389
2,evt_002165,17,1484,1672993282500,0,0.3994755446910858,0,3,1,20,0.403057336807251,0.3592791557312011,0.3561884462833404,-0.01783831666666667,0.21297040999999997,0.058446740870577774,0.04328709840774542,0.0401963889598847,0.003581792116165161
2,evt_002166,17,1485,1672993312603,1,0.2911583334207535,0,3,1,20,0.3761392831802368,0.2816257774829864,0.3031857311725616,-0.39894265333333334,0.39894265333333334,0.1993037718121557,0.012027397751808111,0.009532555937767084,0.08498094975948334
2,evt_002167,17,1486,1672994276526,0,0.3468131323655446,0,1,1,20,0.3517670631408691,0.3368992805480957,0.3185669481754303,-0.020981499,0.09683290566666668,0.05988341374760191,0.02824618419011432,0.009913851817448915,0.004953930775324467
2,evt_002168,17,1487,1672994314719,1,0.3158935656150182,0,1,1,20,0.368204116821289,0.307778388261795,0.322053998708725,-0.24958080233333335,0.2531084843333334,0.2288794617298202,0.006160433093706785,0.008115177353223202,0.05231055120627082
2,evt_002169,17,1488,1672994327205,1,0.2892276048660278,0,1,1,20,0.2967275381088257,0.2588705718517303,0.2702552080154419,-0.037425433333333334,0.14381926,0.0523147259468772,0.018972396850585882,0.030357033014297485,0.007499933242797907
2,evt_002170,17,1489,1672994681282,0,0.3542466362317403,0,1,1,20,0.3303909599781036,0.3129546344280243,0.2893429398536682,0.09284918666666668,0.2815773466666667,0.19948599505020254,0.06490369637807208,0.041292001803716005,0.023855676253636715
2,evt_002292,18,1557,1673010257119,0,0.2358104089895884,0,1,1,20,0.3196695446968078,0.2385807633399963,0.2549954056739807,-0.4513436233333333,0.4513436233333333,0.281253130770515,0.019184996684392303,0.0027703543504079,0.0838591357072194
2,evt_002293,18,1558,1673010298084,0,0.3561379214127858,0,1,1,20,0.3907433748245239,0.3604165613651275,0.3682081997394562,-0.14743365866666666,0.14743365866666666,0.0788047466031754,0.012070278326670403,0.004278639952341734,0.03460545341173815
2,evt_002294,18,1559,1673010312140,0,0.2708484232425689,0,1,1,20,0.3623488843441009,0.3057580590248108,0.2914482951164245,-0.4401315666666667,0.4401315666666667,0.21935372269581815,0.02059987187385559,0.03490963578224188,0.09150046110153198
2,evt_002295,18,1560,1673010321245,0,0.3629517555236816,0,1,1,20,0.379016250371933,0.356608122587204,0.3608838021755218,-0.06957606166666666,0.085732087,0.0846227437449472,0.00206795334815979,0.006343632936477606,0.0160644948482514
2,evt_002296,18,1504,1673010374448,0,0.417638619740804,0,1,1,20,0.4453919231891632,0.4092919826507568,0.4199300706386566,-0.11302952666666666,0.11302952666666666,0.06548750036467382,0.0022914508978525983,0.008346637090047238,0.02775330344835919
2,evt_002297,18,1561,1673010404366,1,0.3935438493887583,0,1,1,20,0.4150463342666626,0.3928872048854828,0.3976868093013763,-0.08882985666666667,0.08882985666666667,0.08395403897586279,0.004142959912617983,0.0006566445032755164,0.021502484877904293
2,evt_002298,18,1562,1673010449485,0,0.2666870454947154,0,1,1,20,0.3040417432785034,0.2689641416072845,0.2726466357707977,-0.18305627,0.18305627,0.03999023923273611,0.005959590276082283,0.002277096112569099,0.03735469778378803
2,evt_002299,18,1563,1673010464440,0,0.3329175015290578,0,1,1,20,0.3989686965942383,0.3342998325824737,0.3478197157382965,-0.2898495233333333,0.2898495233333333,0.1402349958977136,0.014902214209238707,0.0013823310534158972,0.06605119506518048
2,evt_002300,18,1564,1673010550571,0,0.4051415125528971,0,1,1,20,0.4357783794403076,0.4054819643497467,0.4113395512104034,-0.12547499666666667,0.12547499666666667,0.05454946202425974,0.0061980386575062885,0.0003404517968496057,0.03063686688741052
2,evt_002301,18,1565,1673010561200,1,0.2769128481547038,0,1,1,20,0.2915071249008178,0.2661679983139038,0.2711725533008575,-0.06695259266666667,0.10768883933333334,0.06749004619747065,0.005740294853846306,0.010744849840799986,0.014594276746114021
2,evt_002302,18,1566,1673010587660,0,0.3168055713176727,0,1,1,20,0.3429600298404693,0.3062249720096588,0.3181759119033813,-0.11785332666666666,0.11785332666666666,0.06227780776117195,0.0013703405857086182,0.01058059930801386,0.02615445852279663
2,evt_002303,18,1567,1673010602029,0,0.3707849482695262,0,1,1,20,0.4760012924671173,0.3841874301433563,0.4029001295566559,-0.44633809666666663,0.44633809666666663,0.33622233936820256,0.0321151812871297,0.013402481873830141,0.10521634419759113
2,evt_002304,18,1210,1673010613356,0,0.2096810589234034,1,1,1,20,0.2693279981613159,0.2182894349098205,0.2283673882484436,-0.35657159666666666,0.35657159666666666,0.2556742366624081,0.01868632932504019,0.008608375986417088,0.059646939237912505
2,evt_002305,18,1568,1673010626294,0,0.3990766406059265,0,1,1,20,0.4724804162979126,0.3833363950252533,0.4089975655078888,-0.30249100333333334,0.30249100333333334,0.11280004060716005,0.00992092490196228,0.015740245580673218,0.07340377569198608
2,evt_002411,19,226,1673251221576,0,0.1534656112392743,1,3,0,20,0.2137430906295776,0.1501081734895706,0.1600228995084762,-0.5257695733333333,0.5257695733333333,0.41416579118532726,0.006557288269201905,0.0033574377497037067,0.06027747939030331
2,evt_002412,19,1628,1673251229596,0,0.2160360664129257,0,3,1,20,0.27079638838768,0.2108150720596313,0.2291077375411987,-0.3397604533333333,0.3397604533333333,0.29205009169964863,0.01307167112827301,0.0052209943532944,0.054760321974754306
2,evt_002413,19,221,1673251247925,0,0.2516682793696721,1,3,0,20,0.3297481536865234,0.2525529563426971,0.2620438635349273,-0.41759889,0.41759889,0.2728987542126275,0.010375584165255192,0.0008846769730249671,0.07807987431685126
2,evt_002414,19,211,1673251259758,0,0.155456597606341,1,3,0,20,0.2282256633043289,0.183372676372528,0.1631632596254348,-0.5818862633333334,0.5818862633333334,0.39571658778168917,0.007706662019093785,0.027916078766186986,0.07276906569798788
2,evt_002415,19,203,1673251270455,0,0.319054623444875,1,3,0,20,0.2890682220458984,0.2329054027795791,0.2420361638069152,0.11533758000000001,0.34258375333333335,0.2437751353568592,0.07701845963795981,0.0861492206652959,0.029986401398976625
2,evt_002416,19,1629,1673251277639,0,0.3881582617759704,0,3,1,20,0.4567843973636627,0.3960336744785309,0.4130312502384186,-0.28536513,0.28536513,0.18091331694997265,0.024872988462448176,0.00787541270256048,0.06862613558769232
2,evt_002417,19,222,1673251289785,1,0.2256421595811844,1,3,0,20,0.3095851242542267,0.2692492008209228,0.2336819916963577,-0.47503882,0.47503882,0.2785532291251618,0.008039832115173312,0.04360704123973841,0.0839429646730423
2,evt_002418,19,1630,1673251392557,1,0.2866937021414439,0,3,1,20,0.329059362411499,0.3649944365024566,0.3077112734317779,-0.197511576,0.197511576,0.11623418302062788,0.021017571290333992,0.0783007343610127,0.04236566027005512
2,evt_002419,19,1631,1673252035933,0,0.3090168982744217,0,1,1,20,0.3634953498840332,0.4003323316574096,0.3342078626155853,-0.2550767781,0.2550767781,0.23586506108987024,0.025190964341163635,0.09131543338298792,0.05447845160961151
2,evt_002420,19,1306,1673252045921,0,0.3849692940711975,1,1,1,20,0.4409461915493011,0.3687252700328827,0.3979682028293609,-0.2353229413333333,0.2353229413333333,0.1505984052585737,0.012998908758163397,0.01624402403831482,0.05597689747810358
2,evt_002421,19,1516,1673252054232,0,0.5229578216870626,1,1,1,20,0.4503971040248871,0.5029270648956299,0.4251019954681396,0.30724638833333334,0.39421757499999993,0.4180238248593033,0.09785582621892303,0.020030756791432736,0.07256071766217553
2,evt_002526,20,1681,1673339291215,0,0.4063923855622609,0,1,1,20,0.3434507846832275,0.432079553604126,0.3233941495418548,0.26729593333333335,0.26729593333333335,0.17832369778406165,0.08299823602040612,0.02568716804186505,0.06294160087903344
2,evt_002527,20,1682,1673339331657,0,0.3939665655295054,0,1,1,20,0.3262120187282562,0.4068022072315216,0.2997231483459472,0.2911991625333334,0.2931134908,0.232988347968367,0.09424341718355816,0.012835641702016232,0.06775454680124915
2,evt_002528,20,1684,1673339375583,0,0.4220485985279083,0,1,1,20,0.3554611504077911,0.4124882519245147,0.3205898106098175,0.27958436666666664,0.2800139133333333,0.2388203758485725,0.10145878791809082,0.00956034660339361,0.06658744812011724
2,evt_002529,20,1685,1673339401208,0,0.2834870119889577,0,1,1,20,0.2321301251649856,0.3117717802524566,0.1898873597383499,0.26663955899999997,0.289293541,0.22505713031799518,0.09359965225060782,0.028284768263498905,0.0513568868239721
2,evt_002530,20,1686,1673339410694,1,0.3956714173158009,0,1,1,20,0.3644664287567138,0.4424434900283813,0.3028295934200287,0.13408503666666668,0.17943453666666667,0.0787842867450324,0.09284182389577222,0.04677207271258038,0.0312049885590871
2,evt_002531,20,1687,1673339462710,0,0.4927103916803996,0,1,1,20,0.4528887569904327,0.5223404169082642,0.4302001297473907,0.16022879,0.2047650166666667,0.10188853897753707,0.0625102619330089,0.029630025227864565,0.03982163468996691
2,evt_002532,20,1688,1673339475348,0,0.3544530868530273,0,1,1,20,0.3460577428340912,0.4390015602111816,0.3177145421504974,0.03474111333333333,0.14277984,0.08740089502476618,0.03673854470252991,0.0845484733581543,0.008395344018936102
2,evt_002533,20,1689,1673339500301,0,0.2640501012404759,0,1,1,20,0.244254469871521,0.324461966753006,0.2137666791677475,0.10668535833333333,0.18106363499999997,0.0646331248612986,0.0502834220727284,0.06041186551253008,0.019795631368954902
2,evt_002534,20,1690,1673339510654,0,0.3132394055525462,0,1,1,20,0.3412195444107055,0.4337391853332519,0.3028485476970672,-0.133591705,0.164265045,0.12841769282376247,0.010390857855478997,0.1204997797807057,0.02798013885815931
2,evt_002535,20,1691,1673339520019,0,0.3625603715578715,0,1,1,20,0.3590796291828155,0.4677803516387939,0.3339550793170929,0.013224226666666672,0.14571788,0.06565826142821836,0.028605292240778624,0.10521998008092237,0.003480742375056023
2,evt_002536,20,1692,1673339527734,0,0.3051634778579076,0,1,1,20,0.3352169692516327,0.4192217588424682,0.3055053949356079,-0.1515419,0.22041261999999998,0.15870791289508662,0.00034191707770031554,0.11405828098456061,0.030053491393725096
2,evt_002537,20,1693,1673339536729,0,0.2719684640566508,0,1,1,20,0.2943924367427826,0.3894931375980377,0.2665677964687347,-0.12738019666666667,0.23198037000000002,0.1329134387329415,0.00540066758791613,0.1175246735413869,0.022423972686131777
2,evt_002657,21,1809,1677662222008,0,0.3419938484827677,0,1,1,20,0.3159711062908172,0.3461234271526336,0.2749493420124054,0.11981716399999999,0.14004200933333333,0.12115273164710672,0.06704450647036231,0.004129578669865908,0.0260227421919505
2,evt_002658,21,1810,1677662264598,1,0.4165877600510915,1,1,1,20,0.3916711807250976,0.4247318208217621,0.3355375826358795,0.10467155133333332,0.12825220199999998,0.09044710907583699,0.08105017741521198,0.008144060770670591,0.024916579325993893
2,evt_002659,21,1811,1677662303042,0,0.3345618546009063,0,1,1,20,0.3123848736286163,0.3360487520694732,0.2958732843399048,0.10143964733333333,0.10909498666666666,0.13987245414616387,0.03868857026100153,0.0014868974685668945,0.02217698097229004
2,evt_002660,21,1812,1677662314586,0,0.4231134951114654,0,1,1,20,0.3926837146282196,0.4254032075405121,0.345862478017807,0.12787679133333332,0.12787679133333332,0.12688647372961334,0.07725101709365839,0.0022897124290466864,0.030429780483245794
2,evt_002661,21,1813,1677662995502,0,0.3811132510503133,0,1,1,20,0.3536965847015381,0.3793673515319824,0.3341348171234131,0.120006879,0.120006879,0.12120327485731516,0.04697843392690021,0.0017458995183308734,0.02741666634877521
2,evt_002662,21,1814,1677663029790,0,0.334934135278066,0,1,1,20,0.3170437514781952,0.3464426100254059,0.2931886613368988,0.08158681066666666,0.111128436,0.12589705019484249,0.04174547394116718,0.011508474747339903,0.01789038379987079
2,evt_002663,21,1815,1677663057675,1,0.4582291146119435,0,1,1,20,0.4171856939792633,0.4509287774562835,0.3780606687068939,0.16686718719000002,0.16702090614333334,0.12977485855714593,0.08016844590504957,0.007300337155659975,0.04104342063268018
2,evt_002664,21,1816,1677663095286,0,0.3756501277287801,1,1,1,20,0.3407069444656372,0.3798228800296783,0.3078213930130005,0.15433209166666664,0.15433209166666664,0.1313280971759377,0.0678287347157796,0.004172752300898197,0.034943183263142885
2,evt_002665,21,1817,1677663135037,0,0.4028420348962148,0,1,1,20,0.358889102935791,0.3990525007247925,0.3255021274089813,0.19073772533333333,0.19073772533333333,0.12104153985987672,0.07733990748723346,0.003789534171422304,0.04395293196042377
2,evt_002666,21,1818,1677663181345,1,0.5885086258252462,0,1,1,20,0.5471274256706238,0.5751464366912842,0.4792321920394897,0.16832538733333333,0.16832538733333333,0.10929968906215023,0.10927643378575652,0.013362189133962032,0.04138120015462243
2,evt_002667,21,1819,1677663213235,1,0.4765841861565907,0,1,1,20,0.4244084358215332,0.4569409191608429,0.3678994476795196,0.21115175346666662,0.21115175346666662,0.1457471921419799,0.10868473847707111,0.01964326699574781,0.0521757503350575
2,evt_002668,21,1820,1677663253164,0,0.3427306711673736,0,1,1,20,0.2945464849472046,0.3209929764270782,0.2734507620334625,0.22995906833333332,0.22995906833333332,0.1276414093523728,0.06927990913391108,0.02173769474029541,0.04818418622016901
2,evt_002669,21,1821,1677663274810,0,0.4160984853903453,0,1,1,20,0.3726967275142669,0.4054491519927978,0.3496749103069305,0.183360207,0.183360207,0.12556148719953716,0.06642357508341479,0.010649333397547478,0.04340175787607836
2,evt_002670,21,1822,1677663327870,0,0.4453585247198741,0,1,1,20,0.3939544260501861,0.4422190189361572,0.33221235871315,0.21119128273333332,0.21119128273333332,0.14897151973815584,0.11314616600672406,0.003139505783716856,0.05140409866968798
2,evt_002775,22,1925,1677849419319,1,0.3098380963007609,0,2,2,20,0.3469328582286834,0.3790399730205536,0.2806388437747955,-0.16905927666666667,0.16905927666666667,0.014660169832941524,0.029199252525965447,0.06920187671979267,0.03709476192792249
2,evt_002776,22,1926,1677849447619,0,0.2801463504632314,0,2,2,20,0.3403933048248291,0.4000831842422485,0.2948654890060425,-0.29563357,0.29563357,0.22660727164674835,0.014719138542811094,0.1199368337790171,0.060246954361597715
2,evt_002777,22,1927,1677849453754,1,0.4520222246646881,0,2,2,20,0.4299419224262237,0.3647240400314331,0.380301833152771,0.086108925,0.266251475,0.1858157198629207,0.07172039151191711,0.087298184633255,0.02208030223846441
2,evt_002778,22,1928,1677849477667,0,0.2461222012837728,0,2,2,20,0.3247232735157013,0.3618642389774322,0.2708440124988556,-0.42443958333333337,0.42443958333333337,0.29390054300143037,0.024721811215082795,0.1157420376936594,0.0786010722319285
2,evt_002779,22,1929,1677849483296,0,0.1680926159024238,0,2,2,20,0.2222865670919418,0.2428671866655349,0.1688710898160934,-0.38577163333333336,0.38577163333333336,0.21278665049120749,0.0007784739136695862,0.07477457076311109,0.054193951189518
2,evt_002780,22,1930,1677849509432,0,0.1945558836062749,0,2,2,20,0.2819269597530365,0.3196469247341156,0.2153367549180984,-0.64346424,0.64346424,0.5610165911269281,0.02078087131182349,0.1250910411278407,0.0873710761467616
2,evt_002781,22,1931,1677849514336,0,0.212545578678449,0,2,2,20,0.2826719880104065,0.2294558882713318,0.2308485060930252,-0.44771167666666667,0.44771167666666667,0.36574449918656804,0.018302927414576203,0.016910309592882783,0.07012640933195749
2,evt_002782,22,1932,1677849521630,0,0.2060405214627584,0,2,2,20,0.2531262636184692,0.2374476194381714,0.2195767313241958,-0.2852210753333333,0.2852210753333333,0.21275399976732504,0.013536209861437415,0.031407097975412995,0.04708574215571079
2,evt_002783,22,1934,1677849556597,0,0.269883578022321,0,2,2,20,0.3484606742858886,0.374815970659256,0.2977785766124725,-0.3804500333333333,0.3804500333333333,0.2426215607490504,0.027894998590151487,0.10493239263693499,0.07857709626356763
2,evt_002784,22,1935,1677849576706,0,0.3299911171197891,0,2,2,20,0.4092049896717071,0.3535952568054199,0.348786860704422,-0.35571966000000005,0.35571966000000005,0.23805097800749164,0.018795743584632874,0.0236041396856308,0.07921387255191797
2,evt_002870,23,2017,1677834452530,0,0.4132616619269053,0,1,1,20,0.371132493019104,0.4092667996883392,0.3212492763996124,0.17920036516666668,0.17920036516666668,0.12702456312993304,0.09201238552729285,0.003994862238566099,0.04212916890780127
2,evt_002871,23,2018,1677834492184,0,0.319998820622762,0,1,1,20,0.2894317805767059,0.3200717866420746,0.2718889415264129,0.14972664833333335,0.14972664833333335,0.10723552940356414,0.04810987909634912,7.29660193125592e-05,0.03056704004605615
2,evt_002872,23,2019,1677834531419,1,0.4248998463153839,0,1,1,20,0.3860315084457397,0.4262495934963226,0.3571542501449585,0.16448586766666665,0.16448586766666665,0.11814361991258987,0.06774559617042542,0.0013497471809386652,0.03886833786964422
2,evt_002873,23,2020,1677834577421,0,0.3375856479008992,0,1,1,20,0.3043771982192993,0.3378172814846039,0.2692008018493652,0.1523636351,0.1561854849,0.12199408329678806,0.068384846051534,0.00023163358370470455,0.03320844968159986
2,evt_002874,23,2021,1677834633638,0,0.5101997057596842,0,1,1,20,0.4752618074417114,0.5056100487709045,0.4532260000705719,0.14073929333333335,0.14073929333333335,0.10720904380093325,0.05697370568911231,0.004589656988779667,0.03493789831797278
2,evt_002875,23,2022,1677834679386,0,0.330086275935173,0,1,1,20,0.3007438778877258,0.3311607539653778,0.2840045988559723,0.14090477433333334,0.14090477433333334,0.10222967018083183,0.04608167707920069,0.0010744780302048285,0.029342398047447205
2,evt_002876,23,2023,1677834732013,0,0.3912965456644694,0,1,1,20,0.3484385907649994,0.3904308974742889,0.3083077669143677,0.187127077,0.187127077,0.12220556078382369,0.08298877875010174,0.0008656481901805346,0.04285795489947003
2,evt_002877,23,2024,1677834781280,0,0.3851114511489868,0,1,1,20,0.3498530685901642,0.3915444314479828,0.3275412619113922,0.155492551,0.155492551,0.11803740283841105,0.057570189237594604,0.006432980298995972,0.03525838255882263
2,evt_002878,23,2025,1677834829366,0,0.3561023970444997,0,1,1,20,0.3274396657943725,0.3610395491123199,0.3030850887298584,0.12743131433333332,0.12743131433333332,0.1445996056480477,0.0530173083146413,0.004937152067820194,0.028662731250127194
2,evt_002961,24,2106,1678007921451,0,0.1548298274477323,0,2,2,20,0.2370846271514892,0.1848791688680648,0.1674080640077591,-0.5938379833333333,0.5938379833333333,0.5921810591854691,0.012578236560026795,0.030049341420332498,0.0822547997037569
2,evt_002962,24,2107,1678007933536,0,0.1992602224151293,0,2,2,20,0.2933635711669922,0.2205462902784347,0.217903196811676,-0.5771643466666666,0.5771643466666666,0.5323697526501878,0.01864297439654669,0.02128606786330539,0.09410334875186288
2,evt_002963,24,2108,1678008039421,0,0.3397453725337982,0,2,2,20,0.3403268754482269,0.2946703135967254,0.3140005767345428,-0.0003261163333333264,0.13818642299999997,0.08602311788130466,0.025744795799255427,0.04507505893707281,0.0005815029144286554
2,evt_002964,24,2109,1678008052689,0,0.1847174564997355,0,2,2,20,0.2612618803977966,0.1963645070791244,0.1991606950759887,-0.4840895033333333,0.4840895033333333,0.3412953519571499,0.014443238576253181,0.01164705057938889,0.07654442389806107
2,evt_002965,24,2110,1678008067706,0,0.2500747144222259,0,2,2,20,0.3346790373325348,0.2536918818950653,0.2764500081539154,-0.43746138333333334,0.43746138333333334,0.3325261257313585,0.02637529373168951,0.003617167472839411,0.0846043229103089
2,evt_002966,24,2111,1678008079197,0,0.2987840572992961,0,2,2,20,0.3176058530807495,0.2542007863521576,0.2576705515384674,-0.08826807399999999,0.08826807399999999,0.048181479102259867,0.04111350576082867,0.04458327094713849,0.018821795781453432
2,evt_002967,24,2112,1678008101016,0,0.1789513925711313,0,2,2,20,0.2694296538829803,0.1799554824829101,0.1947694420814514,-0.6252911566666667,0.6252911566666667,0.5233132731056414,0.015818049510320092,0.001004089911778805,0.090478261311849
2,evt_002968,24,2113,1678008109116,0,0.1908494159579277,0,2,2,20,0.2832914888858795,0.1955334395170211,0.206714928150177,-0.58764012,0.58764012,0.40775527297662295,0.015865512192249298,0.004684023559093392,0.09244207292795181
2,evt_002969,24,2114,1678008120228,0,0.2245475699504216,0,2,2,20,0.2740698754787445,0.2262656539678573,0.241431787610054,-0.2806704943333333,0.2806704943333333,0.22671659588842,0.016884217659632383,0.0017180840174357004,0.0495223055283229
2,evt_003056,25,2199,1678182000588,0,0.4739789764086405,0,1,1,20,0.4245564937591553,0.4185450077056885,0.3809691965579986,0.20207846,0.20207846,0.10917444289593421,0.0930097798506419,0.05543396870295203,0.04942248264948523
2,evt_003057,25,2200,1678182043340,0,0.2944535811742146,0,1,1,20,0.3105393052101135,0.3509043455123901,0.2787971794605255,-0.08547211066666667,0.118248176,0.09478572589275874,0.015656401713689094,0.056450764338175474,0.01608572403589892
2,evt_003058,25,2007,1678182079553,0,0.4954585433006286,1,1,1,20,0.4546317756175995,0.4907239973545074,0.4335766732692718,0.16561837166666668,0.16561837166666668,0.09717310862382265,0.06188187003135681,0.004734545946121216,0.04082676768302912
2,evt_003059,25,2201,1678182771670,0,0.3602080643177032,0,1,1,20,0.335829883813858,0.3090455830097198,0.2818858623504638,0.10828906533333334,0.10828906533333334,0.09832973555998387,0.07832220196723938,0.0511624813079834,0.024378180503845215
2,evt_003060,25,2202,1678182874187,0,0.3691289623578389,0,1,1,20,0.3490062654018402,0.4055439233779907,0.2845220863819122,0.08772898233333333,0.09862248233333333,0.0948394059801792,0.0846068759759267,0.03641496102015185,0.020122696955998665
2,evt_003061,25,2203,1678182929548,0,0.3204565743605296,0,1,1,20,0.2696768939495086,0.3266196250915527,0.2202191799879074,0.23760949466666667,0.24606052533333334,0.168947721509601,0.10023739437262219,0.006163050731023079,0.05077968041102099
2,evt_003062,25,2204,1678183200400,0,0.3138043383757273,0,1,1,20,0.2808913290500641,0.3026943802833557,0.2574193179607391,0.16130151666666667,0.16130151666666667,0.09728890594035217,0.05638502041498822,0.011109958092371586,0.03291300932566321
2,evt_003063,25,2205,1678183210208,0,0.332648644844691,0,1,1,20,0.2936933040618896,0.3454022407531738,0.278706282377243,0.18718205,0.18718205,0.09973706701638897,0.05394236246744799,0.012753595908482795,0.038955340782801384
2,evt_003064,25,2206,1678183246603,0,0.4357643127441406,0,1,1,20,0.3935920298099518,0.4586308896541595,0.3628888130187988,0.1762622673333333,0.1762622673333333,0.10489060717392558,0.07287549972534185,0.022866576910018865,0.04217228293418884
2,evt_003065,25,2207,1678183312143,0,0.0040552034818877,0,1,1,20,0.0043678474612534,0.0034684936981648,0.0032383929938077,-0.07354339856666667,0.07592435143333334,0.06380115467362094,0.0008168104880800003,0.0005867097837229003,0.0003126439793657001
2,evt_003170,26,2315,1678263769920,0,0.2489560147126515,0,2,2,20,0.2710548341274261,0.2053795456886291,0.2250048518180847,-0.1151343355,0.1161163645,0.08112951828396536,0.023951162894566808,0.0435764690240224,0.022098819414774595
2,evt_003171,26,2316,1678263776723,0,0.2891517082850138,0,2,2,20,0.3856668472290039,0.2774626016616821,0.3093469440937042,-0.48246732,0.48246732,0.33357402950126,0.020195235808690426,0.011689106623331724,0.09651513894399011
2,evt_003172,26,2317,1678263787522,0,0.2057007973392804,0,2,2,20,0.2907507419586181,0.2104373723268509,0.2251871079206466,-0.5417267166666666,0.5417267166666666,0.37406683446220607,0.019486310581366212,0.004736574987570491,0.08504994461933771
2,evt_003173,26,2318,1678263794255,0,0.2216201871633529,0,2,2,20,0.302535742521286,0.2240699529647827,0.244548961520195,-0.5737110466666667,0.5737110466666667,0.5255052452188986,0.022928774356842097,0.0024497658014297763,0.0809155553579331
2,evt_003174,26,2319,1678263804989,0,0.2033802643418312,0,2,2,20,0.2781651020050049,0.2058088630437851,0.2268113493919372,-0.4844583999999999,0.4844583999999999,0.3720879200011224,0.023431085050105993,0.002428598701953888,0.07478483766317368
2,evt_003175,26,2320,1678263814718,0,0.2292943348487218,0,2,2,20,0.3123939037322998,0.2292940616607666,0.2536648511886596,-0.44687284999999993,0.44687284999999993,0.21899212097018605,0.02437051633993781,2.7318795520203665e-07,0.083099568883578
2,evt_003176,26,2321,1678263830391,0,0.1744950811068217,0,2,2,20,0.252671331167221,0.2165698409080505,0.1971899271011352,-0.5304967666666667,0.5304967666666667,0.31668956592976377,0.02269484599431351,0.04207475980122882,0.07817625006039933
2,evt_003177,26,2322,1678263854445,0,0.1939695676167806,0,2,2,20,0.2709750235080719,0.2002367526292801,0.2176607102155685,-0.52182224,0.52182224,0.36050373540751995,0.02369114259878788,0.006267185012499482,0.07700545589129129
2,evt_003178,26,2323,1678263863982,0,0.1875657861431439,0,2,2,20,0.261959046125412,0.1928594559431076,0.2090967148542404,-0.6298110833333334,0.6298110833333334,0.5704327712462272,0.021530928711096492,0.005293669799963707,0.07439325998226809
2,evt_003179,26,2324,1678263885650,0,0.1200214717537164,0,2,2,20,0.1686320900917053,0.1208333149552345,0.1340856403112411,-0.6714437466666666,0.6714437466666666,0.630483496377669,0.014064168557524695,0.0008118432015181004,0.048610618337988895
2,evt_003180,26,2325,1678263894228,0,0.1492508612573146,0,2,2,20,0.2112958878278732,0.1515643149614334,0.1665313094854354,-0.6414992366666666,0.6414992366666666,0.5589889291892851,0.017280448228120804,0.002313453704118812,0.062045026570558603
2,evt_003181,26,2326,1678263905400,0,0.1632544224460919,0,2,2,20,0.2366313934326172,0.162002146244049,0.182654783129692,-0.5085910633333333,0.5085910633333333,0.24303807176470402,0.0194003606836001,0.0012522762020429068,0.07337697098652529
2,evt_003182,26,2327,1678263914439,0,0.1977254847685496,0,2,2,20,0.2719828188419342,0.2301874309778213,0.220166727900505,-0.44247893666666666,0.44247893666666666,0.23020602189059208,0.02244124313195542,0.0324619462092717,0.07425733407338461
2,evt_003282,27,2423,1678435806087,0,0.4026314814885457,0,2,2,20,0.3296700716018677,0.4067513942718506,0.2752788960933685,0.3101887683333333,0.3101887683333333,0.24947128547843442,0.12735258539517724,0.004119912783304869,0.07296140988667804
2,evt_003283,27,2424,1678435815229,1,0.3508730232715606,0,2,2,20,0.2838077843189239,0.3589240610599518,0.2380515486001968,0.29283331533333334,0.31692171799999996,0.334099012729245,0.1128214746713638,0.008051037788391169,0.06706523895263672
2,evt_003284,27,2425,1678435832157,1,0.4279407759507497,0,2,2,20,0.3532423675060272,0.3279182612895965,0.2869374752044678,0.31414016733333333,0.31414016733333333,0.23499744795162159,0.14100330074628192,0.1000225146611532,0.07469840844472247
2,evt_003285,27,2426,1678435857214,0,0.4287426471710205,0,2,2,20,0.3578474819660187,0.2989051043987274,0.289994478225708,0.29291296513333337,0.2975243682,0.2514936651564938,0.1387481689453125,0.1298375427722931,0.07089516520500183
2,evt_003286,27,2428,1678435875395,0,0.4020565350850423,0,2,2,20,0.3366835117340088,0.397579163312912,0.25937619805336,0.27055840533333336,0.30837987466666666,0.271474460407508,0.1426803370316823,0.004477371772130312,0.06537302335103351
2,evt_003287,27,2429,1678435885930,0,0.2964827964703242,0,2,2,20,0.2554775178432464,0.2913385927677154,0.1875157505273819,0.18780442,0.22067352000000004,0.21503708488556403,0.10896704594294232,0.005144203702608818,0.04100527862707781
2,evt_003288,27,2430,1678435897904,1,0.312185858686765,0,2,2,20,0.2678236663341522,0.3237071931362152,0.2071498185396194,0.194473833,0.25407083366666666,0.29621820675784466,0.10503604014714563,0.011521334449450193,0.044362192352612795
2,evt_003289,27,2431,1678435920376,0,0.5242267449696859,0,2,2,20,0.4826696217060089,0.4541637599468231,0.3843883574008941,0.16967209166666666,0.204969155,0.2462797627828201,0.1398383875687918,0.07006298502286279,0.041557123263677
2,evt_003290,27,2432,1678435929145,0,0.2255792866150538,0,2,2,20,0.1916537433862686,0.2663178145885467,0.1712235212326049,0.18453679333333337,0.22762253999999996,0.2762103063721375,0.054355765382448906,0.040738527973492894,0.033925543228785215
2,evt_003291,27,2433,1678435935936,0,0.3750134209791819,0,2,2,20,0.334193617105484,0.3654164373874664,0.272998183965683,0.17150406933333331,0.22386679599999995,0.23851318351706519,0.1020152370134989,0.009596983591715513,0.04081980387369788
2,evt_003409,28,2543,1678521209301,0,0.2500948359568913,0,2,2,20,0.267555683851242,0.3221876323223114,0.2076337784528732,-0.09147262,0.16472147333333334,0.04559385484599237,0.0424610575040181,0.0720927963654201,0.017460847894350706
2,evt_003410,28,2544,1678521284301,0,0.1548321445782979,0,2,2,20,0.2156282663345337,0.2660128176212311,0.1722479313611984,-0.45384857666666667,0.45384857666666667,0.28895579236581515,0.01741578678290051,0.11118067304293319,0.060796121756235805
2,evt_003411,28,2545,1678521290831,0,0.3855041265487671,0,2,2,20,0.3466697931289673,0.4471241533756256,0.3148864507675171,0.15521010666666668,0.2806592666666667,0.26944757589121193,0.07061767578125,0.06162002682685852,0.038834333419799805
2,evt_003412,28,2546,1678521300606,0,0.2587468971808751,0,2,2,20,0.279355376958847,0.2345307916402816,0.2075286656618118,-0.10394368999999999,0.23610643666666667,0.05698975131635063,0.05121823151906332,0.02421610554059353,0.020608479777971866
2,evt_003413,28,2430,1678521309282,0,0.23566568394502,0,2,2,20,0.2437658309936523,0.2968898117542267,0.1894613951444625,-0.06465922000000002,0.31343532,0.11167000459996618,0.04620428880055749,0.06122412780920669,0.008100147048632295
2,evt_003414,28,2547,1678521324353,1,0.3490541875362396,0,2,2,20,0.3043611943721771,0.3554342985153198,0.263183444738388,0.19180010000000003,0.3086201866666667,0.2517245808151407,0.08587074279785162,0.0063801109790802,0.0446929931640625
2,evt_003415,28,2548,1678521343798,1,0.2839723577102025,0,2,2,20,0.2485192567110061,0.319779485464096,0.2152379155158996,0.16027957166666665,0.29789416166666666,0.2812507531542455,0.06873444219430291,0.0358071277538935,0.03545310099919641
2,evt_003416,28,2549,1678521358065,0,0.2606353511412938,0,2,2,20,0.2755031287670135,0.2409932762384414,0.2144619971513748,-0.07628922333333334,0.2632277566666667,0.06420766461755499,0.046173353989919036,0.019642074902852413,0.01486777762571967
2,evt_003417,28,2550,1678521366074,0,0.42434161901474,0,2,2,20,0.4082977771759033,0.4868487417697906,0.3315716981887817,0.05744398666666667,0.39549021333333334,0.20516158520291225,0.09276992082595831,0.0625071227550506,0.01604384183883667
2,evt_003418,28,2551,1678521393032,0,0.2758839478095372,0,2,2,20,0.2808328866958618,0.3165186047554016,0.2243602275848388,-0.03865671000000001,0.30866317666666665,0.0968320437364052,0.051523720224698366,0.040634656945864434,0.004948938886324639
2,evt_003419,28,2552,1678521400630,0,0.4258512854576111,0,2,2,20,0.4441051483154297,0.4930974543094635,0.3644362390041351,-0.07416256333333333,0.22571259000000002,0.04445969518389662,0.06141504645347601,0.06724616885185242,0.018253862857818604
2,evt_003420,28,2553,1678521405646,0,0.271300067504247,0,2,2,20,0.2974843680858612,0.3332782983779907,0.2294411212205886,-0.12245154800000001,0.2001194253333333,0.08984140655350169,0.04185894628365841,0.06197823087374371,0.026184300581614195
2,evt_003421,28,2554,1678521414306,0,0.2395817041397094,0,2,2,20,0.2148927003145218,0.2645623087882995,0.1842686682939529,0.11975266,0.2695944066666667,0.22415131373283306,0.0553130358457565,0.024980604648590116,0.0246890038251876
2,evt_003422,28,2555,1678521421226,0,0.2521929293870926,0,2,2,20,0.2642759084701538,0.3179981410503387,0.2175484895706176,-0.07037660666666667,0.23716071333333333,0.04583822857479866,0.034644439816475,0.0658052116632461,0.012082979083061218
2,evt_003521,29,2648,1678611803045,1,0.3794082105159759,0,2,2,20,0.316642016172409,0.3821713626384735,0.2537352740764618,0.26558095466666665,0.33974505200000005,0.23987234418084222,0.1256729364395141,0.002763152122497614,0.0627661943435669
2,evt_003522,29,2649,1678611904443,0,0.387422502040863,0,2,2,20,0.3383455276489258,0.3959222733974457,0.2513812482357025,0.20305411333333334,0.27396973333333335,0.2223495604608327,0.13604125380516047,0.008499771356582697,0.0490769743919372
2,evt_003523,29,2461,1678611975115,0,0.3537979622681935,0,2,2,20,0.3053117096424103,0.3500066697597503,0.2300366908311844,0.20992389666666667,0.26403557666666666,0.181051400536852,0.1237612714370091,0.003791292508443178,0.04848625262578321
2,evt_003524,29,2650,1678611987584,0,0.0032117965165525,0,2,2,20,0.0027101908344775,0.0032808419782668,0.0019767810590565,0.17288451999999999,0.24726428666666664,0.11701942911808857,0.0012350154574959997,6.904546171430026e-05,0.0005016056820749998
2,evt_003525,29,2651,1678612756650,0,0.2959899803002675,0,2,2,20,0.2757899761199951,0.3000349998474121,0.2128427773714065,0.10316281533333334,0.18588468466666666,0.0442592056217288,0.08314720292886102,0.0040450195471445904,0.020200004180272402
2,evt_003526,29,2653,1678612842209,1,0.2664909362792969,0,2,2,20,0.2029983252286911,0.2773118317127228,0.1672149151563644,0.3107857153333333,0.38918516466666664,0.3178298013264643,0.09927602112293246,0.010820895433425903,0.06349261105060577
2,evt_003527,29,2654,1678612857699,0,0.4343730906645457,0,2,2,20,0.3889342844486236,0.4128829538822174,0.2975781261920929,0.18648368,0.23374222,0.15955404646673113,0.13679496447245282,0.021490136782328306,0.04543880621592211
2,evt_003528,29,2655,1678612871756,1,0.4643785754839579,0,2,2,20,0.4020296633243561,0.4681428968906402,0.329458624124527,0.25312259666666664,0.3041532433333333,0.25583234939842464,0.1349199513594309,0.003764321406682314,0.06234891215960181
2,evt_003529,29,2656,1678612884871,0,0.389035443464915,0,2,2,20,0.3191176652908325,0.3918570578098297,0.2662193775177002,0.30176242999999997,0.34215678333333327,0.2748527191830899,0.12281606594721478,0.0028216143449147357,0.06991777817408246
3,evt_000102,0,105,1667726628260,1,0.3754204511642456,0,1,1,20,0.4311748743057251,0.3736616671085357,0.3869930207729339,-0.24031852197166667,0.24038288469500002,0.1720456289543541,0.011572569608688299,0.0017587840557098944,0.05575442314147949
3,evt_000103,0,106,1667726651191,0,0.333390752474467,0,1,1,20,0.3880443572998047,0.3368914127349853,0.3427071571350097,-0.24674847037333333,0.24674847037333333,0.17900158653193665,0.009316404660542732,0.003500660260518318,0.05465360482533771
3,evt_000104,0,107,1667726663101,1,0.2917674382527669,0,1,1,20,0.3426984846591949,0.2917015254497528,0.2999850809574127,-0.24573842324999998,0.24573842324999998,0.17520296561857857,0.008217642704645811,6.591280301410096e-05,0.05093104640642798
3,evt_000105,0,108,1667726674668,0,0.3530625104904175,0,1,1,20,0.4166511595249176,0.3510557115077972,0.363042265176773,-0.27644571858,0.2765090547533333,0.19571087515102933,0.009979754686355535,0.0020067989826202948,0.06358864903450012
3,evt_000106,0,109,1667726689190,1,0.343726505835851,0,1,1,20,0.4063310921192169,0.3430500030517578,0.3545539677143097,-0.27773109044000005,0.27786118956,0.19866488781882669,0.010827461878458677,0.0006765027840932025,0.0626045862833659
3,evt_000107,0,110,1667726702303,0,0.3523550530274709,0,1,1,20,0.412924975156784,0.3502310514450073,0.3628658950328827,-0.2668700169166667,0.26727281641666667,0.19059823019223568,0.010510842005411802,0.002124001582463564,0.060569922129313114
3,evt_000108,0,111,1667726717523,0,0.3438993593056996,0,1,1,20,0.4066769778728485,0.3506789207458496,0.3519564867019653,-0.27837514452,0.27871405548,0.19679597558707998,0.008057127396265684,0.006779561440150017,0.06277761856714892
3,evt_000109,0,112,1667726735000,0,0.3520532747109731,0,1,1,20,0.413514643907547,0.3520755469799042,0.3635450601577759,-0.2698042035866666,0.2701663297466667,0.19219938065129274,0.011491785446802794,2.2272268931089467e-05,0.06146136919657391
3,evt_000110,0,113,1667726750638,0,0.3374612033367157,0,1,1,20,0.3974955379962921,0.3317062556743622,0.3449290990829468,-0.26935665253333335,0.27000218746666665,0.1913977214486547,0.007467895746231079,0.005754947662353516,0.060034334659576416
3,evt_000111,0,114,1667726760824,0,0.3165091822544734,0,1,1,20,0.3756984770298004,0.3119517564773559,0.324753075838089,-0.2739570216666667,0.27447975166666666,0.1976208049434047,0.008243893583615602,0.004557425777117485,0.05918929477532703
3,evt_000112,0,115,1667726802264,0,0.3090098549922307,0,1,1,20,0.3683946132659912,0.3099626898765564,0.3188277781009674,-0.2783058152666667,0.2787428314,0.20289319833939334,0.009817923108736692,0.0009528348843256818,0.059384758273760496
3,evt_000113,0,116,1667726831191,1,0.3320461710294087,0,1,1,20,0.3734169900417328,0.3276644647121429,0.3359545469284057,-0.18524022736666668,0.18524022736666668,0.131309831504869,0.0039083758989970074,0.00438170631726581,0.04137081901232409
3,evt_000114,0,117,1667726853757,0,0.2777035037676493,0,1,1,20,0.3214652240276336,0.2771041691303253,0.2842942774295807,-0.219122851515,0.219122851515,0.1557413010142925,0.006590773661931393,0.0005993346373239783,0.043761720259984316
3,evt_000115,0,118,1667726872781,0,0.3150315384070078,0,1,1,20,0.3746067583560943,0.3140196502208709,0.3253400325775146,-0.2787726739,0.27976493276666664,0.20025959124034012,0.010308494170506777,0.0010118881861369,0.05957521994908649
3,evt_000116,0,119,1667726888277,0,0.323859433333079,0,1,1,20,0.3825191557407379,0.3232226371765136,0.3344878852367401,-0.26980354356666664,0.27034049643333335,0.19335177760219718,0.010628451903661129,0.0006367961565653668,0.05865972240765893
3,evt_000222,1,226,1669103374591,0,0.2683139145374298,1,3,0,20,0.3034306466579437,0.3407526910305023,0.2627055644989013,-0.17804678316666667,0.17905035683333334,0.13075047868869197,0.005608350038528498,0.07243877649307251,0.035116732120513916
3,evt_000223,1,227,1669105739830,1,0.4849256376425425,0,3,1,20,0.4563658237457275,0.4868881702423095,0.4060254096984863,0.11450512443333334,0.16546240176666668,0.18220437868774775,0.07890022794405621,0.0019625325997670306,0.028559813896815
3,evt_000224,1,228,1669105779625,1,0.339734544356664,0,3,1,20,0.3452953398227691,0.3780191838741302,0.2990179359912872,-0.025172391533333335,0.07378636179999999,0.05988144013556111,0.04071660836537683,0.03828463951746619,0.005560795466105106
3,evt_000225,1,229,1669105824526,0,0.3045142491658528,1,3,1,20,0.324701577425003,0.323572427034378,0.2776012718677521,-0.09560912413333333,0.09724805253333334,0.09133324340431086,0.026912977298100715,0.019058177868525206,0.020187328259150206
3,evt_000226,1,230,1669105833852,0,0.3139298260211944,0,3,1,20,0.3435051739215851,0.3511682748794555,0.2971621751785278,-0.13786840543333334,0.1390564879,0.09799961661437144,0.016767650842666626,0.03723844885826111,0.02957534790039068
3,evt_000227,1,231,1669105850381,1,0.4282346765200297,0,3,1,20,0.4627520143985748,0.4416154623031616,0.4094747304916382,-0.14098266506666668,0.14194234826666666,0.10170570772372142,0.01875994602839154,0.013380785783131899,0.03451733787854505
3,evt_000228,1,232,1669105885760,0,0.3111884295940399,0,3,1,20,0.356337308883667,0.3446655571460724,0.3090056180953979,-0.21296766513333334,0.21433258153333332,0.1515261809878243,0.0021828114986420233,0.03347712755203247,0.045148879289627075
3,evt_000229,1,233,1669105929301,0,0.3265390992164612,0,3,1,20,0.3562536537647247,0.4212198257446289,0.3109236359596252,-0.13424914003333333,0.13488334663333335,0.10040720065093685,0.015615463256835993,0.09468072652816772,0.029714554548263494
3,evt_000230,1,234,1669105936050,1,0.345964362223943,0,3,1,20,0.3650876581668854,0.4229605197906494,0.3149828612804413,-0.0844686027,0.08575138396666666,0.07507051230790969,0.030981500943501716,0.07699615756670641,0.019123295942942375
3,evt_000231,1,235,1669105992502,0,0.3866845369338989,0,3,1,20,0.3918428421020508,0.4026198387145996,0.3438590466976166,-0.0218993918,0.10334924153333334,0.07708262971330825,0.04282549023628235,0.015935301780700684,0.0051583051681518555
3,evt_000232,1,236,1669106002414,1,0.2821896572907765,0,3,1,20,0.3224995136260986,0.3275475203990936,0.2763197720050812,-0.19991834716666668,0.20170963283333335,0.14197155553500165,0.00586988528569532,0.045357863108317076,0.04030985633532208
3,evt_000355,2,203,1669362491082,0,0.2885289738575617,1,3,0,20,0.337795615196228,0.2909502983093261,0.2953484356403351,-0.23817760453333334,0.23817760453333334,0.16814873775377678,0.006819461782773373,0.002421324451764406,0.04926664133866632
3,evt_000258,2,263,1669362504211,0,0.3382543325424194,0,3,1,20,0.3892325460910797,0.3589990437030792,0.3442955911159515,-0.22665183133333333,0.22665183133333333,0.1635618613109023,0.0060412585735321045,0.020744711160659846,0.050978213548660334
3,evt_000287,2,293,1669362510098,1,0.2670321315526962,0,3,1,20,0.3132126927375793,0.2704386413097381,0.2699229419231415,-0.2335707474333333,0.2335707474333333,0.18813522576702488,0.002890810370445307,0.003406509757041931,0.04618056118488312
3,evt_000278,2,284,1669362552415,0,0.346864511569341,0,3,1,20,0.3959066867828369,0.3676906526088714,0.3491418361663818,-0.2209149819,0.2209149819,0.18737837324657994,0.002277324597040775,0.0208261410395304,0.04904217521349591
3,evt_000368,2,325,1669362607196,1,0.3881770968437195,0,3,1,20,0.4348540604114532,0.3928180038928985,0.3942499458789825,-0.1961377388,0.1961377388,0.15284366260639135,0.006072849035263006,0.004640907049179022,0.04667696356773371
3,evt_000260,2,265,1669362646995,0,0.2080106635888417,0,3,1,20,0.2478726655244827,0.2086402326822281,0.2099019140005111,-0.2408545048,0.2408545048,0.18592340714903993,0.0018912504116693762,0.0006295690933863785,0.03986200193564099
3,evt_000271,2,277,1669362661768,0,0.3543338775634765,0,3,1,20,0.4030758440494537,0.347004622220993,0.3541721105575561,-0.21190537433333334,0.21190537433333334,0.1523726651311483,0.00016176700592041016,0.0073292553424835205,0.04874196648597717
3,evt_000383,2,340,1669362677298,0,0.2900725801785787,0,3,1,20,0.3378590643405914,0.292509526014328,0.2903026342391968,-0.23403724356666666,0.23403724356666666,0.1821695916678871,0.00023005406061810119,0.0024369458357493268,0.0477864841620127
3,evt_000373,2,330,1669362692589,0,0.3016656835873921,0,3,1,20,0.3475369215011596,0.2969734966754913,0.2981602847576141,-0.2195043538,0.2195043538,0.16735299157673264,0.003505398829778017,0.00469218691190082,0.045871237913767515
3,evt_000374,2,331,1669362739153,1,0.3213514486948649,0,3,1,20,0.3706925809383392,0.311978131532669,0.321666806936264,-0.22511152276666668,0.22511152276666668,0.15874133850763636,0.0003153582413990552,0.009373317162195915,0.04934113224347425
3,evt_000376,2,333,1669362788403,0,0.3303752442200978,0,3,1,20,0.3733985424041748,0.3331459462642669,0.3369090557098388,-0.19369773933333334,0.19369773933333334,0.1392945746637398,0.006533811489741026,0.0027707020441691266,0.04302329818407702
3,evt_000261,2,266,1669362791463,0,0.2474972953399022,0,3,1,20,0.2904447615146637,0.2985426187515259,0.2536527812480926,-0.2277627696333333,0.2277627696333333,0.17530987059427874,0.0061554859081904,0.05104532341162368,0.0429474661747615
3,evt_000283,2,289,1669362826957,0,0.2961515833934148,0,3,1,20,0.3503540456295013,0.3132165968418121,0.3015913665294647,-0.26196711619999996,0.26196711619999996,0.19536811412596108,0.005439783136049925,0.01706501344839728,0.05420246223608649
3,evt_000388,2,345,1669362847228,1,0.362961083650589,0,3,1,20,0.4136742055416107,0.3696537315845489,0.3711048662662506,-0.2179352111,0.2179352111,0.16536370465982675,0.008143782615661621,0.006692647933959905,0.05071312189102173
3,evt_000474,3,384,1669621849449,1,0.3657405972480774,0,1,1,20,0.4178439080715179,0.365077406167984,0.3674873411655426,-0.2248232014,0.22563615859999997,0.15870345031563204,0.00174674391746521,0.0006631910800933838,0.052103310823440496
3,evt_000475,3,385,1669621875898,0,0.321337342262268,0,1,1,20,0.3689770400524139,0.3216074705123901,0.3226450681686401,-0.22296355333333331,0.22411388,0.1589584234204762,0.0013077259063720703,0.0002701282501220703,0.047639697790145874
3,evt_000476,3,386,1669621892256,1,0.2787562708059947,0,1,1,20,0.3223274648189544,0.2805342078208923,0.2808112800121307,-0.21686287405666668,0.21704059927666666,0.15432426510402247,0.0020550092061359937,0.0017779370148975904,0.043571194012959724
3,evt_000477,3,387,1669621917519,1,0.3177906175454457,0,1,1,20,0.3604004383087158,0.3117029368877411,0.3119043409824371,-0.1979117702666667,0.19889554306666665,0.13961768834482288,0.005886276563008608,0.006087680657704597,0.042609820763270134
3,evt_000478,3,388,1669621930188,0,0.3737931549549103,0,1,1,20,0.4202061891555786,0.3755634725093841,0.3733248710632324,-0.19886807750000002,0.19936374916666666,0.14588719994710503,0.00046828389167785645,0.0017703175544738214,0.046413034200668335
3,evt_000479,3,389,1669621937476,1,0.3182114958763122,0,1,1,20,0.3693355023860931,0.3203520476818084,0.3187271356582641,-0.23933233136666665,0.2405228086333333,0.16881506398749643,0.0005156397819519043,0.002140551805496216,0.051124006509780884
3,evt_000480,3,390,1669621969364,1,0.3497613370418548,0,1,1,20,0.3923623859882355,0.3497647047042846,0.3504988253116607,-0.18829241016333334,0.1884482365033333,0.13673786425704315,0.0007374882698059082,3.3676624298095703e-06,0.04260104894638067
3,evt_000481,3,391,1669622012221,1,0.3819170892238617,0,1,1,20,0.4040236175060272,0.3532500267028808,0.3562951385974884,-0.09483769656666667,0.0950685061,0.09041261588165746,0.02562195062637329,0.02866706252098089,0.022106528282165527
3,evt_000482,3,392,1669622050393,1,0.4352834522724151,0,1,1,20,0.4294555485248565,0.386508584022522,0.3864951133728027,0.022347252339999995,0.11798795234,0.08755159344729695,0.04878833889961243,0.04877486824989313,0.005827903747558594
3,evt_000483,3,109,1669622099500,1,0.3973504602909088,0,1,1,20,0.4083171188831329,0.3553610742092132,0.3565929234027862,-0.04562178053333333,0.08888687946666667,0.08373391008912161,0.040757536888122614,0.04198938608169561,0.010966658592224066
3,evt_000484,3,393,1669622114495,1,0.4007435540358225,0,1,1,20,0.4467287063598633,0.3909618556499481,0.3953990042209625,-0.19407481279999997,0.19502085386666668,0.13733426001842283,0.005344549814859989,0.009781698385874393,0.04598515232404077
3,evt_000611,4,453,1669794768638,1,0.4202325443426768,0,1,1,20,0.3490498065948486,0.3197745978832245,0.303774893283844,0.29961760246999997,0.29969628419666666,0.3350683201421003,0.11645765105883282,0.10045794645945233,0.07118273774782824
3,evt_000612,4,454,1669794810449,1,0.482250968615214,0,1,1,20,0.4072387218475342,0.4026558101177215,0.3560598194599151,0.30588764344,0.30602630989333335,0.28489249068089545,0.1261911491552989,0.07959515849749249,0.07501224676767981
3,evt_000613,4,455,1669794841501,0,0.4182254274686177,0,1,1,20,0.3560353219509125,0.3842538893222809,0.3068175613880157,0.26315892047566664,0.26315892047566664,0.2843901565420817,0.11140786608060199,0.0339715381463368,0.06219010551770521
3,evt_000614,4,456,1669794848202,1,0.4728015164534251,0,1,1,20,0.4119753837585449,0.3975306451320648,0.3639655411243438,0.24861394078000001,0.24877621255333335,0.23102324334374813,0.10883597532908129,0.07527087132136029,0.060826132694880186
3,evt_000615,4,457,1669794888121,1,0.4643077751000722,0,1,1,20,0.4114197790622711,0.4068945944309234,0.3658426105976105,0.21579329013333334,0.2162856032,0.22652074925967539,0.09846516450246173,0.0574131806691488,0.05288799603780109
3,evt_000616,4,458,1669794921060,1,0.4466954966386159,0,1,1,20,0.4014075696468353,0.3844429552555084,0.3519577085971832,0.18705454424666668,0.18757318242,0.20211408632137834,0.09473778804143268,0.062252541383107485,0.04528792699178058
3,evt_000617,4,459,1669794955635,1,0.4102609356244405,0,1,1,20,0.3696578741073608,0.341642290353775,0.3207146823406219,0.17292570969999999,0.17332639696666666,0.1996737275156651,0.0895462532838186,0.06861864527066547,0.04060306151707971
3,evt_000618,4,460,1669795003412,1,0.3810584843158722,0,1,1,20,0.3571027517318725,0.3831759989261627,0.3080425560474396,0.10494405463333334,0.10762859870000001,0.1493663400302386,0.07301592826843262,0.0021175146102905273,0.02395573258399969
3,evt_000619,4,461,1669795053023,0,0.5666291117668152,0,1,1,20,0.5619322061538696,0.6027064919471741,0.5157555341720581,0.02065125453333333,0.11684198546666667,0.08581778483252563,0.05087357759475708,0.03607738018035889,0.004696905612945557
3,evt_000620,4,462,1669795066353,1,0.3896888494491577,1,1,1,20,0.3674359321594238,0.379472941160202,0.326311707496643,0.09795683813333333,0.09866078853333334,0.09573698717034322,0.0633771419525147,0.010215908288955688,0.022252917289733942
3,evt_000621,4,463,1669795122919,0,0.3965303997198741,0,1,1,20,0.3657447397708893,0.3646460473537445,0.3183622062206268,0.1323462308,0.13428330253333332,0.18785141908422265,0.07816819349924731,0.031884352366129576,0.0307856599489848
3,evt_000622,4,464,1669795159179,0,0.422027180592219,0,1,1,20,0.4107345342636108,0.3850990235805511,0.3579113781452179,0.04558900816666667,0.14259919183333333,0.11474051734540283,0.0641158024470011,0.036928157011667906,0.011292646328608213
3,evt_000623,4,465,1669795175271,1,0.4312416613101959,0,1,1,20,0.4130233228206634,0.4299897253513336,0.3667248487472534,0.07401620586666667,0.13603527413333333,0.1318642080428361,0.0645168125629425,0.0012519359588623047,0.018218338489532526
3,evt_000624,4,466,1669795214724,0,0.4217606683572133,0,1,1,20,0.3816336393356323,0.3547093868255615,0.3339278995990753,0.16797640847999998,0.16857365552,0.22196463549011422,0.087832768758138,0.0670512815316518,0.040127029021580995
3,evt_000625,4,467,1669795226173,1,0.4010405540466308,0,1,1,20,0.366484135389328,0.3817594349384308,0.3179546892642975,0.14485132036666667,0.2007905463,0.2270880798548222,0.08308586478233332,0.019281119108200018,0.0345564186573028
3,evt_000745,5,549,1669966567467,1,0.4139045973618825,0,1,1,20,0.326879471540451,0.4113395512104034,0.2798552811145782,0.37111617729999996,0.37111617729999996,0.377877556751974,0.13404931624730432,0.0025650461514791223,0.08702512582143151
3,evt_000746,5,550,1669966617480,1,0.403466800848643,0,1,1,20,0.3620364367961883,0.4312915503978729,0.3136091530323028,0.17763543623333333,0.17763543623333333,0.16527727894384375,0.0898576478163402,0.02782474954922992,0.041430364052454705
3,evt_000747,5,551,1669966650926,0,0.4758245249589284,0,1,1,20,0.4063754379749298,0.4721125066280365,0.3565216958522796,0.2829308832333334,0.2829308832333334,0.28355722236562475,0.1193028291066488,0.0037120183308919086,0.0694490869839986
3,evt_000748,5,552,1669966665293,1,0.4159268339474996,0,1,1,20,0.3712576329708099,0.397469013929367,0.3230390846729278,0.18511589273333331,0.18511589273333331,0.23897393726599866,0.09288774927457177,0.018457820018132565,0.044669200976689694
3,evt_000749,5,364,1669966715870,1,0.4166525999704997,1,1,1,20,0.3450801372528076,0.4258523881435394,0.2973655164241791,0.30314338628666665,0.30337716038,0.31844441787845007,0.11928708354632062,0.00919978817303968,0.07157246271769208
3,evt_000750,5,553,1669966819014,1,0.4176251292228699,0,1,1,20,0.3410200774669647,0.4241566658020019,0.2953473329544067,0.3256840724,0.3256840724,0.315507358820724,0.12227779626846319,0.006531536579132025,0.07660505175590515
3,evt_000751,5,554,1669967158460,0,0.467329333225886,0,1,1,20,0.3985011577606201,0.4535861015319824,0.3529355525970459,0.28349487203333334,0.28349487203333334,0.2505553162682283,0.11439378062884009,0.013743231693903568,0.06882817546526587
3,evt_000752,5,555,1669967304947,0,0.4783214628696441,0,1,1,20,0.4000349938869476,0.4810375273227691,0.3529618978500366,0.32131444348666666,0.32187166984666665,0.2742357026950641,0.1253595650196075,0.002716064453125,0.07828646898269653
3,evt_000753,5,556,1669967318304,0,0.4300031264623006,0,1,1,20,0.356996089220047,0.4315130710601806,0.309562623500824,0.30591178366666666,0.30591178366666666,0.30706451285925573,0.12044050296147663,0.0015099445978800086,0.0730070372422536
3,evt_000754,5,557,1669967329090,1,0.5176593065261841,0,1,1,20,0.445464015007019,0.5277645587921143,0.3948478996753692,0.2919228653,0.29229526803333333,0.31121930611977944,0.12281140685081487,0.010105252265930176,0.0721952915191651
3,evt_000755,5,558,1669967381551,1,0.5157261292139689,0,1,1,20,0.4617761075496673,0.5316205024719238,0.4091289341449737,0.21718891706666665,0.21754713626666666,0.23558959393594814,0.10659719506899518,0.015894373257954952,0.05395002166430157
3,evt_000756,5,559,1669967426225,1,0.5223098595937093,0,1,1,20,0.4414155185222626,0.5166133046150208,0.3911943137645721,0.3272170701366667,0.3272170701366667,0.3288313784160451,0.13111554582913726,0.005696554978688595,0.08089434107144677
3,evt_000757,5,560,1669967460380,0,0.4812585711479187,0,1,1,20,0.4215572774410248,0.493076890707016,0.3711644113063812,0.2427431935333333,0.2427431935333333,0.23588377936629865,0.11009415984153748,0.01181831955909729,0.05970129370689392
3,evt_000813,6,297,1670137371760,1,0.2964137593905131,1,0,0,20,0.3459221422672272,0.2923490107059479,0.3028493821620941,-0.23318433749,0.23318433749,0.1644062763259381,0.0064356227715809955,0.004064748684565245,0.04950838287671405
3,evt_000814,6,254,1670137407952,0,0.2406376302242279,1,0,0,20,0.2925725281238556,0.2405428141355514,0.25057053565979,-0.2736970039,0.2736970039,0.1970160800959281,0.009932905435562078,9.481608867650815e-05,0.051934897899627686
3,evt_000815,6,255,1670137422123,1,0.2541961322228114,1,0,0,20,0.3044433295726776,0.2542798221111297,0.2636960446834564,-0.25848810731666666,0.25848810731666666,0.1848302902391642,0.009499912460645021,8.36898883183057e-05,0.05024719734986621
3,evt_000816,6,174,1670137467480,1,0.2617227137088775,1,0,0,20,0.3107161819934845,0.2564586699008941,0.2667446136474609,-0.24666368959999999,0.24666368959999999,0.17400962830685712,0.005021899938583374,0.0052640438079833984,0.04899346828460699
3,evt_000916,7,631,1670157505640,0,0.33956112464269,0,1,1,20,0.4001167714595794,0.4344352781772613,0.3509544432163238,-0.27410575908333334,0.27426936758333337,0.19742623408328278,0.011393318573633793,0.09487415353457129,0.06055564681688941
3,evt_000917,7,632,1670157541098,0,0.2911925961573918,0,1,1,20,0.3415393531322479,0.4063793122768402,0.2952785491943359,-0.24246095132666667,0.24275344200666668,0.17499561649495443,0.00408595303694409,0.11518671611944842,0.05034675697485613
3,evt_000918,7,633,1670157588069,0,0.2961461792389552,0,1,1,20,0.3455097675323486,0.3760120868682861,0.2995634078979492,-0.23902002546666667,0.24005788786666668,0.1686892751123542,0.0034172286589940204,0.07986590762933088,0.04936358829339338
3,evt_000919,7,634,1670157655144,0,0.3808221618334452,0,1,1,20,0.4333014488220215,0.3791141808032989,0.3792467415332794,-0.2230671263,0.22418989369999998,0.15878058866630415,0.0015754203001657752,0.0017079810301462994,0.05247928698857629
3,evt_000920,7,635,1670157664118,0,0.3197110295295715,0,1,1,20,0.3585955202579498,0.3551434576511383,0.309949517250061,-0.17943262373333332,0.18072274293333335,0.14193023958292258,0.009761512279510498,0.03543242812156683,0.038884490728378296
3,evt_000921,7,636,1670157673191,0,0.2438470125198364,0,1,1,20,0.2772554457187652,0.2469515353441238,0.2369455695152282,-0.18379723541666668,0.18439381791666665,0.14032090835375316,0.00690144300460821,0.0031045228242874146,0.033408433198928805
3,evt_000922,7,637,1670157696603,0,0.4311819672584533,0,1,1,20,0.4725910127162933,0.4332723915576935,0.4221356809139251,-0.16937162923333335,0.1704001107666667,0.12377814536027837,0.009046286344528198,0.002090424299240168,0.041409045457839966
3,evt_000923,7,89,1670157758059,0,0.2985464036464691,1,1,1,20,0.3413231074810028,0.3766844272613525,0.2934929132461548,-0.20325925363333333,0.20414347970000002,0.14666293236745867,0.005053490400314331,0.07813802361488337,0.04277670383453369
3,evt_000924,7,638,1670157818037,0,0.2638730456431706,0,1,1,20,0.3015618324279785,0.3373985290527344,0.2635566592216491,-0.19631501596666667,0.19716626403333334,0.14396182530163548,0.0003163864215214862,0.07352548340956377,0.037688786784807915
3,evt_000925,7,639,1670157876966,0,0.3325410882631938,0,1,1,20,0.3699979782104492,0.3417724072933197,0.3201898038387298,-0.16848915750000001,0.16950960916666666,0.13689613173347065,0.012351284424463982,0.009231319030125917,0.037456889947255434
3,evt_000926,7,640,1670157886386,0,0.2696275810400645,0,1,1,20,0.3080221116542816,0.2906014621257782,0.2632178068161011,-0.19513902106666667,0.1960285189333333,0.14291959201975626,0.006409774223963438,0.020973881085713686,0.038394530614217104
3,evt_000927,7,641,1670157919898,0,0.3851164778073628,0,1,1,20,0.4291455745697021,0.4613465964794159,0.3744114935398102,-0.1861429933333333,0.18745851333333333,0.14605178282217793,0.01070498426755262,0.0762301186720531,0.04402909676233929
3,evt_000928,7,642,1670157987044,0,0.235983520746231,0,1,1,20,0.2698630690574646,0.31123948097229,0.2335126996040344,-0.18899579090000004,0.18974420243333334,0.13809984009968806,0.0024708211421965998,0.07525596022605899,0.033879548311233604
3,evt_001046,8,212,1670399708253,0,0.2749350816011429,1,3,0,20,0.273246020078659,0.2372640818357467,0.2374830394983291,0.0053442419566666665,0.07510468862333335,0.05343995891019272,0.037452042102813776,0.037670999765396174,0.0016890615224838812
3,evt_001047,8,226,1670399761056,0,0.3250774443149566,1,3,0,20,0.3069323599338531,0.2641034126281738,0.2660914659500122,0.08381378643333333,0.0889142951,0.11931951276271079,0.0589859783649444,0.06097403168678284,0.018145084381103516
3,evt_001048,8,696,1670399769029,0,0.40045166015625,0,3,1,20,0.4050582945346832,0.365168422460556,0.3588354587554931,-0.019526961,0.025521519000000003,0.029935433244939094,0.04161620140075689,0.035283237695694025,0.0046066343784332275
3,evt_001049,8,697,1670399784256,0,0.4151669442653656,0,3,1,20,0.3846848905086517,0.3525125980377197,0.3339579105377197,0.12698684173333333,0.12698684173333333,0.14755542802758592,0.08120903372764587,0.06265434622764587,0.030482053756713923
3,evt_001050,8,698,1670399837744,1,0.3653287490208943,0,3,1,20,0.328340083360672,0.2960957288742065,0.2835147678852081,0.16476305216666667,0.16476305216666667,0.1567748376822666,0.08181398113568622,0.06923302014668781,0.0369886656602223
3,evt_001051,8,641,1670400510585,0,0.4546581705411275,0,1,1,20,0.409255176782608,0.3641041815280914,0.3555646240711212,0.18598007366666666,0.18598007366666666,0.17607335757574852,0.09909354647000629,0.09055398901303613,0.04540299375851953
3,evt_001052,8,699,1670400540951,0,0.2556104858716329,0,1,1,20,0.2681451737880707,0.2355149239301681,0.2317603081464767,-0.06829418953333333,0.06920752713333334,0.05528663904389154,0.023850177725156185,0.02009556194146478,0.012534687916437803
3,evt_001053,8,700,1670400571945,0,0.3810435136159261,0,1,1,20,0.4212856590747833,0.3797228038311004,0.3745461702346802,-0.17021711026666667,0.17051540973333335,0.12239617389333614,0.0064973433812459125,0.00132070978482568,0.04024214545885724
3,evt_001054,8,701,1670400602187,1,0.3665930728117625,0,1,1,20,0.4006670415401459,0.3483631610870361,0.3556300401687622,-0.14722968606666667,0.1476014206,0.10469528817881579,0.010963032643000303,0.018229911724726433,0.034073968728383364
3,evt_001055,8,702,1670400634407,0,0.3347099622090657,0,1,1,20,0.3761293888092041,0.3452233076095581,0.3255829513072967,-0.18892023326666665,0.18964574006666668,0.1349513856150866,0.009127010901768984,0.010513345400492424,0.04141942660013842
3,evt_001056,8,703,1670400726106,0,0.3345654606819153,0,1,1,20,0.3653665482997894,0.3240550458431244,0.3158344030380249,-0.14034584483333334,0.14149453516666666,0.09885568751384474,0.01873105764389038,0.010510414838790894,0.03080108761787409
3,evt_001057,8,704,1670400742314,0,0.3376218974590301,0,1,1,20,0.3713358640670776,0.3377473652362823,0.3259967863559723,-0.15069376276666666,0.15106919056666665,0.10759045724822196,0.011625111103057806,0.00012546777725219727,0.033713966608047485
3,evt_001058,8,705,1670400797130,1,0.3808494706948598,0,1,1,20,0.4143871963024139,0.3791291415691376,0.3635059297084808,-0.14262678206666668,0.1434209046,0.10061642351281588,0.017343540986379025,0.0017203291257222308,0.03353772560755408
3,evt_001161,9,149,1670417157654,1,0.3401705920696258,1,0,0,20,0.3224659860134125,0.3385747671127319,0.2891146838665008,0.07909401276666667,0.07993116056666666,0.06507770114209296,0.051055908203125,0.001595824956893921,0.017704606056213323
3,evt_001162,9,164,1670417203411,0,0.3610634307066599,1,0,0,20,0.3362814486026764,0.3615948259830475,0.294981837272644,0.10502463283333334,0.10554845876666667,0.14462959502387934,0.06608159343401593,0.0005313952763875696,0.024781982103983524
3,evt_001163,9,255,1670417771602,0,0.3797251184781392,1,0,0,20,0.3259462118148803,0.3805828988552093,0.2840354144573211,0.2331483492566667,0.23378314407666667,0.2157610239157156,0.09568970402081811,0.000857780377070072,0.05377890666325891
3,evt_001164,9,301,1670417794620,0,0.3201497693856557,1,0,0,20,0.2818359434604645,0.3210610747337341,0.2440956234931945,0.1693735775,0.18154944249999996,0.2439218655164021,0.0760541458924612,0.0009113053480783728,0.038313825925191225
3,evt_001165,9,258,1670417866157,0,0.3675858875115712,1,0,0,20,0.336768627166748,0.3693923950195312,0.2941190898418426,0.12923548183333336,0.1439792515,0.18815710925241247,0.07346679766972858,0.0018065075079600201,0.030817260344823183
3,evt_001166,9,295,1670417883604,0,0.3937268753846486,1,0,0,20,0.3310168087482452,0.3929961621761322,0.2877834737300873,0.2688149838,0.2691324562,0.2368596884484353,0.10594340165456134,0.0007307132085164203,0.06271006663640344
3,evt_001167,9,307,1670417894019,0,0.2995132108529408,1,0,0,20,0.276393324136734,0.2994499504566192,0.2424818277359008,0.10689452808,0.10896456525333335,0.15190595960596243,0.05703138311704001,6.326039632159608e-05,0.023119886716206794
3,evt_001168,9,172,1670417952705,1,0.3284979065259297,1,0,0,20,0.3006583750247955,0.3290514647960663,0.2622552514076233,0.12394952523333334,0.12477116856666669,0.17409080062807716,0.0662426551183064,0.0005535582701365893,0.027839531501134218
3,evt_001169,9,315,1670418011357,0,0.3282509942849477,1,0,0,20,0.2962891161441803,0.3285759091377258,0.2620546519756317,0.14590179699999997,0.1465614563333333,0.15107546940819655,0.06619634230931598,0.00032491485277807985,0.0319618781407674
3,evt_001170,9,298,1670418055635,1,0.2929823199907939,1,0,0,20,0.2642367482185364,0.2932560443878174,0.2332838028669357,0.1397751849,0.14035992176666667,0.1399102259075065,0.05969851712385818,0.0002737243970235004,0.028745571772257505
3,evt_001171,9,303,1670418114682,1,0.3885128796100616,1,0,0,20,0.3365916907787323,0.3866462707519531,0.2937035262584686,0.22210097028999998,0.22274171637666665,0.19560084886302742,0.09480935335159302,0.001866608858108465,0.05192118883132929
3,evt_001276,10,867,1670490243308,1,0.4504940311113993,0,1,1,20,0.4967842102050781,0.5126665234565735,0.4503737390041351,-0.18764768422666667,0.18776234910666667,0.13861586474710616,0.00012029210726421935,0.06217249234517419,0.04629017909367883
3,evt_001277,10,868,1670490266346,1,0.3482377529144287,0,1,1,20,0.3965909481048584,0.3787013590335846,0.3489539921283722,-0.21549798416666666,0.21630368916666667,0.15303009299309622,0.0007162392139434814,0.030463606119155884,0.04835319519042969
3,evt_001278,10,869,1670490319829,0,0.3567632933457692,0,1,1,20,0.4115039110183716,0.3819323778152466,0.3575236797332763,-0.24281758036666667,0.24408685296666666,0.17142631202230746,0.0007603863875071393,0.02516908446947741,0.05474061767260241
3,evt_001279,10,870,1670490334435,0,0.3173540532588959,0,1,1,20,0.3532918989658355,0.336072713136673,0.3147659599781036,-0.16602265361000001,0.16606167972333333,0.11740096920052351,0.002588093280792292,0.0187186598777771,0.03593784570693964
3,evt_001280,10,871,1670490365753,1,0.3655217587947845,0,1,1,20,0.4106598198413849,0.3845066130161285,0.3669799268245697,-0.19483640958,0.19502564375333334,0.13976190623827123,0.0014581680297852118,0.018984854221343994,0.0451380610466004
3,evt_001281,10,872,1670490391174,0,0.3029849727948506,0,1,1,20,0.3457288742065429,0.3048488795757293,0.3002411127090454,-0.20462157046666665,0.2057062962,0.14475392193430733,0.002743860085805183,0.0018639067808787213,0.04274390141169232
3,evt_001282,10,873,1670490398205,1,0.2874962439139684,0,1,1,20,0.3348907232284546,0.3393399715423584,0.2888619005680084,-0.2353112791333333,0.23639536753333332,0.1687750418929237,0.0013656566540400372,0.05184372762839001,0.047394479314486204
3,evt_001283,10,874,1670490428382,0,0.3779691755771637,0,1,1,20,0.4303833544254303,0.3976842164993286,0.3798403739929199,-0.22486553156666667,0.2254212951,0.15892261262275964,0.0018711984157562256,0.019715040922164917,0.0524141788482666
3,evt_001284,10,115,1670490432091,1,0.3204918603102366,0,1,1,20,0.3684680461883545,0.3288212120532989,0.3190955817699432,-0.22170385280000002,0.2224983072,0.157493067408175,0.0013962785402933942,0.008329351743062319,0.047976185878117916
3,evt_001285,10,875,1670490667751,0,0.3790975014368693,0,1,1,20,0.4220186769962311,0.3980090916156769,0.3714794218540191,-0.18417367313333333,0.1854017402,0.1298645029875139,0.007618079582850212,0.018911590178807558,0.04292117555936176
3,evt_001286,10,876,1670490722560,1,0.3408184548219045,0,1,1,20,0.3851454257965088,0.348825454711914,0.3408446609973907,-0.19580829248133336,0.19588734085200002,0.1397821301895449,2.6206175486209737e-05,0.008006999890009525,0.04432697097460431
3,evt_001287,10,877,1670490771487,1,0.342594305674235,0,1,1,20,0.384119302034378,0.387014776468277,0.3424661159515381,-0.18428690267666667,0.18428690267666667,0.13029485431090615,0.0001281897226969031,0.04442047079404199,0.04152499636014301
3,evt_001404,11,943,1670593790560,1,0.4849273959795634,0,1,1,20,0.4083836376667022,0.4878677427768707,0.3592934310436249,0.3112734691666667,0.3112734691666667,0.31514741654739536,0.12563396493593854,0.002940346797307314,0.0765437583128612
3,evt_001405,11,944,1670594714148,0,0.404429942369461,0,1,1,20,0.3667644560337066,0.4127038419246673,0.3257920444011688,0.1561365332,0.1561365332,0.21188985800693017,0.07863789796829218,0.008273899555206299,0.037665486335754395
3,evt_001406,11,945,1670594737866,1,0.4858796000480652,0,1,1,20,0.38961923122406,0.4870738089084625,0.3406418263912201,0.3950092641666667,0.3950092641666667,0.36462010490925684,0.1452377736568451,0.0011942088603973389,0.09626036882400518
3,evt_001407,11,946,1670594795578,0,0.3523320953051249,0,1,1,20,0.2929100692272186,0.359902948141098,0.2533930838108063,0.26269981882,0.26269981882,0.29014978615011655,0.09893901149431861,0.007570852835973141,0.05942202607790631
3,evt_001408,11,947,1670594798977,0,0.5050725837548574,0,1,1,20,0.436577707529068,0.461231380701065,0.3907563686370849,0.2771592346333333,0.2771592346333333,0.2464091203949062,0.11431621511777251,0.04384120305379241,0.06849487622578943
3,evt_001409,11,948,1670594844392,1,0.5119968056678772,0,1,1,20,0.4295586347579956,0.5143978595733643,0.3758761882781982,0.33409325559999997,0.33409325559999997,0.3274545425069217,0.136120617389679,0.0024010539054870605,0.08243817090988159
3,evt_001410,11,949,1670594892086,1,0.5434639652570089,0,1,1,20,0.4742926061153412,0.5078604817390442,0.4218736588954925,0.2787077424,0.2787077424,0.2564067618196632,0.12159030636151641,0.03560348351796472,0.06917135914166772
3,evt_001411,11,950,1670594913275,0,0.4374907910823822,0,1,1,20,0.3792013823986053,0.4289332330226898,0.333693116903305,0.23940230308666668,0.23940230308666668,0.259865165760612,0.1037976741790772,0.008557558059692383,0.05828940868377691
3,evt_001412,11,951,1670594926450,1,0.4664069612820943,0,1,1,20,0.3814129829406738,0.4126911461353302,0.3305334448814392,0.3510318803333334,0.3510318803333334,0.35048749578928795,0.1358735164006551,0.0537158151467641,0.08499397834142053
3,evt_001413,11,952,1670594975246,1,0.5644150773684183,0,1,1,20,0.4825966358184814,0.5602216124534607,0.428663969039917,0.33115584713333335,0.33115584713333335,0.29357115382343746,0.13575110832850135,0.004193464914957645,0.08181844154993695
3,evt_001414,11,953,1670595013007,1,0.4054727653662364,0,1,1,20,0.3657931983470917,0.4082525074481964,0.3256924450397491,0.16448167711,0.16460031555666668,0.21743938626525372,0.0797803203264873,0.002779742081960024,0.03967956701914471
3,evt_001415,11,954,1670595056228,1,0.4756077527999878,0,1,1,20,0.3815736472606659,0.4689086973667145,0.3320665657520294,0.38675908223333333,0.38675908223333333,0.37208161911372467,0.14354118704795837,0.006699055433273315,0.0940341055393219
3,evt_001416,11,955,1670595095590,0,0.3997479081153869,0,1,1,20,0.3085464537143707,0.3988288938999176,0.2642860114574432,0.39741420530000005,0.39741420530000005,0.38881758739026395,0.13546189665794373,0.0009190142154693048,0.09120145440101618
3,evt_001529,12,1018,1670746119411,0,0.3959893584251404,0,1,1,20,0.4554613530635834,0.4021692276000976,0.4077711999416351,-0.24714633685999998,0.24714633685999998,0.17868326485954825,0.011781841516494695,0.00617986917495722,0.05947199463844299
3,evt_001530,12,1019,1670746130059,1,0.3306402266025543,0,1,1,20,0.3849287331104278,0.3864292204380035,0.3356698453426361,-0.24968652859999999,0.2501415914,0.20163659548536042,0.005029618740081787,0.05578899383544916,0.05428850650787348
3,evt_001531,12,1020,1670746151979,0,0.4174153904120127,0,1,1,20,0.4766345918178558,0.4309521615505218,0.4251289069652557,-0.24627053170000002,0.24666436830000002,0.196934298469786,0.007713516553242983,0.013536771138509096,0.05921920140584308
3,evt_001532,12,1021,1670746167034,0,0.3104663143555323,0,1,1,20,0.3677637279033661,0.3711944818496704,0.319795697927475,-0.2726980198333333,0.27335575349999996,0.21933840948480493,0.009329383571942684,0.06072816749413812,0.0572974135478338
3,evt_001533,12,1022,1670746177961,1,0.5102158983548483,0,1,1,20,0.5707018971443176,0.5115140080451965,0.5214620232582092,-0.24338178936166668,0.24338178936166668,0.18793286561186193,0.011246124903360966,0.0012981096903482703,0.060485998789469364
3,evt_001534,12,754,1670746204312,0,0.3186171948909759,1,1,1,20,0.3749005794525146,0.319065511226654,0.3295239210128784,-0.2583102656133333,0.25856122105333335,0.18601114242939207,0.010906726121902521,0.0004483163356781006,0.056283384561538696
3,evt_001535,12,442,1670746213880,1,0.2922065456708272,1,1,1,20,0.3512238264083862,0.3092836439609527,0.3039397895336151,-0.28737243129999995,0.2880510753666667,0.21748678412359157,0.011733243862787901,0.017077098290125492,0.059017280737558964
3,evt_001536,12,1023,1670746246832,0,0.385412722826004,0,1,1,20,0.4391449689865112,0.3864367008209228,0.3967050015926361,-0.22617161604,0.22617161604,0.16215353269838956,0.011292278766632136,0.0010239779949188232,0.0537322461605072
3,evt_001537,12,1024,1670746258817,0,0.329395721356074,0,1,1,20,0.3807792961597442,0.3817867934703827,0.3372989892959595,-0.23094287691,0.23094287691,0.17605766412811474,0.007903267939885494,0.05239107211430871,0.05138357480367023
3,evt_001538,12,944,1670746269810,0,0.3070045709609985,0,1,1,20,0.3579663336277008,0.308431476354599,0.3171359002590179,-0.2378661077666667,0.2378661077666667,0.17107451390187445,0.01013132929801941,0.0014269053936005194,0.050961762666702326
3,evt_001539,12,839,1670746284875,0,0.2749824027220408,1,1,1,20,0.327454000711441,0.2743745446205139,0.2814312279224396,-0.26590819918333336,0.26622135415000003,0.20881439051781076,0.0064488252003988,0.0006078581015268592,0.05247159798940021
3,evt_001540,12,1025,1670746295970,0,0.2948208500941594,1,1,1,20,0.345400720834732,0.3399583995342254,0.2990791499614715,-0.24717532688666666,0.24773439311333334,0.19825591738529078,0.0042582998673120764,0.04513754944006598,0.050579870740572574
3,evt_001661,13,1151,1672734747993,0,0.2439303298791249,0,1,1,20,0.2336139678955078,0.245492622256279,0.2079598903656005,0.05362960194666667,0.08522786471999999,0.08907307862097573,0.03597043951352441,0.0015622923771540786,0.0103163619836171
3,evt_001662,13,1152,1672734755834,0,0.3060561815897624,0,1,1,20,0.2968030273914337,0.3132177591323852,0.2669682204723358,0.04039755146666667,0.1180069952,0.09661478499922214,0.03908796111742657,0.00716157754262281,0.009253154198328672
3,evt_001663,13,1153,1672734826091,0,0.3509982824325561,0,1,1,20,0.321190744638443,0.3222062289714813,0.2885115444660187,0.12883316643333334,0.13454676689999998,0.18423973297415475,0.06248673796653742,0.028792053461074774,0.029807537794113104
3,evt_001664,13,1154,1672734835650,0,0.2564993848403294,0,1,1,20,0.2415016889572143,0.2549719214439392,0.2158123254776001,0.07584905733333334,0.10587962266666667,0.11921250418658363,0.040687059362729316,0.0015274633963902051,0.014997695883115114
3,evt_001665,13,1155,1672734921172,0,0.1136260703206062,0,1,1,20,0.1045870557427406,0.1073217764496803,0.0919344052672386,0.08545720744666667,0.10169352588666665,0.12693583497853506,0.0216916650533676,0.006304293870925903,0.0090390145778656
3,evt_001666,13,1156,1672734941935,0,0.5096115370591482,0,1,1,20,0.4901610314846039,0.5067023038864136,0.4476438462734222,0.07817515873333332,0.11810148793333335,0.1268427601621839,0.061967690785726004,0.0029092331727346155,0.019450505574544308
3,evt_001667,13,1157,1672735003619,0,0.2395317157109578,0,1,1,20,0.2198088765144348,0.2148814052343368,0.1919664889574051,0.1042124505,0.1307747095,0.1575536857994927,0.04756522675355271,0.024650310476621,0.019722839196523012
3,evt_001668,13,1158,1672735036091,0,0.3014645079771678,0,1,1,20,0.2948064804077148,0.3021752834320068,0.2650508880615234,0.028438918933333335,0.11225840106666667,0.08633552012633669,0.0364136199156444,0.0007107754548389966,0.0066580275694529956
3,evt_001669,13,1159,1672735046445,0,0.4734225670496623,0,1,1,20,0.430309921503067,0.4159846305847168,0.3831983804702759,0.17340894109999996,0.2252357055666667,0.2653325105054934,0.09022418657938641,0.057437936464945494,0.043112645546595274
3,evt_001670,13,1160,1672735071144,1,0.2716939449310303,0,1,1,20,0.2454081326723098,0.232765257358551,0.2137264013290405,0.12808127733333333,0.165260696,0.19547767509087366,0.057967543601989774,0.038928687572479276,0.02628581225872048
3,evt_001671,13,1161,1672735108396,0,0.2759710053602854,0,1,1,20,0.2790015637874603,0.2853999137878418,0.2462378293275833,-0.017138538979999996,0.09422326564666667,0.06936183280054829,0.02973317603270209,0.009428908427556393,0.003030558427174923
3,evt_001672,13,1162,1672735118810,0,0.2048917263746261,0,1,1,20,0.2007922530174255,0.2033889442682266,0.1789278984069824,0.020000295206666668,0.12069250479333334,0.08852971562486132,0.02596382796764371,0.0015027821063995084,0.004099473357200595
3,evt_001673,13,1163,1672735124274,0,0.3043049275875091,0,1,1,20,0.3266821801662445,0.2997815310955047,0.2947701215744018,-0.10500542753333335,0.10500542753333335,0.07974941180525262,0.0095348060131073,0.0045233964920043945,0.022377252578735407
3,evt_001674,13,1164,1672735138017,0,0.2632569124301274,0,1,1,20,0.2726766169071197,0.2549360394477844,0.2449297308921814,-0.049000896290000005,0.049000896290000005,0.06864808762544534,0.01832718153794599,0.008320872982342964,0.009419704476992308
3,evt_001784,14,1227,1672838201057,0,0.2873030304908752,0,1,1,20,0.3472958505153656,0.2872973680496216,0.2983430325984955,-0.29195552826666665,0.29195552826666665,0.21515025908649185,0.011040002107620295,5.662441253606598e-06,0.05999282002449041
3,evt_001785,14,1228,1672838249193,1,0.2653158654769261,0,1,1,20,0.3191244304180145,0.266804575920105,0.276096910238266,-0.2751738896,0.2751738896,0.19887338722156317,0.010781044761339897,0.0014887104431788867,0.05380856494108843
3,evt_001786,14,1229,1672838298530,0,0.3152482310930888,0,1,1,20,0.3703474998474121,0.3203010857105255,0.3262127935886383,-0.25437126816666666,0.25437126816666666,0.18707576577184903,0.010964562495549501,0.005052854617436708,0.055099268754323305
3,evt_001787,14,1230,1672838307766,0,0.3375257352987925,0,1,1,20,0.401550680398941,0.3378773927688598,0.3500337600708008,-0.287734078,0.287734078,0.21084234980128455,0.012508024772008297,0.0003516574700673236,0.0640249451001485
3,evt_001788,14,1231,1672838394743,1,0.2565028518438339,0,1,1,20,0.3103110790252685,0.2564156949520111,0.2661952674388885,-0.280946136,0.280946136,0.21016349219854305,0.009692415595054571,8.715689182281494e-05,0.053808227181434576
3,evt_001789,14,1232,1672838454621,0,0.3014224767684936,0,1,1,20,0.3616683483123779,0.301451027393341,0.3127208054065704,-0.2875353117666667,0.2875353117666667,0.21292074793699287,0.011298328638076782,2.855062484741211e-05,0.06024587154388428
3,evt_001790,14,1233,1672838530519,1,0.3588722248872121,0,1,1,20,0.4175337255001068,0.3564271926879883,0.3682760298252105,-0.25459001016666666,0.25459001016666666,0.18165675407419887,0.009403804937998417,0.0024450321992238178,0.05866150061289471
3,evt_001791,14,1234,1672838566444,1,0.2773460398117701,0,1,1,20,0.3353272378444671,0.2773159444332123,0.2879769504070282,-0.28954715729999997,0.28954715729999997,0.20744147009367025,0.010630910595258114,3.0095378557803976e-05,0.05798119803269702
3,evt_001792,14,1235,1672838622549,1,0.5159469346205393,0,1,1,20,0.5746386647224426,0.516750156879425,0.5277200937271118,-0.23634679116666665,0.23634679116666665,0.1725905065833197,0.011773159106572506,0.0008032222588857385,0.05869173010190332
3,evt_001793,14,1236,1672838687115,1,0.2747139980395635,0,1,1,20,0.3264811336994171,0.2700048983097076,0.2804914712905884,-0.2609598582666667,0.2609598582666667,0.18309601387102226,0.0057774732510249005,0.004709099729855892,0.051767135659853636
3,evt_001794,14,1237,1672838719145,0,0.2902683764696121,0,1,1,20,0.3485068380832672,0.2909175455570221,0.3011140525341034,-0.2883648205,0.2883648205,0.20631498324190448,0.010845676064491272,0.0006491690874099731,0.05823846161365509
3,evt_001795,14,1238,1672838730876,0,0.2968913912773132,0,1,1,20,0.3513097763061523,0.299506813287735,0.3071910440921783,-0.25822080973333333,0.25822080973333333,0.18712136922547876,0.010299652814865112,0.0026154220104218084,0.05441838502883911
3,evt_001925,15,1307,1672888957643,1,0.3684192498524983,1,1,1,20,0.3949480950832367,0.3840734958648681,0.342465728521347,-0.11516130133333334,0.11664343866666667,0.128025891761132,0.025953521331151308,0.01565424601236981,0.026528845230738396
3,evt_001926,15,1308,1672888995604,0,0.383281002442042,0,1,1,20,0.415659099817276,0.3700794875621795,0.3721526861190796,-0.13727332151666666,0.13790507848333333,0.0976707738288227,0.011128316322962406,0.013201514879862486,0.032378097375234005
3,evt_001927,15,1309,1672889039119,0,0.3359801570574443,0,1,1,20,0.3683933317661285,0.3134321272373199,0.3204825818538666,-0.14658375933333334,0.14804824066666666,0.1201616291305178,0.015497575203577696,0.022548029820124382,0.03241317470868421
3,evt_001928,15,1310,1672889087146,0,0.3386138180891673,0,1,1,20,0.3543035984039306,0.3297784924507141,0.3072406947612762,-0.0719578567,0.12465839663333333,0.124242673987097,0.031373123327891106,0.008835325638453184,0.015689780314763313
3,evt_001929,15,1311,1672889113933,0,0.3420257369677226,0,1,1,20,0.3744689226150512,0.3307189047336578,0.3240929841995239,-0.14590610133333334,0.14736594533333333,0.12627552529478106,0.017932752768198668,0.011306832234064812,0.03244318564732862
3,evt_001930,15,1312,1672889146754,1,0.3527169028917948,0,1,1,20,0.3717492520809173,0.3391529619693756,0.3209421932697296,-0.08446915849999999,0.09781750816666668,0.12435918973393159,0.03177470962206519,0.013563940922419193,0.0190323491891225
3,evt_001931,15,1313,1672889192052,0,0.4312877555688222,0,1,1,20,0.4353016316890716,0.3959600031375885,0.3863479793071747,-0.01839709534666667,0.14186095132,0.1026755917943202,0.044939776261647524,0.035327752431233705,0.004013876120249393
3,evt_001932,15,1314,1672889211274,1,0.4527610639731089,0,1,1,20,0.4082096517086029,0.3557475507259369,0.3578208982944488,0.1835699866,0.18689822059999997,0.25971119409264243,0.0949401656786601,0.097013513247172,0.044551412264505985
3,evt_001933,15,1315,1672889243570,0,0.462741086880366,0,1,1,20,0.4523281753063202,0.4068017303943634,0.405421495437622,0.039589552883333344,0.19435589288333333,0.1454217789651867,0.05731959144274401,0.05593935648600262,0.010412911574045836
3,evt_001934,15,1317,1672889328314,0,0.4501751959323883,0,1,1,20,0.4885073900222778,0.4352418482303619,0.4408173561096191,-0.15519883729,0.15566700271,0.11182237776688565,0.00935783982276922,0.014933347702026423,0.03833219408988947
3,evt_001935,15,1318,1672889350964,1,0.5076038837432861,0,1,1,20,0.505321741104126,0.4613542556762695,0.4549102783203125,0.009062310466666668,0.1320189638,0.09321702581756217,0.05269360542297363,0.04624962806701666,0.0022821426391601562
3,evt_001936,15,1319,1672890199077,0,0.4608823458353678,0,1,1,20,0.4256555736064911,0.3696725070476532,0.372035950422287,0.14173638023333332,0.25382177356666663,0.24815549946163476,0.08884639541308081,0.0912098387877146,0.03522677222887671
3,evt_001937,15,1320,1672890243956,0,0.4565342565377553,0,1,1,20,0.4072261750698089,0.3806120455265045,0.3600169718265533,0.20248841926666664,0.20248841926666664,0.2613581276598454,0.09651728471120202,0.0759222110112508,0.04930808146794641
3,evt_001938,15,1321,1672890285183,1,0.4651063283284505,0,1,1,20,0.4308797419071197,0.3858363628387451,0.3812012672424316,0.13836596266666665,0.19210604266666664,0.21642356177191116,0.08390506108601892,0.07926996548970539,0.03422658642133081
3,evt_001939,15,1322,1672890314778,1,0.479559858640035,0,1,1,20,0.4538725912570953,0.4108208119869232,0.4042811393737793,0.10112257983333334,0.22270937983333336,0.19921807302039343,0.07527871926625568,0.06873904665311176,0.025687267382939694
3,evt_002045,16,1430,1672908811245,0,0.3160309096177419,0,1,1,20,0.3302944600582123,0.2875021398067474,0.2871425151824951,-0.06720287993333333,0.06817378006666668,0.051377469646793725,0.028888394435246767,0.028528769810994503,0.014263550440470396
3,evt_002046,16,1431,1672908829642,1,0.6652326186498007,0,1,1,20,0.6783487796783447,0.628183901309967,0.6353455185890198,-0.0574117518,0.0574117518,0.07329183845686923,0.02988710006078088,0.037048717339833614,0.013116161028544071
3,evt_002047,16,1432,1672908864220,1,0.5558280150095621,0,1,1,20,0.5181398987770081,0.4661770761013031,0.4739834070205688,0.15469078133333333,0.16510448533333333,0.22251191278185703,0.08184460798899335,0.08965093890825904,0.03768811623255408
3,evt_002048,16,1433,1672908905415,1,0.4067823191483815,0,1,1,20,0.35844287276268,0.3063982427120209,0.3125095069408417,0.20475303856666663,0.20475303856666663,0.25385810542513526,0.0942728122075398,0.1003840764363606,0.04833944638570148
3,evt_002049,16,1434,1672908941422,1,0.4078406790892283,0,1,1,20,0.4233756065368652,0.3755746781826019,0.382274180650711,-0.06623195617416666,0.06623195617416666,0.08535067295985983,0.02556649843851727,0.0322660009066264,0.015534927447636904
3,evt_002050,16,1435,1672909400025,1,0.3411347170670827,0,1,1,20,0.3613210618495941,0.3165712058544159,0.3213230669498443,-0.09103441104766667,0.09106394895233334,0.08478143205432162,0.0198116501172384,0.02456351121266681,0.02018634478251141
3,evt_002051,16,1436,1672909441722,1,0.339986115694046,0,1,1,20,0.3213189840316772,0.3078641295433044,0.2772645056247711,0.08590582816666668,0.1083455635,0.12873659727652992,0.0627216100692749,0.03212198615074163,0.01866713166236883
3,evt_002052,16,1437,1672909473805,0,0.4096348981062571,0,1,1,20,0.361224502325058,0.3097739517688751,0.3126276433467865,0.20389878502333333,0.20389878502333333,0.25434678382236575,0.09700725475947058,0.09986094633738196,0.0484103957811991
3,evt_002053,16,1438,1672909528007,0,0.3380581239859263,0,1,1,20,0.3042736053466797,0.2537049055099487,0.2601861655712127,0.14986213326666667,0.17475857326666666,0.22069541475634705,0.07787195841471356,0.0843532184759776,0.033784518639246586
3,evt_002054,16,1439,1672909573175,0,0.4660033583641052,0,1,1,20,0.4731769263744354,0.4256410300731659,0.4302974641323089,-0.029123249333333334,0.046129406000000005,0.04797494457004144,0.03570589423179632,0.04036232829093933,0.0071735680103302
3,evt_002055,16,1440,1672909625069,1,0.4401083787282308,0,1,1,20,0.4175279140472412,0.3781974017620086,0.3649137318134308,0.0932073676,0.12850665426666666,0.14429571248552145,0.07519464691479999,0.061910976966222164,0.022580464680989565
3,evt_002171,17,1490,1672994689474,0,0.3621232012907664,0,1,1,20,0.4204407632350921,0.3620925843715668,0.3733804225921631,-0.2513005126,0.2513005126,0.18369989994226338,0.01125722130139667,3.0616919199644155e-05,0.05831756194432569
3,evt_002172,17,1491,1672994723630,1,0.3221548696358998,0,1,1,20,0.3812042474746704,0.3213353157043457,0.3331283926963806,-0.27225680533333335,0.27225680533333335,0.20238031960917877,0.010973523060480828,0.0008195539315540845,0.05904937783877062
3,evt_002173,17,1492,1672994736424,0,0.2839895635843277,0,1,1,20,0.3390507996082306,0.2848275899887085,0.2943179309368133,-0.2705332362333333,0.2705332362333333,0.19825437092330028,0.010328367352485601,0.0008380264043807983,0.05506123602390289
3,evt_002174,17,1493,1672994743734,0,0.3069060842196147,0,1,1,20,0.3576734960079193,0.3091484010219574,0.3174491226673126,-0.23898013920000002,0.23898013920000002,0.1679741007505984,0.010543038447697939,0.0022423168023427142,0.05076741178830463
3,evt_002175,17,1494,1672994751320,1,0.2599972834189732,0,1,1,20,0.3162266910076141,0.2603700459003448,0.2707960903644562,-0.29378378376666664,0.29378378376666664,0.21773189035843626,0.010798806945482964,0.0003727624813715802,0.05622940758864087
3,evt_002176,17,1495,1672994760362,0,0.9999999,0,1,1,20,0.9999999,0.9999999,0.9999999,-0.2340869695,0.2340869695,0.16435221954542967,0.0,0.0,0.0
3,evt_002177,17,1496,1672994791165,1,0.3306813240051269,0,1,1,20,0.3862896263599396,0.3306979238986969,0.3413550853729248,-0.24819926736666664,0.24819926736666664,0.1876221202701649,0.010673761367797907,1.65998935700018e-05,0.05560830235481268
3,evt_002178,17,1497,1672994828058,1,0.2385394871234893,0,1,1,20,0.2866119146347046,0.238685593008995,0.2477648705244064,-0.2663036896,0.2663036896,0.19269042619104398,0.009225383400917109,0.00014610588550570403,0.04807242751121529
3,evt_002179,17,1498,1672994898916,0,0.2785417437553406,0,1,1,20,0.3304451406002044,0.2783108353614807,0.2884133160114288,-0.2546496487666667,0.2546496487666667,0.1887878810874636,0.009871572256088201,0.00023090839385986328,0.051903396844863836
3,evt_002180,17,1499,1672994904768,0,0.3216462731361389,0,1,1,20,0.3774441480636596,0.3212610781192779,0.3323555886745453,-0.2539737216333333,0.2539737216333333,0.19202278104559545,0.010709315538406372,0.0003851950168610174,0.055797874927520696
3,evt_002181,17,1500,1672994912232,0,0.3430886566638946,0,1,1,20,0.4016074240207672,0.3421407043933868,0.3535243570804596,-0.25738293953333335,0.25738293953333335,0.1889286016630718,0.010435700416564997,0.0009479522705078125,0.058518767356872614
3,evt_002182,17,1501,1672994921954,0,0.318663348754247,0,1,1,20,0.3780385255813598,0.3186535537242889,0.3305095136165619,-0.27443069443333334,0.27443069443333334,0.20599643415957017,0.011846164862314879,9.7950299581262e-06,0.0593751768271128
3,evt_002183,17,1502,1672994971629,1,0.269308790564537,1,1,1,20,0.3226178586483001,0.2694592773914337,0.2792108058929443,-0.2707062211,0.2707062211,0.19791247192350306,0.009902015328407288,0.000150486826896723,0.05330906808376312
3,evt_002184,17,1503,1672995028785,0,0.3732239802678426,0,1,1,20,0.4370079040527344,0.3734967410564422,0.3857479095458984,-0.27315962723333337,0.27315962723333337,0.19564216317431868,0.01252392927805579,0.00027276078859961306,0.06378392378489178
3,evt_002306,18,1569,1673010633343,0,0.3360646863778432,0,1,1,20,0.3906317949295044,0.335135668516159,0.3454425036907196,-0.24319692516666666,0.24319692516666666,0.17807911054530223,0.009377817312876402,0.0009290178616842004,0.05456710855166119
3,evt_002307,18,1570,1673010650464,0,0.3295086026191711,0,1,1,20,0.3877248764038086,0.3273016214370727,0.3391056954860687,-0.26327077720000003,0.26327077720000003,0.18715301814062518,0.009597092866897639,0.0022069811820983887,0.05821627378463751
3,evt_002308,18,1571,1673010664422,0,0.2300738046566645,0,1,1,20,0.2798928320407867,0.2291997671127319,0.2392103224992752,-0.28523738756666667,0.28523738756666667,0.20736913931553871,0.009136517842610714,0.0008740375439325876,0.049819027384122194
3,evt_002309,18,1572,1673010675561,0,0.2579004615545273,0,1,1,20,0.3090375363826751,0.2580057382583618,0.2672512829303741,-0.2634868977666667,0.2634868977666667,0.19488032746644746,0.009350821375846807,0.00010527670383453369,0.05113707482814783
3,evt_002310,18,1573,1673011375825,0,0.3917719622453053,0,1,1,20,0.4575353562831878,0.3941316604614258,0.4044561386108398,-0.27647954700000005,0.27647954700000005,0.20087596570657185,0.012684176365534483,0.002359698216120476,0.0657633940378825
3,evt_002311,18,1574,1673011385442,0,0.221368059515953,0,1,1,20,0.2655007839202881,0.2200932502746582,0.2285388261079788,-0.2577799175666667,0.2577799175666667,0.18557394504873623,0.007170766592025785,0.0012748092412948053,0.04413272440433508
3,evt_002312,18,1575,1673011396908,0,0.4338579575220744,0,1,1,20,0.4979518353939056,0.4331309795379638,0.4452268183231354,-0.2612772845333333,0.2612772845333333,0.18614027639391298,0.011368860801060976,0.0007269779841105883,0.06409387787183118
3,evt_002313,18,1576,1673011408325,0,0.3120027929544449,0,1,1,20,0.3707831799983978,0.3094266355037689,0.3212631046772003,-0.2748658156666666,0.2748658156666666,0.20738245656719118,0.009260311722755432,0.0025761574506759644,0.05878038704395294
3,evt_002314,18,1577,1673011421049,0,0.3987138569355011,0,1,1,20,0.4575905799865722,0.3969806730747223,0.4086746871471405,-0.24604157513333333,0.24604157513333333,0.17400097349901253,0.009960830211639404,0.0017331838607788086,0.05887672305107111
3,evt_002315,18,1578,1673011445550,0,0.3392200966676076,0,1,1,20,0.397003173828125,0.3389481008052826,0.3494274616241455,-0.25643139173333335,0.25643139173333335,0.18201642645366745,0.010207364956537901,0.00027199586232501405,0.05778307716051739
3,evt_002316,18,1579,1673011454893,0,0.2920905947685241,0,1,1,20,0.3420694768428802,0.2908135950565338,0.3001749217510223,-0.23908913916666666,0.23908913916666666,0.18039922825518037,0.008084326982498169,0.001276999711990301,0.04997888207435608
3,evt_002317,18,1580,1673011470314,0,0.4841045240561167,0,1,1,20,0.5503124594688416,0.4815922677516937,0.4950096309185028,-0.2663475581,0.2663475581,0.19189569734242068,0.010905106862386105,0.0025122563044229773,0.06620793541272485
3,evt_002318,18,1581,1673011488186,0,0.2960249533255895,0,1,1,20,0.3519249260425567,0.2958594560623169,0.3058758080005646,-0.26653894083333335,0.26653894083333335,0.19152214961204206,0.009850854674975096,0.00016549726327258485,0.05589997271696723
3,evt_002422,19,1632,1673252060452,0,0.3253105779488881,0,1,1,20,0.370167464017868,0.3065659999847412,0.3195115625858307,-0.20396992106666664,0.20396992106666664,0.144659470970295,0.005799015363057436,0.018744577964146913,0.04485688606897986
3,evt_002423,19,624,1673252123830,0,0.3270045618216197,1,1,1,20,0.3880911767482757,0.3253010213375091,0.3384802341461181,-0.27760691350000005,0.27760691350000005,0.20710899115905965,0.01147567232449842,0.0017035404841105883,0.06108661492665601
3,evt_002424,19,1633,1673252129689,0,0.3570150037606557,0,1,1,20,0.416730135679245,0.3554147183895111,0.3677682876586914,-0.2608923697666667,0.2608923697666667,0.18875813326371646,0.010753283898035704,0.0016002853711445941,0.05971513191858929
3,evt_002425,19,1634,1673252178358,1,0.3317343691984812,0,1,1,20,0.3798361718654632,0.3196623623371124,0.3310699462890625,-0.21783559770000002,0.21783559770000002,0.1550953481309894,0.0006644229094187049,0.012072006861368778,0.048101802666981996
3,evt_002426,19,1635,1673252219138,0,0.3405945301055908,0,1,1,20,0.3922757804393768,0.3316625654697418,0.3431461751461029,-0.22971603159999998,0.22971603159999998,0.16220862580013692,0.002551645040512085,0.008931964635848999,0.051681250333785955
3,evt_002427,19,1636,1673252228685,0,0.2356149901946385,0,1,1,20,0.2831595838069916,0.2322563529014587,0.2417299747467041,-0.26285896626666666,0.26285896626666666,0.19169953555294914,0.006114984552065605,0.0033586372931797837,0.04754459361235308
3,evt_002428,19,1637,1673252235372,0,0.2870209366083145,0,1,1,20,0.3288129866123199,0.2743344008922577,0.2828937768936157,-0.2068852266,0.2068852266,0.15928214028452117,0.0041271597146987915,0.012686535716056824,0.04179205000400538
3,evt_002429,19,1638,1673252243522,0,0.2585771828889847,0,1,1,20,0.30459925532341,0.2575880885124206,0.2656194567680359,-0.23550404179999998,0.23550404179999998,0.17671494303505528,0.0070422738790512085,0.0009890943765640814,0.0460220724344253
3,evt_002430,19,1639,1673252250651,0,0.1914704491694768,0,1,1,20,0.2349238395690918,0.1944060325622558,0.198655903339386,-0.27691042685333334,0.27691042685333334,0.2010067391272867,0.007185454169909178,0.0029355833927789954,0.04345339039961499
3,evt_002431,19,1640,1673252258798,0,0.2912659843762715,0,1,1,20,0.3482153415679931,0.2891822755336761,0.299735814332962,-0.2758782661333333,0.2758782661333333,0.1978801332343608,0.008469829956690489,0.0020837088425954,0.05694935719172162
3,evt_002432,19,1641,1673252267293,1,0.3641405502955119,0,1,1,20,0.4117409288883209,0.350745290517807,0.3582874238491058,-0.20510920363333332,0.20510920363333332,0.14375058150186693,0.0058531264464061206,0.013395259777704893,0.04760037859280902
3,evt_002538,20,1694,1673339551559,0,0.3359029293060303,0,1,1,20,0.3901771008968353,0.3651634454727173,0.3435398042201996,-0.24492909163333332,0.24563498836666664,0.18169866723278846,0.0076368749141693115,0.02926051616668701,0.054274171590805054
3,evt_002539,20,1387,1673339564226,0,0.3072802126407623,1,1,1,20,0.3638767302036285,0.3181702792644501,0.3143487274646759,-0.26682396296666666,0.26782570370000003,0.19172769484092736,0.00706851482391363,0.0108900666236878,0.05659651756286621
3,evt_002540,20,1695,1673339573699,0,0.3790926535924275,0,1,1,20,0.4341121613979339,0.3920471668243408,0.385688304901123,-0.23246017297666666,0.23254484035666667,0.1751861887693314,0.006595651308695494,0.012954513231913323,0.05501950780550641
3,evt_002541,20,1696,1673339580688,0,0.2152907649676005,0,1,1,20,0.2594081461429596,0.2180944234132766,0.2219147533178329,-0.26155376080000003,0.26253666586666663,0.18662543078625785,0.006623988350232396,0.002803658445676094,0.0441173811753591
3,evt_002542,20,1697,1673339587515,1,0.3487860361735026,0,1,1,20,0.4085049629211426,0.3557754755020141,0.358494371175766,-0.2639970969666667,0.26465334970000004,0.19023482209824427,0.009708335002263369,0.006989439328511482,0.059718926747639955
3,evt_002543,20,1698,1673339627365,0,0.3304237524668376,0,1,1,20,0.3898754119873047,0.3545741736888885,0.3374427556991577,-0.2693918911666667,0.2700666821666667,0.1937952448760861,0.007019003232320131,0.02415042122205091,0.059451659520467104
3,evt_002544,20,1699,1673339633414,1,0.3571043411890666,0,1,1,20,0.4147014617919922,0.3606903553009033,0.3661807477474212,-0.25170859822,0.25186392844666666,0.17907235578086278,0.009076406558354622,0.003586014111836733,0.0575971206029256
3,evt_002545,20,1700,1673339664116,0,0.3290977080663045,0,1,1,20,0.3789627254009247,0.3293557465076446,0.3336250782012939,-0.22399728836000002,0.22421529830666667,0.1592129612709193,0.0045273701349893836,0.0002580384413400916,0.049865017334620176
3,evt_002546,20,1701,1673339714696,0,0.2782398710648219,0,1,1,20,0.3281807005405426,0.2867694199085235,0.2854962050914764,-0.2501484147333333,0.25074337193333335,0.17952591614201993,0.007256334026654487,0.008529548843701606,0.049940829475720705
3,evt_002547,20,1702,1673339724853,0,0.4006293515364329,0,1,1,20,0.4583360850811004,0.4226875603199005,0.4092288017272949,-0.24213073006666666,0.2426348966,0.18570651730070392,0.008599450190862001,0.022058208783467592,0.05770673354466749
3,evt_002548,20,1703,1673339815655,0,0.3147119581699371,0,1,1,20,0.3698382377624511,0.3272717893123626,0.3227944374084472,-0.25737359376666663,0.2583921329,0.18634757717613976,0.008082479238510132,0.012559831142425537,0.05512627959251404
3,evt_002549,20,1704,1673339823735,0,0.3554819424947102,0,1,1,20,0.407534122467041,0.3654158115386963,0.3632741868495941,-0.2280528019,0.22883542476666666,0.16127479823566776,0.007792244354883904,0.009933869043986077,0.0520521799723308
3,evt_002671,21,1823,1677663354133,0,0.3566137750943501,0,1,1,20,0.4020940065383911,0.3581865727901459,0.3611873686313629,-0.19919591544666668,0.19930337122,0.14102979955801512,0.00457359353701281,0.001572797695795769,0.04548023144404101
3,evt_002672,21,1824,1677663568296,0,0.330737829208374,0,1,1,20,0.3761467039585113,0.3258235156536102,0.3290846347808838,-0.2084049935,0.20968349983333334,0.1469125755099689,0.0016531944274902344,0.0049143135547638495,0.045408874750137274
3,evt_002673,21,1825,1677663704116,1,0.4174159069856007,0,1,1,20,0.4662356674671173,0.4184913635253906,0.4208467304706573,-0.20028899027666666,0.20045691639,0.14649495603377113,0.0034308234850565777,0.0010754565397899096,0.048819760481516594
3,evt_002674,21,1826,1677663754694,1,0.4286712308724721,0,1,1,20,0.465994119644165,0.4081058800220489,0.4130739867687225,-0.1523283331233333,0.15254330687666665,0.11218346208706817,0.01559724410374963,0.020565350850423214,0.037322888771692875
3,evt_002675,21,1827,1677663791295,0,0.3265895148118337,0,1,1,20,0.3490249812602997,0.3104099929332733,0.3132230937480926,-0.10358021909,0.10376088757666667,0.08516707445564413,0.013366421063741085,0.016179521878560366,0.022435466448466
3,evt_002676,21,1828,1677663841366,0,0.3252258996168772,0,1,1,20,0.3617884218692779,0.3168036043643951,0.3200540542602539,-0.16762029988333335,0.16795292678333337,0.11887880908004235,0.005171845356623295,0.008422295252482115,0.0365625222524007
3,evt_002677,21,1829,1677663850454,0,0.2732303788264592,0,1,1,20,0.3039969503879547,0.2606728076934814,0.2650253474712372,-0.1598921359,0.16101186409999999,0.1188032705259363,0.008205031355221992,0.012557571132977785,0.030766571561495537
3,evt_002678,21,1830,1677663908776,0,0.4339961608250935,0,1,1,20,0.4512981176376343,0.3934604227542877,0.4003712832927704,-0.07032203326666667,0.0713157894,0.07959654136512011,0.03362487753232313,0.040535738070805793,0.017301956812540764
3,evt_002679,21,1831,1677663940261,0,0.3911802470684051,1,1,1,20,0.42821204662323,0.3718284666538238,0.3744889497756958,-0.15661275103333333,0.1578521823,0.11867661161275808,0.016691297292709295,0.0193517804145813,0.037031799554824885
3,evt_002680,21,1832,1677663966634,0,0.3868597447872162,0,1,1,20,0.4210481941699981,0.3651116192340851,0.3694035112857818,-0.14491218286666666,0.14592787046666666,0.10581475750099077,0.01745623350143438,0.021748125553131104,0.03418844938278193
3,evt_002681,21,1833,1677663985302,0,0.381223976612091,0,1,1,20,0.4197656810283661,0.364603191614151,0.3692748248577118,-0.1637891141,0.1646484525666667,0.1155189201360024,0.011949151754379217,0.016620784997940008,0.03854170441627508
3,evt_002682,21,1834,1677664029695,0,0.3034952084223429,0,1,1,20,0.3319034874439239,0.2940209209918976,0.2966866493225097,-0.13692274282666667,0.13692685050666667,0.10514545155254111,0.006808559099833189,0.009474287430445316,0.028408279021580995
3,evt_002683,21,1835,1677664042563,0,0.3259450594584147,1,1,1,20,0.3636763095855713,0.309874027967453,0.3146241009235382,-0.17489690873333333,0.17653542460000002,0.12313285005537056,0.011320958534876469,0.016071031490961674,0.03773125012715661
3,evt_002684,21,1836,1677664089445,0,0.3286775549252828,0,1,1,20,0.3569960594177246,0.3044738471508026,0.3093572556972503,-0.130166542,0.13154399800000002,0.1052358973407236,0.019320299228032467,0.024203707774480165,0.02831850449244183
3,evt_002785,22,1936,1677849615960,0,0.4728404382864634,0,2,2,20,0.5255935192108154,0.5065851211547852,0.4785468876361847,-0.21170181610000002,0.21170181610000002,0.16079313859574074,0.00570644934972131,0.033744682868321774,0.05275308092435205
3,evt_002786,22,1937,1677849621021,0,0.2396925787130991,0,2,2,20,0.2826120555400848,0.2569087445735931,0.2475981265306472,-0.22916903436666666,0.22916903436666666,0.16119334978891653,0.007905547817548098,0.017216165860493987,0.042919476826985686
3,evt_002787,22,1938,1677849636365,0,0.2672023971875508,0,2,2,20,0.3122306764125824,0.2828286588191986,0.2721313536167145,-0.223398409,0.223398409,0.15794678181488803,0.004928956429163689,0.01562626163164782,0.04502827922503161
3,evt_002788,22,1939,1677849653579,0,0.1586883217096328,0,2,2,20,0.1879424005746841,0.1643076688051223,0.1636105626821518,-0.21193280520000002,0.21193280520000002,0.15017300840917702,0.004922240972519004,0.005619347095489502,0.029254078865051297
3,evt_002789,22,1940,1677849681310,1,0.3399099111557007,0,2,2,20,0.3927732706069946,0.3559452593326568,0.3489893972873688,-0.2327310513333333,0.2327310513333333,0.1758217414016666,0.00907948613166809,0.01603534817695612,0.05286335945129389
3,evt_002790,22,1941,1677849711953,0,0.2421667724847793,0,2,2,20,0.2850641012191772,0.2444029301404953,0.2500865757465362,-0.22609131693333331,0.22609131693333331,0.16243567968116437,0.007919803261756897,0.002236157655715998,0.04289732873439789
3,evt_002791,22,1942,1677849753397,0,0.2697204301754634,0,2,2,20,0.315576821565628,0.2787480652332306,0.2754562199115753,-0.22702914333333335,0.22702914333333335,0.1602600711289081,0.00573578973611194,0.009027635057767214,0.04585639139016462
3,evt_002792,22,1943,1677849774705,0,0.160843163728714,0,2,2,20,0.1872877478599548,0.1654391139745712,0.1650425940752029,-0.18840149765,0.18840149765,0.13670150213201074,0.004199430346488897,0.004595950245857211,0.026444584131240817
3,evt_002793,22,1944,1677849783935,1,0.3180493315060933,0,2,2,20,0.3660744428634643,0.3378327786922455,0.3253952264785766,-0.21723580946666665,0.21723580946666665,0.15714201736883926,0.00734589497248328,0.01978344718615216,0.048025111357370975
3,evt_002794,22,1945,1677849850046,0,0.2449608395497004,0,2,2,20,0.2842918336391449,0.2491775304079055,0.2491908520460128,-0.20726675053333332,0.20726675053333332,0.1483337750106394,0.004230012496312385,0.0042166908582050855,0.03933099408944449
3,evt_002879,23,2026,1677834865551,0,0.3080986340840657,0,1,1,20,0.3579504489898681,0.3061616718769073,0.3104826211929321,-0.2350903039,0.23580984943333336,0.1660416757829889,0.002383987108866392,0.001936962207158388,0.04985181490580243
3,evt_002880,23,2027,1677834899465,0,0.3529653946558634,0,1,1,20,0.4055349826812744,0.3534986078739166,0.3574207723140716,-0.23157758703333334,0.23191037296666664,0.16363878733467166,0.004455377658208193,0.000533213218053219,0.05256958802541101
3,evt_002881,23,2028,1677834932988,0,0.4625373681386311,1,1,1,20,0.5227323174476624,0.4628055989742279,0.4683308601379394,-0.24303749589999998,0.24352687743333332,0.17199072821763578,0.005793491999308287,0.0002682308355967944,0.06019494930903124
3,evt_002882,23,2029,1677835875726,0,0.3461429675420125,0,2,2,20,0.388949304819107,0.3454482555389404,0.3477183878421783,-0.18604032671666668,0.18604032671666668,0.13126942028309985,0.0015754203001657752,0.0006947120030721399,0.042806337277094486
3,evt_002883,23,2030,1677835954063,0,0.3873167832692464,0,2,2,20,0.4398548901081085,0.3883446156978607,0.3917638957500458,-0.2203642546233333,0.2203642546233333,0.15815445964197072,0.004447112480799376,0.001027832428614317,0.05253810683886212
3,evt_002884,23,2031,1677835963023,0,0.195660983522733,0,2,2,20,0.22504223883152,0.1953402012586593,0.1976103037595749,-0.16706710419166668,0.16706710419166668,0.11871368679416788,0.0019493202368418838,0.00032078226407369903,0.02938125530878699
3,evt_002885,23,2032,1677836101489,0,0.2747615774472554,0,2,2,20,0.3224809467792511,0.2757131457328796,0.2799187898635864,-0.23822499873333336,0.23875870126666668,0.16839075574524381,0.005157212416331047,0.0009515682856242047,0.04771936933199572
3,evt_002886,23,2033,1677836141358,0,0.2896695534388224,0,2,2,20,0.3390291929244995,0.2904738485813141,0.2941623628139496,-0.23640745094,0.23663074239333334,0.1684043335876117,0.004492809375127194,0.0008042951424916955,0.04935963948567712
3,evt_002887,23,2034,1677836149661,0,0.2928182085355122,0,2,2,20,0.3342010974884033,0.2914265692234039,0.2960376441478729,-0.19549546213333335,0.19549546213333335,0.1385182730112395,0.0032194356123607104,0.0013916393121083392,0.041382888952891106
3,evt_002970,24,2116,1678008151527,0,0.2342721670866012,0,2,2,20,0.2804655730724334,0.2350830286741256,0.2423425167798996,-0.24504660491666663,0.24504660491666663,0.17512475097614905,0.008070349693298395,0.0008108615875243863,0.046193405985832214
3,evt_002971,24,2117,1678008223710,0,0.2514729549487431,0,2,2,20,0.2865567207336426,0.2522194385528564,0.2582057118415832,-0.17834643986,0.17834643986,0.13327757687437905,0.006732756892840086,0.0007464836041132794,0.03508376578489947
3,evt_002972,24,2118,1678008241659,0,0.2394465903441111,0,2,2,20,0.2806101739406585,0.2380080819129943,0.2458878606557846,-0.21696541800000002,0.21696541800000002,0.15626839725262148,0.006441270311673519,0.0014385084311167862,0.041163583596547426
3,evt_002973,24,2119,1678008255744,0,0.3609731594721476,0,2,2,20,0.4131253957748413,0.3578614890575409,0.368713766336441,-0.2230186025333333,0.2230186025333333,0.15654392854802499,0.007740606864293398,0.003111670414606693,0.05215223630269372
3,evt_002974,24,2120,1678008277242,0,0.1391054689884185,0,2,2,20,0.1551160216331482,0.1329824179410934,0.137018010020256,-0.1246980907,0.1246980907,0.0883555043533101,0.002087458968162509,0.0061230510473251065,0.016010552644729698
3,evt_002975,24,2121,1678008293456,0,0.319800059000651,0,2,2,20,0.3718090057373047,0.3221452236175537,0.3307727575302124,-0.23607366223333334,0.23607366223333334,0.16608195570229778,0.010972698529561398,0.0023451646169027063,0.05200894673665368
3,evt_002976,24,2122,1678008306584,0,0.2192868888378143,0,2,2,20,0.264030247926712,0.2214635163545608,0.2266930341720581,-0.25386916833333334,0.25386916833333334,0.1917480039165085,0.007406145334243802,0.0021766275167464932,0.04474335908889768
3,evt_002977,24,2123,1678008320577,0,0.3019308745861053,0,2,2,20,0.3531531989574432,0.3021591901779175,0.3114563524723053,-0.23991115303333332,0.23991115303333332,0.17241029982214628,0.009525477886200007,0.0002283155918121893,0.05122232437133789
3,evt_002978,24,2124,1678008338459,0,0.2615184138218562,0,2,2,20,0.3137297034263611,0.2622640132904053,0.2703929841518402,-0.26184494146666665,0.26184494146666665,0.18415663330559537,0.00887457032998401,0.0007455994685490741,0.052211289604504885
3,evt_003066,25,2208,1678183550369,0,0.3341119786103566,0,1,1,20,0.3867135941982269,0.3296654224395752,0.3370062410831451,-0.23782394826666667,0.23895633173333333,0.1699493395458991,0.0028942624727885113,0.0044465561707813794,0.0526016155878703
3,evt_003067,25,2209,1678184366911,0,0.290222426255544,0,2,2,20,0.3009617626667022,0.2552670538425445,0.2594875991344452,-0.05104065626666667,0.06810052893333333,0.07801564123448099,0.030734827121098818,0.03495537241299951,0.010739336411158207
3,evt_003068,25,2210,1678184376435,1,0.254810556769371,0,2,2,20,0.2399414628744125,0.2053486555814743,0.2082632929086685,0.07063387553433333,0.13079642446566667,0.12662930356232238,0.04654726386070249,0.04946190118789667,0.014869093894958468
3,evt_003069,25,2211,1678184568769,0,0.3561581869920094,0,2,2,20,0.391988068819046,0.3458192348480224,0.3519214391708374,-0.15325207899999999,0.15325207899999999,0.1133003675564334,0.0042367478211720044,0.010338952143987001,0.035829881827036614
3,evt_003070,25,2213,1678184640040,0,0.3279895683129628,0,2,2,20,0.3587653338909149,0.3242378234863281,0.3231277763843536,-0.13539002435,0.13539002435,0.09637760883871221,0.004861791928609194,0.003751744826634651,0.03077576557795214
3,evt_003071,25,2214,1678184647900,1,0.2294438630342483,0,2,2,20,0.265926331281662,0.2292834371328354,0.2329702824354171,-0.18946331870000002,0.18946331870000002,0.13526935300843826,0.0035264194011687955,0.00016042590141290836,0.03648246824741369
3,evt_003072,25,2215,1678184865014,0,0.3182657361030578,0,2,2,20,0.3501760959625244,0.3103753328323364,0.3099471628665924,-0.14352081195,0.14352081195,0.1026539737480398,0.008318573236465399,0.00789040327072138,0.03191035985946661
3,evt_003073,25,2216,1678184871670,0,0.2560001462697983,0,2,2,20,0.2904582917690277,0.2518704831600189,0.2536116242408752,-0.17936025907666667,0.17949165425666666,0.1338540681592564,0.00238852202892309,0.004129663109779358,0.03445814549922943
3,evt_003074,25,2217,1678184875817,0,0.1935151666402816,0,2,2,20,0.2225146293640136,0.1903335005044937,0.1942000389099121,-0.16999326817666668,0.16999326817666668,0.12101636700137905,0.0006848722696305154,0.0031816661357878806,0.028999462723731995
3,evt_003075,25,2218,1678184900251,0,0.3031107882658641,0,2,2,20,0.3320271074771881,0.293944388628006,0.2932806015014648,-0.13717709573333334,0.13776899093333334,0.11718962830926885,0.009830186764399285,0.009166399637858091,0.028916319211324037
3,evt_003183,26,2328,1678263923747,0,0.2785707712173462,0,2,2,20,0.3283396363258362,0.2791780531406402,0.2886366546154022,-0.24124695463333334,0.24124695463333334,0.17793677149815776,0.01006588339805603,0.0006072819232940119,0.04976886510848999
3,evt_003184,26,2329,1678263973355,0,0.337778091430664,0,2,2,20,0.3930114805698395,0.3379446566104889,0.3481010496616363,-0.24231245956666667,0.24231245956666667,0.1798763856280478,0.01032295823097229,0.0001665651798248846,0.05523338913917547
3,evt_003185,26,2330,1678263983210,0,0.2403815140326818,0,2,2,20,0.2809609174728393,0.2410066723823547,0.2484294921159744,-0.21838761112333335,0.21838761112333335,0.1621241317679146,0.008047978083292606,0.0006251583496729163,0.04057940344015751
3,evt_003186,26,2331,1678264004234,0,0.3647123177846272,0,2,2,20,0.408805638551712,0.3662636280059814,0.3740851879119873,-0.18946634864666667,0.18946634864666667,0.14290505639583118,0.0093728701273601,0.0015513102213541852,0.044093320767084776
3,evt_003187,26,2332,1678264010867,0,0.4848501781622569,0,2,2,20,0.5448806881904602,0.4856016635894775,0.4964773654937744,-0.24098149710000002,0.24098149710000002,0.18510909781091023,0.011627187331517519,0.0007514854272205884,0.06003051002820331
3,evt_003188,26,2333,1678264018184,0,0.333842009305954,0,2,2,20,0.3943205177783966,0.3374668657779693,0.3454935252666473,-0.26477364476666665,0.26477364476666665,0.18595755185591817,0.011651515960693304,0.0036248564720153253,0.06047850847244263
3,evt_003189,26,2334,1678264041118,0,0.3337515890598297,0,2,2,20,0.3864772617816925,0.3351833820343017,0.344789981842041,-0.23324246690000003,0.23324246690000003,0.1686100933320572,0.011038392782211304,0.0014317929744719904,0.05272567272186279
3,evt_003190,26,2336,1678264071968,0,0.3320991694927215,0,2,2,20,0.3780373632907867,0.3337641060352325,0.3428150713443756,-0.20356072256666669,0.20356072256666669,0.14659940458256618,0.010715901851654108,0.0016649365425109863,0.045938193798065186
3,evt_003191,26,2337,1678264084554,0,0.2476350019375483,0,2,2,20,0.292629212141037,0.248245432972908,0.256062388420105,-0.2337492005,0.2337492005,0.17204739092553267,0.00842738648255667,0.000610431035359682,0.04499421020348868
3,evt_003192,26,2339,1678264101756,0,0.1930119196573893,0,2,2,20,0.2345146536827087,0.1935157179832458,0.2005722969770431,-0.25609210353333334,0.25609210353333334,0.19100740650177905,0.007560377319653783,0.0005037983258564804,0.0415027340253194
3,evt_003193,26,2340,1678264162097,0,0.2375782231489817,0,2,2,20,0.2827768623828888,0.237289622426033,0.2462206035852432,-0.24124693286666668,0.24124693286666668,0.17335050424747325,0.008642380436261504,0.00028860072294870087,0.0451986392339071
3,evt_003194,26,2341,1678264169532,0,0.401941974957784,0,2,2,20,0.4568479061126709,0.4014325141906738,0.4119751453399658,-0.22659894953333334,0.22659894953333334,0.17264380647169222,0.010033170382181822,0.0005094607671102258,0.0549059311548869
3,evt_003195,26,2342,1678264183700,0,0.2203601549069086,0,2,2,20,0.2663494646549225,0.2193977832794189,0.2281242609024047,-0.25507130083333335,0.25507130083333335,0.18253526952544213,0.007764105995496096,0.0009623716274897165,0.04598930974801388
3,evt_003292,27,2434,1678435949041,1,0.5173391898473104,0,2,2,20,0.5627980828285217,0.5442926287651062,0.5153315663337708,-0.18246557868666666,0.18246557868666666,0.1317407683944191,0.002007623513539669,0.02695343891779578,0.04545889298121131
3,evt_003293,27,2435,1678435968111,1,0.2375156730413437,0,2,2,20,0.273607850074768,0.2877877950668335,0.2405400425195694,-0.20037358833333332,0.20057790499999997,0.14168048113719375,0.003024369478225708,0.05027212202548981,0.03609217703342432
3,evt_003294,27,2436,1678435982276,0,0.2390477160612742,0,2,2,20,0.2787024080753326,0.2758598029613495,0.244137242436409,-0.20259181791333333,0.20259181791333333,0.1474452925590207,0.005089526375134795,0.036812086900075286,0.039654692014058385
3,evt_003295,27,2437,1678436001655,0,0.1907821744680404,0,2,2,20,0.2252415418624878,0.1903584450483322,0.1952190399169922,-0.21975320432,0.21975320432,0.1590658042015898,0.004436865448951777,0.0004237294197082242,0.03445936739444738
3,evt_003296,27,2438,1678436011585,1,0.3046516080697377,0,2,2,20,0.3546003103256225,0.317179411649704,0.3099290132522583,-0.23426364672133335,0.23427811327866666,0.16616854932324707,0.0052774051825206225,0.012527803579966301,0.049948702255884825
3,evt_003297,27,2439,1678436035221,0,0.3496861259142558,0,2,2,20,0.4012481868267059,0.3574784100055694,0.3573679029941559,-0.22313618055999998,0.22313618055999998,0.1617972290545865,0.007681777079900087,0.007792284091313606,0.05156206091245008
3,evt_003298,27,2440,1678436050656,1,0.1441173727313677,0,2,2,20,0.1678610295057296,0.1482682824134826,0.1465454846620559,-0.19355693063666668,0.19355693063666668,0.13702276443036562,0.0024281119306882037,0.0041509096821149005,0.023743656774361882
3,evt_003299,27,2441,1678436329105,0,0.2828812003135681,0,2,2,20,0.3270191252231598,0.3161075115203857,0.2894159853458404,-0.21796836706666664,0.21796836706666664,0.1567807733539589,0.006534785032272283,0.03322631120681757,0.044137924909591675
3,evt_003300,27,2442,1678436336949,0,0.2623251477877299,0,2,2,20,0.3103617131710052,0.3083382546901703,0.2693499326705932,-0.24996860836666668,0.2506595449666667,0.18372101987589814,0.007024784882863289,0.04601310690244037,0.048036565383275276
3,evt_003301,27,2443,1678436344724,1,0.2680948128302892,0,2,2,20,0.3183566629886627,0.3482584059238434,0.2751443684101105,-0.25154128213666666,0.25154128213666666,0.18074139876680576,0.007049555579821287,0.0801635930935542,0.05026185015837353
3,evt_003423,28,2556,1678521427919,0,0.2897001504898071,0,2,2,20,0.3443579971790313,0.317068487405777,0.300796777009964,-0.25879443706666666,0.25879443706666666,0.18272940490060424,0.011096626520156916,0.027368336915969904,0.05465784668922424
3,evt_003424,28,2557,1678521435392,0,0.2259130080540975,0,2,2,20,0.2629696130752563,0.2497383207082748,0.2341986894607544,-0.20369613407333334,0.20369613407333334,0.14879885156459285,0.008285681406656892,0.02382531265417731,0.03705660502115879
3,evt_003425,28,2558,1678521442988,0,0.2751828233400981,0,2,2,20,0.3298870623111725,0.3039662539958954,0.2861208319664001,-0.2665105776,0.2665105776,0.1885458665405431,0.01093800862630201,0.028783430655797304,0.054704238971074404
3,evt_003426,28,2559,1678521451825,0,0.3829043308893839,0,2,2,20,0.4333106279373169,0.4065610468387604,0.3932343423366546,-0.21178489533333333,0.21178489533333333,0.1702874392075287,0.010330011447270693,0.02365671594937646,0.05040629704793298
3,evt_003427,28,2560,1678521460058,0,0.2906455794970194,0,2,2,20,0.3387661874294281,0.341951847076416,0.3012389242649078,-0.2286322991333333,0.2286322991333333,0.1623102739058292,0.010593344767888369,0.0513062675793966,0.04812060793240869
3,evt_003428,28,2561,1678521467720,0,0.2101790209611257,0,2,2,20,0.2507894933223724,0.2128955870866775,0.2187379151582718,-0.23581616693333332,0.23581616693333332,0.16646338987858375,0.008558894197146089,0.0027165661255517948,0.04061047236124668
3,evt_003429,28,2562,1678521475921,0,0.1909147103627523,0,2,2,20,0.2239357978105545,0.1954992562532425,0.1979847997426986,-0.20944685237333335,0.20944685237333335,0.152494386501361,0.007070089379946298,0.004584545890490205,0.033021087447802216
3,evt_003430,28,2563,1678521483166,0,0.3064491550127665,0,2,2,20,0.3557199537754059,0.350733071565628,0.3166414499282837,-0.22889229894666666,0.22889229894666666,0.1665504827423973,0.010192294915517208,0.04428391655286151,0.0492707987626394
3,evt_003431,28,2564,1678521489938,0,0.2750096619129181,0,2,2,20,0.3241731226444244,0.2942693829536438,0.2850041091442108,-0.23805047626666664,0.23805047626666664,0.17003600609861397,0.009994447231292725,0.019259721040725708,0.04916346073150629
3,evt_003432,28,2565,1678521497685,0,0.1485474556684494,0,2,2,20,0.1734629124403,0.1637350171804428,0.1538237780332565,-0.19271069539333333,0.19271069539333333,0.14063664741768886,0.005276322364807101,0.015187561511993408,0.024915456771850586
3,evt_003433,28,2566,1678521544104,0,0.3039774398008982,0,2,2,20,0.3465047180652618,0.3292939960956573,0.3133516609668731,-0.19775876522666666,0.19775876522666666,0.13956483105349324,0.009374221165974916,0.025316556294759096,0.04252727826436359
3,evt_003434,28,2306,1678521552477,0,0.2561572243769963,1,2,2,20,0.2908236682415008,0.2642879486083984,0.2637504041194916,-0.18014820950666666,0.18014820950666666,0.1331894193769708,0.007593179742495293,0.008130724231402098,0.034666443864504515
3,evt_003435,28,2567,1678521558144,0,0.2877183755238851,0,2,2,20,0.3428060114383697,0.3483721315860748,0.2978731095790863,-0.26009341146666665,0.26009341146666665,0.1824560877127605,0.010154734055201231,0.0606537560621897,0.05508763591448462
3,evt_003436,28,2568,1678521564777,0,0.2343585391839345,0,2,2,20,0.2712741792201996,0.236509621143341,0.2424008399248123,-0.20254492787333334,0.20254492787333334,0.14579326046396815,0.008042300740877778,0.002151081959406498,0.036915640036265074
3,evt_003530,29,2657,1678612902843,1,0.366910586754481,0,2,2,20,0.3603844940662384,0.3671902120113373,0.3197868764400482,0.02656402960000001,0.1225873704,0.09187644346086778,0.0471237103144328,0.00027962525685626405,0.006526092688242613
3,evt_003531,29,2658,1678612966606,1,0.3354719678560893,0,2,2,20,0.3221053779125213,0.3342582285404205,0.2843455970287323,0.056682030500000015,0.1164386695,0.10753732641187357,0.05112637082735699,0.0012137393156688159,0.013366589943567986
3,evt_003532,29,2659,1678613511446,0,0.3092316091060638,0,2,2,20,0.2993482947349548,0.3101299107074737,0.2607974112033844,0.042092386683333344,0.13565034665,0.10854235661694167,0.04843419790267939,0.0008983016014099121,0.009883314371109009
3,evt_003533,29,2660,1678613579561,1,0.4637576738993327,0,2,2,20,0.4434231519699096,0.4730215072631836,0.3922952711582184,0.08058823819999998,0.19166964846666668,0.16715903667931747,0.07146240274111432,0.009263833363850893,0.02033452192942309
3,evt_003534,29,2554,1678613592745,0,0.2706244985262553,1,2,2,20,0.2577407658100128,0.2701732516288757,0.2272012680768966,0.06812104100000001,0.09988774566666665,0.10903363653186204,0.043423230449358696,0.0004512468973796313,0.01288373271624249
3,evt_003535,29,2661,1678613594930,0,0.3553469280401866,0,2,2,20,0.3325569629669189,0.359445571899414,0.2925578653812408,0.1010622195,0.14152115383333333,0.15893781801507148,0.0627890626589458,0.004098643859227424,0.022789965073267693
3,evt_003536,29,2662,1678613622251,0,0.235482191046079,0,2,2,20,0.2123791575431823,0.2394576221704483,0.1816353052854538,0.11363307136666667,0.19989038196666667,0.19800546160045052,0.05384688576062521,0.003975431124369294,0.02310303350289672
3,evt_003537,29,2663,1678613639358,0,0.1569855809211731,0,2,2,20,0.1516815274953842,0.1580703407526016,0.1318753510713577,0.03098608724666667,0.11130865942000001,0.0873112869189657,0.025110229849815396,0.0010847598314285,0.005304053425788907
3,evt_003538,29,2664,1678614192002,0,0.2482674568891525,0,2,2,20,0.2395031303167343,0.2514781653881073,0.2111418694257736,0.03906742715666666,0.12054358617666668,0.09770275238094797,0.037125587463378906,0.0032107084989548007,0.008764326572418213
