phase,protocol_id,split_version,fold,seed,candidate,uses_eeg,control_type,score_variant,variant_family,power,base_weight,protocol_gauc,protocol_macro_user_auc,protocol_global_auc,local_context_macro_auc,local_pair_count,valid_context_count,valid_local_user_count,event_transfer_gauc,event_transfer_macro_user_auc,event_transfer_global_auc,event_valid_user_count
V2-S,V2M-two_stage_user_local_reranker-v1,protocol_a_rollv2_cv3,1,2026,V2H-local-H2_E0,False,H2_E0_non_eeg,v2n_eeg_base_0p05,reference_score_family,1.0,0.05,0.6521739130434783,0.6467654898012041,0.6521739130434783,0.6534258228543942,598,35,28,0.6290835863970191,0.6270960669621383,0.6426240888580353,28
V2-S,V2M-two_stage_user_local_reranker-v1,protocol_a_rollv2_cv3,1,2026,V2H-local-H2_E0,False,H2_E0_non_eeg,sqrt_margin_eeg_base0p05,reference_score_family,0.5,0.05,0.6454849498327759,0.6380658561015704,0.6454849498327759,0.6454893149178863,598,35,28,0.6176679373694298,0.6156566730227445,0.6425893786879555,28
V2-S,V2M-two_stage_user_local_reranker-v1,protocol_a_rollv2_cv3,1,2026,V2H-local-H2_E0,False,H2_E0_non_eeg,margin_power0p25_base0p05,reference_score_family,0.25,0.05,0.6404682274247492,0.6327087132444275,0.6404682274247492,0.6412036006321721,598,35,28,0.6157536990372812,0.6134741333402048,0.6442901770218674,28
V2-S,V2M-two_stage_user_local_reranker-v1,protocol_a_rollv2_cv3,1,2026,V2H-local-H2_E0,False,H2_E0_non_eeg,margin_power0p1_base0p0,fine_power_base_grid,0.1,0.0,0.6538461538461539,0.6476347263847264,0.6538461538461539,0.6541212121212121,598,35,28,0.6317654153475049,0.629453398783756,0.6425199583477958,28
V2-S,V2M-two_stage_user_local_reranker-v1,protocol_a_rollv2_cv3,1,2026,V2H-local-H2_E0,False,H2_E0_non_eeg,margin_power0p1_base0p025,fine_power_base_grid,0.1,0.025,0.6421404682274248,0.6336015703872846,0.6421404682274248,0.6419178863464579,598,35,28,0.6150571816243458,0.6128788952449666,0.6445678583825061,28
V2-S,V2M-two_stage_user_local_reranker-v1,protocol_a_rollv2_cv3,1,2026,V2H-local-H2_E0,False,H2_E0_non_eeg,margin_power0p1_base0p05,fine_power_base_grid,0.1,0.05,0.6521739130434783,0.6602408372051229,0.6521739130434783,0.666800728372157,598,35,28,0.618973315241972,0.6157483207929637,0.6457132939951407,28
V2-S,V2M-two_stage_user_local_reranker-v1,protocol_a_rollv2_cv3,1,2026,V2H-local-H2_E0,False,H2_E0_non_eeg,margin_power0p1_base0p075,fine_power_base_grid,0.1,0.075,0.6505016722408027,0.6552463772999488,0.6505016722408027,0.6431623033051603,598,35,28,0.6161837996166354,0.6125927214320072,0.6473446719888928,28
V2-S,V2M-two_stage_user_local_reranker-v1,protocol_a_rollv2_cv3,1,2026,V2H-local-H2_E0,False,H2_E0_non_eeg,margin_power0p1_base0p1,fine_power_base_grid,0.1,0.1,0.6505016722408027,0.653549347477919,0.6505016722408027,0.6412094413522984,598,35,28,0.6125461437401736,0.607589994331066,0.6497049635543215,28
V2-S,V2M-two_stage_user_local_reranker-v1,protocol_a_rollv2_cv3,1,2026,V2H-local-H2_E0,False,H2_E0_non_eeg,margin_power0p1_base0p15,fine_power_base_grid,0.1,0.15,0.6505016722408027,0.6489197178482894,0.6505016722408027,0.6386962138390709,598,35,28,0.613823092330555,0.608238142479214,0.6518569940992711,28
V2-S,V2M-two_stage_user_local_reranker-v1,protocol_a_rollv2_cv3,1,2026,V2H-local-H2_E0,False,H2_E0_non_eeg,margin_power0p15_base0p0,fine_power_base_grid,0.15,0.0,0.6538461538461539,0.6476347263847264,0.6538461538461539,0.6541212121212121,598,35,28,0.6317654153475049,0.629453398783756,0.6425199583477958,28
V2-S,V2M-two_stage_user_local_reranker-v1,protocol_a_rollv2_cv3,1,2026,V2H-local-H2_E0,False,H2_E0_non_eeg,margin_power0p15_base0p025,fine_power_base_grid,0.15,0.025,0.6404682274247492,0.6327087132444275,0.6404682274247492,0.6412036006321721,598,35,28,0.6139294867653076,0.6114900063560779,0.6440472058313085,28
V2-S,V2M-two_stage_user_local_reranker-v1,protocol_a_rollv2_cv3,1,2026,V2H-local-H2_E0,False,H2_E0_non_eeg,margin_power0p15_base0p05,fine_power_base_grid,0.15,0.05,0.6471571906354515,0.6378343746200889,0.6471571906354515,0.6453041297327011,598,35,28,0.6179332773362624,0.615581087232873,0.6448802499132246,28
V2-S,V2M-two_stage_user_local_reranker-v1,protocol_a_rollv2_cv3,1,2026,V2H-local-H2_E0,False,H2_E0_non_eeg,margin_power0p15_base0p075,fine_power_base_grid,0.15,0.075,0.6538461538461539,0.6611336943479801,0.6538461538461539,0.6675150140864426,598,35,28,0.6199434644957034,0.6166411779358209,0.64585213467546,28
V2-S,V2M-two_stage_user_local_reranker-v1,protocol_a_rollv2_cv3,1,2026,V2H-local-H2_E0,False,H2_E0_non_eeg,margin_power0p15_base0p1,fine_power_base_grid,0.15,0.1,0.6538461538461539,0.6609578285471144,0.6538461538461539,0.6477314643028927,598,35,28,0.6213626671835627,0.6183041726791726,0.6473446719888928,28
V2-S,V2M-two_stage_user_local_reranker-v1,protocol_a_rollv2_cv3,1,2026,V2H-local-H2_E0,False,H2_E0_non_eeg,margin_power0p15_base0p15,fine_power_base_grid,0.15,0.15,0.6521739130434783,0.6544422046207761,0.6521739130434783,0.6419237270665841,598,35,28,0.6135909198595766,0.608482851473923,0.6499132245748005,28
V2-S,V2M-two_stage_user_local_reranker-v1,protocol_a_rollv2_cv3,1,2026,V2H-local-H2_E0,False,H2_E0_non_eeg,margin_power0p2_base0p0,fine_power_base_grid,0.2,0.0,0.6538461538461539,0.6476347263847264,0.6538461538461539,0.6541212121212121,598,35,28,0.6317654153475049,0.629453398783756,0.6425199583477958,28
V2-S,V2M-two_stage_user_local_reranker-v1,protocol_a_rollv2_cv3,1,2026,V2H-local-H2_E0,False,H2_E0_non_eeg,margin_power0p2_base0p025,fine_power_base_grid,0.2,0.025,0.6438127090301003,0.6365777608634752,0.6438127090301003,0.6442988387274102,598,35,28,0.6168932394305529,0.6149338839070982,0.6433182922596321,28
V2-S,V2M-two_stage_user_local_reranker-v1,protocol_a_rollv2_cv3,1,2026,V2H-local-H2_E0,False,H2_E0_non_eeg,margin_power0p2_base0p05,fine_power_base_grid,0.2,0.05,0.6421404682274248,0.6336015703872846,0.6421404682274248,0.6419178863464579,598,35,28,0.6150571816243458,0.6128788952449666,0.6448802499132245,28
V2-S,V2M-two_stage_user_local_reranker-v1,protocol_a_rollv2_cv3,1,2026,V2H-local-H2_E0,False,H2_E0_non_eeg,margin_power0p2_base0p075,fine_power_base_grid,0.2,0.075,0.6488294314381271,0.6396200889058032,0.6488294314381271,0.6467327011612726,598,35,28,0.6207809437660183,0.6185856223802653,0.6452967719541826,28
V2-S,V2M-two_stage_user_local_reranker-v1,protocol_a_rollv2_cv3,1,2026,V2H-local-H2_E0,False,H2_E0_non_eeg,margin_power0p2_base0p1,fine_power_base_grid,0.2,0.1,0.6538461538461539,0.6611336943479801,0.6538461538461539,0.6675150140864426,598,35,28,0.6199434644957034,0.6166411779358209,0.6457132939951405,28
V2-S,V2M-two_stage_user_local_reranker-v1,protocol_a_rollv2_cv3,1,2026,V2H-local-H2_E0,False,H2_E0_non_eeg,margin_power0p2_base0p15,fine_power_base_grid,0.2,0.15,0.6521739130434783,0.6594697333090191,0.6521739130434783,0.6465409881124167,598,35,28,0.6197457517606771,0.6168160774410775,0.6470322804581743,28
V2-S,V2M-two_stage_user_local_reranker-v1,protocol_a_rollv2_cv3,1,2026,V2H-local-H2_E0,False,H2_E0_non_eeg,margin_power0p25_base0p0,fine_power_base_grid,0.25,0.0,0.6538461538461539,0.6476347263847264,0.6538461538461539,0.6541212121212121,598,35,28,0.6317654153475049,0.629453398783756,0.6425199583477958,28
V2-S,V2M-two_stage_user_local_reranker-v1,protocol_a_rollv2_cv3,1,2026,V2H-local-H2_E0,False,H2_E0_non_eeg,margin_power0p25_base0p025,fine_power_base_grid,0.25,0.025,0.6438127090301003,0.6371729989587133,0.6438127090301003,0.6447750292036006,598,35,28,0.6166231612500268,0.6147638158798874,0.6426240888580355,28
V2-S,V2M-two_stage_user_local_reranker-v1,protocol_a_rollv2_cv3,1,2026,V2H-local-H2_E0,False,H2_E0_non_eeg,margin_power0p25_base0p05,fine_power_base_grid,0.25,0.05,0.6404682274247492,0.6327087132444275,0.6404682274247492,0.6412036006321721,598,35,28,0.6157536990372812,0.6134741333402048,0.6442901770218674,28
V2-S,V2M-two_stage_user_local_reranker-v1,protocol_a_rollv2_cv3,1,2026,V2H-local-H2_E0,False,H2_E0_non_eeg,margin_power0p25_base0p075,fine_power_base_grid,0.25,0.075,0.6438127090301003,0.635387284672999,0.6438127090301003,0.6433464577750293,598,35,28,0.6160806357821282,0.613899303408232,0.6448455397431447,28
V2-S,V2M-two_stage_user_local_reranker-v1,protocol_a_rollv2_cv3,1,2026,V2H-local-H2_E0,False,H2_E0_non_eeg,margin_power0p25_base0p1,fine_power_base_grid,0.25,0.1,0.6488294314381271,0.6396200889058032,0.6488294314381271,0.6467327011612726,598,35,28,0.6190396502336801,0.6170975271421701,0.6450190905935439,28
V2-S,V2M-two_stage_user_local_reranker-v1,protocol_a_rollv2_cv3,1,2026,V2H-local-H2_E0,False,H2_E0_non_eeg,margin_power0p25_base0p15,fine_power_base_grid,0.25,0.15,0.6505016722408027,0.65800869434798,0.6505016722408027,0.6525150140864427,598,35,28,0.6178539122568973,0.6146322493643923,0.6467893092676155,28
V2-S,V2M-two_stage_user_local_reranker-v1,protocol_a_rollv2_cv3,1,2026,V2H-local-H2_E0,False,H2_E0_non_eeg,margin_power0p3_base0p0,fine_power_base_grid,0.3,0.0,0.6538461538461539,0.6476347263847264,0.6538461538461539,0.6541212121212121,598,35,28,0.6317654153475049,0.629453398783756,0.6425199583477958,28
V2-S,V2M-two_stage_user_local_reranker-v1,protocol_a_rollv2_cv3,1,2026,V2H-local-H2_E0,False,H2_E0_non_eeg,margin_power0p3_base0p025,fine_power_base_grid,0.3,0.025,0.6438127090301003,0.6374281009995296,0.6438127090301003,0.6449791108362537,598,35,28,0.6186096573410006,0.616507013158799,0.6422769871572371,28
V2-S,V2M-two_stage_user_local_reranker-v1,protocol_a_rollv2_cv3,1,2026,V2H-local-H2_E0,False,H2_E0_non_eeg,margin_power0p3_base0p05,fine_power_base_grid,0.3,0.05,0.6421404682274248,0.6336015703872846,0.6421404682274248,0.6419178863464577,598,35,28,0.6149742628847106,0.612382863498935,0.6437695244706699,28
V2-S,V2M-two_stage_user_local_reranker-v1,protocol_a_rollv2_cv3,1,2026,V2H-local-H2_E0,False,H2_E0_non_eeg,margin_power0p3_base0p075,fine_power_base_grid,0.3,0.075,0.6421404682274248,0.6336015703872846,0.6421404682274248,0.6419178863464579,598,35,28,0.6150571816243458,0.6128788952449666,0.6448455397431447,28
V2-S,V2M-two_stage_user_local_reranker-v1,protocol_a_rollv2_cv3,1,2026,V2H-local-H2_E0,False,H2_E0_non_eeg,margin_power0p3_base0p1,fine_power_base_grid,0.3,0.1,0.6454849498327759,0.6371729989587133,0.6454849498327759,0.6447750292036006,598,35,28,0.6171040899399107,0.6149197115714973,0.6447761194029851,28
V2-S,V2M-two_stage_user_local_reranker-v1,protocol_a_rollv2_cv3,1,2026,V2H-local-H2_E0,False,H2_E0_non_eeg,margin_power0p3_base0p15,fine_power_base_grid,0.3,0.15,0.6555183946488294,0.6641098848241705,0.6555183946488294,0.669895966467395,598,35,28,0.6237814175873878,0.6217432187521474,0.6455397431447414,28
V2-S,V2M-two_stage_user_local_reranker-v1,protocol_a_rollv2_cv3,1,2026,V2H-local-H2_E0,False,H2_E0_non_eeg,margin_power0p35_base0p0,fine_power_base_grid,0.35,0.0,0.6538461538461539,0.6476347263847264,0.6538461538461539,0.6541212121212121,598,35,28,0.6317654153475049,0.629453398783756,0.6425199583477958,28
V2-S,V2M-two_stage_user_local_reranker-v1,protocol_a_rollv2_cv3,1,2026,V2H-local-H2_E0,False,H2_E0_non_eeg,margin_power0p35_base0p025,fine_power_base_grid,0.35,0.025,0.6471571906354515,0.6390579195936338,0.6471571906354515,0.6462829657115371,598,35,28,0.6216812043677715,0.6195654031814747,0.6421728566469976,28
V2-S,V2M-two_stage_user_local_reranker-v1,protocol_a_rollv2_cv3,1,2026,V2H-local-H2_E0,False,H2_E0_non_eeg,margin_power0p35_base0p05,fine_power_base_grid,0.35,0.05,0.6421404682274248,0.6359400057614344,0.6421404682274248,0.6437886346457775,598,35,28,0.6160936658697852,0.6142961288050575,0.6433877125997918,28
V2-S,V2M-two_stage_user_local_reranker-v1,protocol_a_rollv2_cv3,1,2026,V2H-local-H2_E0,False,H2_E0_non_eeg,margin_power0p35_base0p075,fine_power_base_grid,0.35,0.075,0.6404682274247492,0.6327087132444275,0.6404682274247492,0.6412036006321721,598,35,28,0.6140124055049427,0.6119860381021096,0.6443595973620272,28
V2-S,V2M-two_stage_user_local_reranker-v1,protocol_a_rollv2_cv3,1,2026,V2H-local-H2_E0,False,H2_E0_non_eeg,margin_power0p35_base0p1,fine_power_base_grid,0.35,0.1,0.6421404682274248,0.6336015703872846,0.6421404682274248,0.6419178863464579,598,35,28,0.6150571816243458,0.6128788952449666,0.6449843804234641,28
V2-S,V2M-two_stage_user_local_reranker-v1,protocol_a_rollv2_cv3,1,2026,V2H-local-H2_E0,False,H2_E0_non_eeg,margin_power0p35_base0p15,fine_power_base_grid,0.35,0.15,0.6521739130434783,0.6420010412867556,0.6521739130434783,0.6486374630660345,598,35,28,0.6213779586913916,0.6194784795231225,0.6455050329746617,28
V2-S,V2M-two_stage_user_local_reranker-v1,protocol_a_rollv2_cv3,1,2026,V2H-local-H2_E0,False,H2_E0_non_eeg,margin_power0p4_base0p0,fine_power_base_grid,0.4,0.0,0.6538461538461539,0.6476347263847264,0.6538461538461539,0.6541212121212121,598,35,28,0.6317654153475049,0.629453398783756,0.6425199583477958,28
V2-S,V2M-two_stage_user_local_reranker-v1,protocol_a_rollv2_cv3,1,2026,V2H-local-H2_E0,False,H2_E0_non_eeg,margin_power0p4_base0p025,fine_power_base_grid,0.4,0.025,0.6488294314381271,0.6400499830856974,0.6488294314381271,0.6470766165051879,598,35,28,0.6227591479830286,0.6205574666735382,0.6425546685178758,28
V2-S,V2M-two_stage_user_local_reranker-v1,protocol_a_rollv2_cv3,1,2026,V2H-local-H2_E0,False,H2_E0_non_eeg,margin_power0p4_base0p05,fine_power_base_grid,0.4,0.05,0.6454849498327759,0.6383634751491895,0.6454849498327759,0.6457274101559817,598,35,28,0.6179166935883352,0.6159542920703636,0.6429017702186741,28
V2-S,V2M-two_stage_user_local_reranker-v1,protocol_a_rollv2_cv3,1,2026,V2H-local-H2_E0,False,H2_E0_non_eeg,margin_power0p4_base0p075,fine_power_base_grid,0.4,0.075,0.6421404682274248,0.6336015703872846,0.6421404682274248,0.6419178863464577,598,35,28,0.6149742628847106,0.612382863498935,0.6439777854911489,28
V2-S,V2M-two_stage_user_local_reranker-v1,protocol_a_rollv2_cv3,1,2026,V2H-local-H2_E0,False,H2_E0_non_eeg,margin_power0p4_base0p1,fine_power_base_grid,0.4,0.1,0.6404682274247492,0.6327087132444275,0.6404682274247492,0.6412036006321721,598,35,28,0.6140124055049427,0.6119860381021096,0.6448455397431448,28
V2-S,V2M-two_stage_user_local_reranker-v1,protocol_a_rollv2_cv3,1,2026,V2H-local-H2_E0,False,H2_E0_non_eeg,margin_power0p4_base0p15,fine_power_base_grid,0.4,0.15,0.6471571906354515,0.6378343746200889,0.6471571906354515,0.6453041297327011,598,35,28,0.6197574896082358,0.617565214217,0.6449149600833045,28
V2-S,V2M-two_stage_user_local_reranker-v1,protocol_a_rollv2_cv3,1,2026,V2H-local-H2_E0,False,H2_E0_non_eeg,margin_power0p5_base0p0,fine_power_base_grid,0.5,0.0,0.6538461538461539,0.6476347263847264,0.6538461538461539,0.6541212121212121,598,35,28,0.6317654153475049,0.629453398783756,0.6425199583477958,28
V2-S,V2M-two_stage_user_local_reranker-v1,protocol_a_rollv2_cv3,1,2026,V2H-local-H2_E0,False,H2_E0_non_eeg,margin_power0p5_base0p025,fine_power_base_grid,0.5,0.025,0.6505016722408027,0.6427972358329501,0.6505016722408027,0.650251219679791,598,35,28,0.6240255432792746,0.6216397177557892,0.6425546685178758,28
V2-S,V2M-two_stage_user_local_reranker-v1,protocol_a_rollv2_cv3,1,2026,V2H-local-H2_E0,False,H2_E0_non_eeg,margin_power0p5_base0p05,fine_power_base_grid,0.5,0.05,0.6454849498327759,0.6380658561015704,0.6454849498327759,0.6454893149178863,598,35,28,0.6176679373694298,0.6156566730227445,0.6425893786879555,28
V2-S,V2M-two_stage_user_local_reranker-v1,protocol_a_rollv2_cv3,1,2026,V2H-local-H2_E0,False,H2_E0_non_eeg,margin_power0p5_base0p075,fine_power_base_grid,0.5,0.075,0.6438127090301003,0.6365777608634752,0.6438127090301003,0.6442988387274102,598,35,28,0.6168932394305529,0.6149338839070982,0.6433182922596321,28
V2-S,V2M-two_stage_user_local_reranker-v1,protocol_a_rollv2_cv3,1,2026,V2H-local-H2_E0,False,H2_E0_non_eeg,margin_power0p5_base0p1,fine_power_base_grid,0.5,0.1,0.6438127090301003,0.6365777608634752,0.6438127090301003,0.6442988387274102,598,35,28,0.6187174517025262,0.6169180108912252,0.6441860465116279,28
V2-S,V2M-two_stage_user_local_reranker-v1,protocol_a_rollv2_cv3,1,2026,V2H-local-H2_E0,False,H2_E0_non_eeg,margin_power0p5_base0p15,fine_power_base_grid,0.5,0.15,0.6421404682274248,0.6336015703872846,0.6421404682274248,0.6419178863464579,598,35,28,0.6150571816243458,0.6128788952449666,0.6448455397431447,28
V2-S,V2M-two_stage_user_local_reranker-v1,protocol_a_rollv2_cv3,2,2026,V2H-local-H2_E0,False,H2_E0_non_eeg,v2n_eeg_base_0p05,reference_score_family,1.0,0.05,0.5736301369863014,0.562216255966256,0.5736301369863014,0.5520027657527657,584,30,26,0.5562149395743146,0.5532738095238096,0.5768694346100204,26
V2-S,V2M-two_stage_user_local_reranker-v1,protocol_a_rollv2_cv3,2,2026,V2H-local-H2_E0,False,H2_E0_non_eeg,sqrt_margin_eeg_base0p05,reference_score_family,0.5,0.05,0.5753424657534246,0.5670417545417545,0.5753424657534246,0.5561848645181978,584,30,26,0.5593995761183261,0.5568713693713693,0.5789793655902442,26
V2-S,V2M-two_stage_user_local_reranker-v1,protocol_a_rollv2_cv3,2,2026,V2H-local-H2_E0,False,H2_E0_non_eeg,margin_power0p25_base0p05,reference_score_family,0.25,0.05,0.5873287671232876,0.5857739482739482,0.5873287671232876,0.5745887445887445,584,30,26,0.5741220238095237,0.5729111166611166,0.5846296892321997,26
V2-S,V2M-two_stage_user_local_reranker-v1,protocol_a_rollv2_cv3,2,2026,V2H-local-H2_E0,False,H2_E0_non_eeg,margin_power0p1_base0p0,fine_power_base_grid,0.1,0.0,0.5753424657534246,0.5641215266215267,0.5753424657534246,0.553654000320667,584,30,26,0.5600306637806638,0.5574303011803011,0.5752244036762866,26
V2-S,V2M-two_stage_user_local_reranker-v1,protocol_a_rollv2_cv3,2,2026,V2H-local-H2_E0,False,H2_E0_non_eeg,margin_power0p1_base0p025,fine_power_base_grid,0.1,0.025,0.5993150684931506,0.6022549210049211,0.5993150684931506,0.5894013548180214,584,30,26,0.5864745670995671,0.5859434546934547,0.5871329971748382,26
V2-S,V2M-two_stage_user_local_reranker-v1,protocol_a_rollv2_cv3,2,2026,V2H-local-H2_E0,False,H2_E0_non_eeg,margin_power0p1_base0p05,fine_power_base_grid,0.1,0.05,0.5993150684931506,0.5978720353720354,0.5993150684931506,0.5883144941478274,584,30,26,0.5851104797979798,0.5841704591704592,0.5937131209097737,26
V2-S,V2M-two_stage_user_local_reranker-v1,protocol_a_rollv2_cv3,2,2026,V2H-local-H2_E0,False,H2_E0_non_eeg,margin_power0p1_base0p075,fine_power_base_grid,0.1,0.075,0.6061643835616438,0.6097513597513597,0.6061643835616438,0.606017316017316,584,30,26,0.5931983901515151,0.5929521867021867,0.6013303293638022,26
V2-S,V2M-two_stage_user_local_reranker-v1,protocol_a_rollv2_cv3,2,2026,V2H-local-H2_E0,False,H2_E0_non_eeg,margin_power0p1_base0p1,fine_power_base_grid,0.1,0.1,0.6078767123287672,0.6161158286158286,0.6078767123287672,0.611533189033189,584,30,26,0.5975200667388167,0.5984314296814297,0.6064084683331545,26
V2-S,V2M-two_stage_user_local_reranker-v1,protocol_a_rollv2_cv3,2,2026,V2H-local-H2_E0,False,H2_E0_non_eeg,margin_power0p1_base0p15,fine_power_base_grid,0.1,0.15,0.6078767123287672,0.6183085433085433,0.6078767123287672,0.6134335417668751,584,30,26,0.5979777687590188,0.5986269748769749,0.6153488538425778,26
V2-S,V2M-two_stage_user_local_reranker-v1,protocol_a_rollv2_cv3,2,2026,V2H-local-H2_E0,False,H2_E0_non_eeg,margin_power0p15_base0p0,fine_power_base_grid,0.15,0.0,0.5753424657534246,0.5641215266215267,0.5753424657534246,0.553654000320667,584,30,26,0.5600306637806638,0.5574303011803011,0.5752244036762866,26
V2-S,V2M-two_stage_user_local_reranker-v1,protocol_a_rollv2_cv3,2,2026,V2H-local-H2_E0,False,H2_E0_non_eeg,margin_power0p15_base0p025,fine_power_base_grid,0.15,0.025,0.5873287671232876,0.5864861989861989,0.5873287671232876,0.5757351290684624,584,30,26,0.573861607142857,0.5725549913049913,0.5842005507277473,26
V2-S,V2M-two_stage_user_local_reranker-v1,protocol_a_rollv2_cv3,2,2026,V2H-local-H2_E0,False,H2_E0_non_eeg,margin_power0p15_base0p05,fine_power_base_grid,0.15,0.05,0.5976027397260274,0.5979636104636105,0.5976027397260274,0.5856822190155524,584,30,26,0.5821553706709957,0.5804692992192992,0.5892786896970997,26
V2-S,V2M-two_stage_user_local_reranker-v1,protocol_a_rollv2_cv3,2,2026,V2H-local-H2_E0,False,H2_E0_non_eeg,margin_power0p15_base0p075,fine_power_base_grid,0.15,0.075,0.5976027397260274,0.5962694712694713,0.5976027397260274,0.5869256052589387,584,30,26,0.5836781881313131,0.5825678950678951,0.5934985516575475,26
V2-S,V2M-two_stage_user_local_reranker-v1,protocol_a_rollv2_cv3,2,2026,V2H-local-H2_E0,False,H2_E0_non_eeg,margin_power0p15_base0p1,fine_power_base_grid,0.15,0.1,0.6027397260273972,0.6051217301217301,0.6027397260273972,0.6020049703383036,584,30,26,0.5899629103535353,0.5897794335294335,0.598791259879126,26
V2-S,V2M-two_stage_user_local_reranker-v1,protocol_a_rollv2_cv3,2,2026,V2H-local-H2_E0,False,H2_E0_non_eeg,margin_power0p15_base0p15,fine_power_base_grid,0.15,0.15,0.6078767123287672,0.6161158286158286,0.6078767123287672,0.611533189033189,584,30,26,0.5975200667388167,0.5984314296814297,0.6060866144548153,26
V2-S,V2M-two_stage_user_local_reranker-v1,protocol_a_rollv2_cv3,2,2026,V2H-local-H2_E0,False,H2_E0_non_eeg,margin_power0p2_base0p0,fine_power_base_grid,0.2,0.0,0.5753424657534246,0.5641215266215267,0.5753424657534246,0.553654000320667,584,30,26,0.5600306637806638,0.5574303011803011,0.5752244036762866,26
V2-S,V2M-two_stage_user_local_reranker-v1,protocol_a_rollv2_cv3,2,2026,V2H-local-H2_E0,False,H2_E0_non_eeg,margin_power0p2_base0p025,fine_power_base_grid,0.2,0.025,0.5736301369863014,0.5661336348836349,0.5736301369863014,0.5553978274811607,584,30,26,0.5585278003246754,0.5560777185777186,0.5811965811965812,26
V2-S,V2M-two_stage_user_local_reranker-v1,protocol_a_rollv2_cv3,2,2026,V2H-local-H2_E0,False,H2_E0_non_eeg,margin_power0p2_base0p05,fine_power_base_grid,0.2,0.05,0.5976027397260274,0.6007413882413883,0.5976027397260274,0.5875605258938592,584,30,26,0.584769457972583,0.5845443907943908,0.5867396202124235,26
V2-S,V2M-two_stage_user_local_reranker-v1,protocol_a_rollv2_cv3,2,2026,V2H-local-H2_E0,False,H2_E0_non_eeg,margin_power0p2_base0p075,fine_power_base_grid,0.2,0.075,0.601027397260274,0.600990675990676,0.601027397260274,0.5883056758056758,584,30,26,0.5861050234487734,0.5845647408147407,0.590065443621929,26
V2-S,V2M-two_stage_user_local_reranker-v1,protocol_a_rollv2_cv3,2,2026,V2H-local-H2_E0,False,H2_E0_non_eeg,margin_power0p2_base0p1,fine_power_base_grid,0.2,0.1,0.5958904109589042,0.5948449698449699,0.5958904109589042,0.585691037357704,584,30,26,0.5822892992424242,0.5811433936433936,0.5936773593677359,26
V2-S,V2M-two_stage_user_local_reranker-v1,protocol_a_rollv2_cv3,2,2026,V2H-local-H2_E0,False,H2_E0_non_eeg,margin_power0p2_base0p15,fine_power_base_grid,0.2,0.15,0.6078767123287672,0.6152458652458652,0.6078767123287672,0.6107792207792208,584,30,26,0.5966358901515151,0.5967983405483406,0.6008296677752746,26
V2-S,V2M-two_stage_user_local_reranker-v1,protocol_a_rollv2_cv3,2,2026,V2H-local-H2_E0,False,H2_E0_non_eeg,margin_power0p25_base0p0,fine_power_base_grid,0.25,0.0,0.5753424657534246,0.5641215266215267,0.5753424657534246,0.553654000320667,584,30,26,0.5600306637806638,0.5574303011803011,0.5752244036762866,26
V2-S,V2M-two_stage_user_local_reranker-v1,protocol_a_rollv2_cv3,2,2026,V2H-local-H2_E0,False,H2_E0_non_eeg,margin_power0p25_base0p025,fine_power_base_grid,0.25,0.025,0.577054794520548,0.5683238058238058,0.577054794520548,0.557295975629309,584,30,26,0.5615907963564214,0.5588402338402338,0.579944927225262,26
V2-S,V2M-two_stage_user_local_reranker-v1,protocol_a_rollv2_cv3,2,2026,V2H-local-H2_E0,False,H2_E0_non_eeg,margin_power0p25_base0p05,fine_power_base_grid,0.25,0.05,0.5873287671232876,0.5857739482739482,0.5873287671232876,0.5745887445887445,584,30,26,0.5741220238095237,0.5729111166611166,0.5846296892321997,26
V2-S,V2M-two_stage_user_local_reranker-v1,protocol_a_rollv2_cv3,2,2026,V2H-local-H2_E0,False,H2_E0_non_eeg,margin_power0p25_base0p075,fine_power_base_grid,0.25,0.075,0.5993150684931506,0.6000113312613313,0.5993150684931506,0.5874569103735771,584,30,26,0.5840960948773449,0.582631488881489,0.588313128062082,26
V2-S,V2M-two_stage_user_local_reranker-v1,protocol_a_rollv2_cv3,2,2026,V2H-local-H2_E0,False,H2_E0_non_eeg,margin_power0p25_base0p1,fine_power_base_grid,0.25,0.1,0.6027397260273972,0.6024151774151775,0.6027397260273972,0.5895402437069104,584,30,26,0.5874939123376623,0.5859892422392422,0.5904945821263813,26
V2-S,V2M-two_stage_user_local_reranker-v1,protocol_a_rollv2_cv3,2,2026,V2H-local-H2_E0,False,H2_E0_non_eeg,margin_power0p25_base0p15,fine_power_base_grid,0.25,0.15,0.6027397260273972,0.6008482258482258,0.6027397260273972,0.5908938592271925,584,30,26,0.5880618686868686,0.5868413993413993,0.5960733826842614,26
V2-S,V2M-two_stage_user_local_reranker-v1,protocol_a_rollv2_cv3,2,2026,V2H-local-H2_E0,False,H2_E0_non_eeg,margin_power0p3_base0p0,fine_power_base_grid,0.3,0.0,0.5753424657534246,0.5641215266215267,0.5753424657534246,0.553654000320667,584,30,26,0.5600306637806638,0.5574303011803011,0.5752244036762866,26
V2-S,V2M-two_stage_user_local_reranker-v1,protocol_a_rollv2_cv3,2,2026,V2H-local-H2_E0,False,H2_E0_non_eeg,margin_power0p3_base0p025,fine_power_base_grid,0.3,0.025,0.577054794520548,0.5683238058238058,0.577054794520548,0.557295975629309,584,30,26,0.5607537427849928,0.5581534206534206,0.5790508886743196,26
V2-S,V2M-two_stage_user_local_reranker-v1,protocol_a_rollv2_cv3,2,2026,V2H-local-H2_E0,False,H2_E0_non_eeg,margin_power0p3_base0p05,fine_power_base_grid,0.3,0.05,0.5804794520547946,0.5739683927183927,0.5804794520547946,0.5623863636363636,584,30,26,0.5646799467893218,0.5618145743145744,0.5835210814290313,26
V2-S,V2M-two_stage_user_local_reranker-v1,protocol_a_rollv2_cv3,2,2026,V2H-local-H2_E0,False,H2_E0_non_eeg,margin_power0p3_base0p075,fine_power_base_grid,0.3,0.075,0.5941780821917808,0.5970376845376845,0.5941780821917808,0.5843506493506493,584,30,26,0.5825595238095238,0.5825265012765013,0.5861316739977829,26
V2-S,V2M-two_stage_user_local_reranker-v1,protocol_a_rollv2_cv3,2,2026,V2H-local-H2_E0,False,H2_E0_non_eeg,margin_power0p3_base0p1,fine_power_base_grid,0.3,0.1,0.601027397260274,0.6009728697228697,0.601027397260274,0.5882902437069103,584,30,26,0.5851898448773449,0.5835930273430274,0.589135643528949,26
V2-S,V2M-two_stage_user_local_reranker-v1,protocol_a_rollv2_cv3,2,2026,V2H-local-H2_E0,False,H2_E0_non_eeg,margin_power0p3_base0p15,fine_power_base_grid,0.3,0.15,0.5976027397260274,0.5962185962185962,0.5976027397260274,0.5868815135481802,584,30,26,0.5840564123376623,0.58251702001702,0.5929263669849444,26
V2-S,V2M-two_stage_user_local_reranker-v1,protocol_a_rollv2_cv3,2,2026,V2H-local-H2_E0,False,H2_E0_non_eeg,margin_power0p35_base0p0,fine_power_base_grid,0.35,0.0,0.5753424657534246,0.5641215266215267,0.5753424657534246,0.553654000320667,584,30,26,0.5600306637806638,0.5574303011803011,0.5752244036762866,26
V2-S,V2M-two_stage_user_local_reranker-v1,protocol_a_rollv2_cv3,2,2026,V2H-local-H2_E0,False,H2_E0_non_eeg,margin_power0p35_base0p025,fine_power_base_grid,0.35,0.025,0.5787671232876712,0.5694456006956007,0.5787671232876712,0.5582681978515311,584,30,26,0.5616689213564213,0.5591607466607467,0.5784787040017165,26
V2-S,V2M-two_stage_user_local_reranker-v1,protocol_a_rollv2_cv3,2,2026,V2H-local-H2_E0,False,H2_E0_non_eeg,margin_power0p35_base0p05,fine_power_base_grid,0.35,0.05,0.5787671232876712,0.5706208143708144,0.5787671232876712,0.5594851290684625,584,30,26,0.5636356872294372,0.5606106856106856,0.5817330043271467,26
V2-S,V2M-two_stage_user_local_reranker-v1,protocol_a_rollv2_cv3,2,2026,V2H-local-H2_E0,False,H2_E0_non_eeg,margin_power0p35_base0p075,fine_power_base_grid,0.35,0.075,0.589041095890411,0.5912684537684538,0.589041095890411,0.5793506493506494,584,30,26,0.5775595238095238,0.5767572705072704,0.5845224046060866,26
V2-S,V2M-two_stage_user_local_reranker-v1,protocol_a_rollv2_cv3,2,2026,V2H-local-H2_E0,False,H2_E0_non_eeg,margin_power0p35_base0p1,fine_power_base_grid,0.35,0.1,0.5993150684931506,0.603519166019166,0.5993150684931506,0.5904970338303672,584,30,26,0.5866717397186147,0.5864827302327302,0.5872045202589136,26
V2-S,V2M-two_stage_user_local_reranker-v1,protocol_a_rollv2_cv3,2,2026,V2H-local-H2_E0,False,H2_E0_non_eeg,margin_power0p35_base0p15,fine_power_base_grid,0.35,0.15,0.601027397260274,0.600990675990676,0.601027397260274,0.5883056758056758,584,30,26,0.5871987734487735,0.5855262792762793,0.5908879590887959,26
V2-S,V2M-two_stage_user_local_reranker-v1,protocol_a_rollv2_cv3,2,2026,V2H-local-H2_E0,False,H2_E0_non_eeg,margin_power0p4_base0p0,fine_power_base_grid,0.4,0.0,0.5753424657534246,0.5641215266215267,0.5753424657534246,0.553654000320667,584,30,26,0.5600306637806638,0.5574303011803011,0.5752244036762866,26
V2-S,V2M-two_stage_user_local_reranker-v1,protocol_a_rollv2_cv3,2,2026,V2H-local-H2_E0,False,H2_E0_non_eeg,margin_power0p4_base0p025,fine_power_base_grid,0.4,0.025,0.5753424657534246,0.567202010952011,0.5753424657534246,0.5563237534070867,584,30,26,0.5592210046897547,0.5569171569171568,0.5780495654972643,26
V2-S,V2M-two_stage_user_local_reranker-v1,protocol_a_rollv2_cv3,2,2026,V2H-local-H2_E0,False,H2_E0_non_eeg,margin_power0p4_base0p05,fine_power_base_grid,0.4,0.05,0.577054794520548,0.5688579938579938,0.577054794520548,0.5579573512906847,584,30,26,0.5615560741341992,0.5587333962333962,0.5804455888137896,26
V2-S,V2M-two_stage_user_local_reranker-v1,protocol_a_rollv2_cv3,2,2026,V2H-local-H2_E0,False,H2_E0_non_eeg,margin_power0p4_base0p075,fine_power_base_grid,0.4,0.075,0.583904109589041,0.5773159710659711,0.583904109589041,0.5677875982042649,584,30,26,0.5669802940115439,0.5640403577903579,0.583664127597182,26
V2-S,V2M-two_stage_user_local_reranker-v1,protocol_a_rollv2_cv3,2,2026,V2H-local-H2_E0,False,H2_E0_non_eeg,margin_power0p4_base0p1,fine_power_base_grid,0.4,0.1,0.5907534246575342,0.5922299922299922,0.5907534246575342,0.5801839826839826,584,30,26,0.5786532738095238,0.577718808968809,0.5857740585774058,26
V2-S,V2M-two_stage_user_local_reranker-v1,protocol_a_rollv2_cv3,2,2026,V2H-local-H2_E0,False,H2_E0_non_eeg,margin_power0p4_base0p15,fine_power_base_grid,0.4,0.15,0.601027397260274,0.6009728697228697,0.601027397260274,0.5882902437069103,584,30,26,0.5851898448773449,0.5835930273430274,0.5899581589958159,26
V2-S,V2M-two_stage_user_local_reranker-v1,protocol_a_rollv2_cv3,2,2026,V2H-local-H2_E0,False,H2_E0_non_eeg,margin_power0p5_base0p0,fine_power_base_grid,0.5,0.0,0.5753424657534246,0.5641215266215267,0.5753424657534246,0.553654000320667,584,30,26,0.5600306637806638,0.5574303011803011,0.5752244036762866,26
V2-S,V2M-two_stage_user_local_reranker-v1,protocol_a_rollv2_cv3,2,2026,V2H-local-H2_E0,False,H2_E0_non_eeg,margin_power0p5_base0p025,fine_power_base_grid,0.5,0.025,0.5753424657534246,0.5670239482739483,0.5753424657534246,0.5561694324194324,584,30,26,0.559177601911977,0.5567390942390942,0.5774773808246612,26
V2-S,V2M-two_stage_user_local_reranker-v1,protocol_a_rollv2_cv3,2,2026,V2H-local-H2_E0,False,H2_E0_non_eeg,margin_power0p5_base0p05,fine_power_base_grid,0.5,0.05,0.5753424657534246,0.5670417545417545,0.5753424657534246,0.5561848645181978,584,30,26,0.5593995761183261,0.5568713693713693,0.5789793655902442,26
V2-S,V2M-two_stage_user_local_reranker-v1,protocol_a_rollv2_cv3,2,2026,V2H-local-H2_E0,False,H2_E0_non_eeg,margin_power0p5_base0p075,fine_power_base_grid,0.5,0.075,0.5804794520547946,0.5714220964220964,0.5804794520547946,0.5601795735129068,584,30,26,0.5644727408008656,0.5612974987974988,0.5818760504952973,26
V2-S,V2M-two_stage_user_local_reranker-v1,protocol_a_rollv2_cv3,2,2026,V2H-local-H2_E0,False,H2_E0_non_eeg,margin_power0p5_base0p1,fine_power_base_grid,0.5,0.1,0.5856164383561644,0.5828104765604766,0.5856164383561644,0.5725495029661697,584,30,26,0.5704177940115439,0.5678865116365117,0.5835568429710689,26
V2-S,V2M-two_stage_user_local_reranker-v1,protocol_a_rollv2_cv3,2,2026,V2H-local-H2_E0,False,H2_E0_non_eeg,margin_power0p5_base0p15,fine_power_base_grid,0.5,0.15,0.5924657534246576,0.5931915306915307,0.5924657534246576,0.5810173160173161,584,30,26,0.5797470238095237,0.5786803474303475,0.5872402818009512,26
V2-S,V2M-two_stage_user_local_reranker-v1,protocol_a_rollv2_cv3,3,2026,V2H-local-H2_E0,False,H2_E0_non_eeg,v2n_eeg_base_0p05,reference_score_family,1.0,0.05,0.6019417475728155,0.6451868460403355,0.6019417475728155,0.6272468239432525,618,28,24,0.6304789227866151,0.6410218677927011,0.6147000659195782,24
V2-S,V2M-two_stage_user_local_reranker-v1,protocol_a_rollv2_cv3,3,2026,V2H-local-H2_E0,False,H2_E0_non_eeg,sqrt_margin_eeg_base0p05,reference_score_family,0.5,0.05,0.6132686084142395,0.6694362516711587,0.6132686084142395,0.6491712454212454,618,28,24,0.6415097722790031,0.6626265940849274,0.6173368490441661,24
V2-S,V2M-two_stage_user_local_reranker-v1,protocol_a_rollv2_cv3,3,2026,V2H-local-H2_E0,False,H2_E0_non_eeg,margin_power0p25_base0p05,reference_score_family,0.25,0.05,0.6229773462783171,0.6756747487978139,0.6229773462783171,0.6541977863406435,618,28,24,0.6448523892579837,0.6652391281557949,0.6233794770380137,24
V2-S,V2M-two_stage_user_local_reranker-v1,protocol_a_rollv2_cv3,3,2026,V2H-local-H2_E0,False,H2_E0_non_eeg,margin_power0p1_base0p0,fine_power_base_grid,0.1,0.0,0.5970873786407767,0.6385796665685727,0.5970873786407767,0.6217429660286803,618,28,24,0.6229670775999447,0.6338842099258765,0.6125027466490882,24
V2-S,V2M-two_stage_user_local_reranker-v1,protocol_a_rollv2_cv3,3,2026,V2H-local-H2_E0,False,H2_E0_non_eeg,margin_power0p1_base0p025,fine_power_base_grid,0.1,0.025,0.6294498381877023,0.6799402882250857,0.6294498381877023,0.6579033796890942,618,28,24,0.6474053918109863,0.6674051334468002,0.6275543836519446,24
V2-S,V2M-two_stage_user_local_reranker-v1,protocol_a_rollv2_cv3,3,2026,V2H-local-H2_E0,False,H2_E0_non_eeg,margin_power0p1_base0p05,fine_power_base_grid,0.1,0.05,0.6440129449838188,0.6918944241185275,0.6440129449838188,0.6667392395963825,618,28,24,0.6652417609585441,0.6841482707107707,0.6403354574086281,24
V2-S,V2M-two_stage_user_local_reranker-v1,protocol_a_rollv2_cv3,3,2026,V2H-local-H2_E0,False,H2_E0_non_eeg,margin_power0p1_base0p075,fine_power_base_grid,0.1,0.075,0.6456310679611651,0.6853910473329655,0.6456310679611651,0.6683659330087901,618,28,24,0.6616673439225887,0.6772139588806256,0.6501501501501502,24
V2-S,V2M-two_stage_user_local_reranker-v1,protocol_a_rollv2_cv3,3,2026,V2H-local-H2_E0,False,H2_E0_non_eeg,margin_power0p1_base0p1,fine_power_base_grid,0.1,0.1,0.6407766990291263,0.6809707241133003,0.6407766990291263,0.6639374646517503,618,28,24,0.6548226734415545,0.6712206928873595,0.6579140115725481,24
V2-S,V2M-two_stage_user_local_reranker-v1,protocol_a_rollv2_cv3,3,2026,V2H-local-H2_E0,False,H2_E0_non_eeg,margin_power0p1_base0p15,fine_power_base_grid,0.1,0.15,0.6407766990291263,0.6807245080364921,0.6407766990291263,0.6639902888117175,618,28,24,0.6548863723688899,0.6711605177230178,0.6691203398520472,24
V2-S,V2M-two_stage_user_local_reranker-v1,protocol_a_rollv2_cv3,3,2026,V2H-local-H2_E0,False,H2_E0_non_eeg,margin_power0p15_base0p0,fine_power_base_grid,0.15,0.0,0.5970873786407767,0.6385796665685727,0.5970873786407767,0.6217429660286803,618,28,24,0.6229670775999447,0.6338842099258765,0.6125027466490882,24
V2-S,V2M-two_stage_user_local_reranker-v1,protocol_a_rollv2_cv3,3,2026,V2H-local-H2_E0,False,H2_E0_non_eeg,margin_power0p15_base0p025,fine_power_base_grid,0.15,0.025,0.6213592233009708,0.6746330821311471,0.6213592233009708,0.6533049291977865,618,28,24,0.645736227641822,0.6660107330940664,0.6223174393906101,24
V2-S,V2M-two_stage_user_local_reranker-v1,protocol_a_rollv2_cv3,3,2026,V2H-local-H2_E0,False,H2_E0_non_eeg,margin_power0p15_base0p05,fine_power_base_grid,0.15,0.05,0.6343042071197411,0.6812571449340993,0.6343042071197411,0.6581567638710497,618,28,24,0.6506093847877066,0.6701313038813038,0.6320588881564491,24
V2-S,V2M-two_stage_user_local_reranker-v1,protocol_a_rollv2_cv3,3,2026,V2H-local-H2_E0,False,H2_E0_non_eeg,margin_power0p15_base0p075,fine_power_base_grid,0.15,0.075,0.63915857605178,0.6870581145947181,0.63915857605178,0.6625938314331171,618,28,24,0.6618326700494532,0.6805024373774374,0.6396762616274811,24
V2-S,V2M-two_stage_user_local_reranker-v1,protocol_a_rollv2_cv3,3,2026,V2H-local-H2_E0,False,H2_E0_non_eeg,margin_power0p15_base0p1,fine_power_base_grid,0.15,0.1,0.6504854368932039,0.6976345211113658,0.6504854368932039,0.6719231892446178,618,28,24,0.6715116662669111,0.6890250259000258,0.6465611953416832,24
V2-S,V2M-two_stage_user_local_reranker-v1,protocol_a_rollv2_cv3,3,2026,V2H-local-H2_E0,False,H2_E0_non_eeg,margin_power0p15_base0p15,fine_power_base_grid,0.15,0.15,0.63915857605178,0.6798133167058928,0.63915857605178,0.6629454011596867,618,28,24,0.6536571722760534,0.6700632854799521,0.6576576576576576,24
V2-S,V2M-two_stage_user_local_reranker-v1,protocol_a_rollv2_cv3,3,2026,V2H-local-H2_E0,False,H2_E0_non_eeg,margin_power0p2_base0p0,fine_power_base_grid,0.2,0.0,0.5970873786407767,0.6385796665685727,0.5970873786407767,0.6217429660286803,618,28,24,0.6229670775999447,0.6338842099258765,0.6125027466490882,24
V2-S,V2M-two_stage_user_local_reranker-v1,protocol_a_rollv2_cv3,3,2026,V2H-local-H2_E0,False,H2_E0_non_eeg,margin_power0p2_base0p025,fine_power_base_grid,0.2,0.025,0.6197411003236246,0.6746000133480784,0.6197411003236246,0.6537017545946118,618,28,24,0.6460955905011849,0.6666665972915973,0.6200834981322787,24
V2-S,V2M-two_stage_user_local_reranker-v1,protocol_a_rollv2_cv3,3,2026,V2H-local-H2_E0,False,H2_E0_non_eeg,margin_power0p2_base0p05,fine_power_base_grid,0.2,0.05,0.6262135922330098,0.6765017149400213,0.6262135922330098,0.6548516034230322,618,28,24,0.6462301781357725,0.6662091457924791,0.6264923460045411,24
V2-S,V2M-two_stage_user_local_reranker-v1,protocol_a_rollv2_cv3,3,2026,V2H-local-H2_E0,False,H2_E0_non_eeg,margin_power0p2_base0p075,fine_power_base_grid,0.2,0.075,0.6359223300970874,0.6834793671563215,0.6359223300970874,0.6600615257758117,618,28,24,0.6536785378568595,0.6731251310417977,0.6334139017065847,24
V2-S,V2M-two_stage_user_local_reranker-v1,protocol_a_rollv2_cv3,3,2026,V2H-local-H2_E0,False,H2_E0_non_eeg,margin_power0p2_base0p1,fine_power_base_grid,0.2,0.1,0.6343042071197411,0.6813350395459851,0.6343042071197411,0.6575839107981966,618,28,24,0.6571859279027111,0.6754842495467496,0.6392367977733829,24
V2-S,V2M-two_stage_user_local_reranker-v1,protocol_a_rollv2_cv3,3,2026,V2H-local-H2_E0,False,H2_E0_non_eeg,margin_power0p2_base0p15,fine_power_base_grid,0.2,0.15,0.6488673139158576,0.6909714044758225,0.6488673139158576,0.6731490962740964,618,28,24,0.6660379732932181,0.682422292213959,0.6490148685270637,24
V2-S,V2M-two_stage_user_local_reranker-v1,protocol_a_rollv2_cv3,3,2026,V2H-local-H2_E0,False,H2_E0_non_eeg,margin_power0p25_base0p0,fine_power_base_grid,0.25,0.0,0.5970873786407767,0.6385796665685727,0.5970873786407767,0.6217429660286803,618,28,24,0.6229670775999447,0.6338842099258765,0.6125027466490882,24
V2-S,V2M-two_stage_user_local_reranker-v1,protocol_a_rollv2_cv3,3,2026,V2H-local-H2_E0,False,H2_E0_non_eeg,margin_power0p25_base0p025,fine_power_base_grid,0.25,0.025,0.616504854368932,0.6724625674606325,0.616504854368932,0.6518696581196581,618,28,24,0.6449036006728314,0.6657196275946275,0.6182157767523621,24
V2-S,V2M-two_stage_user_local_reranker-v1,protocol_a_rollv2_cv3,3,2026,V2H-local-H2_E0,False,H2_E0_non_eeg,margin_power0p25_base0p05,fine_power_base_grid,0.25,0.05,0.6229773462783171,0.6756747487978139,0.6229773462783171,0.6541977863406435,618,28,24,0.6448523892579837,0.6652391281557949,0.6233794770380137,24
V2-S,V2M-two_stage_user_local_reranker-v1,protocol_a_rollv2_cv3,3,2026,V2H-local-H2_E0,False,H2_E0_non_eeg,margin_power0p25_base0p075,fine_power_base_grid,0.25,0.075,0.6310679611650486,0.6800605383453359,0.6310679611650486,0.658006451220737,618,28,24,0.6478342558762139,0.6675253835670502,0.6292756170804951,24
V2-S,V2M-two_stage_user_local_reranker-v1,protocol_a_rollv2_cv3,3,2026,V2H-local-H2_E0,False,H2_E0_non_eeg,margin_power0p25_base0p1,fine_power_base_grid,0.25,0.1,0.6343042071197411,0.6805031766801309,0.6343042071197411,0.6575105053676483,618,28,24,0.6514932231715448,0.6705209643751311,0.6338533655606827,24
V2-S,V2M-two_stage_user_local_reranker-v1,protocol_a_rollv2_cv3,3,2026,V2H-local-H2_E0,False,H2_E0_non_eeg,margin_power0p25_base0p15,fine_power_base_grid,0.25,0.15,0.6440129449838188,0.6912318535628649,0.6440129449838188,0.6664351884887599,618,28,24,0.6654468977021425,0.6826223583515251,0.6432652164359481,24
V2-S,V2M-two_stage_user_local_reranker-v1,protocol_a_rollv2_cv3,3,2026,V2H-local-H2_E0,False,H2_E0_non_eeg,margin_power0p3_base0p0,fine_power_base_grid,0.3,0.0,0.5970873786407767,0.6385796665685727,0.5970873786407767,0.6217429660286803,618,28,24,0.6229670775999447,0.6338842099258765,0.6125027466490882,24
V2-S,V2M-two_stage_user_local_reranker-v1,protocol_a_rollv2_cv3,3,2026,V2H-local-H2_E0,False,H2_E0_non_eeg,margin_power0p3_base0p025,fine_power_base_grid,0.3,0.025,0.6132686084142395,0.6694362516711587,0.6132686084142395,0.6491712454212454,618,28,24,0.6415097722790031,0.6626265940849274,0.6170072511535927,24
V2-S,V2M-two_stage_user_local_reranker-v1,protocol_a_rollv2_cv3,3,2026,V2H-local-H2_E0,False,H2_E0_non_eeg,margin_power0p3_base0p05,fine_power_base_grid,0.3,0.05,0.6197411003236246,0.673297930014745,0.6197411003236246,0.652001074322503,618,28,24,0.6432789626845572,0.6639659800076466,0.6215117556580971,24
V2-S,V2M-two_stage_user_local_reranker-v1,protocol_a_rollv2_cv3,3,2026,V2H-local-H2_E0,False,H2_E0_non_eeg,margin_power0p3_base0p075,fine_power_base_grid,0.3,0.075,0.6262135922330098,0.6765017149400213,0.6262135922330098,0.6548516034230322,618,28,24,0.6462301781357725,0.6662091457924791,0.6257965282355527,24
V2-S,V2M-two_stage_user_local_reranker-v1,protocol_a_rollv2_cv3,3,2026,V2H-local-H2_E0,False,H2_E0_non_eeg,margin_power0p3_base0p1,fine_power_base_grid,0.3,0.1,0.6359223300970874,0.6855153053132607,0.6359223300970874,0.6627863935006794,618,28,24,0.6510214726997944,0.6708863744280412,0.6304841426792647,24
V2-S,V2M-two_stage_user_local_reranker-v1,protocol_a_rollv2_cv3,3,2026,V2H-local-H2_E0,False,H2_E0_non_eeg,margin_power0p3_base0p15,fine_power_base_grid,0.3,0.15,0.6359223300970874,0.6833429660330782,0.6359223300970874,0.6600490382633241,618,28,24,0.6572027040558509,0.6752352315893982,0.6379916501867722,24
V2-S,V2M-two_stage_user_local_reranker-v1,protocol_a_rollv2_cv3,3,2026,V2H-local-H2_E0,False,H2_E0_non_eeg,margin_power0p35_base0p0,fine_power_base_grid,0.35,0.0,0.5970873786407767,0.6385796665685727,0.5970873786407767,0.6217429660286803,618,28,24,0.6229670775999447,0.6338842099258765,0.6125027466490882,24
V2-S,V2M-two_stage_user_local_reranker-v1,protocol_a_rollv2_cv3,3,2026,V2H-local-H2_E0,False,H2_E0_non_eeg,margin_power0p35_base0p025,fine_power_base_grid,0.35,0.025,0.6116504854368932,0.667121436856344,0.6116504854368932,0.6471871184371184,618,28,24,0.6397615205307513,0.6603117792701126,0.6164945433238115,24
V2-S,V2M-two_stage_user_local_reranker-v1,protocol_a_rollv2_cv3,3,2026,V2H-local-H2_E0,False,H2_E0_non_eeg,margin_power0p35_base0p05,fine_power_base_grid,0.35,0.05,0.6197411003236246,0.6746000133480784,0.6197411003236246,0.6537017545946118,618,28,24,0.6449592268648213,0.6656249306249306,0.6203764740350106,24
V2-S,V2M-two_stage_user_local_reranker-v1,protocol_a_rollv2_cv3,3,2026,V2H-local-H2_E0,False,H2_E0_non_eeg,margin_power0p35_base0p075,fine_power_base_grid,0.35,0.075,0.6262135922330098,0.6788295107025757,0.6262135922330098,0.6569018679732965,618,28,24,0.6475080669136613,0.668116112282779,0.6235625869772211,24
V2-S,V2M-two_stage_user_local_reranker-v1,protocol_a_rollv2_cv3,3,2026,V2H-local-H2_E0,False,H2_E0_non_eeg,margin_power0p35_base0p1,fine_power_base_grid,0.35,0.1,0.6294498381877023,0.6802379072727048,0.6294498381877023,0.6581584817299104,618,28,24,0.6491578060634005,0.6692404509071176,0.6275910056397861,24
V2-S,V2M-two_stage_user_local_reranker-v1,protocol_a_rollv2_cv3,3,2026,V2H-local-H2_E0,False,H2_E0_non_eeg,margin_power0p35_base0p15,fine_power_base_grid,0.35,0.15,0.6343042071197411,0.6792300285319829,0.6343042071197411,0.6564192355263784,618,28,24,0.6505802472585689,0.6692478162269829,0.6341097194755732,24
V2-S,V2M-two_stage_user_local_reranker-v1,protocol_a_rollv2_cv3,3,2026,V2H-local-H2_E0,False,H2_E0_non_eeg,margin_power0p4_base0p0,fine_power_base_grid,0.4,0.0,0.5970873786407767,0.6385796665685727,0.5970873786407767,0.6217429660286803,618,28,24,0.6229670775999447,0.6338842099258765,0.6125027466490882,24
V2-S,V2M-two_stage_user_local_reranker-v1,protocol_a_rollv2_cv3,3,2026,V2H-local-H2_E0,False,H2_E0_non_eeg,margin_power0p4_base0p025,fine_power_base_grid,0.4,0.025,0.6051779935275081,0.6598382805382612,0.6051779935275081,0.6399096241060527,618,28,24,0.6343807901500209,0.6549684150725817,0.6159085915183475,24
V2-S,V2M-two_stage_user_local_reranker-v1,protocol_a_rollv2_cv3,3,2026,V2H-local-H2_E0,False,H2_E0_non_eeg,margin_power0p4_base0p05,fine_power_base_grid,0.4,0.05,0.6181229773462783,0.6736530436511087,0.6181229773462783,0.6528900662829235,618,28,24,0.6449036006728315,0.6657196275946275,0.6193510583754487,24
V2-S,V2M-two_stage_user_local_reranker-v1,protocol_a_rollv2_cv3,3,2026,V2H-local-H2_E0,False,H2_E0_non_eeg,margin_power0p4_base0p075,fine_power_base_grid,0.4,0.075,0.6229773462783171,0.675827691919507,0.6229773462783171,0.6541694416694418,618,28,24,0.6458763652819598,0.6664957419124086,0.6222075734270855,24
V2-S,V2M-two_stage_user_local_reranker-v1,protocol_a_rollv2_cv3,3,2026,V2H-local-H2_E0,False,H2_E0_non_eeg,margin_power0p4_base0p1,fine_power_base_grid,0.4,0.1,0.6262135922330098,0.6762605883968114,0.6262135922330098,0.6548043623043623,618,28,24,0.6442738011793956,0.6639494456161124,0.6251739544422472,24
V2-S,V2M-two_stage_user_local_reranker-v1,protocol_a_rollv2_cv3,3,2026,V2H-local-H2_E0,False,H2_E0_non_eeg,margin_power0p4_base0p15,fine_power_base_grid,0.4,0.15,0.6359223300970874,0.6848655327336636,0.6359223300970874,0.6621250178393037,618,28,24,0.6512018478801695,0.6709414890664891,0.6312532044239362,24
V2-S,V2M-two_stage_user_local_reranker-v1,protocol_a_rollv2_cv3,3,2026,V2H-local-H2_E0,False,H2_E0_non_eeg,margin_power0p5_base0p0,fine_power_base_grid,0.5,0.0,0.5970873786407767,0.6385796665685727,0.5970873786407767,0.6217429660286803,618,28,24,0.6229670775999447,0.6338842099258765,0.6125027466490882,24
V2-S,V2M-two_stage_user_local_reranker-v1,protocol_a_rollv2_cv3,3,2026,V2H-local-H2_E0,False,H2_E0_non_eeg,margin_power0p5_base0p025,fine_power_base_grid,0.5,0.025,0.6051779935275081,0.6615001988668462,0.6051779935275081,0.6413341255305541,618,28,24,0.6365922538999461,0.6566303334011667,0.6150296638101517,24
V2-S,V2M-two_stage_user_local_reranker-v1,protocol_a_rollv2_cv3,3,2026,V2H-local-H2_E0,False,H2_E0_non_eeg,margin_power0p5_base0p05,fine_power_base_grid,0.5,0.05,0.6132686084142395,0.6694362516711587,0.6132686084142395,0.6491712454212454,618,28,24,0.6415097722790031,0.6626265940849274,0.6173368490441661,24
V2-S,V2M-two_stage_user_local_reranker-v1,protocol_a_rollv2_cv3,3,2026,V2H-local-H2_E0,False,H2_E0_non_eeg,margin_power0p5_base0p075,fine_power_base_grid,0.5,0.075,0.6213592233009708,0.6761828055558706,0.6213592233009708,0.6550584336298623,618,28,24,0.6475010032702341,0.6682493894993895,0.6203764740350106,24
V2-S,V2M-two_stage_user_local_reranker-v1,protocol_a_rollv2_cv3,3,2026,V2H-local-H2_E0,False,H2_E0_non_eeg,margin_power0p5_base0p1,fine_power_base_grid,0.5,0.1,0.6245954692556634,0.6774943585861736,0.6245954692556634,0.6555980130980131,618,28,24,0.647158416564011,0.6678846308012975,0.6223174393906101,24
V2-S,V2M-two_stage_user_local_reranker-v1,protocol_a_rollv2_cv3,3,2026,V2H-local-H2_E0,False,H2_E0_non_eeg,margin_power0p5_base0p15,fine_power_base_grid,0.5,0.15,0.6262135922330098,0.6765017149400213,0.6262135922330098,0.6548516034230322,618,28,24,0.6462301781357725,0.6662091457924791,0.6272247857613711,24
V2-S,V2M-two_stage_user_local_reranker-v1,protocol_a_rollv2_cv3,1,2027,V2H-local-H2_E0,False,H2_E0_non_eeg,v2n_eeg_base_0p05,reference_score_family,1.0,0.05,0.6555183946488294,0.6511142164713591,0.6555183946488294,0.6626435099292243,598,35,28,0.6271149662940707,0.6278162148697863,0.623741756334606,28
V2-S,V2M-two_stage_user_local_reranker-v1,protocol_a_rollv2_cv3,1,2027,V2H-local-H2_E0,False,H2_E0_non_eeg,sqrt_margin_eeg_base0p05,reference_score_family,0.5,0.05,0.6521739130434783,0.6444673910745339,0.6521739130434783,0.6573260496117639,598,35,28,0.6222026232473993,0.6215945595409881,0.6233252342936481,28
V2-S,V2M-two_stage_user_local_reranker-v1,protocol_a_rollv2_cv3,1,2027,V2H-local-H2_E0,False,H2_E0_non_eeg,margin_power0p25_base0p05,reference_score_family,0.25,0.05,0.6538461538461539,0.6385362686255542,0.6538461538461539,0.6519859135573421,598,35,28,0.6200171221813012,0.6186608860716003,0.6254078444984381,28
V2-S,V2M-two_stage_user_local_reranker-v1,protocol_a_rollv2_cv3,1,2027,V2H-local-H2_E0,False,H2_E0_non_eeg,margin_power0p1_base0p0,fine_power_base_grid,0.1,0.0,0.6555183946488294,0.6477837176051462,0.6555183946488294,0.6564076822648252,598,35,28,0.6287520191251535,0.6290095255273828,0.6229781325928497,28
V2-S,V2M-two_stage_user_local_reranker-v1,protocol_a_rollv2_cv3,1,2027,V2H-local-H2_E0,False,H2_E0_non_eeg,margin_power0p1_base0p025,fine_power_base_grid,0.1,0.025,0.6471571906354515,0.6298061098953955,0.6471571906354515,0.645001786573215,598,35,28,0.605975425900799,0.6014273259808974,0.6255466851787573,28
V2-S,V2M-two_stage_user_local_reranker-v1,protocol_a_rollv2_cv3,1,2027,V2H-local-H2_E0,False,H2_E0_non_eeg,margin_power0p1_base0p05,fine_power_base_grid,0.1,0.05,0.6421404682274248,0.6239326216111929,0.6421404682274248,0.6278029959458531,598,35,28,0.5987222976028946,0.5930366376348519,0.6281846581048247,28
V2-S,V2M-two_stage_user_local_reranker-v1,protocol_a_rollv2_cv3,1,2027,V2H-local-H2_E0,False,H2_E0_non_eeg,margin_power0p1_base0p075,fine_power_base_grid,0.1,0.075,0.6438127090301003,0.6362342089127803,0.6438127090301003,0.6305014086442657,598,35,28,0.6034167905063428,0.5972424714835428,0.6292953835473794,28
V2-S,V2M-two_stage_user_local_reranker-v1,protocol_a_rollv2_cv3,1,2027,V2H-local-H2_E0,False,H2_E0_non_eeg,margin_power0p1_base0p1,fine_power_base_grid,0.1,0.1,0.6438127090301003,0.640875863554435,0.6438127090301003,0.6342147323575895,598,35,28,0.6062729641834119,0.5994039673950388,0.6309961818812913,28
V2-S,V2M-two_stage_user_local_reranker-v1,protocol_a_rollv2_cv3,1,2027,V2H-local-H2_E0,False,H2_E0_non_eeg,margin_power0p1_base0p15,fine_power_base_grid,0.1,0.15,0.6354515050167224,0.6303905155690871,0.6354515050167224,0.6177067958496529,598,35,28,0.5983197648123022,0.5905524419363706,0.6351614022908711,28
V2-S,V2M-two_stage_user_local_reranker-v1,protocol_a_rollv2_cv3,1,2027,V2H-local-H2_E0,False,H2_E0_non_eeg,margin_power0p15_base0p0,fine_power_base_grid,0.15,0.0,0.6555183946488294,0.6477837176051462,0.6555183946488294,0.6564076822648252,598,35,28,0.6287520191251535,0.6290095255273828,0.6229781325928497,28
V2-S,V2M-two_stage_user_local_reranker-v1,protocol_a_rollv2_cv3,1,2027,V2H-local-H2_E0,False,H2_E0_non_eeg,margin_power0p15_base0p025,fine_power_base_grid,0.15,0.025,0.6555183946488294,0.6430005543398399,0.6555183946488294,0.6555573421287707,598,35,28,0.6213604057633907,0.6204466003573146,0.6249566122874002,28
V2-S,V2M-two_stage_user_local_reranker-v1,protocol_a_rollv2_cv3,1,2027,V2H-local-H2_E0,False,H2_E0_non_eeg,margin_power0p15_base0p05,fine_power_base_grid,0.15,0.05,0.6421404682274248,0.6241877236520094,0.6421404682274248,0.6280070775785062,598,35,28,0.600737222976029,0.5958427600838315,0.6262755987504338,28
V2-S,V2M-two_stage_user_local_reranker-v1,protocol_a_rollv2_cv3,1,2027,V2H-local-H2_E0,False,H2_E0_non_eeg,margin_power0p15_base0p075,fine_power_base_grid,0.15,0.075,0.6404682274247492,0.6224445263730978,0.6404682274247492,0.6266125197553769,598,35,28,0.5973541383989146,0.5915485423967567,0.628358208955224,28
V2-S,V2M-two_stage_user_local_reranker-v1,protocol_a_rollv2_cv3,1,2027,V2H-local-H2_E0,False,H2_E0_non_eeg,margin_power0p15_base0p1,fine_power_base_grid,0.15,0.1,0.6454849498327759,0.640235531664103,0.6454849498327759,0.6372738954167526,598,35,28,0.602042600848571,0.5959353526764241,0.6287053106560223,28
V2-S,V2M-two_stage_user_local_reranker-v1,protocol_a_rollv2_cv3,1,2027,V2H-local-H2_E0,False,H2_E0_non_eeg,margin_power0p15_base0p15,fine_power_base_grid,0.15,0.15,0.6421404682274248,0.6376291103076818,0.6421404682274248,0.6316173297601869,598,35,28,0.6029418922702505,0.5961572141482855,0.6309961818812913,28
V2-S,V2M-two_stage_user_local_reranker-v1,protocol_a_rollv2_cv3,1,2027,V2H-local-H2_E0,False,H2_E0_non_eeg,margin_power0p2_base0p0,fine_power_base_grid,0.2,0.0,0.6555183946488294,0.6477837176051462,0.6555183946488294,0.6564076822648252,598,35,28,0.6287520191251535,0.6290095255273828,0.6229781325928497,28
V2-S,V2M-two_stage_user_local_reranker-v1,protocol_a_rollv2_cv3,1,2027,V2H-local-H2_E0,False,H2_E0_non_eeg,margin_power0p2_base0p025,fine_power_base_grid,0.2,0.025,0.6605351170568562,0.6485726442869301,0.6605351170568562,0.6606102521816807,598,35,28,0.6250325213758049,0.6242117175152889,0.6238458868448457,28
V2-S,V2M-two_stage_user_local_reranker-v1,protocol_a_rollv2_cv3,1,2027,V2H-local-H2_E0,False,H2_E0_non_eeg,margin_power0p2_base0p05,fine_power_base_grid,0.2,0.05,0.6505016722408027,0.6367505543398401,0.6505016722408027,0.6505573421287707,598,35,28,0.6112111520320475,0.6079466003573147,0.6257202360291566,28
V2-S,V2M-two_stage_user_local_reranker-v1,protocol_a_rollv2_cv3,1,2027,V2H-local-H2_E0,False,H2_E0_non_eeg,margin_power0p2_base0p075,fine_power_base_grid,0.2,0.075,0.6421404682274248,0.6241877236520094,0.6421404682274248,0.6280070775785062,598,35,28,0.600737222976029,0.5958427600838315,0.6266227004512321,28
V2-S,V2M-two_stage_user_local_reranker-v1,protocol_a_rollv2_cv3,1,2027,V2H-local-H2_E0,False,H2_E0_non_eeg,margin_power0p2_base0p1,fine_power_base_grid,0.2,0.1,0.6404682274247492,0.622699628413914,0.6404682274247492,0.62681660138803,598,35,28,0.5975247140918782,0.591803644437573,0.6282540784449844,28
V2-S,V2M-two_stage_user_local_reranker-v1,protocol_a_rollv2_cv3,1,2027,V2H-local-H2_E0,False,H2_E0_non_eeg,margin_power0p2_base0p15,fine_power_base_grid,0.2,0.15,0.6438127090301003,0.6360027274312988,0.6438127090301003,0.6303162234590806,598,35,28,0.6022559281514505,0.5958205138115852,0.6289482818465811,28
V2-S,V2M-two_stage_user_local_reranker-v1,protocol_a_rollv2_cv3,1,2027,V2H-local-H2_E0,False,H2_E0_non_eeg,margin_power0p25_base0p0,fine_power_base_grid,0.25,0.0,0.6555183946488294,0.6477837176051462,0.6555183946488294,0.6564076822648252,598,35,28,0.6287520191251535,0.6290095255273828,0.6229781325928497,28
V2-S,V2M-two_stage_user_local_reranker-v1,protocol_a_rollv2_cv3,1,2027,V2H-local-H2_E0,False,H2_E0_non_eeg,margin_power0p25_base0p025,fine_power_base_grid,0.25,0.025,0.6555183946488294,0.6463806563806563,0.6555183946488294,0.6588566618566618,598,35,28,0.6241749046972929,0.6235078248471106,0.6233599444637279,28
V2-S,V2M-two_stage_user_local_reranker-v1,protocol_a_rollv2_cv3,1,2027,V2H-local-H2_E0,False,H2_E0_non_eeg,margin_power0p25_base0p05,fine_power_base_grid,0.25,0.05,0.6538461538461539,0.6385362686255542,0.6538461538461539,0.6519859135573421,598,35,28,0.6200171221813012,0.6186608860716003,0.6254078444984381,28
V2-S,V2M-two_stage_user_local_reranker-v1,protocol_a_rollv2_cv3,1,2027,V2H-local-H2_E0,False,H2_E0_non_eeg,margin_power0p25_base0p075,fine_power_base_grid,0.25,0.075,0.6438127090301003,0.6269489670382526,0.6438127090301003,0.6427160722875008,598,35,28,0.6023209709030605,0.5974879320415035,0.6257896563693162,28
V2-S,V2M-two_stage_user_local_reranker-v1,protocol_a_rollv2_cv3,1,2027,V2H-local-H2_E0,False,H2_E0_non_eeg,margin_power0p25_base0p1,fine_power_base_grid,0.25,0.1,0.6421404682274248,0.6241877236520094,0.6421404682274248,0.6280070775785062,598,35,28,0.600737222976029,0.5958427600838315,0.6269003818118709,28
V2-S,V2M-two_stage_user_local_reranker-v1,protocol_a_rollv2_cv3,1,2027,V2H-local-H2_E0,False,H2_E0_non_eeg,margin_power0p25_base0p15,fine_power_base_grid,0.25,0.15,0.6421404682274248,0.6373254787540501,0.6421404682274248,0.6349458530887102,598,35,28,0.6011766922960953,0.5955763201745344,0.629364803887539,28
V2-S,V2M-two_stage_user_local_reranker-v1,protocol_a_rollv2_cv3,1,2027,V2H-local-H2_E0,False,H2_E0_non_eeg,margin_power0p3_base0p0,fine_power_base_grid,0.3,0.0,0.6555183946488294,0.6477837176051462,0.6555183946488294,0.6564076822648252,598,35,28,0.6287520191251535,0.6290095255273828,0.6229781325928497,28
V2-S,V2M-two_stage_user_local_reranker-v1,protocol_a_rollv2_cv3,1,2027,V2H-local-H2_E0,False,H2_E0_non_eeg,margin_power0p3_base0p025,fine_power_base_grid,0.3,0.025,0.6521739130434783,0.6444673910745339,0.6521739130434783,0.6573260496117639,598,35,28,0.6222026232473993,0.6215945595409881,0.6231169732731692,28
V2-S,V2M-two_stage_user_local_reranker-v1,protocol_a_rollv2_cv3,1,2027,V2H-local-H2_E0,False,H2_E0_non_eeg,margin_power0p3_base0p05,fine_power_base_grid,0.3,0.05,0.6555183946488294,0.6450838876731734,0.6555183946488294,0.6572240087954373,598,35,28,0.6223092330555017,0.6221047636226207,0.6245748004165221,28
V2-S,V2M-two_stage_user_local_reranker-v1,protocol_a_rollv2_cv3,1,2027,V2H-local-H2_E0,False,H2_E0_non_eeg,margin_power0p3_base0p075,fine_power_base_grid,0.3,0.075,0.6505016722408027,0.6367505543398401,0.6505016722408027,0.6505573421287707,598,35,28,0.6112111520320475,0.6079466003573147,0.6255813953488373,28
V2-S,V2M-two_stage_user_local_reranker-v1,protocol_a_rollv2_cv3,1,2027,V2H-local-H2_E0,False,H2_E0_non_eeg,margin_power0p3_base0p1,fine_power_base_grid,0.3,0.1,0.6438127090301003,0.6269489670382526,0.6438127090301003,0.6427160722875008,598,35,28,0.6023209709030605,0.5974879320415035,0.6257202360291565,28
V2-S,V2M-two_stage_user_local_reranker-v1,protocol_a_rollv2_cv3,1,2027,V2H-local-H2_E0,False,H2_E0_non_eeg,margin_power0p3_base0p15,fine_power_base_grid,0.3,0.15,0.6404682274247492,0.622699628413914,0.6404682274247492,0.62681660138803,598,35,28,0.5993690637720489,0.5943546648457362,0.6279416869142659,28
V2-S,V2M-two_stage_user_local_reranker-v1,protocol_a_rollv2_cv3,1,2027,V2H-local-H2_E0,False,H2_E0_non_eeg,margin_power0p35_base0p0,fine_power_base_grid,0.35,0.0,0.6555183946488294,0.6477837176051462,0.6555183946488294,0.6564076822648252,598,35,28,0.6287520191251535,0.6290095255273828,0.6229781325928497,28
V2-S,V2M-two_stage_user_local_reranker-v1,protocol_a_rollv2_cv3,1,2027,V2H-local-H2_E0,False,H2_E0_non_eeg,margin_power0p35_base0p025,fine_power_base_grid,0.35,0.025,0.6505016722408027,0.6432769148840577,0.6505016722408027,0.6563736686593828,598,35,28,0.6209090909090909,0.620404083350512,0.6231169732731692,28
V2-S,V2M-two_stage_user_local_reranker-v1,protocol_a_rollv2_cv3,1,2027,V2H-local-H2_E0,False,H2_E0_non_eeg,margin_power0p35_base0p05,fine_power_base_grid,0.35,0.05,0.657190635451505,0.646744412994413,0.657190635451505,0.6591476671476671,598,35,28,0.6229394154767289,0.6223834862227718,0.6241929885456439,28
V2-S,V2M-two_stage_user_local_reranker-v1,protocol_a_rollv2_cv3,1,2027,V2H-local-H2_E0,False,H2_E0_non_eeg,margin_power0p35_base0p075,fine_power_base_grid,0.35,0.075,0.6555183946488294,0.6430005543398399,0.6555183946488294,0.6555573421287707,598,35,28,0.6213604057633907,0.6204466003573146,0.6255466851787574,28
V2-S,V2M-two_stage_user_local_reranker-v1,protocol_a_rollv2_cv3,1,2027,V2H-local-H2_E0,False,H2_E0_non_eeg,margin_power0p35_base0p1,fine_power_base_grid,0.35,0.1,0.6471571906354515,0.6338934114826972,0.6471571906354515,0.6482716278430564,598,35,28,0.607556697034309,0.6040072064179208,0.625616105518917,28
V2-S,V2M-two_stage_user_local_reranker-v1,protocol_a_rollv2_cv3,1,2027,V2H-local-H2_E0,False,H2_E0_non_eeg,margin_power0p35_base0p15,fine_power_base_grid,0.35,0.15,0.6421404682274248,0.6241877236520094,0.6421404682274248,0.6280070775785062,598,35,28,0.600737222976029,0.5958427600838315,0.6270739326622701,28
V2-S,V2M-two_stage_user_local_reranker-v1,protocol_a_rollv2_cv3,1,2027,V2H-local-H2_E0,False,H2_E0_non_eeg,margin_power0p4_base0p0,fine_power_base_grid,0.4,0.0,0.6555183946488294,0.6477837176051462,0.6555183946488294,0.6564076822648252,598,35,28,0.6287520191251535,0.6290095255273828,0.6229781325928497,28
V2-S,V2M-two_stage_user_local_reranker-v1,protocol_a_rollv2_cv3,1,2027,V2H-local-H2_E0,False,H2_E0_non_eeg,margin_power0p4_base0p025,fine_power_base_grid,0.4,0.025,0.6505016722408027,0.6432769148840577,0.6505016722408027,0.6563736686593828,598,35,28,0.6209090909090909,0.620404083350512,0.6232558139534883,28
V2-S,V2M-two_stage_user_local_reranker-v1,protocol_a_rollv2_cv3,1,2027,V2H-local-H2_E0,False,H2_E0_non_eeg,margin_power0p4_base0p05,fine_power_base_grid,0.4,0.05,0.657190635451505,0.647042032042032,0.657190635451505,0.6593857623857623,598,35,28,0.6232627985613061,0.6226811052703909,0.6237764665046859,28
V2-S,V2M-two_stage_user_local_reranker-v1,protocol_a_rollv2_cv3,1,2027,V2H-local-H2_E0,False,H2_E0_non_eeg,margin_power0p4_base0p075,fine_power_base_grid,0.4,0.075,0.6555183946488294,0.6450838876731734,0.6555183946488294,0.6572240087954373,598,35,28,0.6223092330555017,0.6221047636226207,0.6248871919472406,28
V2-S,V2M-two_stage_user_local_reranker-v1,protocol_a_rollv2_cv3,1,2027,V2H-local-H2_E0,False,H2_E0_non_eeg,margin_power0p4_base0p1,fine_power_base_grid,0.4,0.1,0.6488294314381271,0.6353219829112685,0.6488294314381271,0.6494144849859135,598,35,28,0.6087507268850553,0.6054357778464922,0.6256508156889969,28
V2-S,V2M-two_stage_user_local_reranker-v1,protocol_a_rollv2_cv3,1,2027,V2H-local-H2_E0,False,H2_E0_non_eeg,margin_power0p4_base0p15,fine_power_base_grid,0.4,0.15,0.6421404682274248,0.6247168241811097,0.6421404682274248,0.6284303580017866,598,35,28,0.6012015679179858,0.5963718606129321,0.6261367580701145,28
V2-S,V2M-two_stage_user_local_reranker-v1,protocol_a_rollv2_cv3,1,2027,V2H-local-H2_E0,False,H2_E0_non_eeg,margin_power0p5_base0p0,fine_power_base_grid,0.5,0.0,0.6555183946488294,0.6477837176051462,0.6555183946488294,0.6564076822648252,598,35,28,0.6287520191251535,0.6290095255273828,0.6229781325928497,28
V2-S,V2M-two_stage_user_local_reranker-v1,protocol_a_rollv2_cv3,1,2027,V2H-local-H2_E0,False,H2_E0_non_eeg,margin_power0p5_base0p025,fine_power_base_grid,0.5,0.025,0.657190635451505,0.6526023117094546,0.657190635451505,0.6638339861197003,598,35,28,0.6284831254980509,0.6293043101078817,0.6234293648038876,28
V2-S,V2M-two_stage_user_local_reranker-v1,protocol_a_rollv2_cv3,1,2027,V2H-local-H2_E0,False,H2_E0_non_eeg,margin_power0p5_base0p05,fine_power_base_grid,0.5,0.05,0.6521739130434783,0.6444673910745339,0.6521739130434783,0.6573260496117639,598,35,28,0.6222026232473993,0.6215945595409881,0.6233252342936481,28
V2-S,V2M-two_stage_user_local_reranker-v1,protocol_a_rollv2_cv3,1,2027,V2H-local-H2_E0,False,H2_E0_non_eeg,margin_power0p5_base0p075,fine_power_base_grid,0.5,0.075,0.6588628762541806,0.6479348891848892,0.6588628762541806,0.6601000481000481,598,35,28,0.6242329478150374,0.6235739624132481,0.6242971190558833,28
V2-S,V2M-two_stage_user_local_reranker-v1,protocol_a_rollv2_cv3,1,2027,V2H-local-H2_E0,False,H2_E0_non_eeg,margin_power0p5_base0p1,fine_power_base_grid,0.5,0.1,0.6555183946488294,0.6450838876731734,0.6555183946488294,0.6572240087954373,598,35,28,0.6223092330555017,0.6221047636226207,0.6247830614370011,28
V2-S,V2M-two_stage_user_local_reranker-v1,protocol_a_rollv2_cv3,1,2027,V2H-local-H2_E0,False,H2_E0_non_eeg,margin_power0p5_base0p15,fine_power_base_grid,0.5,0.15,0.6471571906354515,0.6338934114826972,0.6471571906354515,0.6482716278430564,598,35,28,0.607556697034309,0.6040072064179208,0.6257202360291565,28
V2-S,V2M-two_stage_user_local_reranker-v1,protocol_a_rollv2_cv3,2,2027,V2H-local-H2_E0,False,H2_E0_non_eeg,v2n_eeg_base_0p05,reference_score_family,1.0,0.05,0.571917808219178,0.5606950919450919,0.571917808219178,0.5596791325957994,584,30,26,0.5610996121933621,0.5559498371998373,0.5905661052104567,26
V2-S,V2M-two_stage_user_local_reranker-v1,protocol_a_rollv2_cv3,2,2027,V2H-local-H2_E0,False,H2_E0_non_eeg,sqrt_margin_eeg_base0p05,reference_score_family,0.5,0.05,0.5753424657534246,0.5650220150220151,0.5753424657534246,0.5634291325957993,584,30,26,0.5649537788600288,0.5602767602767603,0.5915316668454743,26
V2-S,V2M-two_stage_user_local_reranker-v1,protocol_a_rollv2_cv3,2,2027,V2H-local-H2_E0,False,H2_E0_non_eeg,margin_power0p25_base0p05,reference_score_family,0.25,0.05,0.5873287671232876,0.5860664798164797,0.5873287671232876,0.5841676687510021,584,30,26,0.5789174107142857,0.5753251378251378,0.5957872903479599,26
V2-S,V2M-two_stage_user_local_reranker-v1,protocol_a_rollv2_cv3,2,2027,V2H-local-H2_E0,False,H2_E0_non_eeg,margin_power0p1_base0p0,fine_power_base_grid,0.1,0.0,0.5736301369863014,0.5621373996373996,0.5736301369863014,0.5609291325957992,584,30,26,0.5619627074314575,0.5573845136345137,0.5893144512391374,26
V2-S,V2M-two_stage_user_local_reranker-v1,protocol_a_rollv2_cv3,2,2027,V2H-local-H2_E0,False,H2_E0_non_eeg,margin_power0p1_base0p025,fine_power_base_grid,0.1,0.025,0.5856164383561644,0.5861555111555111,0.5856164383561644,0.5823929773929775,584,30,26,0.5783644480519481,0.5751401376401376,0.5998998676822944,26
V2-S,V2M-two_stage_user_local_reranker-v1,protocol_a_rollv2_cv3,2,2027,V2H-local-H2_E0,False,H2_E0_non_eeg,margin_power0p1_base0p05,fine_power_base_grid,0.1,0.05,0.5993150684931506,0.6022727272727273,0.5993150684931506,0.5922607022607023,584,30,26,0.5936087436868687,0.5925165112665113,0.6115938919286199,26
V2-S,V2M-two_stage_user_local_reranker-v1,protocol_a_rollv2_cv3,2,2027,V2H-local-H2_E0,False,H2_E0_non_eeg,margin_power0p1_base0p075,fine_power_base_grid,0.1,0.075,0.6095890410958904,0.6167772042772042,0.6095890410958904,0.6043021484688151,584,30,26,0.6088954274891775,0.6085951085951086,0.6204627543539678,26
V2-S,V2M-two_stage_user_local_reranker-v1,protocol_a_rollv2_cv3,2,2027,V2H-local-H2_E0,False,H2_E0_non_eeg,margin_power0p1_base0p1,fine_power_base_grid,0.1,0.1,0.6078767123287672,0.6186901061901062,0.6078767123287672,0.6059599967933302,584,30,26,0.6072200802669553,0.6072952510452511,0.6278296320137324,26
V2-S,V2M-two_stage_user_local_reranker-v1,protocol_a_rollv2_cv3,2,2027,V2H-local-H2_E0,False,H2_E0_non_eeg,margin_power0p1_base0p15,fine_power_base_grid,0.1,0.15,0.6181506849315068,0.6297477984977985,0.6181506849315068,0.6180433301266635,584,30,26,0.621596433080808,0.6211405723905725,0.6398812716804347,26
V2-S,V2M-two_stage_user_local_reranker-v1,protocol_a_rollv2_cv3,2,2027,V2H-local-H2_E0,False,H2_E0_non_eeg,margin_power0p15_base0p0,fine_power_base_grid,0.15,0.0,0.5736301369863014,0.5621373996373996,0.5736301369863014,0.5609291325957992,584,30,26,0.5619627074314575,0.5573845136345137,0.5893144512391374,26
V2-S,V2M-two_stage_user_local_reranker-v1,protocol_a_rollv2_cv3,2,2027,V2H-local-H2_E0,False,H2_E0_non_eeg,margin_power0p15_base0p025,fine_power_base_grid,0.15,0.025,0.583904109589041,0.5793764106264108,0.583904109589041,0.5783696087862755,584,30,26,0.5747854662698413,0.5705886705886706,0.5949290133390552,26
V2-S,V2M-two_stage_user_local_reranker-v1,protocol_a_rollv2_cv3,2,2027,V2H-local-H2_E0,False,H2_E0_non_eeg,margin_power0p15_base0p05,fine_power_base_grid,0.15,0.05,0.5821917808219178,0.5828079328079327,0.5821917808219178,0.5794917428250762,584,30,26,0.5747124143217893,0.5717162467162467,0.6032972141758752,26
V2-S,V2M-two_stage_user_local_reranker-v1,protocol_a_rollv2_cv3,2,2027,V2H-local-H2_E0,False,H2_E0_non_eeg,margin_power0p15_base0p075,fine_power_base_grid,0.15,0.075,0.5993150684931506,0.6022727272727273,0.5993150684931506,0.5922607022607023,584,30,26,0.5936087436868687,0.5925165112665113,0.6108428995458284,26
V2-S,V2M-two_stage_user_local_reranker-v1,protocol_a_rollv2_cv3,2,2027,V2H-local-H2_E0,False,H2_E0_non_eeg,margin_power0p15_base0p1,fine_power_base_grid,0.15,0.1,0.6113013698630136,0.6133660321160321,0.6113013698630136,0.601345799262466,584,30,26,0.6076491477272727,0.6067178192178192,0.6170296463183492,26
V2-S,V2M-two_stage_user_local_reranker-v1,protocol_a_rollv2_cv3,2,2027,V2H-local-H2_E0,False,H2_E0_non_eeg,margin_power0p15_base0p15,fine_power_base_grid,0.15,0.15,0.6078767123287672,0.6186901061901062,0.6078767123287672,0.6059599967933302,584,30,26,0.6072200802669553,0.6072952510452511,0.6273647319672424,26
V2-S,V2M-two_stage_user_local_reranker-v1,protocol_a_rollv2_cv3,2,2027,V2H-local-H2_E0,False,H2_E0_non_eeg,margin_power0p2_base0p0,fine_power_base_grid,0.2,0.0,0.5736301369863014,0.5621373996373996,0.5736301369863014,0.5609291325957992,584,30,26,0.5619627074314575,0.5573845136345137,0.5893144512391374,26
V2-S,V2M-two_stage_user_local_reranker-v1,protocol_a_rollv2_cv3,2,2027,V2H-local-H2_E0,False,H2_E0_non_eeg,margin_power0p2_base0p025,fine_power_base_grid,0.2,0.025,0.5753424657534246,0.5688681688681689,0.5753424657534246,0.5692624659291325,584,30,26,0.5664878697691198,0.5623455248455248,0.5928548439008691,26
V2-S,V2M-two_stage_user_local_reranker-v1,protocol_a_rollv2_cv3,2,2027,V2H-local-H2_E0,False,H2_E0_non_eeg,margin_power0p2_base0p05,fine_power_base_grid,0.2,0.05,0.5856164383561644,0.5843748843748844,0.5856164383561644,0.5808497675164342,584,30,26,0.5779067460317461,0.5748163873163873,0.5987197367950505,26
V2-S,V2M-two_stage_user_local_reranker-v1,protocol_a_rollv2_cv3,2,2027,V2H-local-H2_E0,False,H2_E0_non_eeg,margin_power0p2_base0p075,fine_power_base_grid,0.2,0.075,0.589041095890411,0.5892538017538018,0.589041095890411,0.5856072631072631,584,30,26,0.5804068587662337,0.5770937395937396,0.6046919143153453,26
V2-S,V2M-two_stage_user_local_reranker-v1,protocol_a_rollv2_cv3,2,2027,V2H-local-H2_E0,False,H2_E0_non_eeg,margin_power0p2_base0p1,fine_power_base_grid,0.2,0.1,0.601027397260274,0.6044094794094794,0.601027397260274,0.6005940355940356,584,30,26,0.5947372159090909,0.5935848873348873,0.6101634302471123,26
V2-S,V2M-two_stage_user_local_reranker-v1,protocol_a_rollv2_cv3,2,2027,V2H-local-H2_E0,False,H2_E0_non_eeg,margin_power0p2_base0p15,fine_power_base_grid,0.2,0.15,0.613013698630137,0.6191810504310505,0.613013698630137,0.6063854818021485,584,30,26,0.6111647727272727,0.6108844858844859,0.6193183850087616,26
V2-S,V2M-two_stage_user_local_reranker-v1,protocol_a_rollv2_cv3,2,2027,V2H-local-H2_E0,False,H2_E0_non_eeg,margin_power0p25_base0p0,fine_power_base_grid,0.25,0.0,0.5736301369863014,0.5621373996373996,0.5736301369863014,0.5609291325957992,584,30,26,0.5619627074314575,0.5573845136345137,0.5893144512391374,26
V2-S,V2M-two_stage_user_local_reranker-v1,protocol_a_rollv2_cv3,2,2027,V2H-local-H2_E0,False,H2_E0_non_eeg,margin_power0p25_base0p025,fine_power_base_grid,0.25,0.025,0.577054794520548,0.5703282828282829,0.577054794520548,0.570527898027898,584,30,26,0.5682760642135641,0.5638056388056388,0.5920323284340021,26
V2-S,V2M-two_stage_user_local_reranker-v1,protocol_a_rollv2_cv3,2,2027,V2H-local-H2_E0,False,H2_E0_non_eeg,margin_power0p25_base0p05,fine_power_base_grid,0.25,0.05,0.5873287671232876,0.5860664798164797,0.5873287671232876,0.5841676687510021,584,30,26,0.5789174107142857,0.5753251378251378,0.5957872903479599,26
V2-S,V2M-two_stage_user_local_reranker-v1,protocol_a_rollv2_cv3,2,2027,V2H-local-H2_E0,False,H2_E0_non_eeg,margin_power0p25_base0p075,fine_power_base_grid,0.25,0.075,0.5873287671232876,0.5855144855144855,0.5873287671232876,0.5818374218374218,584,30,26,0.5793713924963926,0.575567488067488,0.6004362908128598,26
V2-S,V2M-two_stage_user_local_reranker-v1,protocol_a_rollv2_cv3,2,2027,V2H-local-H2_E0,False,H2_E0_non_eeg,margin_power0p25_base0p1,fine_power_base_grid,0.25,0.1,0.5907534246575342,0.5940614940614941,0.5907534246575342,0.5897739297739297,584,30,26,0.5848339420995671,0.582702713952714,0.6053356220720237,26
V2-S,V2M-two_stage_user_local_reranker-v1,protocol_a_rollv2_cv3,2,2027,V2H-local-H2_E0,False,H2_E0_non_eeg,margin_power0p25_base0p15,fine_power_base_grid,0.25,0.15,0.6078767123287672,0.6088254338254339,0.6078767123287672,0.5979397146063813,584,30,26,0.6038494318181818,0.6025657213157214,0.6137038229088438,26
V2-S,V2M-two_stage_user_local_reranker-v1,protocol_a_rollv2_cv3,2,2027,V2H-local-H2_E0,False,H2_E0_non_eeg,margin_power0p3_base0p0,fine_power_base_grid,0.3,0.0,0.5736301369863014,0.5621373996373996,0.5736301369863014,0.5609291325957992,584,30,26,0.5619627074314575,0.5573845136345137,0.5893144512391374,26
V2-S,V2M-two_stage_user_local_reranker-v1,protocol_a_rollv2_cv3,2,2027,V2H-local-H2_E0,False,H2_E0_non_eeg,margin_power0p3_base0p025,fine_power_base_grid,0.3,0.025,0.571917808219178,0.5642207329707329,0.571917808219178,0.5627346881513549,584,30,26,0.5634098800505051,0.559704415954416,0.5910310052569467,26
V2-S,V2M-two_stage_user_local_reranker-v1,protocol_a_rollv2_cv3,2,2027,V2H-local-H2_E0,False,H2_E0_non_eeg,margin_power0p3_base0p05,fine_power_base_grid,0.3,0.05,0.5821917808219178,0.5782546157546158,0.5821917808219178,0.5773973865640533,584,30,26,0.5738702876984128,0.5695813445813446,0.593784643993849,26
V2-S,V2M-two_stage_user_local_reranker-v1,protocol_a_rollv2_cv3,2,2027,V2H-local-H2_E0,False,H2_E0_non_eeg,margin_power0p3_base0p075,fine_power_base_grid,0.3,0.075,0.5856164383561644,0.5843748843748844,0.5856164383561644,0.5808497675164342,584,30,26,0.5790352182539683,0.5758847633847634,0.5978972213281837,26
V2-S,V2M-two_stage_user_local_reranker-v1,protocol_a_rollv2_cv3,2,2027,V2H-local-H2_E0,False,H2_E0_non_eeg,margin_power0p3_base0p1,fine_power_base_grid,0.3,0.1,0.5873287671232876,0.5855144855144855,0.5873287671232876,0.5818374218374218,584,30,26,0.5793713924963926,0.575567488067488,0.6012588062797268,26
V2-S,V2M-two_stage_user_local_reranker-v1,protocol_a_rollv2_cv3,2,2027,V2H-local-H2_E0,False,H2_E0_non_eeg,margin_power0p3_base0p15,fine_power_base_grid,0.3,0.15,0.5993150684931506,0.6029849779849781,0.5993150684931506,0.599359467692801,584,30,26,0.5917858270202021,0.5900236337736338,0.6087329685656045,26
V2-S,V2M-two_stage_user_local_reranker-v1,protocol_a_rollv2_cv3,2,2027,V2H-local-H2_E0,False,H2_E0_non_eeg,margin_power0p35_base0p0,fine_power_base_grid,0.35,0.0,0.5736301369863014,0.5621373996373996,0.5736301369863014,0.5609291325957992,584,30,26,0.5619627074314575,0.5573845136345137,0.5893144512391374,26
V2-S,V2M-two_stage_user_local_reranker-v1,protocol_a_rollv2_cv3,2,2027,V2H-local-H2_E0,False,H2_E0_non_eeg,margin_power0p35_base0p025,fine_power_base_grid,0.35,0.025,0.571917808219178,0.562618168868169,0.571917808219178,0.561345799262466,584,30,26,0.5622938086219336,0.557987382987383,0.5909237206308336,26
V2-S,V2M-two_stage_user_local_reranker-v1,protocol_a_rollv2_cv3,2,2027,V2H-local-H2_E0,False,H2_E0_non_eeg,margin_power0p35_base0p05,fine_power_base_grid,0.35,0.05,0.5753424657534246,0.5688681688681689,0.5753424657534246,0.5692624659291325,584,30,26,0.5676163419913419,0.563413900913901,0.592747559274756,26
V2-S,V2M-two_stage_user_local_reranker-v1,protocol_a_rollv2_cv3,2,2027,V2H-local-H2_E0,False,H2_E0_non_eeg,margin_power0p35_base0p075,fine_power_base_grid,0.35,0.075,0.589041095890411,0.5876690439190438,0.589041095890411,0.5855565576398909,584,30,26,0.5807403273809524,0.5769277019277019,0.5955727210957337,26
V2-S,V2M-two_stage_user_local_reranker-v1,protocol_a_rollv2_cv3,2,2027,V2H-local-H2_E0,False,H2_E0_non_eeg,margin_power0p35_base0p1,fine_power_base_grid,0.35,0.1,0.589041095890411,0.5891825766825767,0.589041095890411,0.5850164341831009,584,30,26,0.5815762536075038,0.5781672031672032,0.5985051675428245,26
V2-S,V2M-two_stage_user_local_reranker-v1,protocol_a_rollv2_cv3,2,2027,V2H-local-H2_E0,False,H2_E0_non_eeg,margin_power0p35_base0p15,fine_power_base_grid,0.35,0.15,0.5924657534246576,0.5943820068820069,0.5924657534246576,0.5900517075517075,584,30,26,0.585990936147186,0.5834811022311023,0.6053356220720236,26
V2-S,V2M-two_stage_user_local_reranker-v1,protocol_a_rollv2_cv3,2,2027,V2H-local-H2_E0,False,H2_E0_non_eeg,margin_power0p4_base0p0,fine_power_base_grid,0.4,0.0,0.5736301369863014,0.5621373996373996,0.5736301369863014,0.5609291325957992,584,30,26,0.5619627074314575,0.5573845136345137,0.5893144512391374,26
V2-S,V2M-two_stage_user_local_reranker-v1,protocol_a_rollv2_cv3,2,2027,V2H-local-H2_E0,False,H2_E0_non_eeg,margin_power0p4_base0p025,fine_power_base_grid,0.4,0.025,0.5736301369863014,0.5639002201502202,0.5736301369863014,0.562456910373577,584,30,26,0.5636479752886003,0.5592694342694343,0.5908164360047206,26
V2-S,V2M-two_stage_user_local_reranker-v1,protocol_a_rollv2_cv3,2,2027,V2H-local-H2_E0,False,H2_E0_non_eeg,margin_power0p4_base0p05,fine_power_base_grid,0.4,0.05,0.5787671232876712,0.5717527842527843,0.5787671232876712,0.5717624659291327,584,30,26,0.5696649531024531,0.5652301402301403,0.5922468976862283,26
V2-S,V2M-two_stage_user_local_reranker-v1,protocol_a_rollv2_cv3,2,2027,V2H-local-H2_E0,False,H2_E0_non_eeg,margin_power0p4_base0p075,fine_power_base_grid,0.4,0.075,0.583904109589041,0.5837491212491213,0.583904109589041,0.582159291325958,584,30,26,0.5773077876984127,0.5734274984274984,0.594249544040339,26
V2-S,V2M-two_stage_user_local_reranker-v1,protocol_a_rollv2_cv3,2,2027,V2H-local-H2_E0,False,H2_E0_non_eeg,margin_power0p4_base0p1,fine_power_base_grid,0.4,0.1,0.583904109589041,0.5803684741184741,0.583904109589041,0.5773775452942119,584,30,26,0.5759660218253969,0.5717638842638842,0.5965382827307513,26
V2-S,V2M-two_stage_user_local_reranker-v1,protocol_a_rollv2_cv3,2,2027,V2H-local-H2_E0,False,H2_E0_non_eeg,margin_power0p4_base0p15,fine_power_base_grid,0.4,0.15,0.5873287671232876,0.5856925481925482,0.5873287671232876,0.5819917428250763,584,30,26,0.5803262536075036,0.5765468327968327,0.6023316525408575,26
V2-S,V2M-two_stage_user_local_reranker-v1,protocol_a_rollv2_cv3,2,2027,V2H-local-H2_E0,False,H2_E0_non_eeg,margin_power0p5_base0p0,fine_power_base_grid,0.5,0.0,0.5736301369863014,0.5621373996373996,0.5736301369863014,0.5609291325957992,584,30,26,0.5619627074314575,0.5573845136345137,0.5893144512391374,26
V2-S,V2M-two_stage_user_local_reranker-v1,protocol_a_rollv2_cv3,2,2027,V2H-local-H2_E0,False,H2_E0_non_eeg,margin_power0p5_base0p025,fine_power_base_grid,0.5,0.025,0.5736301369863014,0.5630989380989381,0.5736301369863014,0.5617624659291327,584,30,26,0.5649624594155844,0.5604904354904355,0.5907806744626828,26
V2-S,V2M-two_stage_user_local_reranker-v1,protocol_a_rollv2_cv3,2,2027,V2H-local-H2_E0,False,H2_E0_non_eeg,margin_power0p5_base0p05,fine_power_base_grid,0.5,0.05,0.5753424657534246,0.5650220150220151,0.5753424657534246,0.5634291325957993,584,30,26,0.5649537788600288,0.5602767602767603,0.5915316668454743,26
V2-S,V2M-two_stage_user_local_reranker-v1,protocol_a_rollv2_cv3,2,2027,V2H-local-H2_E0,False,H2_E0_non_eeg,margin_power0p5_base0p075,fine_power_base_grid,0.5,0.075,0.577054794520548,0.5701502201502202,0.577054794520548,0.5703735770402437,584,30,26,0.5678420364357863,0.5636275761275761,0.5925687515645675,26
V2-S,V2M-two_stage_user_local_reranker-v1,protocol_a_rollv2_cv3,2,2027,V2H-local-H2_E0,False,H2_E0_non_eeg,margin_power0p5_base0p1,fine_power_base_grid,0.5,0.1,0.583904109589041,0.5837491212491213,0.583904109589041,0.582159291325958,584,30,26,0.5773077876984127,0.5734274984274984,0.5940707363301506,26
V2-S,V2M-two_stage_user_local_reranker-v1,protocol_a_rollv2_cv3,2,2027,V2H-local-H2_E0,False,H2_E0_non_eeg,margin_power0p5_base0p15,fine_power_base_grid,0.5,0.15,0.5856164383561644,0.5819710382210382,0.5856164383561644,0.5787664341831008,584,30,26,0.5766604662698414,0.5722980722980723,0.5976468905339198,26
V2-S,V2M-two_stage_user_local_reranker-v1,protocol_a_rollv2_cv3,3,2027,V2H-local-H2_E0,False,H2_E0_non_eeg,v2n_eeg_base_0p05,reference_score_family,1.0,0.05,0.5598705501618123,0.597959648662693,0.5598705501618123,0.5918696713339571,618,28,24,0.5804146902049,0.5991102955686289,0.6450596938401817,24
V2-S,V2M-two_stage_user_local_reranker-v1,protocol_a_rollv2_cv3,3,2027,V2H-local-H2_E0,False,H2_E0_non_eeg,sqrt_margin_eeg_base0p05,reference_score_family,0.5,0.05,0.5631067961165048,0.6036446172888381,0.5631067961165048,0.5976178517249945,618,28,24,0.583291019392418,0.6016051965010298,0.6474401230498791,24
V2-S,V2M-two_stage_user_local_reranker-v1,protocol_a_rollv2_cv3,3,2027,V2H-local-H2_E0,False,H2_E0_non_eeg,margin_power0p25_base0p05,reference_score_family,0.25,0.05,0.5679611650485437,0.6114853797184163,0.5679611650485437,0.6052914083271227,618,28,24,0.5906431757830359,0.6083834067167401,0.6534461290558853,24
V2-S,V2M-two_stage_user_local_reranker-v1,protocol_a_rollv2_cv3,3,2027,V2H-local-H2_E0,False,H2_E0_non_eeg,margin_power0p1_base0p0,fine_power_base_grid,0.1,0.0,0.551779935275081,0.5768390678546123,0.551779935275081,0.573766316355602,618,28,24,0.5697918534456996,0.5785452703161037,0.6423130447520691,24
V2-S,V2M-two_stage_user_local_reranker-v1,protocol_a_rollv2_cv3,3,2027,V2H-local-H2_E0,False,H2_E0_non_eeg,margin_power0p1_base0p025,fine_power_base_grid,0.1,0.025,0.5711974110032363,0.6131905976242922,0.5711974110032363,0.6061134037919753,618,28,24,0.5897579498978099,0.6078212374045707,0.6574379257306087,24
V2-S,V2M-two_stage_user_local_reranker-v1,protocol_a_rollv2_cv3,3,2027,V2H-local-H2_E0,False,H2_E0_non_eeg,margin_power0p1_base0p05,fine_power_base_grid,0.1,0.05,0.580906148867314,0.6227298392468671,0.580906148867314,0.614289896611325,618,28,24,0.5977485703884305,0.616318812360479,0.6721965868307331,24
V2-S,V2M-two_stage_user_local_reranker-v1,protocol_a_rollv2_cv3,3,2027,V2H-local-H2_E0,False,H2_E0_non_eeg,margin_power0p1_base0p075,fine_power_base_grid,0.1,0.075,0.5841423948220065,0.6256066941577133,0.5841423948220065,0.6176042476042476,618,28,24,0.6013975729010693,0.619552287989788,0.6832564271588663,24
V2-S,V2M-two_stage_user_local_reranker-v1,protocol_a_rollv2_cv3,3,2027,V2H-local-H2_E0,False,H2_E0_non_eeg,margin_power0p1_base0p1,fine_power_base_grid,0.1,0.1,0.587378640776699,0.6300011672528442,0.587378640776699,0.6214753665646523,618,28,24,0.6075426030845611,0.6246285581702248,0.6919724602651431,24
V2-S,V2M-two_stage_user_local_reranker-v1,protocol_a_rollv2_cv3,3,2027,V2H-local-H2_E0,False,H2_E0_non_eeg,margin_power0p1_base0p15,fine_power_base_grid,0.1,0.15,0.6003236245954693,0.6355936572230755,0.6003236245954693,0.6257887482887482,618,28,24,0.6154262986430818,0.6300918333209999,0.7046802900461439,24
V2-S,V2M-two_stage_user_local_reranker-v1,protocol_a_rollv2_cv3,3,2027,V2H-local-H2_E0,False,H2_E0_non_eeg,margin_power0p15_base0p0,fine_power_base_grid,0.15,0.0,0.551779935275081,0.5768390678546123,0.551779935275081,0.573766316355602,618,28,24,0.5697918534456996,0.5785452703161037,0.6423130447520691,24
V2-S,V2M-two_stage_user_local_reranker-v1,protocol_a_rollv2_cv3,3,2027,V2H-local-H2_E0,False,H2_E0_non_eeg,margin_power0p15_base0p025,fine_power_base_grid,0.15,0.025,0.5679611650485437,0.6097145463850829,0.5679611650485437,0.6030295035652179,618,28,24,0.5901769753168354,0.6078278511611844,0.6517615176151762,24
V2-S,V2M-two_stage_user_local_reranker-v1,protocol_a_rollv2_cv3,3,2027,V2H-local-H2_E0,False,H2_E0_non_eeg,margin_power0p15_base0p05,fine_power_base_grid,0.15,0.05,0.5760517799352751,0.6165597844803211,0.5760517799352751,0.6088968505039933,618,28,24,0.5979400455799058,0.6155163432246765,0.6621621621621621,24
V2-S,V2M-two_stage_user_local_reranker-v1,protocol_a_rollv2_cv3,3,2027,V2H-local-H2_E0,False,H2_E0_non_eeg,margin_power0p15_base0p075,fine_power_base_grid,0.15,0.075,0.5792880258899676,0.6215393630563909,0.5792880258899676,0.6132694884480597,618,28,24,0.5966122067520668,0.6152771456938124,0.6713909030982202,24
V2-S,V2M-two_stage_user_local_reranker-v1,protocol_a_rollv2_cv3,3,2027,V2H-local-H2_E0,False,H2_E0_non_eeg,margin_power0p15_base0p1,fine_power_base_grid,0.15,0.1,0.5792880258899676,0.6204077593206205,0.5792880258899676,0.6130435900078757,618,28,24,0.596503855507352,0.6140959387834388,0.6791913865084596,24
V2-S,V2M-two_stage_user_local_reranker-v1,protocol_a_rollv2_cv3,3,2027,V2H-local-H2_E0,False,H2_E0_non_eeg,margin_power0p15_base0p15,fine_power_base_grid,0.15,0.15,0.5889967637540453,0.6326053339195109,0.5889967637540453,0.6237075094217951,618,28,24,0.6097279177698758,0.6272327248368915,0.6917893503259357,24
V2-S,V2M-two_stage_user_local_reranker-v1,protocol_a_rollv2_cv3,3,2027,V2H-local-H2_E0,False,H2_E0_non_eeg,margin_power0p2_base0p0,fine_power_base_grid,0.2,0.0,0.551779935275081,0.5768390678546123,0.551779935275081,0.573766316355602,618,28,24,0.5697918534456996,0.5785452703161037,0.6423130447520691,24
V2-S,V2M-two_stage_user_local_reranker-v1,protocol_a_rollv2_cv3,3,2027,V2H-local-H2_E0,False,H2_E0_non_eeg,margin_power0p2_base0p025,fine_power_base_grid,0.2,0.025,0.5679611650485437,0.6074353441058807,0.5679611650485437,0.601075901611616,618,28,24,0.5861256847270834,0.6040605536438869,0.6496740643082107,24
V2-S,V2M-two_stage_user_local_reranker-v1,protocol_a_rollv2_cv3,3,2027,V2H-local-H2_E0,False,H2_E0_non_eeg,margin_power0p2_base0p05,fine_power_base_grid,0.2,0.05,0.5711974110032363,0.6136017818348184,0.5711974110032363,0.6071054672840388,618,28,24,0.5898994750393353,0.6077220310553644,0.6567787299494618,24
V2-S,V2M-two_stage_user_local_reranker-v1,protocol_a_rollv2_cv3,3,2027,V2H-local-H2_E0,False,H2_E0_non_eeg,margin_power0p2_base0p075,fine_power_base_grid,0.2,0.075,0.5744336569579288,0.6152238056443423,0.5744336569579288,0.6077517257874401,618,28,24,0.595234417874278,0.6127914754998088,0.6642129934812862,24
V2-S,V2M-two_stage_user_local_reranker-v1,protocol_a_rollv2_cv3,3,2027,V2H-local-H2_E0,False,H2_E0_non_eeg,margin_power0p2_base0p1,fine_power_base_grid,0.2,0.1,0.5792880258899676,0.6215393630563909,0.5792880258899676,0.6132694884480597,618,28,24,0.5977485703884304,0.616318812360479,0.6710246832198051,24
V2-S,V2M-two_stage_user_local_reranker-v1,protocol_a_rollv2_cv3,3,2027,V2H-local-H2_E0,False,H2_E0_non_eeg,margin_power0p2_base0p15,fine_power_base_grid,0.2,0.15,0.587378640776699,0.6295881756391948,0.587378640776699,0.621016946016946,618,28,24,0.6057876272911238,0.6240275966317633,0.6825972313777191,24
V2-S,V2M-two_stage_user_local_reranker-v1,protocol_a_rollv2_cv3,3,2027,V2H-local-H2_E0,False,H2_E0_non_eeg,margin_power0p25_base0p0,fine_power_base_grid,0.25,0.0,0.551779935275081,0.5768390678546123,0.551779935275081,0.573766316355602,618,28,24,0.5697918534456996,0.5785452703161037,0.6423130447520691,24
V2-S,V2M-two_stage_user_local_reranker-v1,protocol_a_rollv2_cv3,3,2027,V2H-local-H2_E0,False,H2_E0_non_eeg,margin_power0p25_base0p025,fine_power_base_grid,0.25,0.025,0.5631067961165048,0.6036446172888381,0.5631067961165048,0.5976178517249945,618,28,24,0.583291019392418,0.6016051965010298,0.6476964769647696,24
V2-S,V2M-two_stage_user_local_reranker-v1,protocol_a_rollv2_cv3,3,2027,V2H-local-H2_E0,False,H2_E0_non_eeg,margin_power0p25_base0p05,fine_power_base_grid,0.25,0.05,0.5679611650485437,0.6114853797184163,0.5679611650485437,0.6052914083271227,618,28,24,0.5906431757830359,0.6083834067167401,0.6534461290558853,24
V2-S,V2M-two_stage_user_local_reranker-v1,protocol_a_rollv2_cv3,3,2027,V2H-local-H2_E0,False,H2_E0_non_eeg,margin_power0p25_base0p075,fine_power_base_grid,0.25,0.075,0.5728155339805825,0.6139142818348184,0.5728155339805825,0.6066292768078483,618,28,24,0.5930463281861883,0.610638697722031,0.6594155130740497,24
V2-S,V2M-two_stage_user_local_reranker-v1,protocol_a_rollv2_cv3,3,2027,V2H-local-H2_E0,False,H2_E0_non_eeg,margin_power0p25_base0p1,fine_power_base_grid,0.25,0.1,0.5728155339805825,0.6120186774392141,0.5728155339805825,0.6050044730401873,618,28,24,0.5914689525703513,0.6095863472946806,0.6649454332381161,24
V2-S,V2M-two_stage_user_local_reranker-v1,protocol_a_rollv2_cv3,3,2027,V2H-local-H2_E0,False,H2_E0_non_eeg,margin_power0p25_base0p15,fine_power_base_grid,0.25,0.15,0.580906148867314,0.6227298392468671,0.580906148867314,0.614289896611325,618,28,24,0.5963749440148042,0.6148307171223838,0.6754925657364681,24
V2-S,V2M-two_stage_user_local_reranker-v1,protocol_a_rollv2_cv3,3,2027,V2H-local-H2_E0,False,H2_E0_non_eeg,margin_power0p3_base0p0,fine_power_base_grid,0.3,0.0,0.551779935275081,0.5768390678546123,0.551779935275081,0.573766316355602,618,28,24,0.5697918534456996,0.5785452703161037,0.6423130447520691,24
V2-S,V2M-two_stage_user_local_reranker-v1,protocol_a_rollv2_cv3,3,2027,V2H-local-H2_E0,False,H2_E0_non_eeg,margin_power0p3_base0p025,fine_power_base_grid,0.3,0.025,0.5614886731391586,0.6026976475918685,0.5614886731391586,0.5968061634133062,618,28,24,0.5820990295640646,0.6006582268040601,0.6467809272687322,24
V2-S,V2M-two_stage_user_local_reranker-v1,protocol_a_rollv2_cv3,3,2027,V2H-local-H2_E0,False,H2_E0_non_eeg,margin_power0p3_base0p05,fine_power_base_grid,0.3,0.05,0.5679611650485437,0.6097145463850829,0.5679611650485437,0.6030295035652179,618,28,24,0.5901769753168354,0.6078278511611844,0.6515417856881272,24
V2-S,V2M-two_stage_user_local_reranker-v1,protocol_a_rollv2_cv3,3,2027,V2H-local-H2_E0,False,H2_E0_non_eeg,margin_power0p3_base0p075,fine_power_base_grid,0.3,0.075,0.5679611650485437,0.6114853797184163,0.5679611650485437,0.6052914083271227,618,28,24,0.5876128727527329,0.6056056289389623,0.6563026441075221,24
V2-S,V2M-two_stage_user_local_reranker-v1,protocol_a_rollv2_cv3,3,2027,V2H-local-H2_E0,False,H2_E0_non_eeg,margin_power0p3_base0p1,fine_power_base_grid,0.3,0.1,0.5776699029126213,0.617485710406247,0.5776699029126213,0.6096905012976441,618,28,24,0.5978914830313432,0.6154006024839358,0.6613198564418077,24
V2-S,V2M-two_stage_user_local_reranker-v1,protocol_a_rollv2_cv3,3,2027,V2H-local-H2_E0,False,H2_E0_non_eeg,margin_power0p3_base0p15,fine_power_base_grid,0.3,0.15,0.5792880258899676,0.6215393630563909,0.5792880258899676,0.6132694884480597,618,28,24,0.5988849340247941,0.6173604790271457,0.6698527796088772,24
V2-S,V2M-two_stage_user_local_reranker-v1,protocol_a_rollv2_cv3,3,2027,V2H-local-H2_E0,False,H2_E0_non_eeg,margin_power0p35_base0p0,fine_power_base_grid,0.35,0.0,0.551779935275081,0.5768390678546123,0.551779935275081,0.573766316355602,618,28,24,0.5697918534456996,0.5785452703161037,0.6423130447520691,24
V2-S,V2M-two_stage_user_local_reranker-v1,protocol_a_rollv2_cv3,3,2027,V2H-local-H2_E0,False,H2_E0_non_eeg,margin_power0p35_base0p025,fine_power_base_grid,0.35,0.025,0.558252427184466,0.5980680179622389,0.558252427184466,0.5928379094450522,618,28,24,0.5782140256790607,0.5960285971744305,0.6460118655240608,24
V2-S,V2M-two_stage_user_local_reranker-v1,protocol_a_rollv2_cv3,3,2027,V2H-local-H2_E0,False,H2_E0_non_eeg,margin_power0p35_base0p05,fine_power_base_grid,0.35,0.05,0.5679611650485437,0.6074353441058807,0.5679611650485437,0.601075901611616,618,28,24,0.5861256847270834,0.6040605536438869,0.6502966381015162,24
V2-S,V2M-two_stage_user_local_reranker-v1,protocol_a_rollv2_cv3,3,2027,V2H-local-H2_E0,False,H2_E0_non_eeg,margin_power0p35_base0p075,fine_power_base_grid,0.35,0.075,0.56957928802589,0.6136783621745567,0.56957928802589,0.6072755353112497,618,28,24,0.5920168021566623,0.6098715019548353,0.6538855929099832,24
V2-S,V2M-two_stage_user_local_reranker-v1,protocol_a_rollv2_cv3,3,2027,V2H-local-H2_E0,False,H2_E0_non_eeg,margin_power0p35_base0p1,fine_power_base_grid,0.35,0.1,0.5728155339805825,0.6155925225755592,0.5728155339805825,0.6088118164903878,618,28,24,0.5919585270983871,0.6097127717961052,0.6580604995239141,24
V2-S,V2M-two_stage_user_local_reranker-v1,protocol_a_rollv2_cv3,3,2027,V2H-local-H2_E0,False,H2_E0_non_eeg,margin_power0p35_base0p15,fine_power_base_grid,0.35,0.15,0.5760517799352751,0.6165264747101692,0.5760517799352751,0.6089727270084413,618,28,24,0.5945908306922293,0.6133892573475906,0.6654581410678972,24
V2-S,V2M-two_stage_user_local_reranker-v1,protocol_a_rollv2_cv3,3,2027,V2H-local-H2_E0,False,H2_E0_non_eeg,margin_power0p4_base0p0,fine_power_base_grid,0.4,0.0,0.551779935275081,0.5768390678546123,0.551779935275081,0.573766316355602,618,28,24,0.5697918534456996,0.5785452703161037,0.6423130447520691,24
V2-S,V2M-two_stage_user_local_reranker-v1,protocol_a_rollv2_cv3,3,2027,V2H-local-H2_E0,False,H2_E0_non_eeg,margin_power0p4_base0p025,fine_power_base_grid,0.4,0.025,0.5598705501618123,0.5997346846289054,0.5598705501618123,0.5942664808736238,618,28,24,0.5821475921126271,0.599848041618875,0.6456456456456456,24
V2-S,V2M-two_stage_user_local_reranker-v1,protocol_a_rollv2_cv3,3,2027,V2H-local-H2_E0,False,H2_E0_non_eeg,margin_power0p4_base0p05,fine_power_base_grid,0.4,0.05,0.5679611650485437,0.609221058391595,0.5679611650485437,0.6026065138565138,618,28,24,0.5871746357760343,0.605623053643887,0.6493444664176371,24
V2-S,V2M-two_stage_user_local_reranker-v1,protocol_a_rollv2_cv3,3,2027,V2H-local-H2_E0,False,H2_E0_non_eeg,margin_power0p4_base0p075,fine_power_base_grid,0.4,0.075,0.5663430420711975,0.6088812130517497,0.5663430420711975,0.6023152178509321,618,28,24,0.5891280242678844,0.6069945178278512,0.6521643594814326,24
V2-S,V2M-two_stage_user_local_reranker-v1,protocol_a_rollv2_cv3,3,2027,V2H-local-H2_E0,False,H2_E0_non_eeg,margin_power0p4_base0p1,fine_power_base_grid,0.4,0.1,0.5679611650485437,0.6114853797184163,0.5679611650485437,0.6052914083271227,618,28,24,0.5876128727527329,0.6056056289389623,0.6556434483263752,24
V2-S,V2M-two_stage_user_local_reranker-v1,protocol_a_rollv2_cv3,3,2027,V2H-local-H2_E0,False,H2_E0_non_eeg,margin_power0p4_base0p15,fine_power_base_grid,0.4,0.15,0.5792880258899676,0.6189738056443423,0.5792880258899676,0.6109660115017259,618,28,24,0.6004014730413332,0.6179303643886978,0.6627114919797846,24
V2-S,V2M-two_stage_user_local_reranker-v1,protocol_a_rollv2_cv3,3,2027,V2H-local-H2_E0,False,H2_E0_non_eeg,margin_power0p5_base0p0,fine_power_base_grid,0.5,0.0,0.551779935275081,0.5768390678546123,0.551779935275081,0.573766316355602,618,28,24,0.5697918534456996,0.5785452703161037,0.6423130447520691,24
V2-S,V2M-two_stage_user_local_reranker-v1,protocol_a_rollv2_cv3,3,2027,V2H-local-H2_E0,False,H2_E0_non_eeg,margin_power0p5_base0p025,fine_power_base_grid,0.5,0.025,0.558252427184466,0.5970337227367671,0.558252427184466,0.5910760205403063,618,28,24,0.5793268891170988,0.598184369642703,0.6447667179374497,24
V2-S,V2M-two_stage_user_local_reranker-v1,protocol_a_rollv2_cv3,3,2027,V2H-local-H2_E0,False,H2_E0_non_eeg,margin_power0p5_base0p05,fine_power_base_grid,0.5,0.05,0.5631067961165048,0.6036446172888381,0.5631067961165048,0.5976178517249945,618,28,24,0.583291019392418,0.6016051965010298,0.6474401230498791,24
V2-S,V2M-two_stage_user_local_reranker-v1,protocol_a_rollv2_cv3,3,2027,V2H-local-H2_E0,False,H2_E0_non_eeg,margin_power0p5_base0p075,fine_power_base_grid,0.5,0.075,0.5679611650485437,0.6074353441058807,0.5679611650485437,0.601075901611616,618,28,24,0.5861256847270834,0.6040605536438869,0.650369882077199,24
V2-S,V2M-two_stage_user_local_reranker-v1,protocol_a_rollv2_cv3,3,2027,V2H-local-H2_E0,False,H2_E0_non_eeg,margin_power0p5_base0p1,fine_power_base_grid,0.5,0.1,0.5663430420711975,0.6088812130517497,0.5663430420711975,0.6023152178509321,618,28,24,0.5891280242678844,0.6069945178278512,0.6526038233355306,24
V2-S,V2M-two_stage_user_local_reranker-v1,protocol_a_rollv2_cv3,3,2027,V2H-local-H2_E0,False,H2_E0_non_eeg,margin_power0p5_base0p15,fine_power_base_grid,0.5,0.15,0.5728155339805825,0.6155925225755592,0.5728155339805825,0.6088118164903878,618,28,24,0.5919585270983871,0.6097127717961052,0.6578407675968652,24
V2-S,V2M-two_stage_user_local_reranker-v1,protocol_a_rollv2_cv3,1,2028,V2H-local-H2_E0,False,H2_E0_non_eeg,v2n_eeg_base_0p05,reference_score_family,1.0,0.05,0.6421404682274248,0.6577913852020997,0.6421404682274248,0.6614681508967223,598,35,28,0.6209587344661971,0.6199217944753661,0.632488719194724,28
V2-S,V2M-two_stage_user_local_reranker-v1,protocol_a_rollv2_cv3,1,2028,V2H-local-H2_E0,False,H2_E0_non_eeg,sqrt_margin_eeg_base0p05,reference_score_family,0.5,0.05,0.6421404682274248,0.6610145178895179,0.6421404682274248,0.664046657046657,598,35,28,0.6204009174904698,0.6186806414484985,0.6323498785144047,28
V2-S,V2M-two_stage_user_local_reranker-v1,protocol_a_rollv2_cv3,1,2028,V2H-local-H2_E0,False,H2_E0_non_eeg,margin_power0p25_base0p05,reference_score_family,0.25,0.05,0.6471571906354515,0.6646851528101531,0.6471571906354515,0.666983164983165,598,35,28,0.6246664943679869,0.623014541675256,0.6325581395348838,28
V2-S,V2M-two_stage_user_local_reranker-v1,protocol_a_rollv2_cv3,1,2028,V2H-local-H2_E0,False,H2_E0_non_eeg,margin_power0p1_base0p0,fine_power_base_grid,0.1,0.0,0.6404682274247492,0.6584692952550096,0.6404682274247492,0.6745104789390504,598,35,28,0.6202788008011889,0.6194836330997047,0.6318292259632072,28
V2-S,V2M-two_stage_user_local_reranker-v1,protocol_a_rollv2_cv3,1,2028,V2H-local-H2_E0,False,H2_E0_non_eeg,margin_power0p1_base0p025,fine_power_base_grid,0.1,0.025,0.6505016722408027,0.6641324317217175,0.6505016722408027,0.6665409881124167,598,35,28,0.6247731041760892,0.6228869906548479,0.6331135022561609,28
V2-S,V2M-two_stage_user_local_reranker-v1,protocol_a_rollv2_cv3,1,2028,V2H-local-H2_E0,False,H2_E0_non_eeg,margin_power0p1_base0p05,fine_power_base_grid,0.1,0.05,0.6538461538461539,0.6697601373494232,0.6538461538461539,0.6710431526145813,598,35,28,0.6275936335637828,0.6246314763279049,0.6351961124609511,28
V2-S,V2M-two_stage_user_local_reranker-v1,protocol_a_rollv2_cv3,1,2028,V2H-local-H2_E0,False,H2_E0_non_eeg,margin_power0p1_base0p075,fine_power_base_grid,0.1,0.075,0.6488294314381271,0.6588899559435274,0.6488294314381271,0.6583787535216107,598,35,28,0.6231657728672654,0.6189483697519412,0.6365150989239847,28
V2-S,V2M-two_stage_user_local_reranker-v1,protocol_a_rollv2_cv3,1,2028,V2H-local-H2_E0,False,H2_E0_non_eeg,margin_power0p1_base0p1,fine_power_base_grid,0.1,0.1,0.6454849498327759,0.6507715697001412,0.6454849498327759,0.6433522984951555,598,35,28,0.6198573151558227,0.6150809755720471,0.6372093023255814,28
V2-S,V2M-two_stage_user_local_reranker-v1,protocol_a_rollv2_cv3,1,2028,V2H-local-H2_E0,False,H2_E0_non_eeg,margin_power0p1_base0p15,fine_power_base_grid,0.1,0.15,0.6387959866220736,0.6421406173191888,0.6387959866220736,0.6328761080189652,598,35,28,0.6125260063319764,0.6075389739229026,0.6402290871225269,28
V2-S,V2M-two_stage_user_local_reranker-v1,protocol_a_rollv2_cv3,1,2028,V2H-local-H2_E0,False,H2_E0_non_eeg,margin_power0p15_base0p0,fine_power_base_grid,0.15,0.0,0.6404682274247492,0.6584692952550096,0.6404682274247492,0.6745104789390504,598,35,28,0.6202788008011889,0.6194836330997047,0.6318292259632072,28
V2-S,V2M-two_stage_user_local_reranker-v1,protocol_a_rollv2_cv3,1,2028,V2H-local-H2_E0,False,H2_E0_non_eeg,margin_power0p15_base0p025,fine_power_base_grid,0.15,0.025,0.6471571906354515,0.6645859464609466,0.6471571906354515,0.6669037999037999,598,35,28,0.6246333268721328,0.6229153353260497,0.6324192988545645,28
V2-S,V2M-two_stage_user_local_reranker-v1,protocol_a_rollv2_cv3,1,2028,V2H-local-H2_E0,False,H2_E0_non_eeg,margin_power0p15_base0p05,fine_power_base_grid,0.15,0.05,0.6505016722408027,0.6638348126740985,0.6505016722408027,0.6663028928743214,598,35,28,0.623335056320131,0.6202367638974782,0.6337729954876778,28
V2-S,V2M-two_stage_user_local_reranker-v1,protocol_a_rollv2_cv3,1,2028,V2H-local-H2_E0,False,H2_E0_non_eeg,margin_power0p15_base0p075,fine_power_base_grid,0.15,0.075,0.6538461538461539,0.6697601373494232,0.6538461538461539,0.6710431526145813,598,35,28,0.6275936335637828,0.6246314763279049,0.6356126345019091,28
V2-S,V2M-two_stage_user_local_reranker-v1,protocol_a_rollv2_cv3,1,2028,V2H-local-H2_E0,False,H2_E0_non_eeg,margin_power0p15_base0p1,fine_power_base_grid,0.15,0.1,0.657190635451505,0.6692735538271254,0.657190635451505,0.6706538857967429,598,35,28,0.6304211625853416,0.6265541898577612,0.6355432141617494,28
V2-S,V2M-two_stage_user_local_reranker-v1,protocol_a_rollv2_cv3,1,2028,V2H-local-H2_E0,False,H2_E0_non_eeg,margin_power0p15_base0p15,fine_power_base_grid,0.15,0.15,0.6454849498327759,0.6507715697001412,0.6454849498327759,0.6433522984951555,598,35,28,0.6198573151558227,0.6150809755720471,0.637313432835821,28
V2-S,V2M-two_stage_user_local_reranker-v1,protocol_a_rollv2_cv3,1,2028,V2H-local-H2_E0,False,H2_E0_non_eeg,margin_power0p2_base0p0,fine_power_base_grid,0.2,0.0,0.6404682274247492,0.6584692952550096,0.6404682274247492,0.6745104789390504,598,35,28,0.6202788008011889,0.6194836330997047,0.6318292259632072,28
V2-S,V2M-two_stage_user_local_reranker-v1,protocol_a_rollv2_cv3,1,2028,V2H-local-H2_E0,False,H2_E0_non_eeg,margin_power0p2_base0p025,fine_power_base_grid,0.2,0.025,0.6438127090301003,0.6619073750323752,0.6438127090301003,0.6647609427609428,598,35,28,0.6214456936098728,0.6195734985913558,0.6326622700451232,28
V2-S,V2M-two_stage_user_local_reranker-v1,protocol_a_rollv2_cv3,1,2028,V2H-local-H2_E0,False,H2_E0_non_eeg,margin_power0p2_base0p05,fine_power_base_grid,0.2,0.05,0.6488294314381271,0.6664708670958672,0.6488294314381271,0.6684117364117363,598,35,28,0.6239486549934311,0.622546854600426,0.6328705310656022,28
V2-S,V2M-two_stage_user_local_reranker-v1,protocol_a_rollv2_cv3,1,2028,V2H-local-H2_E0,False,H2_E0_non_eeg,margin_power0p2_base0p075,fine_power_base_grid,0.2,0.075,0.6521739130434783,0.6656205269598129,0.6521739130434783,0.6677314643028929,598,35,28,0.6243585104779134,0.6212571720607435,0.6342589378687955,28
V2-S,V2M-two_stage_user_local_reranker-v1,protocol_a_rollv2_cv3,1,2028,V2H-local-H2_E0,False,H2_E0_non_eeg,margin_power0p2_base0p1,fine_power_base_grid,0.2,0.1,0.6521739130434783,0.668867280206566,0.6521739130434783,0.6703288669002956,598,35,28,0.6266234843100514,0.6237386191850477,0.6356473446719889,28
V2-S,V2M-two_stage_user_local_reranker-v1,protocol_a_rollv2_cv3,1,2028,V2H-local-H2_E0,False,H2_E0_non_eeg,margin_power0p2_base0p15,fine_power_base_grid,0.2,0.15,0.6505016722408027,0.6622629718165433,0.6505016722408027,0.6610771662200233,598,35,28,0.6260845125024229,0.6223213856249571,0.6365498090940646,28
V2-S,V2M-two_stage_user_local_reranker-v1,protocol_a_rollv2_cv3,1,2028,V2H-local-H2_E0,False,H2_E0_non_eeg,margin_power0p25_base0p0,fine_power_base_grid,0.25,0.0,0.6404682274247492,0.6584692952550096,0.6404682274247492,0.6745104789390504,598,35,28,0.6202788008011889,0.6194836330997047,0.6318292259632072,28
V2-S,V2M-two_stage_user_local_reranker-v1,protocol_a_rollv2_cv3,1,2028,V2H-local-H2_E0,False,H2_E0_non_eeg,margin_power0p25_base0p025,fine_power_base_grid,0.25,0.025,0.6421404682274248,0.6610145178895179,0.6421404682274248,0.664046657046657,598,35,28,0.6204009174904698,0.6186806414484985,0.6323151683443249,28
V2-S,V2M-two_stage_user_local_reranker-v1,protocol_a_rollv2_cv3,1,2028,V2H-local-H2_E0,False,H2_E0_non_eeg,margin_power0p25_base0p05,fine_power_base_grid,0.25,0.05,0.6471571906354515,0.6646851528101531,0.6471571906354515,0.666983164983165,598,35,28,0.6246664943679869,0.623014541675256,0.6325581395348838,28
V2-S,V2M-two_stage_user_local_reranker-v1,protocol_a_rollv2_cv3,1,2028,V2H-local-H2_E0,False,H2_E0_non_eeg,margin_power0p25_base0p075,fine_power_base_grid,0.25,0.075,0.6521739130434783,0.6653229079121937,0.6521739130434783,0.6674933690647975,598,35,28,0.6278908487863712,0.626061593829451,0.6331829225963208,28
V2-S,V2M-two_stage_user_local_reranker-v1,protocol_a_rollv2_cv3,1,2028,V2H-local-H2_E0,False,H2_E0_non_eeg,margin_power0p25_base0p1,fine_power_base_grid,0.25,0.1,0.6521739130434783,0.6656205269598129,0.6521739130434783,0.6677314643028929,598,35,28,0.6243585104779134,0.6212571720607435,0.6346407497396738,28
V2-S,V2M-two_stage_user_local_reranker-v1,protocol_a_rollv2_cv3,1,2028,V2H-local-H2_E0,False,H2_E0_non_eeg,margin_power0p25_base0p15,fine_power_base_grid,0.25,0.15,0.6555183946488294,0.6701238939631798,0.6555183946488294,0.6713341579055865,598,35,28,0.6283481940944627,0.6249952329416615,0.6358208955223881,28
V2-S,V2M-two_stage_user_local_reranker-v1,protocol_a_rollv2_cv3,1,2028,V2H-local-H2_E0,False,H2_E0_non_eeg,margin_power0p3_base0p0,fine_power_base_grid,0.3,0.0,0.6404682274247492,0.6584692952550096,0.6404682274247492,0.6745104789390504,598,35,28,0.6202788008011889,0.6194836330997047,0.6318292259632072,28
V2-S,V2M-two_stage_user_local_reranker-v1,protocol_a_rollv2_cv3,1,2028,V2H-local-H2_E0,False,H2_E0_non_eeg,margin_power0p3_base0p025,fine_power_base_grid,0.3,0.025,0.6438127090301003,0.6616758935508936,0.6438127090301003,0.6645757575757575,598,35,28,0.6245883138420452,0.6238063028241599,0.6322110378340853,28
V2-S,V2M-two_stage_user_local_reranker-v1,protocol_a_rollv2_cv3,1,2028,V2H-local-H2_E0,False,H2_E0_non_eeg,margin_power0p3_base0p05,fine_power_base_grid,0.3,0.05,0.6471571906354515,0.6645859464609466,0.6471571906354515,0.6669037999037999,598,35,28,0.6246333268721328,0.6229153353260497,0.6323845886844845,28
V2-S,V2M-two_stage_user_local_reranker-v1,protocol_a_rollv2_cv3,1,2028,V2H-local-H2_E0,False,H2_E0_non_eeg,margin_power0p3_base0p075,fine_power_base_grid,0.3,0.075,0.6488294314381271,0.6664708670958672,0.6488294314381271,0.6684117364117363,598,35,28,0.6257728672654046,0.6245309815845531,0.6330787920860812,28
V2-S,V2M-two_stage_user_local_reranker-v1,protocol_a_rollv2_cv3,1,2028,V2H-local-H2_E0,False,H2_E0_non_eeg,margin_power0p3_base0p1,fine_power_base_grid,0.3,0.1,0.6505016722408027,0.6644300507693366,0.6505016722408027,0.6667790833505118,598,35,28,0.6269206995326398,0.6251687366865938,0.6335994446372788,28
V2-S,V2M-two_stage_user_local_reranker-v1,protocol_a_rollv2_cv3,1,2028,V2H-local-H2_E0,False,H2_E0_non_eeg,margin_power0p3_base0p15,fine_power_base_grid,0.3,0.15,0.6488294314381271,0.6641324317217175,0.6488294314381271,0.6665409881124167,598,35,28,0.6219988800585815,0.6190037707001992,0.6357514751822284,28
V2-S,V2M-two_stage_user_local_reranker-v1,protocol_a_rollv2_cv3,1,2028,V2H-local-H2_E0,False,H2_E0_non_eeg,margin_power0p35_base0p0,fine_power_base_grid,0.35,0.0,0.6404682274247492,0.6584692952550096,0.6404682274247492,0.6745104789390504,598,35,28,0.6202788008011889,0.6194836330997047,0.6318292259632072,28
V2-S,V2M-two_stage_user_local_reranker-v1,protocol_a_rollv2_cv3,1,2028,V2H-local-H2_E0,False,H2_E0_non_eeg,margin_power0p35_base0p025,fine_power_base_grid,0.35,0.025,0.6421404682274248,0.6584291403041403,0.6421404682274248,0.661978354978355,598,35,28,0.6213318687945554,0.6205595495774068,0.6322110378340854,28
V2-S,V2M-two_stage_user_local_reranker-v1,protocol_a_rollv2_cv3,1,2028,V2H-local-H2_E0,False,H2_E0_non_eeg,margin_power0p35_base0p05,fine_power_base_grid,0.35,0.05,0.6438127090301003,0.6621624770731914,0.6438127090301003,0.6649650243935957,598,35,28,0.6228102991535828,0.6212571720607435,0.632696980215203,28
V2-S,V2M-two_stage_user_local_reranker-v1,protocol_a_rollv2_cv3,1,2028,V2H-local-H2_E0,False,H2_E0_non_eeg,margin_power0p35_base0p075,fine_power_base_grid,0.35,0.075,0.6488294314381271,0.6655780099530101,0.6488294314381271,0.6676974506974507,598,35,28,0.6239699769550515,0.6224193035800178,0.6327664005553627,28
V2-S,V2M-two_stage_user_local_reranker-v1,protocol_a_rollv2_cv3,1,2028,V2H-local-H2_E0,False,H2_E0_non_eeg,margin_power0p35_base0p1,fine_power_base_grid,0.35,0.1,0.6521739130434783,0.6691494385244388,0.6521739130434783,0.6705545935545936,598,35,28,0.6284345588076932,0.6272095530131245,0.6331829225963207,28
V2-S,V2M-two_stage_user_local_reranker-v1,protocol_a_rollv2_cv3,1,2028,V2H-local-H2_E0,False,H2_E0_non_eeg,margin_power0p35_base0p15,fine_power_base_grid,0.35,0.15,0.6521739130434783,0.6656205269598129,0.6521739130434783,0.6677314643028929,598,35,28,0.6243585104779134,0.6212571720607435,0.6347795904199931,28
V2-S,V2M-two_stage_user_local_reranker-v1,protocol_a_rollv2_cv3,1,2028,V2H-local-H2_E0,False,H2_E0_non_eeg,margin_power0p4_base0p0,fine_power_base_grid,0.4,0.0,0.6404682274247492,0.6584692952550096,0.6404682274247492,0.6745104789390504,598,35,28,0.6202788008011889,0.6194836330997047,0.6318292259632072,28
V2-S,V2M-two_stage_user_local_reranker-v1,protocol_a_rollv2_cv3,1,2028,V2H-local-H2_E0,False,H2_E0_non_eeg,margin_power0p4_base0p025,fine_power_base_grid,0.4,0.025,0.6438127090301003,0.6590668954061812,0.6438127090301003,0.6624885590599876,598,35,28,0.622131442355323,0.6211973046794477,0.6324192988545644,28
V2-S,V2M-two_stage_user_local_reranker-v1,protocol_a_rollv2_cv3,1,2028,V2H-local-H2_E0,False,H2_E0_non_eeg,margin_power0p4_base0p05,fine_power_base_grid,0.4,0.05,0.6438127090301003,0.6619073750323752,0.6438127090301003,0.6647609427609428,598,35,28,0.6213710667442011,0.6195734985913558,0.6325928497049635,28
V2-S,V2M-two_stage_user_local_reranker-v1,protocol_a_rollv2_cv3,1,2028,V2H-local-H2_E0,False,H2_E0_non_eeg,margin_power0p4_base0p075,fine_power_base_grid,0.4,0.075,0.6488294314381271,0.6655780099530101,0.6488294314381271,0.6676974506974507,598,35,28,0.62571127048739,0.6239073988181131,0.6324540090246442,28
V2-S,V2M-two_stage_user_local_reranker-v1,protocol_a_rollv2_cv3,1,2028,V2H-local-H2_E0,False,H2_E0_non_eeg,margin_power0p4_base0p1,fine_power_base_grid,0.4,0.1,0.6488294314381271,0.6664708670958672,0.6488294314381271,0.6684117364117363,598,35,28,0.6257728672654046,0.6245309815845531,0.6329746615758418,28
V2-S,V2M-two_stage_user_local_reranker-v1,protocol_a_rollv2_cv3,1,2028,V2H-local-H2_E0,False,H2_E0_non_eeg,margin_power0p4_base0p15,fine_power_base_grid,0.4,0.15,0.6488294314381271,0.6629419555312415,0.6488294314381271,0.6655886071600358,598,35,28,0.6242092567465701,0.6218949271627843,0.6344324887191948,28
V2-S,V2M-two_stage_user_local_reranker-v1,protocol_a_rollv2_cv3,1,2028,V2H-local-H2_E0,False,H2_E0_non_eeg,margin_power0p5_base0p0,fine_power_base_grid,0.5,0.0,0.6404682274247492,0.6584692952550096,0.6404682274247492,0.6745104789390504,598,35,28,0.6202788008011889,0.6194836330997047,0.6318292259632072,28
V2-S,V2M-two_stage_user_local_reranker-v1,protocol_a_rollv2_cv3,1,2028,V2H-local-H2_E0,False,H2_E0_non_eeg,margin_power0p5_base0p025,fine_power_base_grid,0.5,0.025,0.6438127090301003,0.6590668954061812,0.6438127090301003,0.6624885590599876,598,35,28,0.622131442355323,0.6211973046794477,0.6323845886844845,28
V2-S,V2M-two_stage_user_local_reranker-v1,protocol_a_rollv2_cv3,1,2028,V2H-local-H2_E0,False,H2_E0_non_eeg,margin_power0p5_base0p05,fine_power_base_grid,0.5,0.05,0.6421404682274248,0.6610145178895179,0.6421404682274248,0.664046657046657,598,35,28,0.6204009174904698,0.6186806414484985,0.6323498785144047,28
V2-S,V2M-two_stage_user_local_reranker-v1,protocol_a_rollv2_cv3,1,2028,V2H-local-H2_E0,False,H2_E0_non_eeg,margin_power0p5_base0p075,fine_power_base_grid,0.5,0.075,0.6454849498327759,0.6628002321752323,0.6454849498327759,0.6654752284752284,598,35,28,0.6236098727143503,0.6218949271627844,0.6328011107254425,28
V2-S,V2M-two_stage_user_local_reranker-v1,protocol_a_rollv2_cv3,1,2028,V2H-local-H2_E0,False,H2_E0_non_eeg,margin_power0p5_base0p1,fine_power_base_grid,0.5,0.1,0.6488294314381271,0.6655780099530101,0.6488294314381271,0.6676974506974507,598,35,28,0.62571127048739,0.6239073988181131,0.632731690385283,28
V2-S,V2M-two_stage_user_local_reranker-v1,protocol_a_rollv2_cv3,1,2028,V2H-local-H2_E0,False,H2_E0_non_eeg,margin_power0p5_base0p15,fine_power_base_grid,0.5,0.15,0.6505016722408027,0.6676613432863434,0.6505016722408027,0.6693641173641175,598,35,28,0.627066399603713,0.6257214577750292,0.6334258937868795,28
V2-S,V2M-two_stage_user_local_reranker-v1,protocol_a_rollv2_cv3,2,2028,V2H-local-H2_E0,False,H2_E0_non_eeg,v2n_eeg_base_0p05,reference_score_family,1.0,0.05,0.5547945205479452,0.5512654012654012,0.5547945205479452,0.5351046176046176,584,30,26,0.5469023944805194,0.5426157176157176,0.5887422665665344,26
V2-S,V2M-two_stage_user_local_reranker-v1,protocol_a_rollv2_cv3,2,2028,V2H-local-H2_E0,False,H2_E0_non_eeg,sqrt_margin_eeg_base0p05,reference_score_family,0.5,0.05,0.5565068493150684,0.5539388851888852,0.5565068493150684,0.5374216370049704,584,30,26,0.5469247159090909,0.543495855995856,0.5914243822193612,26
V2-S,V2M-two_stage_user_local_reranker-v1,protocol_a_rollv2_cv3,2,2028,V2H-local-H2_E0,False,H2_E0_non_eeg,margin_power0p25_base0p05,reference_score_family,0.25,0.05,0.5633561643835616,0.5631269193769194,0.5633561643835616,0.5547629068462402,584,30,26,0.5545251623376624,0.5516765641765642,0.5947859671709044,26
V2-S,V2M-two_stage_user_local_reranker-v1,protocol_a_rollv2_cv3,2,2028,V2H-local-H2_E0,False,H2_E0_non_eeg,margin_power0p1_base0p0,fine_power_base_grid,0.1,0.0,0.553082191780822,0.5494491619491619,0.553082191780822,0.5333321308321308,584,30,26,0.5457912833694083,0.5414405039405039,0.5862747201659335,26
V2-S,V2M-two_stage_user_local_reranker-v1,protocol_a_rollv2_cv3,2,2028,V2H-local-H2_E0,False,H2_E0_non_eeg,margin_power0p1_base0p025,fine_power_base_grid,0.1,0.025,0.5736301369863014,0.5700917138417139,0.5736301369863014,0.560799062049062,584,30,26,0.5630097853535354,0.5603583916083916,0.5972892751135429,26
V2-S,V2M-two_stage_user_local_reranker-v1,protocol_a_rollv2_cv3,2,2028,V2H-local-H2_E0,False,H2_E0_non_eeg,margin_power0p1_base0p05,fine_power_base_grid,0.1,0.05,0.583904109589041,0.5872925685425685,0.583904109589041,0.5865530303030303,584,30,26,0.5774283008658008,0.5751713564213564,0.6040482065586668,26
V2-S,V2M-two_stage_user_local_reranker-v1,protocol_a_rollv2_cv3,2,2028,V2H-local-H2_E0,False,H2_E0_non_eeg,margin_power0p1_base0p075,fine_power_base_grid,0.1,0.075,0.5924657534246576,0.5986300736300736,0.5924657534246576,0.5963788680455347,584,30,26,0.5873005726911977,0.5858144170644171,0.6095912455745092,26
V2-S,V2M-two_stage_user_local_reranker-v1,protocol_a_rollv2_cv3,2,2028,V2H-local-H2_E0,False,H2_E0_non_eeg,margin_power0p1_base0p1,fine_power_base_grid,0.1,0.1,0.5976027397260274,0.6048622673622673,0.5976027397260274,0.601780102613436,584,30,26,0.5923850108225108,0.5905897343397343,0.6154561384686907,26
V2-S,V2M-two_stage_user_local_reranker-v1,protocol_a_rollv2_cv3,2,2028,V2H-local-H2_E0,False,H2_E0_non_eeg,margin_power0p1_base0p15,fine_power_base_grid,0.1,0.15,0.6027397260273972,0.6150728900728901,0.6027397260273972,0.6131293089626423,584,30,26,0.5967810921717172,0.5960323472823472,0.6231806315488324,26
V2-S,V2M-two_stage_user_local_reranker-v1,protocol_a_rollv2_cv3,2,2028,V2H-local-H2_E0,False,H2_E0_non_eeg,margin_power0p15_base0p0,fine_power_base_grid,0.15,0.0,0.553082191780822,0.5494491619491619,0.553082191780822,0.5333321308321308,584,30,26,0.5457912833694083,0.5414405039405039,0.5862747201659335,26
V2-S,V2M-two_stage_user_local_reranker-v1,protocol_a_rollv2_cv3,2,2028,V2H-local-H2_E0,False,H2_E0_non_eeg,margin_power0p15_base0p025,fine_power_base_grid,0.15,0.025,0.5582191780821918,0.5565029877529878,0.5582191780821918,0.5396438592271925,584,30,26,0.5506536345598846,0.5472428034928035,0.5943210671244143,26
V2-S,V2M-two_stage_user_local_reranker-v1,protocol_a_rollv2_cv3,2,2028,V2H-local-H2_E0,False,H2_E0_non_eeg,margin_power0p15_base0p05,fine_power_base_grid,0.15,0.05,0.571917808219178,0.5687384374884376,0.571917808219178,0.5531447410614077,584,30,26,0.565630073051948,0.5626757501757502,0.5989700675893145,26
V2-S,V2M-two_stage_user_local_reranker-v1,protocol_a_rollv2_cv3,2,2028,V2H-local-H2_E0,False,H2_E0_non_eeg,margin_power0p15_base0p075,fine_power_base_grid,0.15,0.075,0.5856164383561644,0.5880938505938507,0.5856164383561644,0.5872474747474747,584,30,26,0.5782653544372295,0.5758581696081696,0.6041197296427423,26
V2-S,V2M-two_stage_user_local_reranker-v1,protocol_a_rollv2_cv3,2,2028,V2H-local-H2_E0,False,H2_E0_non_eeg,margin_power0p15_base0p1,fine_power_base_grid,0.15,0.1,0.5907534246575342,0.5983095608095608,0.5907534246575342,0.5961010902677569,584,30,26,0.5861435786435787,0.5850360287860288,0.6078389300146622,26
V2-S,V2M-two_stage_user_local_reranker-v1,protocol_a_rollv2_cv3,2,2028,V2H-local-H2_E0,False,H2_E0_non_eeg,margin_power0p15_base0p15,fine_power_base_grid,0.15,0.15,0.5993150684931506,0.6064648314648314,0.5993150684931506,0.603168991502325,584,30,26,0.5927235524891776,0.59123075998076,0.6155991846368415,26
V2-S,V2M-two_stage_user_local_reranker-v1,protocol_a_rollv2_cv3,2,2028,V2H-local-H2_E0,False,H2_E0_non_eeg,margin_power0p2_base0p0,fine_power_base_grid,0.2,0.0,0.553082191780822,0.5494491619491619,0.553082191780822,0.5333321308321308,584,30,26,0.5457912833694083,0.5414405039405039,0.5862747201659335,26
V2-S,V2M-two_stage_user_local_reranker-v1,protocol_a_rollv2_cv3,2,2028,V2H-local-H2_E0,False,H2_E0_non_eeg,margin_power0p2_base0p025,fine_power_base_grid,0.2,0.025,0.5565068493150684,0.5549004236504237,0.5565068493150684,0.5382549703383037,584,30,26,0.5488307178932178,0.5456402393902393,0.5925687515645675,26
V2-S,V2M-two_stage_user_local_reranker-v1,protocol_a_rollv2_cv3,2,2028,V2H-local-H2_E0,False,H2_E0_non_eeg,margin_power0p2_base0p05,fine_power_base_grid,0.2,0.05,0.5702054794520548,0.5676878676878677,0.5702054794520548,0.5587157287157287,584,30,26,0.5611955492424243,0.5578477078477078,0.5968958981511284,26
V2-S,V2M-two_stage_user_local_reranker-v1,protocol_a_rollv2_cv3,2,2028,V2H-local-H2_E0,False,H2_E0_non_eeg,margin_power0p2_base0p075,fine_power_base_grid,0.2,0.075,0.577054794520548,0.5771964146964147,0.577054794520548,0.5678823953823954,584,30,26,0.5710120174963925,0.5689969752469752,0.6007581446911991,26
V2-S,V2M-two_stage_user_local_reranker-v1,protocol_a_rollv2_cv3,2,2028,V2H-local-H2_E0,False,H2_E0_non_eeg,margin_power0p2_base0p1,fine_power_base_grid,0.2,0.1,0.5821917808219178,0.5856900044400045,0.5821917808219178,0.5851641414141414,584,30,26,0.5756053841991341,0.5735687923187924,0.6042985373529307,26
V2-S,V2M-two_stage_user_local_reranker-v1,protocol_a_rollv2_cv3,2,2028,V2H-local-H2_E0,False,H2_E0_non_eeg,margin_power0p2_base0p15,fine_power_base_grid,0.2,0.15,0.5907534246575342,0.5983095608095608,0.5907534246575342,0.5961010902677569,584,30,26,0.5869806322150073,0.585722841972842,0.6095554840324715,26
V2-S,V2M-two_stage_user_local_reranker-v1,protocol_a_rollv2_cv3,2,2028,V2H-local-H2_E0,False,H2_E0_non_eeg,margin_power0p25_base0p0,fine_power_base_grid,0.25,0.0,0.553082191780822,0.5494491619491619,0.553082191780822,0.5333321308321308,584,30,26,0.5457912833694083,0.5414405039405039,0.5862747201659335,26
V2-S,V2M-two_stage_user_local_reranker-v1,protocol_a_rollv2_cv3,2,2028,V2H-local-H2_E0,False,H2_E0_non_eeg,margin_power0p25_base0p025,fine_power_base_grid,0.25,0.025,0.5582191780821918,0.5557017057017057,0.5582191780821918,0.5389494147827482,584,30,26,0.5485392992424243,0.5452586765086765,0.5921038515180774,26
V2-S,V2M-two_stage_user_local_reranker-v1,protocol_a_rollv2_cv3,2,2028,V2H-local-H2_E0,False,H2_E0_non_eeg,margin_power0p25_base0p05,fine_power_base_grid,0.25,0.05,0.5633561643835616,0.5631269193769194,0.5633561643835616,0.5547629068462402,584,30,26,0.5545251623376624,0.5516765641765642,0.5947859671709044,26
V2-S,V2M-two_stage_user_local_reranker-v1,protocol_a_rollv2_cv3,2,2028,V2H-local-H2_E0,False,H2_E0_non_eeg,margin_power0p25_base0p075,fine_power_base_grid,0.25,0.075,0.5736301369863014,0.5707327394827395,0.5736301369863014,0.5613546176046176,584,30,26,0.5659611742424242,0.5630293317793318,0.5978614597861459,26
V2-S,V2M-two_stage_user_local_reranker-v1,protocol_a_rollv2_cv3,2,2028,V2H-local-H2_E0,False,H2_E0_non_eeg,margin_power0p25_base0p1,fine_power_base_grid,0.25,0.1,0.5787671232876712,0.5786209161209162,0.5787671232876712,0.5691169632836299,584,30,26,0.5724009063852813,0.5704214766714767,0.6014018524478776,26
V2-S,V2M-two_stage_user_local_reranker-v1,protocol_a_rollv2_cv3,2,2028,V2H-local-H2_E0,False,H2_E0_non_eeg,margin_power0p25_base0p15,fine_power_base_grid,0.25,0.15,0.5958904109589042,0.6003750878750879,0.5958904109589042,0.597891213724547,584,30,26,0.5881351461038962,0.586185804935805,0.6061223759968529,26
V2-S,V2M-two_stage_user_local_reranker-v1,protocol_a_rollv2_cv3,2,2028,V2H-local-H2_E0,False,H2_E0_non_eeg,margin_power0p3_base0p0,fine_power_base_grid,0.3,0.0,0.553082191780822,0.5494491619491619,0.553082191780822,0.5333321308321308,584,30,26,0.5457912833694083,0.5414405039405039,0.5862747201659335,26
V2-S,V2M-two_stage_user_local_reranker-v1,protocol_a_rollv2_cv3,2,2028,V2H-local-H2_E0,False,H2_E0_non_eeg,margin_power0p3_base0p025,fine_power_base_grid,0.3,0.025,0.5565068493150684,0.5539388851888852,0.5565068493150684,0.5374216370049704,584,30,26,0.5469247159090909,0.543495855995856,0.5914959053034367,26
V2-S,V2M-two_stage_user_local_reranker-v1,protocol_a_rollv2_cv3,2,2028,V2H-local-H2_E0,False,H2_E0_non_eeg,margin_power0p3_base0p05,fine_power_base_grid,0.3,0.05,0.559931506849315,0.5579274891774891,0.559931506849315,0.5408784271284272,584,30,26,0.5520425234487735,0.5486673049173049,0.5940707363301505,26
V2-S,V2M-two_stage_user_local_reranker-v1,protocol_a_rollv2_cv3,2,2028,V2H-local-H2_E0,False,H2_E0_non_eeg,margin_power0p3_base0p075,fine_power_base_grid,0.3,0.075,0.5702054794520548,0.5676878676878677,0.5702054794520548,0.5587157287157287,584,30,26,0.5611955492424243,0.5578477078477078,0.5965025211887136,26
V2-S,V2M-two_stage_user_local_reranker-v1,protocol_a_rollv2_cv3,2,2028,V2H-local-H2_E0,False,H2_E0_non_eeg,margin_power0p3_base0p1,fine_power_base_grid,0.3,0.1,0.5753424657534246,0.5723353035853036,0.5753424657534246,0.5627435064935065,584,30,26,0.5677840909090908,0.5646318958818959,0.5987554983370882,26
V2-S,V2M-two_stage_user_local_reranker-v1,protocol_a_rollv2_cv3,2,2028,V2H-local-H2_E0,False,H2_E0_non_eeg,margin_power0p3_base0p15,fine_power_base_grid,0.3,0.15,0.583904109589041,0.5872925685425685,0.583904109589041,0.5865530303030303,584,30,26,0.5770376758658009,0.5751713564213565,0.6036905911382899,26
V2-S,V2M-two_stage_user_local_reranker-v1,protocol_a_rollv2_cv3,2,2028,V2H-local-H2_E0,False,H2_E0_non_eeg,margin_power0p35_base0p0,fine_power_base_grid,0.35,0.0,0.553082191780822,0.5494491619491619,0.553082191780822,0.5333321308321308,584,30,26,0.5457912833694083,0.5414405039405039,0.5862747201659335,26
V2-S,V2M-two_stage_user_local_reranker-v1,protocol_a_rollv2_cv3,2,2028,V2H-local-H2_E0,False,H2_E0_non_eeg,margin_power0p35_base0p025,fine_power_base_grid,0.35,0.025,0.5565068493150684,0.554167822917823,0.5565068493150684,0.5376200497033831,584,30,26,0.5480655889249639,0.5447168572168573,0.5904945821263813,26
V2-S,V2M-two_stage_user_local_reranker-v1,protocol_a_rollv2_cv3,2,2028,V2H-local-H2_E0,False,H2_E0_non_eeg,margin_power0p35_base0p05,fine_power_base_grid,0.35,0.05,0.5582191780821918,0.5565029877529878,0.5582191780821918,0.5396438592271926,584,30,26,0.5506536345598845,0.5472428034928034,0.5928190823588313,26
V2-S,V2M-two_stage_user_local_reranker-v1,protocol_a_rollv2_cv3,2,2028,V2H-local-H2_E0,False,H2_E0_non_eeg,margin_power0p35_base0p075,fine_power_base_grid,0.35,0.075,0.5633561643835616,0.5631269193769194,0.5633561643835616,0.5547629068462402,584,30,26,0.5556189123376624,0.5526381026381025,0.5950720595072059,26
V2-S,V2M-two_stage_user_local_reranker-v1,protocol_a_rollv2_cv3,2,2028,V2H-local-H2_E0,False,H2_E0_non_eeg,margin_power0p35_base0p1,fine_power_base_grid,0.35,0.1,0.5684931506849316,0.5646608021608022,0.5684931506849316,0.5560922719256053,584,30,26,0.5593292297979798,0.5558890183890184,0.5976826520759575,26
V2-S,V2M-two_stage_user_local_reranker-v1,protocol_a_rollv2_cv3,2,2028,V2H-local-H2_E0,False,H2_E0_non_eeg,margin_power0p35_base0p15,fine_power_base_grid,0.35,0.15,0.5821917808219178,0.5826273263773264,0.5821917808219178,0.5825098204264871,584,30,26,0.5745450036075035,0.5720774595774596,0.6019382755784429,26
V2-S,V2M-two_stage_user_local_reranker-v1,protocol_a_rollv2_cv3,2,2028,V2H-local-H2_E0,False,H2_E0_non_eeg,margin_power0p4_base0p0,fine_power_base_grid,0.4,0.0,0.553082191780822,0.5494491619491619,0.553082191780822,0.5333321308321308,584,30,26,0.5457912833694083,0.5414405039405039,0.5862747201659335,26
V2-S,V2M-two_stage_user_local_reranker-v1,protocol_a_rollv2_cv3,2,2028,V2H-local-H2_E0,False,H2_E0_non_eeg,margin_power0p4_base0p025,fine_power_base_grid,0.4,0.025,0.5547945205479452,0.5533665408665409,0.5547945205479452,0.5369256052589385,584,30,26,0.5472285353535354,0.5440300440300441,0.5898508743697027,26
V2-S,V2M-two_stage_user_local_reranker-v1,protocol_a_rollv2_cv3,2,2028,V2H-local-H2_E0,False,H2_E0_non_eeg,margin_power0p4_base0p05,fine_power_base_grid,0.4,0.05,0.5582191780821918,0.5557017057017057,0.5582191780821918,0.5389494147827482,584,30,26,0.5496677714646465,0.5463270525770526,0.592497228480492,26
V2-S,V2M-two_stage_user_local_reranker-v1,protocol_a_rollv2_cv3,2,2028,V2H-local-H2_E0,False,H2_E0_non_eeg,margin_power0p4_base0p075,fine_power_base_grid,0.4,0.075,0.559931506849315,0.5579274891774891,0.559931506849315,0.5408784271284272,584,30,26,0.5531362734487735,0.5496288433788433,0.5943925902084898,26
V2-S,V2M-two_stage_user_local_reranker-v1,protocol_a_rollv2_cv3,2,2028,V2H-local-H2_E0,False,H2_E0_non_eeg,margin_power0p4_base0p1,fine_power_base_grid,0.4,0.1,0.5667808219178082,0.5655129592629593,0.5667808219178082,0.556830808080808,584,30,26,0.5581015512265514,0.5550241425241424,0.5963952365626006,26
V2-S,V2M-two_stage_user_local_reranker-v1,protocol_a_rollv2_cv3,2,2028,V2H-local-H2_E0,False,H2_E0_non_eeg,margin_power0p4_base0p15,fine_power_base_grid,0.4,0.15,0.5804794520547946,0.5769649332149333,0.5804794520547946,0.5766764870931538,584,30,26,0.5704490214646465,0.5671781921781922,0.5991131137574652,26
V2-S,V2M-two_stage_user_local_reranker-v1,protocol_a_rollv2_cv3,2,2028,V2H-local-H2_E0,False,H2_E0_non_eeg,margin_power0p5_base0p0,fine_power_base_grid,0.5,0.0,0.553082191780822,0.5494491619491619,0.553082191780822,0.5333321308321308,584,30,26,0.5457912833694083,0.5414405039405039,0.5862747201659335,26
V2-S,V2M-two_stage_user_local_reranker-v1,protocol_a_rollv2_cv3,2,2028,V2H-local-H2_E0,False,H2_E0_non_eeg,margin_power0p5_base0p025,fine_power_base_grid,0.5,0.025,0.553082191780822,0.5499833499833501,0.553082191780822,0.5339935064935065,584,30,26,0.5447111742424242,0.5406468531468531,0.5890641204448736,26
V2-S,V2M-two_stage_user_local_reranker-v1,protocol_a_rollv2_cv3,2,2028,V2H-local-H2_E0,False,H2_E0_non_eeg,margin_power0p5_base0p05,fine_power_base_grid,0.5,0.05,0.5565068493150684,0.5539388851888852,0.5565068493150684,0.5374216370049704,584,30,26,0.5469247159090909,0.543495855995856,0.5914243822193612,26
V2-S,V2M-two_stage_user_local_reranker-v1,protocol_a_rollv2_cv3,2,2028,V2H-local-H2_E0,False,H2_E0_non_eeg,margin_power0p5_base0p075,fine_power_base_grid,0.5,0.075,0.559931506849315,0.5573042698042698,0.559931506849315,0.540338303671637,584,30,26,0.5514906881313132,0.5479296166796167,0.592854843900869,26
V2-S,V2M-two_stage_user_local_reranker-v1,protocol_a_rollv2_cv3,2,2028,V2H-local-H2_E0,False,H2_E0_non_eeg,margin_power0p5_base0p1,fine_power_base_grid,0.5,0.1,0.5616438356164384,0.5588890276390276,0.5616438356164384,0.5417117604617605,584,30,26,0.5542300234487735,0.5505903818403819,0.5947144440868289,26
V2-S,V2M-two_stage_user_local_reranker-v1,protocol_a_rollv2_cv3,2,2028,V2H-local-H2_E0,False,H2_E0_non_eeg,margin_power0p5_base0p15,fine_power_base_grid,0.5,0.15,0.5667808219178082,0.5635212010212011,0.5667808219178082,0.5551046176046177,584,30,26,0.558192077020202,0.5547494172494172,0.5976468905339197,26
V2-S,V2M-two_stage_user_local_reranker-v1,protocol_a_rollv2_cv3,3,2028,V2H-local-H2_E0,False,H2_E0_non_eeg,v2n_eeg_base_0p05,reference_score_family,1.0,0.05,0.5647249190938511,0.593835493634094,0.5647249190938511,0.5766881696345981,618,28,24,0.5671116664997784,0.5860199060199061,0.5858785614883175,24
V2-S,V2M-two_stage_user_local_reranker-v1,protocol_a_rollv2_cv3,3,2028,V2H-local-H2_E0,False,H2_E0_non_eeg,sqrt_margin_eeg_base0p05,reference_score_family,0.5,0.05,0.5647249190938511,0.5948290676209278,0.5647249190938511,0.5782557158450016,618,28,24,0.5674836430081185,0.5861346446763113,0.5881125027466491,24
V2-S,V2M-two_stage_user_local_reranker-v1,protocol_a_rollv2_cv3,3,2028,V2H-local-H2_E0,False,H2_E0_non_eeg,margin_power0p25_base0p05,reference_score_family,0.25,0.05,0.56957928802589,0.6006793926437245,0.56957928802589,0.5777762184905042,618,28,24,0.5729073859318614,0.592541721395888,0.5934959349593496,24
V2-S,V2M-two_stage_user_local_reranker-v1,protocol_a_rollv2_cv3,3,2028,V2H-local-H2_E0,False,H2_E0_non_eeg,margin_power0p1_base0p0,fine_power_base_grid,0.1,0.0,0.5614886731391586,0.5907741510415013,0.5614886731391586,0.5739047229225801,618,28,24,0.5646544015425135,0.5834967578717579,0.5829488024609977,24
V2-S,V2M-two_stage_user_local_reranker-v1,protocol_a_rollv2_cv3,3,2028,V2H-local-H2_E0,False,H2_E0_non_eeg,margin_power0p1_base0p025,fine_power_base_grid,0.1,0.025,0.5728155339805825,0.6044589825963987,0.5728155339805825,0.5810921585028728,618,28,24,0.5791540433148825,0.5985377431210764,0.5968651578407677,24
V2-S,V2M-two_stage_user_local_reranker-v1,protocol_a_rollv2_cv3,3,2028,V2H-local-H2_E0,False,H2_E0_non_eeg,margin_power0p1_base0p05,fine_power_base_grid,0.1,0.05,0.587378640776699,0.6213535362890368,0.587378640776699,0.5967124211767069,618,28,24,0.5973087324485926,0.6143253158878159,0.608327840035157,24
V2-S,V2M-two_stage_user_local_reranker-v1,protocol_a_rollv2_cv3,3,2028,V2H-local-H2_E0,False,H2_E0_non_eeg,margin_power0p1_base0p075,fine_power_base_grid,0.1,0.075,0.5922330097087378,0.6304470156701839,0.5922330097087378,0.6054866099508958,618,28,24,0.608441703983662,0.6250523897398897,0.6154325056764081,24
V2-S,V2M-two_stage_user_local_reranker-v1,protocol_a_rollv2_cv3,3,2028,V2H-local-H2_E0,False,H2_E0_non_eeg,margin_power0p1_base0p1,fine_power_base_grid,0.1,0.1,0.6019417475728155,0.6356512575986583,0.6019417475728155,0.6103156829942545,618,28,24,0.6134784601567819,0.6285891962975296,0.6202299860836445,24
V2-S,V2M-two_stage_user_local_reranker-v1,protocol_a_rollv2_cv3,3,2028,V2H-local-H2_E0,False,H2_E0_non_eeg,margin_power0p1_base0p15,fine_power_base_grid,0.1,0.15,0.6035598705501618,0.638525050812525,0.6035598705501618,0.61206302295588,618,28,24,0.6198189145741594,0.6334854535896203,0.6303742767157401,24
V2-S,V2M-two_stage_user_local_reranker-v1,protocol_a_rollv2_cv3,3,2028,V2H-local-H2_E0,False,H2_E0_non_eeg,margin_power0p15_base0p0,fine_power_base_grid,0.15,0.0,0.5614886731391586,0.5907741510415013,0.5614886731391586,0.5739047229225801,618,28,24,0.5646544015425135,0.5834967578717579,0.5829488024609977,24
V2-S,V2M-two_stage_user_local_reranker-v1,protocol_a_rollv2_cv3,3,2028,V2H-local-H2_E0,False,H2_E0_non_eeg,margin_power0p15_base0p025,fine_power_base_grid,0.15,0.025,0.5647249190938511,0.5953999904344977,0.5647249190938511,0.5731465888608746,618,28,24,0.568425756450232,0.5879672064047065,0.5921409214092141,24
V2-S,V2M-two_stage_user_local_reranker-v1,protocol_a_rollv2_cv3,3,2028,V2H-local-H2_E0,False,H2_E0_non_eeg,margin_power0p15_base0p05,fine_power_base_grid,0.15,0.05,0.5841423948220065,0.6188514955057461,0.5841423948220065,0.5947272535665393,618,28,24,0.5931715429093051,0.6111687887729554,0.6011133084303817,24
V2-S,V2M-two_stage_user_local_reranker-v1,protocol_a_rollv2_cv3,3,2028,V2H-local-H2_E0,False,H2_E0_non_eeg,margin_power0p15_base0p075,fine_power_base_grid,0.15,0.075,0.587378640776699,0.6196963393193399,0.587378640776699,0.5952919666312523,618,28,24,0.5963154075916315,0.612668118918119,0.608108108108108,24
V2-S,V2M-two_stage_user_local_reranker-v1,protocol_a_rollv2_cv3,3,2028,V2H-local-H2_E0,False,H2_E0_non_eeg,margin_power0p15_base0p1,fine_power_base_grid,0.15,0.1,0.5889967637540453,0.6253874918606601,0.5889967637540453,0.6011498752570181,618,28,24,0.601813609855568,0.6181051895635229,0.6127957225518201,24
V2-S,V2M-two_stage_user_local_reranker-v1,protocol_a_rollv2_cv3,3,2028,V2H-local-H2_E0,False,H2_E0_non_eeg,margin_power0p15_base0p15,fine_power_base_grid,0.15,0.15,0.6035598705501618,0.6382095789069796,0.6035598705501618,0.6125085298299585,618,28,24,0.6155595861015442,0.6309987080820414,0.6203032300593276,24
V2-S,V2M-two_stage_user_local_reranker-v1,protocol_a_rollv2_cv3,3,2028,V2H-local-H2_E0,False,H2_E0_non_eeg,margin_power0p2_base0p0,fine_power_base_grid,0.2,0.0,0.5614886731391586,0.5907741510415013,0.5614886731391586,0.5739047229225801,618,28,24,0.5646544015425135,0.5834967578717579,0.5829488024609977,24
V2-S,V2M-two_stage_user_local_reranker-v1,protocol_a_rollv2_cv3,3,2028,V2H-local-H2_E0,False,H2_E0_non_eeg,margin_power0p2_base0p025,fine_power_base_grid,0.2,0.025,0.5614886731391586,0.5914852300859138,0.5614886731391586,0.5703475525796955,618,28,24,0.56636670439118,0.5850929780096447,0.589430894308943,24
V2-S,V2M-two_stage_user_local_reranker-v1,protocol_a_rollv2_cv3,3,2028,V2H-local-H2_E0,False,H2_E0_non_eeg,margin_power0p2_base0p05,fine_power_base_grid,0.2,0.05,0.5728155339805825,0.603698024804191,0.5728155339805825,0.5805993477422049,618,28,24,0.5781216161460916,0.597246306933807,0.5962792060353036,24
V2-S,V2M-two_stage_user_local_reranker-v1,protocol_a_rollv2_cv3,3,2028,V2H-local-H2_E0,False,H2_E0_non_eeg,margin_power0p2_base0p075,fine_power_base_grid,0.2,0.075,0.5760517799352751,0.6079580872165044,0.5760517799352751,0.585390046461475,618,28,24,0.5814971062348685,0.5985640709599043,0.6031275177616642,24
V2-S,V2M-two_stage_user_local_reranker-v1,protocol_a_rollv2_cv3,3,2028,V2H-local-H2_E0,False,H2_E0_non_eeg,margin_power0p2_base0p1,fine_power_base_grid,0.2,0.1,0.5857605177993528,0.6185058631288637,0.5857605177993528,0.5942715584679871,618,28,24,0.5951790439552678,0.6116264522514522,0.6077785102175347,24
V2-S,V2M-two_stage_user_local_reranker-v1,protocol_a_rollv2_cv3,3,2028,V2H-local-H2_E0,False,H2_E0_non_eeg,margin_power0p2_base0p15,fine_power_base_grid,0.2,0.15,0.5906148867313916,0.6281322008553691,0.5906148867313916,0.6035024829667687,618,28,24,0.6049313254732835,0.6212494796869796,0.6153226397128836,24
V2-S,V2M-two_stage_user_local_reranker-v1,protocol_a_rollv2_cv3,3,2028,V2H-local-H2_E0,False,H2_E0_non_eeg,margin_power0p25_base0p0,fine_power_base_grid,0.25,0.0,0.5614886731391586,0.5907741510415013,0.5614886731391586,0.5739047229225801,618,28,24,0.5646544015425135,0.5834967578717579,0.5829488024609977,24
V2-S,V2M-two_stage_user_local_reranker-v1,protocol_a_rollv2_cv3,3,2028,V2H-local-H2_E0,False,H2_E0_non_eeg,margin_power0p25_base0p025,fine_power_base_grid,0.25,0.025,0.5631067961165048,0.59319546973733,0.5631067961165048,0.576855489087632,618,28,24,0.5661724541969296,0.5846300150466817,0.5882223687101735,24
V2-S,V2M-two_stage_user_local_reranker-v1,protocol_a_rollv2_cv3,3,2028,V2H-local-H2_E0,False,H2_E0_non_eeg,margin_power0p25_base0p05,fine_power_base_grid,0.25,0.05,0.56957928802589,0.6006793926437245,0.56957928802589,0.5777762184905042,618,28,24,0.5729073859318614,0.592541721395888,0.5934959349593496,24
V2-S,V2M-two_stage_user_local_reranker-v1,protocol_a_rollv2_cv3,3,2028,V2H-local-H2_E0,False,H2_E0_non_eeg,margin_power0p25_base0p075,fine_power_base_grid,0.25,0.075,0.5760517799352751,0.606062964932289,0.5760517799352751,0.5827308670165813,618,28,24,0.5801071306316061,0.5992783836533836,0.5988427451842087,24
V2-S,V2M-two_stage_user_local_reranker-v1,protocol_a_rollv2_cv3,3,2028,V2H-local-H2_E0,False,H2_E0_non_eeg,margin_power0p25_base0p1,fine_power_base_grid,0.25,0.1,0.5776699029126213,0.6095012970930477,0.5776699029126213,0.5867127977842264,618,28,24,0.5845662593040215,0.6014961697253365,0.6040430674577016,24
V2-S,V2M-two_stage_user_local_reranker-v1,protocol_a_rollv2_cv3,3,2028,V2H-local-H2_E0,False,H2_E0_non_eeg,margin_power0p25_base0p15,fine_power_base_grid,0.25,0.15,0.587378640776699,0.6233838627736977,0.587378640776699,0.5994324788967648,618,28,24,0.5972281312316278,0.6142414414289414,0.6109280011719036,24
V2-S,V2M-two_stage_user_local_reranker-v1,protocol_a_rollv2_cv3,3,2028,V2H-local-H2_E0,False,H2_E0_non_eeg,margin_power0p3_base0p0,fine_power_base_grid,0.3,0.0,0.5614886731391586,0.5907741510415013,0.5614886731391586,0.5739047229225801,618,28,24,0.5646544015425135,0.5834967578717579,0.5829488024609977,24
V2-S,V2M-two_stage_user_local_reranker-v1,protocol_a_rollv2_cv3,3,2028,V2H-local-H2_E0,False,H2_E0_non_eeg,margin_power0p3_base0p025,fine_power_base_grid,0.3,0.025,0.5663430420711975,0.5958079035997638,0.5663430420711975,0.5790947181125753,618,28,24,0.5687407192651948,0.5873912584329252,0.5876364169047096,24
V2-S,V2M-two_stage_user_local_reranker-v1,protocol_a_rollv2_cv3,3,2028,V2H-local-H2_E0,False,H2_E0_non_eeg,margin_power0p3_base0p05,fine_power_base_grid,0.3,0.05,0.5598705501618123,0.5901916571011644,0.5598705501618123,0.5683634255955685,618,28,24,0.5642979398224153,0.5838198298614965,0.5915183476159086,24
V2-S,V2M-two_stage_user_local_reranker-v1,protocol_a_rollv2_cv3,3,2028,V2H-local-H2_E0,False,H2_E0_non_eeg,margin_power0p3_base0p075,fine_power_base_grid,0.3,0.075,0.5728155339805825,0.6047101705531789,0.5728155339805825,0.5813624735053307,618,28,24,0.5784058404687775,0.5971500682959016,0.595876364169047,24
V2-S,V2M-two_stage_user_local_reranker-v1,protocol_a_rollv2_cv3,3,2028,V2H-local-H2_E0,False,H2_E0_non_eeg,margin_power0p3_base0p1,fine_power_base_grid,0.3,0.1,0.5760517799352751,0.6080693497511738,0.5760517799352751,0.5844506254327683,618,28,24,0.5825475321104692,0.6012847684722685,0.6003076246978687,24
V2-S,V2M-two_stage_user_local_reranker-v1,protocol_a_rollv2_cv3,3,2028,V2H-local-H2_E0,False,H2_E0_non_eeg,margin_power0p3_base0p15,fine_power_base_grid,0.3,0.15,0.580906148867314,0.6130445536050542,0.580906148867314,0.5895904360190075,618,28,24,0.5893224005986244,0.6052722855847855,0.6074855343148026,24
V2-S,V2M-two_stage_user_local_reranker-v1,protocol_a_rollv2_cv3,3,2028,V2H-local-H2_E0,False,H2_E0_non_eeg,margin_power0p35_base0p0,fine_power_base_grid,0.35,0.0,0.5614886731391586,0.5907741510415013,0.5614886731391586,0.5739047229225801,618,28,24,0.5646544015425135,0.5834967578717579,0.5829488024609977,24
V2-S,V2M-two_stage_user_local_reranker-v1,protocol_a_rollv2_cv3,3,2028,V2H-local-H2_E0,False,H2_E0_non_eeg,margin_power0p35_base0p025,fine_power_base_grid,0.35,0.025,0.5631067961165048,0.5923152565409402,0.5631067961165048,0.5752256704935277,618,28,24,0.5663805794050549,0.5853079250995917,0.5868307331721966,24
V2-S,V2M-two_stage_user_local_reranker-v1,protocol_a_rollv2_cv3,3,2028,V2H-local-H2_E0,False,H2_E0_non_eeg,margin_power0p35_base0p05,fine_power_base_grid,0.35,0.05,0.5614886731391586,0.5914852300859138,0.5614886731391586,0.5703475525796955,618,28,24,0.56636670439118,0.5850929780096447,0.5901267120779317,24
V2-S,V2M-two_stage_user_local_reranker-v1,protocol_a_rollv2_cv3,3,2028,V2H-local-H2_E0,False,H2_E0_non_eeg,margin_power0p35_base0p075,fine_power_base_grid,0.35,0.075,0.5663430420711975,0.5952924878818197,0.5663430420711975,0.5724148239326811,618,28,24,0.5676667931912688,0.5869812055228721,0.5938621548377646,24
V2-S,V2M-two_stage_user_local_reranker-v1,protocol_a_rollv2_cv3,3,2028,V2H-local-H2_E0,False,H2_E0_non_eeg,margin_power0p35_base0p1,fine_power_base_grid,0.35,0.1,0.5711974110032363,0.6023959414708576,0.5711974110032363,0.5793238375381232,618,28,24,0.5767618647863404,0.5964747019955353,0.5977440855489636,24
V2-S,V2M-two_stage_user_local_reranker-v1,protocol_a_rollv2_cv3,3,2028,V2H-local-H2_E0,False,H2_E0_non_eeg,margin_power0p35_base0p15,fine_power_base_grid,0.35,0.15,0.5792880258899676,0.6136439252981759,0.5792880258899676,0.5902636219600507,618,28,24,0.5891184378946617,0.6056387979304646,0.6047022632388486,24
V2-S,V2M-two_stage_user_local_reranker-v1,protocol_a_rollv2_cv3,3,2028,V2H-local-H2_E0,False,H2_E0_non_eeg,margin_power0p4_base0p0,fine_power_base_grid,0.4,0.0,0.5614886731391586,0.5907741510415013,0.5614886731391586,0.5739047229225801,618,28,24,0.5646544015425135,0.5834967578717579,0.5829488024609977,24
V2-S,V2M-two_stage_user_local_reranker-v1,protocol_a_rollv2_cv3,3,2028,V2H-local-H2_E0,False,H2_E0_non_eeg,margin_power0p4_base0p025,fine_power_base_grid,0.4,0.025,0.5631067961165048,0.5921688269674273,0.5631067961165048,0.5752595982060268,618,28,24,0.5658296152177271,0.5846310171310172,0.5864278913059401,24
V2-S,V2M-two_stage_user_local_reranker-v1,protocol_a_rollv2_cv3,3,2028,V2H-local-H2_E0,False,H2_E0_non_eeg,margin_power0p4_base0p05,fine_power_base_grid,0.4,0.05,0.5647249190938511,0.5948621364039965,0.5647249190938511,0.5782840605162034,618,28,24,0.5685908691153446,0.5870605706022372,0.5891012964183696,24
V2-S,V2M-two_stage_user_local_reranker-v1,protocol_a_rollv2_cv3,3,2028,V2H-local-H2_E0,False,H2_E0_non_eeg,margin_power0p4_base0p075,fine_power_base_grid,0.4,0.075,0.5647249190938511,0.5944015887590127,0.5647249190938511,0.572131377220663,618,28,24,0.5683522188766944,0.5874992831242831,0.5924705192997876,24
V2-S,V2M-two_stage_user_local_reranker-v1,protocol_a_rollv2_cv3,3,2028,V2H-local-H2_E0,False,H2_E0_non_eeg,margin_power0p4_base0p1,fine_power_base_grid,0.4,0.1,0.56957928802589,0.5999443753462073,0.56957928802589,0.5764021560450132,618,28,24,0.5741614737244108,0.5930219818761485,0.5954735223027906,24
V2-S,V2M-two_stage_user_local_reranker-v1,protocol_a_rollv2_cv3,3,2028,V2H-local-H2_E0,False,H2_E0_non_eeg,margin_power0p4_base0p15,fine_power_base_grid,0.4,0.15,0.5744336569579288,0.6066509109369016,0.5744336569579288,0.5832348207348207,618,28,24,0.5823738809752794,0.5998663296579964,0.6019189921628946,24
V2-S,V2M-two_stage_user_local_reranker-v1,protocol_a_rollv2_cv3,3,2028,V2H-local-H2_E0,False,H2_E0_non_eeg,margin_power0p5_base0p0,fine_power_base_grid,0.5,0.0,0.5614886731391586,0.5907741510415013,0.5614886731391586,0.5739047229225801,618,28,24,0.5646544015425135,0.5834967578717579,0.5829488024609977,24
V2-S,V2M-two_stage_user_local_reranker-v1,protocol_a_rollv2_cv3,3,2028,V2H-local-H2_E0,False,H2_E0_non_eeg,margin_power0p5_base0p025,fine_power_base_grid,0.5,0.025,0.5631067961165048,0.5921688269674273,0.5631067961165048,0.5752595982060268,618,28,24,0.5658296152177271,0.5846310171310172,0.5856588295612686,24
V2-S,V2M-two_stage_user_local_reranker-v1,protocol_a_rollv2_cv3,3,2028,V2H-local-H2_E0,False,H2_E0_non_eeg,margin_power0p5_base0p05,fine_power_base_grid,0.5,0.05,0.5647249190938511,0.5948290676209278,0.5647249190938511,0.5782557158450016,618,28,24,0.5674836430081185,0.5861346446763113,0.5881125027466491,24
V2-S,V2M-two_stage_user_local_reranker-v1,protocol_a_rollv2_cv3,3,2028,V2H-local-H2_E0,False,H2_E0_non_eeg,margin_power0p5_base0p075,fine_power_base_grid,0.5,0.075,0.5679611650485437,0.5986650464569067,0.5679611650485437,0.581543697704412,618,28,24,0.5717127472372228,0.5908634806551473,0.5903464440049806,24
V2-S,V2M-two_stage_user_local_reranker-v1,protocol_a_rollv2_cv3,3,2028,V2H-local-H2_E0,False,H2_E0_non_eeg,margin_power0p5_base0p1,fine_power_base_grid,0.5,0.1,0.5631067961165048,0.5920867739441978,0.5631067961165048,0.570147250236536,618,28,24,0.5662154667399424,0.5851844683094684,0.5928001171903611,24
V2-S,V2M-two_stage_user_local_reranker-v1,protocol_a_rollv2_cv3,3,2028,V2H-local-H2_E0,False,H2_E0_non_eeg,margin_power0p5_base0p15,fine_power_base_grid,0.5,0.15,0.5663430420711975,0.5962649890899053,0.5663430420711975,0.574068735497307,618,28,24,0.5706679586924343,0.5896741067574401,0.5977074635611221,24
V2-S,V2M-two_stage_user_local_reranker-v1,protocol_a_rollv2_cv3,1,2029,V2H-local-H2_E0,False,H2_E0_non_eeg,v2n_eeg_base_0p05,reference_score_family,1.0,0.05,0.6287625418060201,0.6033124547410261,0.6287625418060201,0.6125278636707209,598,35,28,0.5979936895608537,0.5908118600975744,0.6409580006942034,28
V2-S,V2M-two_stage_user_local_reranker-v1,protocol_a_rollv2_cv3,1,2029,V2H-local-H2_E0,False,H2_E0_non_eeg,sqrt_margin_eeg_base0p05,reference_score_family,0.5,0.05,0.6337792642140468,0.6079255499791214,0.6337792642140468,0.6168135779564351,598,35,28,0.5993369731429433,0.5914921322064178,0.641443943075321,28
V2-S,V2M-two_stage_user_local_reranker-v1,protocol_a_rollv2_cv3,1,2029,V2H-local-H2_E0,False,H2_E0_non_eeg,margin_power0p25_base0p05,reference_score_family,0.25,0.05,0.6321070234113713,0.6090309921559921,0.6321070234113713,0.6176979316979317,598,35,28,0.6045241325838341,0.597586236514808,0.6425546685178757,28
V2-S,V2M-two_stage_user_local_reranker-v1,protocol_a_rollv2_cv3,1,2029,V2H-local-H2_E0,False,H2_E0_non_eeg,margin_power0p1_base0p0,fine_power_base_grid,0.1,0.0,0.6270903010033445,0.6062461282104138,0.6270903010033445,0.614874802446231,598,35,28,0.5975672503284444,0.5910669621383907,0.6398125650815688,28
V2-S,V2M-two_stage_user_local_reranker-v1,protocol_a_rollv2_cv3,1,2029,V2H-local-H2_E0,False,H2_E0_non_eeg,margin_power0p1_base0p025,fine_power_base_grid,0.1,0.025,0.6270903010033445,0.6065839022089021,0.6270903010033445,0.6157402597402597,598,35,28,0.6016800198143482,0.5951391465677179,0.6433877125997918,28
V2-S,V2M-two_stage_user_local_reranker-v1,protocol_a_rollv2_cv3,1,2029,V2H-local-H2_E0,False,H2_E0_non_eeg,margin_power0p1_base0p05,fine_power_base_grid,0.1,0.05,0.6304347826086957,0.6209782710675568,0.6304347826086957,0.6236843262557549,598,35,28,0.6093440804634835,0.6030312478526765,0.6445678583825061,28
V2-S,V2M-two_stage_user_local_reranker-v1,protocol_a_rollv2_cv3,1,2029,V2H-local-H2_E0,False,H2_E0_non_eeg,margin_power0p1_base0p075,fine_power_base_grid,0.1,0.075,0.6337792642140468,0.6250485658521372,0.6337792642140468,0.6245596097024667,598,35,28,0.6095904675755422,0.6033770528413386,0.64581742450538,28
V2-S,V2M-two_stage_user_local_reranker-v1,protocol_a_rollv2_cv3,1,2029,V2H-local-H2_E0,False,H2_E0_non_eeg,margin_power0p1_base0p1,fine_power_base_grid,0.1,0.1,0.6337792642140468,0.6238310333846048,0.6337792642140468,0.6200141551570122,598,35,28,0.6143394499364648,0.6073380918023775,0.6460951058660187,28
V2-S,V2M-two_stage_user_local_reranker-v1,protocol_a_rollv2_cv3,1,2029,V2H-local-H2_E0,False,H2_E0_non_eeg,margin_power0p1_base0p15,fine_power_base_grid,0.1,0.15,0.6354515050167224,0.6274248469784184,0.6354515050167224,0.6278342609771179,598,35,28,0.6159955633089961,0.6094653164296021,0.6447414092329052,28
V2-S,V2M-two_stage_user_local_reranker-v1,protocol_a_rollv2_cv3,1,2029,V2H-local-H2_E0,False,H2_E0_non_eeg,margin_power0p15_base0p0,fine_power_base_grid,0.15,0.0,0.6270903010033445,0.6062461282104138,0.6270903010033445,0.614874802446231,598,35,28,0.5975672503284444,0.5910669621383907,0.6398125650815688,28
V2-S,V2M-two_stage_user_local_reranker-v1,protocol_a_rollv2_cv3,1,2029,V2H-local-H2_E0,False,H2_E0_non_eeg,margin_power0p15_base0p025,fine_power_base_grid,0.15,0.025,0.6304347826086957,0.6072452778702778,0.6304347826086957,0.6162693602693603,598,35,28,0.6017096336499321,0.5947801140658283,0.641860465116279,28
V2-S,V2M-two_stage_user_local_reranker-v1,protocol_a_rollv2_cv3,1,2029,V2H-local-H2_E0,False,H2_E0_non_eeg,margin_power0p15_base0p05,fine_power_base_grid,0.15,0.05,0.6321070234113713,0.6090735091627949,0.6321070234113713,0.6177319453033739,598,35,28,0.6040088518446728,0.5968634473991618,0.6437348143005901,28
V2-S,V2M-two_stage_user_local_reranker-v1,protocol_a_rollv2_cv3,1,2029,V2H-local-H2_E0,False,H2_E0_non_eeg,margin_power0p15_base0p075,fine_power_base_grid,0.15,0.075,0.6304347826086957,0.6209782710675568,0.6304347826086957,0.6236843262557549,598,35,28,0.6093440804634835,0.6030312478526765,0.6450885109337036,28
V2-S,V2M-two_stage_user_local_reranker-v1,protocol_a_rollv2_cv3,1,2029,V2H-local-H2_E0,False,H2_E0_non_eeg,margin_power0p15_base0p1,fine_power_base_grid,0.15,0.1,0.6321070234113713,0.6229652325188039,0.6321070234113713,0.6181310382738954,598,35,28,0.6090112209515194,0.6025267127052841,0.6453314821242624,28
V2-S,V2M-two_stage_user_local_reranker-v1,protocol_a_rollv2_cv3,1,2029,V2H-local-H2_E0,False,H2_E0_non_eeg,margin_power0p15_base0p15,fine_power_base_grid,0.15,0.15,0.6354515050167224,0.6252596048131763,0.6354515050167224,0.6211570122998693,598,35,28,0.6168767633693006,0.6105523775166632,0.646476917736897,28
V2-S,V2M-two_stage_user_local_reranker-v1,protocol_a_rollv2_cv3,1,2029,V2H-local-H2_E0,False,H2_E0_non_eeg,margin_power0p2_base0p0,fine_power_base_grid,0.2,0.0,0.6270903010033445,0.6062461282104138,0.6270903010033445,0.614874802446231,598,35,28,0.5975672503284444,0.5910669621383907,0.6398125650815688,28
V2-S,V2M-two_stage_user_local_reranker-v1,protocol_a_rollv2_cv3,1,2029,V2H-local-H2_E0,False,H2_E0_non_eeg,margin_power0p2_base0p025,fine_power_base_grid,0.2,0.025,0.6304347826086957,0.6063949377342235,0.6304347826086957,0.6155890881605167,598,35,28,0.6011410480067196,0.593929773929774,0.6417910447761194,28
V2-S,V2M-two_stage_user_local_reranker-v1,protocol_a_rollv2_cv3,1,2029,V2H-local-H2_E0,False,H2_E0_non_eeg,margin_power0p2_base0p05,fine_power_base_grid,0.2,0.05,0.6287625418060201,0.6074767593517593,0.6287625418060201,0.6164545454545454,598,35,28,0.6026501690680796,0.5960320037105751,0.643526553280111,28
V2-S,V2M-two_stage_user_local_reranker-v1,protocol_a_rollv2_cv3,1,2029,V2H-local-H2_E0,False,H2_E0_non_eeg,margin_power0p2_base0p075,fine_power_base_grid,0.2,0.075,0.6337792642140468,0.6099663663056519,0.6337792642140468,0.6184462310176596,598,35,28,0.6049790010984043,0.5977563045420188,0.6443943075321069,28
V2-S,V2M-two_stage_user_local_reranker-v1,protocol_a_rollv2_cv3,1,2029,V2H-local-H2_E0,False,H2_E0_non_eeg,margin_power0p2_base0p1,fine_power_base_grid,0.2,0.1,0.6304347826086957,0.6209782710675568,0.6304347826086957,0.6236843262557549,598,35,28,0.6084201287932631,0.6021809077166219,0.6452620617841027,28
V2-S,V2M-two_stage_user_local_reranker-v1,protocol_a_rollv2_cv3,1,2029,V2H-local-H2_E0,False,H2_E0_non_eeg,margin_power0p2_base0p15,fine_power_base_grid,0.2,0.15,0.6337792642140468,0.6262985658521372,0.6337792642140468,0.6255596097024667,598,35,28,0.6102088044625358,0.6036066446780733,0.6458868448455397,28
V2-S,V2M-two_stage_user_local_reranker-v1,protocol_a_rollv2_cv3,1,2029,V2H-local-H2_E0,False,H2_E0_non_eeg,margin_power0p25_base0p0,fine_power_base_grid,0.25,0.0,0.6270903010033445,0.6062461282104138,0.6270903010033445,0.614874802446231,598,35,28,0.5975672503284444,0.5910669621383907,0.6398125650815688,28
V2-S,V2M-two_stage_user_local_reranker-v1,protocol_a_rollv2_cv3,1,2029,V2H-local-H2_E0,False,H2_E0_non_eeg,margin_power0p25_base0p025,fine_power_base_grid,0.25,0.025,0.6287625418060201,0.6055020805913662,0.6287625418060201,0.614874802446231,598,35,28,0.5965224742090414,0.5890686628186629,0.6413745227351614,28
V2-S,V2M-two_stage_user_local_reranker-v1,protocol_a_rollv2_cv3,1,2029,V2H-local-H2_E0,False,H2_E0_non_eeg,margin_power0p25_base0p05,fine_power_base_grid,0.25,0.05,0.6321070234113713,0.6090309921559921,0.6321070234113713,0.6176979316979317,598,35,28,0.6045241325838341,0.597586236514808,0.6425546685178757,28
V2-S,V2M-two_stage_user_local_reranker-v1,protocol_a_rollv2_cv3,1,2029,V2H-local-H2_E0,False,H2_E0_non_eeg,margin_power0p25_base0p075,fine_power_base_grid,0.25,0.075,0.6270903010033445,0.6063524207274208,0.6270903010033445,0.6155550745550746,598,35,28,0.6015390579569684,0.5949076650862366,0.6441166261714684,28
V2-S,V2M-two_stage_user_local_reranker-v1,protocol_a_rollv2_cv3,1,2029,V2H-local-H2_E0,False,H2_E0_non_eeg,margin_power0p25_base0p1,fine_power_base_grid,0.25,0.1,0.6321070234113713,0.6055020805913662,0.6321070234113713,0.6113033738748025,598,35,28,0.6037849712476578,0.5963277331134474,0.6448455397431447,28
V2-S,V2M-two_stage_user_local_reranker-v1,protocol_a_rollv2_cv3,1,2029,V2H-local-H2_E0,False,H2_E0_non_eeg,margin_power0p25_base0p15,fine_power_base_grid,0.25,0.15,0.6270903010033445,0.6165735091627947,0.6270903010033445,0.6130176595890882,598,35,28,0.6064087570803989,0.6001145811860098,0.6457132939951404,28
V2-S,V2M-two_stage_user_local_reranker-v1,protocol_a_rollv2_cv3,1,2029,V2H-local-H2_E0,False,H2_E0_non_eeg,margin_power0p3_base0p0,fine_power_base_grid,0.3,0.0,0.6270903010033445,0.6062461282104138,0.6270903010033445,0.614874802446231,598,35,28,0.5975672503284444,0.5910669621383907,0.6398125650815688,28
V2-S,V2M-two_stage_user_local_reranker-v1,protocol_a_rollv2_cv3,1,2029,V2H-local-H2_E0,False,H2_E0_non_eeg,margin_power0p3_base0p025,fine_power_base_grid,0.3,0.025,0.6287625418060201,0.6049068424961282,0.6287625418060201,0.6143986119700405,598,35,28,0.5961990911244642,0.5884734247234248,0.6411315515446026,28
V2-S,V2M-two_stage_user_local_reranker-v1,protocol_a_rollv2_cv3,1,2029,V2H-local-H2_E0,False,H2_E0_non_eeg,margin_power0p3_base0p05,fine_power_base_grid,0.3,0.05,0.6304347826086957,0.6069901758294616,0.6304347826086957,0.6160652786367071,598,35,28,0.6015390579569684,0.5945250120250121,0.6419298854564388,28
V2-S,V2M-two_stage_user_local_reranker-v1,protocol_a_rollv2_cv3,1,2029,V2H-local-H2_E0,False,H2_E0_non_eeg,margin_power0p3_base0p075,fine_power_base_grid,0.3,0.075,0.6304347826086957,0.6083696164946165,0.6304347826086957,0.6171688311688311,598,35,28,0.6036949451874826,0.5969248608534323,0.6436306837903506,28
V2-S,V2M-two_stage_user_local_reranker-v1,protocol_a_rollv2_cv3,1,2029,V2H-local-H2_E0,False,H2_E0_non_eeg,margin_power0p3_base0p1,fine_power_base_grid,0.3,0.1,0.6270903010033445,0.6066500397750397,0.6270903010033445,0.6157931697931698,598,35,28,0.601194352910771,0.5944399780114066,0.644394307532107,28
V2-S,V2M-two_stage_user_local_reranker-v1,protocol_a_rollv2_cv3,1,2029,V2H-local-H2_E0,False,H2_E0_non_eeg,margin_power0p3_base0p15,fine_power_base_grid,0.3,0.15,0.6304347826086957,0.6209782710675568,0.6304347826086957,0.6236843262557549,598,35,28,0.6084201287932631,0.6021809077166219,0.6450885109337037,28
V2-S,V2M-two_stage_user_local_reranker-v1,protocol_a_rollv2_cv3,1,2029,V2H-local-H2_E0,False,H2_E0_non_eeg,margin_power0p35_base0p0,fine_power_base_grid,0.35,0.0,0.6270903010033445,0.6062461282104138,0.6270903010033445,0.614874802446231,598,35,28,0.5975672503284444,0.5910669621383907,0.6398125650815688,28
V2-S,V2M-two_stage_user_local_reranker-v1,protocol_a_rollv2_cv3,1,2029,V2H-local-H2_E0,False,H2_E0_non_eeg,margin_power0p35_base0p025,fine_power_base_grid,0.35,0.025,0.6304347826086957,0.605544597598169,0.6304347826086957,0.6149088160516732,598,35,28,0.598917641231074,0.5916622002336288,0.6410968413745228,28
V2-S,V2M-two_stage_user_local_reranker-v1,protocol_a_rollv2_cv3,1,2029,V2H-local-H2_E0,False,H2_E0_non_eeg,margin_power0p35_base0p05,fine_power_base_grid,0.35,0.05,0.6287625418060201,0.6057335620728478,0.6287625418060201,0.6150599876314161,598,35,28,0.6003118606103681,0.5932683982683983,0.6418951752863589,28
V2-S,V2M-two_stage_user_local_reranker-v1,protocol_a_rollv2_cv3,1,2029,V2H-local-H2_E0,False,H2_E0_non_eeg,margin_power0p35_base0p075,fine_power_base_grid,0.35,0.075,0.6321070234113713,0.6090309921559921,0.6321070234113713,0.6176979316979317,598,35,28,0.6045241325838341,0.597586236514808,0.642901770218674,28
V2-S,V2M-two_stage_user_local_reranker-v1,protocol_a_rollv2_cv3,1,2029,V2H-local-H2_E0,False,H2_E0_non_eeg,margin_power0p35_base0p1,fine_power_base_grid,0.35,0.1,0.6287625418060201,0.6074767593517593,0.6287625418060201,0.6164545454545454,598,35,28,0.6026501690680796,0.5960320037105751,0.6438736549809094,28
V2-S,V2M-two_stage_user_local_reranker-v1,protocol_a_rollv2_cv3,1,2029,V2H-local-H2_E0,False,H2_E0_non_eeg,margin_power0p35_base0p15,fine_power_base_grid,0.35,0.15,0.6304347826086957,0.604013985353271,0.6304347826086957,0.6101128976843263,598,35,28,0.6024168120436778,0.5948396378753522,0.6446372787226657,28
V2-S,V2M-two_stage_user_local_reranker-v1,protocol_a_rollv2_cv3,1,2029,V2H-local-H2_E0,False,H2_E0_non_eeg,margin_power0p4_base0p0,fine_power_base_grid,0.4,0.0,0.6270903010033445,0.6062461282104138,0.6270903010033445,0.614874802446231,598,35,28,0.5975672503284444,0.5910669621383907,0.6398125650815688,28
V2-S,V2M-two_stage_user_local_reranker-v1,protocol_a_rollv2_cv3,1,2029,V2H-local-H2_E0,False,H2_E0_non_eeg,margin_power0p4_base0p025,fine_power_base_grid,0.4,0.025,0.6287625418060201,0.6046517404553118,0.6287625418060201,0.6141945303373875,598,35,28,0.5979474919773428,0.5907693430907717,0.6408885803540437,28
V2-S,V2M-two_stage_user_local_reranker-v1,protocol_a_rollv2_cv3,1,2029,V2H-local-H2_E0,False,H2_E0_non_eeg,margin_power0p4_base0p05,fine_power_base_grid,0.4,0.05,0.6304347826086957,0.6063949377342235,0.6304347826086957,0.6155890881605167,598,35,28,0.6011410480067196,0.593929773929774,0.64168691426588,28
V2-S,V2M-two_stage_user_local_reranker-v1,protocol_a_rollv2_cv3,1,2029,V2H-local-H2_E0,False,H2_E0_non_eeg,margin_power0p4_base0p075,fine_power_base_grid,0.4,0.075,0.6304347826086957,0.6072452778702778,0.6304347826086957,0.6162693602693603,598,35,28,0.6017096336499321,0.5947801140658283,0.6423464074973968,28
V2-S,V2M-two_stage_user_local_reranker-v1,protocol_a_rollv2_cv3,1,2029,V2H-local-H2_E0,False,H2_E0_non_eeg,margin_power0p4_base0p1,fine_power_base_grid,0.4,0.1,0.6304347826086957,0.6083696164946165,0.6304347826086957,0.6171688311688311,598,35,28,0.6036949451874826,0.5969248608534323,0.6436653939604304,28
V2-S,V2M-two_stage_user_local_reranker-v1,protocol_a_rollv2_cv3,1,2029,V2H-local-H2_E0,False,H2_E0_non_eeg,margin_power0p4_base0p15,fine_power_base_grid,0.4,0.15,0.6270903010033445,0.6066500397750397,0.6270903010033445,0.6157931697931698,598,35,28,0.601194352910771,0.5944399780114066,0.6443248871919474,28
V2-S,V2M-two_stage_user_local_reranker-v1,protocol_a_rollv2_cv3,1,2029,V2H-local-H2_E0,False,H2_E0_non_eeg,margin_power0p5_base0p0,fine_power_base_grid,0.5,0.0,0.6270903010033445,0.6062461282104138,0.6270903010033445,0.614874802446231,598,35,28,0.5975672503284444,0.5910669621383907,0.6398125650815688,28
V2-S,V2M-two_stage_user_local_reranker-v1,protocol_a_rollv2_cv3,1,2029,V2H-local-H2_E0,False,H2_E0_non_eeg,margin_power0p5_base0p025,fine_power_base_grid,0.5,0.025,0.6270903010033445,0.6024195975981689,0.6270903010033445,0.6118135779564351,598,35,28,0.5970235403071225,0.5899190029547172,0.6405067684831657,28
V2-S,V2M-two_stage_user_local_reranker-v1,protocol_a_rollv2_cv3,1,2029,V2H-local-H2_E0,False,H2_E0_non_eeg,margin_power0p5_base0p05,fine_power_base_grid,0.5,0.05,0.6337792642140468,0.6079255499791214,0.6337792642140468,0.6168135779564351,598,35,28,0.5993369731429433,0.5914921322064178,0.641443943075321,28
V2-S,V2M-two_stage_user_local_reranker-v1,protocol_a_rollv2_cv3,1,2029,V2H-local-H2_E0,False,H2_E0_non_eeg,margin_power0p5_base0p075,fine_power_base_grid,0.5,0.075,0.6270903010033445,0.6048407049299905,0.6270903010033445,0.6143457019171304,598,35,28,0.5993417113566368,0.5923755411255412,0.6421034363068379,28
V2-S,V2M-two_stage_user_local_reranker-v1,protocol_a_rollv2_cv3,1,2029,V2H-local-H2_E0,False,H2_E0_non_eeg,margin_power0p5_base0p1,fine_power_base_grid,0.5,0.1,0.6321070234113713,0.6078830329723186,0.6321070234113713,0.6167795643509929,598,35,28,0.6043002519868191,0.5972035834535835,0.6426240888580353,28
V2-S,V2M-two_stage_user_local_reranker-v1,protocol_a_rollv2_cv3,1,2029,V2H-local-H2_E0,False,H2_E0_non_eeg,margin_power0p5_base0p15,fine_power_base_grid,0.5,0.15,0.6304347826086957,0.6083696164946165,0.6304347826086957,0.6171688311688311,598,35,28,0.6036949451874826,0.5969248608534323,0.6442554668517875,28
V2-S,V2M-two_stage_user_local_reranker-v1,protocol_a_rollv2_cv3,2,2029,V2H-local-H2_E0,False,H2_E0_non_eeg,v2n_eeg_base_0p05,reference_score_family,1.0,0.05,0.5616438356164384,0.5508889258889258,0.5616438356164384,0.5427148468815134,584,30,26,0.5402720283189033,0.5369306619306619,0.6120587919751099,26
V2-S,V2M-two_stage_user_local_reranker-v1,protocol_a_rollv2_cv3,2,2029,V2H-local-H2_E0,False,H2_E0_non_eeg,sqrt_margin_eeg_base0p05,reference_score_family,0.5,0.05,0.5667808219178082,0.5565869315869315,0.5667808219178082,0.5471240179573513,584,30,26,0.5464786255411255,0.5439641377141378,0.6139899152451453,26
V2-S,V2M-two_stage_user_local_reranker-v1,protocol_a_rollv2_cv3,2,2029,V2H-local-H2_E0,False,H2_E0_non_eeg,margin_power0p25_base0p05,reference_score_family,0.25,0.05,0.5684931506849316,0.5622137122137122,0.5684931506849316,0.5480190796857464,584,30,26,0.5580900523088024,0.5561420061420062,0.6182455387476308,26
V2-S,V2M-two_stage_user_local_reranker-v1,protocol_a_rollv2_cv3,2,2029,V2H-local-H2_E0,False,H2_E0_non_eeg,margin_power0p1_base0p0,fine_power_base_grid,0.1,0.0,0.559931506849315,0.5481467606467606,0.559931506849315,0.540338303671637,584,30,26,0.5387205762987013,0.5356453731453731,0.6102349533311877,26
V2-S,V2M-two_stage_user_local_reranker-v1,protocol_a_rollv2_cv3,2,2029,V2H-local-H2_E0,False,H2_E0_non_eeg,margin_power0p1_base0p025,fine_power_base_grid,0.1,0.025,0.577054794520548,0.5725795038295038,0.577054794520548,0.5570027657527657,584,30,26,0.5649403634559884,0.56382992007992,0.6201051389335908,26
V2-S,V2M-two_stage_user_local_reranker-v1,protocol_a_rollv2_cv3,2,2029,V2H-local-H2_E0,False,H2_E0_non_eeg,margin_power0p1_base0p05,fine_power_base_grid,0.1,0.05,0.5873287671232876,0.5913167850667851,0.5873287671232876,0.5727126422959757,584,30,26,0.5811051361832611,0.5799364986864987,0.6274004935092801,26
V2-S,V2M-two_stage_user_local_reranker-v1,protocol_a_rollv2_cv3,2,2029,V2H-local-H2_E0,False,H2_E0_non_eeg,margin_power0p1_base0p075,fine_power_base_grid,0.1,0.075,0.5924657534246576,0.59505217005217,0.5924657534246576,0.5833573833573834,584,30,26,0.5855283865440116,0.5845189532689532,0.6332653864034616,26
V2-S,V2M-two_stage_user_local_reranker-v1,protocol_a_rollv2_cv3,2,2029,V2H-local-H2_E0,False,H2_E0_non_eeg,margin_power0p1_base0p1,fine_power_base_grid,0.1,0.1,0.5976027397260274,0.6066745754245754,0.5976027397260274,0.6033507696007697,584,30,26,0.5954131718975468,0.5952949827949827,0.6386296177091155,26
V2-S,V2M-two_stage_user_local_reranker-v1,protocol_a_rollv2_cv3,2,2029,V2H-local-H2_E0,False,H2_E0_non_eeg,margin_power0p1_base0p15,fine_power_base_grid,0.1,0.15,0.6027397260273972,0.6103183853183853,0.6027397260273972,0.6065087381754048,584,30,26,0.5978511679292929,0.5969858844858845,0.6483567571433679,26
V2-S,V2M-two_stage_user_local_reranker-v1,protocol_a_rollv2_cv3,2,2029,V2H-local-H2_E0,False,H2_E0_non_eeg,margin_power0p15_base0p0,fine_power_base_grid,0.15,0.0,0.559931506849315,0.5481467606467606,0.559931506849315,0.540338303671637,584,30,26,0.5387205762987013,0.5356453731453731,0.6102349533311877,26
V2-S,V2M-two_stage_user_local_reranker-v1,protocol_a_rollv2_cv3,2,2029,V2H-local-H2_E0,False,H2_E0_non_eeg,margin_power0p15_base0p025,fine_power_base_grid,0.15,0.025,0.5702054794520548,0.5638162763162764,0.5702054794520548,0.5558894500561168,584,30,26,0.5570681141774891,0.5549279424279424,0.6173515001966884,26
V2-S,V2M-two_stage_user_local_reranker-v1,protocol_a_rollv2_cv3,2,2029,V2H-local-H2_E0,False,H2_E0_non_eeg,margin_power0p15_base0p05,fine_power_base_grid,0.15,0.05,0.5753424657534246,0.5758482258482259,0.5753424657534246,0.5598356581689915,584,30,26,0.569126984126984,0.5683813871313871,0.6228945392125309,26
V2-S,V2M-two_stage_user_local_reranker-v1,protocol_a_rollv2_cv3,2,2029,V2H-local-H2_E0,False,H2_E0_non_eeg,margin_power0p15_base0p075,fine_power_base_grid,0.15,0.075,0.5856164383561644,0.5899431586931587,0.5856164383561644,0.5715221661054994,584,30,26,0.579976663961039,0.5788681226181226,0.6269355934627902,26
V2-S,V2M-two_stage_user_local_reranker-v1,protocol_a_rollv2_cv3,2,2029,V2H-local-H2_E0,False,H2_E0_non_eeg,margin_power0p15_base0p1,fine_power_base_grid,0.15,0.1,0.5924657534246576,0.5941149128649129,0.5924657534246576,0.5751376863876864,584,30,26,0.5873452155483405,0.5858329170829171,0.6310481707971248,26
V2-S,V2M-two_stage_user_local_reranker-v1,protocol_a_rollv2_cv3,2,2029,V2H-local-H2_E0,False,H2_E0_non_eeg,margin_power0p15_base0p15,fine_power_base_grid,0.15,0.15,0.5976027397260274,0.6066745754245754,0.5976027397260274,0.6033507696007697,584,30,26,0.5954131718975468,0.5952949827949827,0.6382720022887387,26
V2-S,V2M-two_stage_user_local_reranker-v1,protocol_a_rollv2_cv3,2,2029,V2H-local-H2_E0,False,H2_E0_non_eeg,margin_power0p2_base0p0,fine_power_base_grid,0.2,0.0,0.559931506849315,0.5481467606467606,0.559931506849315,0.540338303671637,584,30,26,0.5387205762987013,0.5356453731453731,0.6102349533311877,26
V2-S,V2M-two_stage_user_local_reranker-v1,protocol_a_rollv2_cv3,2,2029,V2H-local-H2_E0,False,H2_E0_non_eeg,margin_power0p2_base0p025,fine_power_base_grid,0.2,0.025,0.5702054794520548,0.5623739686239687,0.5702054794520548,0.5521394500561168,584,30,26,0.5551433982683982,0.5528591778591778,0.6157779923470299,26
V2-S,V2M-two_stage_user_local_reranker-v1,protocol_a_rollv2_cv3,2,2029,V2H-local-H2_E0,False,H2_E0_non_eeg,margin_power0p2_base0p05,fine_power_base_grid,0.2,0.05,0.571917808219178,0.5677718115218116,0.571917808219178,0.5528360990860991,584,30,26,0.5607178932178931,0.5591366966366966,0.6196402388871007,26
V2-S,V2M-two_stage_user_local_reranker-v1,protocol_a_rollv2_cv3,2,2029,V2H-local-H2_E0,False,H2_E0_non_eeg,margin_power0p2_base0p075,fine_power_base_grid,0.2,0.075,0.5804794520547946,0.5832200207200209,0.5804794520547946,0.5662245470578804,584,30,26,0.5739139159451658,0.5728394290894291,0.6235740085112471,26
V2-S,V2M-two_stage_user_local_reranker-v1,protocol_a_rollv2_cv3,2,2029,V2H-local-H2_E0,False,H2_E0_non_eeg,margin_power0p2_base0p1,fine_power_base_grid,0.2,0.1,0.5856164383561644,0.5899431586931587,0.5856164383561644,0.5715221661054994,584,30,26,0.579976663961039,0.5788681226181226,0.6266852626685262,26
V2-S,V2M-two_stage_user_local_reranker-v1,protocol_a_rollv2_cv3,2,2029,V2H-local-H2_E0,False,H2_E0_non_eeg,margin_power0p2_base0p15,fine_power_base_grid,0.2,0.15,0.5907534246575342,0.5907786657786658,0.5907534246575342,0.5722462722462723,584,30,26,0.5841481782106782,0.5823822011322011,0.6323713478525195,26
V2-S,V2M-two_stage_user_local_reranker-v1,protocol_a_rollv2_cv3,2,2029,V2H-local-H2_E0,False,H2_E0_non_eeg,margin_power0p25_base0p0,fine_power_base_grid,0.25,0.0,0.559931506849315,0.5481467606467606,0.559931506849315,0.540338303671637,584,30,26,0.5387205762987013,0.5356453731453731,0.6102349533311877,26
V2-S,V2M-two_stage_user_local_reranker-v1,protocol_a_rollv2_cv3,2,2029,V2H-local-H2_E0,False,H2_E0_non_eeg,margin_power0p25_base0p025,fine_power_base_grid,0.25,0.025,0.5702054794520548,0.5605933418433419,0.5702054794520548,0.5505962401795735,584,30,26,0.5528391053391053,0.5507871757871758,0.6145263383757107,26
V2-S,V2M-two_stage_user_local_reranker-v1,protocol_a_rollv2_cv3,2,2029,V2H-local-H2_E0,False,H2_E0_non_eeg,margin_power0p25_base0p05,fine_power_base_grid,0.25,0.05,0.5684931506849316,0.5622137122137122,0.5684931506849316,0.5480190796857464,584,30,26,0.5580900523088024,0.5561420061420062,0.6182455387476308,26
V2-S,V2M-two_stage_user_local_reranker-v1,protocol_a_rollv2_cv3,2,2029,V2H-local-H2_E0,False,H2_E0_non_eeg,margin_power0p25_base0p075,fine_power_base_grid,0.25,0.075,0.5787671232876712,0.5780740093240093,0.5787671232876712,0.5617646705146705,584,30,26,0.5683778634559884,0.567676073926074,0.6214283159889853,26
V2-S,V2M-two_stage_user_local_reranker-v1,protocol_a_rollv2_cv3,2,2029,V2H-local-H2_E0,False,H2_E0_non_eeg,margin_power0p25_base0p1,fine_power_base_grid,0.25,0.1,0.5787671232876712,0.580442242942243,0.5787671232876712,0.5632880391213725,584,30,26,0.5724469020562769,0.5711300273800274,0.6238601008475486,26
V2-S,V2M-two_stage_user_local_reranker-v1,protocol_a_rollv2_cv3,2,2029,V2H-local-H2_E0,False,H2_E0_non_eeg,margin_power0p25_base0p15,fine_power_base_grid,0.25,0.15,0.5907534246575342,0.5951451326451326,0.5907534246575342,0.5760305435305436,584,30,26,0.5856153048340549,0.5848408535908536,0.628687909022637,26
V2-S,V2M-two_stage_user_local_reranker-v1,protocol_a_rollv2_cv3,2,2029,V2H-local-H2_E0,False,H2_E0_non_eeg,margin_power0p3_base0p0,fine_power_base_grid,0.3,0.0,0.559931506849315,0.5481467606467606,0.559931506849315,0.540338303671637,584,30,26,0.5387205762987013,0.5356453731453731,0.6102349533311877,26
V2-S,V2M-two_stage_user_local_reranker-v1,protocol_a_rollv2_cv3,2,2029,V2H-local-H2_E0,False,H2_E0_non_eeg,margin_power0p3_base0p025,fine_power_base_grid,0.3,0.025,0.5684931506849316,0.5587236837236836,0.5684931506849316,0.5495049703383036,584,30,26,0.5476070977633477,0.5450325137825138,0.6137395844508815,26
V2-S,V2M-two_stage_user_local_reranker-v1,protocol_a_rollv2_cv3,2,2029,V2H-local-H2_E0,False,H2_E0_non_eeg,margin_power0p3_base0p05,fine_power_base_grid,0.3,0.05,0.5702054794520548,0.5643504643504643,0.5702054794520548,0.5563524130190797,584,30,26,0.5573719336219336,0.5554621304621304,0.6169223616922361,26
V2-S,V2M-two_stage_user_local_reranker-v1,protocol_a_rollv2_cv3,2,2029,V2H-local-H2_E0,False,H2_E0_non_eeg,margin_power0p3_base0p075,fine_power_base_grid,0.3,0.075,0.571917808219178,0.5677718115218116,0.571917808219178,0.5528360990860991,584,30,26,0.5607178932178931,0.5591366966366966,0.61949719271895,26
V2-S,V2M-two_stage_user_local_reranker-v1,protocol_a_rollv2_cv3,2,2029,V2H-local-H2_E0,False,H2_E0_non_eeg,margin_power0p3_base0p1,fine_power_base_grid,0.3,0.1,0.577054794520548,0.5774329836829838,0.577054794520548,0.5612091149591151,584,30,26,0.5707725694444444,0.5700806138306139,0.6220362622036262,26
V2-S,V2M-two_stage_user_local_reranker-v1,protocol_a_rollv2_cv3,2,2029,V2H-local-H2_E0,False,H2_E0_non_eeg,margin_power0p3_base0p15,fine_power_base_grid,0.3,0.15,0.5856164383561644,0.5897650960150961,0.5856164383561644,0.5713678451178451,584,30,26,0.5795426361832612,0.57869005994006,0.6266852626685262,26
V2-S,V2M-two_stage_user_local_reranker-v1,protocol_a_rollv2_cv3,2,2029,V2H-local-H2_E0,False,H2_E0_non_eeg,margin_power0p35_base0p0,fine_power_base_grid,0.35,0.0,0.559931506849315,0.5481467606467606,0.559931506849315,0.540338303671637,584,30,26,0.5387205762987013,0.5356453731453731,0.6102349533311877,26
V2-S,V2M-two_stage_user_local_reranker-v1,protocol_a_rollv2_cv3,2,2029,V2H-local-H2_E0,False,H2_E0_non_eeg,margin_power0p35_base0p025,fine_power_base_grid,0.35,0.025,0.5684931506849316,0.5587236837236836,0.5684931506849316,0.5495049703383036,584,30,26,0.5476070977633477,0.5450325137825138,0.6132389228623538,26
V2-S,V2M-two_stage_user_local_reranker-v1,protocol_a_rollv2_cv3,2,2029,V2H-local-H2_E0,False,H2_E0_non_eeg,margin_power0p35_base0p05,fine_power_base_grid,0.35,0.05,0.5684931506849316,0.5613055925555925,0.5684931506849316,0.5512135241301908,584,30,26,0.555861516955267,0.5535390535390535,0.6161713693094445,26
V2-S,V2M-two_stage_user_local_reranker-v1,protocol_a_rollv2_cv3,2,2029,V2H-local-H2_E0,False,H2_E0_non_eeg,margin_power0p35_base0p075,fine_power_base_grid,0.35,0.075,0.5684931506849316,0.5622137122137122,0.5684931506849316,0.5480190796857464,584,30,26,0.5580900523088024,0.5561420061420062,0.6184601079998568,26
V2-S,V2M-two_stage_user_local_reranker-v1,protocol_a_rollv2_cv3,2,2029,V2H-local-H2_E0,False,H2_E0_non_eeg,margin_power0p35_base0p1,fine_power_base_grid,0.35,0.1,0.5753424657534246,0.5701756576756577,0.5753424657534246,0.5549194324194324,584,30,26,0.5629872384559884,0.5614260739260739,0.6206058005221186,26
V2-S,V2M-two_stage_user_local_reranker-v1,protocol_a_rollv2_cv3,2,2029,V2H-local-H2_E0,False,H2_E0_non_eeg,margin_power0p35_base0p15,fine_power_base_grid,0.35,0.15,0.5787671232876712,0.580442242942243,0.5787671232876712,0.5632880391213725,584,30,26,0.5724469020562769,0.5711300273800274,0.624038908557737,26
V2-S,V2M-two_stage_user_local_reranker-v1,protocol_a_rollv2_cv3,2,2029,V2H-local-H2_E0,False,H2_E0_non_eeg,margin_power0p4_base0p0,fine_power_base_grid,0.4,0.0,0.559931506849315,0.5481467606467606,0.559931506849315,0.540338303671637,584,30,26,0.5387205762987013,0.5356453731453731,0.6102349533311877,26
V2-S,V2M-two_stage_user_local_reranker-v1,protocol_a_rollv2_cv3,2,2029,V2H-local-H2_E0,False,H2_E0_non_eeg,margin_power0p4_base0p025,fine_power_base_grid,0.4,0.025,0.5633561643835616,0.5532927720427719,0.5633561643835616,0.5447981802148468,584,30,26,0.5424421672077921,0.5396016021016021,0.6129170689840145,26
V2-S,V2M-two_stage_user_local_reranker-v1,protocol_a_rollv2_cv3,2,2029,V2H-local-H2_E0,False,H2_E0_non_eeg,margin_power0p4_base0p05,fine_power_base_grid,0.4,0.05,0.571917808219178,0.5637984700484701,0.571917808219178,0.5533740179573513,584,30,26,0.5565322871572872,0.5542836792836793,0.6154919000107284,26
V2-S,V2M-two_stage_user_local_reranker-v1,protocol_a_rollv2_cv3,2,2029,V2H-local-H2_E0,False,H2_E0_non_eeg,margin_power0p4_base0p075,fine_power_base_grid,0.4,0.075,0.5702054794520548,0.5643504643504643,0.5702054794520548,0.5563524130190797,584,30,26,0.5573719336219336,0.5554621304621304,0.61763759253299,26
V2-S,V2M-two_stage_user_local_reranker-v1,protocol_a_rollv2_cv3,2,2029,V2H-local-H2_E0,False,H2_E0_non_eeg,margin_power0p4_base0p1,fine_power_base_grid,0.4,0.1,0.5702054794520548,0.5654188404188404,0.5702054794520548,0.5507968574635241,584,30,26,0.5590251848845598,0.5570889758389759,0.6192826234667239,26
V2-S,V2M-two_stage_user_local_reranker-v1,protocol_a_rollv2_cv3,2,2029,V2H-local-H2_E0,False,H2_E0_non_eeg,margin_power0p4_base0p15,fine_power_base_grid,0.4,0.15,0.5787671232876712,0.5783945221445221,0.5787671232876712,0.5620424482924483,584,30,26,0.5718663194444444,0.5710421522921523,0.622644208418267,26
V2-S,V2M-two_stage_user_local_reranker-v1,protocol_a_rollv2_cv3,2,2029,V2H-local-H2_E0,False,H2_E0_non_eeg,margin_power0p5_base0p0,fine_power_base_grid,0.5,0.0,0.559931506849315,0.5481467606467606,0.559931506849315,0.540338303671637,584,30,26,0.5387205762987013,0.5356453731453731,0.6102349533311877,26
V2-S,V2M-two_stage_user_local_reranker-v1,protocol_a_rollv2_cv3,2,2029,V2H-local-H2_E0,False,H2_E0_non_eeg,margin_power0p5_base0p025,fine_power_base_grid,0.5,0.025,0.5633561643835616,0.5532927720427719,0.5633561643835616,0.5447981802148468,584,30,26,0.5413136949855699,0.538533226033226,0.6122375996852985,26
V2-S,V2M-two_stage_user_local_reranker-v1,protocol_a_rollv2_cv3,2,2029,V2H-local-H2_E0,False,H2_E0_non_eeg,margin_power0p5_base0p05,fine_power_base_grid,0.5,0.05,0.5667808219178082,0.5565869315869315,0.5667808219178082,0.5471240179573513,584,30,26,0.5464786255411255,0.5439641377141378,0.6139899152451453,26
V2-S,V2M-two_stage_user_local_reranker-v1,protocol_a_rollv2_cv3,2,2029,V2H-local-H2_E0,False,H2_E0_non_eeg,margin_power0p5_base0p075,fine_power_base_grid,0.5,0.075,0.5702054794520548,0.562730093980094,0.5702054794520548,0.5524480920314254,584,30,26,0.5554038149350649,0.5532153032153032,0.6159925615992561,26
V2-S,V2M-two_stage_user_local_reranker-v1,protocol_a_rollv2_cv3,2,2029,V2H-local-H2_E0,False,H2_E0_non_eeg,margin_power0p5_base0p1,fine_power_base_grid,0.5,0.1,0.571917808219178,0.5656325156325156,0.571917808219178,0.5574635241301907,584,30,26,0.5587261002886003,0.5567441817441818,0.6178879233272538,26
V2-S,V2M-two_stage_user_local_reranker-v1,protocol_a_rollv2_cv3,2,2029,V2H-local-H2_E0,False,H2_E0_non_eeg,margin_power0p5_base0p15,fine_power_base_grid,0.5,0.15,0.571917808219178,0.5663295038295039,0.571917808219178,0.5515860990860991,584,30,26,0.5598585182178931,0.557694388944389,0.6207130851482316,26
V2-S,V2M-two_stage_user_local_reranker-v1,protocol_a_rollv2_cv3,3,2029,V2H-local-H2_E0,False,H2_E0_non_eeg,v2n_eeg_base_0p05,reference_score_family,1.0,0.05,0.5938511326860841,0.6101673167554553,0.5938511326860841,0.6126175114567971,618,28,24,0.5876623764735653,0.6046195702445702,0.5900900900900901,24
V2-S,V2M-two_stage_user_local_reranker-v1,protocol_a_rollv2_cv3,3,2029,V2H-local-H2_E0,False,H2_E0_non_eeg,sqrt_margin_eeg_base0p05,reference_score_family,0.5,0.05,0.5938511326860841,0.6093644968901354,0.5938511326860841,0.6070186658579516,618,28,24,0.5875308161147321,0.6046848059348059,0.5924338973119462,24
V2-S,V2M-two_stage_user_local_reranker-v1,protocol_a_rollv2_cv3,3,2029,V2H-local-H2_E0,False,H2_E0_non_eeg,margin_power0p25_base0p05,reference_score_family,0.25,0.05,0.6084142394822006,0.6288099510258308,0.6084142394822006,0.6246941121048264,618,28,24,0.6048341324565101,0.6223244579494579,0.5971581337434997,24
V2-S,V2M-two_stage_user_local_reranker-v1,protocol_a_rollv2_cv3,3,2029,V2H-local-H2_E0,False,H2_E0_non_eeg,margin_power0p1_base0p0,fine_power_base_grid,0.1,0.0,0.5954692556634305,0.6131557732307539,0.5954692556634305,0.6150746178424749,618,28,24,0.594208268421555,0.6107434694934696,0.5871603310627701,24
V2-S,V2M-two_stage_user_local_reranker-v1,protocol_a_rollv2_cv3,3,2029,V2H-local-H2_E0,False,H2_E0_non_eeg,margin_power0p1_base0p025,fine_power_base_grid,0.1,0.025,0.610032362459547,0.633255071572925,0.610032362459547,0.6295615462579748,618,28,24,0.6062769204377596,0.6226955914455915,0.6003808686735517,24
V2-S,V2M-two_stage_user_local_reranker-v1,protocol_a_rollv2_cv3,3,2029,V2H-local-H2_E0,False,H2_E0_non_eeg,margin_power0p1_base0p05,fine_power_base_grid,0.1,0.05,0.6213592233009708,0.6473639015484669,0.6213592233009708,0.6267926451855024,618,28,24,0.6297372887407852,0.6449287209703877,0.611623818940892,24
V2-S,V2M-two_stage_user_local_reranker-v1,protocol_a_rollv2_cv3,3,2029,V2H-local-H2_E0,False,H2_E0_non_eeg,margin_power0p1_base0p075,fine_power_base_grid,0.1,0.075,0.63915857605178,0.6651538155662898,0.63915857605178,0.6425407396835967,618,28,24,0.6466133807917025,0.6610533717825385,0.6209258038526331,24
V2-S,V2M-two_stage_user_local_reranker-v1,protocol_a_rollv2_cv3,3,2029,V2H-local-H2_E0,False,H2_E0_non_eeg,margin_power0p1_base0p1,fine_power_base_grid,0.1,0.1,0.6488673139158576,0.6782041040577548,0.6488673139158576,0.6546020513877656,618,28,24,0.6569889027056859,0.6710574417866084,0.6290192631656046,24
V2-S,V2M-two_stage_user_local_reranker-v1,protocol_a_rollv2_cv3,3,2029,V2H-local-H2_E0,False,H2_E0_non_eeg,margin_power0p1_base0p15,fine_power_base_grid,0.1,0.15,0.6375404530744336,0.6725745310844319,0.6375404530744336,0.6499361419004276,618,28,24,0.6513455949644761,0.6656689953564954,0.6404087013843112,24
V2-S,V2M-two_stage_user_local_reranker-v1,protocol_a_rollv2_cv3,3,2029,V2H-local-H2_E0,False,H2_E0_non_eeg,margin_power0p15_base0p0,fine_power_base_grid,0.15,0.0,0.5954692556634305,0.6131557732307539,0.5954692556634305,0.6150746178424749,618,28,24,0.594208268421555,0.6107434694934696,0.5871603310627701,24
V2-S,V2M-two_stage_user_local_reranker-v1,protocol_a_rollv2_cv3,3,2029,V2H-local-H2_E0,False,H2_E0_non_eeg,margin_power0p15_base0p025,fine_power_base_grid,0.15,0.025,0.6084142394822006,0.6283084078159543,0.6084142394822006,0.6242642179249323,618,28,24,0.6066115217338993,0.6236361863445197,0.5961327180839376,24
V2-S,V2M-two_stage_user_local_reranker-v1,protocol_a_rollv2_cv3,3,2029,V2H-local-H2_E0,False,H2_E0_non_eeg,margin_power0p15_base0p05,fine_power_base_grid,0.15,0.05,0.6116504854368932,0.6375049729061596,0.6116504854368932,0.6290376521626522,618,28,24,0.611630822557396,0.628131008651842,0.6037867135428111,24
V2-S,V2M-two_stage_user_local_reranker-v1,protocol_a_rollv2_cv3,3,2029,V2H-local-H2_E0,False,H2_E0_non_eeg,margin_power0p15_base0p075,fine_power_base_grid,0.15,0.075,0.6213592233009708,0.6459502110722765,0.6213592233009708,0.6255809104916248,618,28,24,0.6287507752542718,0.6435150304941971,0.6115505749652091,24
V2-S,V2M-two_stage_user_local_reranker-v1,protocol_a_rollv2_cv3,3,2029,V2H-local-H2_E0,False,H2_E0_non_eeg,margin_power0p15_base0p1,fine_power_base_grid,0.15,0.1,0.6375404530744336,0.6634397178901823,0.6375404530744336,0.6409402105830677,618,28,24,0.6475943442726659,0.6616166433874767,0.6179594228374716,24
V2-S,V2M-two_stage_user_local_reranker-v1,protocol_a_rollv2_cv3,3,2029,V2H-local-H2_E0,False,H2_E0_non_eeg,margin_power0p15_base0p15,fine_power_base_grid,0.15,0.15,0.6456310679611651,0.6746988130524638,0.6456310679611651,0.6515975162403734,618,28,24,0.6550894133061965,0.6691890555432222,0.6291291291291291,24
V2-S,V2M-two_stage_user_local_reranker-v1,protocol_a_rollv2_cv3,3,2029,V2H-local-H2_E0,False,H2_E0_non_eeg,margin_power0p2_base0p0,fine_power_base_grid,0.2,0.0,0.5954692556634305,0.6131557732307539,0.5954692556634305,0.6150746178424749,618,28,24,0.594208268421555,0.6107434694934696,0.5871603310627701,24
V2-S,V2M-two_stage_user_local_reranker-v1,protocol_a_rollv2_cv3,3,2029,V2H-local-H2_E0,False,H2_E0_non_eeg,margin_power0p2_base0p025,fine_power_base_grid,0.2,0.025,0.6035598705501618,0.6209559030676162,0.6035598705501618,0.6179620709977852,618,28,24,0.5977331138170299,0.6147955863580864,0.5932762030323006,24
V2-S,V2M-two_stage_user_local_reranker-v1,protocol_a_rollv2_cv3,3,2029,V2H-local-H2_E0,False,H2_E0_non_eeg,margin_power0p2_base0p05,fine_power_base_grid,0.2,0.05,0.6035598705501618,0.6257501982785781,0.6035598705501618,0.6228155145119432,618,28,24,0.6010682402290793,0.6173053798053799,0.5999780268072951,24
V2-S,V2M-two_stage_user_local_reranker-v1,protocol_a_rollv2_cv3,3,2029,V2H-local-H2_E0,False,H2_E0_non_eeg,margin_power0p2_base0p075,fine_power_base_grid,0.2,0.075,0.610032362459547,0.6319323347599921,0.610032362459547,0.6133017214267215,618,28,24,0.6104626725256096,0.626786311682145,0.6063136307038746,24
V2-S,V2M-two_stage_user_local_reranker-v1,protocol_a_rollv2_cv3,3,2029,V2H-local-H2_E0,False,H2_E0_non_eeg,margin_power0p2_base0p1,fine_power_base_grid,0.2,0.1,0.6229773462783171,0.647616877738943,0.6229773462783171,0.6270094819201962,618,28,24,0.6300328265363231,0.644903919383086,0.6116238189408921,24
V2-S,V2M-two_stage_user_local_reranker-v1,protocol_a_rollv2_cv3,3,2029,V2H-local-H2_E0,False,H2_E0_non_eeg,margin_power0p2_base0p15,fine_power_base_grid,0.2,0.15,0.6423948220064725,0.6694593711218454,0.6423948220064725,0.646231215874073,618,28,24,0.6503818345601563,0.6653589273380941,0.6209624258404747,24
V2-S,V2M-two_stage_user_local_reranker-v1,protocol_a_rollv2_cv3,3,2029,V2H-local-H2_E0,False,H2_E0_non_eeg,margin_power0p25_base0p0,fine_power_base_grid,0.25,0.0,0.5954692556634305,0.6131557732307539,0.5954692556634305,0.6150746178424749,618,28,24,0.594208268421555,0.6107434694934696,0.5871603310627701,24
V2-S,V2M-two_stage_user_local_reranker-v1,protocol_a_rollv2_cv3,3,2029,V2H-local-H2_E0,False,H2_E0_non_eeg,margin_power0p25_base0p025,fine_power_base_grid,0.25,0.025,0.5970873786407767,0.6141616460129424,0.5970873786407767,0.6112349356992214,618,28,24,0.5910897571736733,0.6087770678395679,0.5923606533362631,24
V2-S,V2M-two_stage_user_local_reranker-v1,protocol_a_rollv2_cv3,3,2029,V2H-local-H2_E0,False,H2_E0_non_eeg,margin_power0p25_base0p05,fine_power_base_grid,0.25,0.05,0.6084142394822006,0.6288099510258308,0.6084142394822006,0.6246941121048264,618,28,24,0.6048341324565101,0.6223244579494579,0.5971581337434997,24
V2-S,V2M-two_stage_user_local_reranker-v1,protocol_a_rollv2_cv3,3,2029,V2H-local-H2_E0,False,H2_E0_non_eeg,margin_power0p25_base0p075,fine_power_base_grid,0.25,0.075,0.610032362459547,0.6356851877530412,0.610032362459547,0.6316445029837886,618,28,24,0.6086464332093703,0.6252199536574538,0.602321834029151,24
V2-S,V2M-two_stage_user_local_reranker-v1,protocol_a_rollv2_cv3,3,2029,V2H-local-H2_E0,False,H2_E0_non_eeg,margin_power0p25_base0p1,fine_power_base_grid,0.25,0.1,0.610032362459547,0.6322874483963558,0.610032362459547,0.6137655433191147,618,28,24,0.6128934488200223,0.6290415024790025,0.6071193144363876,24
V2-S,V2M-two_stage_user_local_reranker-v1,protocol_a_rollv2_cv3,3,2029,V2H-local-H2_E0,False,H2_E0_non_eeg,margin_power0p25_base0p15,fine_power_base_grid,0.25,0.15,0.6229773462783171,0.6456575523421176,0.6229773462783171,0.6253300601514887,618,28,24,0.6306488771523736,0.6447055066846734,0.6154325056764081,24
V2-S,V2M-two_stage_user_local_reranker-v1,protocol_a_rollv2_cv3,3,2029,V2H-local-H2_E0,False,H2_E0_non_eeg,margin_power0p3_base0p0,fine_power_base_grid,0.3,0.0,0.5954692556634305,0.6131557732307539,0.5954692556634305,0.6150746178424749,618,28,24,0.594208268421555,0.6107434694934696,0.5871603310627701,24
V2-S,V2M-two_stage_user_local_reranker-v1,protocol_a_rollv2_cv3,3,2029,V2H-local-H2_E0,False,H2_E0_non_eeg,margin_power0p3_base0p025,fine_power_base_grid,0.3,0.025,0.5970873786407767,0.6165625010918161,0.5970873786407767,0.6182304005518292,618,28,24,0.5935040095879256,0.6114903614903615,0.5919578114700066,24
V2-S,V2M-two_stage_user_local_reranker-v1,protocol_a_rollv2_cv3,3,2029,V2H-local-H2_E0,False,H2_E0_non_eeg,margin_power0p3_base0p05,fine_power_base_grid,0.3,0.05,0.6084142394822006,0.6283084078159543,0.6084142394822006,0.6242642179249323,618,28,24,0.6052378953602731,0.6221480911064244,0.5956932542298397,24
V2-S,V2M-two_stage_user_local_reranker-v1,protocol_a_rollv2_cv3,3,2029,V2H-local-H2_E0,False,H2_E0_non_eeg,margin_power0p3_base0p075,fine_power_base_grid,0.3,0.075,0.6035598705501618,0.6257501982785781,0.6035598705501618,0.6228155145119432,618,28,24,0.6010682402290793,0.6173053798053799,0.5997582948802461,24
V2-S,V2M-two_stage_user_local_reranker-v1,protocol_a_rollv2_cv3,3,2029,V2H-local-H2_E0,False,H2_E0_non_eeg,margin_power0p3_base0p1,fine_power_base_grid,0.3,0.1,0.610032362459547,0.636070990222177,0.610032362459547,0.6278085241478099,618,28,24,0.6105500851130221,0.6269946450154783,0.6038599575184942,24
V2-S,V2M-two_stage_user_local_reranker-v1,protocol_a_rollv2_cv3,3,2029,V2H-local-H2_E0,False,H2_E0_non_eeg,margin_power0p3_base0p15,fine_power_base_grid,0.3,0.15,0.6213592233009708,0.6454238952828028,0.6213592233009708,0.6250253549360691,618,28,24,0.6286592001626966,0.6434158241449909,0.612283014722039,24
V2-S,V2M-two_stage_user_local_reranker-v1,protocol_a_rollv2_cv3,3,2029,V2H-local-H2_E0,False,H2_E0_non_eeg,margin_power0p35_base0p0,fine_power_base_grid,0.35,0.0,0.5954692556634305,0.6131557732307539,0.5954692556634305,0.6150746178424749,618,28,24,0.594208268421555,0.6107434694934696,0.5871603310627701,24
V2-S,V2M-two_stage_user_local_reranker-v1,protocol_a_rollv2_cv3,3,2029,V2H-local-H2_E0,False,H2_E0_non_eeg,margin_power0p35_base0p025,fine_power_base_grid,0.35,0.025,0.5922330097087378,0.6073737561493947,0.5922330097087378,0.6094789833182689,618,28,24,0.5874142659981821,0.6040829540829541,0.5912619937010181,24
V2-S,V2M-two_stage_user_local_reranker-v1,protocol_a_rollv2_cv3,3,2029,V2H-local-H2_E0,False,H2_E0_non_eeg,margin_power0p35_base0p05,fine_power_base_grid,0.35,0.05,0.6035598705501618,0.6209559030676162,0.6035598705501618,0.6179620709977852,618,28,24,0.5977331138170299,0.6147955863580864,0.5937889108620816,24
V2-S,V2M-two_stage_user_local_reranker-v1,protocol_a_rollv2_cv3,3,2029,V2H-local-H2_E0,False,H2_E0_non_eeg,margin_power0p35_base0p075,fine_power_base_grid,0.35,0.075,0.6084142394822006,0.6288099510258308,0.6084142394822006,0.6246941121048264,618,28,24,0.6048341324565101,0.6223244579494579,0.5971947557313411,24
V2-S,V2M-two_stage_user_local_reranker-v1,protocol_a_rollv2_cv3,3,2029,V2H-local-H2_E0,False,H2_E0_non_eeg,margin_power0p35_base0p1,fine_power_base_grid,0.35,0.1,0.6051779935275081,0.6288983464267263,0.6051779935275081,0.6255139272103557,618,28,24,0.6030495922104314,0.6201757501757502,0.6018091261993701,24
V2-S,V2M-two_stage_user_local_reranker-v1,protocol_a_rollv2_cv3,3,2029,V2H-local-H2_E0,False,H2_E0_non_eeg,margin_power0p35_base0p15,fine_power_base_grid,0.35,0.15,0.6148867313915858,0.6366326864915939,0.6148867313915858,0.6174900331150331,618,28,24,0.616747927674501,0.6331089627964629,0.6085109499743646,24
V2-S,V2M-two_stage_user_local_reranker-v1,protocol_a_rollv2_cv3,3,2029,V2H-local-H2_E0,False,H2_E0_non_eeg,margin_power0p4_base0p0,fine_power_base_grid,0.4,0.0,0.5954692556634305,0.6131557732307539,0.5954692556634305,0.6150746178424749,618,28,24,0.594208268421555,0.6107434694934696,0.5871603310627701,24
V2-S,V2M-two_stage_user_local_reranker-v1,protocol_a_rollv2_cv3,3,2029,V2H-local-H2_E0,False,H2_E0_non_eeg,margin_power0p4_base0p025,fine_power_base_grid,0.4,0.025,0.5938511326860841,0.608675839482728,0.5938511326860841,0.6107544935223507,618,28,24,0.5883855169694331,0.6048545590212256,0.5909323958104447,24
V2-S,V2M-two_stage_user_local_reranker-v1,protocol_a_rollv2_cv3,3,2029,V2H-local-H2_E0,False,H2_E0_non_eeg,margin_power0p4_base0p05,fine_power_base_grid,0.4,0.05,0.6003236245954693,0.6177785441610907,0.6003236245954693,0.6144945728874299,618,28,24,0.5955477991317152,0.612982314753148,0.5928367391782026,24
V2-S,V2M-two_stage_user_local_reranker-v1,protocol_a_rollv2_cv3,3,2029,V2H-local-H2_E0,False,H2_E0_non_eeg,margin_power0p4_base0p075,fine_power_base_grid,0.4,0.075,0.6067961165048543,0.6272667411492876,0.6067961165048543,0.623371360782075,618,28,24,0.6040141191364967,0.6211064244397577,0.5963158280231451,24
V2-S,V2M-two_stage_user_local_reranker-v1,protocol_a_rollv2_cv3,3,2029,V2H-local-H2_E0,False,H2_E0_non_eeg,margin_power0p4_base0p1,fine_power_base_grid,0.4,0.1,0.6084142394822006,0.6319671294955093,0.6084142394822006,0.6281443126978842,618,28,24,0.6060896077504468,0.6231502872127872,0.5996484289167215,24
V2-S,V2M-two_stage_user_local_reranker-v1,protocol_a_rollv2_cv3,3,2029,V2H-local-H2_E0,False,H2_E0_non_eeg,margin_power0p4_base0p15,fine_power_base_grid,0.4,0.15,0.610032362459547,0.6344533431633534,0.610032362459547,0.6213799527192384,618,28,24,0.6104626725256096,0.626786311682145,0.6055445689592031,24
V2-S,V2M-two_stage_user_local_reranker-v1,protocol_a_rollv2_cv3,3,2029,V2H-local-H2_E0,False,H2_E0_non_eeg,margin_power0p5_base0p0,fine_power_base_grid,0.5,0.0,0.5954692556634305,0.6131557732307539,0.5954692556634305,0.6150746178424749,618,28,24,0.594208268421555,0.6107434694934696,0.5871603310627701,24
V2-S,V2M-two_stage_user_local_reranker-v1,protocol_a_rollv2_cv3,3,2029,V2H-local-H2_E0,False,H2_E0_non_eeg,margin_power0p5_base0p025,fine_power_base_grid,0.5,0.025,0.598705501618123,0.613363339482728,0.598705501618123,0.6155163982842554,618,28,24,0.5910176071015232,0.6072851145767812,0.590163334065773,24
V2-S,V2M-two_stage_user_local_reranker-v1,protocol_a_rollv2_cv3,3,2029,V2H-local-H2_E0,False,H2_E0_non_eeg,margin_power0p5_base0p05,fine_power_base_grid,0.5,0.05,0.5938511326860841,0.6093644968901354,0.5938511326860841,0.6070186658579516,618,28,24,0.5875308161147321,0.6046848059348059,0.5924338973119462,24
V2-S,V2M-two_stage_user_local_reranker-v1,protocol_a_rollv2_cv3,3,2029,V2H-local-H2_E0,False,H2_E0_non_eeg,margin_power0p5_base0p075,fine_power_base_grid,0.5,0.075,0.6019417475728155,0.61976542687714,0.6019417475728155,0.61694166283452,618,28,24,0.5965967501806663,0.6137539196914197,0.5938987768256061,24
V2-S,V2M-two_stage_user_local_reranker-v1,protocol_a_rollv2_cv3,3,2029,V2H-local-H2_E0,False,H2_E0_non_eeg,margin_power0p5_base0p1,fine_power_base_grid,0.5,0.1,0.6051779935275081,0.624662574482621,0.6051779935275081,0.6211392179249321,618,28,24,0.601828804451182,0.6185022577730911,0.5962792060353035,24
V2-S,V2M-two_stage_user_local_reranker-v1,protocol_a_rollv2_cv3,3,2029,V2H-local-H2_E0,False,H2_E0_non_eeg,margin_power0p5_base0p15,fine_power_base_grid,0.5,0.15,0.6051779935275081,0.6288983464267263,0.6051779935275081,0.6255139272103557,618,28,24,0.6030495922104314,0.6201757501757502,0.6025415659562001,24
V2-S,V2M-two_stage_user_local_reranker-v1,protocol_a_rollv2_cv3,1,2030,V2H-local-H2_E0,False,H2_E0_non_eeg,v2n_eeg_base_0p05,reference_score_family,1.0,0.05,0.6521739130434783,0.6527854453747312,0.6521739130434783,0.6631715797430082,598,35,28,0.6105738622902801,0.6067942391603106,0.6434571329399513,28
V2-S,V2M-two_stage_user_local_reranker-v1,protocol_a_rollv2_cv3,1,2030,V2H-local-H2_E0,False,H2_E0_non_eeg,sqrt_margin_eeg_base0p05,reference_score_family,0.5,0.05,0.6521739130434783,0.6550742775742776,0.6521739130434783,0.6644074074074073,598,35,28,0.6133777002433718,0.6094728105888819,0.6441166261714681,28
V2-S,V2M-two_stage_user_local_reranker-v1,protocol_a_rollv2_cv3,1,2030,V2H-local-H2_E0,False,H2_E0_non_eeg,margin_power0p25_base0p05,reference_score_family,0.25,0.05,0.6538461538461539,0.6536663105413105,0.6538461538461539,0.6625026455026455,598,35,28,0.6199981693265274,0.6163180486841201,0.6455397431447414,28
V2-S,V2M-two_stage_user_local_reranker-v1,protocol_a_rollv2_cv3,1,2030,V2H-local-H2_E0,False,H2_E0_non_eeg,margin_power0p1_base0p0,fine_power_base_grid,0.1,0.0,0.6588628762541806,0.661638431013431,0.6588628762541806,0.671047619047619,598,35,28,0.621067821067821,0.618623415275201,0.6428323498785145,28
V2-S,V2M-two_stage_user_local_reranker-v1,protocol_a_rollv2_cv3,1,2030,V2H-local-H2_E0,False,H2_E0_non_eeg,margin_power0p1_base0p025,fine_power_base_grid,0.1,0.025,0.657190635451505,0.6575508188901046,0.657190635451505,0.6656102521816808,598,35,28,0.6223128944024467,0.618714461794819,0.6463380770565775,28
V2-S,V2M-two_stage_user_local_reranker-v1,protocol_a_rollv2_cv3,1,2030,V2H-local-H2_E0,False,H2_E0_non_eeg,margin_power0p1_base0p05,fine_power_base_grid,0.1,0.05,0.6488294314381271,0.641571510500082,0.6488294314381271,0.6359617261045832,598,35,28,0.6123661993064977,0.6067771035181749,0.6486289482818466,28
V2-S,V2M-two_stage_user_local_reranker-v1,protocol_a_rollv2_cv3,1,2030,V2H-local-H2_E0,False,H2_E0_non_eeg,margin_power0p1_base0p075,fine_power_base_grid,0.1,0.075,0.6555183946488294,0.6482904859690575,0.6555183946488294,0.6413369064797635,598,35,28,0.6209282591372144,0.61489559712774,0.6494272821936827,28
V2-S,V2M-two_stage_user_local_reranker-v1,protocol_a_rollv2_cv3,1,2030,V2H-local-H2_E0,False,H2_E0_non_eeg,margin_power0p1_base0p1,fine_power_base_grid,0.1,0.1,0.6505016722408027,0.6395933960219675,0.6505016722408027,0.6343792345220916,598,35,28,0.6187889556546273,0.6126469198790626,0.6512322110378341,28
V2-S,V2M-two_stage_user_local_reranker-v1,protocol_a_rollv2_cv3,1,2030,V2H-local-H2_E0,False,H2_E0_non_eeg,margin_power0p1_base0p15,fine_power_base_grid,0.1,0.15,0.6505016722408027,0.6421787736073451,0.6505016722408027,0.6304951556380128,598,35,28,0.619118369192996,0.6124148371469801,0.6507115584866365,28
V2-S,V2M-two_stage_user_local_reranker-v1,protocol_a_rollv2_cv3,1,2030,V2H-local-H2_E0,False,H2_E0_non_eeg,margin_power0p15_base0p0,fine_power_base_grid,0.15,0.0,0.6588628762541806,0.661638431013431,0.6588628762541806,0.671047619047619,598,35,28,0.621067821067821,0.618623415275201,0.6428323498785145,28
V2-S,V2M-two_stage_user_local_reranker-v1,protocol_a_rollv2_cv3,1,2030,V2H-local-H2_E0,False,H2_E0_non_eeg,margin_power0p15_base0p025,fine_power_base_grid,0.15,0.025,0.6538461538461539,0.6555207061457061,0.6538461538461539,0.664962962962963,598,35,28,0.6202197885033705,0.616507442623514,0.6454356126345019,28
V2-S,V2M-two_stage_user_local_reranker-v1,protocol_a_rollv2_cv3,1,2030,V2H-local-H2_E0,False,H2_E0_non_eeg,margin_power0p15_base0p05,fine_power_base_grid,0.15,0.05,0.6505016722408027,0.6493662950805807,0.6505016722408027,0.6465626331340616,598,35,28,0.6172430057504684,0.6129392350374493,0.6472405414786533,28
V2-S,V2M-two_stage_user_local_reranker-v1,protocol_a_rollv2_cv3,1,2030,V2H-local-H2_E0,False,H2_E0_non_eeg,margin_power0p15_base0p075,fine_power_base_grid,0.15,0.075,0.6471571906354515,0.6405794470080185,0.6471571906354515,0.6351680753109323,598,35,28,0.6112882556912407,0.6057850400261114,0.6483859770912879,28
V2-S,V2M-two_stage_user_local_reranker-v1,protocol_a_rollv2_cv3,1,2030,V2H-local-H2_E0,False,H2_E0_non_eeg,margin_power0p15_base0p1,fine_power_base_grid,0.15,0.1,0.6488294314381271,0.6423651612937328,0.6488294314381271,0.6365966467395037,598,35,28,0.611892377937154,0.6058700740397169,0.6490454703228047,28
V2-S,V2M-two_stage_user_local_reranker-v1,protocol_a_rollv2_cv3,1,2030,V2H-local-H2_E0,False,H2_E0_non_eeg,margin_power0p15_base0p15,fine_power_base_grid,0.15,0.15,0.6505016722408027,0.6395933960219675,0.6505016722408027,0.6343792345220916,598,35,28,0.6169647433826538,0.6106627928949357,0.6509892398472753,28
V2-S,V2M-two_stage_user_local_reranker-v1,protocol_a_rollv2_cv3,1,2030,V2H-local-H2_E0,False,H2_E0_non_eeg,margin_power0p2_base0p0,fine_power_base_grid,0.2,0.0,0.6588628762541806,0.661638431013431,0.6588628762541806,0.671047619047619,598,35,28,0.621067821067821,0.618623415275201,0.6428323498785145,28
V2-S,V2M-two_stage_user_local_reranker-v1,protocol_a_rollv2_cv3,1,2030,V2H-local-H2_E0,False,H2_E0_non_eeg,margin_power0p2_base0p025,fine_power_base_grid,0.2,0.025,0.6505016722408027,0.654925468050468,0.6505016722408027,0.6644867724867725,598,35,28,0.6167986905300337,0.6131859625163196,0.6446372787226657,28
V2-S,V2M-two_stage_user_local_reranker-v1,protocol_a_rollv2_cv3,1,2030,V2H-local-H2_E0,False,H2_E0_non_eeg,margin_power0p2_base0p05,fine_power_base_grid,0.2,0.05,0.6555183946488294,0.6566579617472474,0.6555183946488294,0.664895966467395,598,35,28,0.6212681182830436,0.6178216046519618,0.6463033668864977,28
V2-S,V2M-two_stage_user_local_reranker-v1,protocol_a_rollv2_cv3,1,2030,V2H-local-H2_E0,False,H2_E0_non_eeg,margin_power0p2_base0p075,fine_power_base_grid,0.2,0.075,0.6471571906354515,0.6454972474615331,0.6471571906354515,0.6426737442451728,598,35,28,0.6145315629643987,0.6105582826564969,0.6473446719888927,28
V2-S,V2M-two_stage_user_local_reranker-v1,protocol_a_rollv2_cv3,1,2030,V2H-local-H2_E0,False,H2_E0_non_eeg,margin_power0p2_base0p1,fine_power_base_grid,0.2,0.1,0.6471571906354515,0.6405794470080185,0.6471571906354515,0.6351680753109323,598,35,28,0.6112882556912407,0.6057850400261114,0.6484901076015273,28
V2-S,V2M-two_stage_user_local_reranker-v1,protocol_a_rollv2_cv3,1,2030,V2H-local-H2_E0,False,H2_E0_non_eeg,margin_power0p2_base0p15,fine_power_base_grid,0.2,0.15,0.6488294314381271,0.6396865898651614,0.6488294314381271,0.6344537895966467,598,35,28,0.6139404708061424,0.6080774153095582,0.6494619923637626,28
V2-S,V2M-two_stage_user_local_reranker-v1,protocol_a_rollv2_cv3,1,2030,V2H-local-H2_E0,False,H2_E0_non_eeg,margin_power0p25_base0p0,fine_power_base_grid,0.25,0.0,0.6588628762541806,0.661638431013431,0.6588628762541806,0.671047619047619,598,35,28,0.621067821067821,0.618623415275201,0.6428323498785145,28
V2-S,V2M-two_stage_user_local_reranker-v1,protocol_a_rollv2_cv3,1,2030,V2H-local-H2_E0,False,H2_E0_non_eeg,margin_power0p25_base0p025,fine_power_base_grid,0.25,0.025,0.6555183946488294,0.6586882231525089,0.6555183946488294,0.6680922146636431,598,35,28,0.6177427796084511,0.6135827879131451,0.6444984380423463,28
V2-S,V2M-two_stage_user_local_reranker-v1,protocol_a_rollv2_cv3,1,2030,V2H-local-H2_E0,False,H2_E0_non_eeg,margin_power0p25_base0p05,fine_power_base_grid,0.25,0.05,0.6538461538461539,0.6536663105413105,0.6538461538461539,0.6625026455026455,598,35,28,0.6199981693265274,0.6163180486841201,0.6455397431447414,28
V2-S,V2M-two_stage_user_local_reranker-v1,protocol_a_rollv2_cv3,1,2030,V2H-local-H2_E0,False,H2_E0_non_eeg,margin_power0p25_base0p075,fine_power_base_grid,0.25,0.075,0.6521739130434783,0.650854390318676,0.6521739130434783,0.646959458530887,598,35,28,0.6169646356959789,0.6135061284614857,0.6465810482471365,28
V2-S,V2M-two_stage_user_local_reranker-v1,protocol_a_rollv2_cv3,1,2030,V2H-local-H2_E0,False,H2_E0_non_eeg,margin_power0p25_base0p1,fine_power_base_grid,0.25,0.1,0.6471571906354515,0.6454972474615331,0.6471571906354515,0.6426737442451728,598,35,28,0.6145315629643987,0.6105582826564969,0.6476570635196113,28
V2-S,V2M-two_stage_user_local_reranker-v1,protocol_a_rollv2_cv3,1,2030,V2H-local-H2_E0,False,H2_E0_non_eeg,margin_power0p25_base0p15,fine_power_base_grid,0.25,0.15,0.6471571906354515,0.6405794470080185,0.6471571906354515,0.6351680753109323,598,35,28,0.6112882556912407,0.6057850400261114,0.649184311003124,28
V2-S,V2M-two_stage_user_local_reranker-v1,protocol_a_rollv2_cv3,1,2030,V2H-local-H2_E0,False,H2_E0_non_eeg,margin_power0p3_base0p0,fine_power_base_grid,0.3,0.0,0.6588628762541806,0.661638431013431,0.6588628762541806,0.671047619047619,598,35,28,0.621067821067821,0.618623415275201,0.6428323498785145,28
V2-S,V2M-two_stage_user_local_reranker-v1,protocol_a_rollv2_cv3,1,2030,V2H-local-H2_E0,False,H2_E0_non_eeg,margin_power0p3_base0p025,fine_power_base_grid,0.3,0.025,0.6538461538461539,0.6580504680504681,0.6538461538461539,0.6675820105820105,598,35,28,0.6151189937757101,0.6109609058269773,0.6439083651509891,28
V2-S,V2M-two_stage_user_local_reranker-v1,protocol_a_rollv2_cv3,1,2030,V2H-local-H2_E0,False,H2_E0_non_eeg,margin_power0p3_base0p05,fine_power_base_grid,0.3,0.05,0.6521739130434783,0.6564135632885633,0.6521739130434783,0.6656772486772486,598,35,28,0.619516163769895,0.6162523405826976,0.6452967719541824,28
V2-S,V2M-two_stage_user_local_reranker-v1,protocol_a_rollv2_cv3,1,2030,V2H-local-H2_E0,False,H2_E0_non_eeg,margin_power0p3_base0p075,fine_power_base_grid,0.3,0.075,0.6505016722408027,0.6489469227862086,0.6505016722408027,0.6579334845049131,598,35,28,0.6137828175141609,0.6104825895004466,0.6459562651856995,28
V2-S,V2M-two_stage_user_local_reranker-v1,protocol_a_rollv2_cv3,1,2030,V2H-local-H2_E0,False,H2_E0_non_eeg,margin_power0p3_base0p1,fine_power_base_grid,0.3,0.1,0.6505016722408027,0.6493662950805809,0.6505016722408027,0.6457689823404108,598,35,28,0.6174206887639723,0.6140021602075174,0.6469628601180146,28
V2-S,V2M-two_stage_user_local_reranker-v1,protocol_a_rollv2_cv3,1,2030,V2H-local-H2_E0,False,H2_E0_non_eeg,margin_power0p3_base0p15,fine_power_base_grid,0.3,0.15,0.6471571906354515,0.6427619866905581,0.6471571906354515,0.636914107056964,598,35,28,0.6135815511188645,0.6087328858311001,0.6485942381117668,28
V2-S,V2M-two_stage_user_local_reranker-v1,protocol_a_rollv2_cv3,1,2030,V2H-local-H2_E0,False,H2_E0_non_eeg,margin_power0p35_base0p0,fine_power_base_grid,0.35,0.0,0.6588628762541806,0.661638431013431,0.6588628762541806,0.671047619047619,598,35,28,0.621067821067821,0.618623415275201,0.6428323498785145,28
V2-S,V2M-two_stage_user_local_reranker-v1,protocol_a_rollv2_cv3,1,2030,V2H-local-H2_E0,False,H2_E0_non_eeg,margin_power0p35_base0p025,fine_power_base_grid,0.35,0.025,0.6521739130434783,0.6568599918599919,0.6521739130434783,0.6666296296296295,598,35,28,0.6138254614374017,0.609770429636501,0.6435612634501909,28
V2-S,V2M-two_stage_user_local_reranker-v1,protocol_a_rollv2_cv3,1,2030,V2H-local-H2_E0,False,H2_E0_non_eeg,margin_power0p35_base0p05,fine_power_base_grid,0.35,0.05,0.6538461538461539,0.657051318390604,0.6538461538461539,0.6661874527588814,598,35,28,0.617225129762443,0.6138237176183605,0.6447066990628254,28
V2-S,V2M-two_stage_user_local_reranker-v1,protocol_a_rollv2_cv3,1,2030,V2H-local-H2_E0,False,H2_E0_non_eeg,margin_power0p35_base0p075,fine_power_base_grid,0.35,0.075,0.6505016722408027,0.6492020248270249,0.6505016722408027,0.658137566137566,598,35,28,0.6151474230578708,0.6118537629698343,0.6454703228045817,28
V2-S,V2M-two_stage_user_local_reranker-v1,protocol_a_rollv2_cv3,1,2030,V2H-local-H2_E0,False,H2_E0_non_eeg,margin_power0p35_base0p1,fine_power_base_grid,0.35,0.1,0.6505016722408027,0.649961533175819,0.6505016722408027,0.6462451728166013,598,35,28,0.615919859576576,0.6126132713186284,0.6463727872266574,28
V2-S,V2M-two_stage_user_local_reranker-v1,protocol_a_rollv2_cv3,1,2030,V2H-local-H2_E0,False,H2_E0_non_eeg,margin_power0p35_base0p15,fine_power_base_grid,0.35,0.15,0.6471571906354515,0.6457948665091522,0.6471571906354515,0.6429118394832679,598,35,28,0.6148549460489758,0.610855901704116,0.6481082957306491,28
V2-S,V2M-two_stage_user_local_reranker-v1,protocol_a_rollv2_cv3,1,2030,V2H-local-H2_E0,False,H2_E0_non_eeg,margin_power0p4_base0p0,fine_power_base_grid,0.4,0.0,0.6588628762541806,0.661638431013431,0.6588628762541806,0.671047619047619,598,35,28,0.621067821067821,0.618623415275201,0.6428323498785145,28
V2-S,V2M-two_stage_user_local_reranker-v1,protocol_a_rollv2_cv3,1,2030,V2H-local-H2_E0,False,H2_E0_non_eeg,margin_power0p4_base0p025,fine_power_base_grid,0.4,0.025,0.6555183946488294,0.6597298898191756,0.6555183946488294,0.6695207860922144,598,35,28,0.6155489866683896,0.6112585248745963,0.6436306837903507,28
V2-S,V2M-two_stage_user_local_reranker-v1,protocol_a_rollv2_cv3,1,2030,V2H-local-H2_E0,False,H2_E0_non_eeg,margin_power0p4_base0p05,fine_power_base_grid,0.4,0.05,0.6555183946488294,0.6573489374382231,0.6555183946488294,0.6664255479969765,598,35,28,0.6196131894639356,0.6156094319040747,0.6446719888927456,28
V2-S,V2M-two_stage_user_local_reranker-v1,protocol_a_rollv2_cv3,1,2030,V2H-local-H2_E0,False,H2_E0_non_eeg,margin_power0p4_base0p075,fine_power_base_grid,0.4,0.075,0.6505016722408027,0.6534373728123729,0.6505016722408027,0.6625026455026455,598,35,28,0.6177748702375568,0.6147642453446025,0.6455397431447415,28
V2-S,V2M-two_stage_user_local_reranker-v1,protocol_a_rollv2_cv3,1,2030,V2H-local-H2_E0,False,H2_E0_non_eeg,margin_power0p4_base0p1,fine_power_base_grid,0.4,0.1,0.6488294314381271,0.6483091676841678,0.6488294314381271,0.6574232804232804,598,35,28,0.6129832439533931,0.6098448343984059,0.6456785838250608,28
V2-S,V2M-two_stage_user_local_reranker-v1,protocol_a_rollv2_cv3,1,2030,V2H-local-H2_E0,False,H2_E0_non_eeg,margin_power0p4_base0p15,fine_power_base_grid,0.4,0.15,0.6505016722408027,0.6493662950805809,0.6505016722408027,0.6457689823404108,598,35,28,0.6174206887639723,0.6140021602075174,0.6471711211384936,28
V2-S,V2M-two_stage_user_local_reranker-v1,protocol_a_rollv2_cv3,1,2030,V2H-local-H2_E0,False,H2_E0_non_eeg,margin_power0p5_base0p0,fine_power_base_grid,0.5,0.0,0.6588628762541806,0.661638431013431,0.6588628762541806,0.671047619047619,598,35,28,0.621067821067821,0.618623415275201,0.6428323498785145,28
V2-S,V2M-two_stage_user_local_reranker-v1,protocol_a_rollv2_cv3,1,2030,V2H-local-H2_E0,False,H2_E0_non_eeg,margin_power0p5_base0p025,fine_power_base_grid,0.5,0.025,0.6538461538461539,0.6557616358509215,0.6538461538461539,0.6663461829176114,598,35,28,0.6123151558226184,0.6082823343984058,0.6435959736202708,28
V2-S,V2M-two_stage_user_local_reranker-v1,protocol_a_rollv2_cv3,1,2030,V2H-local-H2_E0,False,H2_E0_non_eeg,margin_power0p5_base0p05,fine_power_base_grid,0.5,0.05,0.6521739130434783,0.6550742775742776,0.6521739130434783,0.6644074074074073,598,35,28,0.6133777002433718,0.6094728105888819,0.6441166261714681,28
V2-S,V2M-two_stage_user_local_reranker-v1,protocol_a_rollv2_cv3,1,2030,V2H-local-H2_E0,False,H2_E0_non_eeg,margin_power0p5_base0p075,fine_power_base_grid,0.5,0.075,0.6521739130434783,0.6534798898191756,0.6521739130434783,0.6625366591080876,598,35,28,0.6151604531455277,0.6117403842850272,0.6447066990628254,28
V2-S,V2M-two_stage_user_local_reranker-v1,protocol_a_rollv2_cv3,1,2030,V2H-local-H2_E0,False,H2_E0_non_eeg,margin_power0p5_base0p1,fine_power_base_grid,0.5,0.1,0.6471571906354515,0.6492020248270248,0.6471571906354515,0.658137566137566,598,35,28,0.614020912752256,0.6110778275956849,0.6454356126345019,28
V2-S,V2M-two_stage_user_local_reranker-v1,protocol_a_rollv2_cv3,1,2030,V2H-local-H2_E0,False,H2_E0_non_eeg,margin_power0p5_base0p15,fine_power_base_grid,0.5,0.15,0.6471571906354515,0.6460770248270249,0.6471571906354515,0.6431375661375661,598,35,28,0.6118638409683185,0.6087287629698344,0.6463033668864977,28
V2-S,V2M-two_stage_user_local_reranker-v1,protocol_a_rollv2_cv3,2,2030,V2H-local-H2_E0,False,H2_E0_non_eeg,v2n_eeg_base_0p05,reference_score_family,1.0,0.05,0.5616438356164384,0.5575001387501387,0.5616438356164384,0.5436826599326599,584,30,26,0.5543128832972584,0.5497578810078809,0.612166076601223,26
V2-S,V2M-two_stage_user_local_reranker-v1,protocol_a_rollv2_cv3,2,2030,V2H-local-H2_E0,False,H2_E0_non_eeg,sqrt_margin_eeg_base0p05,reference_score_family,0.5,0.05,0.565068493150685,0.5666347541347542,0.565068493150685,0.5515993265993266,584,30,26,0.5602379825036075,0.5579385891885892,0.6137038229088438,26
V2-S,V2M-two_stage_user_local_reranker-v1,protocol_a_rollv2_cv3,2,2030,V2H-local-H2_E0,False,H2_E0_non_eeg,margin_power0p25_base0p05,reference_score_family,0.25,0.05,0.5753424657534246,0.580790737040737,0.5753424657534246,0.5643969456469456,584,30,26,0.5752642496392496,0.5731719669219669,0.6177091156170654,26
V2-S,V2M-two_stage_user_local_reranker-v1,protocol_a_rollv2_cv3,2,2030,V2H-local-H2_E0,False,H2_E0_non_eeg,margin_power0p1_base0p0,fine_power_base_grid,0.1,0.0,0.559931506849315,0.5538498538498539,0.559931506849315,0.5405190796857463,584,30,26,0.547056727994228,0.5423197173197173,0.6110574687980546,26
V2-S,V2M-two_stage_user_local_reranker-v1,protocol_a_rollv2_cv3,2,2030,V2H-local-H2_E0,False,H2_E0_non_eeg,margin_power0p1_base0p025,fine_power_base_grid,0.1,0.025,0.5787671232876712,0.5857586857586857,0.5787671232876712,0.5687025012025012,584,30,26,0.5798736246392495,0.5789411976911978,0.6211779851947217,26
V2-S,V2M-two_stage_user_local_reranker-v1,protocol_a_rollv2_cv3,2,2030,V2H-local-H2_E0,False,H2_E0_non_eeg,margin_power0p1_base0p05,fine_power_base_grid,0.1,0.05,0.5976027397260274,0.6058173308173308,0.5976027397260274,0.5821051787718454,584,30,26,0.5970698051948051,0.5962990712990712,0.6321210170582555,26
V2-S,V2M-two_stage_user_local_reranker-v1,protocol_a_rollv2_cv3,2,2030,V2H-local-H2_E0,False,H2_E0_non_eeg,margin_power0p1_base0p075,fine_power_base_grid,0.1,0.075,0.601027397260274,0.6101671476671477,0.601027397260274,0.5864041205707872,584,30,26,0.599692573051948,0.5993897306397307,0.640095840932661,26
V2-S,V2M-two_stage_user_local_reranker-v1,protocol_a_rollv2_cv3,2,2030,V2H-local-H2_E0,False,H2_E0_non_eeg,margin_power0p1_base0p1,fine_power_base_grid,0.1,0.1,0.6095890410958904,0.6190880878380879,0.6095890410958904,0.5941356020522688,584,30,26,0.6069595508658009,0.6059380434380434,0.6466402031255588,26
V2-S,V2M-two_stage_user_local_reranker-v1,protocol_a_rollv2_cv3,2,2030,V2H-local-H2_E0,False,H2_E0_non_eeg,margin_power0p1_base0p15,fine_power_base_grid,0.1,0.15,0.6164383561643836,0.6280624468124467,0.6164383561643836,0.6019133798300466,584,30,26,0.6155917433261183,0.6163699726199726,0.6537925115330973,26
V2-S,V2M-two_stage_user_local_reranker-v1,protocol_a_rollv2_cv3,2,2030,V2H-local-H2_E0,False,H2_E0_non_eeg,margin_power0p15_base0p0,fine_power_base_grid,0.15,0.0,0.559931506849315,0.5538498538498539,0.559931506849315,0.5405190796857463,584,30,26,0.547056727994228,0.5423197173197173,0.6110574687980546,26
V2-S,V2M-two_stage_user_local_reranker-v1,protocol_a_rollv2_cv3,2,2030,V2H-local-H2_E0,False,H2_E0_non_eeg,margin_power0p15_base0p025,fine_power_base_grid,0.15,0.025,0.5753424657534246,0.5811977374477375,0.5753424657534246,0.5647496793330127,584,30,26,0.5742349837662337,0.5725105912605912,0.616600507813897,26
V2-S,V2M-two_stage_user_local_reranker-v1,protocol_a_rollv2_cv3,2,2030,V2H-local-H2_E0,False,H2_E0_non_eeg,margin_power0p15_base0p05,fine_power_base_grid,0.15,0.05,0.5873287671232876,0.5937206312206311,0.5873287671232876,0.5756028539361873,584,30,26,0.5882937635281384,0.5876662689162689,0.6250044701927547,26
V2-S,V2M-two_stage_user_local_reranker-v1,protocol_a_rollv2_cv3,2,2030,V2H-local-H2_E0,False,H2_E0_non_eeg,margin_power0p15_base0p075,fine_power_base_grid,0.15,0.075,0.5976027397260274,0.6058173308173308,0.5976027397260274,0.5821051787718454,584,30,26,0.5970698051948051,0.5962990712990712,0.6311912169652756,26
V2-S,V2M-two_stage_user_local_reranker-v1,protocol_a_rollv2_cv3,2,2030,V2H-local-H2_E0,False,H2_E0_non_eeg,margin_power0p15_base0p1,fine_power_base_grid,0.15,0.1,0.5958904109589042,0.603985828985829,0.5958904109589042,0.5810469777136444,584,30,26,0.5945834460678211,0.5933991933991933,0.6360905482244394,26
V2-S,V2M-two_stage_user_local_reranker-v1,protocol_a_rollv2_cv3,2,2030,V2H-local-H2_E0,False,H2_E0_non_eeg,margin_power0p15_base0p15,fine_power_base_grid,0.15,0.15,0.6095890410958904,0.6184470621970621,0.6095890410958904,0.5935800464967133,584,30,26,0.6062303841991342,0.6052970177970178,0.646032256910918,26
V2-S,V2M-two_stage_user_local_reranker-v1,protocol_a_rollv2_cv3,2,2030,V2H-local-H2_E0,False,H2_E0_non_eeg,margin_power0p2_base0p0,fine_power_base_grid,0.2,0.0,0.559931506849315,0.5538498538498539,0.559931506849315,0.5405190796857463,584,30,26,0.547056727994228,0.5423197173197173,0.6110574687980546,26
V2-S,V2M-two_stage_user_local_reranker-v1,protocol_a_rollv2_cv3,2,2030,V2H-local-H2_E0,False,H2_E0_non_eeg,margin_power0p2_base0p025,fine_power_base_grid,0.2,0.025,0.5702054794520548,0.5733502608502609,0.5702054794520548,0.557948532948533,584,30,26,0.5661881087662338,0.5635718448218449,0.6153488538425778,26
V2-S,V2M-two_stage_user_local_reranker-v1,protocol_a_rollv2_cv3,2,2030,V2H-local-H2_E0,False,H2_E0_non_eeg,margin_power0p2_base0p05,fine_power_base_grid,0.2,0.05,0.5804794520547946,0.5873612498612499,0.5804794520547946,0.5700913900913901,584,30,26,0.5808594877344877,0.5798569486069486,0.6205700389800808,26
V2-S,V2M-two_stage_user_local_reranker-v1,protocol_a_rollv2_cv3,2,2030,V2H-local-H2_E0,False,H2_E0_non_eeg,margin_power0p2_base0p075,fine_power_base_grid,0.2,0.075,0.5907534246575342,0.5969257594257594,0.5907534246575342,0.578380631713965,584,30,26,0.5911583468614718,0.5908713971213971,0.6261488395379609,26
V2-S,V2M-two_stage_user_local_reranker-v1,protocol_a_rollv2_cv3,2,2030,V2H-local-H2_E0,False,H2_E0_non_eeg,margin_power0p2_base0p1,fine_power_base_grid,0.2,0.1,0.5958904109589042,0.6043063418063418,0.5958904109589042,0.5807956549623216,584,30,26,0.5958421266233767,0.5947880822880822,0.630332939956371,26
V2-S,V2M-two_stage_user_local_reranker-v1,protocol_a_rollv2_cv3,2,2030,V2H-local-H2_E0,False,H2_E0_non_eeg,margin_power0p2_base0p15,fine_power_base_grid,0.2,0.15,0.5993150684931506,0.6071909571909573,0.5993150684931506,0.5838247554914221,584,30,26,0.5965365710678211,0.5958030395530395,0.6382004792046633,26
V2-S,V2M-two_stage_user_local_reranker-v1,protocol_a_rollv2_cv3,2,2030,V2H-local-H2_E0,False,H2_E0_non_eeg,margin_power0p25_base0p0,fine_power_base_grid,0.25,0.0,0.559931506849315,0.5538498538498539,0.559931506849315,0.5405190796857463,584,30,26,0.547056727994228,0.5423197173197173,0.6110574687980546,26
V2-S,V2M-two_stage_user_local_reranker-v1,protocol_a_rollv2_cv3,2,2030,V2H-local-H2_E0,False,H2_E0_non_eeg,margin_power0p25_base0p025,fine_power_base_grid,0.25,0.025,0.5633561643835616,0.5658334720834721,0.5633561643835616,0.5509048821548821,584,30,26,0.5594009289321789,0.557251776001776,0.614025676787183,26
V2-S,V2M-two_stage_user_local_reranker-v1,protocol_a_rollv2_cv3,2,2030,V2H-local-H2_E0,False,H2_E0_non_eeg,margin_power0p25_base0p05,fine_power_base_grid,0.25,0.05,0.5753424657534246,0.580790737040737,0.5753424657534246,0.5643969456469456,584,30,26,0.5752642496392496,0.5731719669219669,0.6177091156170654,26
V2-S,V2M-two_stage_user_local_reranker-v1,protocol_a_rollv2_cv3,2,2030,V2H-local-H2_E0,False,H2_E0_non_eeg,margin_power0p25_base0p075,fine_power_base_grid,0.25,0.075,0.5804794520547946,0.5873612498612499,0.5804794520547946,0.5700913900913901,584,30,26,0.5804688627344877,0.5798569486069486,0.6219647391195509,26
V2-S,V2M-two_stage_user_local_reranker-v1,protocol_a_rollv2_cv3,2,2030,V2H-local-H2_E0,False,H2_E0_non_eeg,margin_power0p25_base0p1,fine_power_base_grid,0.25,0.1,0.5907534246575342,0.5969257594257594,0.5907534246575342,0.578380631713965,584,30,26,0.5911583468614718,0.5908713971213971,0.6263991703322247,26
V2-S,V2M-two_stage_user_local_reranker-v1,protocol_a_rollv2_cv3,2,2030,V2H-local-H2_E0,False,H2_E0_non_eeg,margin_power0p25_base0p15,fine_power_base_grid,0.25,0.15,0.5976027397260274,0.605054205054205,0.5976027397260274,0.5814438031104697,584,30,26,0.5967101821789321,0.5955359455359455,0.6328362478990094,26
V2-S,V2M-two_stage_user_local_reranker-v1,protocol_a_rollv2_cv3,2,2030,V2H-local-H2_E0,False,H2_E0_non_eeg,margin_power0p3_base0p0,fine_power_base_grid,0.3,0.0,0.559931506849315,0.5538498538498539,0.559931506849315,0.5405190796857463,584,30,26,0.547056727994228,0.5423197173197173,0.6110574687980546,26
V2-S,V2M-two_stage_user_local_reranker-v1,protocol_a_rollv2_cv3,2,2030,V2H-local-H2_E0,False,H2_E0_non_eeg,margin_power0p3_base0p025,fine_power_base_grid,0.3,0.025,0.559931506849315,0.5640706515706516,0.559931506849315,0.5493771043771043,584,30,26,0.5574701253607504,0.5556034243534244,0.6132746844043915,26
V2-S,V2M-two_stage_user_local_reranker-v1,protocol_a_rollv2_cv3,2,2030,V2H-local-H2_E0,False,H2_E0_non_eeg,margin_power0p3_base0p05,fine_power_base_grid,0.3,0.05,0.5684931506849316,0.5714678839678841,0.5684931506849316,0.556317139650473,584,30,26,0.5678770968614718,0.5652303714803715,0.6160640846833315,26
V2-S,V2M-two_stage_user_local_reranker-v1,protocol_a_rollv2_cv3,2,2030,V2H-local-H2_E0,False,H2_E0_non_eeg,margin_power0p3_base0p075,fine_power_base_grid,0.3,0.075,0.5821917808219178,0.5873612498612499,0.5821917808219178,0.5700913900913901,584,30,26,0.5811013032106781,0.5796280108780109,0.6196044773450631,26
V2-S,V2M-two_stage_user_local_reranker-v1,protocol_a_rollv2_cv3,2,2030,V2H-local-H2_E0,False,H2_E0_non_eeg,margin_power0p3_base0p1,fine_power_base_grid,0.3,0.1,0.5821917808219178,0.5889129389129389,0.5821917808219178,0.5714361872695206,584,30,26,0.5816407377344877,0.5811033873533874,0.623109108464757,26
V2-S,V2M-two_stage_user_local_reranker-v1,protocol_a_rollv2_cv3,2,2030,V2H-local-H2_E0,False,H2_E0_non_eeg,margin_power0p3_base0p15,fine_power_base_grid,0.3,0.15,0.5907534246575342,0.6008341195841196,0.5907534246575342,0.5777863957030624,584,30,26,0.5920536841630591,0.5914303289303289,0.629510424489504,26
V2-S,V2M-two_stage_user_local_reranker-v1,protocol_a_rollv2_cv3,2,2030,V2H-local-H2_E0,False,H2_E0_non_eeg,margin_power0p35_base0p0,fine_power_base_grid,0.35,0.0,0.559931506849315,0.5538498538498539,0.559931506849315,0.5405190796857463,584,30,26,0.547056727994228,0.5423197173197173,0.6110574687980546,26
V2-S,V2M-two_stage_user_local_reranker-v1,protocol_a_rollv2_cv3,2,2030,V2H-local-H2_E0,False,H2_E0_non_eeg,margin_power0p35_base0p025,fine_power_base_grid,0.35,0.025,0.565068493150685,0.5664744977244978,0.565068493150685,0.5514604377104376,584,30,26,0.559981286075036,0.5576638639138639,0.6129170689840145,26
V2-S,V2M-two_stage_user_local_reranker-v1,protocol_a_rollv2_cv3,2,2030,V2H-local-H2_E0,False,H2_E0_non_eeg,margin_power0p35_base0p05,fine_power_base_grid,0.35,0.05,0.5702054794520548,0.5733502608502609,0.5702054794520548,0.557948532948533,584,30,26,0.5661881087662338,0.5635718448218449,0.6154203769266531,26
V2-S,V2M-two_stage_user_local_reranker-v1,protocol_a_rollv2_cv3,2,2030,V2H-local-H2_E0,False,H2_E0_non_eeg,margin_power0p35_base0p075,fine_power_base_grid,0.35,0.075,0.5787671232876712,0.5831767769267769,0.5787671232876712,0.5664648468815136,584,30,26,0.5785839420995671,0.57624481999482,0.6177806387011407,26
V2-S,V2M-two_stage_user_local_reranker-v1,protocol_a_rollv2_cv3,2,2030,V2H-local-H2_E0,False,H2_E0_non_eeg,margin_power0p35_base0p1,fine_power_base_grid,0.35,0.1,0.5821917808219178,0.5873612498612499,0.5821917808219178,0.5700913900913901,584,30,26,0.5807106782106781,0.5796280108780109,0.6206058005221184,26
V2-S,V2M-two_stage_user_local_reranker-v1,protocol_a_rollv2_cv3,2,2030,V2H-local-H2_E0,False,H2_E0_non_eeg,margin_power0p35_base0p15,fine_power_base_grid,0.35,0.15,0.589041095890411,0.5950942575942576,0.589041095890411,0.5767933301266635,584,30,26,0.5896702516233766,0.5890398952898953,0.6259700318277723,26
V2-S,V2M-two_stage_user_local_reranker-v1,protocol_a_rollv2_cv3,2,2030,V2H-local-H2_E0,False,H2_E0_non_eeg,margin_power0p4_base0p0,fine_power_base_grid,0.4,0.0,0.559931506849315,0.5538498538498539,0.559931506849315,0.5405190796857463,584,30,26,0.547056727994228,0.5423197173197173,0.6110574687980546,26
V2-S,V2M-two_stage_user_local_reranker-v1,protocol_a_rollv2_cv3,2,2030,V2H-local-H2_E0,False,H2_E0_non_eeg,margin_power0p4_base0p025,fine_power_base_grid,0.4,0.025,0.5616438356164384,0.5600642413142414,0.5616438356164384,0.5459048821548822,584,30,26,0.5550333694083693,0.5512536075036075,0.6124164073954869,26
V2-S,V2M-two_stage_user_local_reranker-v1,protocol_a_rollv2_cv3,2,2030,V2H-local-H2_E0,False,H2_E0_non_eeg,margin_power0p4_base0p05,fine_power_base_grid,0.4,0.05,0.5667808219178082,0.5704122266622267,0.5667808219178082,0.5548731361231362,584,30,26,0.564222582972583,0.5618166555666556,0.6146336230018238,26
V2-S,V2M-two_stage_user_local_reranker-v1,protocol_a_rollv2_cv3,2,2030,V2H-local-H2_E0,False,H2_E0_non_eeg,margin_power0p4_base0p075,fine_power_base_grid,0.4,0.075,0.5736301369863014,0.5799894549894551,0.5736301369863014,0.5637025012025012,584,30,26,0.5741357774170275,0.5721035908535909,0.616600507813897,26
V2-S,V2M-two_stage_user_local_reranker-v1,protocol_a_rollv2_cv3,2,2030,V2H-local-H2_E0,False,H2_E0_non_eeg,margin_power0p4_base0p1,fine_power_base_grid,0.4,0.1,0.577054794520548,0.5817522755022755,0.577054794520548,0.5652302789802789,584,30,26,0.5763579996392496,0.5741335053835054,0.6190680542144977,26
V2-S,V2M-two_stage_user_local_reranker-v1,protocol_a_rollv2_cv3,2,2030,V2H-local-H2_E0,False,H2_E0_non_eeg,margin_power0p4_base0p15,fine_power_base_grid,0.4,0.15,0.583904109589041,0.590515503015503,0.583904109589041,0.5728250761584095,584,30,26,0.5830730294011544,0.5827059514559515,0.623574008511247,26
V2-S,V2M-two_stage_user_local_reranker-v1,protocol_a_rollv2_cv3,2,2030,V2H-local-H2_E0,False,H2_E0_non_eeg,margin_power0p5_base0p0,fine_power_base_grid,0.5,0.0,0.559931506849315,0.5538498538498539,0.559931506849315,0.5405190796857463,584,30,26,0.547056727994228,0.5423197173197173,0.6110574687980546,26
V2-S,V2M-two_stage_user_local_reranker-v1,protocol_a_rollv2_cv3,2,2030,V2H-local-H2_E0,False,H2_E0_non_eeg,margin_power0p5_base0p025,fine_power_base_grid,0.5,0.025,0.5633561643835616,0.5613462925962925,0.5633561643835616,0.5470159932659933,584,30,26,0.5559969110750361,0.5525356587856588,0.6122018381432608,26
V2-S,V2M-two_stage_user_local_reranker-v1,protocol_a_rollv2_cv3,2,2030,V2H-local-H2_E0,False,H2_E0_non_eeg,margin_power0p5_base0p05,fine_power_base_grid,0.5,0.05,0.565068493150685,0.5666347541347542,0.565068493150685,0.5515993265993266,584,30,26,0.5602379825036075,0.5579385891885892,0.6137038229088438,26
V2-S,V2M-two_stage_user_local_reranker-v1,protocol_a_rollv2_cv3,2,2030,V2H-local-H2_E0,False,H2_E0_non_eeg,margin_power0p5_base0p075,fine_power_base_grid,0.5,0.075,0.5667808219178082,0.570717476967477,0.5667808219178082,0.555666786916787,584,30,26,0.56386295995671,0.5610535298035298,0.6152058076744269,26
V2-S,V2M-two_stage_user_local_reranker-v1,protocol_a_rollv2_cv3,2,2030,V2H-local-H2_E0,False,H2_E0_non_eeg,margin_power0p5_base0p1,fine_power_base_grid,0.5,0.1,0.571917808219178,0.5744949494949496,0.571917808219178,0.5589405964405965,584,30,26,0.5706982774170274,0.568257437007437,0.6166720308979723,26
V2-S,V2M-two_stage_user_local_reranker-v1,protocol_a_rollv2_cv3,2,2030,V2H-local-H2_E0,False,H2_E0_non_eeg,margin_power0p5_base0p15,fine_power_base_grid,0.5,0.15,0.5787671232876712,0.5833548396048396,0.5787671232876712,0.566619167869168,584,30,26,0.5777902913059163,0.5757360694860695,0.6197117619711763,26
V2-S,V2M-two_stage_user_local_reranker-v1,protocol_a_rollv2_cv3,3,2030,V2H-local-H2_E0,False,H2_E0_non_eeg,v2n_eeg_base_0p05,reference_score_family,1.0,0.05,0.5922330097087378,0.6271105906775735,0.5922330097087378,0.6195991871884728,618,28,24,0.6069500623696428,0.6248735446652113,0.6397861275910056,24
V2-S,V2M-two_stage_user_local_reranker-v1,protocol_a_rollv2_cv3,3,2030,V2H-local-H2_E0,False,H2_E0_non_eeg,sqrt_margin_eeg_base0p05,reference_score_family,0.5,0.05,0.5970873786407767,0.6313801139330035,0.5970873786407767,0.6225428671857244,618,28,24,0.612804056860001,0.6307935081893415,0.6422031787885446,24
V2-S,V2M-two_stage_user_local_reranker-v1,protocol_a_rollv2_cv3,3,2030,V2H-local-H2_E0,False,H2_E0_non_eeg,margin_power0p25_base0p05,reference_score_family,0.25,0.05,0.6019417475728155,0.6383880617552573,0.6019417475728155,0.6195498516034229,618,28,24,0.6213897019841076,0.6390140684932352,0.6480993188310262,24
V2-S,V2M-two_stage_user_local_reranker-v1,protocol_a_rollv2_cv3,3,2030,V2H-local-H2_E0,False,H2_E0_non_eeg,margin_power0p1_base0p0,fine_power_base_grid,0.1,0.0,0.5857605177993528,0.6209808447534195,0.5857605177993528,0.6140812527419669,618,28,24,0.6029982061450592,0.6210285470702138,0.6372225884421006,24
V2-S,V2M-two_stage_user_local_reranker-v1,protocol_a_rollv2_cv3,3,2030,V2H-local-H2_E0,False,H2_E0_non_eeg,margin_power0p1_base0p025,fine_power_base_grid,0.1,0.025,0.6067961165048543,0.6419805340977297,0.6067961165048543,0.6226291136112564,618,28,24,0.6239012056319748,0.6414436219644554,0.6530432871896287,24
V2-S,V2M-two_stage_user_local_reranker-v1,protocol_a_rollv2_cv3,3,2030,V2H-local-H2_E0,False,H2_E0_non_eeg,margin_power0p1_base0p05,fine_power_base_grid,0.1,0.05,0.6245954692556634,0.659707213419965,0.6245954692556634,0.6380604018996877,618,28,24,0.6409227718668278,0.6563802131510464,0.6653848970922143,24
V2-S,V2M-two_stage_user_local_reranker-v1,protocol_a_rollv2_cv3,3,2030,V2H-local-H2_E0,False,H2_E0_non_eeg,margin_power0p1_base0p075,fine_power_base_grid,0.1,0.075,0.627831715210356,0.6593140706830722,0.627831715210356,0.6386269088054802,618,28,24,0.6382297578101774,0.6523734791443124,0.6751629678458947,24
V2-S,V2M-two_stage_user_local_reranker-v1,protocol_a_rollv2_cv3,3,2030,V2H-local-H2_E0,False,H2_E0_non_eeg,margin_power0p1_base0p1,fine_power_base_grid,0.1,0.1,0.6294498381877023,0.6624593048754556,0.6294498381877023,0.6407876316804889,618,28,24,0.6388859198299758,0.6541535817577484,0.6828535852926096,24
V2-S,V2M-two_stage_user_local_reranker-v1,protocol_a_rollv2_cv3,3,2030,V2H-local-H2_E0,False,H2_E0_non_eeg,margin_power0p1_base0p15,fine_power_base_grid,0.1,0.15,0.6326860841423948,0.6611548415918257,0.6326860841423948,0.6399883978455406,618,28,24,0.6381298577102773,0.6518625664458998,0.6943162674869993,24
V2-S,V2M-two_stage_user_local_reranker-v1,protocol_a_rollv2_cv3,3,2030,V2H-local-H2_E0,False,H2_E0_non_eeg,margin_power0p15_base0p0,fine_power_base_grid,0.15,0.0,0.5857605177993528,0.6209808447534195,0.5857605177993528,0.6140812527419669,618,28,24,0.6029982061450592,0.6210285470702138,0.6372225884421006,24
V2-S,V2M-two_stage_user_local_reranker-v1,protocol_a_rollv2_cv3,3,2030,V2H-local-H2_E0,False,H2_E0_non_eeg,margin_power0p15_base0p025,fine_power_base_grid,0.15,0.025,0.5970873786407767,0.6334475855647811,0.5970873786407767,0.615315157725872,618,28,24,0.6152957958902016,0.6329624811916479,0.6468907932322566,24
V2-S,V2M-two_stage_user_local_reranker-v1,protocol_a_rollv2_cv3,3,2030,V2H-local-H2_E0,False,H2_E0_non_eeg,margin_power0p15_base0p05,fine_power_base_grid,0.15,0.05,0.6132686084142395,0.6507538673832856,0.6132686084142395,0.6303861052968197,618,28,24,0.6277029594337287,0.6459409764618098,0.6571815718157181,24
V2-S,V2M-two_stage_user_local_reranker-v1,protocol_a_rollv2_cv3,3,2030,V2H-local-H2_E0,False,H2_E0_non_eeg,margin_power0p15_base0p075,fine_power_base_grid,0.15,0.075,0.6245954692556634,0.659707213419965,0.6245954692556634,0.6380604018996877,618,28,24,0.6394076203516763,0.6549913242621576,0.6650552992016406,24
V2-S,V2M-two_stage_user_local_reranker-v1,protocol_a_rollv2_cv3,3,2030,V2H-local-H2_E0,False,H2_E0_non_eeg,margin_power0p15_base0p1,fine_power_base_grid,0.15,0.1,0.6326860841423948,0.6656393021645537,0.6326860841423948,0.643889097014097,618,28,24,0.6452227648031844,0.6599930779097446,0.6716472570131107,24
V2-S,V2M-two_stage_user_local_reranker-v1,protocol_a_rollv2_cv3,3,2030,V2H-local-H2_E0,False,H2_E0_non_eeg,margin_power0p15_base0p15,fine_power_base_grid,0.15,0.15,0.6310679611650486,0.6647741196902704,0.6310679611650486,0.6427717586646159,618,28,24,0.641022671966728,0.6564683965725632,0.6825972313777191,24
V2-S,V2M-two_stage_user_local_reranker-v1,protocol_a_rollv2_cv3,3,2030,V2H-local-H2_E0,False,H2_E0_non_eeg,margin_power0p2_base0p0,fine_power_base_grid,0.2,0.0,0.5857605177993528,0.6209808447534195,0.5857605177993528,0.6140812527419669,618,28,24,0.6029982061450592,0.6210285470702138,0.6372225884421006,24
V2-S,V2M-two_stage_user_local_reranker-v1,protocol_a_rollv2_cv3,3,2030,V2H-local-H2_E0,False,H2_E0_non_eeg,margin_power0p2_base0p025,fine_power_base_grid,0.2,0.025,0.5938511326860841,0.6290616206525005,0.5938511326860841,0.6155135704242846,618,28,24,0.6115772921716978,0.6292146857771858,0.6439244122170952,24
V2-S,V2M-two_stage_user_local_reranker-v1,protocol_a_rollv2_cv3,3,2030,V2H-local-H2_E0,False,H2_E0_non_eeg,margin_power0p2_base0p05,fine_power_base_grid,0.2,0.05,0.6051779935275081,0.6407900579072535,0.6051779935275081,0.6216087054479911,618,28,24,0.6227648419956112,0.6404019552977886,0.6515051637002856,24
V2-S,V2M-two_stage_user_local_reranker-v1,protocol_a_rollv2_cv3,3,2030,V2H-local-H2_E0,False,H2_E0_non_eeg,margin_power0p2_base0p075,fine_power_base_grid,0.2,0.075,0.6181229773462783,0.6539205155499338,0.6181229773462783,0.6331003751539466,618,28,24,0.634204703610298,0.6508685373268707,0.6587929392807441,24
V2-S,V2M-two_stage_user_local_reranker-v1,protocol_a_rollv2_cv3,3,2030,V2H-local-H2_E0,False,H2_E0_non_eeg,margin_power0p2_base0p1,fine_power_base_grid,0.2,0.1,0.6245954692556634,0.6596146208273724,0.6245954692556634,0.6379810368203226,618,28,24,0.6393687703128262,0.654898731669565,0.6648721892624332,24
V2-S,V2M-two_stage_user_local_reranker-v1,protocol_a_rollv2_cv3,3,2030,V2H-local-H2_E0,False,H2_E0_non_eeg,margin_power0p2_base0p15,fine_power_base_grid,0.2,0.15,0.627831715210356,0.6607872849687865,0.627831715210356,0.6398896639075211,618,28,24,0.6403276599080795,0.6548883600966934,0.6742840401376987,24
V2-S,V2M-two_stage_user_local_reranker-v1,protocol_a_rollv2_cv3,3,2030,V2H-local-H2_E0,False,H2_E0_non_eeg,margin_power0p25_base0p0,fine_power_base_grid,0.25,0.0,0.5857605177993528,0.6209808447534195,0.5857605177993528,0.6140812527419669,618,28,24,0.6029982061450592,0.6210285470702138,0.6372225884421006,24
V2-S,V2M-two_stage_user_local_reranker-v1,protocol_a_rollv2_cv3,3,2030,V2H-local-H2_E0,False,H2_E0_non_eeg,margin_power0p25_base0p025,fine_power_base_grid,0.25,0.025,0.5938511326860841,0.6267361510847063,0.5938511326860841,0.6134158830587403,618,28,24,0.6102940668500109,0.6282637462845796,0.6422398007763862,24
V2-S,V2M-two_stage_user_local_reranker-v1,protocol_a_rollv2_cv3,3,2030,V2H-local-H2_E0,False,H2_E0_non_eeg,margin_power0p25_base0p05,fine_power_base_grid,0.25,0.05,0.6019417475728155,0.6383880617552573,0.6019417475728155,0.6195498516034229,618,28,24,0.6213897019841076,0.6390140684932352,0.6480993188310262,24
V2-S,V2M-two_stage_user_local_reranker-v1,protocol_a_rollv2_cv3,3,2030,V2H-local-H2_E0,False,H2_E0_non_eeg,margin_power0p25_base0p075,fine_power_base_grid,0.25,0.075,0.610032362459547,0.6458523430271045,0.610032362459547,0.6263161012268156,618,28,24,0.6245146947070023,0.6433751780626781,0.6545814106789717,24
V2-S,V2M-two_stage_user_local_reranker-v1,protocol_a_rollv2_cv3,3,2030,V2H-local-H2_E0,False,H2_E0_non_eeg,margin_power0p25_base0p1,fine_power_base_grid,0.25,0.1,0.616504854368932,0.6500514679308861,0.616504854368932,0.6297840486233344,618,28,24,0.6297466616522561,0.6458834182792516,0.6597817329524647,24
V2-S,V2M-two_stage_user_local_reranker-v1,protocol_a_rollv2_cv3,3,2030,V2H-local-H2_E0,False,H2_E0_non_eeg,margin_power0p25_base0p15,fine_power_base_grid,0.25,0.15,0.6294498381877023,0.6635762610390127,0.6294498381877023,0.6413767284302999,618,28,24,0.6433273117713677,0.6587732907524574,0.6683146561195342,24
V2-S,V2M-two_stage_user_local_reranker-v1,protocol_a_rollv2_cv3,3,2030,V2H-local-H2_E0,False,H2_E0_non_eeg,margin_power0p3_base0p0,fine_power_base_grid,0.3,0.0,0.5857605177993528,0.6209808447534195,0.5857605177993528,0.6140812527419669,618,28,24,0.6029982061450592,0.6210285470702138,0.6372225884421006,24
V2-S,V2M-two_stage_user_local_reranker-v1,protocol_a_rollv2_cv3,3,2030,V2H-local-H2_E0,False,H2_E0_non_eeg,margin_power0p3_base0p025,fine_power_base_grid,0.3,0.025,0.5954692556634305,0.6300780305996702,0.5954692556634305,0.6212673569816427,618,28,24,0.610861554917499,0.6292502983127983,0.6411045191532997,24
V2-S,V2M-two_stage_user_local_reranker-v1,protocol_a_rollv2_cv3,3,2030,V2H-local-H2_E0,False,H2_E0_non_eeg,margin_power0p3_base0p05,fine_power_base_grid,0.3,0.05,0.5938511326860841,0.6288036227164839,0.5938511326860841,0.6103548402655544,618,28,24,0.6127858058802114,0.6304327192868859,0.6456456456456457,24
V2-S,V2M-two_stage_user_local_reranker-v1,protocol_a_rollv2_cv3,3,2030,V2H-local-H2_E0,False,H2_E0_non_eeg,margin_power0p3_base0p075,fine_power_base_grid,0.3,0.075,0.610032362459547,0.6467217708702164,0.610032362459547,0.6268524696203268,618,28,24,0.6262474704782396,0.6443150946275946,0.6508459679191386,24
V2-S,V2M-two_stage_user_local_reranker-v1,protocol_a_rollv2_cv3,3,2030,V2H-local-H2_E0,False,H2_E0_non_eeg,margin_power0p3_base0p1,fine_power_base_grid,0.3,0.1,0.6132686084142395,0.6506006811087758,0.6132686084142395,0.6303861052968196,618,28,24,0.6298341615649308,0.6481235161443495,0.6560462901926316,24
V2-S,V2M-two_stage_user_local_reranker-v1,protocol_a_rollv2_cv3,3,2030,V2H-local-H2_E0,False,H2_E0_non_eeg,margin_power0p3_base0p15,fine_power_base_grid,0.3,0.15,0.6229773462783171,0.658457213419965,0.6229773462783171,0.6369889733282591,618,28,24,0.6382032691473252,0.6537413242621576,0.6632608217974072,24
V2-S,V2M-two_stage_user_local_reranker-v1,protocol_a_rollv2_cv3,3,2030,V2H-local-H2_E0,False,H2_E0_non_eeg,margin_power0p35_base0p0,fine_power_base_grid,0.35,0.0,0.5857605177993528,0.6209808447534195,0.5857605177993528,0.6140812527419669,618,28,24,0.6029982061450592,0.6210285470702138,0.6372225884421006,24
V2-S,V2M-two_stage_user_local_reranker-v1,protocol_a_rollv2_cv3,3,2030,V2H-local-H2_E0,False,H2_E0_non_eeg,margin_power0p35_base0p025,fine_power_base_grid,0.35,0.025,0.5938511326860841,0.628534820723127,0.5938511326860841,0.6199446056588913,618,28,24,0.6093075533634974,0.6277070884362551,0.6402255914451036,24
V2-S,V2M-two_stage_user_local_reranker-v1,protocol_a_rollv2_cv3,3,2030,V2H-local-H2_E0,False,H2_E0_non_eeg,margin_power0p35_base0p05,fine_power_base_grid,0.35,0.05,0.5906148867313916,0.6247907873191672,0.5906148867313916,0.6118528561385703,618,28,24,0.6089646270590326,0.6257154573821241,0.6445103640225591,24
V2-S,V2M-two_stage_user_local_reranker-v1,protocol_a_rollv2_cv3,3,2030,V2H-local-H2_E0,False,H2_E0_non_eeg,margin_power0p35_base0p075,fine_power_base_grid,0.35,0.075,0.6019417475728155,0.6383880617552573,0.6019417475728155,0.6195498516034229,618,28,24,0.6223609529553585,0.6397856734315067,0.6482458067823922,24
V2-S,V2M-two_stage_user_local_reranker-v1,protocol_a_rollv2_cv3,3,2030,V2H-local-H2_E0,False,H2_E0_non_eeg,margin_power0p35_base0p1,fine_power_base_grid,0.35,0.1,0.6084142394822006,0.6444069560554015,0.6084142394822006,0.6248683426361997,618,28,24,0.6254843447151139,0.643488375050875,0.6524939573720061,24
V2-S,V2M-two_stage_user_local_reranker-v1,protocol_a_rollv2_cv3,3,2030,V2H-local-H2_E0,False,H2_E0_non_eeg,margin_power0p35_base0p15,fine_power_base_grid,0.35,0.15,0.6197411003236246,0.6557064708227311,0.6197411003236246,0.6345267662231947,618,28,24,0.6365771175211734,0.6523651117401118,0.6601479528308797,24
V2-S,V2M-two_stage_user_local_reranker-v1,protocol_a_rollv2_cv3,3,2030,V2H-local-H2_E0,False,H2_E0_non_eeg,margin_power0p4_base0p0,fine_power_base_grid,0.4,0.0,0.5857605177993528,0.6209808447534195,0.5857605177993528,0.6140812527419669,618,28,24,0.6029982061450592,0.6210285470702138,0.6372225884421006,24
V2-S,V2M-two_stage_user_local_reranker-v1,protocol_a_rollv2_cv3,3,2030,V2H-local-H2_E0,False,H2_E0_non_eeg,margin_power0p4_base0p025,fine_power_base_grid,0.4,0.025,0.5954692556634305,0.6293681540564603,0.5954692556634305,0.620658891373177,618,28,24,0.6103565044124485,0.6285404217695884,0.6398593715666887,24
V2-S,V2M-two_stage_user_local_reranker-v1,protocol_a_rollv2_cv3,3,2030,V2H-local-H2_E0,False,H2_E0_non_eeg,margin_power0p4_base0p05,fine_power_base_grid,0.4,0.05,0.5922330097087378,0.6270747379364511,0.5922330097087378,0.6138105280962423,618,28,24,0.6109945415889471,0.6282694697278032,0.6437046802900461,24
V2-S,V2M-two_stage_user_local_reranker-v1,protocol_a_rollv2_cv3,3,2030,V2H-local-H2_E0,False,H2_E0_non_eeg,margin_power0p4_base0p075,fine_power_base_grid,0.4,0.075,0.5970873786407767,0.6330799385059577,0.5970873786407767,0.6141246815353957,618,28,24,0.6162573343517399,0.6340041478583146,0.6461583534754267,24
V2-S,V2M-two_stage_user_local_reranker-v1,protocol_a_rollv2_cv3,3,2030,V2H-local-H2_E0,False,H2_E0_non_eeg,margin_power0p4_base0p1,fine_power_base_grid,0.4,0.1,0.6084142394822006,0.6455312946797402,0.6084142394822006,0.6258320614570615,618,28,24,0.6273838341146033,0.6453567612942613,0.6500036621987842,24
V2-S,V2M-two_stage_user_local_reranker-v1,protocol_a_rollv2_cv3,3,2030,V2H-local-H2_E0,False,H2_E0_non_eeg,margin_power0p4_base0p15,fine_power_base_grid,0.4,0.15,0.616504854368932,0.6537462855043802,0.616504854368932,0.6330823376359092,618,28,24,0.6337494770187078,0.6512691205399538,0.6575477916941331,24
V2-S,V2M-two_stage_user_local_reranker-v1,protocol_a_rollv2_cv3,3,2030,V2H-local-H2_E0,False,H2_E0_non_eeg,margin_power0p5_base0p0,fine_power_base_grid,0.5,0.0,0.5857605177993528,0.6209808447534195,0.5857605177993528,0.6140812527419669,618,28,24,0.6029982061450592,0.6210285470702138,0.6372225884421006,24
V2-S,V2M-two_stage_user_local_reranker-v1,protocol_a_rollv2_cv3,3,2030,V2H-local-H2_E0,False,H2_E0_non_eeg,margin_power0p5_base0p025,fine_power_base_grid,0.5,0.025,0.5954692556634305,0.6306617270412098,0.5954692556634305,0.6226430183573041,618,28,24,0.6103273668833109,0.6284246810288477,0.6393100417490661,24
V2-S,V2M-two_stage_user_local_reranker-v1,protocol_a_rollv2_cv3,3,2030,V2H-local-H2_E0,False,H2_E0_non_eeg,margin_power0p5_base0p05,fine_power_base_grid,0.5,0.05,0.5970873786407767,0.6313801139330035,0.5970873786407767,0.6225428671857244,618,28,24,0.612804056860001,0.6307935081893415,0.6422031787885446,24
V2-S,V2M-two_stage_user_local_reranker-v1,protocol_a_rollv2_cv3,3,2030,V2H-local-H2_E0,False,H2_E0_non_eeg,margin_power0p5_base0p075,fine_power_base_grid,0.5,0.075,0.5889967637540453,0.6238648613932413,0.5889967637540453,0.6110592053449195,618,28,24,0.6078768259712315,0.6247895314561981,0.6442906320955102,24
V2-S,V2M-two_stage_user_local_reranker-v1,protocol_a_rollv2_cv3,3,2030,V2H-local-H2_E0,False,H2_E0_non_eeg,margin_power0p5_base0p1,fine_power_base_grid,0.5,0.1,0.6003236245954693,0.6359370813631005,0.6003236245954693,0.6165736611272326,618,28,24,0.6187381868325924,0.6365835129376797,0.6463414634146343,24
V2-S,V2M-two_stage_user_local_reranker-v1,protocol_a_rollv2_cv3,3,2030,V2H-local-H2_E0,False,H2_E0_non_eeg,margin_power0p5_base0p15,fine_power_base_grid,0.5,0.15,0.6084142394822006,0.6444069560554015,0.6084142394822006,0.6248683426361997,618,28,24,0.6254843447151139,0.643488375050875,0.6523108474327987,24
V2-S,V2M-two_stage_user_local_reranker-v1,protocol_a_rollv2_cv3,1,2026,V2H-local-real,True,real_eeg,v2n_eeg_base_0p05,reference_score_family,1.0,0.05,0.7140468227424749,0.7262253057788771,0.7140468227424749,0.7490358001786573,598,35,28,0.7092797915185975,0.7083063200027484,0.607913918778202,28
V2-S,V2M-two_stage_user_local_reranker-v1,protocol_a_rollv2_cv3,1,2026,V2H-local-real,True,real_eeg,sqrt_margin_eeg_base0p05,reference_score_family,0.5,0.05,0.7140468227424749,0.7250724407867264,0.7140468227424749,0.7493192468906755,598,35,28,0.7078570351704679,0.7075365689204974,0.6075321069073238,28
V2-S,V2M-two_stage_user_local_reranker-v1,protocol_a_rollv2_cv3,1,2026,V2H-local-real,True,real_eeg,margin_power0p25_base0p05,reference_score_family,0.25,0.05,0.7107023411371237,0.7107907965050824,0.7107023411371237,0.7369171304885591,598,35,28,0.7028853567659538,0.7003663548752834,0.608538701839639,28
V2-S,V2M-two_stage_user_local_reranker-v1,protocol_a_rollv2_cv3,1,2026,V2H-local-real,True,real_eeg,margin_power0p1_base0p0,fine_power_base_grid,0.1,0.0,0.7123745819397993,0.724415970933828,0.7123745819397993,0.747588332302618,598,35,28,0.7075219142383321,0.7063942357245928,0.607913918778202,28
V2-S,V2M-two_stage_user_local_reranker-v1,protocol_a_rollv2_cv3,1,2026,V2H-local-real,True,real_eeg,margin_power0p1_base0p025,fine_power_base_grid,0.1,0.025,0.7090301003344481,0.7058106377749235,0.7090301003344481,0.7329330035044321,598,35,28,0.7003538584135599,0.6972978509585651,0.6093717459215551,28
V2-S,V2M-two_stage_user_local_reranker-v1,protocol_a_rollv2_cv3,1,2026,V2H-local-real,True,real_eeg,margin_power0p1_base0p05,fine_power_base_grid,0.1,0.05,0.6989966555183946,0.6879315823065822,0.6989966555183946,0.6857085137085137,598,35,28,0.6906805797850574,0.6856874871160584,0.610829573064908,28
V2-S,V2M-two_stage_user_local_reranker-v1,protocol_a_rollv2_cv3,1,2026,V2H-local-real,True,real_eeg,margin_power0p1_base0p075,fine_power_base_grid,0.1,0.075,0.6956521739130435,0.6847359353609354,0.6956521739130435,0.6770408850408851,598,35,28,0.6908856152139734,0.6840484779770494,0.6143353002429712,28
V2-S,V2M-two_stage_user_local_reranker-v1,protocol_a_rollv2_cv3,1,2026,V2H-local-real,True,real_eeg,margin_power0p1_base0p1,fine_power_base_grid,0.1,0.1,0.6923076923076923,0.6826526020276019,0.6923076923076923,0.6745805675805675,598,35,28,0.6882286618853783,0.6818659382945097,0.6169038528288788,28
V2-S,V2M-two_stage_user_local_reranker-v1,protocol_a_rollv2_cv3,1,2026,V2H-local-real,True,real_eeg,margin_power0p1_base0p15,fine_power_base_grid,0.1,0.15,0.6638795986622074,0.6606902059580629,0.6638795986622074,0.6558201745344602,598,35,28,0.6660076242165796,0.6582708891637463,0.6208608122179798,28
V2-S,V2M-two_stage_user_local_reranker-v1,protocol_a_rollv2_cv3,1,2026,V2H-local-real,True,real_eeg,margin_power0p15_base0p0,fine_power_base_grid,0.15,0.0,0.7123745819397993,0.724415970933828,0.7123745819397993,0.747588332302618,598,35,28,0.7075219142383321,0.7063942357245928,0.607913918778202,28
V2-S,V2M-two_stage_user_local_reranker-v1,protocol_a_rollv2_cv3,1,2026,V2H-local-real,True,real_eeg,margin_power0p15_base0p025,fine_power_base_grid,0.15,0.025,0.7090301003344481,0.7078146060288919,0.7090301003344481,0.7345361781076066,598,35,28,0.7009663802201115,0.6978153344671202,0.6084692814994794,28
V2-S,V2M-two_stage_user_local_reranker-v1,protocol_a_rollv2_cv3,1,2026,V2H-local-real,True,real_eeg,margin_power0p15_base0p05,fine_power_base_grid,0.15,0.05,0.705685618729097,0.6984998929641787,0.705685618729097,0.7185679241393528,598,35,28,0.6978602657707136,0.6946878220985362,0.6097882679625131,28
V2-S,V2M-two_stage_user_local_reranker-v1,protocol_a_rollv2_cv3,1,2026,V2H-local-real,True,real_eeg,margin_power0p15_base0p075,fine_power_base_grid,0.15,0.075,0.697324414715719,0.6882292013542014,0.697324414715719,0.6847561327561328,598,35,28,0.6887297279834592,0.6838927540713254,0.610621312044429,28
V2-S,V2M-two_stage_user_local_reranker-v1,protocol_a_rollv2_cv3,1,2026,V2H-local-real,True,real_eeg,margin_power0p15_base0p1,fine_power_base_grid,0.15,0.1,0.6956521739130435,0.6829177535427536,0.6956521739130435,0.6755863395863396,598,35,28,0.6882653830415024,0.6813284202569917,0.61249566122874,28
V2-S,V2M-two_stage_user_local_reranker-v1,protocol_a_rollv2_cv3,1,2026,V2H-local-real,True,real_eeg,margin_power0p15_base0p15,fine_power_base_grid,0.15,0.15,0.6939799331103679,0.6833139776889776,0.6939799331103679,0.675109668109668,598,35,28,0.6890578492817299,0.6825273139558854,0.6157584172162444,28
V2-S,V2M-two_stage_user_local_reranker-v1,protocol_a_rollv2_cv3,1,2026,V2H-local-real,True,real_eeg,margin_power0p2_base0p0,fine_power_base_grid,0.2,0.0,0.7123745819397993,0.724415970933828,0.7123745819397993,0.747588332302618,598,35,28,0.7075219142383321,0.7063942357245928,0.607913918778202,28
V2-S,V2M-two_stage_user_local_reranker-v1,protocol_a_rollv2_cv3,1,2026,V2H-local-real,True,real_eeg,margin_power0p2_base0p025,fine_power_base_grid,0.2,0.025,0.7107023411371237,0.717100320314606,0.7107023411371237,0.7419647495361783,598,35,28,0.7023049255885077,0.7001381802721088,0.6081916001388408,28
V2-S,V2M-two_stage_user_local_reranker-v1,protocol_a_rollv2_cv3,1,2026,V2H-local-real,True,real_eeg,margin_power0p2_base0p05,fine_power_base_grid,0.2,0.05,0.7090301003344481,0.708350320314606,0.7090301003344481,0.7349647495361781,598,35,28,0.7026720294630742,0.7001032647907648,0.6093023255813953,28
V2-S,V2M-two_stage_user_local_reranker-v1,protocol_a_rollv2_cv3,1,2026,V2H-local-real,True,real_eeg,margin_power0p2_base0p075,fine_power_base_grid,0.2,0.075,0.7040133779264214,0.6954410305303161,0.7040133779264214,0.7036208341922627,598,35,28,0.6962018909780103,0.6927450310932454,0.6099271086428324,28
V2-S,V2M-two_stage_user_local_reranker-v1,protocol_a_rollv2_cv3,1,2026,V2H-local-real,True,real_eeg,margin_power0p2_base0p1,fine_power_base_grid,0.2,0.1,0.7006688963210702,0.6934375346875347,0.7006688963210702,0.7014227994227995,598,35,28,0.690399948310396,0.6860717506699647,0.6105866018743491,28
V2-S,V2M-two_stage_user_local_reranker-v1,protocol_a_rollv2_cv3,1,2026,V2H-local-real,True,real_eeg,margin_power0p2_base0p15,fine_power_base_grid,0.2,0.15,0.6956521739130435,0.6829177535427536,0.6956521739130435,0.6755863395863396,598,35,28,0.6882653830415024,0.6813284202569917,0.6127386324192988,28
V2-S,V2M-two_stage_user_local_reranker-v1,protocol_a_rollv2_cv3,1,2026,V2H-local-real,True,real_eeg,margin_power0p25_base0p0,fine_power_base_grid,0.25,0.0,0.7123745819397993,0.724415970933828,0.7123745819397993,0.747588332302618,598,35,28,0.7075219142383321,0.7063942357245928,0.607913918778202,28
V2-S,V2M-two_stage_user_local_reranker-v1,protocol_a_rollv2_cv3,1,2026,V2H-local-real,True,real_eeg,margin_power0p25_base0p025,fine_power_base_grid,0.25,0.025,0.7107023411371237,0.7355527012669869,0.7107023411371237,0.7567266542980828,598,35,28,0.706093127436411,0.7057929421768706,0.6079486289482818,28
V2-S,V2M-two_stage_user_local_reranker-v1,protocol_a_rollv2_cv3,1,2026,V2H-local-real,True,real_eeg,margin_power0p25_base0p05,fine_power_base_grid,0.25,0.05,0.7107023411371237,0.7107907965050824,0.7107023411371237,0.7369171304885591,598,35,28,0.7028853567659538,0.7003663548752834,0.608538701839639,28
V2-S,V2M-two_stage_user_local_reranker-v1,protocol_a_rollv2_cv3,1,2026,V2H-local-real,True,real_eeg,margin_power0p25_base0p075,fine_power_base_grid,0.25,0.075,0.7090301003344481,0.708350320314606,0.7090301003344481,0.7349647495361781,598,35,28,0.7024765781482198,0.6998375334982478,0.6093023255813953,28
V2-S,V2M-two_stage_user_local_reranker-v1,protocol_a_rollv2_cv3,1,2026,V2H-local-real,True,real_eeg,margin_power0p25_base0p1,fine_power_base_grid,0.25,0.1,0.705685618729097,0.697673173387459,0.705685618729097,0.7179065484779771,598,35,28,0.697321293963085,0.6938611025218168,0.6098576883026727,28
V2-S,V2M-two_stage_user_local_reranker-v1,protocol_a_rollv2_cv3,1,2026,V2H-local-real,True,real_eeg,margin_power0p25_base0p15,fine_power_base_grid,0.25,0.15,0.7006688963210702,0.6934375346875347,0.7006688963210702,0.7026132756132757,598,35,28,0.6912919170381856,0.6864969207379922,0.6106907323845886,28
V2-S,V2M-two_stage_user_local_reranker-v1,protocol_a_rollv2_cv3,1,2026,V2H-local-real,True,real_eeg,margin_power0p3_base0p0,fine_power_base_grid,0.3,0.0,0.7123745819397993,0.724415970933828,0.7123745819397993,0.747588332302618,598,35,28,0.7075219142383321,0.7063942357245928,0.607913918778202,28
V2-S,V2M-two_stage_user_local_reranker-v1,protocol_a_rollv2_cv3,1,2026,V2H-local-real,True,real_eeg,margin_power0p3_base0p025,fine_power_base_grid,0.3,0.025,0.7123745819397993,0.7362140769283626,0.7123745819397993,0.7572557548271834,598,35,28,0.7050981025607892,0.7044701908541192,0.6076709475876431,28
V2-S,V2M-two_stage_user_local_reranker-v1,protocol_a_rollv2_cv3,1,2026,V2H-local-real,True,real_eeg,margin_power0p3_base0p05,fine_power_base_grid,0.3,0.05,0.7107023411371237,0.717100320314606,0.7107023411371237,0.7419647495361783,598,35,28,0.7023049255885077,0.7001381802721088,0.6082263103089205,28
V2-S,V2M-two_stage_user_local_reranker-v1,protocol_a_rollv2_cv3,1,2026,V2H-local-real,True,real_eeg,margin_power0p3_base0p075,fine_power_base_grid,0.3,0.075,0.7107023411371237,0.7107907965050824,0.7107023411371237,0.7369171304885591,598,35,28,0.7028853567659538,0.7003663548752834,0.6089552238805971,28
V2-S,V2M-two_stage_user_local_reranker-v1,protocol_a_rollv2_cv3,1,2026,V2H-local-real,True,real_eeg,margin_power0p3_base0p1,fine_power_base_grid,0.3,0.1,0.7090301003344481,0.708350320314606,0.7090301003344481,0.7349647495361781,598,35,28,0.7024765781482198,0.6998375334982478,0.6092329052412357,28
V2-S,V2M-two_stage_user_local_reranker-v1,protocol_a_rollv2_cv3,1,2026,V2H-local-real,True,real_eeg,margin_power0p3_base0p15,fine_power_base_grid,0.3,0.15,0.7006688963210702,0.6939104182854183,0.7006688963210702,0.7023963443963445,598,35,28,0.6899758781848334,0.6857297249707964,0.6100312391530719,28
V2-S,V2M-two_stage_user_local_reranker-v1,protocol_a_rollv2_cv3,1,2026,V2H-local-real,True,real_eeg,margin_power0p35_base0p0,fine_power_base_grid,0.35,0.0,0.7123745819397993,0.724415970933828,0.7123745819397993,0.747588332302618,598,35,28,0.7075219142383321,0.7063942357245928,0.607913918778202,28
V2-S,V2M-two_stage_user_local_reranker-v1,protocol_a_rollv2_cv3,1,2026,V2H-local-real,True,real_eeg,margin_power0p35_base0p025,fine_power_base_grid,0.35,0.025,0.7157190635451505,0.7280486312629169,0.7157190635451505,0.7524938500652787,598,35,28,0.710717731687881,0.7101407355871642,0.6076709475876432,28
V2-S,V2M-two_stage_user_local_reranker-v1,protocol_a_rollv2_cv3,1,2026,V2H-local-real,True,real_eeg,margin_power0p35_base0p05,fine_power_base_grid,0.35,0.05,0.7107023411371237,0.7188860346003203,0.7107023411371237,0.7433933209647496,598,35,28,0.7029303697960414,0.7014987244897959,0.6079486289482818,28
V2-S,V2M-two_stage_user_local_reranker-v1,protocol_a_rollv2_cv3,1,2026,V2H-local-real,True,real_eeg,margin_power0p35_base0p075,fine_power_base_grid,0.35,0.075,0.7107023411371237,0.7138265107907965,0.7107023411371237,0.7393457019171306,598,35,28,0.7041540134823717,0.7018395691609977,0.6086081221797986,28
V2-S,V2M-two_stage_user_local_reranker-v1,protocol_a_rollv2_cv3,1,2026,V2H-local-real,True,real_eeg,margin_power0p35_base0p1,fine_power_base_grid,0.35,0.1,0.7107023411371237,0.7107907965050824,0.7107023411371237,0.7369171304885591,598,35,28,0.7028853567659538,0.7003663548752834,0.6090593543908365,28
V2-S,V2M-two_stage_user_local_reranker-v1,protocol_a_rollv2_cv3,1,2026,V2H-local-real,True,real_eeg,margin_power0p35_base0p15,fine_power_base_grid,0.35,0.15,0.7107023411371237,0.705876775341061,0.7107023411371237,0.7294144849859135,598,35,28,0.7032725980487174,0.7003997028104171,0.6097535577924332,28
V2-S,V2M-two_stage_user_local_reranker-v1,protocol_a_rollv2_cv3,1,2026,V2H-local-real,True,real_eeg,margin_power0p4_base0p0,fine_power_base_grid,0.4,0.0,0.7123745819397993,0.724415970933828,0.7123745819397993,0.747588332302618,598,35,28,0.7075219142383321,0.7063942357245928,0.607913918778202,28
V2-S,V2M-two_stage_user_local_reranker-v1,protocol_a_rollv2_cv3,1,2026,V2H-local-real,True,real_eeg,margin_power0p4_base0p025,fine_power_base_grid,0.4,0.025,0.7157190635451505,0.7290902979295836,0.7157190635451505,0.7539224214938501,598,35,28,0.7103481510197929,0.7098005995327422,0.6078792086081222,28
V2-S,V2M-two_stage_user_local_reranker-v1,protocol_a_rollv2_cv3,1,2026,V2H-local-real,True,real_eeg,margin_power0p4_base0p05,fine_power_base_grid,0.4,0.05,0.7107023411371237,0.7185884155527013,0.7107023411371237,0.7431552257266544,598,35,28,0.7037050677349184,0.702221513605442,0.6078444984380423,28
V2-S,V2M-two_stage_user_local_reranker-v1,protocol_a_rollv2_cv3,1,2026,V2H-local-real,True,real_eeg,margin_power0p4_base0p075,fine_power_base_grid,0.4,0.075,0.7123745819397993,0.7200765107907966,0.7123745819397993,0.7443457019171305,598,35,28,0.7042239021343498,0.702689200680272,0.6081568899687608,28
V2-S,V2M-two_stage_user_local_reranker-v1,protocol_a_rollv2_cv3,1,2026,V2H-local-real,True,real_eeg,margin_power0p4_base0p1,fine_power_base_grid,0.4,0.1,0.7123745819397993,0.7152550822193681,0.7123745819397993,0.7404885590599877,598,35,28,0.7042286403480433,0.7021520691609977,0.6089899340506768,28
V2-S,V2M-two_stage_user_local_reranker-v1,protocol_a_rollv2_cv3,1,2026,V2H-local-real,True,real_eeg,margin_power0p4_base0p15,fine_power_base_grid,0.4,0.15,0.7090301003344481,0.708350320314606,0.7090301003344481,0.7349647495361781,598,35,28,0.7026720294630742,0.7001032647907648,0.6093370357514752,28
V2-S,V2M-two_stage_user_local_reranker-v1,protocol_a_rollv2_cv3,1,2026,V2H-local-real,True,real_eeg,margin_power0p5_base0p0,fine_power_base_grid,0.5,0.0,0.7123745819397993,0.724415970933828,0.7123745819397993,0.747588332302618,598,35,28,0.7075219142383321,0.7063942357245928,0.607913918778202,28
V2-S,V2M-two_stage_user_local_reranker-v1,protocol_a_rollv2_cv3,1,2026,V2H-local-real,True,real_eeg,margin_power0p5_base0p025,fine_power_base_grid,0.5,0.025,0.7107023411371237,0.7234355360248218,0.7107023411371237,0.7493986119700405,598,35,28,0.7064355710624368,0.7053363138184565,0.6077750780978827,28
V2-S,V2M-two_stage_user_local_reranker-v1,protocol_a_rollv2_cv3,1,2026,V2H-local-real,True,real_eeg,margin_power0p5_base0p05,fine_power_base_grid,0.5,0.05,0.7140468227424749,0.7250724407867264,0.7140468227424749,0.7493192468906755,598,35,28,0.7078570351704679,0.7075365689204974,0.6075321069073238,28
V2-S,V2M-two_stage_user_local_reranker-v1,protocol_a_rollv2_cv3,1,2026,V2H-local-real,True,real_eeg,margin_power0p5_base0p075,fine_power_base_grid,0.5,0.075,0.7107023411371237,0.7185884155527013,0.7107023411371237,0.7431552257266544,598,35,28,0.7037050677349184,0.702221513605442,0.6077750780978827,28
V2-S,V2M-two_stage_user_local_reranker-v1,protocol_a_rollv2_cv3,1,2026,V2H-local-real,True,real_eeg,margin_power0p5_base0p1,fine_power_base_grid,0.5,0.1,0.7090301003344481,0.717695558409844,0.7090301003344481,0.7424409400123686,598,35,28,0.7016368374577329,0.7003082482993196,0.6078097882679625,28
V2-S,V2M-two_stage_user_local_reranker-v1,protocol_a_rollv2_cv3,1,2026,V2H-local-real,True,real_eeg,margin_power0p5_base0p15,fine_power_base_grid,0.5,0.15,0.7107023411371237,0.7140646060288918,0.7107023411371237,0.7395361781076067,598,35,28,0.7029351080097349,0.7009615929705216,0.6089205137105171,28
V2-S,V2M-two_stage_user_local_reranker-v1,protocol_a_rollv2_cv3,2,2026,V2H-local-real,True,real_eeg,v2n_eeg_base_0p05,reference_score_family,1.0,0.05,0.6335616438356164,0.6265426702926702,0.6335616438356164,0.6132549703383037,584,30,26,0.6062291441197691,0.6052570115070114,0.6152773307585023,26
V2-S,V2M-two_stage_user_local_reranker-v1,protocol_a_rollv2_cv3,2,2026,V2H-local-real,True,real_eeg,sqrt_margin_eeg_base0p05,reference_score_family,0.5,0.05,0.6318493150684932,0.6263493450993451,0.6318493150684932,0.6144101731601732,584,30,26,0.6050795905483406,0.6039953102453102,0.6168866001501985,26
V2-S,V2M-two_stage_user_local_reranker-v1,protocol_a_rollv2_cv3,2,2026,V2H-local-real,True,real_eeg,margin_power0p25_base0p05,reference_score_family,0.25,0.05,0.6472602739726028,0.640434102934103,0.6472602739726028,0.6266169632836299,584,30,26,0.6182405528499278,0.6183090058090058,0.6215356006150986,26
V2-S,V2M-two_stage_user_local_reranker-v1,protocol_a_rollv2_cv3,2,2026,V2H-local-real,True,real_eeg,margin_power0p1_base0p0,fine_power_base_grid,0.1,0.0,0.6352739726027398,0.628180846930847,0.6352739726027398,0.6211562049062049,584,30,26,0.6068454635642136,0.605826812076812,0.6148839537960876,26
V2-S,V2M-two_stage_user_local_reranker-v1,protocol_a_rollv2_cv3,2,2026,V2H-local-real,True,real_eeg,margin_power0p1_base0p025,fine_power_base_grid,0.1,0.025,0.6472602739726028,0.6362928737928738,0.6472602739726028,0.6235569985569985,584,30,26,0.6226135236291487,0.6215118215118215,0.6257554625755464,26
V2-S,V2M-two_stage_user_local_reranker-v1,protocol_a_rollv2_cv3,2,2026,V2H-local-real,True,real_eeg,margin_power0p1_base0p05,fine_power_base_grid,0.1,0.05,0.6352739726027398,0.6248737373737374,0.6352739726027398,0.6186604136604139,584,30,26,0.6161590232683982,0.6149329836829837,0.6328362478990095,26
V2-S,V2M-two_stage_user_local_reranker-v1,protocol_a_rollv2_cv3,2,2026,V2H-local-real,True,real_eeg,margin_power0p1_base0p075,fine_power_base_grid,0.1,0.075,0.6335616438356164,0.626888158138158,0.6335616438356164,0.6194803190636525,584,30,26,0.6232451749639251,0.6223538036038037,0.6397024639702464,26
V2-S,V2M-two_stage_user_local_reranker-v1,protocol_a_rollv2_cv3,2,2026,V2H-local-real,True,real_eeg,margin_power0p1_base0p1,fine_power_base_grid,0.1,0.1,0.6335616438356164,0.6265498390498391,0.6335616438356164,0.6191871091871092,584,30,26,0.6209547483766233,0.6193063880563882,0.6457819261166542,26
V2-S,V2M-two_stage_user_local_reranker-v1,protocol_a_rollv2_cv3,2,2026,V2H-local-real,True,real_eeg,margin_power0p1_base0p15,fine_power_base_grid,0.1,0.15,0.6198630136986302,0.6270535020535021,0.6198630136986302,0.6190945165945166,584,30,26,0.6146626984126984,0.6137912087912087,0.6545435039158888,26
V2-S,V2M-two_stage_user_local_reranker-v1,protocol_a_rollv2_cv3,2,2026,V2H-local-real,True,real_eeg,margin_power0p15_base0p0,fine_power_base_grid,0.15,0.0,0.6352739726027398,0.628180846930847,0.6352739726027398,0.6211562049062049,584,30,26,0.6068454635642136,0.605826812076812,0.6148839537960876,26
V2-S,V2M-two_stage_user_local_reranker-v1,protocol_a_rollv2_cv3,2,2026,V2H-local-real,True,real_eeg,margin_power0p15_base0p025,fine_power_base_grid,0.15,0.025,0.648972602739726,0.6412353849853851,0.648972602739726,0.6273114077280745,584,30,26,0.6190776064213563,0.6189958189958189,0.6214640775310231,26
V2-S,V2M-two_stage_user_local_reranker-v1,protocol_a_rollv2_cv3,2,2026,V2H-local-real,True,real_eeg,margin_power0p15_base0p05,fine_power_base_grid,0.15,0.05,0.6472602739726028,0.6353542291042291,0.6472602739726028,0.6227435064935065,584,30,26,0.627576433982684,0.626068376068376,0.6278653935557701,26
V2-S,V2M-two_stage_user_local_reranker-v1,protocol_a_rollv2_cv3,2,2026,V2H-local-real,True,real_eeg,margin_power0p15_base0p075,fine_power_base_grid,0.15,0.075,0.6352739726027398,0.6227612665112665,0.6352739726027398,0.6149777537277538,584,30,26,0.6171809613997115,0.614957264957265,0.631834924721954,26
V2-S,V2M-two_stage_user_local_reranker-v1,protocol_a_rollv2_cv3,2,2026,V2H-local-real,True,real_eeg,margin_power0p15_base0p1,fine_power_base_grid,0.15,0.1,0.6386986301369864,0.630436692936693,0.6386986301369864,0.6308890492223825,584,30,26,0.6213862959956711,0.6203849391349391,0.6363051174766656,26
V2-S,V2M-two_stage_user_local_reranker-v1,protocol_a_rollv2_cv3,2,2026,V2H-local-real,True,real_eeg,margin_power0p15_base0p15,fine_power_base_grid,0.15,0.15,0.6301369863013698,0.6243240555740555,0.6301369863013698,0.6172580968414302,584,30,26,0.6187288059163059,0.6171950734450734,0.6443872259771841,26
V2-S,V2M-two_stage_user_local_reranker-v1,protocol_a_rollv2_cv3,2,2026,V2H-local-real,True,real_eeg,margin_power0p2_base0p0,fine_power_base_grid,0.2,0.0,0.6352739726027398,0.628180846930847,0.6352739726027398,0.6211562049062049,584,30,26,0.6068454635642136,0.605826812076812,0.6148839537960876,26
V2-S,V2M-two_stage_user_local_reranker-v1,protocol_a_rollv2_cv3,2,2026,V2H-local-real,True,real_eeg,margin_power0p2_base0p025,fine_power_base_grid,0.2,0.025,0.6472602739726028,0.64011359011359,0.6472602739726028,0.6263391855058522,584,30,26,0.6177271599927849,0.6177595552595552,0.6193183850087616,26
V2-S,V2M-two_stage_user_local_reranker-v1,protocol_a_rollv2_cv3,2,2026,V2H-local-real,True,real_eeg,margin_power0p2_base0p05,fine_power_base_grid,0.2,0.05,0.6506849315068494,0.6388925888925888,0.6506849315068494,0.6258100849767518,584,30,26,0.6244127660533911,0.6233248233248234,0.6244680470621894,26
V2-S,V2M-two_stage_user_local_reranker-v1,protocol_a_rollv2_cv3,2,2026,V2H-local-real,True,real_eeg,margin_power0p2_base0p075,fine_power_base_grid,0.2,0.075,0.6472602739726028,0.6334602897102897,0.6472602739726028,0.6211020923520925,584,30,26,0.6255996347402598,0.6241744366744366,0.628223008976147,26
V2-S,V2M-two_stage_user_local_reranker-v1,protocol_a_rollv2_cv3,2,2026,V2H-local-real,True,real_eeg,margin_power0p2_base0p1,fine_power_base_grid,0.2,0.1,0.6404109589041096,0.6277978965478965,0.6404109589041096,0.6193428330928332,584,30,26,0.6200776740620491,0.6182456432456432,0.6308693630869362,26
V2-S,V2M-two_stage_user_local_reranker-v1,protocol_a_rollv2_cv3,2,2026,V2H-local-real,True,real_eeg,margin_power0p2_base0p15,fine_power_base_grid,0.2,0.15,0.6352739726027398,0.6271806896806897,0.6352739726027398,0.6280671797338465,584,30,26,0.6219468118686869,0.6209750897250897,0.6375567714479848,26
V2-S,V2M-two_stage_user_local_reranker-v1,protocol_a_rollv2_cv3,2,2026,V2H-local-real,True,real_eeg,margin_power0p25_base0p0,fine_power_base_grid,0.25,0.0,0.6352739726027398,0.628180846930847,0.6352739726027398,0.6211562049062049,584,30,26,0.6068454635642136,0.605826812076812,0.6148839537960876,26
V2-S,V2M-two_stage_user_local_reranker-v1,protocol_a_rollv2_cv3,2,2026,V2H-local-real,True,real_eeg,margin_power0p25_base0p025,fine_power_base_grid,0.25,0.025,0.6438356164383562,0.6369974932474933,0.6438356164383562,0.6236385682219017,584,30,26,0.6152966044372294,0.6146434583934584,0.6183170618317062,26
V2-S,V2M-two_stage_user_local_reranker-v1,protocol_a_rollv2_cv3,2,2026,V2H-local-real,True,real_eeg,margin_power0p25_base0p05,fine_power_base_grid,0.25,0.05,0.6472602739726028,0.640434102934103,0.6472602739726028,0.6266169632836299,584,30,26,0.6182405528499278,0.6183090058090058,0.6215356006150986,26
V2-S,V2M-two_stage_user_local_reranker-v1,protocol_a_rollv2_cv3,2,2026,V2H-local-real,True,real_eeg,margin_power0p25_base0p075,fine_power_base_grid,0.25,0.075,0.648972602739726,0.6374680874680875,0.648972602739726,0.6245755170755172,584,30,26,0.624870468073593,0.6236485736485737,0.6256481779494332,26
V2-S,V2M-two_stage_user_local_reranker-v1,protocol_a_rollv2_cv3,2,2026,V2H-local-real,True,real_eeg,margin_power0p25_base0p1,fine_power_base_grid,0.25,0.1,0.6472602739726028,0.6334602897102897,0.6472602739726028,0.6211020923520925,584,30,26,0.6255996347402598,0.6241744366744366,0.6281157243500339,26
V2-S,V2M-two_stage_user_local_reranker-v1,protocol_a_rollv2_cv3,2,2026,V2H-local-real,True,real_eeg,margin_power0p25_base0p15,fine_power_base_grid,0.25,0.15,0.6318493150684932,0.6178402615902616,0.6318493150684932,0.6107128827962163,584,30,26,0.6123829816017315,0.61003626003626,0.6325143940206702,26
V2-S,V2M-two_stage_user_local_reranker-v1,protocol_a_rollv2_cv3,2,2026,V2H-local-real,True,real_eeg,margin_power0p3_base0p0,fine_power_base_grid,0.3,0.0,0.6352739726027398,0.628180846930847,0.6352739726027398,0.6211562049062049,584,30,26,0.6068454635642136,0.605826812076812,0.6148839537960876,26
V2-S,V2M-two_stage_user_local_reranker-v1,protocol_a_rollv2_cv3,2,2026,V2H-local-real,True,real_eeg,margin_power0p3_base0p025,fine_power_base_grid,0.3,0.025,0.6352739726027398,0.6311570374070374,0.6352739726027398,0.6185768398268399,584,30,26,0.6089858405483406,0.6088030025530025,0.6171369309444624,26
V2-S,V2M-two_stage_user_local_reranker-v1,protocol_a_rollv2_cv3,2,2026,V2H-local-real,True,real_eeg,margin_power0p3_base0p05,fine_power_base_grid,0.3,0.05,0.6438356164383562,0.6370865245865246,0.6438356164383562,0.6237157287157288,584,30,26,0.6149059794372295,0.6147324897324897,0.6200693773915531,26
V2-S,V2M-two_stage_user_local_reranker-v1,protocol_a_rollv2_cv3,2,2026,V2H-local-real,True,real_eeg,margin_power0p3_base0p075,fine_power_base_grid,0.3,0.075,0.6472602739726028,0.633176776926777,0.6472602739726028,0.6203272807439475,584,30,26,0.6156574675324676,0.614615477115477,0.6229303007545685,26
V2-S,V2M-two_stage_user_local_reranker-v1,protocol_a_rollv2_cv3,2,2026,V2H-local-real,True,real_eeg,margin_power0p3_base0p1,fine_power_base_grid,0.3,0.1,0.6472602739726028,0.6361860361860361,0.6472602739726028,0.623464405964406,584,30,26,0.6237246347402597,0.6223665223665223,0.6258627472016592,26
V2-S,V2M-two_stage_user_local_reranker-v1,protocol_a_rollv2_cv3,2,2026,V2H-local-real,True,real_eeg,margin_power0p3_base0p15,fine_power_base_grid,0.3,0.15,0.6455479452054794,0.6339410589410589,0.6455479452054794,0.6265187590187591,584,30,26,0.6240594561688313,0.6225260850260851,0.6292243321532024,26
V2-S,V2M-two_stage_user_local_reranker-v1,protocol_a_rollv2_cv3,2,2026,V2H-local-real,True,real_eeg,margin_power0p35_base0p0,fine_power_base_grid,0.35,0.0,0.6352739726027398,0.628180846930847,0.6352739726027398,0.6211562049062049,584,30,26,0.6068454635642136,0.605826812076812,0.6148839537960876,26
V2-S,V2M-two_stage_user_local_reranker-v1,protocol_a_rollv2_cv3,2,2026,V2H-local-real,True,real_eeg,margin_power0p35_base0p025,fine_power_base_grid,0.35,0.025,0.6352739726027398,0.6305846930846931,0.6352739726027398,0.6180808080808081,584,30,26,0.6085208107864358,0.6082306582306581,0.6168866001501985,26
V2-S,V2M-two_stage_user_local_reranker-v1,protocol_a_rollv2_cv3,2,2026,V2H-local-real,True,real_eeg,margin_power0p35_base0p05,fine_power_base_grid,0.35,0.05,0.6438356164383562,0.637175555925556,0.6438356164383562,0.6237928892095559,584,30,26,0.6153400072150073,0.614821521071521,0.618925008046347,26
V2-S,V2M-two_stage_user_local_reranker-v1,protocol_a_rollv2_cv3,2,2026,V2H-local-real,True,real_eeg,margin_power0p35_base0p075,fine_power_base_grid,0.35,0.075,0.6472602739726028,0.6394725644725644,0.6472602739726028,0.6257836299502967,584,30,26,0.6184823683261184,0.618080068080068,0.6210707005686085,26
V2-S,V2M-two_stage_user_local_reranker-v1,protocol_a_rollv2_cv3,2,2026,V2H-local-real,True,real_eeg,margin_power0p35_base0p1,fine_power_base_grid,0.35,0.1,0.648972602739726,0.635313529063529,0.648972602739726,0.6227082331248999,584,30,26,0.6179144119769121,0.6167522292522292,0.6236812931373601,26
V2-S,V2M-two_stage_user_local_reranker-v1,protocol_a_rollv2_cv3,2,2026,V2H-local-real,True,real_eeg,margin_power0p35_base0p15,fine_power_base_grid,0.35,0.15,0.6472602739726028,0.632819264069264,0.6472602739726028,0.6205465367965369,584,30,26,0.6252610930735931,0.6235334110334111,0.6276150627615062,26
V2-S,V2M-two_stage_user_local_reranker-v1,protocol_a_rollv2_cv3,2,2026,V2H-local-real,True,real_eeg,margin_power0p4_base0p0,fine_power_base_grid,0.4,0.0,0.6352739726027398,0.628180846930847,0.6352739726027398,0.6211562049062049,584,30,26,0.6068454635642136,0.605826812076812,0.6148839537960876,26
V2-S,V2M-two_stage_user_local_reranker-v1,protocol_a_rollv2_cv3,2,2026,V2H-local-real,True,real_eeg,margin_power0p4_base0p025,fine_power_base_grid,0.4,0.025,0.6335616438356164,0.628180846930847,0.6335616438356164,0.6159974747474748,584,30,26,0.6065676857864358,0.605826812076812,0.6164574616457461,26
V2-S,V2M-two_stage_user_local_reranker-v1,protocol_a_rollv2_cv3,2,2026,V2H-local-real,True,real_eeg,margin_power0p4_base0p05,fine_power_base_grid,0.4,0.05,0.6421232876712328,0.6359291171791172,0.6421232876712328,0.6227126422959758,584,30,26,0.6141681322150073,0.6135750823250823,0.6182813002896684,26
V2-S,V2M-two_stage_user_local_reranker-v1,protocol_a_rollv2_cv3,2,2026,V2H-local-real,True,real_eeg,margin_power0p4_base0p075,fine_power_base_grid,0.4,0.075,0.6438356164383562,0.6370865245865246,0.6438356164383562,0.6237157287157288,584,30,26,0.6149059794372295,0.6147324897324897,0.6198548081393269,26
V2-S,V2M-two_stage_user_local_reranker-v1,protocol_a_rollv2_cv3,2,2026,V2H-local-real,True,real_eeg,margin_power0p4_base0p1,fine_power_base_grid,0.4,0.1,0.6438356164383562,0.6381905131905132,0.6438356164383562,0.6246725188391856,584,30,26,0.6168863861832612,0.6170269545269544,0.6215356006150986,26
V2-S,V2M-two_stage_user_local_reranker-v1,protocol_a_rollv2_cv3,2,2026,V2H-local-real,True,real_eeg,margin_power0p4_base0p15,fine_power_base_grid,0.4,0.15,0.648972602739726,0.6365803178303178,0.648972602739726,0.6238061167227836,584,30,26,0.6242888708513709,0.6224555537055536,0.6253620856131317,26
V2-S,V2M-two_stage_user_local_reranker-v1,protocol_a_rollv2_cv3,2,2026,V2H-local-real,True,real_eeg,margin_power0p5_base0p0,fine_power_base_grid,0.5,0.0,0.6352739726027398,0.628180846930847,0.6352739726027398,0.6211562049062049,584,30,26,0.6068454635642136,0.605826812076812,0.6148839537960876,26
V2-S,V2M-two_stage_user_local_reranker-v1,protocol_a_rollv2_cv3,2,2026,V2H-local-real,True,real_eeg,margin_power0p5_base0p025,fine_power_base_grid,0.5,0.025,0.6335616438356164,0.6251893939393939,0.6335616438356164,0.6115530303030303,584,30,26,0.6061510191197692,0.6049721112221111,0.6160998462253692,26
V2-S,V2M-two_stage_user_local_reranker-v1,protocol_a_rollv2_cv3,2,2026,V2H-local-real,True,real_eeg,margin_power0p5_base0p05,fine_power_base_grid,0.5,0.05,0.6318493150684932,0.6263493450993451,0.6318493150684932,0.6144101731601732,584,30,26,0.6050795905483406,0.6039953102453102,0.6168866001501985,26
V2-S,V2M-two_stage_user_local_reranker-v1,protocol_a_rollv2_cv3,2,2026,V2H-local-real,True,real_eeg,margin_power0p5_base0p075,fine_power_base_grid,0.5,0.075,0.6404109589041096,0.6345046157546157,0.6404109589041096,0.6214780743947412,584,30,26,0.6127792433261183,0.6121505809005808,0.6182455387476308,26
V2-S,V2M-two_stage_user_local_reranker-v1,protocol_a_rollv2_cv3,2,2026,V2H-local-real,True,real_eeg,margin_power0p5_base0p1,fine_power_base_grid,0.5,0.1,0.6421232876712328,0.6357510545010545,0.6421232876712328,0.6225583213083214,584,30,26,0.6150448683261184,0.614358558108558,0.6195329542609878,26
V2-S,V2M-two_stage_user_local_reranker-v1,protocol_a_rollv2_cv3,2,2026,V2H-local-real,True,real_eeg,margin_power0p5_base0p15,fine_power_base_grid,0.5,0.15,0.6438356164383562,0.6381905131905132,0.6438356164383562,0.6246725188391856,584,30,26,0.6168863861832612,0.6170269545269544,0.6221435468297394,26
V2-S,V2M-two_stage_user_local_reranker-v1,protocol_a_rollv2_cv3,3,2026,V2H-local-real,True,real_eeg,v2n_eeg_base_0p05,reference_score_family,1.0,0.05,0.6682847896440129,0.6855015707140965,0.6682847896440129,0.6651993079671651,618,28,24,0.6810185346898633,0.690633760529594,0.5674210796162016,24
V2-S,V2M-two_stage_user_local_reranker-v1,protocol_a_rollv2_cv3,3,2026,V2H-local-real,True,real_eeg,sqrt_margin_eeg_base0p05,reference_score_family,0.5,0.05,0.6682847896440129,0.6916708290157078,0.6682847896440129,0.6722379439343725,618,28,24,0.6843122495220397,0.6939843913802247,0.5693620449718011,24
V2-S,V2M-two_stage_user_local_reranker-v1,protocol_a_rollv2_cv3,3,2026,V2H-local-real,True,real_eeg,margin_power0p25_base0p05,reference_score_family,0.25,0.05,0.6634304207119741,0.6866898538815462,0.6634304207119741,0.6605630744916461,618,28,24,0.6821613700984331,0.6941037897287897,0.573536951585732,24
V2-S,V2M-two_stage_user_local_reranker-v1,protocol_a_rollv2_cv3,3,2026,V2H-local-real,True,real_eeg,margin_power0p1_base0p0,fine_power_base_grid,0.1,0.0,0.6650485436893204,0.6713349040474298,0.6650485436893204,0.6530564508243079,618,28,24,0.6761234297947585,0.6767448716407051,0.5664689079323226,24
V2-S,V2M-two_stage_user_local_reranker-v1,protocol_a_rollv2_cv3,3,2026,V2H-local-real,True,real_eeg,margin_power0p1_base0p025,fine_power_base_grid,0.1,0.025,0.656957928802589,0.6838086108961366,0.656957928802589,0.6573493900279616,618,28,24,0.6770631854547938,0.6910489356322689,0.5761737347103201,24
V2-S,V2M-two_stage_user_local_reranker-v1,protocol_a_rollv2_cv3,3,2026,V2H-local-real,True,real_eeg,margin_power0p1_base0p05,fine_power_base_grid,0.1,0.05,0.6456310679611651,0.6795696208210721,0.6456310679611651,0.6537709810031239,618,28,24,0.6770901301495708,0.6905337370962371,0.5852926096828536,24
V2-S,V2M-two_stage_user_local_reranker-v1,protocol_a_rollv2_cv3,3,2026,V2H-local-real,True,real_eeg,margin_power0p1_base0p075,fine_power_base_grid,0.1,0.075,0.63915857605178,0.6769135171781263,0.63915857605178,0.6515987484737485,618,28,24,0.6708670602901372,0.6851886192511193,0.5944114846553871,24
V2-S,V2M-two_stage_user_local_reranker-v1,protocol_a_rollv2_cv3,3,2026,V2H-local-real,True,real_eeg,margin_power0p1_base0p1,fine_power_base_grid,0.1,0.1,0.6343042071197411,0.6709634837556665,0.6343042071197411,0.6526918220668222,618,28,24,0.6652947285814419,0.6800209705418038,0.6031275177616642,24
V2-S,V2M-two_stage_user_local_reranker-v1,protocol_a_rollv2_cv3,3,2026,V2H-local-real,True,real_eeg,margin_power0p1_base0p15,fine_power_base_grid,0.1,0.15,0.6310679611650486,0.6685162142495734,0.6310679611650486,0.6514695126302269,618,28,24,0.6583532726015244,0.6740810539768874,0.6157254815791401,24
V2-S,V2M-two_stage_user_local_reranker-v1,protocol_a_rollv2_cv3,3,2026,V2H-local-real,True,real_eeg,margin_power0p15_base0p0,fine_power_base_grid,0.15,0.0,0.6650485436893204,0.6713349040474298,0.6650485436893204,0.6530564508243079,618,28,24,0.6761234297947585,0.6767448716407051,0.5664689079323226,24
V2-S,V2M-two_stage_user_local_reranker-v1,protocol_a_rollv2_cv3,3,2026,V2H-local-real,True,real_eeg,margin_power0p15_base0p025,fine_power_base_grid,0.15,0.025,0.6634304207119741,0.6866567850984775,0.6634304207119741,0.6605347298204441,618,28,24,0.6806753561124191,0.6928306415806414,0.5728777558045851,24
V2-S,V2M-two_stage_user_local_reranker-v1,protocol_a_rollv2_cv3,3,2026,V2H-local-real,True,real_eeg,margin_power0p15_base0p05,fine_power_base_grid,0.15,0.05,0.6521035598705501,0.683095990183516,0.6521035598705501,0.6567385722742867,618,28,24,0.6761969188542616,0.6903363149196483,0.5789936277741156,24
V2-S,V2M-two_stage_user_local_reranker-v1,protocol_a_rollv2_cv3,3,2026,V2H-local-real,True,real_eeg,margin_power0p15_base0p075,fine_power_base_grid,0.15,0.075,0.6472491909385113,0.6816722442778622,0.6472491909385113,0.6555732296803727,618,28,24,0.6745412901007307,0.6883704875371542,0.584596791913865,24
V2-S,V2M-two_stage_user_local_reranker-v1,protocol_a_rollv2_cv3,3,2026,V2H-local-real,True,real_eeg,margin_power0p15_base0p1,fine_power_base_grid,0.15,0.1,0.6407766990291263,0.6759473865738378,0.6407766990291263,0.6506662087912088,618,28,24,0.6704743973974743,0.684163486975987,0.5896506262359921,24
V2-S,V2M-two_stage_user_local_reranker-v1,protocol_a_rollv2_cv3,3,2026,V2H-local-real,True,real_eeg,margin_power0p15_base0p15,fine_power_base_grid,0.15,0.15,0.6375404530744336,0.6731009296431122,0.6375404530744336,0.6545239185417758,618,28,24,0.6676855196085965,0.6821584164292497,0.6013330403574306,24
V2-S,V2M-two_stage_user_local_reranker-v1,protocol_a_rollv2_cv3,3,2026,V2H-local-real,True,real_eeg,margin_power0p2_base0p0,fine_power_base_grid,0.2,0.0,0.6650485436893204,0.6713349040474298,0.6650485436893204,0.6530564508243079,618,28,24,0.6761234297947585,0.6767448716407051,0.5664689079323226,24
V2-S,V2M-two_stage_user_local_reranker-v1,protocol_a_rollv2_cv3,3,2026,V2H-local-real,True,real_eeg,margin_power0p2_base0p025,fine_power_base_grid,0.2,0.025,0.6779935275080906,0.7017616679607134,0.6779935275080906,0.6808872344586632,618,28,24,0.6931810322544589,0.7040752303252303,0.5716326082179741,24
V2-S,V2M-two_stage_user_local_reranker-v1,protocol_a_rollv2_cv3,3,2026,V2H-local-real,True,real_eeg,margin_power0p2_base0p05,fine_power_base_grid,0.2,0.05,0.6601941747572816,0.685773648173674,0.6601941747572816,0.6597777553134696,618,28,24,0.6771605628248984,0.6901320284653618,0.575221563026441,24
V2-S,V2M-two_stage_user_local_reranker-v1,protocol_a_rollv2_cv3,3,2026,V2H-local-real,True,real_eeg,margin_power0p2_base0p075,fine_power_base_grid,0.2,0.075,0.6456310679611651,0.678081038030406,0.6456310679611651,0.6523356141213286,618,28,24,0.6713585753795545,0.6860262499845833,0.5797993115066287,24
V2-S,V2M-two_stage_user_local_reranker-v1,protocol_a_rollv2_cv3,3,2026,V2H-local-real,True,real_eeg,margin_power0p2_base0p1,fine_power_base_grid,0.2,0.1,0.6456310679611651,0.678467116072734,0.6456310679611651,0.65282597693312,618,28,24,0.6707758247968039,0.6851653593320259,0.5837178642056691,24
V2-S,V2M-two_stage_user_local_reranker-v1,protocol_a_rollv2_cv3,3,2026,V2H-local-real,True,real_eeg,margin_power0p2_base0p15,fine_power_base_grid,0.2,0.15,0.6423948220064725,0.6781403690299781,0.6423948220064725,0.6526503357753358,618,28,24,0.6729843874074642,0.6866932488807489,0.5912986156888596,24
V2-S,V2M-two_stage_user_local_reranker-v1,protocol_a_rollv2_cv3,3,2026,V2H-local-real,True,real_eeg,margin_power0p25_base0p0,fine_power_base_grid,0.25,0.0,0.6650485436893204,0.6713349040474298,0.6650485436893204,0.6530564508243079,618,28,24,0.6761234297947585,0.6767448716407051,0.5664689079323226,24
V2-S,V2M-two_stage_user_local_reranker-v1,protocol_a_rollv2_cv3,3,2026,V2H-local-real,True,real_eeg,margin_power0p25_base0p025,fine_power_base_grid,0.25,0.025,0.6699029126213593,0.6930111168143288,0.6699029126213593,0.6733867620474765,618,28,24,0.6857232122966389,0.6953246791788459,0.5705705705705706,24
V2-S,V2M-two_stage_user_local_reranker-v1,protocol_a_rollv2_cv3,3,2026,V2H-local-real,True,real_eeg,margin_power0p25_base0p05,fine_power_base_grid,0.25,0.05,0.6634304207119741,0.6866898538815462,0.6634304207119741,0.6605630744916461,618,28,24,0.6821613700984331,0.6941037897287897,0.573536951585732,24
V2-S,V2M-two_stage_user_local_reranker-v1,protocol_a_rollv2_cv3,3,2026,V2H-local-real,True,real_eeg,margin_power0p25_base0p075,fine_power_base_grid,0.25,0.075,0.6521035598705501,0.6789912407662665,0.6521035598705501,0.6539642632499776,618,28,24,0.6718963825607182,0.6850162877246211,0.5766498205522596,24
V2-S,V2M-two_stage_user_local_reranker-v1,protocol_a_rollv2_cv3,3,2026,V2H-local-real,True,real_eeg,margin_power0p25_base0p1,fine_power_base_grid,0.25,0.1,0.6488673139158576,0.6801027431771111,0.6488673139158576,0.6540685042470757,618,28,24,0.6724340150913578,0.6865598598931933,0.5800190434336776,24
V2-S,V2M-two_stage_user_local_reranker-v1,protocol_a_rollv2_cv3,3,2026,V2H-local-real,True,real_eeg,margin_power0p25_base0p15,fine_power_base_grid,0.25,0.15,0.6472491909385113,0.681705313060931,0.6472491909385113,0.6556015743515744,618,28,24,0.6745121525715931,0.6882547467964134,0.5860982934153666,24
V2-S,V2M-two_stage_user_local_reranker-v1,protocol_a_rollv2_cv3,3,2026,V2H-local-real,True,real_eeg,margin_power0p3_base0p0,fine_power_base_grid,0.3,0.0,0.6650485436893204,0.6713349040474298,0.6650485436893204,0.6530564508243079,618,28,24,0.6761234297947585,0.6767448716407051,0.5664689079323226,24
V2-S,V2M-two_stage_user_local_reranker-v1,protocol_a_rollv2_cv3,3,2026,V2H-local-real,True,real_eeg,margin_power0p3_base0p025,fine_power_base_grid,0.3,0.025,0.6731391585760518,0.6954461817493938,0.6731391585760518,0.6754739605632464,618,28,24,0.6882888284986188,0.6977597441139108,0.5697282648502161,24
V2-S,V2M-two_stage_user_local_reranker-v1,protocol_a_rollv2_cv3,3,2026,V2H-local-real,True,real_eeg,margin_power0p3_base0p05,fine_power_base_grid,0.3,0.05,0.6715210355987055,0.6950398542352231,0.6715210355987055,0.6693396154110439,618,28,24,0.6884316150050416,0.6999780081030081,0.5724016699626456,24
V2-S,V2M-two_stage_user_local_reranker-v1,protocol_a_rollv2_cv3,3,2026,V2H-local-real,True,real_eeg,margin_power0p3_base0p075,fine_power_base_grid,0.3,0.075,0.6634304207119741,0.6877622845373104,0.6634304207119741,0.6614823007680151,618,28,24,0.6810914803921797,0.6935095537178871,0.5744525012817696,24
V2-S,V2M-two_stage_user_local_reranker-v1,protocol_a_rollv2_cv3,3,2026,V2H-local-real,True,real_eeg,margin_power0p3_base0p1,fine_power_base_grid,0.3,0.1,0.6488673139158576,0.6758512886131566,0.6488673139158576,0.6511684479541623,618,28,24,0.6693307663587383,0.6825812227895561,0.5773090163334066,24
V2-S,V2M-two_stage_user_local_reranker-v1,protocol_a_rollv2_cv3,3,2026,V2H-local-real,True,real_eeg,margin_power0p3_base0p15,fine_power_base_grid,0.3,0.15,0.6423948220064725,0.676350713956332,0.6423948220064725,0.6510119179762038,618,28,24,0.66697407099505,0.681660068326735,0.5825825825825826,24
V2-S,V2M-two_stage_user_local_reranker-v1,protocol_a_rollv2_cv3,3,2026,V2H-local-real,True,real_eeg,margin_power0p35_base0p0,fine_power_base_grid,0.35,0.0,0.6650485436893204,0.6713349040474298,0.6650485436893204,0.6530564508243079,618,28,24,0.6761234297947585,0.6767448716407051,0.5664689079323226,24
V2-S,V2M-two_stage_user_local_reranker-v1,protocol_a_rollv2_cv3,3,2026,V2H-local-real,True,real_eeg,margin_power0p35_base0p025,fine_power_base_grid,0.35,0.025,0.6699029126213593,0.6925306173754961,0.6699029126213593,0.6729749053856197,618,28,24,0.6853029255127158,0.694844179740013,0.5687028491906541,24
V2-S,V2M-two_stage_user_local_reranker-v1,protocol_a_rollv2_cv3,3,2026,V2H-local-real,True,real_eeg,margin_power0p35_base0p05,fine_power_base_grid,0.35,0.05,0.6747572815533981,0.6979670251035704,0.6747572815533981,0.6776346834382548,618,28,24,0.6901854167588433,0.7002805874680874,0.5717058521936571,24
V2-S,V2M-two_stage_user_local_reranker-v1,protocol_a_rollv2_cv3,3,2026,V2H-local-real,True,real_eeg,margin_power0p35_base0p075,fine_power_base_grid,0.35,0.075,0.6666666666666666,0.6890708062624986,0.6666666666666666,0.6626038908181766,618,28,24,0.6845589724960354,0.6964847421097421,0.573610195561415,24
V2-S,V2M-two_stage_user_local_reranker-v1,protocol_a_rollv2_cv3,3,2026,V2H-local-real,True,real_eeg,margin_power0p35_base0p1,fine_power_base_grid,0.35,0.1,0.656957928802589,0.6827473323842002,0.656957928802589,0.657079342615057,618,28,24,0.6762531369174726,0.6891994887828222,0.5754779169413315,24
V2-S,V2M-two_stage_user_local_reranker-v1,protocol_a_rollv2_cv3,3,2026,V2H-local-real,True,real_eeg,margin_power0p35_base0p15,fine_power_base_grid,0.35,0.15,0.6472491909385113,0.6774985765104443,0.6472491909385113,0.6525804090089806,618,28,24,0.6695785372358799,0.6827404154487487,0.5797260675309456,24
V2-S,V2M-two_stage_user_local_reranker-v1,protocol_a_rollv2_cv3,3,2026,V2H-local-real,True,real_eeg,margin_power0p4_base0p0,fine_power_base_grid,0.4,0.0,0.6650485436893204,0.6713349040474298,0.6650485436893204,0.6530564508243079,618,28,24,0.6761234297947585,0.6767448716407051,0.5664689079323226,24
V2-S,V2M-two_stage_user_local_reranker-v1,protocol_a_rollv2_cv3,3,2026,V2H-local-real,True,real_eeg,margin_power0p4_base0p025,fine_power_base_grid,0.4,0.025,0.6666666666666666,0.6881350129798918,0.6666666666666666,0.6692072444751016,618,28,24,0.6803386590099877,0.6904485753444086,0.5681535193730316,24
V2-S,V2M-two_stage_user_local_reranker-v1,protocol_a_rollv2_cv3,3,2026,V2H-local-real,True,real_eeg,margin_power0p4_base0p05,fine_power_base_grid,0.4,0.05,0.6682847896440129,0.6897133960166082,0.6682847896440129,0.6705601442208585,618,28,24,0.681918896953862,0.692026958381125,0.5708269244854611,24
V2-S,V2M-two_stage_user_local_reranker-v1,protocol_a_rollv2_cv3,3,2026,V2H-local-real,True,real_eeg,margin_power0p4_base0p075,fine_power_base_grid,0.4,0.075,0.6715210355987055,0.6964866134944825,0.6715210355987055,0.671323742395171,618,28,24,0.688781265354692,0.7002094895844896,0.5726580238775361,24
V2-S,V2M-two_stage_user_local_reranker-v1,protocol_a_rollv2_cv3,3,2026,V2H-local-real,True,real_eeg,margin_power0p4_base0p1,fine_power_base_grid,0.4,0.1,0.6650485436893204,0.6868778238063583,0.6650485436893204,0.6606197638340496,618,28,24,0.683185346122409,0.6949966468716468,0.5743792573060865,24
V2-S,V2M-two_stage_user_local_reranker-v1,protocol_a_rollv2_cv3,3,2026,V2H-local-real,True,real_eeg,margin_power0p4_base0p15,fine_power_base_grid,0.4,0.15,0.6488673139158576,0.6758491842360521,0.6488673139158576,0.6511666442023586,618,28,24,0.6681584538227895,0.6810910231743565,0.577785102175346,24
V2-S,V2M-two_stage_user_local_reranker-v1,protocol_a_rollv2_cv3,3,2026,V2H-local-real,True,real_eeg,margin_power0p5_base0p0,fine_power_base_grid,0.5,0.0,0.6650485436893204,0.6713349040474298,0.6650485436893204,0.6530564508243079,618,28,24,0.6761234297947585,0.6767448716407051,0.5664689079323226,24
V2-S,V2M-two_stage_user_local_reranker-v1,protocol_a_rollv2_cv3,3,2026,V2H-local-real,True,real_eeg,margin_power0p5_base0p025,fine_power_base_grid,0.5,0.025,0.6666666666666666,0.6853599585136608,0.6666666666666666,0.6659532762211333,618,28,24,0.6796684958398245,0.6890828346036679,0.5677506775067751,24
V2-S,V2M-two_stage_user_local_reranker-v1,protocol_a_rollv2_cv3,3,2026,V2H-local-real,True,real_eeg,margin_power0p5_base0p05,fine_power_base_grid,0.5,0.05,0.6682847896440129,0.6916708290157078,0.6682847896440129,0.6722379439343725,618,28,24,0.6843122495220397,0.6939843913802247,0.5693620449718011,24
V2-S,V2M-two_stage_user_local_reranker-v1,protocol_a_rollv2_cv3,3,2026,V2H-local-real,True,real_eeg,margin_power0p5_base0p075,fine_power_base_grid,0.5,0.075,0.6682847896440129,0.6897133960166082,0.6682847896440129,0.6705601442208585,618,28,24,0.681918896953862,0.692026958381125,0.5713030103274006,24
V2-S,V2M-two_stage_user_local_reranker-v1,protocol_a_rollv2_cv3,3,2026,V2H-local-real,True,real_eeg,margin_power0p5_base0p1,fine_power_base_grid,0.5,0.1,0.6666666666666666,0.6915014944468635,0.6666666666666666,0.6670507832114975,618,28,24,0.6841983482717748,0.6952243705368706,0.5725115359261701,24
V2-S,V2M-two_stage_user_local_reranker-v1,protocol_a_rollv2_cv3,3,2026,V2H-local-real,True,real_eeg,margin_power0p5_base0p15,fine_power_base_grid,0.5,0.15,0.6650485436893204,0.6877111571396917,0.6650485436893204,0.6613340495483353,618,28,24,0.6820448199818829,0.694064107189107,0.5757342708562221,24
V2-S,V2M-two_stage_user_local_reranker-v1,protocol_a_rollv2_cv3,1,2027,V2H-local-real,True,real_eeg,v2n_eeg_base_0p05,reference_score_family,1.0,0.05,0.7240802675585284,0.7345887445887447,0.7240802675585284,0.7594963924963924,598,35,28,0.724921927160733,0.7244581658420943,0.5824019437695245,28
V2-S,V2M-two_stage_user_local_reranker-v1,protocol_a_rollv2_cv3,1,2027,V2H-local-real,True,real_eeg,sqrt_margin_eeg_base0p05,reference_score_family,0.5,0.05,0.7307692307692307,0.756751443001443,0.7307692307692307,0.7811948051948052,598,35,28,0.7299432491223535,0.7292632962275821,0.5834432488719195,28
V2-S,V2M-two_stage_user_local_reranker-v1,protocol_a_rollv2_cv3,1,2027,V2H-local-real,True,real_eeg,margin_power0p25_base0p05,reference_score_family,0.25,0.05,0.725752508361204,0.7257447909233623,0.725752508361204,0.7455225726654297,598,35,28,0.7124315651181322,0.7094562976705833,0.5852481777160708,28
V2-S,V2M-two_stage_user_local_reranker-v1,protocol_a_rollv2_cv3,1,2027,V2H-local-real,True,real_eeg,margin_power0p1_base0p0,fine_power_base_grid,0.1,0.0,0.7307692307692307,0.746295093795094,0.7307692307692307,0.7736233766233767,598,35,28,0.7307001787598801,0.7307081658420944,0.5819507115584868,28
V2-S,V2M-two_stage_user_local_reranker-v1,protocol_a_rollv2_cv3,1,2027,V2H-local-real,True,real_eeg,margin_power0p1_base0p025,fine_power_base_grid,0.1,0.025,0.7324414715719063,0.7308367822653538,0.7324414715719063,0.7499929911358483,598,35,28,0.7175228834184058,0.7138743944547519,0.5861853523082263,28
V2-S,V2M-two_stage_user_local_reranker-v1,protocol_a_rollv2_cv3,1,2027,V2H-local-real,True,real_eeg,margin_power0p1_base0p05,fine_power_base_grid,0.1,0.05,0.7157190635451505,0.7097559054701911,0.7157190635451505,0.7160647976362262,598,35,28,0.7039572699274191,0.6975538119288119,0.5890315862547727,28
V2-S,V2M-two_stage_user_local_reranker-v1,protocol_a_rollv2_cv3,1,2027,V2H-local-real,True,real_eeg,margin_power0p1_base0p075,fine_power_base_grid,0.1,0.075,0.7040133779264214,0.697063505277791,0.7040133779264214,0.701783893355322,598,35,28,0.6912942861450324,0.6835366204562633,0.5910794862894828,28
V2-S,V2M-two_stage_user_local_reranker-v1,protocol_a_rollv2_cv3,1,2027,V2H-local-real,True,real_eeg,margin_power0p1_base0p1,fine_power_base_grid,0.1,0.1,0.6906354515050167,0.6799716685430972,0.6906354515050167,0.6758088366659796,598,35,28,0.6769209149059895,0.6703421760118188,0.5940645609163485,28
V2-S,V2M-two_stage_user_local_reranker-v1,protocol_a_rollv2_cv3,1,2027,V2H-local-real,True,real_eeg,margin_power0p1_base0p15,fine_power_base_grid,0.1,0.15,0.6655518394648829,0.6639635430706861,0.6655518394648829,0.6630023362880505,598,35,28,0.6577287803407206,0.6510460686799974,0.5991322457480042,28
V2-S,V2M-two_stage_user_local_reranker-v1,protocol_a_rollv2_cv3,1,2027,V2H-local-real,True,real_eeg,margin_power0p15_base0p0,fine_power_base_grid,0.15,0.0,0.7307692307692307,0.746295093795094,0.7307692307692307,0.7736233766233767,598,35,28,0.7307001787598801,0.7307081658420944,0.5819507115584868,28
V2-S,V2M-two_stage_user_local_reranker-v1,protocol_a_rollv2_cv3,1,2027,V2H-local-real,True,real_eeg,margin_power0p15_base0p025,fine_power_base_grid,0.15,0.025,0.7290969899665551,0.7309035210820926,0.7290969899665551,0.7536178107606678,598,35,28,0.7148196248196248,0.7118372500515358,0.5852828878861507,28
V2-S,V2M-two_stage_user_local_reranker-v1,protocol_a_rollv2_cv3,1,2027,V2H-local-real,True,real_eeg,margin_power0p15_base0p05,fine_power_base_grid,0.15,0.05,0.7290969899665551,0.7246600059992917,0.7290969899665551,0.7297737923452209,598,35,28,0.7100683810385303,0.7044151120043979,0.5871225269003818,28
V2-S,V2M-two_stage_user_local_reranker-v1,protocol_a_rollv2_cv3,1,2027,V2H-local-real,True,real_eeg,margin_power0p15_base0p075,fine_power_base_grid,0.15,0.075,0.7224080267558528,0.7188729689622547,0.7224080267558528,0.7239536865251152,598,35,28,0.7084964786457324,0.7026105012712157,0.5886150642138146,28
V2-S,V2M-two_stage_user_local_reranker-v1,protocol_a_rollv2_cv3,1,2027,V2H-local-real,True,real_eeg,margin_power0p15_base0p1,fine_power_base_grid,0.15,0.1,0.7107023411371237,0.7061574206217064,0.7107023411371237,0.7123923589637876,598,35,28,0.7030476405849541,0.6966055538376967,0.58958694897605,28
V2-S,V2M-two_stage_user_local_reranker-v1,protocol_a_rollv2_cv3,1,2027,V2H-local-real,True,real_eeg,margin_power0p15_base0p15,fine_power_base_grid,0.15,0.15,0.6906354515050167,0.6832879950737094,0.6906354515050167,0.6820333264618978,598,35,28,0.6773651224397493,0.6717452372363085,0.5932315168344325,28
V2-S,V2M-two_stage_user_local_reranker-v1,protocol_a_rollv2_cv3,1,2027,V2H-local-real,True,real_eeg,margin_power0p2_base0p0,fine_power_base_grid,0.2,0.0,0.7307692307692307,0.746295093795094,0.7307692307692307,0.7736233766233767,598,35,28,0.7307001787598801,0.7307081658420944,0.5819507115584868,28
V2-S,V2M-two_stage_user_local_reranker-v1,protocol_a_rollv2_cv3,1,2027,V2H-local-real,True,real_eeg,margin_power0p2_base0p025,fine_power_base_grid,0.2,0.025,0.7290969899665551,0.7342876369662085,0.7290969899665551,0.7582787054215625,598,35,28,0.7135406301824212,0.7093998660070089,0.5841374522735161,28
V2-S,V2M-two_stage_user_local_reranker-v1,protocol_a_rollv2_cv3,1,2027,V2H-local-real,True,real_eeg,margin_power0p2_base0p05,fine_power_base_grid,0.2,0.05,0.7307692307692307,0.732622496551068,0.7307692307692307,0.7510247371675943,598,35,28,0.71816609592729,0.7152994227994229,0.5861506421381464,28
V2-S,V2M-two_stage_user_local_reranker-v1,protocol_a_rollv2_cv3,1,2027,V2H-local-real,True,real_eeg,margin_power0p2_base0p075,fine_power_base_grid,0.2,0.075,0.7290969899665551,0.7246600059992917,0.7290969899665551,0.7297737923452209,598,35,28,0.7100683810385303,0.7044151120043979,0.5873307879208608,28
V2-S,V2M-two_stage_user_local_reranker-v1,protocol_a_rollv2_cv3,1,2027,V2H-local-real,True,real_eeg,margin_power0p2_base0p1,fine_power_base_grid,0.2,0.1,0.7240802675585284,0.720658683247969,0.7240802675585284,0.7265727341441627,598,35,28,0.7086386250565354,0.7028230863052293,0.5883026726830961,28
V2-S,V2M-two_stage_user_local_reranker-v1,protocol_a_rollv2_cv3,1,2027,V2H-local-real,True,real_eeg,margin_power0p2_base0p15,fine_power_base_grid,0.2,0.15,0.7040133779264214,0.697063505277791,0.7040133779264214,0.701783893355322,598,35,28,0.6980144730890999,0.6917775115096543,0.5901076015272475,28
V2-S,V2M-two_stage_user_local_reranker-v1,protocol_a_rollv2_cv3,1,2027,V2H-local-real,True,real_eeg,margin_power0p25_base0p0,fine_power_base_grid,0.25,0.0,0.7307692307692307,0.746295093795094,0.7307692307692307,0.7736233766233767,598,35,28,0.7307001787598801,0.7307081658420944,0.5819507115584868,28
V2-S,V2M-two_stage_user_local_reranker-v1,protocol_a_rollv2_cv3,1,2027,V2H-local-real,True,real_eeg,margin_power0p25_base0p025,fine_power_base_grid,0.25,0.025,0.7290969899665551,0.7527831890331891,0.7290969899665551,0.7780202020202021,598,35,28,0.7194800887338201,0.7173018449804165,0.5837209302325581,28
V2-S,V2M-two_stage_user_local_reranker-v1,protocol_a_rollv2_cv3,1,2027,V2H-local-real,True,real_eeg,margin_power0p25_base0p05,fine_power_base_grid,0.25,0.05,0.725752508361204,0.7257447909233623,0.725752508361204,0.7455225726654297,598,35,28,0.7124315651181322,0.7094562976705833,0.5852481777160708,28
V2-S,V2M-two_stage_user_local_reranker-v1,protocol_a_rollv2_cv3,1,2027,V2H-local-real,True,real_eeg,margin_power0p25_base0p075,fine_power_base_grid,0.25,0.075,0.7341137123745819,0.731729639408211,0.7341137123745819,0.74673902288188,598,35,28,0.7167268635179083,0.7122126881055453,0.5862894828184657,28
V2-S,V2M-two_stage_user_local_reranker-v1,protocol_a_rollv2_cv3,1,2027,V2H-local-real,True,real_eeg,margin_power0p25_base0p1,fine_power_base_grid,0.25,0.1,0.7307692307692307,0.7276361964754823,0.7307692307692307,0.7321547447261733,598,35,28,0.710163145312399,0.7049820054284341,0.5873654980909406,28
V2-S,V2M-two_stage_user_local_reranker-v1,protocol_a_rollv2_cv3,1,2027,V2H-local-real,True,real_eeg,margin_power0p25_base0p15,fine_power_base_grid,0.25,0.15,0.7190635451505016,0.7166904292797149,0.7190635451505016,0.7222076547790833,598,35,28,0.7061250026921669,0.700427961588676,0.5884762235334954,28
V2-S,V2M-two_stage_user_local_reranker-v1,protocol_a_rollv2_cv3,1,2027,V2H-local-real,True,real_eeg,margin_power0p3_base0p0,fine_power_base_grid,0.3,0.0,0.7307692307692307,0.746295093795094,0.7307692307692307,0.7736233766233767,598,35,28,0.7307001787598801,0.7307081658420944,0.5819507115584868,28
V2-S,V2M-two_stage_user_local_reranker-v1,protocol_a_rollv2_cv3,1,2027,V2H-local-real,True,real_eeg,margin_power0p3_base0p025,fine_power_base_grid,0.3,0.025,0.7307692307692307,0.7569498556998557,0.7307692307692307,0.7813535353535354,598,35,28,0.7281119295298399,0.7274208925994641,0.5833738285317598,28
V2-S,V2M-two_stage_user_local_reranker-v1,protocol_a_rollv2_cv3,1,2027,V2H-local-real,True,real_eeg,margin_power0p3_base0p05,fine_power_base_grid,0.3,0.05,0.7274247491638796,0.7310408837194551,0.7274247491638796,0.7556813028241599,598,35,28,0.7116523443389114,0.7076412079983508,0.5846928149947934,28
V2-S,V2M-two_stage_user_local_reranker-v1,protocol_a_rollv2_cv3,1,2027,V2H-local-real,True,real_eeg,margin_power0p3_base0p075,fine_power_base_grid,0.3,0.075,0.7290969899665551,0.7287209813995528,0.7290969899665551,0.7479035250463821,598,35,28,0.7148314703538583,0.7121632137703566,0.585629989586949,28
V2-S,V2M-two_stage_user_local_reranker-v1,protocol_a_rollv2_cv3,1,2027,V2H-local-real,True,real_eeg,margin_power0p3_base0p1,fine_power_base_grid,0.3,0.1,0.7341137123745819,0.731729639408211,0.7341137123745819,0.74673902288188,598,35,28,0.7167268635179083,0.7122126881055453,0.5864283234987852,28
V2-S,V2M-two_stage_user_local_reranker-v1,protocol_a_rollv2_cv3,1,2027,V2H-local-real,True,real_eeg,margin_power0p3_base0p15,fine_power_base_grid,0.3,0.15,0.7274247491638796,0.7239986303379161,0.7274247491638796,0.7292446918161204,598,35,28,0.7110634059141522,0.7057378633271493,0.58746962860118,28
V2-S,V2M-two_stage_user_local_reranker-v1,protocol_a_rollv2_cv3,1,2027,V2H-local-real,True,real_eeg,margin_power0p35_base0p0,fine_power_base_grid,0.35,0.0,0.7307692307692307,0.746295093795094,0.7307692307692307,0.7736233766233767,598,35,28,0.7307001787598801,0.7307081658420944,0.5819507115584868,28
V2-S,V2M-two_stage_user_local_reranker-v1,protocol_a_rollv2_cv3,1,2027,V2H-local-real,True,real_eeg,margin_power0p35_base0p025,fine_power_base_grid,0.35,0.025,0.7290969899665551,0.7557593795093797,0.7290969899665551,0.7804011544011544,598,35,28,0.7288653055070965,0.7282712327355185,0.5832349878514405,28
V2-S,V2M-two_stage_user_local_reranker-v1,protocol_a_rollv2_cv3,1,2027,V2H-local-real,True,real_eeg,margin_power0p35_base0p05,fine_power_base_grid,0.35,0.05,0.7307692307692307,0.7370348897134612,0.7307692307692307,0.7654215625644196,598,35,28,0.7148070254786673,0.71048211708926,0.5839291912530372,28
V2-S,V2M-two_stage_user_local_reranker-v1,protocol_a_rollv2_cv3,1,2027,V2H-local-real,True,real_eeg,margin_power0p35_base0p075,fine_power_base_grid,0.35,0.075,0.7274247491638796,0.728492043670615,0.7274247491638796,0.7486971758400329,598,35,28,0.7125039305636319,0.709109977324263,0.5848663658451927,28
V2-S,V2M-two_stage_user_local_reranker-v1,protocol_a_rollv2_cv3,1,2027,V2H-local-real,True,real_eeg,margin_power0p35_base0p1,fine_power_base_grid,0.35,0.1,0.7307692307692307,0.7328605917891632,0.7307692307692307,0.7512152133580705,598,35,28,0.7180665934397278,0.7155375180375181,0.5856646997570288,28
V2-S,V2M-two_stage_user_local_reranker-v1,protocol_a_rollv2_cv3,1,2027,V2H-local-real,True,real_eeg,margin_power0p35_base0p15,fine_power_base_grid,0.35,0.15,0.7324414715719063,0.7316044504437362,0.7324414715719063,0.7353293479007764,598,35,28,0.7166652667398936,0.7125835308871026,0.587087816730302,28
V2-S,V2M-two_stage_user_local_reranker-v1,protocol_a_rollv2_cv3,1,2027,V2H-local-real,True,real_eeg,margin_power0p4_base0p0,fine_power_base_grid,0.4,0.0,0.7307692307692307,0.746295093795094,0.7307692307692307,0.7736233766233767,598,35,28,0.7307001787598801,0.7307081658420944,0.5819507115584868,28
V2-S,V2M-two_stage_user_local_reranker-v1,protocol_a_rollv2_cv3,1,2027,V2H-local-real,True,real_eeg,margin_power0p4_base0p025,fine_power_base_grid,0.4,0.025,0.7307692307692307,0.7587355699855701,0.7307692307692307,0.7827821067821068,598,35,28,0.7289600697809653,0.728838126159555,0.5829573064908018,28
V2-S,V2M-two_stage_user_local_reranker-v1,protocol_a_rollv2_cv3,1,2027,V2H-local-real,True,real_eeg,margin_power0p4_base0p05,fine_power_base_grid,0.4,0.05,0.7324414715719063,0.7580269532055246,0.7324414715719063,0.7822152133580705,598,35,28,0.7239695462083521,0.7225456091527521,0.5837903505727178,28
V2-S,V2M-two_stage_user_local_reranker-v1,protocol_a_rollv2_cv3,1,2027,V2H-local-real,True,real_eeg,margin_power0p4_base0p075,fine_power_base_grid,0.4,0.075,0.725752508361204,0.7270726297512011,0.725752508361204,0.7485384456813028,598,35,28,0.7091896577717473,0.7049626365697793,0.5846233946546338,28
V2-S,V2M-two_stage_user_local_reranker-v1,protocol_a_rollv2_cv3,1,2027,V2H-local-real,True,real_eeg,margin_power0p4_base0p1,fine_power_base_grid,0.4,0.1,0.7274247491638796,0.728492043670615,0.7274247491638796,0.7486971758400329,598,35,28,0.7136979604143783,0.7105385487528343,0.5852481777160707,28
V2-S,V2M-two_stage_user_local_reranker-v1,protocol_a_rollv2_cv3,1,2027,V2H-local-real,True,real_eeg,margin_power0p4_base0p15,fine_power_base_grid,0.4,0.15,0.7324414715719063,0.7305391632177347,0.7324414715719063,0.7457866419294991,598,35,28,0.7154333311795998,0.7110222119150692,0.5862894828184658,28
V2-S,V2M-two_stage_user_local_reranker-v1,protocol_a_rollv2_cv3,1,2027,V2H-local-real,True,real_eeg,margin_power0p5_base0p0,fine_power_base_grid,0.5,0.0,0.7307692307692307,0.746295093795094,0.7307692307692307,0.7736233766233767,598,35,28,0.7307001787598801,0.7307081658420944,0.5819507115584868,28
V2-S,V2M-two_stage_user_local_reranker-v1,protocol_a_rollv2_cv3,1,2027,V2H-local-real,True,real_eeg,margin_power0p5_base0p025,fine_power_base_grid,0.5,0.025,0.7307692307692307,0.7587355699855701,0.7307692307692307,0.7827821067821068,598,35,28,0.7300794727660399,0.7299541975881264,0.5826796251301631,28
V2-S,V2M-two_stage_user_local_reranker-v1,protocol_a_rollv2_cv3,1,2027,V2H-local-real,True,real_eeg,margin_power0p5_base0p05,fine_power_base_grid,0.5,0.05,0.7307692307692307,0.756751443001443,0.7307692307692307,0.7811948051948052,598,35,28,0.7299432491223535,0.7292632962275821,0.5834432488719195,28
V2-S,V2M-two_stage_user_local_reranker-v1,protocol_a_rollv2_cv3,1,2027,V2H-local-real,True,real_eeg,margin_power0p5_base0p075,fine_power_base_grid,0.5,0.075,0.7324414715719063,0.7552491754277468,0.7324414715719063,0.7760247371675942,598,35,28,0.7241685511834764,0.7225456091527521,0.5838597709128774,28
V2-S,V2M-two_stage_user_local_reranker-v1,protocol_a_rollv2_cv3,1,2027,V2H-local-real,True,real_eeg,margin_power0p5_base0p1,fine_power_base_grid,0.5,0.1,0.7290969899665551,0.7330666357452073,0.7290969899665551,0.7582787054215625,598,35,28,0.7137124981154832,0.7092916408987838,0.5843110031239154,28
V2-S,V2M-two_stage_user_local_reranker-v1,protocol_a_rollv2_cv3,1,2027,V2H-local-real,True,real_eeg,margin_power0p5_base0p15,fine_power_base_grid,0.5,0.15,0.725752508361204,0.7273015674801389,0.725752508361204,0.747744794887652,598,35,28,0.7106631345437315,0.7078599773242631,0.5851440472058314,28
V2-S,V2M-two_stage_user_local_reranker-v1,protocol_a_rollv2_cv3,2,2027,V2H-local-real,True,real_eeg,v2n_eeg_base_0p05,reference_score_family,1.0,0.05,0.636986301369863,0.6200371387871388,0.636986301369863,0.6096009700176366,584,30,26,0.6041196563852814,0.6006272431272431,0.6040124450166291,26
V2-S,V2M-two_stage_user_local_reranker-v1,protocol_a_rollv2_cv3,2,2027,V2H-local-real,True,real_eeg,sqrt_margin_eeg_base0p05,reference_score_family,0.5,0.05,0.6352739726027398,0.6183836996336998,0.6352739726027398,0.6022156084656085,584,30,26,0.6014397321428572,0.5990182040182039,0.6056932374924007,26
V2-S,V2M-two_stage_user_local_reranker-v1,protocol_a_rollv2_cv3,2,2027,V2H-local-real,True,real_eeg,margin_power0p25_base0p05,reference_score_family,0.25,0.05,0.6455479452054794,0.6332697395197395,0.6455479452054794,0.6209369488536157,584,30,26,0.6149853445165945,0.6131272431272431,0.6114508457604692,26
V2-S,V2M-two_stage_user_local_reranker-v1,protocol_a_rollv2_cv3,2,2027,V2H-local-real,True,real_eeg,margin_power0p1_base0p0,fine_power_base_grid,0.1,0.0,0.6386986301369864,0.6235093610093612,0.6386986301369864,0.6144620811287478,584,30,26,0.6050869182900434,0.6018482443482444,0.6036190680542144,26
V2-S,V2M-two_stage_user_local_reranker-v1,protocol_a_rollv2_cv3,2,2027,V2H-local-real,True,real_eeg,margin_power0p1_base0p025,fine_power_base_grid,0.1,0.025,0.6472602739726028,0.6313644688644688,0.6472602739726028,0.6192857142857144,584,30,26,0.6159612869769121,0.6142737817737818,0.6147051460858992,26
V2-S,V2M-two_stage_user_local_reranker-v1,protocol_a_rollv2_cv3,2,2027,V2H-local-real,True,real_eeg,margin_power0p1_base0p05,fine_power_base_grid,0.1,0.05,0.6506849315068494,0.6421194546194546,0.6506849315068494,0.6360141093474426,584,30,26,0.6318216765873015,0.629766391016391,0.6238601008475485,26
V2-S,V2M-two_stage_user_local_reranker-v1,protocol_a_rollv2_cv3,2,2027,V2H-local-real,True,real_eeg,margin_power0p1_base0p075,fine_power_base_grid,0.1,0.075,0.6541095890410958,0.6473036223036223,0.6541095890410958,0.6365255731922399,584,30,26,0.6415220283189033,0.6386850186850186,0.6318706862639917,26
V2-S,V2M-two_stage_user_local_reranker-v1,protocol_a_rollv2_cv3,2,2027,V2H-local-real,True,real_eeg,margin_power0p1_base0p1,fine_power_base_grid,0.1,0.1,0.6523972602739726,0.6480616605616606,0.6523972602739726,0.636441798941799,584,30,26,0.6420341810966811,0.6388096625596625,0.6400600793906233,26
V2-S,V2M-two_stage_user_local_reranker-v1,protocol_a_rollv2_cv3,2,2027,V2H-local-real,True,real_eeg,margin_power0p1_base0p15,fine_power_base_grid,0.1,0.15,0.6472602739726028,0.6551714489214489,0.6472602739726028,0.6426036155202822,584,30,26,0.643580560064935,0.6410652773152774,0.6529342345241927,26
V2-S,V2M-two_stage_user_local_reranker-v1,protocol_a_rollv2_cv3,2,2027,V2H-local-real,True,real_eeg,margin_power0p15_base0p0,fine_power_base_grid,0.15,0.0,0.6386986301369864,0.6235093610093612,0.6386986301369864,0.6144620811287478,584,30,26,0.6050869182900434,0.6018482443482444,0.6036190680542144,26
V2-S,V2M-two_stage_user_local_reranker-v1,protocol_a_rollv2_cv3,2,2027,V2H-local-real,True,real_eeg,margin_power0p15_base0p025,fine_power_base_grid,0.15,0.025,0.6472602739726028,0.6345517908017908,0.6472602739726028,0.6220480599647267,584,30,26,0.6163395111832612,0.6144092944092944,0.6113435611343561,26
V2-S,V2M-two_stage_user_local_reranker-v1,protocol_a_rollv2_cv3,2,2027,V2H-local-real,True,real_eeg,margin_power0p15_base0p05,fine_power_base_grid,0.15,0.05,0.6438356164383562,0.6291386853886854,0.6438356164383562,0.6173567019400352,584,30,26,0.6121728445165945,0.610025715025715,0.6169581232342739,26
V2-S,V2M-two_stage_user_local_reranker-v1,protocol_a_rollv2_cv3,2,2027,V2H-local-real,True,real_eeg,margin_power0p15_base0p075,fine_power_base_grid,0.15,0.075,0.648972602739726,0.6405168905168905,0.648972602739726,0.6346252204585539,584,30,26,0.6285427940115439,0.6264155751655752,0.6222865929978901,26
V2-S,V2M-two_stage_user_local_reranker-v1,protocol_a_rollv2_cv3,2,2027,V2H-local-real,True,real_eeg,margin_power0p15_base0p1,fine_power_base_grid,0.15,0.1,0.6506849315068494,0.6419057794057793,0.6506849315068494,0.629347442680776,584,30,26,0.6366780528499278,0.6341175953675953,0.6278296320137324,26
V2-S,V2M-two_stage_user_local_reranker-v1,protocol_a_rollv2_cv3,2,2027,V2H-local-real,True,real_eeg,margin_power0p15_base0p15,fine_power_base_grid,0.15,0.15,0.648972602739726,0.6411426536426538,0.648972602739726,0.6304453262786596,584,30,26,0.6372077922077922,0.6335390072890074,0.6378428637842863,26
V2-S,V2M-two_stage_user_local_reranker-v1,protocol_a_rollv2_cv3,2,2027,V2H-local-real,True,real_eeg,margin_power0p2_base0p0,fine_power_base_grid,0.2,0.0,0.6386986301369864,0.6235093610093612,0.6386986301369864,0.6144620811287478,584,30,26,0.6050869182900434,0.6018482443482444,0.6036190680542144,26
V2-S,V2M-two_stage_user_local_reranker-v1,protocol_a_rollv2_cv3,2,2027,V2H-local-real,True,real_eeg,margin_power0p2_base0p025,fine_power_base_grid,0.2,0.025,0.6472602739726028,0.6323082010582011,0.6472602739726028,0.6201036155202824,584,30,26,0.613833198051948,0.6125542050542051,0.6085899223974538,26
V2-S,V2M-two_stage_user_local_reranker-v1,protocol_a_rollv2_cv3,2,2027,V2H-local-real,True,real_eeg,margin_power0p2_base0p05,fine_power_base_grid,0.2,0.05,0.6455479452054794,0.6284264346764347,0.6455479452054794,0.6167394179894181,584,30,26,0.6137043425324676,0.6113357475857476,0.6136680613668061,26
V2-S,V2M-two_stage_user_local_reranker-v1,protocol_a_rollv2_cv3,2,2027,V2H-local-real,True,real_eeg,margin_power0p2_base0p075,fine_power_base_grid,0.2,0.075,0.6438356164383562,0.6275361212861212,0.6438356164383562,0.6159678130511463,584,30,26,0.6139413104256854,0.6108124283124282,0.617279977112613,26
V2-S,V2M-two_stage_user_local_reranker-v1,protocol_a_rollv2_cv3,2,2027,V2H-local-real,True,real_eeg,margin_power0p2_base0p1,fine_power_base_grid,0.2,0.1,0.6472602739726028,0.6373117623117625,0.6472602739726028,0.631847442680776,584,30,26,0.6211564303751804,0.6194225681725681,0.6212137467367593,26
V2-S,V2M-two_stage_user_local_reranker-v1,protocol_a_rollv2_cv3,2,2027,V2H-local-real,True,real_eeg,margin_power0p2_base0p15,fine_power_base_grid,0.2,0.15,0.6506849315068494,0.6425468050468051,0.6506849315068494,0.6324029982363316,584,30,26,0.6380819354256854,0.6353850778850779,0.628473339770411,26
V2-S,V2M-two_stage_user_local_reranker-v1,protocol_a_rollv2_cv3,2,2027,V2H-local-real,True,real_eeg,margin_power0p25_base0p0,fine_power_base_grid,0.25,0.0,0.6386986301369864,0.6235093610093612,0.6386986301369864,0.6144620811287478,584,30,26,0.6050869182900434,0.6018482443482444,0.6036190680542144,26
V2-S,V2M-two_stage_user_local_reranker-v1,protocol_a_rollv2_cv3,2,2027,V2H-local-real,True,real_eeg,margin_power0p25_base0p025,fine_power_base_grid,0.25,0.025,0.6421232876712328,0.6289962352462353,0.6421232876712328,0.6188205467372134,584,30,26,0.6083320932539682,0.6074939874939875,0.6072309838000215,26
V2-S,V2M-two_stage_user_local_reranker-v1,protocol_a_rollv2_cv3,2,2027,V2H-local-real,True,real_eeg,margin_power0p25_base0p05,fine_power_base_grid,0.25,0.05,0.6455479452054794,0.6332697395197395,0.6455479452054794,0.6209369488536157,584,30,26,0.6149853445165945,0.6131272431272431,0.6114508457604692,26
V2-S,V2M-two_stage_user_local_reranker-v1,protocol_a_rollv2_cv3,2,2027,V2H-local-real,True,real_eeg,margin_power0p25_base0p075,fine_power_base_grid,0.25,0.075,0.6455479452054794,0.6289606227106227,0.6455479452054794,0.6172023809523811,584,30,26,0.6140081619769121,0.6118699356199356,0.6143475306655223,26
V2-S,V2M-two_stage_user_local_reranker-v1,protocol_a_rollv2_cv3,2,2027,V2H-local-real,True,real_eeg,margin_power0p25_base0p1,fine_power_base_grid,0.25,0.1,0.6438356164383562,0.6257554945054946,0.6438356164383562,0.6144246031746031,584,30,26,0.6150461084054835,0.6126254301254301,0.6172799771126131,26
V2-S,V2M-two_stage_user_local_reranker-v1,protocol_a_rollv2_cv3,2,2027,V2H-local-real,True,real_eeg,margin_power0p25_base0p15,fine_power_base_grid,0.25,0.15,0.648972602739726,0.6405168905168905,0.648972602739726,0.6346252204585539,584,30,26,0.6285427940115439,0.6264155751655752,0.6233236777169832,26
V2-S,V2M-two_stage_user_local_reranker-v1,protocol_a_rollv2_cv3,2,2027,V2H-local-real,True,real_eeg,margin_power0p3_base0p0,fine_power_base_grid,0.3,0.0,0.6386986301369864,0.6235093610093612,0.6386986301369864,0.6144620811287478,584,30,26,0.6050869182900434,0.6018482443482444,0.6036190680542144,26
V2-S,V2M-two_stage_user_local_reranker-v1,protocol_a_rollv2_cv3,2,2027,V2H-local-real,True,real_eeg,margin_power0p3_base0p025,fine_power_base_grid,0.3,0.025,0.6386986301369864,0.6250610500610502,0.6386986301369864,0.6154100529100531,584,30,26,0.6049553571428572,0.6035588023088022,0.6060866144548154,26
V2-S,V2M-two_stage_user_local_reranker-v1,protocol_a_rollv2_cv3,2,2027,V2H-local-real,True,real_eeg,margin_power0p3_base0p05,fine_power_base_grid,0.3,0.05,0.6455479452054794,0.6310261497761498,0.6455479452054794,0.6189925044091712,584,30,26,0.6126873647186147,0.6112721537721537,0.6091263455280191,26
V2-S,V2M-two_stage_user_local_reranker-v1,protocol_a_rollv2_cv3,2,2027,V2H-local-real,True,real_eeg,margin_power0p3_base0p075,fine_power_base_grid,0.3,0.075,0.6455479452054794,0.6326465201465201,0.6455479452054794,0.6203968253968256,584,30,26,0.6144335091991342,0.6123895548895548,0.6121303150591852,26
V2-S,V2M-two_stage_user_local_reranker-v1,protocol_a_rollv2_cv3,2,2027,V2H-local-real,True,real_eeg,margin_power0p3_base0p1,fine_power_base_grid,0.3,0.1,0.6455479452054794,0.6289606227106227,0.6455479452054794,0.6172023809523811,584,30,26,0.6140081619769121,0.6118699356199356,0.6148481922540501,26
V2-S,V2M-two_stage_user_local_reranker-v1,protocol_a_rollv2_cv3,2,2027,V2H-local-real,True,real_eeg,margin_power0p3_base0p15,fine_power_base_grid,0.3,0.15,0.6421232876712328,0.6264677452177452,0.6421232876712328,0.6150418871252205,584,30,26,0.6146594291125541,0.6114923039923039,0.6192826234667239,26
V2-S,V2M-two_stage_user_local_reranker-v1,protocol_a_rollv2_cv3,2,2027,V2H-local-real,True,real_eeg,margin_power0p35_base0p0,fine_power_base_grid,0.35,0.0,0.6386986301369864,0.6235093610093612,0.6386986301369864,0.6144620811287478,584,30,26,0.6050869182900434,0.6018482443482444,0.6036190680542144,26
V2-S,V2M-two_stage_user_local_reranker-v1,protocol_a_rollv2_cv3,2,2027,V2H-local-real,True,real_eeg,margin_power0p35_base0p025,fine_power_base_grid,0.35,0.025,0.636986301369863,0.620609483109483,0.636986301369863,0.6041446208112874,584,30,26,0.6033494543650794,0.6012439874939874,0.6054071451560991,26
V2-S,V2M-two_stage_user_local_reranker-v1,protocol_a_rollv2_cv3,2,2027,V2H-local-real,True,real_eeg,margin_power0p35_base0p05,fine_power_base_grid,0.35,0.05,0.6404109589041096,0.628248371998372,0.6404109589041096,0.6171141975308643,584,30,26,0.6083904897186148,0.6074259999259999,0.6080534992668883,26
V2-S,V2M-two_stage_user_local_reranker-v1,protocol_a_rollv2_cv3,2,2027,V2H-local-real,True,real_eeg,margin_power0p35_base0p075,fine_power_base_grid,0.35,0.075,0.6455479452054794,0.6326465201465201,0.6455479452054794,0.6203968253968256,584,30,26,0.6144335091991342,0.6123895548895548,0.6105568072095269,26
V2-S,V2M-two_stage_user_local_reranker-v1,protocol_a_rollv2_cv3,2,2027,V2H-local-real,True,real_eeg,margin_power0p35_base0p1,fine_power_base_grid,0.35,0.1,0.6455479452054794,0.6321123321123321,0.6455479452054794,0.6199338624338625,584,30,26,0.6156921897546898,0.613992118992119,0.6128455458999391,26
V2-S,V2M-two_stage_user_local_reranker-v1,protocol_a_rollv2_cv3,2,2027,V2H-local-real,True,real_eeg,margin_power0p35_base0p15,fine_power_base_grid,0.35,0.15,0.6438356164383562,0.6262896825396826,0.6438356164383562,0.6148875661375662,584,30,26,0.6123030528499279,0.6093134643134643,0.6164932231877839,26
V2-S,V2M-two_stage_user_local_reranker-v1,protocol_a_rollv2_cv3,2,2027,V2H-local-real,True,real_eeg,margin_power0p4_base0p0,fine_power_base_grid,0.4,0.0,0.6386986301369864,0.6235093610093612,0.6386986301369864,0.6144620811287478,584,30,26,0.6050869182900434,0.6018482443482444,0.6036190680542144,26
V2-S,V2M-two_stage_user_local_reranker-v1,protocol_a_rollv2_cv3,2,2027,V2H-local-real,True,real_eeg,margin_power0p4_base0p025,fine_power_base_grid,0.4,0.025,0.6352739726027398,0.6174043549043549,0.6352739726027398,0.6013668430335096,584,30,26,0.601266121031746,0.5980388592888592,0.6052998605299861,26
V2-S,V2M-two_stage_user_local_reranker-v1,protocol_a_rollv2_cv3,2,2027,V2H-local-real,True,real_eeg,margin_power0p4_base0p05,fine_power_base_grid,0.4,0.05,0.6438356164383562,0.6285154660154662,0.6438356164383562,0.6184038800705468,584,30,26,0.6085664682539682,0.6070132182632183,0.6072309838000215,26
V2-S,V2M-two_stage_user_local_reranker-v1,protocol_a_rollv2_cv3,2,2027,V2H-local-real,True,real_eeg,margin_power0p4_base0p075,fine_power_base_grid,0.4,0.075,0.6472602739726028,0.6318274318274318,0.6472602739726028,0.6196869488536156,584,30,26,0.6135244182900432,0.6119589669589669,0.6091621070700568,26
V2-S,V2M-two_stage_user_local_reranker-v1,protocol_a_rollv2_cv3,2,2027,V2H-local-real,True,real_eeg,margin_power0p4_base0p1,fine_power_base_grid,0.4,0.1,0.6455479452054794,0.6326465201465201,0.6455479452054794,0.6203968253968256,584,30,26,0.6144335091991342,0.6123895548895548,0.6111647534241677,26
V2-S,V2M-two_stage_user_local_reranker-v1,protocol_a_rollv2_cv3,2,2027,V2H-local-real,True,real_eeg,margin_power0p4_base0p15,fine_power_base_grid,0.4,0.15,0.6438356164383562,0.6244200244200244,0.6438356164383562,0.6132671957671959,584,30,26,0.6107839556277057,0.6074438061938061,0.6146693845438616,26
V2-S,V2M-two_stage_user_local_reranker-v1,protocol_a_rollv2_cv3,2,2027,V2H-local-real,True,real_eeg,margin_power0p5_base0p0,fine_power_base_grid,0.5,0.0,0.6386986301369864,0.6235093610093612,0.6386986301369864,0.6144620811287478,584,30,26,0.6050869182900434,0.6018482443482444,0.6036190680542144,26
V2-S,V2M-two_stage_user_local_reranker-v1,protocol_a_rollv2_cv3,2,2027,V2H-local-real,True,real_eeg,margin_power0p5_base0p025,fine_power_base_grid,0.5,0.025,0.636986301369863,0.6200371387871388,0.636986301369863,0.6096009700176366,584,30,26,0.6041196563852814,0.6006272431272431,0.6048707220255337,26
V2-S,V2M-two_stage_user_local_reranker-v1,protocol_a_rollv2_cv3,2,2027,V2H-local-real,True,real_eeg,margin_power0p5_base0p05,fine_power_base_grid,0.5,0.05,0.6352739726027398,0.6183836996336998,0.6352739726027398,0.6022156084656085,584,30,26,0.6014397321428572,0.5990182040182039,0.6056932374924007,26
V2-S,V2M-two_stage_user_local_reranker-v1,protocol_a_rollv2_cv3,2,2027,V2H-local-real,True,real_eeg,margin_power0p5_base0p075,fine_power_base_grid,0.5,0.075,0.6404109589041096,0.6262718762718763,0.6404109589041096,0.6164594356261024,584,30,26,0.6061185515873015,0.6047696285196286,0.6072309838000214,26
V2-S,V2M-two_stage_user_local_reranker-v1,protocol_a_rollv2_cv3,2,2027,V2H-local-real,True,real_eeg,margin_power0p5_base0p1,fine_power_base_grid,0.5,0.1,0.6404109589041096,0.6272334147334148,0.6404109589041096,0.6157054673721342,584,30,26,0.6083855294011544,0.6073649498649498,0.60833959160319,26
V2-S,V2M-two_stage_user_local_reranker-v1,protocol_a_rollv2_cv3,2,2027,V2H-local-real,True,real_eeg,margin_power0p5_base0p15,fine_power_base_grid,0.5,0.15,0.6455479452054794,0.6326465201465201,0.6455479452054794,0.6203968253968256,584,30,26,0.6144335091991342,0.6123895548895548,0.6114508457604693,26
V2-S,V2M-two_stage_user_local_reranker-v1,protocol_a_rollv2_cv3,3,2027,V2H-local-real,True,real_eeg,v2n_eeg_base_0p05,reference_score_family,1.0,0.05,0.6407766990291263,0.6645736653673315,0.6407766990291263,0.6477657131228559,618,28,24,0.6610592399053937,0.6753507834757834,0.5646744305280891,24
V2-S,V2M-two_stage_user_local_reranker-v1,protocol_a_rollv2_cv3,3,2027,V2H-local-real,True,real_eeg,sqrt_margin_eeg_base0p05,reference_score_family,0.5,0.05,0.6456310679611651,0.6702023438330199,0.6456310679611651,0.6534656448049306,618,28,24,0.663326630634323,0.6789153863112197,0.5667252618472131,24
V2-S,V2M-two_stage_user_local_reranker-v1,protocol_a_rollv2_cv3,3,2027,V2H-local-real,True,real_eeg,margin_power0p25_base0p05,reference_score_family,0.25,0.05,0.6585760517799353,0.6846488636468641,0.6585760517799353,0.6670157289800148,618,28,24,0.6766964678677966,0.6918688795772129,0.5714494982787666,24
V2-S,V2M-two_stage_user_local_reranker-v1,protocol_a_rollv2_cv3,3,2027,V2H-local-real,True,real_eeg,margin_power0p1_base0p0,fine_power_base_grid,0.1,0.0,0.6359223300970874,0.6471794854731517,0.6359223300970874,0.6328564160707019,618,28,24,0.6521389934851474,0.6566173178673179,0.5633926609536366,24
V2-S,V2M-two_stage_user_local_reranker-v1,protocol_a_rollv2_cv3,3,2027,V2H-local-real,True,real_eeg,margin_power0p1_base0p025,fine_power_base_grid,0.1,0.025,0.6731391585760518,0.7017523270085512,0.6731391585760518,0.6821485624164196,618,28,24,0.6916344339421263,0.7070988078279745,0.5739031714641472,24
V2-S,V2M-two_stage_user_local_reranker-v1,protocol_a_rollv2_cv3,3,2027,V2H-local-real,True,real_eeg,margin_power0p1_base0p05,fine_power_base_grid,0.1,0.05,0.6699029126213593,0.706418831414639,0.6699029126213593,0.6863078621114337,618,28,24,0.6942755573874455,0.710024516378683,0.5823994726433752,24
V2-S,V2M-two_stage_user_local_reranker-v1,protocol_a_rollv2_cv3,3,2027,V2H-local-real,True,real_eeg,margin_power0p1_base0p075,fine_power_base_grid,0.1,0.075,0.656957928802589,0.6918401462109537,0.656957928802589,0.6745558938416082,618,28,24,0.6773425777796408,0.693040077206744,0.5899802241265656,24
V2-S,V2M-two_stage_user_local_reranker-v1,protocol_a_rollv2_cv3,3,2027,V2H-local-real,True,real_eeg,margin_power0p1_base0p1,fine_power_base_grid,0.1,0.1,0.6537216828478964,0.6882244642922531,0.6537216828478964,0.670685815507244,618,28,24,0.6745910363917357,0.6900621330829665,0.5974511096462316,24
V2-S,V2M-two_stage_user_local_reranker-v1,protocol_a_rollv2_cv3,3,2027,V2H-local-real,True,real_eeg,margin_power0p1_base0p15,fine_power_base_grid,0.1,0.15,0.6504854368932039,0.6847556491567715,0.6504854368932039,0.6749404365475795,618,28,24,0.6720159599530229,0.6871196627446627,0.6110744891232696,24
V2-S,V2M-two_stage_user_local_reranker-v1,protocol_a_rollv2_cv3,3,2027,V2H-local-real,True,real_eeg,margin_power0p15_base0p0,fine_power_base_grid,0.15,0.0,0.6359223300970874,0.6471794854731517,0.6359223300970874,0.6328564160707019,618,28,24,0.6521389934851474,0.6566173178673179,0.5633926609536366,24
V2-S,V2M-two_stage_user_local_reranker-v1,protocol_a_rollv2_cv3,3,2027,V2H-local-real,True,real_eeg,margin_power0p15_base0p025,fine_power_base_grid,0.15,0.025,0.656957928802589,0.6832249479548563,0.656957928802589,0.665740218775933,618,28,24,0.6749620911334199,0.6902705550622218,0.5710466564125101,24
V2-S,V2M-two_stage_user_local_reranker-v1,protocol_a_rollv2_cv3,3,2027,V2H-local-real,True,real_eeg,margin_power0p15_base0p05,fine_power_base_grid,0.15,0.05,0.6731391585760518,0.7017523270085513,0.6731391585760518,0.6821485624164196,618,28,24,0.6917509840586763,0.7073765856057522,0.5758441368197467,24
V2-S,V2M-two_stage_user_local_reranker-v1,protocol_a_rollv2_cv3,3,2027,V2H-local-real,True,real_eeg,margin_power0p15_base0p075,fine_power_base_grid,0.15,0.075,0.6699029126213593,0.7049968737426813,0.6699029126213593,0.6850890412497556,618,28,24,0.6933875564994447,0.7086025587067253,0.5816304108987036,24
V2-S,V2M-two_stage_user_local_reranker-v1,protocol_a_rollv2_cv3,3,2027,V2H-local-real,True,real_eeg,margin_power0p15_base0p1,fine_power_base_grid,0.15,0.1,0.6634304207119741,0.6995095601303677,0.6634304207119741,0.6803856295820582,618,28,24,0.6868189987945232,0.7026886577928244,0.5870504650992456,24
V2-S,V2M-two_stage_user_local_reranker-v1,protocol_a_rollv2_cv3,3,2027,V2H-local-real,True,real_eeg,margin_power0p15_base0p15,fine_power_base_grid,0.15,0.15,0.6521035598705501,0.6870339881017772,0.6521035598705501,0.6696654073439786,618,28,24,0.6733922351929346,0.6888716568924903,0.596462315974511,24
V2-S,V2M-two_stage_user_local_reranker-v1,protocol_a_rollv2_cv3,3,2027,V2H-local-real,True,real_eeg,margin_power0p2_base0p0,fine_power_base_grid,0.2,0.0,0.6359223300970874,0.6471794854731517,0.6359223300970874,0.6328564160707019,618,28,24,0.6521389934851474,0.6566173178673179,0.5633926609536366,24
V2-S,V2M-two_stage_user_local_reranker-v1,protocol_a_rollv2_cv3,3,2027,V2H-local-real,True,real_eeg,margin_power0p2_base0p025,fine_power_base_grid,0.2,0.025,0.6440129449838188,0.6697547127603887,0.6440129449838188,0.6538260086474372,618,28,24,0.662227603398932,0.6772524774608107,0.5691789350325935,24
V2-S,V2M-two_stage_user_local_reranker-v1,protocol_a_rollv2_cv3,3,2027,V2H-local-real,True,real_eeg,margin_power0p2_base0p05,fine_power_base_grid,0.2,0.05,0.6731391585760518,0.698928703872428,0.6731391585760518,0.6797283140140283,618,28,24,0.6894947806661094,0.7042751846918515,0.5733904636343661,24
V2-S,V2M-two_stage_user_local_reranker-v1,protocol_a_rollv2_cv3,3,2027,V2H-local-real,True,real_eeg,margin_power0p2_base0p075,fine_power_base_grid,0.2,0.075,0.6715210355987055,0.7008053573115816,0.6715210355987055,0.6813368741047314,618,28,24,0.690558994230323,0.7064296159087825,0.5770160404306746,24
V2-S,V2M-two_stage_user_local_reranker-v1,protocol_a_rollv2_cv3,3,2027,V2H-local-real,True,real_eeg,margin_power0p2_base0p1,fine_power_base_grid,0.2,0.1,0.6699029126213593,0.7049968737426813,0.6699029126213593,0.6850890412497556,618,28,24,0.6933875564994447,0.7086025587067253,0.5808979711418736,24
V2-S,V2M-two_stage_user_local_reranker-v1,protocol_a_rollv2_cv3,3,2027,V2H-local-real,True,real_eeg,margin_power0p2_base0p15,fine_power_base_grid,0.2,0.15,0.6601941747572816,0.6963547982256059,0.6601941747572816,0.677681547949405,618,28,24,0.6840467710222955,0.6995338958880625,0.5881125027466492,24
V2-S,V2M-two_stage_user_local_reranker-v1,protocol_a_rollv2_cv3,3,2027,V2H-local-real,True,real_eeg,margin_power0p25_base0p0,fine_power_base_grid,0.25,0.0,0.6359223300970874,0.6471794854731517,0.6359223300970874,0.6328564160707019,618,28,24,0.6521389934851474,0.6566173178673179,0.5633926609536366,24
V2-S,V2M-two_stage_user_local_reranker-v1,protocol_a_rollv2_cv3,3,2027,V2H-local-real,True,real_eeg,margin_power0p25_base0p025,fine_power_base_grid,0.25,0.025,0.6423948220064725,0.6664158969709151,0.6423948220064725,0.6501156911871198,618,28,24,0.6619362281075567,0.6773219219052553,0.5673478356405185,24
V2-S,V2M-two_stage_user_local_reranker-v1,protocol_a_rollv2_cv3,3,2027,V2H-local-real,True,real_eeg,margin_power0p25_base0p05,fine_power_base_grid,0.25,0.05,0.6585760517799353,0.6846488636468641,0.6585760517799353,0.6670157289800148,618,28,24,0.6766964678677966,0.6918688795772129,0.5714494982787666,24
V2-S,V2M-two_stage_user_local_reranker-v1,protocol_a_rollv2_cv3,3,2027,V2H-local-real,True,real_eeg,margin_power0p25_base0p075,fine_power_base_grid,0.25,0.075,0.6715210355987055,0.698023821717546,0.6715210355987055,0.678952700738415,618,28,24,0.6885111683188606,0.7033703025369692,0.5743792573060866,24
V2-S,V2M-two_stage_user_local_reranker-v1,protocol_a_rollv2_cv3,3,2027,V2H-local-real,True,real_eeg,margin_power0p25_base0p1,fine_power_base_grid,0.25,0.1,0.6715210355987055,0.7008053573115816,0.6715210355987055,0.6813368741047314,618,28,24,0.690558994230323,0.7064296159087825,0.5771991503698821,24
V2-S,V2M-two_stage_user_local_reranker-v1,protocol_a_rollv2_cv3,3,2027,V2H-local-real,True,real_eeg,margin_power0p25_base0p15,fine_power_base_grid,0.25,0.15,0.6650485436893204,0.7009558684516759,0.6650485436893204,0.6816253224288938,618,28,24,0.6888906645025527,0.7044127438919107,0.5827656925217901,24
V2-S,V2M-two_stage_user_local_reranker-v1,protocol_a_rollv2_cv3,3,2027,V2H-local-real,True,real_eeg,margin_power0p3_base0p0,fine_power_base_grid,0.3,0.0,0.6359223300970874,0.6471794854731517,0.6359223300970874,0.6328564160707019,618,28,24,0.6521389934851474,0.6566173178673179,0.5633926609536366,24
V2-S,V2M-two_stage_user_local_reranker-v1,protocol_a_rollv2_cv3,3,2027,V2H-local-real,True,real_eeg,margin_power0p3_base0p025,fine_power_base_grid,0.3,0.025,0.6456310679611651,0.6700661782556777,0.6456310679611651,0.652473581312867,618,28,24,0.6643270191347115,0.6801885344593678,0.5667618838350545,24
V2-S,V2M-two_stage_user_local_reranker-v1,protocol_a_rollv2_cv3,3,2027,V2H-local-real,True,real_eeg,margin_power0p3_base0p05,fine_power_base_grid,0.3,0.05,0.6456310679611651,0.671056796093722,0.6456310679611651,0.6551015188515189,618,28,24,0.663198854370183,0.6780240823990824,0.5698015088258991,24
V2-S,V2M-two_stage_user_local_reranker-v1,protocol_a_rollv2_cv3,3,2027,V2H-local-real,True,real_eeg,margin_power0p3_base0p075,fine_power_base_grid,0.3,0.075,0.6601941747572816,0.6869636784616789,0.6601941747572816,0.6689998559641417,618,28,24,0.6798044709757995,0.6949552993302993,0.5726946458653775,24
V2-S,V2M-two_stage_user_local_reranker-v1,protocol_a_rollv2_cv3,3,2027,V2H-local-real,True,real_eeg,margin_power0p3_base0p1,fine_power_base_grid,0.3,0.1,0.6715210355987055,0.698023821717546,0.6715210355987055,0.678952700738415,618,28,24,0.6885111683188606,0.7033703025369692,0.5746722332088187,24
V2-S,V2M-two_stage_user_local_reranker-v1,protocol_a_rollv2_cv3,3,2027,V2H-local-real,True,real_eeg,margin_power0p3_base0p15,fine_power_base_grid,0.3,0.15,0.6682847896440129,0.6983913361475603,0.6682847896440129,0.6792677131069988,618,28,24,0.6867239403952691,0.7025274995066662,0.5793964696403721,24
V2-S,V2M-two_stage_user_local_reranker-v1,protocol_a_rollv2_cv3,3,2027,V2H-local-real,True,real_eeg,margin_power0p35_base0p0,fine_power_base_grid,0.35,0.0,0.6359223300970874,0.6471794854731517,0.6359223300970874,0.6328564160707019,618,28,24,0.6521389934851474,0.6566173178673179,0.5633926609536366,24
V2-S,V2M-two_stage_user_local_reranker-v1,protocol_a_rollv2_cv3,3,2027,V2H-local-real,True,real_eeg,margin_power0p35_base0p025,fine_power_base_grid,0.35,0.025,0.6440129449838188,0.6669180301075297,0.6440129449838188,0.6497751686144545,618,28,24,0.661957166764859,0.6773181640889975,0.5662125540174321,24
V2-S,V2M-two_stage_user_local_reranker-v1,protocol_a_rollv2_cv3,3,2027,V2H-local-real,True,real_eeg,margin_power0p35_base0p05,fine_power_base_grid,0.35,0.05,0.6407766990291263,0.6661088794270553,0.6407766990291263,0.6499569610283896,618,28,24,0.6594886756600044,0.6748219219052553,0.568922581117703,24
V2-S,V2M-two_stage_user_local_reranker-v1,protocol_a_rollv2_cv3,3,2027,V2H-local-real,True,real_eeg,margin_power0p35_base0p075,fine_power_base_grid,0.35,0.075,0.656957928802589,0.6833365550977134,0.656957928802589,0.6659953208167494,618,28,24,0.6747345409058696,0.6898516838100172,0.5711931443638761,24
V2-S,V2M-two_stage_user_local_reranker-v1,protocol_a_rollv2_cv3,3,2027,V2H-local-real,True,real_eeg,margin_power0p35_base0p1,fine_power_base_grid,0.35,0.1,0.6666666666666666,0.6936933933739596,0.6666666666666666,0.6751364772793343,618,28,24,0.6847467509180796,0.699744761411428,0.5735735735735736,24
V2-S,V2M-two_stage_user_local_reranker-v1,protocol_a_rollv2_cv3,3,2027,V2H-local-real,True,real_eeg,margin_power0p35_base0p15,fine_power_base_grid,0.35,0.15,0.6715210355987055,0.7002642317704559,0.6715210355987055,0.680873052212338,618,28,24,0.69037735768505,0.705888490367657,0.5768695524793086,24
V2-S,V2M-two_stage_user_local_reranker-v1,protocol_a_rollv2_cv3,3,2027,V2H-local-real,True,real_eeg,margin_power0p4_base0p0,fine_power_base_grid,0.4,0.0,0.6359223300970874,0.6471794854731517,0.6359223300970874,0.6328564160707019,618,28,24,0.6521389934851474,0.6566173178673179,0.5633926609536366,24
V2-S,V2M-two_stage_user_local_reranker-v1,protocol_a_rollv2_cv3,3,2027,V2H-local-real,True,real_eeg,margin_power0p4_base0p025,fine_power_base_grid,0.4,0.025,0.6423948220064725,0.6659921041816037,0.6423948220064725,0.6489815178208037,618,28,24,0.6608693656770579,0.6763922381630715,0.5657364681754925,24
V2-S,V2M-two_stage_user_local_reranker-v1,protocol_a_rollv2_cv3,3,2027,V2H-local-real,True,real_eeg,margin_power0p4_base0p05,fine_power_base_grid,0.4,0.05,0.6423948220064725,0.6681867303042485,0.6423948220064725,0.651633548329977,618,28,24,0.6630725917439204,0.6790927552385885,0.5678605434702996,24
V2-S,V2M-two_stage_user_local_reranker-v1,protocol_a_rollv2_cv3,3,2027,V2H-local-real,True,real_eeg,margin_power0p4_base0p075,fine_power_base_grid,0.4,0.075,0.6456310679611651,0.671056796093722,0.6456310679611651,0.6551015188515189,618,28,24,0.663198854370183,0.6780240823990824,0.5701677287043141,24
V2-S,V2M-two_stage_user_local_reranker-v1,protocol_a_rollv2_cv3,3,2027,V2H-local-real,True,real_eeg,margin_power0p4_base0p1,fine_power_base_grid,0.4,0.1,0.6585760517799353,0.6857732022712026,0.6585760517799353,0.6679794478008764,618,28,24,0.6786056697769985,0.6937648231398231,0.571998828096389,24
V2-S,V2M-two_stage_user_local_reranker-v1,protocol_a_rollv2_cv3,3,2027,V2H-local-real,True,real_eeg,margin_power0p4_base0p15,fine_power_base_grid,0.4,0.15,0.6715210355987055,0.698023821717546,0.6715210355987055,0.678952700738415,618,28,24,0.6885111683188606,0.7033703025369692,0.5752215630264411,24
V2-S,V2M-two_stage_user_local_reranker-v1,protocol_a_rollv2_cv3,3,2027,V2H-local-real,True,real_eeg,margin_power0p5_base0p0,fine_power_base_grid,0.5,0.0,0.6359223300970874,0.6471794854731517,0.6359223300970874,0.6328564160707019,618,28,24,0.6521389934851474,0.6566173178673179,0.5633926609536366,24
V2-S,V2M-two_stage_user_local_reranker-v1,protocol_a_rollv2_cv3,3,2027,V2H-local-real,True,real_eeg,margin_power0p5_base0p025,fine_power_base_grid,0.5,0.025,0.6423948220064725,0.6671164428059423,0.6423948220064725,0.6499452366416653,618,28,24,0.6618697541774465,0.6776653863112196,0.5650772723943456,24
V2-S,V2M-two_stage_user_local_reranker-v1,protocol_a_rollv2_cv3,3,2027,V2H-local-real,True,real_eeg,margin_power0p5_base0p05,fine_power_base_grid,0.5,0.05,0.6456310679611651,0.6702023438330199,0.6456310679611651,0.6534656448049306,618,28,24,0.663326630634323,0.6789153863112197,0.5667252618472131,24
V2-S,V2M-two_stage_user_local_reranker-v1,protocol_a_rollv2_cv3,3,2027,V2H-local-real,True,real_eeg,margin_power0p5_base0p075,fine_power_base_grid,0.5,0.075,0.6423948220064725,0.6681867303042485,0.6423948220064725,0.651633548329977,618,28,24,0.6630725917439204,0.6790927552385885,0.5681901413608731,24
V2-S,V2M-two_stage_user_local_reranker-v1,protocol_a_rollv2_cv3,3,2027,V2H-local-real,True,real_eeg,margin_power0p5_base0p1,fine_power_base_grid,0.5,0.1,0.6440129449838188,0.6684526294270553,0.6440129449838188,0.6521253283753284,618,28,24,0.6616837028550316,0.6766351935101934,0.5699846187651065,24
V2-S,V2M-two_stage_user_local_reranker-v1,protocol_a_rollv2_cv3,3,2027,V2H-local-real,True,real_eeg,margin_power0p5_base0p15,fine_power_base_grid,0.5,0.15,0.6601941747572816,0.687075285604536,0.6601941747572816,0.6692549580049579,618,28,24,0.6795769207482495,0.6945364280780947,0.5726580238775362,24
V2-S,V2M-two_stage_user_local_reranker-v1,protocol_a_rollv2_cv3,1,2028,V2H-local-real,True,real_eeg,v2n_eeg_base_0p05,reference_score_family,1.0,0.05,0.725752508361204,0.746160929018072,0.725752508361204,0.7695477908335051,598,35,28,0.7252217268635179,0.7244248179069608,0.578965636931621,28
V2-S,V2M-two_stage_user_local_reranker-v1,protocol_a_rollv2_cv3,1,2028,V2H-local-real,True,real_eeg,sqrt_margin_eeg_base0p05,reference_score_family,0.5,0.05,0.7274247491638796,0.764613309970453,0.7274247491638796,0.7843096955954099,598,35,28,0.7270246171738709,0.7262388768638769,0.5799028115237764,28
V2-S,V2M-two_stage_user_local_reranker-v1,protocol_a_rollv2_cv3,1,2028,V2H-local-real,True,real_eeg,margin_power0p25_base0p05,reference_score_family,0.25,0.05,0.7307692307692307,0.7563990242561672,0.7307692307692307,0.7789287432144575,598,35,28,0.7207250543817708,0.7173710532192678,0.5816383200277682,28
V2-S,V2M-two_stage_user_local_reranker-v1,protocol_a_rollv2_cv3,1,2028,V2H-local-real,True,real_eeg,margin_power0p1_base0p0,fine_power_base_grid,0.1,0.0,0.725752508361204,0.746137308458737,0.725752508361204,0.7695288943860373,598,35,28,0.7242681613577137,0.7235508572115714,0.5783061437001041,28
V2-S,V2M-two_stage_user_local_reranker-v1,protocol_a_rollv2_cv3,1,2028,V2H-local-real,True,real_eeg,margin_power0p1_base0p025,fine_power_base_grid,0.1,0.025,0.7224080267558528,0.7242676139997569,0.7224080267558528,0.7300398543255687,598,35,28,0.7128653270444316,0.7086801905105479,0.5826796251301631,28
V2-S,V2M-two_stage_user_local_reranker-v1,protocol_a_rollv2_cv3,1,2028,V2H-local-real,True,real_eeg,margin_power0p1_base0p05,fine_power_base_grid,0.1,0.05,0.7090301003344481,0.7034687138258567,0.7090301003344481,0.70746361574933,598,35,28,0.6997602894617819,0.6939338538445682,0.5859770912877473,28
V2-S,V2M-two_stage_user_local_reranker-v1,protocol_a_rollv2_cv3,1,2028,V2H-local-real,True,real_eeg,margin_power0p1_base0p075,fine_power_base_grid,0.1,0.075,0.6906354515050167,0.6832098324955467,0.6906354515050167,0.6887168281453996,598,35,28,0.6787626801059636,0.6699798581048579,0.5896910794862895,28
V2-S,V2M-two_stage_user_local_reranker-v1,protocol_a_rollv2_cv3,1,2028,V2H-local-real,True,real_eeg,margin_power0p1_base0p1,fine_power_base_grid,0.1,0.1,0.6806020066889632,0.6789499719856862,0.6806020066889632,0.6853089397375112,598,35,28,0.6759245977902695,0.6673469817219818,0.5923637625824367,28
V2-S,V2M-two_stage_user_local_reranker-v1,protocol_a_rollv2_cv3,1,2028,V2H-local-real,True,real_eeg,margin_power0p1_base0p15,fine_power_base_grid,0.1,0.15,0.6722408026755853,0.6766638454138455,0.6722408026755853,0.6763371813371813,598,35,28,0.6693397729964894,0.6610677995945854,0.5977091287747309,28
V2-S,V2M-two_stage_user_local_reranker-v1,protocol_a_rollv2_cv3,1,2028,V2H-local-real,True,real_eeg,margin_power0p15_base0p0,fine_power_base_grid,0.15,0.0,0.725752508361204,0.746137308458737,0.725752508361204,0.7695288943860373,598,35,28,0.7242681613577137,0.7235508572115714,0.5783061437001041,28
V2-S,V2M-two_stage_user_local_reranker-v1,protocol_a_rollv2_cv3,1,2028,V2H-local-real,True,real_eeg,margin_power0p15_base0p025,fine_power_base_grid,0.15,0.025,0.7307692307692307,0.7563990242561672,0.7307692307692307,0.7789287432144575,598,35,28,0.7219190842325172,0.7187996246478391,0.5812217979868102,28
V2-S,V2M-two_stage_user_local_reranker-v1,protocol_a_rollv2_cv3,1,2028,V2H-local-real,True,real_eeg,margin_power0p15_base0p05,fine_power_base_grid,0.15,0.05,0.717391304347826,0.7195450482057627,0.717391304347826,0.7262618016903731,598,35,28,0.7045709762873942,0.6994933390022676,0.5831655675112808,28
V2-S,V2M-two_stage_user_local_reranker-v1,protocol_a_rollv2_cv3,1,2028,V2H-local-real,True,real_eeg,margin_power0p15_base0p075,fine_power_base_grid,0.15,0.075,0.7107023411371237,0.708974666206809,0.7107023411371237,0.7160350443207586,598,35,28,0.7007801899592944,0.6952880205112348,0.5857341200971885,28
V2-S,V2M-two_stage_user_local_reranker-v1,protocol_a_rollv2_cv3,1,2028,V2H-local-real,True,real_eeg,margin_power0p15_base0p1,fine_power_base_grid,0.15,0.1,0.7006688963210702,0.6920977765620623,0.7006688963210702,0.6958271833986119,598,35,28,0.6892260558678469,0.6810039596646739,0.5879555709822978,28
V2-S,V2M-two_stage_user_local_reranker-v1,protocol_a_rollv2_cv3,1,2028,V2H-local-real,True,real_eeg,margin_power0p15_base0p15,fine_power_base_grid,0.15,0.15,0.6839464882943144,0.6818600248957392,0.6839464882943144,0.6876369820655536,598,35,28,0.6787272511899377,0.6702570346320347,0.5914960083304408,28
V2-S,V2M-two_stage_user_local_reranker-v1,protocol_a_rollv2_cv3,1,2028,V2H-local-real,True,real_eeg,margin_power0p2_base0p0,fine_power_base_grid,0.2,0.0,0.725752508361204,0.746137308458737,0.725752508361204,0.7695288943860373,598,35,28,0.7242681613577137,0.7235508572115714,0.5783061437001041,28
V2-S,V2M-two_stage_user_local_reranker-v1,protocol_a_rollv2_cv3,1,2028,V2H-local-real,True,real_eeg,margin_power0p2_base0p025,fine_power_base_grid,0.2,0.025,0.7324414715719063,0.7629730983302414,0.7324414715719063,0.7841880024737168,598,35,28,0.7242385475221296,0.7209847196454341,0.5806317250954529,28
V2-S,V2M-two_stage_user_local_reranker-v1,protocol_a_rollv2_cv3,1,2028,V2H-local-real,True,real_eeg,margin_power0p2_base0p05,fine_power_base_grid,0.2,0.05,0.7274247491638796,0.7322918813990243,0.7274247491638796,0.7548811241668384,598,35,28,0.7172922185608753,0.712609148457363,0.5825754946199238,28
V2-S,V2M-two_stage_user_local_reranker-v1,protocol_a_rollv2_cv3,1,2028,V2H-local-real,True,real_eeg,margin_power0p2_base0p075,fine_power_base_grid,0.2,0.075,0.717391304347826,0.7195450482057627,0.717391304347826,0.7262618016903731,598,35,28,0.7033045809911481,0.6984110879200165,0.5833391183616801,28
V2-S,V2M-two_stage_user_local_reranker-v1,protocol_a_rollv2_cv3,1,2028,V2H-local-real,True,real_eeg,margin_power0p2_base0p1,fine_power_base_grid,0.2,0.1,0.7107023411371237,0.708974666206809,0.7107023411371237,0.7160350443207586,598,35,28,0.698955977687321,0.6933038935271079,0.58542172856647,28
V2-S,V2M-two_stage_user_local_reranker-v1,protocol_a_rollv2_cv3,1,2028,V2H-local-real,True,real_eeg,margin_power0p2_base0p15,fine_power_base_grid,0.2,0.15,0.7006688963210702,0.6920977765620623,0.7006688963210702,0.6958271833986119,598,35,28,0.6882026017100644,0.6799835515014088,0.5884415133634154,28
V2-S,V2M-two_stage_user_local_reranker-v1,protocol_a_rollv2_cv3,1,2028,V2H-local-real,True,real_eeg,margin_power0p25_base0p0,fine_power_base_grid,0.25,0.0,0.725752508361204,0.746137308458737,0.725752508361204,0.7695288943860373,598,35,28,0.7242681613577137,0.7235508572115714,0.5783061437001041,28
V2-S,V2M-two_stage_user_local_reranker-v1,protocol_a_rollv2_cv3,1,2028,V2H-local-real,True,real_eeg,margin_power0p25_base0p025,fine_power_base_grid,0.25,0.025,0.7274247491638796,0.7639188655260085,0.7274247491638796,0.7849446162303305,598,35,28,0.7253247830113502,0.7240563371813371,0.5803193335647344,28
V2-S,V2M-two_stage_user_local_reranker-v1,protocol_a_rollv2_cv3,1,2028,V2H-local-real,True,real_eeg,margin_power0p25_base0p05,fine_power_base_grid,0.25,0.05,0.7307692307692307,0.7563990242561672,0.7307692307692307,0.7789287432144575,598,35,28,0.7207250543817708,0.7173710532192678,0.5816383200277682,28
V2-S,V2M-two_stage_user_local_reranker-v1,protocol_a_rollv2_cv3,1,2028,V2H-local-real,True,real_eeg,margin_power0p25_base0p075,fine_power_base_grid,0.25,0.075,0.7240802675585284,0.726515366247509,0.7240802675585284,0.7377599120456263,598,35,28,0.7121416725894337,0.7075979394282967,0.5826449149600833,28
V2-S,V2M-two_stage_user_local_reranker-v1,protocol_a_rollv2_cv3,1,2028,V2H-local-real,True,real_eeg,margin_power0p25_base0p1,fine_power_base_grid,0.25,0.1,0.717391304347826,0.7195450482057627,0.717391304347826,0.7262618016903731,598,35,28,0.7045709762873942,0.6994933390022676,0.5831655675112808,28
V2-S,V2M-two_stage_user_local_reranker-v1,protocol_a_rollv2_cv3,1,2028,V2H-local-real,True,real_eeg,margin_power0p25_base0p15,fine_power_base_grid,0.25,0.15,0.7123745819397993,0.7107603804925233,0.7123745819397993,0.71746361574933,598,35,28,0.7018036441170769,0.6963084286745002,0.5863241929885457,28
V2-S,V2M-two_stage_user_local_reranker-v1,protocol_a_rollv2_cv3,1,2028,V2H-local-real,True,real_eeg,margin_power0p3_base0p0,fine_power_base_grid,0.3,0.0,0.725752508361204,0.746137308458737,0.725752508361204,0.7695288943860373,598,35,28,0.7242681613577137,0.7235508572115714,0.5783061437001041,28
V2-S,V2M-two_stage_user_local_reranker-v1,protocol_a_rollv2_cv3,1,2028,V2H-local-real,True,real_eeg,margin_power0p3_base0p025,fine_power_base_grid,0.3,0.025,0.725752508361204,0.7628275956847386,0.725752508361204,0.7828811241668384,598,35,28,0.7260011630160883,0.7252184687006115,0.5799722318639361,28
V2-S,V2M-two_stage_user_local_reranker-v1,protocol_a_rollv2_cv3,1,2028,V2H-local-real,True,real_eeg,margin_power0p3_base0p05,fine_power_base_grid,0.3,0.05,0.7290969899665551,0.7613196591768022,0.7290969899665551,0.7828652511509654,598,35,28,0.7194707199931081,0.7167271138253283,0.5810135369663312,28
V2-S,V2M-two_stage_user_local_reranker-v1,protocol_a_rollv2_cv3,1,2028,V2H-local-real,True,real_eeg,margin_power0p3_base0p075,fine_power_base_grid,0.3,0.075,0.7324414715719063,0.7404268020339451,0.7324414715719063,0.7661509654366797,598,35,28,0.7206835950119533,0.716220259568474,0.5823325234293648,28
V2-S,V2M-two_stage_user_local_reranker-v1,protocol_a_rollv2_cv3,1,2028,V2H-local-real,True,real_eeg,margin_power0p3_base0p1,fine_power_base_grid,0.3,0.1,0.7240802675585284,0.726515366247509,0.7240802675585284,0.7377599120456263,598,35,28,0.7121416725894337,0.7075979394282967,0.5828184658104825,28
V2-S,V2M-two_stage_user_local_reranker-v1,protocol_a_rollv2_cv3,1,2028,V2H-local-real,True,real_eeg,margin_power0p3_base0p15,fine_power_base_grid,0.3,0.15,0.7140468227424749,0.7146981094302524,0.7140468227424749,0.7215905998763142,598,35,28,0.7004119015313045,0.6955199314574315,0.5844845539743145,28
V2-S,V2M-two_stage_user_local_reranker-v1,protocol_a_rollv2_cv3,1,2028,V2H-local-real,True,real_eeg,margin_power0p35_base0p0,fine_power_base_grid,0.35,0.0,0.725752508361204,0.746137308458737,0.725752508361204,0.7695288943860373,598,35,28,0.7242681613577137,0.7235508572115714,0.5783061437001041,28
V2-S,V2M-two_stage_user_local_reranker-v1,protocol_a_rollv2_cv3,1,2028,V2H-local-real,True,real_eeg,margin_power0p35_base0p025,fine_power_base_grid,0.35,0.025,0.725752508361204,0.7628275956847386,0.725752508361204,0.7828811241668384,598,35,28,0.7260011630160883,0.7252184687006115,0.5796251301631379,28
V2-S,V2M-two_stage_user_local_reranker-v1,protocol_a_rollv2_cv3,1,2028,V2H-local-real,True,real_eeg,margin_power0p35_base0p05,fine_power_base_grid,0.35,0.05,0.7307692307692307,0.763330241187384,0.7307692307692307,0.784473716759431,598,35,28,0.7236699618789171,0.7209166924345496,0.5807011454356126,28
V2-S,V2M-two_stage_user_local_reranker-v1,protocol_a_rollv2_cv3,1,2028,V2H-local-real,True,real_eeg,margin_power0p35_base0p075,fine_power_base_grid,0.35,0.075,0.7307692307692307,0.7596728337799767,0.7307692307692307,0.7815477908335051,598,35,28,0.7189505933535786,0.7159821643303789,0.581673030197848,28
V2-S,V2M-two_stage_user_local_reranker-v1,protocol_a_rollv2_cv3,1,2028,V2H-local-real,True,real_eeg,margin_power0p35_base0p1,fine_power_base_grid,0.35,0.1,0.7274247491638796,0.7320934687006116,0.7274247491638796,0.7547223940081084,598,35,28,0.7170766298378238,0.7124107357589501,0.5825754946199238,28
V2-S,V2M-two_stage_user_local_reranker-v1,protocol_a_rollv2_cv3,1,2028,V2H-local-real,True,real_eeg,margin_power0p35_base0p15,fine_power_base_grid,0.35,0.15,0.7207357859531772,0.7216349952957096,0.7207357859531772,0.7279337593623307,598,35,28,0.706594193534492,0.7015832860922148,0.5832002776813606,28
V2-S,V2M-two_stage_user_local_reranker-v1,protocol_a_rollv2_cv3,1,2028,V2H-local-real,True,real_eeg,margin_power0p4_base0p0,fine_power_base_grid,0.4,0.0,0.725752508361204,0.746137308458737,0.725752508361204,0.7695288943860373,598,35,28,0.7242681613577137,0.7235508572115714,0.5783061437001041,28
V2-S,V2M-two_stage_user_local_reranker-v1,protocol_a_rollv2_cv3,1,2028,V2H-local-real,True,real_eeg,margin_power0p4_base0p025,fine_power_base_grid,0.4,0.025,0.7240802675585284,0.7616371194942625,0.7240802675585284,0.7819287432144574,598,35,28,0.7247076306777799,0.7240279925101353,0.5794515793127386,28
V2-S,V2M-two_stage_user_local_reranker-v1,protocol_a_rollv2_cv3,1,2028,V2H-local-real,True,real_eeg,margin_power0p4_base0p05,fine_power_base_grid,0.4,0.05,0.7274247491638796,0.7655061671133101,0.7274247491638796,0.7850239813096955,598,35,28,0.7270032952122504,0.726366427884285,0.5802846233946546,28
V2-S,V2M-two_stage_user_local_reranker-v1,protocol_a_rollv2_cv3,1,2028,V2H-local-real,True,real_eeg,margin_power0p4_base0p075,fine_power_base_grid,0.4,0.075,0.7290969899665551,0.7631053734625164,0.7290969899665551,0.7842938225795368,598,35,28,0.7200961642006418,0.7180876580430153,0.5811870878167303,28
V2-S,V2M-two_stage_user_local_reranker-v1,protocol_a_rollv2_cv3,1,2028,V2H-local-real,True,real_eeg,margin_power0p4_base0p1,fine_power_base_grid,0.4,0.1,0.7307692307692307,0.7596728337799767,0.7307692307692307,0.7815477908335051,598,35,28,0.720774805625552,0.7179662913145057,0.5817424505380077,28
V2-S,V2M-two_stage_user_local_reranker-v1,protocol_a_rollv2_cv3,1,2028,V2H-local-real,True,real_eeg,margin_power0p4_base0p15,fine_power_base_grid,0.4,0.15,0.7240802675585284,0.7283010805332234,0.7240802675585284,0.7391884834741977,598,35,28,0.7127671167969676,0.7089584836459838,0.5830267268309615,28
V2-S,V2M-two_stage_user_local_reranker-v1,protocol_a_rollv2_cv3,1,2028,V2H-local-real,True,real_eeg,margin_power0p5_base0p0,fine_power_base_grid,0.5,0.0,0.725752508361204,0.746137308458737,0.725752508361204,0.7695288943860373,598,35,28,0.7242681613577137,0.7235508572115714,0.5783061437001041,28
V2-S,V2M-two_stage_user_local_reranker-v1,protocol_a_rollv2_cv3,1,2028,V2H-local-real,True,real_eeg,margin_power0p5_base0p025,fine_power_base_grid,0.5,0.025,0.725752508361204,0.7625299766371195,0.725752508361204,0.7826430289287433,598,35,28,0.7256777799315113,0.7249208496529924,0.5791738979521,28
V2-S,V2M-two_stage_user_local_reranker-v1,protocol_a_rollv2_cv3,1,2028,V2H-local-real,True,real_eeg,margin_power0p5_base0p05,fine_power_base_grid,0.5,0.05,0.7274247491638796,0.764613309970453,0.7274247491638796,0.7843096955954099,598,35,28,0.7270246171738709,0.7262388768638769,0.5799028115237764,28
V2-S,V2M-two_stage_user_local_reranker-v1,protocol_a_rollv2_cv3,1,2028,V2H-local-real,True,real_eeg,margin_power0p5_base0p075,fine_power_base_grid,0.5,0.075,0.7290969899665551,0.7684823575895006,0.7290969899665551,0.7885954098811241,598,35,28,0.7283714544162305,0.7278545231223801,0.5805970149253732,28
V2-S,V2M-two_stage_user_local_reranker-v1,protocol_a_rollv2_cv3,1,2028,V2H-local-real,True,real_eeg,margin_power0p5_base0p1,fine_power_base_grid,0.5,0.1,0.7307692307692307,0.7637667491238921,0.7307692307692307,0.7848229231086374,598,35,28,0.7220447545820681,0.7198651051329624,0.5811870878167302,28
V2-S,V2M-two_stage_user_local_reranker-v1,protocol_a_rollv2_cv3,1,2028,V2H-local-real,True,real_eeg,margin_power0p5_base0p15,fine_power_base_grid,0.5,0.15,0.7341137123745819,0.7476688655260084,0.7341137123745819,0.7719446162303305,598,35,28,0.7228560659903944,0.7193551802033947,0.5823325234293648,28
V2-S,V2M-two_stage_user_local_reranker-v1,protocol_a_rollv2_cv3,2,2028,V2H-local-real,True,real_eeg,v2n_eeg_base_0p05,reference_score_family,1.0,0.05,0.6592465753424658,0.6511116198616199,0.6592465753424658,0.6444686948853615,584,30,26,0.6300647095959596,0.6287589725089725,0.5933555054893966,26
V2-S,V2M-two_stage_user_local_reranker-v1,protocol_a_rollv2_cv3,2,2028,V2H-local-real,True,real_eeg,sqrt_margin_eeg_base0p05,reference_score_family,0.5,0.05,0.660958904109589,0.6485169922669924,0.660958904109589,0.6394422398589065,584,30,26,0.6278624413780663,0.6245929995929996,0.5941422594142259,26
V2-S,V2M-two_stage_user_local_reranker-v1,protocol_a_rollv2_cv3,2,2028,V2H-local-real,True,real_eeg,margin_power0p25_base0p05,reference_score_family,0.25,0.05,0.6695205479452054,0.6531135531135531,0.6695205479452054,0.6452777777777778,584,30,26,0.6303597357503608,0.6278277278277279,0.5965382827307514,26
V2-S,V2M-two_stage_user_local_reranker-v1,protocol_a_rollv2_cv3,2,2028,V2H-local-real,True,real_eeg,margin_power0p1_base0p0,fine_power_base_grid,0.1,0.0,0.660958904109589,0.6519307081807082,0.660958904109589,0.6451785714285715,584,30,26,0.630915404040404,0.6295780608280608,0.5925329900225298,26
V2-S,V2M-two_stage_user_local_reranker-v1,protocol_a_rollv2_cv3,2,2028,V2H-local-real,True,real_eeg,margin_power0p1_base0p025,fine_power_base_grid,0.1,0.025,0.6626712328767124,0.6512260887260889,0.6626712328767124,0.6450837742504409,584,30,26,0.6283511453823954,0.6256752506752506,0.5992919214676538,26
V2-S,V2M-two_stage_user_local_reranker-v1,protocol_a_rollv2_cv3,2,2028,V2H-local-real,True,real_eeg,margin_power0p1_base0p05,fine_power_base_grid,0.1,0.05,0.6575342465753424,0.6521062271062271,0.6575342465753424,0.6478174603174603,584,30,26,0.6435458378427129,0.6405892718392718,0.6073025068840969,26
V2-S,V2M-two_stage_user_local_reranker-v1,protocol_a_rollv2_cv3,2,2028,V2H-local-real,True,real_eeg,margin_power0p1_base0p075,fine_power_base_grid,0.1,0.075,0.6541095890410958,0.6484940984940984,0.6541095890410958,0.6382054673721339,584,30,26,0.6457395382395382,0.6431584619084618,0.6129170689840144,26
V2-S,V2M-two_stage_user_local_reranker-v1,protocol_a_rollv2_cv3,2,2028,V2H-local-real,True,real_eeg,margin_power0p1_base0p1,fine_power_base_grid,0.1,0.1,0.6472602739726028,0.6451654826654827,0.6472602739726028,0.6353206669873336,584,30,26,0.640932877886003,0.6383264883264883,0.6172799771126131,26
V2-S,V2M-two_stage_user_local_reranker-v1,protocol_a_rollv2_cv3,2,2028,V2H-local-real,True,real_eeg,margin_power0p1_base0p15,fine_power_base_grid,0.1,0.15,0.6386986301369864,0.6375265937765937,0.6386986301369864,0.6312002966169633,584,30,26,0.6343258477633478,0.630474617974618,0.628008439723921,26
V2-S,V2M-two_stage_user_local_reranker-v1,protocol_a_rollv2_cv3,2,2028,V2H-local-real,True,real_eeg,margin_power0p15_base0p0,fine_power_base_grid,0.15,0.0,0.660958904109589,0.6519307081807082,0.660958904109589,0.6451785714285715,584,30,26,0.630915404040404,0.6295780608280608,0.5925329900225298,26
V2-S,V2M-two_stage_user_local_reranker-v1,protocol_a_rollv2_cv3,2,2028,V2H-local-real,True,real_eeg,margin_power0p15_base0p025,fine_power_base_grid,0.15,0.025,0.6695205479452054,0.6531135531135531,0.6695205479452054,0.6452777777777778,584,30,26,0.6303597357503608,0.6278277278277279,0.5962879519364874,26
V2-S,V2M-two_stage_user_local_reranker-v1,protocol_a_rollv2_cv3,2,2028,V2H-local-real,True,real_eeg,margin_power0p15_base0p05,fine_power_base_grid,0.15,0.05,0.6558219178082192,0.6419922669922671,0.6558219178082192,0.6365520282186949,584,30,26,0.6276508387445887,0.6246318496318496,0.6013303293638022,26
V2-S,V2M-two_stage_user_local_reranker-v1,protocol_a_rollv2_cv3,2,2028,V2H-local-real,True,real_eeg,margin_power0p15_base0p075,fine_power_base_grid,0.15,0.075,0.6575342465753424,0.649702380952381,0.6575342465753424,0.645734126984127,584,30,26,0.6369965277777778,0.634283078033078,0.6061938990809284,26
V2-S,V2M-two_stage_user_local_reranker-v1,protocol_a_rollv2_cv3,2,2028,V2H-local-real,True,real_eeg,margin_power0p15_base0p1,fine_power_base_grid,0.15,0.1,0.6541095890410958,0.6498295685795686,0.6541095890410958,0.645844356261023,584,30,26,0.6401976235569986,0.6379310504310504,0.6106283302936023,26
V2-S,V2M-two_stage_user_local_reranker-v1,protocol_a_rollv2_cv3,2,2028,V2H-local-real,True,real_eeg,margin_power0p15_base0p15,fine_power_base_grid,0.15,0.15,0.6506849315068494,0.6478364228364228,0.6506849315068494,0.6376354818021485,584,30,26,0.6434936417748918,0.6409974284974284,0.6171369309444623,26
V2-S,V2M-two_stage_user_local_reranker-v1,protocol_a_rollv2_cv3,2,2028,V2H-local-real,True,real_eeg,margin_power0p2_base0p0,fine_power_base_grid,0.2,0.0,0.660958904109589,0.6519307081807082,0.660958904109589,0.6451785714285715,584,30,26,0.630915404040404,0.6295780608280608,0.5925329900225298,26
V2-S,V2M-two_stage_user_local_reranker-v1,protocol_a_rollv2_cv3,2,2028,V2H-local-real,True,real_eeg,margin_power0p2_base0p025,fine_power_base_grid,0.2,0.025,0.6763698630136986,0.6605540293040294,0.6763698630136986,0.6517261904761906,584,30,26,0.6387502254689756,0.6369408369408369,0.5953939133855451,26
V2-S,V2M-two_stage_user_local_reranker-v1,protocol_a_rollv2_cv3,2,2028,V2H-local-real,True,real_eeg,margin_power0p2_base0p05,fine_power_base_grid,0.2,0.05,0.6695205479452054,0.6553927553927555,0.6695205479452054,0.6492239858906526,584,30,26,0.6308732413419913,0.628482165982166,0.598326359832636,26
V2-S,V2M-two_stage_user_local_reranker-v1,protocol_a_rollv2_cv3,2,2028,V2H-local-real,True,real_eeg,margin_power0p2_base0p075,fine_power_base_grid,0.2,0.075,0.6541095890410958,0.641190984940985,0.6541095890410958,0.6358575837742504,584,30,26,0.6286603760822511,0.6256932881932881,0.6019382755784429,26
V2-S,V2M-two_stage_user_local_reranker-v1,protocol_a_rollv2_cv3,2,2028,V2H-local-real,True,real_eeg,margin_power0p2_base0p1,fine_power_base_grid,0.2,0.1,0.6523972602739726,0.6438263125763127,0.6523972602739726,0.6406415343915344,584,30,26,0.6315599071067821,0.6286810411810412,0.6053713836140615,26
V2-S,V2M-two_stage_user_local_reranker-v1,protocol_a_rollv2_cv3,2,2028,V2H-local-real,True,real_eeg,margin_power0p2_base0p15,fine_power_base_grid,0.2,0.15,0.6558219178082192,0.6508089133089132,0.6558219178082192,0.6466931216931217,584,30,26,0.6469114132395382,0.6444049006549005,0.6119872688910346,26
V2-S,V2M-two_stage_user_local_reranker-v1,protocol_a_rollv2_cv3,2,2028,V2H-local-real,True,real_eeg,margin_power0p25_base0p0,fine_power_base_grid,0.25,0.0,0.660958904109589,0.6519307081807082,0.660958904109589,0.6451785714285715,584,30,26,0.630915404040404,0.6295780608280608,0.5925329900225298,26
V2-S,V2M-two_stage_user_local_reranker-v1,protocol_a_rollv2_cv3,2,2028,V2H-local-real,True,real_eeg,margin_power0p25_base0p025,fine_power_base_grid,0.25,0.025,0.6746575342465754,0.6597705535205536,0.6746575342465754,0.6510471781305115,584,30,26,0.6362439123376624,0.6344091094091093,0.5948932517970176,26
V2-S,V2M-two_stage_user_local_reranker-v1,protocol_a_rollv2_cv3,2,2028,V2H-local-real,True,real_eeg,margin_power0p25_base0p05,fine_power_base_grid,0.25,0.05,0.6695205479452054,0.6531135531135531,0.6695205479452054,0.6452777777777778,584,30,26,0.6303597357503608,0.6278277278277279,0.5965382827307514,26
V2-S,V2M-two_stage_user_local_reranker-v1,protocol_a_rollv2_cv3,2,2028,V2H-local-real,True,real_eeg,margin_power0p25_base0p075,fine_power_base_grid,0.25,0.075,0.6592465753424658,0.6472196784696785,0.6592465753424658,0.6416115520282186,584,30,26,0.6238209099927852,0.621491933991934,0.5989343060472767,26
V2-S,V2M-two_stage_user_local_reranker-v1,protocol_a_rollv2_cv3,2,2028,V2H-local-real,True,real_eeg,margin_power0p25_base0p1,fine_power_base_grid,0.25,0.1,0.6541095890410958,0.641190984940985,0.6541095890410958,0.6358575837742504,584,30,26,0.6268137851731603,0.6239450364450364,0.6019740371204807,26
V2-S,V2M-two_stage_user_local_reranker-v1,protocol_a_rollv2_cv3,2,2028,V2H-local-real,True,real_eeg,margin_power0p25_base0p15,fine_power_base_grid,0.25,0.15,0.6523972602739726,0.6440934065934066,0.6523972602739726,0.6408730158730159,584,30,26,0.6324268353174604,0.6298569486069486,0.6069448914637199,26
V2-S,V2M-two_stage_user_local_reranker-v1,protocol_a_rollv2_cv3,2,2028,V2H-local-real,True,real_eeg,margin_power0p3_base0p0,fine_power_base_grid,0.3,0.0,0.660958904109589,0.6519307081807082,0.660958904109589,0.6451785714285715,584,30,26,0.630915404040404,0.6295780608280608,0.5925329900225298,26
V2-S,V2M-two_stage_user_local_reranker-v1,protocol_a_rollv2_cv3,2,2028,V2H-local-real,True,real_eeg,margin_power0p3_base0p025,fine_power_base_grid,0.3,0.025,0.6626712328767124,0.6473417785917787,0.6626712328767124,0.6384237213403879,584,30,26,0.6270141143578644,0.6237674362674362,0.5941780209562636,26
V2-S,V2M-two_stage_user_local_reranker-v1,protocol_a_rollv2_cv3,2,2028,V2H-local-real,True,real_eeg,margin_power0p3_base0p05,fine_power_base_grid,0.3,0.05,0.6763698630136986,0.6605540293040294,0.6763698630136986,0.6517261904761905,584,30,26,0.6387502254689755,0.6369408369408369,0.5956442441798091,26
V2-S,V2M-two_stage_user_local_reranker-v1,protocol_a_rollv2_cv3,2,2028,V2H-local-real,True,real_eeg,margin_power0p3_base0p075,fine_power_base_grid,0.3,0.075,0.6678082191780822,0.6510658323158324,0.6678082191780822,0.6435030864197532,584,30,26,0.6284190115440116,0.625665538165538,0.5974680828237313,26
V2-S,V2M-two_stage_user_local_reranker-v1,protocol_a_rollv2_cv3,2,2028,V2H-local-real,True,real_eeg,margin_power0p3_base0p1,fine_power_base_grid,0.3,0.1,0.6575342465753424,0.6464183964183966,0.6575342465753424,0.6409171075837743,584,30,26,0.6229838564213565,0.6208051208051207,0.599256159925616,26
V2-S,V2M-two_stage_user_local_reranker-v1,protocol_a_rollv2_cv3,2,2028,V2H-local-real,True,real_eeg,margin_power0p3_base0p15,fine_power_base_grid,0.3,0.15,0.648972602739726,0.6370955433455433,0.648972602739726,0.6323082010582011,584,30,26,0.6258391955266955,0.6226662226662226,0.6040124450166292,26
V2-S,V2M-two_stage_user_local_reranker-v1,protocol_a_rollv2_cv3,2,2028,V2H-local-real,True,real_eeg,margin_power0p35_base0p0,fine_power_base_grid,0.35,0.0,0.660958904109589,0.6519307081807082,0.660958904109589,0.6451785714285715,584,30,26,0.630915404040404,0.6295780608280608,0.5925329900225298,26
V2-S,V2M-two_stage_user_local_reranker-v1,protocol_a_rollv2_cv3,2,2028,V2H-local-real,True,real_eeg,margin_power0p35_base0p025,fine_power_base_grid,0.35,0.025,0.660958904109589,0.6519892144892145,0.660958904109589,0.6443033509700176,584,30,26,0.6304976100288601,0.6281796906796907,0.5939992132460752,26
V2-S,V2M-two_stage_user_local_reranker-v1,protocol_a_rollv2_cv3,2,2028,V2H-local-real,True,real_eeg,margin_power0p35_base0p05,fine_power_base_grid,0.35,0.05,0.6746575342465754,0.6593075905575906,0.6746575342465754,0.6506459435626102,584,30,26,0.6359487734487735,0.6339461464461464,0.5951435825912813,26
V2-S,V2M-two_stage_user_local_reranker-v1,protocol_a_rollv2_cv3,2,2028,V2H-local-real,True,real_eeg,margin_power0p35_base0p075,fine_power_base_grid,0.35,0.075,0.6712328767123288,0.6564967439967441,0.6712328767123288,0.6482098765432098,584,30,26,0.6350361877705628,0.6329980204980205,0.5963594750205629,26
V2-S,V2M-two_stage_user_local_reranker-v1,protocol_a_rollv2_cv3,2,2028,V2H-local-real,True,real_eeg,margin_power0p35_base0p1,fine_power_base_grid,0.35,0.1,0.6678082191780822,0.6521342083842084,0.6678082191780822,0.6438999118165785,584,30,26,0.6291371302308802,0.6263454138454138,0.5976468905339198,26
V2-S,V2M-two_stage_user_local_reranker-v1,protocol_a_rollv2_cv3,2,2028,V2H-local-real,True,real_eeg,margin_power0p35_base0p15,fine_power_base_grid,0.35,0.15,0.6541095890410958,0.641190984940985,0.6541095890410958,0.6358575837742504,584,30,26,0.6249671942640693,0.6221967846967846,0.6015806601580661,26
V2-S,V2M-two_stage_user_local_reranker-v1,protocol_a_rollv2_cv3,2,2028,V2H-local-real,True,real_eeg,margin_power0p4_base0p0,fine_power_base_grid,0.4,0.0,0.660958904109589,0.6519307081807082,0.660958904109589,0.6451785714285715,584,30,26,0.630915404040404,0.6295780608280608,0.5925329900225298,26
V2-S,V2M-two_stage_user_local_reranker-v1,protocol_a_rollv2_cv3,2,2028,V2H-local-real,True,real_eeg,margin_power0p4_base0p025,fine_power_base_grid,0.4,0.025,0.6575342465753424,0.6442434879934881,0.6575342465753424,0.6366644620811287,584,30,26,0.6262638663419914,0.6229592167092167,0.5936058362836606,26
V2-S,V2M-two_stage_user_local_reranker-v1,protocol_a_rollv2_cv3,2,2028,V2H-local-real,True,real_eeg,margin_power0p4_base0p05,fine_power_base_grid,0.4,0.05,0.6712328767123288,0.6549628612128612,0.6712328767123288,0.6468805114638448,584,30,26,0.6323376623376624,0.629601417101417,0.5948574902549798,26
V2-S,V2M-two_stage_user_local_reranker-v1,protocol_a_rollv2_cv3,2,2028,V2H-local-real,True,real_eeg,margin_power0p4_base0p075,fine_power_base_grid,0.4,0.075,0.6746575342465754,0.6591295278795279,0.6746575342465754,0.650491622574956,584,30,26,0.6373613365800866,0.6355163355163355,0.5957515288059221,26
V2-S,V2M-two_stage_user_local_reranker-v1,protocol_a_rollv2_cv3,2,2028,V2H-local-real,True,real_eeg,margin_power0p4_base0p1,fine_power_base_grid,0.4,0.1,0.6712328767123288,0.6558735246235247,0.6712328767123288,0.6476697530864198,584,30,26,0.6329218524531025,0.63012358012358,0.5967170904409398,26
V2-S,V2M-two_stage_user_local_reranker-v1,protocol_a_rollv2_cv3,2,2028,V2H-local-real,True,real_eeg,margin_power0p4_base0p15,fine_power_base_grid,0.4,0.15,0.6575342465753424,0.6449760887260888,0.6575342465753424,0.6396671075837742,584,30,26,0.6221244814213566,0.6193628131128132,0.5995780138039553,26
V2-S,V2M-two_stage_user_local_reranker-v1,protocol_a_rollv2_cv3,2,2028,V2H-local-real,True,real_eeg,margin_power0p5_base0p0,fine_power_base_grid,0.5,0.0,0.660958904109589,0.6519307081807082,0.660958904109589,0.6451785714285715,584,30,26,0.630915404040404,0.6295780608280608,0.5925329900225298,26
V2-S,V2M-two_stage_user_local_reranker-v1,protocol_a_rollv2_cv3,2,2028,V2H-local-real,True,real_eeg,margin_power0p5_base0p025,fine_power_base_grid,0.5,0.025,0.6575342465753424,0.6450066137566138,0.6575342465753424,0.6373258377425043,584,30,26,0.6266234893578644,0.6237223424723426,0.5931766977792082,26
V2-S,V2M-two_stage_user_local_reranker-v1,protocol_a_rollv2_cv3,2,2028,V2H-local-real,True,real_eeg,margin_power0p5_base0p05,fine_power_base_grid,0.5,0.05,0.660958904109589,0.6485169922669924,0.660958904109589,0.6394422398589065,584,30,26,0.6278624413780663,0.6245929995929996,0.5941422594142259,26
V2-S,V2M-two_stage_user_local_reranker-v1,protocol_a_rollv2_cv3,2,2028,V2H-local-real,True,real_eeg,margin_power0p5_base0p075,fine_power_base_grid,0.5,0.075,0.6695205479452054,0.65353835978836,0.6695205479452054,0.6456459435626102,584,30,26,0.6309487734487734,0.6281769156769156,0.5950005364231306,26
V2-S,V2M-two_stage_user_local_reranker-v1,protocol_a_rollv2_cv3,2,2028,V2H-local-real,True,real_eeg,margin_power0p5_base0p1,fine_power_base_grid,0.5,0.1,0.6746575342465754,0.6593075905575906,0.6746575342465754,0.6506459435626102,584,30,26,0.6377953643578643,0.6356943981943981,0.5957157672638844,26
V2-S,V2M-two_stage_user_local_reranker-v1,protocol_a_rollv2_cv3,2,2028,V2H-local-real,True,real_eeg,margin_power0p5_base0p15,fine_power_base_grid,0.5,0.15,0.6712328767123288,0.6558735246235247,0.6712328767123288,0.6476697530864198,584,30,26,0.6329218524531025,0.63012358012358,0.597146228945392,26
V2-S,V2M-two_stage_user_local_reranker-v1,protocol_a_rollv2_cv3,3,2028,V2H-local-real,True,real_eeg,v2n_eeg_base_0p05,reference_score_family,1.0,0.05,0.6553398058252428,0.650118784097596,0.6553398058252428,0.6563197516768945,618,28,24,0.662528574766337,0.6642833169916503,0.5598769501208526,24
V2-S,V2M-two_stage_user_local_reranker-v1,protocol_a_rollv2_cv3,3,2028,V2H-local-real,True,real_eeg,sqrt_margin_eeg_base0p05,reference_score_family,0.5,0.05,0.6601941747572816,0.6687560110681563,0.6601941747572816,0.6715504700326129,618,28,24,0.6731802094564332,0.6841358217399884,0.5618545374642936,24
V2-S,V2M-two_stage_user_local_reranker-v1,protocol_a_rollv2_cv3,3,2028,V2H-local-real,True,real_eeg,margin_power0p25_base0p05,reference_score_family,0.25,0.05,0.656957928802589,0.672728658790804,0.656957928802589,0.6756996442710729,618,28,24,0.6749415696968144,0.6855043027959694,0.567604189555409,24
V2-S,V2M-two_stage_user_local_reranker-v1,protocol_a_rollv2_cv3,3,2028,V2H-local-real,True,real_eeg,margin_power0p1_base0p0,fine_power_base_grid,0.1,0.0,0.6537216828478964,0.6478039692827813,0.6537216828478964,0.6543356246927675,618,28,24,0.6634221256598879,0.6647462799546133,0.5586318025342415,24
V2-S,V2M-two_stage_user_local_reranker-v1,protocol_a_rollv2_cv3,3,2028,V2H-local-real,True,real_eeg,margin_power0p1_base0p025,fine_power_base_grid,0.1,0.025,0.6618122977346278,0.6791022909456862,0.6618122977346278,0.6813221963221964,618,28,24,0.6804317865506677,0.6913474565557899,0.5718157181571816,24
V2-S,V2M-two_stage_user_local_reranker-v1,protocol_a_rollv2_cv3,3,2028,V2H-local-real,True,real_eeg,margin_power0p1_base0p05,fine_power_base_grid,0.1,0.05,0.656957928802589,0.6808684296964741,0.656957928802589,0.674328898614613,618,28,24,0.6844438875033281,0.695185412581246,0.5830220464366807,24
V2-S,V2M-two_stage_user_local_reranker-v1,protocol_a_rollv2_cv3,3,2028,V2H-local-real,True,real_eeg,margin_power0p1_base0p075,fine_power_base_grid,0.1,0.075,0.6456310679611651,0.6699520507895765,0.6456310679611651,0.6600344133379847,618,28,24,0.6713806492652646,0.6834853649436982,0.5942283747161796,24
V2-S,V2M-two_stage_user_local_reranker-v1,protocol_a_rollv2_cv3,3,2028,V2H-local-real,True,real_eeg,margin_power0p1_base0p1,fine_power_base_grid,0.1,0.1,0.6504854368932039,0.676682592421434,0.6504854368932039,0.6660123044944475,618,28,24,0.6764103417949572,0.6889003781712114,0.6062770087160331,24
V2-S,V2M-two_stage_user_local_reranker-v1,protocol_a_rollv2_cv3,3,2028,V2H-local-real,True,real_eeg,margin_power0p1_base0p15,fine_power_base_grid,0.1,0.15,0.6553398058252428,0.6881249169145841,0.6553398058252428,0.6769042168149311,618,28,24,0.6838431867278021,0.6975236145027811,0.6237823189042702,24
V2-S,V2M-two_stage_user_local_reranker-v1,protocol_a_rollv2_cv3,3,2028,V2H-local-real,True,real_eeg,margin_power0p15_base0p0,fine_power_base_grid,0.15,0.0,0.6537216828478964,0.6478039692827813,0.6537216828478964,0.6543356246927675,618,28,24,0.6634221256598879,0.6647462799546133,0.5586318025342415,24
V2-S,V2M-two_stage_user_local_reranker-v1,protocol_a_rollv2_cv3,3,2028,V2H-local-real,True,real_eeg,margin_power0p15_base0p025,fine_power_base_grid,0.15,0.025,0.656957928802589,0.671011625823771,0.656957928802589,0.6742279017279019,618,28,24,0.672549730766514,0.6837872698289366,0.5662125540174321,24
V2-S,V2M-two_stage_user_local_reranker-v1,protocol_a_rollv2_cv3,3,2028,V2H-local-real,True,real_eeg,margin_power0p15_base0p05,fine_power_base_grid,0.15,0.05,0.656957928802589,0.6741130383001835,0.656957928802589,0.6768862552791125,618,28,24,0.6776012837201648,0.6882775711942378,0.5745989892331357,24
V2-S,V2M-two_stage_user_local_reranker-v1,protocol_a_rollv2_cv3,3,2028,V2H-local-real,True,real_eeg,margin_power0p15_base0p075,fine_power_base_grid,0.15,0.075,0.6601941747572816,0.6828570660601104,0.6601941747572816,0.6760334440691584,618,28,24,0.6868596535554579,0.6971740489448823,0.5820332527649601,24
V2-S,V2M-two_stage_user_local_reranker-v1,protocol_a_rollv2_cv3,3,2028,V2H-local-real,True,real_eeg,margin_power0p15_base0p1,fine_power_base_grid,0.15,0.1,0.6488673139158576,0.6708840683334363,0.6488673139158576,0.6607288577824292,618,28,24,0.673678351562967,0.6851222697056031,0.5888449425034792,24
V2-S,V2M-two_stage_user_local_reranker-v1,protocol_a_rollv2_cv3,3,2028,V2H-local-real,True,real_eeg,margin_power0p15_base0p15,fine_power_base_grid,0.15,0.15,0.6504854368932039,0.676682592421434,0.6504854368932039,0.6660123044944475,618,28,24,0.6764103417949572,0.6889003781712114,0.6037500915549696,24
V2-S,V2M-two_stage_user_local_reranker-v1,protocol_a_rollv2_cv3,3,2028,V2H-local-real,True,real_eeg,margin_power0p2_base0p0,fine_power_base_grid,0.2,0.0,0.6537216828478964,0.6478039692827813,0.6537216828478964,0.6543356246927675,618,28,24,0.6634221256598879,0.6647462799546133,0.5586318025342415,24
V2-S,V2M-two_stage_user_local_reranker-v1,protocol_a_rollv2_cv3,3,2028,V2H-local-real,True,real_eeg,margin_power0p2_base0p025,fine_power_base_grid,0.2,0.025,0.6601941747572816,0.6723799103170557,0.6601941747572816,0.6746566693888122,618,28,24,0.6744133585916803,0.6863708320999988,0.564161722698308,24
V2-S,V2M-two_stage_user_local_reranker-v1,protocol_a_rollv2_cv3,3,2028,V2H-local-real,True,real_eeg,margin_power0p2_base0p05,fine_power_base_grid,0.2,0.05,0.6585760517799353,0.6742433844201131,0.6585760517799353,0.6771574193002764,618,28,24,0.6755311316500128,0.6862107722524389,0.5702409726799971,24
V2-S,V2M-two_stage_user_local_reranker-v1,protocol_a_rollv2_cv3,3,2028,V2H-local-real,True,real_eeg,margin_power0p2_base0p075,fine_power_base_grid,0.2,0.075,0.6553398058252428,0.6742016436519469,0.6553398058252428,0.6770666304594878,618,28,24,0.6766174190999366,0.687661289327956,0.575148319050758,24
V2-S,V2M-two_stage_user_local_reranker-v1,protocol_a_rollv2_cv3,3,2028,V2H-local-real,True,real_eeg,margin_power0p2_base0p1,fine_power_base_grid,0.2,0.1,0.6585760517799353,0.6812036269066711,0.6585760517799353,0.6746162105090677,618,28,24,0.6847714639672683,0.6951485859819194,0.5807514831905076,24
V2-S,V2M-two_stage_user_local_reranker-v1,protocol_a_rollv2_cv3,3,2028,V2H-local-real,True,real_eeg,margin_power0p2_base0p15,fine_power_base_grid,0.2,0.15,0.6488673139158576,0.67203538412291,0.6488673139158576,0.661820127623699,618,28,24,0.6738282017128171,0.6855686982770316,0.5912986156888596,24
V2-S,V2M-two_stage_user_local_reranker-v1,protocol_a_rollv2_cv3,3,2028,V2H-local-real,True,real_eeg,margin_power0p25_base0p0,fine_power_base_grid,0.25,0.0,0.6537216828478964,0.6478039692827813,0.6537216828478964,0.6543356246927675,618,28,24,0.6634221256598879,0.6647462799546133,0.5586318025342415,24
V2-S,V2M-two_stage_user_local_reranker-v1,protocol_a_rollv2_cv3,3,2028,V2H-local-real,True,real_eeg,margin_power0p25_base0p025,fine_power_base_grid,0.25,0.025,0.6618122977346278,0.6710497821119273,0.6618122977346278,0.6735165594987025,618,28,24,0.6733091209489811,0.6850407038948706,0.5628799531238556,24
V2-S,V2M-two_stage_user_local_reranker-v1,protocol_a_rollv2_cv3,3,2028,V2H-local-real,True,real_eeg,margin_power0p25_base0p05,fine_power_base_grid,0.25,0.05,0.656957928802589,0.672728658790804,0.656957928802589,0.6756996442710729,618,28,24,0.6749415696968144,0.6855043027959694,0.567604189555409,24
V2-S,V2M-two_stage_user_local_reranker-v1,protocol_a_rollv2_cv3,3,2028,V2H-local-real,True,real_eeg,margin_power0p25_base0p075,fine_power_base_grid,0.25,0.075,0.656957928802589,0.6735083982960338,0.656957928802589,0.6754926422783567,618,28,24,0.6765953452142264,0.6876933560266894,0.5720354500842306,24
V2-S,V2M-two_stage_user_local_reranker-v1,protocol_a_rollv2_cv3,3,2028,V2H-local-real,True,real_eeg,margin_power0p25_base0p1,fine_power_base_grid,0.25,0.1,0.656957928802589,0.675392119842423,0.656957928802589,0.678087038622753,618,28,24,0.6778162202987378,0.6888517655184323,0.5754046729656486,24
V2-S,V2M-two_stage_user_local_reranker-v1,protocol_a_rollv2_cv3,3,2028,V2H-local-real,True,real_eeg,margin_power0p25_base0p15,fine_power_base_grid,0.25,0.15,0.656957928802589,0.6808684296964741,0.656957928802589,0.674328898614613,618,28,24,0.6830702611297017,0.6936973173431508,0.583864352157035,24
V2-S,V2M-two_stage_user_local_reranker-v1,protocol_a_rollv2_cv3,3,2028,V2H-local-real,True,real_eeg,margin_power0p3_base0p0,fine_power_base_grid,0.3,0.0,0.6537216828478964,0.6478039692827813,0.6537216828478964,0.6543356246927675,618,28,24,0.6634221256598879,0.6647462799546133,0.5586318025342415,24
V2-S,V2M-two_stage_user_local_reranker-v1,protocol_a_rollv2_cv3,3,2028,V2H-local-real,True,real_eeg,margin_power0p3_base0p025,fine_power_base_grid,0.3,0.025,0.6618122977346278,0.6696819369940822,0.6618122977346278,0.6723441208262636,618,28,24,0.6742680105442344,0.6850617476659142,0.5622207573427086,24
V2-S,V2M-two_stage_user_local_reranker-v1,protocol_a_rollv2_cv3,3,2028,V2H-local-real,True,real_eeg,margin_power0p3_base0p05,fine_power_base_grid,0.3,0.05,0.6521035598705501,0.6644169473540926,0.6521035598705501,0.6678312725634153,618,28,24,0.6666433508216725,0.6784078691370358,0.5654434922727606,24
V2-S,V2M-two_stage_user_local_reranker-v1,protocol_a_rollv2_cv3,3,2028,V2H-local-real,True,real_eeg,margin_power0p3_base0p075,fine_power_base_grid,0.3,0.075,0.656957928802589,0.6724566680500633,0.656957928802589,0.6756259481259482,618,28,24,0.6739703187255635,0.6844240558823892,0.5689958250933861,24
V2-S,V2M-two_stage_user_local_reranker-v1,protocol_a_rollv2_cv3,3,2028,V2H-local-real,True,real_eeg,margin_power0p3_base0p1,fine_power_base_grid,0.3,0.1,0.6585760517799353,0.6763451811573263,0.6585760517799353,0.678799520585235,618,28,24,0.6781202092390902,0.689120825162492,0.5726580238775361,24
V2-S,V2M-two_stage_user_local_reranker-v1,protocol_a_rollv2_cv3,3,2028,V2H-local-real,True,real_eeg,margin_power0p3_base0p15,fine_power_base_grid,0.3,0.15,0.6553398058252428,0.6756935043132154,0.6553398058252428,0.6698932482861055,618,28,24,0.6777799318009108,0.688428145928146,0.5780048341023951,24
V2-S,V2M-two_stage_user_local_reranker-v1,protocol_a_rollv2_cv3,3,2028,V2H-local-real,True,real_eeg,margin_power0p35_base0p0,fine_power_base_grid,0.35,0.0,0.6537216828478964,0.6478039692827813,0.6537216828478964,0.6543356246927675,618,28,24,0.6634221256598879,0.6647462799546133,0.5586318025342415,24
V2-S,V2M-two_stage_user_local_reranker-v1,protocol_a_rollv2_cv3,3,2028,V2H-local-real,True,real_eeg,margin_power0p35_base0p025,fine_power_base_grid,0.35,0.025,0.6601941747572816,0.6687560110681563,0.6601941747572816,0.6715504700326129,618,28,24,0.6731802094564332,0.6841358217399884,0.5615249395737201,24
V2-S,V2M-two_stage_user_local_reranker-v1,protocol_a_rollv2_cv3,3,2028,V2H-local-real,True,real_eeg,margin_power0p35_base0p05,fine_power_base_grid,0.35,0.05,0.656957928802589,0.6698799103170555,0.656957928802589,0.6725138122459552,618,28,24,0.6719658061441278,0.6838708320999988,0.564088478722625,24
V2-S,V2M-two_stage_user_local_reranker-v1,protocol_a_rollv2_cv3,3,2028,V2H-local-real,True,real_eeg,margin_power0p35_base0p075,fine_power_base_grid,0.35,0.075,0.6521035598705501,0.6651279261900714,0.6521035598705501,0.6684406829942545,618,28,24,0.6653668495451712,0.6777299590841257,0.5673112136526771,24
V2-S,V2M-two_stage_user_local_reranker-v1,protocol_a_rollv2_cv3,3,2028,V2H-local-real,True,real_eeg,margin_power0p35_base0p1,fine_power_base_grid,0.35,0.1,0.6537216828478964,0.6699971773093226,0.6537216828478964,0.6733583744298031,618,28,24,0.6718335665888113,0.6824950435367102,0.5698381308137406,24
V2-S,V2M-two_stage_user_local_reranker-v1,protocol_a_rollv2_cv3,3,2028,V2H-local-real,True,real_eeg,margin_power0p35_base0p15,fine_power_base_grid,0.35,0.15,0.6585760517799353,0.6763390895393927,0.6585760517799353,0.6788987269344412,618,28,24,0.6774930586119398,0.688409846326513,0.5746722332088186,24
V2-S,V2M-two_stage_user_local_reranker-v1,protocol_a_rollv2_cv3,3,2028,V2H-local-real,True,real_eeg,margin_power0p4_base0p0,fine_power_base_grid,0.4,0.0,0.6537216828478964,0.6478039692827813,0.6537216828478964,0.6543356246927675,618,28,24,0.6634221256598879,0.6647462799546133,0.5586318025342415,24
V2-S,V2M-two_stage_user_local_reranker-v1,protocol_a_rollv2_cv3,3,2028,V2H-local-real,True,real_eeg,margin_power0p4_base0p025,fine_power_base_grid,0.4,0.025,0.656957928802589,0.6629467161963615,0.656957928802589,0.6665710744282173,618,28,24,0.6672294294671918,0.6783265268681934,0.5611587196953051,24
V2-S,V2M-two_stage_user_local_reranker-v1,protocol_a_rollv2_cv3,3,2028,V2H-local-real,True,real_eeg,margin_power0p4_base0p05,fine_power_base_grid,0.4,0.05,0.656957928802589,0.6668599672971126,0.656957928802589,0.6699252896574326,618,28,24,0.6704147930546531,0.6822397779689447,0.563429282941478,24
V2-S,V2M-two_stage_user_local_reranker-v1,protocol_a_rollv2_cv3,3,2028,V2H-local-real,True,real_eeg,margin_power0p4_base0p075,fine_power_base_grid,0.4,0.075,0.6521035598705501,0.6644169473540926,0.6521035598705501,0.6678312725634153,618,28,24,0.6666433508216725,0.6784078691370358,0.5658829561268586,24
V2-S,V2M-two_stage_user_local_reranker-v1,protocol_a_rollv2_cv3,3,2028,V2H-local-real,True,real_eeg,margin_power0p4_base0p1,fine_power_base_grid,0.4,0.1,0.6553398058252428,0.669635137728533,0.6553398058252428,0.6732074935646365,618,28,24,0.6694334026501859,0.6804914144497478,0.5683000073243977,24
V2-S,V2M-two_stage_user_local_reranker-v1,protocol_a_rollv2_cv3,3,2028,V2H-local-real,True,real_eeg,margin_power0p4_base0p15,fine_power_base_grid,0.4,0.15,0.656957928802589,0.6743951638209572,0.656957928802589,0.676357154750012,618,28,24,0.6768284454473266,0.6878752343335677,0.5728045118289021,24
V2-S,V2M-two_stage_user_local_reranker-v1,protocol_a_rollv2_cv3,3,2028,V2H-local-real,True,real_eeg,margin_power0p5_base0p0,fine_power_base_grid,0.5,0.0,0.6537216828478964,0.6478039692827813,0.6537216828478964,0.6543356246927675,618,28,24,0.6634221256598879,0.6647462799546133,0.5586318025342415,24
V2-S,V2M-two_stage_user_local_reranker-v1,protocol_a_rollv2_cv3,3,2028,V2H-local-real,True,real_eeg,margin_power0p5_base0p025,fine_power_base_grid,0.5,0.025,0.656957928802589,0.6516619939741393,0.656957928802589,0.6576425029996458,618,28,24,0.6640825763203385,0.6658265268681935,0.5606826338533656,24
V2-S,V2M-two_stage_user_local_reranker-v1,protocol_a_rollv2_cv3,3,2028,V2H-local-real,True,real_eeg,margin_power0p5_base0p05,fine_power_base_grid,0.5,0.05,0.6601941747572816,0.6687560110681563,0.6601941747572816,0.6715504700326129,618,28,24,0.6731802094564332,0.6841358217399884,0.5618545374642936,24
V2-S,V2M-two_stage_user_local_reranker-v1,protocol_a_rollv2_cv3,3,2028,V2H-local-real,True,real_eeg,margin_power0p5_base0p075,fine_power_base_grid,0.5,0.075,0.6537216828478964,0.6643599672971124,0.6537216828478964,0.6677824325145754,618,28,24,0.6679672406071008,0.6797397779689446,0.5638321248077346,24
V2-S,V2M-two_stage_user_local_reranker-v1,protocol_a_rollv2_cv3,3,2028,V2H-local-real,True,real_eeg,margin_power0p5_base0p1,fine_power_base_grid,0.5,0.1,0.6521035598705501,0.6644169473540926,0.6521035598705501,0.6678312725634153,618,28,24,0.6666433508216725,0.6784078691370358,0.565626602211968,24
V2-S,V2M-two_stage_user_local_reranker-v1,protocol_a_rollv2_cv3,3,2028,V2H-local-real,True,real_eeg,margin_power0p5_base0p15,fine_power_base_grid,0.5,0.15,0.6504854368932039,0.6648608321729775,0.6504854368932039,0.6682117452653167,618,28,24,0.6658300615468448,0.6774628650670317,0.5688493371420201,24
V2-S,V2M-two_stage_user_local_reranker-v1,protocol_a_rollv2_cv3,1,2029,V2H-local-real,True,real_eeg,v2n_eeg_base_0p05,reference_score_family,1.0,0.05,0.7140468227424749,0.7278063371813372,0.7140468227424749,0.7538720538720539,598,35,28,0.7159240593568952,0.7155789613825329,0.5842068726136758,28
V2-S,V2M-two_stage_user_local_reranker-v1,protocol_a_rollv2_cv3,1,2029,V2H-local-real,True,real_eeg,sqrt_margin_eeg_base0p05,reference_score_family,0.5,0.05,0.7090301003344481,0.7380741943241944,0.7090301003344481,0.7614911014911014,598,35,28,0.712492408089423,0.7117807754414898,0.5846581048247136,28
V2-S,V2M-two_stage_user_local_reranker-v1,protocol_a_rollv2_cv3,1,2029,V2H-local-real,True,real_eeg,margin_power0p25_base0p05,reference_score_family,0.25,0.05,0.7090301003344481,0.7133018238375382,0.7090301003344481,0.735171373599945,598,35,28,0.7068192586849305,0.7049214938500654,0.5855952794168692,28
V2-S,V2M-two_stage_user_local_reranker-v1,protocol_a_rollv2_cv3,1,2029,V2H-local-real,True,real_eeg,margin_power0p1_base0p0,fine_power_base_grid,0.1,0.0,0.717391304347826,0.7316908455301314,0.717391304347826,0.7569796605510891,598,35,28,0.7199800779651525,0.7194634697313268,0.5839291912530371,28
V2-S,V2M-two_stage_user_local_reranker-v1,protocol_a_rollv2_cv3,1,2029,V2H-local-real,True,real_eeg,margin_power0p1_base0p025,fine_power_base_grid,0.1,0.025,0.705685618729097,0.702736347647062,0.705685618729097,0.713028516457088,598,35,28,0.7034077448256553,0.7000639258228546,0.5865671641791046,28
V2-S,V2M-two_stage_user_local_reranker-v1,protocol_a_rollv2_cv3,1,2029,V2H-local-real,True,real_eeg,margin_power0p1_base0p05,fine_power_base_grid,0.1,0.05,0.705685618729097,0.6965651114758257,0.705685618729097,0.701186765615337,598,35,28,0.6994240916628975,0.6929585394763966,0.591044776119403,28
V2-S,V2M-two_stage_user_local_reranker-v1,protocol_a_rollv2_cv3,1,2029,V2H-local-real,True,real_eeg,margin_power0p1_base0p075,fine_power_base_grid,0.1,0.075,0.68561872909699,0.6736319104176248,0.68561872909699,0.6778798873084586,598,35,28,0.681520643535569,0.6730778662475091,0.5945505032974662,28
V2-S,V2M-two_stage_user_local_reranker-v1,protocol_a_rollv2_cv3,1,2029,V2H-local-real,True,real_eeg,margin_power0p1_base0p1,fine_power_base_grid,0.1,0.1,0.6822742474916388,0.6657615400472542,0.6822742474916388,0.6715835910121624,598,35,28,0.6710526372466672,0.6614891903731189,0.5980215203054495,28
V2-S,V2M-two_stage_user_local_reranker-v1,protocol_a_rollv2_cv3,1,2029,V2H-local-real,True,real_eeg,margin_power0p1_base0p15,fine_power_base_grid,0.1,0.15,0.6722408026755853,0.6570781500245787,0.6722408026755853,0.6521368789940217,598,35,28,0.6605006353513816,0.6511334647495363,0.6028115237764665,28
V2-S,V2M-two_stage_user_local_reranker-v1,protocol_a_rollv2_cv3,1,2029,V2H-local-real,True,real_eeg,margin_power0p15_base0p0,fine_power_base_grid,0.15,0.0,0.717391304347826,0.7316908455301314,0.717391304347826,0.7569796605510891,598,35,28,0.7199800779651525,0.7194634697313268,0.5839291912530371,28
V2-S,V2M-two_stage_user_local_reranker-v1,protocol_a_rollv2_cv3,1,2029,V2H-local-real,True,real_eeg,margin_power0p15_base0p025,fine_power_base_grid,0.15,0.025,0.7107023411371237,0.7144923000280144,0.7107023411371237,0.7369174053459768,598,35,28,0.7079351080097349,0.7050490448704735,0.5858035404373481,28
V2-S,V2M-two_stage_user_local_reranker-v1,protocol_a_rollv2_cv3,1,2029,V2H-local-real,True,real_eeg,margin_power0p15_base0p05,fine_power_base_grid,0.15,0.05,0.7023411371237458,0.6908977233084377,0.7023411371237458,0.6974465058750774,598,35,28,0.6965857939738538,0.691627886002886,0.5874349184311003,28
V2-S,V2M-two_stage_user_local_reranker-v1,protocol_a_rollv2_cv3,1,2029,V2H-local-real,True,real_eeg,margin_power0p15_base0p075,fine_power_base_grid,0.15,0.075,0.7023411371237458,0.6947793971901115,0.7023411371237458,0.6997581941867655,598,35,28,0.6953361977988843,0.6891886982065554,0.5903505727178062,28
V2-S,V2M-two_stage_user_local_reranker-v1,protocol_a_rollv2_cv3,1,2029,V2H-local-real,True,real_eeg,margin_power0p15_base0p1,fine_power_base_grid,0.15,0.1,0.6956521739130435,0.6841052664266949,0.6956521739130435,0.6862585721157148,598,35,28,0.6878249445413624,0.6797723622277194,0.5922943422422771,28
V2-S,V2M-two_stage_user_local_reranker-v1,protocol_a_rollv2_cv3,1,2029,V2H-local-real,True,real_eeg,margin_power0p15_base0p15,fine_power_base_grid,0.15,0.15,0.6822742474916388,0.6677456670313813,0.6822742474916388,0.6731708925994639,598,35,28,0.6718936701772523,0.6630481472892188,0.5975355779243319,28
V2-S,V2M-two_stage_user_local_reranker-v1,protocol_a_rollv2_cv3,1,2029,V2H-local-real,True,real_eeg,margin_power0p2_base0p0,fine_power_base_grid,0.2,0.0,0.717391304347826,0.7316908455301314,0.717391304347826,0.7569796605510891,598,35,28,0.7199800779651525,0.7194634697313268,0.5839291912530371,28
V2-S,V2M-two_stage_user_local_reranker-v1,protocol_a_rollv2_cv3,1,2029,V2H-local-real,True,real_eeg,margin_power0p2_base0p025,fine_power_base_grid,0.2,0.025,0.7073578595317725,0.7133733396233397,0.7073578595317725,0.7409672919672919,598,35,28,0.7017423703990868,0.6982968288325432,0.5851440472058314,28
V2-S,V2M-two_stage_user_local_reranker-v1,protocol_a_rollv2_cv3,1,2029,V2H-local-real,True,real_eeg,margin_power0p2_base0p05,fine_power_base_grid,0.2,0.05,0.7107023411371237,0.708606056641771,0.7107023411371237,0.7314147598433313,598,35,28,0.7067244944110616,0.7033294681508968,0.5863589031586255,28
V2-S,V2M-two_stage_user_local_reranker-v1,protocol_a_rollv2_cv3,1,2029,V2H-local-real,True,real_eeg,margin_power0p2_base0p075,fine_power_base_grid,0.2,0.075,0.7023411371237458,0.6908977233084377,0.7023411371237458,0.6974465058750774,598,35,28,0.6914862914862915,0.6856755050505051,0.5878861506421381,28
V2-S,V2M-two_stage_user_local_reranker-v1,protocol_a_rollv2_cv3,1,2029,V2H-local-real,True,real_eeg,margin_power0p2_base0p1,fine_power_base_grid,0.2,0.1,0.7023411371237458,0.6932516194123337,0.7023411371237458,0.6985359719645434,598,35,28,0.6937145441623054,0.6872357503607505,0.5896216591461299,28
V2-S,V2M-two_stage_user_local_reranker-v1,protocol_a_rollv2_cv3,1,2029,V2H-local-real,True,real_eeg,margin_power0p2_base0p15,fine_power_base_grid,0.2,0.15,0.6923076923076923,0.6817243140457426,0.6923076923076923,0.684353810210953,598,35,28,0.6854866360836509,0.677391409846767,0.5931620964942729,28
V2-S,V2M-two_stage_user_local_reranker-v1,protocol_a_rollv2_cv3,1,2029,V2H-local-real,True,real_eeg,margin_power0p25_base0p0,fine_power_base_grid,0.25,0.0,0.717391304347826,0.7316908455301314,0.717391304347826,0.7569796605510891,598,35,28,0.7199800779651525,0.7194634697313268,0.5839291912530371,28
V2-S,V2M-two_stage_user_local_reranker-v1,protocol_a_rollv2_cv3,1,2029,V2H-local-real,True,real_eeg,margin_power0p25_base0p025,fine_power_base_grid,0.25,0.025,0.7073578595317725,0.7147011784511786,0.7073578595317725,0.7427926887926888,598,35,28,0.7038522754194396,0.7000149024256169,0.5846928149947935,28
V2-S,V2M-two_stage_user_local_reranker-v1,protocol_a_rollv2_cv3,1,2029,V2H-local-real,True,real_eeg,margin_power0p25_base0p05,fine_power_base_grid,0.25,0.05,0.7090301003344481,0.7133018238375382,0.7090301003344481,0.735171373599945,598,35,28,0.7068192586849305,0.7049214938500654,0.5855952794168692,28
V2-S,V2M-two_stage_user_local_reranker-v1,protocol_a_rollv2_cv3,1,2029,V2H-local-real,True,real_eeg,margin_power0p25_base0p075,fine_power_base_grid,0.25,0.075,0.7107023411371237,0.7065227233084377,0.7107023411371237,0.7285576169861885,598,35,28,0.7064011113264845,0.7027342300556587,0.5868101353696633,28
V2-S,V2M-two_stage_user_local_reranker-v1,protocol_a_rollv2_cv3,1,2029,V2H-local-real,True,real_eeg,margin_power0p25_base0p1,fine_power_base_grid,0.25,0.1,0.7040133779264214,0.6948659772766916,0.7040133779264214,0.7006211090496806,598,35,28,0.6981612500269218,0.6941080447330449,0.587920860812218,28
V2-S,V2M-two_stage_user_local_reranker-v1,protocol_a_rollv2_cv3,1,2029,V2H-local-real,True,real_eeg,margin_power0p25_base0p15,fine_power_base_grid,0.25,0.15,0.6989966555183946,0.688787333698048,0.6989966555183946,0.694170892599464,598,35,28,0.6906797182916586,0.6842595598845599,0.5908018049288442,28
V2-S,V2M-two_stage_user_local_reranker-v1,protocol_a_rollv2_cv3,1,2029,V2H-local-real,True,real_eeg,margin_power0p3_base0p0,fine_power_base_grid,0.3,0.0,0.717391304347826,0.7316908455301314,0.717391304347826,0.7569796605510891,598,35,28,0.7199800779651525,0.7194634697313268,0.5839291912530371,28
V2-S,V2M-two_stage_user_local_reranker-v1,protocol_a_rollv2_cv3,1,2029,V2H-local-real,True,real_eeg,margin_power0p3_base0p025,fine_power_base_grid,0.3,0.025,0.7073578595317725,0.7202170514670516,0.7073578595317725,0.7472053872053872,598,35,28,0.7091341991341992,0.7073164897272041,0.5846233946546338,28
V2-S,V2M-two_stage_user_local_reranker-v1,protocol_a_rollv2_cv3,1,2029,V2H-local-real,True,real_eeg,margin_power0p3_base0p05,fine_power_base_grid,0.3,0.05,0.7073578595317725,0.7133733396233397,0.7073578595317725,0.7409672919672919,598,35,28,0.7017423703990868,0.6982968288325432,0.5853523082263103,28
V2-S,V2M-two_stage_user_local_reranker-v1,protocol_a_rollv2_cv3,1,2029,V2H-local-real,True,real_eeg,margin_power0p3_base0p075,fine_power_base_grid,0.3,0.075,0.7090301003344481,0.7109870090227234,0.7090301003344481,0.7333195217480932,598,35,28,0.7057294695354398,0.7030318491032779,0.5858035404373482,28
V2-S,V2M-two_stage_user_local_reranker-v1,protocol_a_rollv2_cv3,1,2029,V2H-local-real,True,real_eeg,margin_power0p3_base0p1,fine_power_base_grid,0.3,0.1,0.7090301003344481,0.7055306598163743,0.7090301003344481,0.7277639661925377,598,35,28,0.7053231677112275,0.7017421665635952,0.5869489760499826,28
V2-S,V2M-two_stage_user_local_reranker-v1,protocol_a_rollv2_cv3,1,2029,V2H-local-real,True,real_eeg,margin_power0p3_base0p15,fine_power_base_grid,0.3,0.15,0.697324414715719,0.6840524852131996,0.697324414715719,0.6903830138115852,598,35,28,0.6854995584846332,0.6793262987012989,0.5885456438736549,28
V2-S,V2M-two_stage_user_local_reranker-v1,protocol_a_rollv2_cv3,1,2029,V2H-local-real,True,real_eeg,margin_power0p35_base0p0,fine_power_base_grid,0.35,0.0,0.717391304347826,0.7316908455301314,0.717391304347826,0.7569796605510891,598,35,28,0.7199800779651525,0.7194634697313268,0.5839291912530371,28
V2-S,V2M-two_stage_user_local_reranker-v1,protocol_a_rollv2_cv3,1,2029,V2H-local-real,True,real_eeg,margin_power0p35_base0p025,fine_power_base_grid,0.35,0.025,0.7090301003344481,0.7380741943241944,0.7090301003344481,0.7614911014911014,598,35,28,0.712492408089423,0.7117807754414898,0.5844151336341548,28
V2-S,V2M-two_stage_user_local_reranker-v1,protocol_a_rollv2_cv3,1,2029,V2H-local-real,True,real_eeg,margin_power0p35_base0p05,fine_power_base_grid,0.35,0.05,0.705685618729097,0.7119539257039257,0.705685618729097,0.7396180856180856,598,35,28,0.7014664771381189,0.6978165799147943,0.5847622353349531,28
V2-S,V2M-two_stage_user_local_reranker-v1,protocol_a_rollv2_cv3,1,2029,V2H-local-real,True,real_eeg,margin_power0p35_base0p075,fine_power_base_grid,0.35,0.075,0.7090301003344481,0.7125346280703424,0.7090301003344481,0.7345576169861885,598,35,28,0.7046302039585624,0.7021701710987427,0.5855258590767095,28
V2-S,V2M-two_stage_user_local_reranker-v1,protocol_a_rollv2_cv3,1,2029,V2H-local-real,True,real_eeg,margin_power0p35_base0p1,fine_power_base_grid,0.35,0.1,0.7107023411371237,0.7118798661655806,0.7107023411371237,0.7340338074623789,598,35,28,0.7067742456548427,0.703924706246135,0.5862200624783062,28
V2-S,V2M-two_stage_user_local_reranker-v1,protocol_a_rollv2_cv3,1,2029,V2H-local-real,True,real_eeg,margin_power0p35_base0p15,fine_power_base_grid,0.35,0.15,0.7040133779264214,0.6963540725147868,0.7040133779264214,0.7045893630179344,598,35,28,0.7009948095022723,0.6979475237064524,0.5874349184311003,28
V2-S,V2M-two_stage_user_local_reranker-v1,protocol_a_rollv2_cv3,1,2029,V2H-local-real,True,real_eeg,margin_power0p4_base0p0,fine_power_base_grid,0.4,0.0,0.717391304347826,0.7316908455301314,0.717391304347826,0.7569796605510891,598,35,28,0.7199800779651525,0.7194634697313268,0.5839291912530371,28
V2-S,V2M-two_stage_user_local_reranker-v1,protocol_a_rollv2_cv3,1,2029,V2H-local-real,True,real_eeg,margin_power0p4_base0p025,fine_power_base_grid,0.4,0.025,0.7107023411371237,0.7403063371813373,0.7107023411371237,0.7638720538720539,598,35,28,0.7134163597596433,0.7126311155775442,0.5843457132939951,28
V2-S,V2M-two_stage_user_local_reranker-v1,protocol_a_rollv2_cv3,1,2029,V2H-local-real,True,real_eeg,margin_power0p4_base0p05,fine_power_base_grid,0.4,0.05,0.7040133779264214,0.712320226070226,0.7040133779264214,0.7408879268879269,598,35,28,0.7012652107428228,0.6976339500446646,0.5846928149947934,28
V2-S,V2M-two_stage_user_local_reranker-v1,protocol_a_rollv2_cv3,1,2029,V2H-local-real,True,real_eeg,margin_power0p4_base0p075,fine_power_base_grid,0.4,0.075,0.7040133779264214,0.709206672956673,0.7040133779264214,0.7368403078403079,598,35,28,0.6987075445284402,0.6956182574039719,0.5851440472058314,28
V2-S,V2M-two_stage_user_local_reranker-v1,protocol_a_rollv2_cv3,1,2029,V2H-local-real,True,real_eeg,margin_power0p4_base0p1,fine_power_base_grid,0.4,0.1,0.7090301003344481,0.7125346280703424,0.7090301003344481,0.7345576169861885,598,35,28,0.7064544162305357,0.7041542980828697,0.5856994099271087,28
V2-S,V2M-two_stage_user_local_reranker-v1,protocol_a_rollv2_cv3,1,2029,V2H-local-real,True,real_eeg,margin_power0p4_base0p15,fine_power_base_grid,0.4,0.15,0.705685618729097,0.6985862153719297,0.705685618729097,0.7188750773036486,598,35,28,0.7024873468157051,0.6990635951350238,0.586879555709823,28
V2-S,V2M-two_stage_user_local_reranker-v1,protocol_a_rollv2_cv3,1,2029,V2H-local-real,True,real_eeg,margin_power0p5_base0p0,fine_power_base_grid,0.5,0.0,0.717391304347826,0.7316908455301314,0.717391304347826,0.7569796605510891,598,35,28,0.7199800779651525,0.7194634697313268,0.5839291912530371,28
V2-S,V2M-two_stage_user_local_reranker-v1,protocol_a_rollv2_cv3,1,2029,V2H-local-real,True,real_eeg,margin_power0p5_base0p025,fine_power_base_grid,0.5,0.025,0.7123745819397993,0.7417944324194324,0.7123745819397993,0.76506253006253,598,35,28,0.7159785488143696,0.7155477822442108,0.5845192641443944,28
V2-S,V2M-two_stage_user_local_reranker-v1,protocol_a_rollv2_cv3,1,2029,V2H-local-real,True,real_eeg,margin_power0p5_base0p05,fine_power_base_grid,0.5,0.05,0.7090301003344481,0.7380741943241944,0.7090301003344481,0.7614911014911014,598,35,28,0.712492408089423,0.7117807754414898,0.5846581048247136,28
V2-S,V2M-two_stage_user_local_reranker-v1,protocol_a_rollv2_cv3,1,2029,V2H-local-real,True,real_eeg,margin_power0p5_base0p075,fine_power_base_grid,0.5,0.075,0.7040133779264214,0.7148599086099088,0.7040133779264214,0.742919672919673,598,35,28,0.7033879304774827,0.7001736325843471,0.5847622353349531,28
V2-S,V2M-two_stage_user_local_reranker-v1,protocol_a_rollv2_cv3,1,2029,V2H-local-real,True,real_eeg,margin_power0p5_base0p1,fine_power_base_grid,0.5,0.1,0.705685618729097,0.7098680486180486,0.705685618729097,0.7373694083694085,598,35,28,0.7006561349098663,0.6973957044939191,0.5849704963554321,28
V2-S,V2M-two_stage_user_local_reranker-v1,protocol_a_rollv2_cv3,1,2029,V2H-local-real,True,real_eeg,margin_power0p5_base0p15,fine_power_base_grid,0.5,0.15,0.7073578595317725,0.709558437594152,0.7073578595317725,0.7321766646052361,598,35,28,0.7045354396846935,0.7016032776747065,0.5859076709475877,28
V2-S,V2M-two_stage_user_local_reranker-v1,protocol_a_rollv2_cv3,2,2029,V2H-local-real,True,real_eeg,v2n_eeg_base_0p05,reference_score_family,1.0,0.05,0.6643835616438356,0.6338608151108152,0.6643835616438356,0.6164227593394259,584,30,26,0.6077179157647908,0.6071639009139009,0.5975396059078067,26
V2-S,V2M-two_stage_user_local_reranker-v1,protocol_a_rollv2_cv3,2,2029,V2H-local-real,True,real_eeg,sqrt_margin_eeg_base0p05,reference_score_family,0.5,0.05,0.666095890410959,0.6418303918303919,0.666095890410959,0.6233297258297258,584,30,26,0.6120297844516595,0.6116902541902541,0.5991846368415407,26
V2-S,V2M-two_stage_user_local_reranker-v1,protocol_a_rollv2_cv3,2,2029,V2H-local-real,True,real_eeg,margin_power0p25_base0p05,reference_score_family,0.25,0.05,0.672945205479452,0.6505529193029194,0.672945205479452,0.6238786676286676,584,30,26,0.6189495400432901,0.6197183372183372,0.6038693988484783,26
V2-S,V2M-two_stage_user_local_reranker-v1,protocol_a_rollv2_cv3,2,2029,V2H-local-real,True,real_eeg,margin_power0p1_base0p0,fine_power_base_grid,0.1,0.0,0.6626712328767124,0.6329705017205018,0.6626712328767124,0.616180254930255,584,30,26,0.6088724296536796,0.6081111943611943,0.5967528519829775,26
V2-S,V2M-two_stage_user_local_reranker-v1,protocol_a_rollv2_cv3,2,2029,V2H-local-real,True,real_eeg,margin_power0p1_base0p025,fine_power_base_grid,0.1,0.025,0.6695205479452054,0.6484873922373923,0.6695205479452054,0.6220885441718775,584,30,26,0.6195548115079366,0.620469437969438,0.6079104530987376,26
V2-S,V2M-two_stage_user_local_reranker-v1,protocol_a_rollv2_cv3,2,2029,V2H-local-real,True,real_eeg,margin_power0p1_base0p05,fine_power_base_grid,0.1,0.05,0.6643835616438356,0.6438246938246939,0.6643835616438356,0.6259179092512426,584,30,26,0.6263897907647908,0.6251773689273689,0.6179236848692916,26
V2-S,V2M-two_stage_user_local_reranker-v1,protocol_a_rollv2_cv3,2,2029,V2H-local-real,True,real_eeg,margin_power0p1_base0p075,fine_power_base_grid,0.1,0.075,0.6558219178082192,0.6372185684685684,0.6558219178082192,0.6137111191277858,584,30,26,0.6246318091630593,0.6224735912235911,0.6258627472016594,26
V2-S,V2M-two_stage_user_local_reranker-v1,protocol_a_rollv2_cv3,2,2029,V2H-local-real,True,real_eeg,margin_power0p1_base0p1,fine_power_base_grid,0.1,0.1,0.6558219178082192,0.6376611814111814,0.6558219178082192,0.6129836059002726,584,30,26,0.6260765016233766,0.6237709050209049,0.6338375710760648,26
V2-S,V2M-two_stage_user_local_reranker-v1,protocol_a_rollv2_cv3,2,2029,V2H-local-real,True,real_eeg,margin_power0p1_base0p15,fine_power_base_grid,0.1,0.15,0.6575342465753424,0.6414310226810227,0.6575342465753424,0.62794392336059,584,30,26,0.6307801226551226,0.6295852295852296,0.6459607338268427,26
V2-S,V2M-two_stage_user_local_reranker-v1,protocol_a_rollv2_cv3,2,2029,V2H-local-real,True,real_eeg,margin_power0p15_base0p0,fine_power_base_grid,0.15,0.0,0.6626712328767124,0.6329705017205018,0.6626712328767124,0.616180254930255,584,30,26,0.6088724296536796,0.6081111943611943,0.5967528519829775,26
V2-S,V2M-two_stage_user_local_reranker-v1,protocol_a_rollv2_cv3,2,2029,V2H-local-real,True,real_eeg,margin_power0p15_base0p025,fine_power_base_grid,0.15,0.025,0.672945205479452,0.6505529193029194,0.672945205479452,0.6238786676286676,584,30,26,0.6189495400432901,0.6197183372183372,0.6039766834745914,26
V2-S,V2M-two_stage_user_local_reranker-v1,protocol_a_rollv2_cv3,2,2029,V2H-local-real,True,real_eeg,margin_power0p15_base0p05,fine_power_base_grid,0.15,0.05,0.6746575342465754,0.6555386742886744,0.6746575342465754,0.6379218775052109,584,30,26,0.6233284857503608,0.6246535871535871,0.6106640918356399,26
V2-S,V2M-two_stage_user_local_reranker-v1,protocol_a_rollv2_cv3,2,2029,V2H-local-real,True,real_eeg,margin_power0p15_base0p075,fine_power_base_grid,0.15,0.075,0.6643835616438356,0.6441604691604692,0.6643835616438356,0.6262089145422479,584,30,26,0.6260896915584416,0.6255131442631442,0.6166362693559346,26
V2-S,V2M-two_stage_user_local_reranker-v1,protocol_a_rollv2_cv3,2,2029,V2H-local-real,True,real_eeg,margin_power0p15_base0p1,fine_power_base_grid,0.15,0.1,0.660958904109589,0.6416904854404855,0.660958904109589,0.6240682619849287,584,30,26,0.6283370535714285,0.6262656325156324,0.6221793083717768,26
V2-S,V2M-two_stage_user_local_reranker-v1,protocol_a_rollv2_cv3,2,2029,V2H-local-real,True,real_eeg,margin_power0p15_base0p15,fine_power_base_grid,0.15,0.15,0.6575342465753424,0.6394926832426833,0.6575342465753424,0.6145709074875741,584,30,26,0.6275645968614718,0.6256024068524068,0.6326216786467833,26
V2-S,V2M-two_stage_user_local_reranker-v1,protocol_a_rollv2_cv3,2,2029,V2H-local-real,True,real_eeg,margin_power0p2_base0p0,fine_power_base_grid,0.2,0.0,0.6626712328767124,0.6329705017205018,0.6626712328767124,0.616180254930255,584,30,26,0.6088724296536796,0.6081111943611943,0.5967528519829775,26
V2-S,V2M-two_stage_user_local_reranker-v1,protocol_a_rollv2_cv3,2,2029,V2H-local-real,True,real_eeg,margin_power0p2_base0p025,fine_power_base_grid,0.2,0.025,0.6763698630136986,0.6565358252858253,0.6763698630136986,0.6295929533429533,584,30,26,0.6225756448412698,0.6234819347319346,0.6015091370739907,26
V2-S,V2M-two_stage_user_local_reranker-v1,protocol_a_rollv2_cv3,2,2029,V2H-local-real,True,real_eeg,margin_power0p2_base0p05,fine_power_base_grid,0.2,0.05,0.672945205479452,0.65007215007215,0.672945205479452,0.6331842231842232,584,30,26,0.6198499503968254,0.6206439393939394,0.6062654221650037,26
V2-S,V2M-two_stage_user_local_reranker-v1,protocol_a_rollv2_cv3,2,2029,V2H-local-real,True,real_eeg,margin_power0p2_base0p075,fine_power_base_grid,0.2,0.075,0.6746575342465754,0.6555386742886744,0.6746575342465754,0.6379218775052109,584,30,26,0.6241655393217893,0.6253404003404003,0.6113793226763937,26
V2-S,V2M-two_stage_user_local_reranker-v1,protocol_a_rollv2_cv3,2,2029,V2H-local-real,True,real_eeg,margin_power0p2_base0p1,fine_power_base_grid,0.2,0.1,0.666095890410959,0.6469916657416659,0.666095890410959,0.6305144700978035,584,30,26,0.6233837256493507,0.6223225848225848,0.6155276615527662,26
V2-S,V2M-two_stage_user_local_reranker-v1,protocol_a_rollv2_cv3,2,2029,V2H-local-real,True,real_eeg,margin_power0p2_base0p15,fine_power_base_grid,0.2,0.15,0.660958904109589,0.6416904854404855,0.660958904109589,0.6240682619849287,584,30,26,0.6301836444805196,0.6280138842638843,0.6231448700067946,26
V2-S,V2M-two_stage_user_local_reranker-v1,protocol_a_rollv2_cv3,2,2029,V2H-local-real,True,real_eeg,margin_power0p25_base0p0,fine_power_base_grid,0.25,0.0,0.6626712328767124,0.6329705017205018,0.6626712328767124,0.616180254930255,584,30,26,0.6088724296536796,0.6081111943611943,0.5967528519829775,26
V2-S,V2M-two_stage_user_local_reranker-v1,protocol_a_rollv2_cv3,2,2029,V2H-local-real,True,real_eeg,margin_power0p25_base0p025,fine_power_base_grid,0.25,0.025,0.672945205479452,0.6525675713175715,0.672945205479452,0.6326352813852814,584,30,26,0.6181124864718615,0.618833805083805,0.6001144369345206,26
V2-S,V2M-two_stage_user_local_reranker-v1,protocol_a_rollv2_cv3,2,2029,V2H-local-real,True,real_eeg,margin_power0p25_base0p05,fine_power_base_grid,0.25,0.05,0.672945205479452,0.6505529193029194,0.672945205479452,0.6238786676286676,584,30,26,0.6189495400432901,0.6197183372183372,0.6038693988484783,26
V2-S,V2M-two_stage_user_local_reranker-v1,protocol_a_rollv2_cv3,2,2029,V2H-local-real,True,real_eeg,margin_power0p25_base0p075,fine_power_base_grid,0.25,0.075,0.6712328767123288,0.6491106116106116,0.6712328767123288,0.6323508898508899,584,30,26,0.6187562003968254,0.6196824009324009,0.6073382684261346,26
V2-S,V2M-two_stage_user_local_reranker-v1,protocol_a_rollv2_cv3,2,2029,V2H-local-real,True,real_eeg,margin_power0p25_base0p1,fine_power_base_grid,0.25,0.1,0.6746575342465754,0.6550757113257113,0.6746575342465754,0.6375206429373096,584,30,26,0.6238704004329004,0.6248774373774373,0.6110932303400922,26
V2-S,V2M-two_stage_user_local_reranker-v1,protocol_a_rollv2_cv3,2,2029,V2H-local-real,True,real_eeg,margin_power0p25_base0p15,fine_power_base_grid,0.25,0.15,0.6626712328767124,0.6433591871091872,0.6626712328767124,0.6255144700978035,584,30,26,0.625252637987013,0.6248263310763311,0.6173157386546508,26
V2-S,V2M-two_stage_user_local_reranker-v1,protocol_a_rollv2_cv3,2,2029,V2H-local-real,True,real_eeg,margin_power0p3_base0p0,fine_power_base_grid,0.3,0.0,0.6626712328767124,0.6329705017205018,0.6626712328767124,0.616180254930255,584,30,26,0.6088724296536796,0.6081111943611943,0.5967528519829775,26
V2-S,V2M-two_stage_user_local_reranker-v1,protocol_a_rollv2_cv3,2,2029,V2H-local-real,True,real_eeg,margin_power0p3_base0p025,fine_power_base_grid,0.3,0.025,0.672945205479452,0.6512677137677139,0.672945205479452,0.6315087381754048,584,30,26,0.6191715142496392,0.6196706996706995,0.5995064907198798,26
V2-S,V2M-two_stage_user_local_reranker-v1,protocol_a_rollv2_cv3,2,2029,V2H-local-real,True,real_eeg,margin_power0p3_base0p05,fine_power_base_grid,0.3,0.05,0.6746575342465754,0.6543990731490731,0.6746575342465754,0.6272120009620009,584,30,26,0.622358630952381,0.6232148407148407,0.602403175624933,26
V2-S,V2M-two_stage_user_local_reranker-v1,protocol_a_rollv2_cv3,2,2029,V2H-local-real,True,real_eeg,margin_power0p3_base0p075,fine_power_base_grid,0.3,0.075,0.6643835616438356,0.6413648851148851,0.6643835616438356,0.6251088263588264,584,30,26,0.6124193948412697,0.6130050505050504,0.6049064835675715,26
V2-S,V2M-two_stage_user_local_reranker-v1,protocol_a_rollv2_cv3,2,2029,V2H-local-real,True,real_eeg,margin_power0p3_base0p1,fine_power_base_grid,0.3,0.1,0.672945205479452,0.6507131757131758,0.672945205479452,0.6337397787397788,584,30,26,0.6210255456349206,0.6219717782217782,0.6078746915566999,26
V2-S,V2M-two_stage_user_local_reranker-v1,protocol_a_rollv2_cv3,2,2029,V2H-local-real,True,real_eeg,margin_power0p3_base0p15,fine_power_base_grid,0.3,0.15,0.6695205479452054,0.6494845432345433,0.6695205479452054,0.6326749639249639,584,30,26,0.6223341675685427,0.6231643356643356,0.613346207488467,26
V2-S,V2M-two_stage_user_local_reranker-v1,protocol_a_rollv2_cv3,2,2029,V2H-local-real,True,real_eeg,margin_power0p35_base0p0,fine_power_base_grid,0.35,0.0,0.6626712328767124,0.6329705017205018,0.6626712328767124,0.616180254930255,584,30,26,0.6088724296536796,0.6081111943611943,0.5967528519829775,26
V2-S,V2M-two_stage_user_local_reranker-v1,protocol_a_rollv2_cv3,2,2029,V2H-local-real,True,real_eeg,margin_power0p35_base0p025,fine_power_base_grid,0.35,0.025,0.6678082191780822,0.6432548932548934,0.6678082191780822,0.6245642937309605,584,30,26,0.6134186733405483,0.6131147556147556,0.5990415906733898,26
V2-S,V2M-two_stage_user_local_reranker-v1,protocol_a_rollv2_cv3,2,2029,V2H-local-real,True,real_eeg,margin_power0p35_base0p05,fine_power_base_grid,0.35,0.05,0.6746575342465754,0.6557726995226996,0.6746575342465754,0.6354130591630592,584,30,26,0.6219990079365079,0.6224517149517149,0.6012230447376891,26
V2-S,V2M-two_stage_user_local_reranker-v1,protocol_a_rollv2_cv3,2,2029,V2H-local-real,True,real_eeg,margin_power0p35_base0p075,fine_power_base_grid,0.35,0.075,0.6763698630136986,0.6560016372516373,0.6763698630136986,0.638323112073112,584,30,26,0.6225148809523808,0.6234071484071483,0.6033329757179129,26
V2-S,V2M-two_stage_user_local_reranker-v1,protocol_a_rollv2_cv3,2,2029,V2H-local-real,True,real_eeg,margin_power0p35_base0p1,fine_power_base_grid,0.35,0.1,0.666095890410959,0.6429674492174493,0.666095890410959,0.6264977152477154,584,30,26,0.6142423115079365,0.6146076146076145,0.6051568143618353,26
V2-S,V2M-two_stage_user_local_reranker-v1,protocol_a_rollv2_cv3,2,2029,V2H-local-real,True,real_eeg,margin_power0p35_base0p15,fine_power_base_grid,0.35,0.15,0.6695205479452054,0.6478641728641729,0.6695205479452054,0.6312706429373096,584,30,26,0.6178013392857143,0.6184359621859622,0.6099846225369238,26
V2-S,V2M-two_stage_user_local_reranker-v1,protocol_a_rollv2_cv3,2,2029,V2H-local-real,True,real_eeg,margin_power0p4_base0p0,fine_power_base_grid,0.4,0.0,0.6626712328767124,0.6329705017205018,0.6626712328767124,0.616180254930255,584,30,26,0.6088724296536796,0.6081111943611943,0.5967528519829775,26
V2-S,V2M-two_stage_user_local_reranker-v1,protocol_a_rollv2_cv3,2,2029,V2H-local-real,True,real_eeg,margin_power0p4_base0p025,fine_power_base_grid,0.4,0.025,0.6678082191780822,0.6432548932548934,0.6678082191780822,0.6245642937309605,584,30,26,0.6134186733405483,0.6131147556147556,0.5983978829167114,26
V2-S,V2M-two_stage_user_local_reranker-v1,protocol_a_rollv2_cv3,2,2029,V2H-local-real,True,real_eeg,margin_power0p4_base0p05,fine_power_base_grid,0.4,0.05,0.6712328767123288,0.6501637251637253,0.6712328767123288,0.630551948051948,584,30,26,0.618980542027417,0.6193679931179931,0.600185960018596,26
V2-S,V2M-two_stage_user_local_reranker-v1,protocol_a_rollv2_cv3,2,2029,V2H-local-real,True,real_eeg,margin_power0p4_base0p075,fine_power_base_grid,0.4,0.075,0.678082191780822,0.6581383893883893,0.678082191780822,0.6407040644540645,584,30,26,0.6236433531746032,0.6244755244755245,0.6021886063727068,26
V2-S,V2M-two_stage_user_local_reranker-v1,protocol_a_rollv2_cv3,2,2029,V2H-local-real,True,real_eeg,margin_power0p4_base0p1,fine_power_base_grid,0.4,0.1,0.6763698630136986,0.6560016372516373,0.6763698630136986,0.638323112073112,584,30,26,0.6225148809523808,0.6234071484071483,0.6037621142223653,26
V2-S,V2M-two_stage_user_local_reranker-v1,protocol_a_rollv2_cv3,2,2029,V2H-local-real,True,real_eeg,margin_power0p4_base0p15,fine_power_base_grid,0.4,0.15,0.672945205479452,0.65007215007215,0.672945205479452,0.6331842231842232,584,30,26,0.6206870039682539,0.6213307525807525,0.6074097915102099,26
V2-S,V2M-two_stage_user_local_reranker-v1,protocol_a_rollv2_cv3,2,2029,V2H-local-real,True,real_eeg,margin_power0p5_base0p0,fine_power_base_grid,0.5,0.0,0.6626712328767124,0.6329705017205018,0.6626712328767124,0.616180254930255,584,30,26,0.6088724296536796,0.6081111943611943,0.5967528519829775,26
V2-S,V2M-two_stage_user_local_reranker-v1,protocol_a_rollv2_cv3,2,2029,V2H-local-real,True,real_eeg,margin_power0p5_base0p025,fine_power_base_grid,0.5,0.025,0.6695205479452054,0.642898767898768,0.6695205479452054,0.6242556517556518,584,30,26,0.6143498602092352,0.6142155067155067,0.5980402674963344,26
V2-S,V2M-two_stage_user_local_reranker-v1,protocol_a_rollv2_cv3,2,2029,V2H-local-real,True,real_eeg,margin_power0p5_base0p05,fine_power_base_grid,0.5,0.05,0.666095890410959,0.6418303918303919,0.666095890410959,0.6233297258297258,584,30,26,0.6120297844516595,0.6116902541902541,0.5991846368415407,26
V2-S,V2M-two_stage_user_local_reranker-v1,protocol_a_rollv2_cv3,2,2029,V2H-local-real,True,real_eeg,margin_power0p5_base0p075,fine_power_base_grid,0.5,0.075,0.6712328767123288,0.6501637251637253,0.6712328767123288,0.630551948051948,584,30,26,0.618043042027417,0.6185987623487623,0.6004720523548975,26
V2-S,V2M-two_stage_user_local_reranker-v1,protocol_a_rollv2_cv3,2,2029,V2H-local-real,True,real_eeg,margin_power0p5_base0p1,fine_power_base_grid,0.5,0.1,0.678082191780822,0.6592067654567656,0.678082191780822,0.6481114718614719,584,30,26,0.6236433531746032,0.6244755244755245,0.6018309909523298,26
V2-S,V2M-two_stage_user_local_reranker-v1,protocol_a_rollv2_cv3,2,2029,V2H-local-real,True,real_eeg,margin_power0p5_base0p15,fine_power_base_grid,0.5,0.15,0.6746575342465754,0.6538648851148852,0.6746575342465754,0.6359421596921596,584,30,26,0.6222234623015873,0.6230255855255855,0.6039409219325538,26
V2-S,V2M-two_stage_user_local_reranker-v1,protocol_a_rollv2_cv3,3,2029,V2H-local-real,True,real_eeg,v2n_eeg_base_0p05,reference_score_family,1.0,0.05,0.686084142394822,0.7058344586318013,0.686084142394822,0.7028637500066072,618,28,24,0.7007453987349092,0.7110526818860152,0.5940452647769721,24
V2-S,V2M-two_stage_user_local_reranker-v1,protocol_a_rollv2_cv3,3,2029,V2H-local-real,True,real_eeg,sqrt_margin_eeg_base0p05,reference_score_family,0.5,0.05,0.6844660194174758,0.7023333012243939,0.6844660194174758,0.6992781490995776,618,28,24,0.6964913194808299,0.7068474349724351,0.5953636563392661,24
V2-S,V2M-two_stage_user_local_reranker-v1,protocol_a_rollv2_cv3,3,2029,V2H-local-real,True,real_eeg,margin_power0p25_base0p05,reference_score_family,0.25,0.05,0.6828478964401294,0.7021842873281212,0.6828478964401294,0.699095411863269,618,28,24,0.7009259000517741,0.7112837124295458,0.5980370614516956,24
V2-S,V2M-two_stage_user_local_reranker-v1,protocol_a_rollv2_cv3,3,2029,V2H-local-real,True,real_eeg,margin_power0p1_base0p0,fine_power_base_grid,0.1,0.0,0.6779935275080906,0.6833061381868141,0.6779935275080906,0.6835537610537611,618,28,24,0.6886174625685115,0.6900620598537266,0.5928001171903611,24
V2-S,V2M-two_stage_user_local_reranker-v1,protocol_a_rollv2_cv3,3,2029,V2H-local-real,True,real_eeg,margin_power0p1_base0p025,fine_power_base_grid,0.1,0.025,0.6812297734627831,0.6993529191349109,0.6812297734627831,0.6960289049574763,618,28,24,0.6982465087360192,0.7085631536673205,0.5998681608437706,24
V2-S,V2M-two_stage_user_local_reranker-v1,protocol_a_rollv2_cv3,3,2029,V2H-local-real,True,real_eeg,margin_power0p1_base0p05,fine_power_base_grid,0.1,0.05,0.6763754045307443,0.7007924014159501,0.6763754045307443,0.6973102988281559,618,28,24,0.6949383270187466,0.7058627869044537,0.604885373178056,24
V2-S,V2M-two_stage_user_local_reranker-v1,protocol_a_rollv2_cv3,3,2029,V2H-local-real,True,real_eeg,margin_power0p1_base0p075,fine_power_base_grid,0.1,0.075,0.6601941747572816,0.6875805383879108,0.6601941747572816,0.6809438279973994,618,28,24,0.6815041601754889,0.6940056741098407,0.6090969017798287,24
V2-S,V2M-two_stage_user_local_reranker-v1,protocol_a_rollv2_cv3,3,2029,V2H-local-real,True,real_eeg,margin_power0p1_base0p1,fine_power_base_grid,0.1,0.1,0.6618122977346278,0.6918946635543964,0.6618122977346278,0.685627021787736,618,28,24,0.6868388895486797,0.6987473984348984,0.6151029077858345,24
V2-S,V2M-two_stage_user_local_reranker-v1,protocol_a_rollv2_cv3,3,2029,V2H-local-real,True,real_eeg,margin_power0p1_base0p15,fine_power_base_grid,0.1,0.15,0.656957928802589,0.6889090745819656,0.656957928802589,0.683172373261659,618,28,24,0.6817398219496121,0.6949081127206128,0.6268585658829561,24
V2-S,V2M-two_stage_user_local_reranker-v1,protocol_a_rollv2_cv3,3,2029,V2H-local-real,True,real_eeg,margin_power0p15_base0p0,fine_power_base_grid,0.15,0.0,0.6779935275080906,0.6833061381868141,0.6779935275080906,0.6835537610537611,618,28,24,0.6886174625685115,0.6900620598537266,0.5928001171903611,24
V2-S,V2M-two_stage_user_local_reranker-v1,protocol_a_rollv2_cv3,3,2029,V2H-local-real,True,real_eeg,margin_power0p15_base0p025,fine_power_base_grid,0.15,0.025,0.6796116504854369,0.6977983224158404,0.6796116504854369,0.6951271578950152,618,28,24,0.6981786473045214,0.7083075219533553,0.5973778656705486,24
V2-S,V2M-two_stage_user_local_reranker-v1,protocol_a_rollv2_cv3,3,2029,V2H-local-real,True,real_eeg,margin_power0p15_base0p05,fine_power_base_grid,0.15,0.05,0.6812297734627831,0.7022329807156303,0.6812297734627831,0.6989208344565487,618,28,24,0.6985237567405399,0.7089608809400477,0.601223174393906,24
V2-S,V2M-two_stage_user_local_reranker-v1,protocol_a_rollv2_cv3,3,2029,V2H-local-real,True,real_eeg,margin_power0p15_base0p075,fine_power_base_grid,0.15,0.075,0.6763754045307443,0.701462044273093,0.6763754045307443,0.6978842784199927,618,28,24,0.6950007645811842,0.7065324297615966,0.6044092873361165,24
V2-S,V2M-two_stage_user_local_reranker-v1,protocol_a_rollv2_cv3,3,2029,V2H-local-real,True,real_eeg,margin_power0p15_base0p1,fine_power_base_grid,0.15,0.1,0.6682847896440129,0.6938951551437039,0.6682847896440129,0.6913983734519448,618,28,24,0.6873290171367094,0.6989109771401439,0.6072291803999121,24
V2-S,V2M-two_stage_user_local_reranker-v1,protocol_a_rollv2_cv3,3,2029,V2H-local-real,True,real_eeg,margin_power0p15_base0p15,fine_power_base_grid,0.15,0.15,0.6634304207119741,0.6942094783692113,0.6634304207119741,0.687611148771863,618,28,24,0.6885871412969314,0.7010622132497133,0.614553577968212,24
V2-S,V2M-two_stage_user_local_reranker-v1,protocol_a_rollv2_cv3,3,2029,V2H-local-real,True,real_eeg,margin_power0p2_base0p0,fine_power_base_grid,0.2,0.0,0.6779935275080906,0.6833061381868141,0.6779935275080906,0.6835537610537611,618,28,24,0.6886174625685115,0.6900620598537266,0.5928001171903611,24
V2-S,V2M-two_stage_user_local_reranker-v1,protocol_a_rollv2_cv3,3,2029,V2H-local-real,True,real_eeg,margin_power0p2_base0p025,fine_power_base_grid,0.2,0.025,0.6828478964401294,0.701375265863785,0.6828478964401294,0.6991728872978874,618,28,24,0.6970034336293077,0.7069924866799866,0.5963890719988281,24
V2-S,V2M-two_stage_user_local_reranker-v1,protocol_a_rollv2_cv3,3,2029,V2H-local-real,True,real_eeg,margin_power0p2_base0p05,fine_power_base_grid,0.2,0.05,0.6796116504854369,0.6994028980911398,0.6796116504854369,0.6966563529063529,618,28,24,0.6975931217189958,0.7079283332408334,0.59887936717205,24
V2-S,V2M-two_stage_user_local_reranker-v1,protocol_a_rollv2_cv3,3,2029,V2H-local-real,True,real_eeg,margin_power0p2_base0p075,fine_power_base_grid,0.2,0.075,0.6844660194174758,0.7060926298384373,0.6844660194174758,0.7023335328692469,618,28,24,0.7012959845127678,0.7121156428448095,0.6020654801142605,24
V2-S,V2M-two_stage_user_local_reranker-v1,protocol_a_rollv2_cv3,3,2029,V2H-local-real,True,real_eeg,margin_power0p2_base0p1,fine_power_base_grid,0.2,0.1,0.6779935275080906,0.7034699707601861,0.6779935275080906,0.7003494058851201,618,28,24,0.6961539043706876,0.7073250784709119,0.6040064454698602,24
V2-S,V2M-two_stage_user_local_reranker-v1,protocol_a_rollv2_cv3,3,2029,V2H-local-real,True,real_eeg,margin_power0p2_base0p15,fine_power_base_grid,0.2,0.15,0.6650485436893204,0.6906108414182137,0.6650485436893204,0.683541230594802,618,28,24,0.6851437024513947,0.6970359771401439,0.6080348641324251,24
V2-S,V2M-two_stage_user_local_reranker-v1,protocol_a_rollv2_cv3,3,2029,V2H-local-real,True,real_eeg,margin_power0p25_base0p0,fine_power_base_grid,0.25,0.0,0.6779935275080906,0.6833061381868141,0.6779935275080906,0.6835537610537611,618,28,24,0.6886174625685115,0.6900620598537266,0.5928001171903611,24
V2-S,V2M-two_stage_user_local_reranker-v1,protocol_a_rollv2_cv3,3,2029,V2H-local-real,True,real_eeg,margin_power0p25_base0p025,fine_power_base_grid,0.25,0.025,0.6844660194174758,0.7023333012243939,0.6844660194174758,0.7000221967186253,618,28,24,0.6967924072819177,0.7064037621329288,0.5956932542298395,24
V2-S,V2M-two_stage_user_local_reranker-v1,protocol_a_rollv2_cv3,3,2029,V2H-local-real,True,real_eeg,margin_power0p25_base0p05,fine_power_base_grid,0.25,0.05,0.6828478964401294,0.7021842873281212,0.6828478964401294,0.699095411863269,618,28,24,0.7009259000517741,0.7112837124295458,0.5980370614516956,24
V2-S,V2M-two_stage_user_local_reranker-v1,protocol_a_rollv2_cv3,3,2029,V2H-local-real,True,real_eeg,margin_power0p25_base0p075,fine_power_base_grid,0.25,0.075,0.6796116504854369,0.6994975950608368,0.6796116504854369,0.6967375217375217,618,28,24,0.6976249081144186,0.7080230302105303,0.599758294880246,24
V2-S,V2M-two_stage_user_local_reranker-v1,protocol_a_rollv2_cv3,3,2029,V2H-local-real,True,real_eeg,margin_power0p25_base0p1,fine_power_base_grid,0.25,0.1,0.6828478964401294,0.705259296505104,0.6828478964401294,0.7016192471549614,618,28,24,0.7002470334638167,0.7112823095114762,0.6019189921628946,24
V2-S,V2M-two_stage_user_local_reranker-v1,protocol_a_rollv2_cv3,3,2029,V2H-local-real,True,real_eeg,margin_power0p25_base0p15,fine_power_base_grid,0.25,0.15,0.6796116504854369,0.7067381686117175,0.6796116504854369,0.7031507183292895,618,28,24,0.6987400808205003,0.7104444667986335,0.606057276788984,24
V2-S,V2M-two_stage_user_local_reranker-v1,protocol_a_rollv2_cv3,3,2029,V2H-local-real,True,real_eeg,margin_power0p3_base0p0,fine_power_base_grid,0.3,0.0,0.6779935275080906,0.6833061381868141,0.6779935275080906,0.6835537610537611,618,28,24,0.6886174625685115,0.6900620598537266,0.5928001171903611,24
V2-S,V2M-two_stage_user_local_reranker-v1,protocol_a_rollv2_cv3,3,2029,V2H-local-real,True,real_eeg,margin_power0p3_base0p025,fine_power_base_grid,0.3,0.025,0.6844660194174758,0.7023333012243939,0.6844660194174758,0.7000221967186253,618,28,24,0.6958211563106668,0.7056321571946572,0.595143924412217,24
V2-S,V2M-two_stage_user_local_reranker-v1,protocol_a_rollv2_cv3,3,2029,V2H-local-real,True,real_eeg,margin_power0p3_base0p05,fine_power_base_grid,0.3,0.05,0.6763754045307443,0.6950646363488211,0.6763754045307443,0.6927839984089985,618,28,24,0.6939106930365672,0.7041849469974469,0.5968651578407675,24
V2-S,V2M-two_stage_user_local_reranker-v1,protocol_a_rollv2_cv3,3,2029,V2H-local-real,True,real_eeg,margin_power0p3_base0p075,fine_power_base_grid,0.3,0.075,0.6796116504854369,0.6987126508383925,0.6796116504854369,0.6960647124039981,618,28,24,0.6954260580134706,0.7068660621785622,0.598439903317952,24
V2-S,V2M-two_stage_user_local_reranker-v1,protocol_a_rollv2_cv3,3,2029,V2H-local-real,True,real_eeg,margin_power0p3_base0p1,fine_power_base_grid,0.3,0.1,0.6812297734627831,0.701690577516977,0.6812297734627831,0.6987216487216487,618,28,24,0.698998534488045,0.7095111254486256,0.6005273566249176,24
V2-S,V2M-two_stage_user_local_reranker-v1,protocol_a_rollv2_cv3,3,2029,V2H-local-real,True,real_eeg,margin_power0p3_base0p15,fine_power_base_grid,0.3,0.15,0.6779935275080906,0.7024517568225642,0.6779935275080906,0.6992127845699273,618,28,24,0.6960429042596875,0.707264452368619,0.6031275177616642,24
V2-S,V2M-two_stage_user_local_reranker-v1,protocol_a_rollv2_cv3,3,2029,V2H-local-real,True,real_eeg,margin_power0p35_base0p0,fine_power_base_grid,0.35,0.0,0.6779935275080906,0.6833061381868141,0.6779935275080906,0.6835537610537611,618,28,24,0.6886174625685115,0.6900620598537266,0.5928001171903611,24
V2-S,V2M-two_stage_user_local_reranker-v1,protocol_a_rollv2_cv3,3,2029,V2H-local-real,True,real_eeg,margin_power0p35_base0p025,fine_power_base_grid,0.35,0.025,0.6828478964401294,0.7010312178910606,0.6828478964401294,0.6980026388954961,618,28,24,0.6955200685095789,0.7060758300341634,0.5946678385702775,24
V2-S,V2M-two_stage_user_local_reranker-v1,protocol_a_rollv2_cv3,3,2029,V2H-local-real,True,real_eeg,margin_power0p35_base0p05,fine_power_base_grid,0.35,0.05,0.6812297734627831,0.6988827063399755,0.6812297734627831,0.6964517988625133,618,28,24,0.695260731886606,0.7051847265388931,0.5964256939866697,24
V2-S,V2M-two_stage_user_local_reranker-v1,protocol_a_rollv2_cv3,3,2029,V2H-local-real,True,real_eeg,margin_power0p35_base0p075,fine_power_base_grid,0.35,0.075,0.6779935275080906,0.6972906875880301,0.6779935275080906,0.6947964700643273,618,28,24,0.6953176194434937,0.705706111018611,0.5979271954881712,24
V2-S,V2M-two_stage_user_local_reranker-v1,protocol_a_rollv2_cv3,3,2029,V2H-local-real,True,real_eeg,margin_power0p35_base0p1,fine_power_base_grid,0.35,0.1,0.6763754045307443,0.6940697936955355,0.6763754045307443,0.6920851205672633,618,28,24,0.6918421419295545,0.702595228845229,0.5988427451842085,24
V2-S,V2M-two_stage_user_local_reranker-v1,protocol_a_rollv2_cv3,3,2029,V2H-local-real,True,real_eeg,margin_power0p35_base0p15,fine_power_base_grid,0.35,0.15,0.6796116504854369,0.7010723376306451,0.6796116504854369,0.6977115477115478,618,28,24,0.6972487691019159,0.7081563074271408,0.6018457481872116,24
V2-S,V2M-two_stage_user_local_reranker-v1,protocol_a_rollv2_cv3,3,2029,V2H-local-real,True,real_eeg,margin_power0p4_base0p0,fine_power_base_grid,0.4,0.0,0.6779935275080906,0.6833061381868141,0.6779935275080906,0.6835537610537611,618,28,24,0.6886174625685115,0.6900620598537266,0.5928001171903611,24
V2-S,V2M-two_stage_user_local_reranker-v1,protocol_a_rollv2_cv3,3,2029,V2H-local-real,True,real_eeg,margin_power0p4_base0p025,fine_power_base_grid,0.4,0.025,0.686084142394822,0.7046770512243938,0.686084142394822,0.7018716865145437,618,28,24,0.6997741477636582,0.7098952744786079,0.5945945945945946,24
V2-S,V2M-two_stage_user_local_reranker-v1,protocol_a_rollv2_cv3,3,2029,V2H-local-real,True,real_eeg,margin_power0p4_base0p05,fine_power_base_grid,0.4,0.05,0.6844660194174758,0.7023333012243939,0.6844660194174758,0.7000221967186253,618,28,24,0.6967924072819177,0.7064037621329288,0.5960594741082546,24
V2-S,V2M-two_stage_user_local_reranker-v1,protocol_a_rollv2_cv3,3,2029,V2H-local-real,True,real_eeg,margin_power0p4_base0p075,fine_power_base_grid,0.4,0.075,0.6731391585760518,0.6927167527509375,0.6731391585760518,0.6907715267536697,618,28,24,0.6900312391571133,0.7004481745106745,0.5974877316340732,24
V2-S,V2M-two_stage_user_local_reranker-v1,protocol_a_rollv2_cv3,3,2029,V2H-local-real,True,real_eeg,margin_power0p4_base0p1,fine_power_base_grid,0.4,0.1,0.6796116504854369,0.6984227132540471,0.6796116504854369,0.6958712055140627,618,28,24,0.6960599326858069,0.7061332494665828,0.5982567933787446,24
V2-S,V2M-two_stage_user_local_reranker-v1,protocol_a_rollv2_cv3,3,2029,V2H-local-real,True,real_eeg,margin_power0p4_base0p15,fine_power_base_grid,0.4,0.15,0.6796116504854369,0.7008572441836437,0.6796116504854369,0.698007363007363,618,28,24,0.697949583439094,0.7086777921152922,0.6008569545154911,24
V2-S,V2M-two_stage_user_local_reranker-v1,protocol_a_rollv2_cv3,3,2029,V2H-local-real,True,real_eeg,margin_power0p5_base0p0,fine_power_base_grid,0.5,0.0,0.6779935275080906,0.6833061381868141,0.6779935275080906,0.6835537610537611,618,28,24,0.6886174625685115,0.6900620598537266,0.5928001171903611,24
V2-S,V2M-two_stage_user_local_reranker-v1,protocol_a_rollv2_cv3,3,2029,V2H-local-real,True,real_eeg,margin_power0p5_base0p025,fine_power_base_grid,0.5,0.025,0.686084142394822,0.7046770512243938,0.686084142394822,0.7018716865145437,618,28,24,0.6997741477636582,0.7098952744786079,0.5942649967040211,24
V2-S,V2M-two_stage_user_local_reranker-v1,protocol_a_rollv2_cv3,3,2029,V2H-local-real,True,real_eeg,margin_power0p5_base0p05,fine_power_base_grid,0.5,0.05,0.6844660194174758,0.7023333012243939,0.6844660194174758,0.6992781490995776,618,28,24,0.6964913194808299,0.7068474349724351,0.5953636563392661,24
V2-S,V2M-two_stage_user_local_reranker-v1,protocol_a_rollv2_cv3,3,2029,V2H-local-real,True,real_eeg,margin_power0p5_base0p075,fine_power_base_grid,0.5,0.075,0.6828478964401294,0.7019166345577271,0.6828478964401294,0.6996650538614826,618,28,24,0.6958211563106668,0.7057093176884844,0.5963524500109866,24
V2-S,V2M-two_stage_user_local_reranker-v1,protocol_a_rollv2_cv3,3,2029,V2H-local-real,True,real_eeg,margin_power0p5_base0p1,fine_power_base_grid,0.5,0.1,0.6715210355987055,0.6901125860842708,0.6715210355987055,0.6877953362774792,618,28,24,0.6885160876419618,0.6990592856217855,0.5974877316340732,24
V2-S,V2M-two_stage_user_local_reranker-v1,protocol_a_rollv2_cv3,3,2029,V2H-local-real,True,real_eeg,margin_power0p5_base0p15,fine_power_base_grid,0.5,0.15,0.6796116504854369,0.7003745691669776,0.6796116504854369,0.6974892138284996,618,28,24,0.6961223702482444,0.7071390916182584,0.5986596352450011,24
V2-S,V2M-two_stage_user_local_reranker-v1,protocol_a_rollv2_cv3,1,2030,V2H-local-real,True,real_eeg,v2n_eeg_base_0p05,reference_score_family,1.0,0.05,0.7224080267558528,0.7486296970225543,0.7224080267558528,0.7630063217206076,598,35,28,0.7257911740001292,0.7277456108706107,0.5906976744186047,28
V2-S,V2M-two_stage_user_local_reranker-v1,protocol_a_rollv2_cv3,1,2030,V2H-local-real,True,real_eeg,sqrt_margin_eeg_base0p05,reference_score_family,0.5,0.05,0.7224080267558528,0.7478029774458347,0.7224080267558528,0.7623449460592319,598,35,28,0.724132799207426,0.7258028198653198,0.591877820201319,28
V2-S,V2M-two_stage_user_local_reranker-v1,protocol_a_rollv2_cv3,1,2030,V2H-local-real,True,real_eeg,margin_power0p25_base0p05,reference_score_family,0.25,0.05,0.7240802675585284,0.7294994060172632,0.7240802675585284,0.7457179619322476,598,35,28,0.7253491201998665,0.7268419741634028,0.59375216938563,28
V2-S,V2M-two_stage_user_local_reranker-v1,protocol_a_rollv2_cv3,1,2030,V2H-local-real,True,real_eeg,margin_power0p1_base0p0,fine_power_base_grid,0.1,0.0,0.7274247491638796,0.7558150711722141,0.7274247491638796,0.7687546210403354,598,35,28,0.7303007688828583,0.7327201006665292,0.5904547032280458,28
V2-S,V2M-two_stage_user_local_reranker-v1,protocol_a_rollv2_cv3,1,2030,V2H-local-real,True,real_eeg,margin_power0p1_base0p025,fine_power_base_grid,0.1,0.025,0.7090301003344481,0.7009890275068847,0.7090301003344481,0.7048846285989143,598,35,28,0.7032202623247399,0.7022979368515083,0.5944116626171468,28
V2-S,V2M-two_stage_user_local_reranker-v1,protocol_a_rollv2_cv3,1,2030,V2H-local-real,True,real_eeg,margin_power0p1_base0p05,fine_power_base_grid,0.1,0.05,0.6989966555183946,0.696932303807304,0.6989966555183946,0.7044170274170274,598,35,28,0.692578234369279,0.6905376468769328,0.5988198542172857,28
V2-S,V2M-two_stage_user_local_reranker-v1,protocol_a_rollv2_cv3,1,2030,V2H-local-real,True,real_eeg,margin_power0p1_base0p075,fine_power_base_grid,0.1,0.075,0.6822742474916388,0.6776200056557199,0.6822742474916388,0.687181474610046,598,35,28,0.6784276668605027,0.67343268999519,0.6024644220756682,28
V2-S,V2M-two_stage_user_local_reranker-v1,protocol_a_rollv2_cv3,1,2030,V2H-local-real,True,real_eeg,margin_power0p1_base0p1,fine_power_base_grid,0.1,0.1,0.6739130434782609,0.673949370735085,0.6739130434782609,0.6842449666735382,598,35,28,0.6771874394262454,0.6727949348931492,0.6066990628254079,28
V2-S,V2M-two_stage_user_local_reranker-v1,protocol_a_rollv2_cv3,1,2030,V2H-local-real,True,real_eeg,margin_power0p1_base0p15,fine_power_base_grid,0.1,0.15,0.6605351170568562,0.658851109208252,0.6605351170568562,0.6660552463409607,598,35,28,0.663833968684715,0.6595454545454545,0.6106907323845886,28
V2-S,V2M-two_stage_user_local_reranker-v1,protocol_a_rollv2_cv3,1,2030,V2H-local-real,True,real_eeg,margin_power0p15_base0p0,fine_power_base_grid,0.15,0.0,0.7274247491638796,0.7558150711722141,0.7274247491638796,0.7687546210403354,598,35,28,0.7303007688828583,0.7327201006665292,0.5904547032280458,28
V2-S,V2M-two_stage_user_local_reranker-v1,protocol_a_rollv2_cv3,1,2030,V2H-local-real,True,real_eeg,margin_power0p15_base0p025,fine_power_base_grid,0.15,0.025,0.7274247491638796,0.7485966282394855,0.7274247491638796,0.7617893905036763,598,35,28,0.7289560853739958,0.7308102281316566,0.5938562998958695,28
V2-S,V2M-two_stage_user_local_reranker-v1,protocol_a_rollv2_cv3,1,2030,V2H-local-real,True,real_eeg,margin_power0p15_base0p05,fine_power_base_grid,0.15,0.05,0.7123745819397993,0.7060721718757433,0.7123745819397993,0.7117289218717789,598,35,28,0.7047495207942969,0.70430284992785,0.5960083304408191,28
V2-S,V2M-two_stage_user_local_reranker-v1,protocol_a_rollv2_cv3,1,2030,V2H-local-real,True,real_eeg,margin_power0p15_base0p075,fine_power_base_grid,0.15,0.075,0.7023411371237458,0.6970585664335663,0.7023411371237458,0.7045180375180374,598,35,28,0.6890896168508107,0.6866956555349413,0.598333911836168,28
V2-S,V2M-two_stage_user_local_reranker-v1,protocol_a_rollv2_cv3,1,2030,V2H-local-real,True,real_eeg,margin_power0p15_base0p1,fine_power_base_grid,0.15,0.1,0.6923076923076923,0.6942743896315324,0.6923076923076923,0.7016954579811722,598,35,28,0.6914790764790765,0.6894599481206625,0.6012495661228741,28
V2-S,V2M-two_stage_user_local_reranker-v1,protocol_a_rollv2_cv3,1,2030,V2H-local-real,True,real_eeg,margin_power0p15_base0p15,fine_power_base_grid,0.15,0.15,0.677257525083612,0.67517291570863,0.677257525083612,0.685223802652374,598,35,28,0.6760644827809008,0.6711840127465127,0.6056924678930926,28
V2-S,V2M-two_stage_user_local_reranker-v1,protocol_a_rollv2_cv3,1,2030,V2H-local-real,True,real_eeg,margin_power0p2_base0p0,fine_power_base_grid,0.2,0.0,0.7274247491638796,0.7558150711722141,0.7274247491638796,0.7687546210403354,598,35,28,0.7303007688828583,0.7327201006665292,0.5904547032280458,28
V2-S,V2M-two_stage_user_local_reranker-v1,protocol_a_rollv2_cv3,1,2030,V2H-local-real,True,real_eeg,margin_power0p2_base0p025,fine_power_base_grid,0.2,0.025,0.725752508361204,0.7473565488744062,0.725752508361204,0.7607973270116127,598,35,28,0.7262684413430681,0.7276230631141346,0.5925026032627561,28
V2-S,V2M-two_stage_user_local_reranker-v1,protocol_a_rollv2_cv3,1,2030,V2H-local-real,True,real_eeg,margin_power0p2_base0p05,fine_power_base_grid,0.2,0.05,0.717391304347826,0.7160353238031808,0.717391304347826,0.7169216656359514,598,35,28,0.7154827593633564,0.7166745902906617,0.5942728219368275,28
V2-S,V2M-two_stage_user_local_reranker-v1,protocol_a_rollv2_cv3,1,2030,V2H-local-real,True,real_eeg,margin_power0p2_base0p075,fine_power_base_grid,0.2,0.075,0.7123745819397993,0.7060721718757433,0.7123745819397993,0.7117289218717789,598,35,28,0.701391311839073,0.6998385642135643,0.5961124609510586,28
V2-S,V2M-two_stage_user_local_reranker-v1,protocol_a_rollv2_cv3,1,2030,V2H-local-real,True,real_eeg,margin_power0p2_base0p1,fine_power_base_grid,0.2,0.1,0.705685618729097,0.7000347569097569,0.705685618729097,0.7068989898989899,598,35,28,0.691825935258771,0.6896718460111319,0.5980562304755294,28
V2-S,V2M-two_stage_user_local_reranker-v1,protocol_a_rollv2_cv3,1,2030,V2H-local-real,True,real_eeg,margin_power0p2_base0p15,fine_power_base_grid,0.2,0.15,0.6956521739130435,0.6962377305234447,0.6956521739130435,0.7032661306947021,598,35,28,0.690363227154272,0.686959003298289,0.6012495661228741,28
V2-S,V2M-two_stage_user_local_reranker-v1,protocol_a_rollv2_cv3,1,2030,V2H-local-real,True,real_eeg,margin_power0p25_base0p0,fine_power_base_grid,0.25,0.0,0.7274247491638796,0.7558150711722141,0.7274247491638796,0.7687546210403354,598,35,28,0.7303007688828583,0.7327201006665292,0.5904547032280458,28
V2-S,V2M-two_stage_user_local_reranker-v1,protocol_a_rollv2_cv3,1,2030,V2H-local-real,True,real_eeg,margin_power0p25_base0p025,fine_power_base_grid,0.25,0.025,0.7207357859531772,0.7437851203029775,0.7207357859531772,0.7585354222497079,598,35,28,0.7215599491718894,0.722571527348313,0.5921902117320375,28
V2-S,V2M-two_stage_user_local_reranker-v1,protocol_a_rollv2_cv3,1,2030,V2H-local-real,True,real_eeg,margin_power0p25_base0p05,fine_power_base_grid,0.25,0.05,0.7240802675585284,0.7294994060172632,0.7240802675585284,0.7457179619322476,598,35,28,0.7253491201998665,0.7268419741634028,0.59375216938563,28
V2-S,V2M-two_stage_user_local_reranker-v1,protocol_a_rollv2_cv3,1,2030,V2H-local-real,True,real_eeg,margin_power0p25_base0p075,fine_power_base_grid,0.25,0.075,0.7123745819397993,0.7077019904698476,0.7123745819397993,0.7094613481756339,598,35,28,0.70928517585234,0.7103714440321584,0.5947240541478653,28
V2-S,V2M-two_stage_user_local_reranker-v1,protocol_a_rollv2_cv3,1,2030,V2H-local-real,True,real_eeg,margin_power0p25_base0p1,fine_power_base_grid,0.25,0.1,0.7123745819397993,0.7060721718757433,0.7123745819397993,0.7117289218717789,598,35,28,0.6996500183067347,0.698350468975469,0.5959389101006595,28
V2-S,V2M-two_stage_user_local_reranker-v1,protocol_a_rollv2_cv3,1,2030,V2H-local-real,True,real_eeg,margin_power0p25_base0p15,fine_power_base_grid,0.25,0.15,0.7023411371237458,0.6978522172272171,0.7023411371237458,0.7051529581529582,598,35,28,0.6890351273933363,0.6867240002061432,0.5989239847275252,28
V2-S,V2M-two_stage_user_local_reranker-v1,protocol_a_rollv2_cv3,1,2030,V2H-local-real,True,real_eeg,margin_power0p3_base0p0,fine_power_base_grid,0.3,0.0,0.7274247491638796,0.7558150711722141,0.7274247491638796,0.7687546210403354,598,35,28,0.7303007688828583,0.7327201006665292,0.5904547032280458,28
V2-S,V2M-two_stage_user_local_reranker-v1,protocol_a_rollv2_cv3,1,2030,V2H-local-real,True,real_eeg,margin_power0p3_base0p025,fine_power_base_grid,0.3,0.025,0.7224080267558528,0.746463691731549,0.7224080267558528,0.7606782793925652,598,35,28,0.724178996790937,0.7258453368721225,0.5917042693509198,28
V2-S,V2M-two_stage_user_local_reranker-v1,protocol_a_rollv2_cv3,1,2030,V2H-local-real,True,real_eeg,margin_power0p3_base0p05,fine_power_base_grid,0.3,0.05,0.7240802675585284,0.7461660726839299,0.7240802675585284,0.7598449460592318,598,35,28,0.7237085137085136,0.7253503358414072,0.593127386324193,28
V2-S,V2M-two_stage_user_local_reranker-v1,protocol_a_rollv2_cv3,1,2030,V2H-local-real,True,real_eeg,margin_power0p3_base0p075,fine_power_base_grid,0.3,0.075,0.7224080267558528,0.7235304906733477,0.7224080267558528,0.7373714010856868,598,35,28,0.7218546876009562,0.7226403490689205,0.5936133287053107,28
V2-S,V2M-two_stage_user_local_reranker-v1,protocol_a_rollv2_cv3,1,2030,V2H-local-real,True,real_eeg,margin_power0p3_base0p1,fine_power_base_grid,0.3,0.1,0.7090301003344481,0.7017496095174668,0.7090301003344481,0.704699443413729,598,35,28,0.7065737330662702,0.7070976345083488,0.5946199236376258,28
V2-S,V2M-two_stage_user_local_reranker-v1,protocol_a_rollv2_cv3,1,2030,V2H-local-real,True,real_eeg,margin_power0p3_base0p15,fine_power_base_grid,0.3,0.15,0.7107023411371237,0.7047966616716617,0.7107023411371237,0.7107085137085137,598,35,28,0.6952020202020202,0.6931067048031334,0.597292606733773,28
V2-S,V2M-two_stage_user_local_reranker-v1,protocol_a_rollv2_cv3,1,2030,V2H-local-real,True,real_eeg,margin_power0p35_base0p0,fine_power_base_grid,0.35,0.0,0.7274247491638796,0.7558150711722141,0.7274247491638796,0.7687546210403354,598,35,28,0.7303007688828583,0.7327201006665292,0.5904547032280458,28
V2-S,V2M-two_stage_user_local_reranker-v1,protocol_a_rollv2_cv3,1,2030,V2H-local-real,True,real_eeg,margin_power0p35_base0p025,fine_power_base_grid,0.35,0.025,0.7224080267558528,0.7478029774458347,0.7224080267558528,0.7623449460592319,598,35,28,0.724132799207426,0.7258028198653198,0.5916348490107601,28
V2-S,V2M-two_stage_user_local_reranker-v1,protocol_a_rollv2_cv3,1,2030,V2H-local-real,True,real_eeg,margin_power0p35_base0p05,fine_power_base_grid,0.35,0.05,0.7207357859531772,0.7437851203029775,0.7207357859531772,0.7585354222497079,598,35,28,0.7227539790226357,0.7240000987768845,0.5926761541131551,28
V2-S,V2M-two_stage_user_local_reranker-v1,protocol_a_rollv2_cv3,1,2030,V2H-local-real,True,real_eeg,margin_power0p35_base0p075,fine_power_base_grid,0.35,0.075,0.7240802675585284,0.7274160726839298,0.7240802675585284,0.744051295265581,598,35,28,0.7255196958928302,0.726299882326668,0.5938562998958695,28
V2-S,V2M-two_stage_user_local_reranker-v1,protocol_a_rollv2_cv3,1,2030,V2H-local-real,True,real_eeg,margin_power0p35_base0p1,fine_power_base_grid,0.35,0.1,0.717391304347826,0.7171456717885291,0.717391304347826,0.7304930942073798,598,35,28,0.716276517843682,0.7179205318491032,0.594168691426588,28
V2-S,V2M-two_stage_user_local_reranker-v1,protocol_a_rollv2_cv3,1,2030,V2H-local-real,True,real_eeg,margin_power0p35_base0p15,fine_power_base_grid,0.35,0.15,0.7123745819397993,0.7060721718757433,0.7123745819397993,0.7117289218717789,598,35,28,0.701568994852577,0.7009014893836324,0.5957653592502604,28
V2-S,V2M-two_stage_user_local_reranker-v1,protocol_a_rollv2_cv3,1,2030,V2H-local-real,True,real_eeg,margin_power0p4_base0p0,fine_power_base_grid,0.4,0.0,0.7274247491638796,0.7558150711722141,0.7274247491638796,0.7687546210403354,598,35,28,0.7303007688828583,0.7327201006665292,0.5904547032280458,28
V2-S,V2M-two_stage_user_local_reranker-v1,protocol_a_rollv2_cv3,1,2030,V2H-local-real,True,real_eeg,margin_power0p4_base0p025,fine_power_base_grid,0.4,0.025,0.7240802675585284,0.74929107268393,0.7240802675585284,0.763535422249708,598,35,28,0.7266203613964808,0.7284069865319864,0.591461298160361,28
V2-S,V2M-two_stage_user_local_reranker-v1,protocol_a_rollv2_cv3,1,2030,V2H-local-real,True,real_eeg,margin_power0p4_base0p05,fine_power_base_grid,0.4,0.05,0.7190635451505016,0.7425946441125014,0.7190635451505016,0.7575830412973271,598,35,28,0.720266416833581,0.7213810511578368,0.5922249219021173,28
V2-S,V2M-two_stage_user_local_reranker-v1,protocol_a_rollv2_cv3,1,2030,V2H-local-real,True,real_eeg,margin_power0p4_base0p075,fine_power_base_grid,0.4,0.075,0.7224080267558528,0.7449755964934537,0.7224080267558528,0.7588925651068509,598,35,28,0.7236813766664513,0.7252421107331821,0.5931620964942728,28
V2-S,V2M-two_stage_user_local_reranker-v1,protocol_a_rollv2_cv3,1,2030,V2H-local-real,True,real_eeg,margin_power0p4_base0p1,fine_power_base_grid,0.4,0.1,0.7240802675585284,0.7274160726839298,0.7240802675585284,0.744051295265581,598,35,28,0.7255196958928302,0.726299882326668,0.5938215897257897,28
V2-S,V2M-two_stage_user_local_reranker-v1,protocol_a_rollv2_cv3,1,2030,V2H-local-real,True,real_eeg,margin_power0p4_base0p15,fine_power_base_grid,0.4,0.15,0.717391304347826,0.7120034760213333,0.717391304347826,0.7138793375936232,598,35,28,0.7134703107837436,0.7141239993472137,0.5948281846581048,28
V2-S,V2M-two_stage_user_local_reranker-v1,protocol_a_rollv2_cv3,1,2030,V2H-local-real,True,real_eeg,margin_power0p5_base0p0,fine_power_base_grid,0.5,0.0,0.7274247491638796,0.7558150711722141,0.7274247491638796,0.7687546210403354,598,35,28,0.7303007688828583,0.7327201006665292,0.5904547032280458,28
V2-S,V2M-two_stage_user_local_reranker-v1,protocol_a_rollv2_cv3,1,2030,V2H-local-real,True,real_eeg,margin_power0p5_base0p025,fine_power_base_grid,0.5,0.025,0.7240802675585284,0.74929107268393,0.7240802675585284,0.763535422249708,598,35,28,0.7266203613964808,0.7284069865319864,0.5911141964595628,28
V2-S,V2M-two_stage_user_local_reranker-v1,protocol_a_rollv2_cv3,1,2030,V2H-local-real,True,real_eeg,margin_power0p5_base0p05,fine_power_base_grid,0.5,0.05,0.7224080267558528,0.7478029774458347,0.7224080267558528,0.7623449460592319,598,35,28,0.724132799207426,0.7258028198653198,0.591877820201319,28
V2-S,V2M-two_stage_user_local_reranker-v1,protocol_a_rollv2_cv3,1,2030,V2H-local-real,True,real_eeg,margin_power0p5_base0p075,fine_power_base_grid,0.5,0.075,0.7207357859531772,0.7455708345886919,0.7207357859531772,0.7599639936782795,598,35,28,0.7221853933794231,0.723932071566,0.592294342242277,28
V2-S,V2M-two_stage_user_local_reranker-v1,protocol_a_rollv2_cv3,1,2030,V2H-local-real,True,real_eeg,margin_power0p5_base0p1,fine_power_base_grid,0.5,0.1,0.7190635451505016,0.7408089298267869,0.7190635451505016,0.7553608190751048,598,35,28,0.7210126854902974,0.7225120035387894,0.5929191253037139,28
V2-S,V2M-two_stage_user_local_reranker-v1,protocol_a_rollv2_cv3,1,2030,V2H-local-real,True,real_eeg,margin_power0p5_base0p15,fine_power_base_grid,0.5,0.15,0.7207357859531772,0.7229517869696441,0.7207357859531772,0.7396862159005015,598,35,28,0.719471366113157,0.7208151884491169,0.593960430406109,28
V2-S,V2M-two_stage_user_local_reranker-v1,protocol_a_rollv2_cv3,2,2030,V2H-local-real,True,real_eeg,v2n_eeg_base_0p05,reference_score_family,1.0,0.05,0.6523972602739726,0.6356338106338106,0.6523972602739726,0.6195598845598844,584,30,26,0.6177625586219336,0.6184926184926185,0.5935700747416228,26
V2-S,V2M-two_stage_user_local_reranker-v1,protocol_a_rollv2_cv3,2,2030,V2H-local-real,True,real_eeg,sqrt_margin_eeg_base0p05,reference_score_family,0.5,0.05,0.6541095890410958,0.6383581696081696,0.6541095890410958,0.6217225829725829,584,30,26,0.6180452967171717,0.6197580197580197,0.5945713979186783,26
V2-S,V2M-two_stage_user_local_reranker-v1,protocol_a_rollv2_cv3,2,2030,V2H-local-real,True,real_eeg,margin_power0p25_base0p05,reference_score_family,0.25,0.05,0.648972602739726,0.6233729233729234,0.648972602739726,0.5998729357062691,584,30,26,0.6112286931818182,0.6113356550856551,0.598433644458749,26
V2-S,V2M-two_stage_user_local_reranker-v1,protocol_a_rollv2_cv3,2,2030,V2H-local-real,True,real_eeg,margin_power0p1_base0p0,fine_power_base_grid,0.1,0.0,0.6506849315068494,0.6340312465312465,0.6506849315068494,0.6179725829725828,584,30,26,0.6166688086219336,0.61753108003108,0.5928190823588313,26
V2-S,V2M-two_stage_user_local_reranker-v1,protocol_a_rollv2_cv3,2,2030,V2H-local-real,True,real_eeg,margin_power0p1_base0p025,fine_power_base_grid,0.1,0.025,0.6575342465753424,0.6307625245125246,0.6575342465753424,0.6057481561648229,584,30,26,0.616006718975469,0.6164351851851853,0.6017237063262169,26
V2-S,V2M-two_stage_user_local_reranker-v1,protocol_a_rollv2_cv3,2,2030,V2H-local-real,True,real_eeg,margin_power0p1_base0p05,fine_power_base_grid,0.1,0.05,0.636986301369863,0.6233754671254671,0.636986301369863,0.6104571508738175,584,30,26,0.6131378517316017,0.6136692011692011,0.6089475378178306,26
V2-S,V2M-two_stage_user_local_reranker-v1,protocol_a_rollv2_cv3,2,2030,V2H-local-real,True,real_eeg,margin_power0p1_base0p075,fine_power_base_grid,0.1,0.075,0.6267123287671232,0.6211432086432086,0.6267123287671232,0.6137341670675004,584,30,26,0.6166604662698413,0.6171659359159359,0.61670779244001,26
V2-S,V2M-two_stage_user_local_reranker-v1,protocol_a_rollv2_cv3,2,2030,V2H-local-real,True,real_eeg,margin_power0p1_base0p1,fine_power_base_grid,0.1,0.1,0.625,0.62137469012469,0.625,0.615045895462562,584,30,26,0.6169518849206349,0.6171913734413734,0.6212852698208347,26
V2-S,V2M-two_stage_user_local_reranker-v1,protocol_a_rollv2_cv3,2,2030,V2H-local-real,True,real_eeg,margin_power0p1_base0p15,fine_power_base_grid,0.1,0.15,0.6267123287671232,0.6254014504014503,0.6267123287671232,0.6168823152156485,584,30,26,0.616855045995671,0.6159511784511784,0.6290812859850516,26
V2-S,V2M-two_stage_user_local_reranker-v1,protocol_a_rollv2_cv3,2,2030,V2H-local-real,True,real_eeg,margin_power0p15_base0p0,fine_power_base_grid,0.15,0.0,0.6506849315068494,0.6340312465312465,0.6506849315068494,0.6179725829725828,584,30,26,0.6166688086219336,0.61753108003108,0.5928190823588313,26
V2-S,V2M-two_stage_user_local_reranker-v1,protocol_a_rollv2_cv3,2,2030,V2H-local-real,True,real_eeg,margin_power0p15_base0p025,fine_power_base_grid,0.15,0.025,0.6523972602739726,0.6273793336293335,0.6523972602739726,0.6033451579284913,584,30,26,0.6150047348484848,0.6153420653420654,0.5982548367485606,26
V2-S,V2M-two_stage_user_local_reranker-v1,protocol_a_rollv2_cv3,2,2030,V2H-local-real,True,real_eeg,margin_power0p15_base0p05,fine_power_base_grid,0.15,0.05,0.6523972602739726,0.6288572538572539,0.6523972602739726,0.6138191438191439,584,30,26,0.6134868777056277,0.6142322954822955,0.6035117834281014,26
V2-S,V2M-two_stage_user_local_reranker-v1,protocol_a_rollv2_cv3,2,2030,V2H-local-real,True,real_eeg,margin_power0p15_base0p075,fine_power_base_grid,0.15,0.075,0.6421232876712328,0.6268985643985643,0.6421232876712328,0.6135105018438353,584,30,26,0.6189476235569985,0.6199013949013948,0.6082680685191145,26
V2-S,V2M-two_stage_user_local_reranker-v1,protocol_a_rollv2_cv3,2,2030,V2H-local-real,True,real_eeg,margin_power0p15_base0p1,fine_power_base_grid,0.15,0.1,0.6267123287671232,0.6182650682650682,0.6267123287671232,0.6054990379990381,584,30,26,0.6127573728354979,0.6141081141081141,0.6130601151521654,26
V2-S,V2M-two_stage_user_local_reranker-v1,protocol_a_rollv2_cv3,2,2030,V2H-local-real,True,real_eeg,margin_power0p15_base0p15,fine_power_base_grid,0.15,0.15,0.6267123287671232,0.6229772542272543,0.6267123287671232,0.6166331970498636,584,30,26,0.6180456349206349,0.6181529119029119,0.6209634159424955,26
V2-S,V2M-two_stage_user_local_reranker-v1,protocol_a_rollv2_cv3,2,2030,V2H-local-real,True,real_eeg,margin_power0p2_base0p0,fine_power_base_grid,0.2,0.0,0.6506849315068494,0.6340312465312465,0.6506849315068494,0.6179725829725828,584,30,26,0.6166688086219336,0.61753108003108,0.5928190823588313,26
V2-S,V2M-two_stage_user_local_reranker-v1,protocol_a_rollv2_cv3,2,2030,V2H-local-real,True,real_eeg,margin_power0p2_base0p025,fine_power_base_grid,0.2,0.025,0.6523972602739726,0.6324286824286823,0.6523972602739726,0.6142027417027417,584,30,26,0.6159011994949495,0.6169948107448107,0.5965382827307514,26
V2-S,V2M-two_stage_user_local_reranker-v1,protocol_a_rollv2_cv3,2,2030,V2H-local-real,True,real_eeg,margin_power0p2_base0p05,fine_power_base_grid,0.2,0.05,0.6541095890410958,0.6253316128316129,0.6541095890410958,0.6107635882635883,584,30,26,0.6138215863997114,0.6139568764568765,0.6006508600650861,26
V2-S,V2M-two_stage_user_local_reranker-v1,protocol_a_rollv2_cv3,2,2030,V2H-local-real,True,real_eeg,margin_power0p2_base0p075,fine_power_base_grid,0.2,0.075,0.6506849315068494,0.628002553002553,0.6506849315068494,0.6114381914381914,584,30,26,0.6132935380591631,0.6141108891108892,0.6035475449701391,26
V2-S,V2M-two_stage_user_local_reranker-v1,protocol_a_rollv2_cv3,2,2030,V2H-local-real,True,real_eeg,margin_power0p2_base0p1,fine_power_base_grid,0.2,0.1,0.6438356164383562,0.6268985643985643,0.6438356164383562,0.6135105018438353,584,30,26,0.6196544687950938,0.619786926036926,0.6070164145477953,26
V2-S,V2M-two_stage_user_local_reranker-v1,protocol_a_rollv2_cv3,2,2030,V2H-local-real,True,real_eeg,margin_power0p2_base0p15,fine_power_base_grid,0.2,0.15,0.6301369863013698,0.6219687719687719,0.6301369863013698,0.619740660573994,584,30,26,0.6144674422799423,0.6154079716579717,0.6141687229553338,26
V2-S,V2M-two_stage_user_local_reranker-v1,protocol_a_rollv2_cv3,2,2030,V2H-local-real,True,real_eeg,margin_power0p25_base0p0,fine_power_base_grid,0.25,0.0,0.6506849315068494,0.6340312465312465,0.6506849315068494,0.6179725829725828,584,30,26,0.6166688086219336,0.61753108003108,0.5928190823588313,26
V2-S,V2M-two_stage_user_local_reranker-v1,protocol_a_rollv2_cv3,2,2030,V2H-local-real,True,real_eeg,margin_power0p25_base0p025,fine_power_base_grid,0.25,0.025,0.6523972602739726,0.6352064602064602,0.6523972602739726,0.6171392496392496,584,30,26,0.6172900883838384,0.6187430624930624,0.5953223903014698,26
V2-S,V2M-two_stage_user_local_reranker-v1,protocol_a_rollv2_cv3,2,2030,V2H-local-real,True,real_eeg,margin_power0p25_base0p05,fine_power_base_grid,0.25,0.05,0.648972602739726,0.6233729233729234,0.648972602739726,0.5998729357062691,584,30,26,0.6112286931818182,0.6113356550856551,0.598433644458749,26
V2-S,V2M-two_stage_user_local_reranker-v1,protocol_a_rollv2_cv3,2,2030,V2H-local-real,True,real_eeg,margin_power0p25_base0p075,fine_power_base_grid,0.25,0.075,0.6541095890410958,0.627076627076627,0.6541095890410958,0.6122759339426007,584,30,26,0.6144789411976912,0.6142450142450142,0.601473375531953,26
V2-S,V2M-two_stage_user_local_reranker-v1,protocol_a_rollv2_cv3,2,2030,V2H-local-real,True,real_eeg,margin_power0p25_base0p1,fine_power_base_grid,0.25,0.1,0.648972602739726,0.6256521256521257,0.648972602739726,0.609930254930255,584,30,26,0.6112212527056278,0.6121489621489622,0.6034760218860636,26
V2-S,V2M-two_stage_user_local_reranker-v1,protocol_a_rollv2_cv3,2,2030,V2H-local-real,True,real_eeg,margin_power0p25_base0p15,fine_power_base_grid,0.25,0.15,0.6421232876712328,0.6271682021682021,0.6421232876712328,0.6139426006092673,584,30,26,0.6190654310966811,0.619530007030007,0.6093409147802453,26
V2-S,V2M-two_stage_user_local_reranker-v1,protocol_a_rollv2_cv3,2,2030,V2H-local-real,True,real_eeg,margin_power0p3_base0p0,fine_power_base_grid,0.3,0.0,0.6506849315068494,0.6340312465312465,0.6506849315068494,0.6179725829725828,584,30,26,0.6166688086219336,0.61753108003108,0.5928190823588313,26
V2-S,V2M-two_stage_user_local_reranker-v1,protocol_a_rollv2_cv3,2,2030,V2H-local-real,True,real_eeg,margin_power0p3_base0p025,fine_power_base_grid,0.3,0.025,0.6541095890410958,0.6383581696081696,0.6541095890410958,0.6217225829725829,584,30,26,0.6180452967171717,0.6197580197580197,0.5946786825447913,26
V2-S,V2M-two_stage_user_local_reranker-v1,protocol_a_rollv2_cv3,2,2030,V2H-local-real,True,real_eeg,margin_power0p3_base0p05,fine_power_base_grid,0.3,0.05,0.6558219178082192,0.6351708476708476,0.6558219178082192,0.6165792849126183,584,30,26,0.620707859848485,0.6214852277352277,0.5971104674033545,26
V2-S,V2M-two_stage_user_local_reranker-v1,protocol_a_rollv2_cv3,2,2030,V2H-local-real,True,real_eeg,margin_power0p3_base0p075,fine_power_base_grid,0.3,0.075,0.6523972602739726,0.6260438635438634,0.6523972602739726,0.611909972743306,584,30,26,0.6134509154040404,0.6133655696155697,0.5993992060937667,26
V2-S,V2M-two_stage_user_local_reranker-v1,protocol_a_rollv2_cv3,2,2030,V2H-local-real,True,real_eeg,margin_power0p3_base0p1,fine_power_base_grid,0.3,0.1,0.6523972602739726,0.6256521256521257,0.6523972602739726,0.6110413660413662,584,30,26,0.6130900523088023,0.6128205128205129,0.6012230447376891,26
V2-S,V2M-two_stage_user_local_reranker-v1,protocol_a_rollv2_cv3,2,2030,V2H-local-real,True,real_eeg,margin_power0p3_base0p15,fine_power_base_grid,0.3,0.15,0.6506849315068494,0.6311720686720685,0.6506849315068494,0.6174126182459516,584,30,26,0.6165984623015872,0.617265836015836,0.6056217144083252,26
V2-S,V2M-two_stage_user_local_reranker-v1,protocol_a_rollv2_cv3,2,2030,V2H-local-real,True,real_eeg,margin_power0p35_base0p0,fine_power_base_grid,0.35,0.0,0.6506849315068494,0.6340312465312465,0.6506849315068494,0.6179725829725828,584,30,26,0.6166688086219336,0.61753108003108,0.5928190823588313,26
V2-S,V2M-two_stage_user_local_reranker-v1,protocol_a_rollv2_cv3,2,2030,V2H-local-real,True,real_eeg,margin_power0p35_base0p025,fine_power_base_grid,0.35,0.025,0.6541095890410958,0.6383581696081696,0.6541095890410958,0.6217225829725829,584,30,26,0.6180452967171717,0.6197580197580197,0.594249544040339,26
V2-S,V2M-two_stage_user_local_reranker-v1,protocol_a_rollv2_cv3,2,2030,V2H-local-real,True,real_eeg,margin_power0p35_base0p05,fine_power_base_grid,0.35,0.05,0.6558219178082192,0.6394799644799645,0.6558219178082192,0.6203138528138529,584,30,26,0.6200915404040404,0.6215596903096903,0.5959660980581483,26
V2-S,V2M-two_stage_user_local_reranker-v1,protocol_a_rollv2_cv3,2,2030,V2H-local-real,True,real_eeg,margin_power0p35_base0p075,fine_power_base_grid,0.35,0.075,0.6541095890410958,0.6291421541421541,0.6541095890410958,0.6145951579284913,584,30,26,0.6153259154040405,0.6153954841454842,0.5980402674963344,26
V2-S,V2M-two_stage_user_local_reranker-v1,protocol_a_rollv2_cv3,2,2030,V2H-local-real,True,real_eeg,margin_power0p35_base0p1,fine_power_base_grid,0.35,0.1,0.6506849315068494,0.6247618122618123,0.6506849315068494,0.6107988616321951,584,30,26,0.612305082070707,0.6120835183335184,0.5997568215141438,26
V2-S,V2M-two_stage_user_local_reranker-v1,protocol_a_rollv2_cv3,2,2030,V2H-local-real,True,real_eeg,margin_power0p35_base0p15,fine_power_base_grid,0.35,0.15,0.648972602739726,0.6248508436008435,0.648972602739726,0.6094342231842232,584,30,26,0.6103618777056278,0.6107066544566545,0.6029038372134606,26
V2-S,V2M-two_stage_user_local_reranker-v1,protocol_a_rollv2_cv3,2,2030,V2H-local-real,True,real_eeg,margin_power0p4_base0p0,fine_power_base_grid,0.4,0.0,0.6506849315068494,0.6340312465312465,0.6506849315068494,0.6179725829725828,584,30,26,0.6166688086219336,0.61753108003108,0.5928190823588313,26
V2-S,V2M-two_stage_user_local_reranker-v1,protocol_a_rollv2_cv3,2,2030,V2H-local-real,True,real_eeg,margin_power0p4_base0p025,fine_power_base_grid,0.4,0.025,0.6541095890410958,0.6383581696081696,0.6541095890410958,0.6217225829725829,584,30,26,0.6180452967171717,0.6197580197580197,0.5940707363301506,26
V2-S,V2M-two_stage_user_local_reranker-v1,protocol_a_rollv2_cv3,2,2030,V2H-local-real,True,real_eeg,margin_power0p4_base0p05,fine_power_base_grid,0.4,0.05,0.6506849315068494,0.6328026140526141,0.6506849315068494,0.6150559163059163,584,30,26,0.6153369633838384,0.6163392163392163,0.5954296749275829,26
V2-S,V2M-two_stage_user_local_reranker-v1,protocol_a_rollv2_cv3,2,2030,V2H-local-real,True,real_eeg,margin_power0p4_base0p075,fine_power_base_grid,0.4,0.075,0.6575342465753424,0.6396580271580271,0.6575342465753424,0.6301903960237294,584,30,26,0.6241169507575758,0.6249817312317312,0.5968601366090907,26
V2-S,V2M-two_stage_user_local_reranker-v1,protocol_a_rollv2_cv3,2,2030,V2H-local-real,True,real_eeg,margin_power0p4_base0p1,fine_power_base_grid,0.4,0.1,0.6541095890410958,0.6291421541421541,0.6541095890410958,0.6145951579284913,584,30,26,0.6153259154040405,0.6153954841454842,0.5983978829167114,26
V2-S,V2M-two_stage_user_local_reranker-v1,protocol_a_rollv2_cv3,2,2030,V2H-local-real,True,real_eeg,margin_power0p4_base0p15,fine_power_base_grid,0.4,0.15,0.648972602739726,0.6203814703814705,0.648972602739726,0.6055607663940997,584,30,26,0.6097764475108225,0.6094875032375032,0.6010442370275006,26
V2-S,V2M-two_stage_user_local_reranker-v1,protocol_a_rollv2_cv3,2,2030,V2H-local-real,True,real_eeg,margin_power0p5_base0p0,fine_power_base_grid,0.5,0.0,0.6506849315068494,0.6340312465312465,0.6506849315068494,0.6179725829725828,584,30,26,0.6166688086219336,0.61753108003108,0.5928190823588313,26
V2-S,V2M-two_stage_user_local_reranker-v1,protocol_a_rollv2_cv3,2,2030,V2H-local-real,True,real_eeg,margin_power0p5_base0p025,fine_power_base_grid,0.5,0.025,0.6506849315068494,0.6319479131979132,0.6506849315068494,0.6161670274170273,584,30,26,0.6136503427128426,0.614690170940171,0.5938204055358867,26
V2-S,V2M-two_stage_user_local_reranker-v1,protocol_a_rollv2_cv3,2,2030,V2H-local-real,True,real_eeg,margin_power0p5_base0p05,fine_power_base_grid,0.5,0.05,0.6541095890410958,0.6383581696081696,0.6541095890410958,0.6217225829725829,584,30,26,0.6180452967171717,0.6197580197580197,0.5945713979186783,26
V2-S,V2M-two_stage_user_local_reranker-v1,protocol_a_rollv2_cv3,2,2030,V2H-local-real,True,real_eeg,margin_power0p5_base0p075,fine_power_base_grid,0.5,0.075,0.6506849315068494,0.6322684260184259,0.6506849315068494,0.623786075036075,584,30,26,0.6153022411616161,0.6162323787323787,0.5955011980116582,26
V2-S,V2M-two_stage_user_local_reranker-v1,protocol_a_rollv2_cv3,2,2030,V2H-local-real,True,real_eeg,margin_power0p5_base0p1,fine_power_base_grid,0.5,0.1,0.6575342465753424,0.6396580271580271,0.6575342465753424,0.6303888087221421,584,30,26,0.620803345959596,0.6215240777740777,0.5962521903944498,26
V2-S,V2M-two_stage_user_local_reranker-v1,protocol_a_rollv2_cv3,2,2030,V2H-local-real,True,real_eeg,margin_power0p5_base0p15,fine_power_base_grid,0.5,0.15,0.6523972602739726,0.6278601028601027,0.6523972602739726,0.6136824595157929,584,30,26,0.613242582070707,0.6134724072224071,0.5986124521689375,26
V2-S,V2M-two_stage_user_local_reranker-v1,protocol_a_rollv2_cv3,3,2030,V2H-local-real,True,real_eeg,v2n_eeg_base_0p05,reference_score_family,1.0,0.05,0.6440129449838188,0.6517442244622327,0.6440129449838188,0.6564562884205742,618,28,24,0.6605148445183411,0.6632973276723277,0.5847066578773896,24
V2-S,V2M-two_stage_user_local_reranker-v1,protocol_a_rollv2_cv3,3,2030,V2H-local-real,True,real_eeg,sqrt_margin_eeg_base0p05,reference_score_family,0.5,0.05,0.6488673139158576,0.6687738210230793,0.6488673139158576,0.6712125242482385,618,28,24,0.6693282533317498,0.6814631125047792,0.5865011352816231,24
V2-S,V2M-two_stage_user_local_reranker-v1,protocol_a_rollv2_cv3,3,2030,V2H-local-real,True,real_eeg,margin_power0p25_base0p05,reference_score_family,0.25,0.05,0.6472491909385113,0.6744879105147423,0.6472491909385113,0.6716529072779072,618,28,24,0.6727314546370491,0.6871301114009448,0.5910788837618105,24
V2-S,V2M-two_stage_user_local_reranker-v1,protocol_a_rollv2_cv3,3,2030,V2H-local-real,True,real_eeg,margin_power0p1_base0p0,fine_power_base_grid,0.1,0.0,0.6407766990291263,0.646509679255261,0.6407766990291263,0.6509347464704608,618,28,24,0.6573194288229254,0.6600025745859079,0.5831685343880465,24
V2-S,V2M-two_stage_user_local_reranker-v1,protocol_a_rollv2_cv3,3,2030,V2H-local-real,True,real_eeg,margin_power0p1_base0p025,fine_power_base_grid,0.1,0.025,0.656957928802589,0.6916473460320209,0.656957928802589,0.6872363450042023,618,28,24,0.6868987655700943,0.7028802331927332,0.5947044605581191,24
V2-S,V2M-two_stage_user_local_reranker-v1,protocol_a_rollv2_cv3,3,2030,V2H-local-real,True,real_eeg,margin_power0p1_base0p05,fine_power_base_grid,0.1,0.05,0.656957928802589,0.6942526375735548,0.656957928802589,0.6907130964273822,618,28,24,0.6880886887005768,0.7019524264315932,0.6041895554090676,24
V2-S,V2M-two_stage_user_local_reranker-v1,protocol_a_rollv2_cv3,3,2030,V2H-local-real,True,real_eeg,margin_power0p1_base0p075,fine_power_base_grid,0.1,0.075,0.6585760517799353,0.6982144953429783,0.6585760517799353,0.6944772687629831,618,28,24,0.6881983013101894,0.7026347456555792,0.6107082692448546,24
V2-S,V2M-two_stage_user_local_reranker-v1,protocol_a_rollv2_cv3,3,2030,V2H-local-real,True,real_eeg,margin_power0p1_base0p1,fine_power_base_grid,0.1,0.1,0.6553398058252428,0.6927237920891173,0.6553398058252428,0.6892413538842109,618,28,24,0.6855733621467887,0.70070166330583,0.6173368490441661,24
V2-S,V2M-two_stage_user_local_reranker-v1,protocol_a_rollv2_cv3,3,2030,V2H-local-real,True,real_eeg,margin_power0p1_base0p15,fine_power_base_grid,0.1,0.15,0.6456310679611651,0.680929055088788,0.6456310679611651,0.6793954458240172,618,28,24,0.6739503891601794,0.687699118011618,0.6293122390683367,24
V2-S,V2M-two_stage_user_local_reranker-v1,protocol_a_rollv2_cv3,3,2030,V2H-local-real,True,real_eeg,margin_power0p15_base0p0,fine_power_base_grid,0.15,0.0,0.6407766990291263,0.646509679255261,0.6407766990291263,0.6509347464704608,618,28,24,0.6573194288229254,0.6600025745859079,0.5831685343880465,24
V2-S,V2M-two_stage_user_local_reranker-v1,protocol_a_rollv2_cv3,3,2030,V2H-local-real,True,real_eeg,margin_power0p15_base0p025,fine_power_base_grid,0.15,0.025,0.6504854368932039,0.6783941605147423,0.6504854368932039,0.6751605603391317,618,28,24,0.6758880202936147,0.690505883005883,0.5903464440049806,24
V2-S,V2M-two_stage_user_local_reranker-v1,protocol_a_rollv2_cv3,3,2030,V2H-local-real,True,real_eeg,margin_power0p15_base0p05,fine_power_base_grid,0.15,0.05,0.6553398058252428,0.6890010166669415,0.6553398058252428,0.6851275014667874,618,28,24,0.6843679630392917,0.6997034254325921,0.5975975975975976,24
V2-S,V2M-two_stage_user_local_reranker-v1,protocol_a_rollv2_cv3,3,2030,V2H-local-real,True,real_eeg,margin_power0p15_base0p075,fine_power_base_grid,0.15,0.075,0.656957928802589,0.6919965834425006,0.656957928802589,0.6887793357436215,618,28,24,0.6855081495815762,0.6996963723005388,0.6036036036036035,24
V2-S,V2M-two_stage_user_local_reranker-v1,protocol_a_rollv2_cv3,3,2030,V2H-local-real,True,real_eeg,margin_power0p15_base0p1,fine_power_base_grid,0.15,0.1,0.656957928802589,0.6971747866963618,0.656957928802589,0.6940662710305566,618,28,24,0.687331112943001,0.701466315320482,0.6073024243755951,24
V2-S,V2M-two_stage_user_local_reranker-v1,protocol_a_rollv2_cv3,3,2030,V2H-local-real,True,real_eeg,margin_power0p15_base0p15,fine_power_base_grid,0.15,0.15,0.6488673139158576,0.6874112920891172,0.6488673139158576,0.6843689049046192,618,28,24,0.6811250326984591,0.6967278978737311,0.6160917014575552,24
V2-S,V2M-two_stage_user_local_reranker-v1,protocol_a_rollv2_cv3,3,2030,V2H-local-real,True,real_eeg,margin_power0p2_base0p0,fine_power_base_grid,0.2,0.0,0.6407766990291263,0.646509679255261,0.6407766990291263,0.6509347464704608,618,28,24,0.6573194288229254,0.6600025745859079,0.5831685343880465,24
V2-S,V2M-two_stage_user_local_reranker-v1,protocol_a_rollv2_cv3,3,2030,V2H-local-real,True,real_eeg,margin_power0p2_base0p025,fine_power_base_grid,0.2,0.025,0.6504854368932039,0.6728742174947993,0.6504854368932039,0.670429180607752,618,28,24,0.6715398044069374,0.68498593998594,0.5881125027466491,24
V2-S,V2M-two_stage_user_local_reranker-v1,protocol_a_rollv2_cv3,3,2030,V2H-local-real,True,real_eeg,margin_power0p2_base0p05,fine_power_base_grid,0.2,0.05,0.6521035598705501,0.6865372169635585,0.6521035598705501,0.6828562343740916,618,28,24,0.6820107243184166,0.6977701041242708,0.5938255328499231,24
V2-S,V2M-two_stage_user_local_reranker-v1,protocol_a_rollv2_cv3,3,2030,V2H-local-real,True,real_eeg,margin_power0p2_base0p075,fine_power_base_grid,0.2,0.075,0.6537216828478964,0.6860248261907511,0.6537216828478964,0.682576481058624,618,28,24,0.682182648353977,0.6970992587659254,0.5984032813301106,24
V2-S,V2M-two_stage_user_local_reranker-v1,protocol_a_rollv2_cv3,3,2030,V2H-local-real,True,real_eeg,margin_power0p2_base0p1,fine_power_base_grid,0.2,0.1,0.6585760517799353,0.6937133754224506,0.6585760517799353,0.6903552994624425,618,28,24,0.6867985258719523,0.7009860548402216,0.6027246758954076,24
V2-S,V2M-two_stage_user_local_reranker-v1,protocol_a_rollv2_cv3,3,2030,V2H-local-real,True,real_eeg,margin_power0p2_base0p15,fine_power_base_grid,0.2,0.15,0.6553398058252428,0.6950934113830787,0.6553398058252428,0.692337246087246,618,28,24,0.685792373904262,0.6997081583539918,0.6097927195488171,24
V2-S,V2M-two_stage_user_local_reranker-v1,protocol_a_rollv2_cv3,3,2030,V2H-local-real,True,real_eeg,margin_power0p25_base0p0,fine_power_base_grid,0.25,0.0,0.6407766990291263,0.646509679255261,0.6407766990291263,0.6509347464704608,618,28,24,0.6573194288229254,0.6600025745859079,0.5831685343880465,24
V2-S,V2M-two_stage_user_local_reranker-v1,protocol_a_rollv2_cv3,3,2030,V2H-local-real,True,real_eeg,margin_power0p25_base0p025,fine_power_base_grid,0.25,0.025,0.6472491909385113,0.6693689264895082,0.6472491909385113,0.6674246454603597,618,28,24,0.6691755020426349,0.6822522539189206,0.5868673551600381,24
V2-S,V2M-two_stage_user_local_reranker-v1,protocol_a_rollv2_cv3,3,2030,V2H-local-real,True,real_eeg,margin_power0p25_base0p05,fine_power_base_grid,0.25,0.05,0.6472491909385113,0.6744879105147423,0.6472491909385113,0.6716529072779072,618,28,24,0.6727314546370491,0.6871301114009448,0.5910788837618105,24
V2-S,V2M-two_stage_user_local_reranker-v1,protocol_a_rollv2_cv3,3,2030,V2H-local-real,True,real_eeg,margin_power0p25_base0p075,fine_power_base_grid,0.25,0.075,0.6553398058252428,0.69075035529128,0.6553398058252428,0.6866269345733632,618,28,24,0.6854807391520679,0.7014527640569307,0.5954002783271076,24
V2-S,V2M-two_stage_user_local_reranker-v1,protocol_a_rollv2_cv3,3,2030,V2H-local-real,True,real_eeg,margin_power0p25_base0p1,fine_power_base_grid,0.25,0.1,0.6553398058252428,0.6882178086468915,0.6553398058252428,0.6845606080427509,618,28,24,0.6835562747276034,0.6985873540040206,0.5988061231963671,24
V2-S,V2M-two_stage_user_local_reranker-v1,protocol_a_rollv2_cv3,3,2030,V2H-local-real,True,real_eeg,margin_power0p25_base0p15,fine_power_base_grid,0.25,0.15,0.656957928802589,0.6935050420891171,0.656957928802589,0.6901767280338709,618,28,24,0.6858078498812765,0.7004999437291103,0.6050684831172637,24
V2-S,V2M-two_stage_user_local_reranker-v1,protocol_a_rollv2_cv3,3,2030,V2H-local-real,True,real_eeg,margin_power0p3_base0p0,fine_power_base_grid,0.3,0.0,0.6407766990291263,0.646509679255261,0.6407766990291263,0.6509347464704608,618,28,24,0.6573194288229254,0.6600025745859079,0.5831685343880465,24
V2-S,V2M-two_stage_user_local_reranker-v1,protocol_a_rollv2_cv3,3,2030,V2H-local-real,True,real_eeg,margin_power0p3_base0p025,fine_power_base_grid,0.3,0.025,0.6488673139158576,0.6704310179927763,0.6488673139158576,0.6733770264127407,618,28,24,0.6696514150185479,0.6819050316966985,0.5862447813667326,24
V2-S,V2M-two_stage_user_local_reranker-v1,protocol_a_rollv2_cv3,3,2030,V2H-local-real,True,real_eeg,margin_power0p3_base0p05,fine_power_base_grid,0.3,0.05,0.6504854368932039,0.6751534197740016,0.6504854368932039,0.672382782561354,618,28,24,0.674217468623063,0.6872651422651423,0.5893942723211015,24
V2-S,V2M-two_stage_user_local_reranker-v1,protocol_a_rollv2_cv3,3,2030,V2H-local-real,True,real_eeg,margin_power0p3_base0p075,fine_power_base_grid,0.3,0.075,0.6456310679611651,0.6777602107907189,0.6456310679611651,0.6753330862259432,618,28,24,0.6743864041940966,0.6889930979514313,0.5924338973119461,24
V2-S,V2M-two_stage_user_local_reranker-v1,protocol_a_rollv2_cv3,3,2030,V2H-local-real,True,real_eeg,margin_power0p3_base0p1,fine_power_base_grid,0.3,0.1,0.6553398058252428,0.69075035529128,0.6553398058252428,0.6866269345733632,618,28,24,0.6854807391520679,0.7014527640569307,0.5960228521204132,24
V2-S,V2M-two_stage_user_local_reranker-v1,protocol_a_rollv2_cv3,3,2030,V2H-local-real,True,real_eeg,margin_power0p3_base0p15,fine_power_base_grid,0.3,0.15,0.656957928802589,0.6934219191934942,0.656957928802589,0.6901054798376227,618,28,24,0.6859411761509663,0.7006945986112653,0.6014429063209551,24
V2-S,V2M-two_stage_user_local_reranker-v1,protocol_a_rollv2_cv3,3,2030,V2H-local-real,True,real_eeg,margin_power0p35_base0p0,fine_power_base_grid,0.35,0.0,0.6407766990291263,0.646509679255261,0.6407766990291263,0.6509347464704608,618,28,24,0.6573194288229254,0.6600025745859079,0.5831685343880465,24
V2-S,V2M-two_stage_user_local_reranker-v1,protocol_a_rollv2_cv3,3,2030,V2H-local-real,True,real_eeg,margin_power0p35_base0p025,fine_power_base_grid,0.35,0.025,0.6504854368932039,0.6698154876897459,0.6504854368932039,0.6721053813910957,618,28,24,0.6705520295555261,0.6825047791714458,0.5858785614883175,24
V2-S,V2M-two_stage_user_local_reranker-v1,protocol_a_rollv2_cv3,3,2030,V2H-local-real,True,real_eeg,margin_power0p35_base0p05,fine_power_base_grid,0.35,0.05,0.6504854368932039,0.6728742174947993,0.6504854368932039,0.670429180607752,618,28,24,0.6715398044069374,0.68498593998594,0.5878927708196,24
V2-S,V2M-two_stage_user_local_reranker-v1,protocol_a_rollv2_cv3,3,2030,V2H-local-real,True,real_eeg,margin_power0p35_base0p075,fine_power_base_grid,0.35,0.075,0.6472491909385113,0.6757814834994917,0.6472491909385113,0.6736370342620343,618,28,24,0.6727023171079115,0.687014370660204,0.5909323958104445,24
V2-S,V2M-two_stage_user_local_reranker-v1,protocol_a_rollv2_cv3,3,2030,V2H-local-real,True,real_eeg,margin_power0p35_base0p1,fine_power_base_grid,0.35,0.1,0.6488673139158576,0.6813771089388672,0.6488673139158576,0.678592723414152,618,28,24,0.6771059069135992,0.6920795177045177,0.593459312971508,24
V2-S,V2M-two_stage_user_local_reranker-v1,protocol_a_rollv2_cv3,3,2030,V2H-local-real,True,real_eeg,margin_power0p35_base0p15,fine_power_base_grid,0.35,0.15,0.6537216828478964,0.6870273324564152,0.6537216828478964,0.6835401998794856,618,28,24,0.6823574735288023,0.6973968778135444,0.5989526111477331,24
V2-S,V2M-two_stage_user_local_reranker-v1,protocol_a_rollv2_cv3,3,2030,V2H-local-real,True,real_eeg,margin_power0p4_base0p0,fine_power_base_grid,0.4,0.0,0.6407766990291263,0.646509679255261,0.6407766990291263,0.6509347464704608,618,28,24,0.6573194288229254,0.6600025745859079,0.5831685343880465,24
V2-S,V2M-two_stage_user_local_reranker-v1,protocol_a_rollv2_cv3,3,2030,V2H-local-real,True,real_eeg,margin_power0p4_base0p025,fine_power_base_grid,0.4,0.025,0.6504854368932039,0.6719789492282074,0.6504854368932039,0.6739597769954913,618,28,24,0.6730937186356767,0.6846682407099074,0.5855489635977441,24
V2-S,V2M-two_stage_user_local_reranker-v1,protocol_a_rollv2_cv3,3,2030,V2H-local-real,True,real_eeg,margin_power0p4_base0p05,fine_power_base_grid,0.4,0.05,0.6472491909385113,0.6693689264895082,0.6472491909385113,0.6674246454603597,618,28,24,0.6682042510713839,0.681480648980649,0.5873800629898192,24
V2-S,V2M-two_stage_user_local_reranker-v1,protocol_a_rollv2_cv3,3,2030,V2H-local-real,True,real_eeg,margin_power0p4_base0p075,fine_power_base_grid,0.4,0.075,0.6504854368932039,0.6751534197740016,0.6504854368932039,0.672382782561354,618,28,24,0.674217468623063,0.6872651422651423,0.5899436021387241,24
V2-S,V2M-two_stage_user_local_reranker-v1,protocol_a_rollv2_cv3,3,2030,V2H-local-real,True,real_eeg,margin_power0p4_base0p1,fine_power_base_grid,0.4,0.1,0.6472491909385113,0.6757814834994917,0.6472491909385113,0.6736370342620343,618,28,24,0.6727023171079115,0.687014370660204,0.591774701530799,24
V2-S,V2M-two_stage_user_local_reranker-v1,protocol_a_rollv2_cv3,3,2030,V2H-local-real,True,real_eeg,margin_power0p4_base0p15,fine_power_base_grid,0.4,0.15,0.6553398058252428,0.6899671472712301,0.6553398058252428,0.6860600411493268,618,28,24,0.6846690508403795,0.7003366926283592,0.5963158280231451,24
V2-S,V2M-two_stage_user_local_reranker-v1,protocol_a_rollv2_cv3,3,2030,V2H-local-real,True,real_eeg,margin_power0p5_base0p0,fine_power_base_grid,0.5,0.0,0.6407766990291263,0.646509679255261,0.6407766990291263,0.6509347464704608,618,28,24,0.6573194288229254,0.6600025745859079,0.5831685343880465,24
V2-S,V2M-two_stage_user_local_reranker-v1,protocol_a_rollv2_cv3,3,2030,V2H-local-real,True,real_eeg,margin_power0p5_base0p025,fine_power_base_grid,0.5,0.025,0.6440129449838188,0.6513796411288993,0.6440129449838188,0.6563032271960845,618,28,24,0.6602040442075408,0.6626800437217103,0.5848897678165971,24
V2-S,V2M-two_stage_user_local_reranker-v1,protocol_a_rollv2_cv3,3,2030,V2H-local-real,True,real_eeg,margin_power0p5_base0p05,fine_power_base_grid,0.5,0.05,0.6488673139158576,0.6687738210230793,0.6488673139158576,0.6712125242482385,618,28,24,0.6693282533317498,0.6814631125047792,0.5865011352816231,24
V2-S,V2M-two_stage_user_local_reranker-v1,protocol_a_rollv2_cv3,3,2030,V2H-local-real,True,real_eeg,margin_power0p5_base0p075,fine_power_base_grid,0.5,0.075,0.6488673139158576,0.6716837413043231,0.6488673139158576,0.6694087724444867,618,28,24,0.670341003208136,0.6837954637954639,0.5879660147952831,24
V2-S,V2M-two_stage_user_local_reranker-v1,protocol_a_rollv2_cv3,3,2030,V2H-local-real,True,real_eeg,margin_power0p5_base0p1,fine_power_base_grid,0.5,0.1,0.6504854368932039,0.6741677904795487,0.6504854368932039,0.672413307591879,618,28,24,0.6715106668777997,0.6848701992451992,0.5895773822603091,24
V2-S,V2M-two_stage_user_local_reranker-v1,protocol_a_rollv2_cv3,3,2030,V2H-local-real,True,real_eeg,margin_power0p5_base0p15,fine_power_base_grid,0.5,0.15,0.6423948220064725,0.670029168684677,0.6423948220064725,0.6687064787064788,618,28,24,0.6673312992368936,0.6812620558453891,0.5928733611660442,24
V2-S,V2M-two_stage_user_local_reranker-v1,protocol_a_rollv2_cv3,1,2026,V2H-local-shuffle,False,shuffle_eeg_control,v2n_eeg_base_0p05,reference_score_family,1.0,0.05,0.6471571906354515,0.6547665561951277,0.6471571906354515,0.686302343159486,598,35,28,0.6395387779716138,0.6356258804026662,0.604581742450538,28
V2-S,V2M-two_stage_user_local_reranker-v1,protocol_a_rollv2_cv3,1,2026,V2H-local-shuffle,False,shuffle_eeg_control,sqrt_margin_eeg_base0p05,reference_score_family,0.5,0.05,0.6471571906354515,0.6545350747136462,0.6471571906354515,0.6832373393801966,598,35,28,0.6367099567099568,0.6320183553219267,0.604581742450538,28
V2-S,V2M-two_stage_user_local_reranker-v1,protocol_a_rollv2_cv3,1,2026,V2H-local-shuffle,False,shuffle_eeg_control,margin_power0p25_base0p05,reference_score_family,0.25,0.05,0.657190635451505,0.6573241903599047,0.657190635451505,0.6818972033257747,598,35,28,0.6440423424005514,0.6382541829863257,0.6059354390836514,28
V2-S,V2M-two_stage_user_local_reranker-v1,protocol_a_rollv2_cv3,1,2026,V2H-local-shuffle,False,shuffle_eeg_control,margin_power0p1_base0p0,fine_power_base_grid,0.1,0.0,0.6471571906354515,0.6583379847665564,0.6471571906354515,0.6927309145880575,598,35,28,0.639688031702957,0.6361615946883805,0.6040263797292607,28
V2-S,V2M-two_stage_user_local_reranker-v1,protocol_a_rollv2_cv3,1,2026,V2H-local-shuffle,False,shuffle_eeg_control,margin_power0p1_base0p025,fine_power_base_grid,0.1,0.025,0.6588628762541806,0.6702800671550673,0.6588628762541806,0.6797619047619048,598,35,28,0.6425699424953156,0.635892599464028,0.606664352655328,28
V2-S,V2M-two_stage_user_local_reranker-v1,protocol_a_rollv2_cv3,1,2026,V2H-local-shuffle,False,shuffle_eeg_control,margin_power0p1_base0p05,fine_power_base_grid,0.1,0.05,0.6454849498327759,0.6549219794755509,0.6454849498327759,0.6583484504913076,598,35,28,0.6285933966530982,0.6236198292448293,0.6086428323498786,28
V2-S,V2M-two_stage_user_local_reranker-v1,protocol_a_rollv2_cv3,1,2026,V2H-local-shuffle,False,shuffle_eeg_control,margin_power0p1_base0p075,fine_power_base_grid,0.1,0.075,0.6521739130434783,0.664336480318623,0.6521739130434783,0.6666889644746787,598,35,28,0.6286867610001938,0.6252015477908335,0.6124262408885803,28
V2-S,V2M-two_stage_user_local_reranker-v1,protocol_a_rollv2_cv3,1,2026,V2H-local-shuffle,False,shuffle_eeg_control,margin_power0p1_base0p1,fine_power_base_grid,0.1,0.1,0.6521739130434783,0.6606559247630676,0.6521739130434783,0.6637445200302343,598,35,28,0.6282804591759815,0.6241109865663438,0.6146824019437696,28
V2-S,V2M-two_stage_user_local_reranker-v1,protocol_a_rollv2_cv3,1,2026,V2H-local-shuffle,False,shuffle_eeg_control,margin_power0p1_base0p15,fine_power_base_grid,0.1,0.15,0.6421404682274248,0.6488907058549914,0.6421404682274248,0.6513408919123205,598,35,28,0.623885873661993,0.6207884757438329,0.6189864630336688,28
V2-S,V2M-two_stage_user_local_reranker-v1,protocol_a_rollv2_cv3,1,2026,V2H-local-shuffle,False,shuffle_eeg_control,margin_power0p15_base0p0,fine_power_base_grid,0.15,0.0,0.6471571906354515,0.6583379847665564,0.6471571906354515,0.6927309145880575,598,35,28,0.639688031702957,0.6361615946883805,0.6040263797292607,28
V2-S,V2M-two_stage_user_local_reranker-v1,protocol_a_rollv2_cv3,1,2026,V2H-local-shuffle,False,shuffle_eeg_control,margin_power0p15_base0p025,fine_power_base_grid,0.15,0.025,0.6588628762541806,0.6583162538519682,0.6588628762541806,0.6826908541194255,598,35,28,0.6451202860158084,0.6392462464783893,0.6059007289135716,28
V2-S,V2M-two_stage_user_local_reranker-v1,protocol_a_rollv2_cv3,1,2026,V2H-local-shuffle,False,shuffle_eeg_control,margin_power0p15_base0p05,fine_power_base_grid,0.15,0.05,0.6488294314381271,0.6602932946682947,0.6488294314381271,0.6701851851851852,598,35,28,0.6347672890956474,0.628882017453446,0.6076015272474835,28
V2-S,V2M-two_stage_user_local_reranker-v1,protocol_a_rollv2_cv3,1,2026,V2H-local-shuffle,False,shuffle_eeg_control,margin_power0p15_base0p075,fine_power_base_grid,0.15,0.075,0.6454849498327759,0.6549219794755509,0.6454849498327759,0.6583484504913076,598,35,28,0.6285933966530982,0.6236198292448293,0.608746962860118,28
V2-S,V2M-two_stage_user_local_reranker-v1,protocol_a_rollv2_cv3,1,2026,V2H-local-shuffle,False,shuffle_eeg_control,margin_power0p15_base0p1,fine_power_base_grid,0.15,0.1,0.6521739130434783,0.6613839104017675,0.6521739130434783,0.6643269085411942,598,35,28,0.6259729491072775,0.6221639438603725,0.6103783408538702,28
V2-S,V2M-two_stage_user_local_reranker-v1,protocol_a_rollv2_cv3,1,2026,V2H-local-shuffle,False,shuffle_eeg_control,margin_power0p15_base0p15,fine_power_base_grid,0.15,0.15,0.6521739130434783,0.6606559247630676,0.6521739130434783,0.6637445200302343,598,35,28,0.6273565075057612,0.6232606464302892,0.6143353002429712,28
V2-S,V2M-two_stage_user_local_reranker-v1,protocol_a_rollv2_cv3,1,2026,V2H-local-shuffle,False,shuffle_eeg_control,margin_power0p2_base0p0,fine_power_base_grid,0.2,0.0,0.6471571906354515,0.6583379847665564,0.6471571906354515,0.6927309145880575,598,35,28,0.639688031702957,0.6361615946883805,0.6040263797292607,28
V2-S,V2M-two_stage_user_local_reranker-v1,protocol_a_rollv2_cv3,1,2026,V2H-local-shuffle,False,shuffle_eeg_control,margin_power0p2_base0p025,fine_power_base_grid,0.2,0.025,0.6538461538461539,0.65943870283156,0.6538461538461539,0.6871602418745277,598,35,28,0.6398028256983481,0.6341583779976637,0.604790003471017,28
V2-S,V2M-two_stage_user_local_reranker-v1,protocol_a_rollv2_cv3,1,2026,V2H-local-shuffle,False,shuffle_eeg_control,margin_power0p2_base0p05,fine_power_base_grid,0.2,0.05,0.6588628762541806,0.6718744549101692,0.6588628762541806,0.6935374149659864,598,35,28,0.6422595894983955,0.635815360235003,0.60624783061437,28
V2-S,V2M-two_stage_user_local_reranker-v1,protocol_a_rollv2_cv3,1,2026,V2H-local-shuffle,False,shuffle_eeg_control,margin_power0p2_base0p075,fine_power_base_grid,0.2,0.075,0.6471571906354515,0.6594004375254375,0.6471571906354515,0.6694708994708994,598,35,28,0.630936443324503,0.6253849936439222,0.607913918778202,28
V2-S,V2M-two_stage_user_local_reranker-v1,protocol_a_rollv2_cv3,1,2026,V2H-local-shuffle,False,shuffle_eeg_control,margin_power0p2_base0p1,fine_power_base_grid,0.2,0.1,0.6471571906354515,0.655814836618408,0.6471571906354515,0.6590627362055933,598,35,28,0.6296381727725012,0.6245126863876864,0.6087469628601181,28
V2-S,V2M-two_stage_user_local_reranker-v1,protocol_a_rollv2_cv3,1,2026,V2H-local-shuffle,False,shuffle_eeg_control,margin_power0p2_base0p15,fine_power_base_grid,0.2,0.15,0.6505016722408027,0.6610201537880108,0.6505016722408027,0.6640359032501889,598,35,28,0.6266232689367018,0.6230190081082938,0.6117667476570635,28
V2-S,V2M-two_stage_user_local_reranker-v1,protocol_a_rollv2_cv3,1,2026,V2H-local-shuffle,False,shuffle_eeg_control,margin_power0p25_base0p0,fine_power_base_grid,0.25,0.0,0.6471571906354515,0.6583379847665564,0.6471571906354515,0.6927309145880575,598,35,28,0.639688031702957,0.6361615946883805,0.6040263797292607,28
V2-S,V2M-two_stage_user_local_reranker-v1,protocol_a_rollv2_cv3,1,2026,V2H-local-shuffle,False,shuffle_eeg_control,margin_power0p25_base0p025,fine_power_base_grid,0.25,0.025,0.6488294314381271,0.6585033286819002,0.6488294314381271,0.6864119425547998,598,35,28,0.6400267062953631,0.6359866092901808,0.6045470322804583,28
V2-S,V2M-two_stage_user_local_reranker-v1,protocol_a_rollv2_cv3,1,2026,V2H-local-shuffle,False,shuffle_eeg_control,margin_power0p25_base0p05,fine_power_base_grid,0.25,0.05,0.657190635451505,0.6573241903599047,0.657190635451505,0.6818972033257747,598,35,28,0.6440423424005514,0.6382541829863257,0.6059354390836514,28
V2-S,V2M-two_stage_user_local_reranker-v1,protocol_a_rollv2_cv3,1,2026,V2H-local-shuffle,False,shuffle_eeg_control,margin_power0p25_base0p075,fine_power_base_grid,0.25,0.075,0.6588628762541806,0.6718508343508345,0.6588628762541806,0.6935185185185185,598,35,28,0.644054187934785,0.6377758666597951,0.6067684831655675,28
V2-S,V2M-two_stage_user_local_reranker-v1,protocol_a_rollv2_cv3,1,2026,V2H-local-shuffle,False,shuffle_eeg_control,margin_power0p25_base0p1,fine_power_base_grid,0.25,0.1,0.6471571906354515,0.6594004375254375,0.6471571906354515,0.6694708994708994,598,35,28,0.6320558463095777,0.6265010650724935,0.6082263103089205,28
V2-S,V2M-two_stage_user_local_reranker-v1,protocol_a_rollv2_cv3,1,2026,V2H-local-shuffle,False,shuffle_eeg_control,margin_power0p25_base0p15,fine_power_base_grid,0.25,0.15,0.6454849498327759,0.6536032981568696,0.6454849498327759,0.6563167044595615,598,35,28,0.6250384441429218,0.620989959114959,0.6095452967719541,28
V2-S,V2M-two_stage_user_local_reranker-v1,protocol_a_rollv2_cv3,1,2026,V2H-local-shuffle,False,shuffle_eeg_control,margin_power0p3_base0p0,fine_power_base_grid,0.3,0.0,0.6471571906354515,0.6583379847665564,0.6471571906354515,0.6927309145880575,598,35,28,0.639688031702957,0.6361615946883805,0.6040263797292607,28
V2-S,V2M-two_stage_user_local_reranker-v1,protocol_a_rollv2_cv3,1,2026,V2H-local-shuffle,False,shuffle_eeg_control,margin_power0p3_base0p025,fine_power_base_grid,0.3,0.025,0.6488294314381271,0.6554279318565034,0.6488294314381271,0.6839516250944823,598,35,28,0.6376801059636881,0.6329112124647839,0.6043387712599793,28
V2-S,V2M-two_stage_user_local_reranker-v1,protocol_a_rollv2_cv3,1,2026,V2H-local-shuffle,False,shuffle_eeg_control,margin_power0p3_base0p05,fine_power_base_grid,0.3,0.05,0.6538461538461539,0.65943870283156,0.6538461538461539,0.6871602418745277,598,35,28,0.6416270379703215,0.6361425049817907,0.6056577577230129,28
V2-S,V2M-two_stage_user_local_reranker-v1,protocol_a_rollv2_cv3,1,2026,V2H-local-shuffle,False,shuffle_eeg_control,margin_power0p3_base0p075,fine_power_base_grid,0.3,0.075,0.6605351170568562,0.6727673120530264,0.6605351170568562,0.6942517006802721,598,35,28,0.6432297387521269,0.6367082173778602,0.6064213814647692,28
V2-S,V2M-two_stage_user_local_reranker-v1,protocol_a_rollv2_cv3,1,2026,V2H-local-shuffle,False,shuffle_eeg_control,margin_power0p3_base0p1,fine_power_base_grid,0.3,0.1,0.6588628762541806,0.6718508343508345,0.6588628762541806,0.6935185185185185,598,35,28,0.644054187934785,0.6377758666597951,0.6072197153766054,28
V2-S,V2M-two_stage_user_local_reranker-v1,protocol_a_rollv2_cv3,1,2026,V2H-local-shuffle,False,shuffle_eeg_control,margin_power0p3_base0p15,fine_power_base_grid,0.3,0.15,0.6471571906354515,0.659783090586662,0.6471571906354515,0.6697770219198791,598,35,28,0.6282783054424846,0.6231634800384801,0.6086081221797986,28
V2-S,V2M-two_stage_user_local_reranker-v1,protocol_a_rollv2_cv3,1,2026,V2H-local-shuffle,False,shuffle_eeg_control,margin_power0p35_base0p0,fine_power_base_grid,0.35,0.0,0.6471571906354515,0.6583379847665564,0.6471571906354515,0.6927309145880575,598,35,28,0.639688031702957,0.6361615946883805,0.6040263797292607,28
V2-S,V2M-two_stage_user_local_reranker-v1,protocol_a_rollv2_cv3,1,2026,V2H-local-shuffle,False,shuffle_eeg_control,margin_power0p35_base0p025,fine_power_base_grid,0.35,0.025,0.6488294314381271,0.6587348101633816,0.6488294314381271,0.6891368102796674,598,35,28,0.6379454459305206,0.6334403129938845,0.6043387712599793,28
V2-S,V2M-two_stage_user_local_reranker-v1,protocol_a_rollv2_cv3,1,2026,V2H-local-shuffle,False,shuffle_eeg_control,margin_power0p35_base0p05,fine_power_base_grid,0.35,0.05,0.6521739130434783,0.6600339409267981,0.6521739130434783,0.6876364323507181,598,35,28,0.6410537141134156,0.6368794664330378,0.6051718153418951,28
V2-S,V2M-two_stage_user_local_reranker-v1,protocol_a_rollv2_cv3,1,2026,V2H-local-shuffle,False,shuffle_eeg_control,margin_power0p35_base0p075,fine_power_base_grid,0.35,0.075,0.6555183946488294,0.6605129658701089,0.6555183946488294,0.6880196523053667,598,35,28,0.6436372251297624,0.6384072442108156,0.6063172509545296,28
V2-S,V2M-two_stage_user_local_reranker-v1,protocol_a_rollv2_cv3,1,2026,V2H-local-shuffle,False,shuffle_eeg_control,margin_power0p35_base0p1,fine_power_base_grid,0.35,0.1,0.657190635451505,0.6712130792487935,0.657190635451505,0.6930083144368859,598,35,28,0.6414304021020439,0.6351539845736273,0.6065602221450885,28
V2-S,V2M-two_stage_user_local_reranker-v1,protocol_a_rollv2_cv3,1,2026,V2H-local-shuffle,False,shuffle_eeg_control,margin_power0p35_base0p15,fine_power_base_grid,0.35,0.15,0.6471571906354515,0.6594004375254375,0.6471571906354515,0.6694708994708994,598,35,28,0.6338717667075876,0.6279891603105889,0.6084692814994793,28
V2-S,V2M-two_stage_user_local_reranker-v1,protocol_a_rollv2_cv3,1,2026,V2H-local-shuffle,False,shuffle_eeg_control,margin_power0p4_base0p0,fine_power_base_grid,0.4,0.0,0.6471571906354515,0.6583379847665564,0.6471571906354515,0.6927309145880575,598,35,28,0.639688031702957,0.6361615946883805,0.6040263797292607,28
V2-S,V2M-two_stage_user_local_reranker-v1,protocol_a_rollv2_cv3,1,2026,V2H-local-shuffle,False,shuffle_eeg_control,margin_power0p4_base0p025,fine_power_base_grid,0.4,0.025,0.6488294314381271,0.6587348101633816,0.6488294314381271,0.6894769463340893,598,35,28,0.6389440244664125,0.634603153129939,0.6045123221103783,28
V2-S,V2M-two_stage_user_local_reranker-v1,protocol_a_rollv2_cv3,1,2026,V2H-local-shuffle,False,shuffle_eeg_control,margin_power0p4_base0p05,fine_power_base_grid,0.4,0.05,0.6488294314381271,0.6585033286819002,0.6488294314381271,0.6864119425547998,598,35,28,0.6382854127630248,0.6344985140520855,0.6046164526206179,28
V2-S,V2M-two_stage_user_local_reranker-v1,protocol_a_rollv2_cv3,1,2026,V2H-local-shuffle,False,shuffle_eeg_control,margin_power0p4_base0p075,fine_power_base_grid,0.4,0.075,0.6555183946488294,0.6624148933077506,0.6555183946488294,0.68954119425548,598,35,28,0.6435460145161638,0.6386935253899539,0.6057965984033321,28
V2-S,V2M-two_stage_user_local_reranker-v1,protocol_a_rollv2_cv3,1,2026,V2H-local-shuffle,False,shuffle_eeg_control,margin_power0p4_base0p1,fine_power_base_grid,0.4,0.1,0.6588628762541806,0.6620671986743416,0.6588628762541806,0.6892630385487529,598,35,28,0.6454365617798453,0.6399614770150484,0.6064213814647692,28
V2-S,V2M-two_stage_user_local_reranker-v1,protocol_a_rollv2_cv3,1,2026,V2H-local-shuffle,False,shuffle_eeg_control,margin_power0p4_base0p15,fine_power_base_grid,0.4,0.15,0.6521739130434783,0.6663519681376824,0.6521739130434783,0.6883257747543462,598,35,28,0.6394652279726907,0.6337650956847386,0.6075668170774037,28
V2-S,V2M-two_stage_user_local_reranker-v1,protocol_a_rollv2_cv3,1,2026,V2H-local-shuffle,False,shuffle_eeg_control,margin_power0p5_base0p0,fine_power_base_grid,0.5,0.0,0.6471571906354515,0.6583379847665564,0.6471571906354515,0.6927309145880575,598,35,28,0.639688031702957,0.6361615946883805,0.6040263797292607,28
V2-S,V2M-two_stage_user_local_reranker-v1,protocol_a_rollv2_cv3,1,2026,V2H-local-shuffle,False,shuffle_eeg_control,margin_power0p5_base0p025,fine_power_base_grid,0.5,0.025,0.6488294314381271,0.6587348101633816,0.6488294314381271,0.6894769463340893,598,35,28,0.6403121836703927,0.6360912483680341,0.6044429017702188,28
V2-S,V2M-two_stage_user_local_reranker-v1,protocol_a_rollv2_cv3,1,2026,V2H-local-shuffle,False,shuffle_eeg_control,margin_power0p5_base0p05,fine_power_base_grid,0.5,0.05,0.6471571906354515,0.6545350747136462,0.6471571906354515,0.6832373393801966,598,35,28,0.6367099567099568,0.6320183553219267,0.604581742450538,28
V2-S,V2M-two_stage_user_local_reranker-v1,protocol_a_rollv2_cv3,1,2026,V2H-local-shuffle,False,shuffle_eeg_control,margin_power0p5_base0p075,fine_power_base_grid,0.5,0.075,0.6488294314381271,0.6585033286819002,0.6488294314381271,0.6864119425547998,598,35,28,0.6382854127630248,0.6344985140520855,0.6051718153418952,28
V2-S,V2M-two_stage_user_local_reranker-v1,protocol_a_rollv2_cv3,1,2026,V2H-local-shuffle,False,shuffle_eeg_control,margin_power0p5_base0p1,fine_power_base_grid,0.5,0.1,0.6538461538461539,0.6612244171172744,0.6538461538461539,0.6885888133030991,598,35,28,0.6441714587236975,0.640054069607641,0.6058313085734119,28
V2-S,V2M-two_stage_user_local_reranker-v1,protocol_a_rollv2_cv3,1,2026,V2H-local-shuffle,False,shuffle_eeg_control,margin_power0p5_base0p15,fine_power_base_grid,0.5,0.15,0.6588628762541806,0.6792629658701088,0.6588628762541806,0.7030196523053667,598,35,28,0.6464315866554673,0.6412842283377997,0.6066990628254079,28
V2-S,V2M-two_stage_user_local_reranker-v1,protocol_a_rollv2_cv3,2,2026,V2H-local-shuffle,False,shuffle_eeg_control,v2n_eeg_base_0p05,reference_score_family,1.0,0.05,0.6198630136986302,0.6411858974358975,0.6198630136986302,0.6251388888888889,584,30,26,0.6230122655122655,0.6204083416583418,0.6484640417694811,26
V2-S,V2M-two_stage_user_local_reranker-v1,protocol_a_rollv2_cv3,2,2026,V2H-local-shuffle,False,shuffle_eeg_control,sqrt_margin_eeg_base0p05,reference_score_family,0.5,0.05,0.6301369863013698,0.6569037444037444,0.6301369863013698,0.6387610229276895,584,30,26,0.6400103715728716,0.6387549487549489,0.6501090727032149,26
V2-S,V2M-two_stage_user_local_reranker-v1,protocol_a_rollv2_cv3,2,2026,V2H-local-shuffle,False,shuffle_eeg_control,margin_power0p25_base0p05,reference_score_family,0.25,0.05,0.6386986301369864,0.6552031302031304,0.6386986301369864,0.6308056758056758,584,30,26,0.6409750405844157,0.64109681984682,0.6544719808318135,26
V2-S,V2M-two_stage_user_local_reranker-v1,protocol_a_rollv2_cv3,2,2026,V2H-local-shuffle,False,shuffle_eeg_control,margin_power0p1_base0p0,fine_power_base_grid,0.1,0.0,0.6164383561643836,0.6384615384615385,0.6164383561643836,0.6216666666666666,584,30,26,0.6169147952741703,0.6142728105228106,0.6478203340128026,26
V2-S,V2M-two_stage_user_local_reranker-v1,protocol_a_rollv2_cv3,2,2026,V2H-local-shuffle,False,shuffle_eeg_control,margin_power0p1_base0p025,fine_power_base_grid,0.1,0.025,0.6421232876712328,0.6496207496207496,0.6421232876712328,0.6241157607824275,584,30,26,0.6373701298701299,0.6361340973840974,0.6572613811107535,26
V2-S,V2M-two_stage_user_local_reranker-v1,protocol_a_rollv2_cv3,2,2026,V2H-local-shuffle,False,shuffle_eeg_control,margin_power0p1_base0p05,fine_power_base_grid,0.1,0.05,0.6335616438356164,0.6376967939467939,0.6335616438356164,0.6182790203623536,584,30,26,0.6313047889610389,0.6300572113072113,0.6648070664807066,26
V2-S,V2M-two_stage_user_local_reranker-v1,protocol_a_rollv2_cv3,2,2026,V2H-local-shuffle,False,shuffle_eeg_control,margin_power0p1_base0p075,fine_power_base_grid,0.1,0.075,0.6335616438356164,0.6445878195878196,0.6335616438356164,0.632399390732724,584,30,26,0.6331884695165946,0.6335309597809597,0.6708150055430391,26
V2-S,V2M-two_stage_user_local_reranker-v1,protocol_a_rollv2_cv3,2,2026,V2H-local-shuffle,False,shuffle_eeg_control,margin_power0p1_base0p1,fine_power_base_grid,0.1,0.1,0.6318493150684932,0.6439696877196878,0.6318493150684932,0.6318636764470097,584,30,26,0.6353375270562769,0.63626295001295,0.674891821335336,26
V2-S,V2M-two_stage_user_local_reranker-v1,protocol_a_rollv2_cv3,2,2026,V2H-local-shuffle,False,shuffle_eeg_control,margin_power0p1_base0p15,fine_power_base_grid,0.1,0.15,0.6335616438356164,0.6439428626928627,0.6335616438356164,0.6343404280904281,584,30,26,0.6364224837662338,0.6380096292596293,0.6802560526409899,26
V2-S,V2M-two_stage_user_local_reranker-v1,protocol_a_rollv2_cv3,2,2026,V2H-local-shuffle,False,shuffle_eeg_control,margin_power0p15_base0p0,fine_power_base_grid,0.15,0.0,0.6164383561643836,0.6384615384615385,0.6164383561643836,0.6216666666666666,584,30,26,0.6169147952741703,0.6142728105228106,0.6478203340128026,26
V2-S,V2M-two_stage_user_local_reranker-v1,protocol_a_rollv2_cv3,2,2026,V2H-local-shuffle,False,shuffle_eeg_control,margin_power0p15_base0p025,fine_power_base_grid,0.15,0.025,0.636986301369863,0.651998001998002,0.636986301369863,0.628027898027898,584,30,26,0.6372818587662338,0.6376003163503164,0.6540786038693988,26
V2-S,V2M-two_stage_user_local_reranker-v1,protocol_a_rollv2_cv3,2,2026,V2H-local-shuffle,False,shuffle_eeg_control,margin_power0p15_base0p05,fine_power_base_grid,0.15,0.05,0.636986301369863,0.644528157028157,0.636986301369863,0.6197021805355138,584,30,26,0.6313024215367966,0.6299731287231288,0.6593713120909773,26
V2-S,V2M-two_stage_user_local_reranker-v1,protocol_a_rollv2_cv3,2,2026,V2H-local-shuffle,False,shuffle_eeg_control,margin_power0p15_base0p075,fine_power_base_grid,0.15,0.075,0.636986301369863,0.6437865375365376,0.636986301369863,0.6259377505210839,584,30,26,0.6331103445165944,0.6324290061790061,0.6638057433036513,26
V2-S,V2M-two_stage_user_local_reranker-v1,protocol_a_rollv2_cv3,2,2026,V2H-local-shuffle,False,shuffle_eeg_control,margin_power0p15_base0p1,fine_power_base_grid,0.15,0.1,0.6318493150684932,0.6421865171865172,0.6318493150684932,0.6303182619849286,584,30,26,0.6321344020562771,0.6321980334480334,0.6678467975539105,26
V2-S,V2M-two_stage_user_local_reranker-v1,protocol_a_rollv2_cv3,2,2026,V2H-local-shuffle,False,shuffle_eeg_control,margin_power0p15_base0p15,fine_power_base_grid,0.15,0.15,0.6318493150684932,0.643649174899175,0.6318493150684932,0.6315858986692321,584,30,26,0.6314312770562771,0.6320962833462833,0.6737474519901299,26
V2-S,V2M-two_stage_user_local_reranker-v1,protocol_a_rollv2_cv3,2,2026,V2H-local-shuffle,False,shuffle_eeg_control,margin_power0p2_base0p0,fine_power_base_grid,0.2,0.0,0.6164383561643836,0.6384615384615385,0.6164383561643836,0.6216666666666666,584,30,26,0.6169147952741703,0.6142728105228106,0.6478203340128026,26
V2-S,V2M-two_stage_user_local_reranker-v1,protocol_a_rollv2_cv3,2,2026,V2H-local-shuffle,False,shuffle_eeg_control,margin_power0p2_base0p025,fine_power_base_grid,0.2,0.025,0.6301369863013698,0.65232498982499,0.6301369863013698,0.6353218694885362,584,30,26,0.6349643759018759,0.6344869944869944,0.6526839037299289,26
V2-S,V2M-two_stage_user_local_reranker-v1,protocol_a_rollv2_cv3,2,2026,V2H-local-shuffle,False,shuffle_eeg_control,margin_power0p2_base0p05,fine_power_base_grid,0.2,0.05,0.6438356164383562,0.657173150923151,0.6438356164383562,0.6325130270963604,584,30,26,0.6408435921717172,0.641151394901395,0.6562958194757358,26
V2-S,V2M-two_stage_user_local_reranker-v1,protocol_a_rollv2_cv3,2,2026,V2H-local-shuffle,False,shuffle_eeg_control,margin_power0p2_base0p075,fine_power_base_grid,0.2,0.075,0.636986301369863,0.644528157028157,0.636986301369863,0.6197021805355138,584,30,26,0.6313024215367966,0.6299731287231288,0.6596574044272789,26
V2-S,V2M-two_stage_user_local_reranker-v1,protocol_a_rollv2_cv3,2,2026,V2H-local-shuffle,False,shuffle_eeg_control,margin_power0p2_base0p1,fine_power_base_grid,0.2,0.1,0.6472602739726028,0.6569518444518446,0.6472602739726028,0.6378767837101171,584,30,26,0.6446805104617604,0.6440618178118178,0.663018989378822,26
V2-S,V2M-two_stage_user_local_reranker-v1,protocol_a_rollv2_cv3,2,2026,V2H-local-shuffle,False,shuffle_eeg_control,margin_power0p2_base0p15,fine_power_base_grid,0.2,0.15,0.6318493150684932,0.6421865171865172,0.6318493150684932,0.6303182619849286,584,30,26,0.6321344020562771,0.6321980334480334,0.6688123591889281,26
V2-S,V2M-two_stage_user_local_reranker-v1,protocol_a_rollv2_cv3,2,2026,V2H-local-shuffle,False,shuffle_eeg_control,margin_power0p25_base0p0,fine_power_base_grid,0.25,0.0,0.6164383561643836,0.6384615384615385,0.6164383561643836,0.6216666666666666,584,30,26,0.6169147952741703,0.6142728105228106,0.6478203340128026,26
V2-S,V2M-two_stage_user_local_reranker-v1,protocol_a_rollv2_cv3,2,2026,V2H-local-shuffle,False,shuffle_eeg_control,margin_power0p25_base0p025,fine_power_base_grid,0.25,0.025,0.6284246575342466,0.6523784086284088,0.6284246575342466,0.6353681657848325,584,30,26,0.6325969516594517,0.6317237854737855,0.6512176805063834,26
V2-S,V2M-two_stage_user_local_reranker-v1,protocol_a_rollv2_cv3,2,2026,V2H-local-shuffle,False,shuffle_eeg_control,margin_power0p25_base0p05,fine_power_base_grid,0.25,0.05,0.6386986301369864,0.6552031302031304,0.6386986301369864,0.6308056758056758,584,30,26,0.6409750405844157,0.64109681984682,0.6544719808318135,26
V2-S,V2M-two_stage_user_local_reranker-v1,protocol_a_rollv2_cv3,2,2026,V2H-local-shuffle,False,shuffle_eeg_control,margin_power0p25_base0p075,fine_power_base_grid,0.25,0.075,0.6455479452054794,0.6554968179968179,0.6455479452054794,0.62920835337502,584,30,26,0.6420142270923521,0.6420101657601658,0.6571183349426026,26
V2-S,V2M-two_stage_user_local_reranker-v1,protocol_a_rollv2_cv3,2,2026,V2H-local-shuffle,False,shuffle_eeg_control,margin_power0p25_base0p1,fine_power_base_grid,0.25,0.1,0.6386986301369864,0.6488016613016614,0.6386986301369864,0.630813291646625,584,30,26,0.6328649215367965,0.6321098808598808,0.6599792583056182,26
V2-S,V2M-two_stage_user_local_reranker-v1,protocol_a_rollv2_cv3,2,2026,V2H-local-shuffle,False,shuffle_eeg_control,margin_power0p25_base0p15,fine_power_base_grid,0.25,0.15,0.6318493150684932,0.636307905057905,0.6318493150684932,0.6164933060766394,584,30,26,0.6296988861832611,0.6287217412217412,0.6641633587240282,26
V2-S,V2M-two_stage_user_local_reranker-v1,protocol_a_rollv2_cv3,2,2026,V2H-local-shuffle,False,shuffle_eeg_control,margin_power0p3_base0p0,fine_power_base_grid,0.3,0.0,0.6164383561643836,0.6384615384615385,0.6164383561643836,0.6216666666666666,584,30,26,0.6169147952741703,0.6142728105228106,0.6478203340128026,26
V2-S,V2M-two_stage_user_local_reranker-v1,protocol_a_rollv2_cv3,2,2026,V2H-local-shuffle,False,shuffle_eeg_control,margin_power0p3_base0p025,fine_power_base_grid,0.3,0.025,0.6318493150684932,0.6590404965404967,0.6318493150684932,0.641141975308642,584,30,26,0.6411388437950938,0.6398233248233248,0.6502521188713657,26
V2-S,V2M-two_stage_user_local_reranker-v1,protocol_a_rollv2_cv3,2,2026,V2H-local-shuffle,False,shuffle_eeg_control,margin_power0p3_base0p05,fine_power_base_grid,0.3,0.05,0.6335616438356164,0.6553520553520554,0.6335616438356164,0.6379453262786596,584,30,26,0.6377855564574315,0.6375140600140601,0.6531488037764188,26
V2-S,V2M-two_stage_user_local_reranker-v1,protocol_a_rollv2_cv3,2,2026,V2H-local-shuffle,False,shuffle_eeg_control,margin_power0p3_base0p075,fine_power_base_grid,0.3,0.075,0.6404109589041096,0.6554840992340993,0.6404109589041096,0.6310491822991824,584,30,26,0.6380360524891775,0.6373644411144412,0.6554375424668313,26
V2-S,V2M-two_stage_user_local_reranker-v1,protocol_a_rollv2_cv3,2,2026,V2H-local-shuffle,False,shuffle_eeg_control,margin_power0p3_base0p1,fine_power_base_grid,0.3,0.1,0.6438356164383562,0.6540723165723166,0.6438356164383562,0.6279737854737854,584,30,26,0.6406253382034632,0.6405856643356643,0.6575117119050173,26
V2-S,V2M-two_stage_user_local_reranker-v1,protocol_a_rollv2_cv3,2,2026,V2H-local-shuffle,False,shuffle_eeg_control,margin_power0p3_base0p15,fine_power_base_grid,0.3,0.15,0.6421232876712328,0.6517727642727643,0.6421232876712328,0.632277136443803,584,30,26,0.6368443362193361,0.6362027787027787,0.6615527661552766,26
V2-S,V2M-two_stage_user_local_reranker-v1,protocol_a_rollv2_cv3,2,2026,V2H-local-shuffle,False,shuffle_eeg_control,margin_power0p35_base0p0,fine_power_base_grid,0.35,0.0,0.6164383561643836,0.6384615384615385,0.6164383561643836,0.6216666666666666,584,30,26,0.6169147952741703,0.6142728105228106,0.6478203340128026,26
V2-S,V2M-two_stage_user_local_reranker-v1,protocol_a_rollv2_cv3,2,2026,V2H-local-shuffle,False,shuffle_eeg_control,margin_power0p35_base0p025,fine_power_base_grid,0.35,0.025,0.6318493150684932,0.6579721204721205,0.6318493150684932,0.6396869488536155,584,30,26,0.6411388437950938,0.6398233248233248,0.6497514572828381,26
V2-S,V2M-two_stage_user_local_reranker-v1,protocol_a_rollv2_cv3,2,2026,V2H-local-shuffle,False,shuffle_eeg_control,margin_power0p35_base0p05,fine_power_base_grid,0.35,0.05,0.6301369863013698,0.6526455026455028,0.6301369863013698,0.635599647266314,584,30,26,0.6356154175685427,0.6348075073075073,0.652540857561778,26
V2-S,V2M-two_stage_user_local_reranker-v1,protocol_a_rollv2_cv3,2,2026,V2H-local-shuffle,False,shuffle_eeg_control,margin_power0p35_base0p075,fine_power_base_grid,0.35,0.075,0.6386986301369864,0.6597145909645911,0.6386986301369864,0.6347156084656085,584,30,26,0.6435942009379509,0.6435103785103785,0.6540070807853234,26
V2-S,V2M-two_stage_user_local_reranker-v1,protocol_a_rollv2_cv3,2,2026,V2H-local-shuffle,False,shuffle_eeg_control,margin_power0p35_base0p1,fine_power_base_grid,0.35,0.1,0.636986301369863,0.6524570337070338,0.636986301369863,0.628425725509059,584,30,26,0.6348242469336219,0.6343373755873756,0.6557236348031328,26
V2-S,V2M-two_stage_user_local_reranker-v1,protocol_a_rollv2_cv3,2,2026,V2H-local-shuffle,False,shuffle_eeg_control,margin_power0p35_base0p15,fine_power_base_grid,0.35,0.15,0.6386986301369864,0.649442686942687,0.6386986301369864,0.6313688472021806,584,30,26,0.6347225604256855,0.6338192825692825,0.6594070736330151,26
V2-S,V2M-two_stage_user_local_reranker-v1,protocol_a_rollv2_cv3,2,2026,V2H-local-shuffle,False,shuffle_eeg_control,margin_power0p4_base0p0,fine_power_base_grid,0.4,0.0,0.6164383561643836,0.6384615384615385,0.6164383561643836,0.6216666666666666,584,30,26,0.6169147952741703,0.6142728105228106,0.6478203340128026,26
V2-S,V2M-two_stage_user_local_reranker-v1,protocol_a_rollv2_cv3,2,2026,V2H-local-shuffle,False,shuffle_eeg_control,margin_power0p4_base0p025,fine_power_base_grid,0.4,0.025,0.6284246575342466,0.6511039886039887,0.6284246575342466,0.6337345679012346,584,30,26,0.6354791215728717,0.6339472564472565,0.6491077495261596,26
V2-S,V2M-two_stage_user_local_reranker-v1,protocol_a_rollv2_cv3,2,2026,V2H-local-shuffle,False,shuffle_eeg_control,margin_power0p4_base0p05,fine_power_base_grid,0.4,0.05,0.6284246575342466,0.6538207163207164,0.6284246575342466,0.6366181657848325,584,30,26,0.6340529175685427,0.6328164428164429,0.6515037728426849,26
V2-S,V2M-two_stage_user_local_reranker-v1,protocol_a_rollv2_cv3,2,2026,V2H-local-shuffle,False,shuffle_eeg_control,margin_power0p4_base0p075,fine_power_base_grid,0.4,0.075,0.6335616438356164,0.6553520553520554,0.6335616438356164,0.6379453262786596,584,30,26,0.6377855564574315,0.6375140600140601,0.6532560884025319,26
V2-S,V2M-two_stage_user_local_reranker-v1,protocol_a_rollv2_cv3,2,2026,V2H-local-shuffle,False,shuffle_eeg_control,margin_power0p4_base0p1,fine_power_base_grid,0.4,0.1,0.6386986301369864,0.6613171550671553,0.6386986301369864,0.6361044973544974,584,30,26,0.6454644660894661,0.645404317904318,0.654650788542002,26
V2-S,V2M-two_stage_user_local_reranker-v1,protocol_a_rollv2_cv3,2,2026,V2H-local-shuffle,False,shuffle_eeg_control,margin_power0p4_base0p15,fine_power_base_grid,0.4,0.15,0.6404109589041096,0.6516862766862767,0.6404109589041096,0.6259058842392176,584,30,26,0.6387392902236653,0.6378499740999742,0.657440188820942,26
V2-S,V2M-two_stage_user_local_reranker-v1,protocol_a_rollv2_cv3,2,2026,V2H-local-shuffle,False,shuffle_eeg_control,margin_power0p5_base0p0,fine_power_base_grid,0.5,0.0,0.6164383561643836,0.6384615384615385,0.6164383561643836,0.6216666666666666,584,30,26,0.6169147952741703,0.6142728105228106,0.6478203340128026,26
V2-S,V2M-two_stage_user_local_reranker-v1,protocol_a_rollv2_cv3,2,2026,V2H-local-shuffle,False,shuffle_eeg_control,margin_power0p5_base0p025,fine_power_base_grid,0.5,0.025,0.6232876712328768,0.644551282051282,0.6232876712328768,0.6280555555555555,584,30,26,0.626994273088023,0.624720695970696,0.6486070879376319,26
V2-S,V2M-two_stage_user_local_reranker-v1,protocol_a_rollv2_cv3,2,2026,V2H-local-shuffle,False,shuffle_eeg_control,margin_power0p5_base0p05,fine_power_base_grid,0.5,0.05,0.6301369863013698,0.6569037444037444,0.6301369863013698,0.6387610229276895,584,30,26,0.6400103715728716,0.6387549487549489,0.6501090727032149,26
V2-S,V2M-two_stage_user_local_reranker-v1,protocol_a_rollv2_cv3,2,2026,V2H-local-shuffle,False,shuffle_eeg_control,margin_power0p5_base0p075,fine_power_base_grid,0.5,0.075,0.6284246575342466,0.6538207163207164,0.6284246575342466,0.6366181657848325,584,30,26,0.6340529175685427,0.6328164428164429,0.6517898651789864,26
V2-S,V2M-two_stage_user_local_reranker-v1,protocol_a_rollv2_cv3,2,2026,V2H-local-shuffle,False,shuffle_eeg_control,margin_power0p5_base0p1,fine_power_base_grid,0.5,0.1,0.6267123287671232,0.6489596052096053,0.6267123287671232,0.6324052028218695,584,30,26,0.6319175009018759,0.6311216098716099,0.6528627114401173,26
V2-S,V2M-two_stage_user_local_reranker-v1,protocol_a_rollv2_cv3,2,2026,V2H-local-shuffle,False,shuffle_eeg_control,margin_power0p5_base0p15,fine_power_base_grid,0.5,0.15,0.6404109589041096,0.6628688441188442,0.6404109589041096,0.6374492945326279,584,30,26,0.6470269660894661,0.6466507566507567,0.6550084039623789,26
V2-S,V2M-two_stage_user_local_reranker-v1,protocol_a_rollv2_cv3,3,2026,V2H-local-shuffle,False,shuffle_eeg_control,v2n_eeg_base_0p05,reference_score_family,1.0,0.05,0.6229773462783171,0.6258094381264209,0.6229773462783171,0.6421871448657164,618,28,24,0.6137432400544288,0.6209527933486267,0.542774481798872,24
V2-S,V2M-two_stage_user_local_reranker-v1,protocol_a_rollv2_cv3,3,2026,V2H-local-shuffle,False,shuffle_eeg_control,sqrt_margin_eeg_base0p05,reference_score_family,0.5,0.05,0.6197411003236246,0.6290205287333448,0.6197411003236246,0.6449395082430797,618,28,24,0.6151082018214885,0.6234942410984078,0.54467882516663,24
V2-S,V2M-two_stage_user_local_reranker-v1,protocol_a_rollv2_cv3,3,2026,V2H-local-shuffle,False,shuffle_eeg_control,margin_power0p25_base0p05,reference_score_family,0.25,0.05,0.6229773462783171,0.6525861066739228,0.6229773462783171,0.6651385750492894,618,28,24,0.6288040145557627,0.6483991047532714,0.551197539002417,24
V2-S,V2M-two_stage_user_local_reranker-v1,protocol_a_rollv2_cv3,3,2026,V2H-local-shuffle,False,shuffle_eeg_control,margin_power0p1_base0p0,fine_power_base_grid,0.1,0.0,0.6245954692556634,0.623670957734264,0.6245954692556634,0.639478811532383,618,28,24,0.6137238150350038,0.62022362668196,0.541529334212261,24
V2-S,V2M-two_stage_user_local_reranker-v1,protocol_a_rollv2_cv3,3,2026,V2H-local-shuffle,False,shuffle_eeg_control,margin_power0p1_base0p025,fine_power_base_grid,0.1,0.025,0.6294498381877023,0.6646108332874651,0.6294498381877023,0.6714876723805295,618,28,24,0.6406556244842958,0.6593860807402474,0.554566761883835,24
V2-S,V2M-two_stage_user_local_reranker-v1,protocol_a_rollv2_cv3,3,2026,V2H-local-shuffle,False,shuffle_eeg_control,margin_power0p1_base0p05,fine_power_base_grid,0.1,0.05,0.6294498381877023,0.664611496443443,0.6294498381877023,0.6665506517292232,618,28,24,0.6365624468771321,0.6535711086752753,0.564381454625357,24
V2-S,V2M-two_stage_user_local_reranker-v1,protocol_a_rollv2_cv3,3,2026,V2H-local-shuffle,False,shuffle_eeg_control,margin_power0p1_base0p075,fine_power_base_grid,0.1,0.075,0.6359223300970874,0.6717823618434752,0.6359223300970874,0.6726971077863935,618,28,24,0.6442615659398877,0.6618856028231028,0.5748919651358676,24
V2-S,V2M-two_stage_user_local_reranker-v1,protocol_a_rollv2_cv3,3,2026,V2H-local-shuffle,False,shuffle_eeg_control,margin_power0p1_base0p1,fine_power_base_grid,0.1,0.1,0.6375404530744336,0.6768573003065715,0.6375404530744336,0.6771514827764827,618,28,24,0.6469278778719338,0.6649439256730922,0.5835347542664616,24
V2-S,V2M-two_stage_user_local_reranker-v1,protocol_a_rollv2_cv3,3,2026,V2H-local-shuffle,False,shuffle_eeg_control,margin_power0p1_base0p15,fine_power_base_grid,0.1,0.15,0.6294498381877023,0.6704720442120468,0.6294498381877023,0.6707480449444736,618,28,24,0.6447366735828274,0.6626678028761362,0.5944847286310702,24
V2-S,V2M-two_stage_user_local_reranker-v1,protocol_a_rollv2_cv3,3,2026,V2H-local-shuffle,False,shuffle_eeg_control,margin_power0p15_base0p0,fine_power_base_grid,0.15,0.0,0.6245954692556634,0.623670957734264,0.6245954692556634,0.639478811532383,618,28,24,0.6137238150350038,0.62022362668196,0.541529334212261,24
V2-S,V2M-two_stage_user_local_reranker-v1,protocol_a_rollv2_cv3,3,2026,V2H-local-shuffle,False,shuffle_eeg_control,margin_power0p15_base0p025,fine_power_base_grid,0.15,0.025,0.6245954692556634,0.6549009214887376,0.6245954692556634,0.6671227020334163,618,28,24,0.6309407666925149,0.6507139195680862,0.5508313191240021,24
V2-S,V2M-two_stage_user_local_reranker-v1,protocol_a_rollv2_cv3,3,2026,V2H-local-shuffle,False,shuffle_eeg_control,margin_power0p15_base0p05,fine_power_base_grid,0.15,0.05,0.627831715210356,0.6588112878800766,0.627831715210356,0.6614746166531882,618,28,24,0.6369012980026966,0.65469823001073,0.5565809712151175,24
V2-S,V2M-two_stage_user_local_reranker-v1,protocol_a_rollv2_cv3,3,2026,V2H-local-shuffle,False,shuffle_eeg_control,margin_power0p15_base0p075,fine_power_base_grid,0.15,0.075,0.6294498381877023,0.664611496443443,0.6294498381877023,0.6665506517292232,618,28,24,0.6365624468771321,0.6535711086752753,0.5628067091481725,24
V2-S,V2M-two_stage_user_local_reranker-v1,protocol_a_rollv2_cv3,3,2026,V2H-local-shuffle,False,shuffle_eeg_control,margin_power0p15_base0p1,fine_power_base_grid,0.15,0.1,0.6326860841423948,0.6708939138716937,0.6326860841423948,0.6719355809534381,618,28,24,0.6414990506773723,0.6598535261035261,0.57031421665568,24
V2-S,V2M-two_stage_user_local_reranker-v1,protocol_a_rollv2_cv3,3,2026,V2H-local-shuffle,False,shuffle_eeg_control,margin_power0p15_base0p15,fine_power_base_grid,0.15,0.15,0.6359223300970874,0.6756668241160954,0.6359223300970874,0.6761310746132174,618,28,24,0.644592713036769,0.6627117828159493,0.5817036548743866,24
V2-S,V2M-two_stage_user_local_reranker-v1,protocol_a_rollv2_cv3,3,2026,V2H-local-shuffle,False,shuffle_eeg_control,margin_power0p2_base0p0,fine_power_base_grid,0.2,0.0,0.6245954692556634,0.623670957734264,0.6245954692556634,0.639478811532383,618,28,24,0.6137238150350038,0.62022362668196,0.541529334212261,24
V2-S,V2M-two_stage_user_local_reranker-v1,protocol_a_rollv2_cv3,3,2026,V2H-local-shuffle,False,shuffle_eeg_control,margin_power0p2_base0p025,fine_power_base_grid,0.2,0.025,0.6245954692556634,0.650267984980801,0.6245954692556634,0.6631516135980423,618,28,24,0.627595500847249,0.6456345544887211,0.5480480480480481,24
V2-S,V2M-two_stage_user_local_reranker-v1,protocol_a_rollv2_cv3,3,2026,V2H-local-shuffle,False,shuffle_eeg_control,margin_power0p2_base0p05,fine_power_base_grid,0.2,0.05,0.6262135922330098,0.6608902118036858,0.6262135922330098,0.6681941405155692,618,28,24,0.6366040816215641,0.6563703464745131,0.553175126345858,24
V2-S,V2M-two_stage_user_local_reranker-v1,protocol_a_rollv2_cv3,3,2026,V2H-local-shuffle,False,shuffle_eeg_control,margin_power0p2_base0p075,fine_power_base_grid,0.2,0.075,0.627831715210356,0.6601709370028835,0.627831715210356,0.6627444579230294,618,28,24,0.6370608606622592,0.6550829301870968,0.5571669230205815,24
V2-S,V2M-two_stage_user_local_reranker-v1,protocol_a_rollv2_cv3,3,2026,V2H-local-shuffle,False,shuffle_eeg_control,margin_power0p2_base0p1,fine_power_base_grid,0.2,0.1,0.627831715210356,0.661159566429013,0.627831715210356,0.6628478069549498,618,28,24,0.6341799808583026,0.6513344564386231,0.561671427525086,24
V2-S,V2M-two_stage_user_local_reranker-v1,protocol_a_rollv2_cv3,3,2026,V2H-local-shuffle,False,shuffle_eeg_control,margin_power0p2_base0p15,fine_power_base_grid,0.2,0.15,0.6343042071197411,0.6723820091097891,0.6343042071197411,0.6732110911575198,618,28,24,0.6438439280222497,0.6621132262798929,0.5717424741814985,24
V2-S,V2M-two_stage_user_local_reranker-v1,protocol_a_rollv2_cv3,3,2026,V2H-local-shuffle,False,shuffle_eeg_control,margin_power0p25_base0p0,fine_power_base_grid,0.25,0.0,0.6245954692556634,0.623670957734264,0.6245954692556634,0.639478811532383,618,28,24,0.6137238150350038,0.62022362668196,0.541529334212261,24
V2-S,V2M-two_stage_user_local_reranker-v1,protocol_a_rollv2_cv3,3,2026,V2H-local-shuffle,False,shuffle_eeg_control,margin_power0p25_base0p025,fine_power_base_grid,0.25,0.025,0.6213592233009708,0.6334680410975237,0.6213592233009708,0.6487516616980903,618,28,24,0.6192983686864806,0.6277929439387773,0.5458873507653995,24
V2-S,V2M-two_stage_user_local_reranker-v1,protocol_a_rollv2_cv3,3,2026,V2H-local-shuffle,False,shuffle_eeg_control,margin_power0p25_base0p05,fine_power_base_grid,0.25,0.05,0.6229773462783171,0.6525861066739228,0.6229773462783171,0.6651385750492894,618,28,24,0.6288040145557627,0.6483991047532714,0.551197539002417,24
V2-S,V2M-two_stage_user_local_reranker-v1,protocol_a_rollv2_cv3,3,2026,V2H-local-shuffle,False,shuffle_eeg_control,margin_power0p25_base0p075,fine_power_base_grid,0.25,0.075,0.6245954692556634,0.6580077549932104,0.6245954692556634,0.6607858741787312,618,28,24,0.6345618057156519,0.6541923161714828,0.5542371639932616,24
V2-S,V2M-two_stage_user_local_reranker-v1,protocol_a_rollv2_cv3,3,2026,V2H-local-shuffle,False,shuffle_eeg_control,margin_power0p25_base0p1,fine_power_base_grid,0.25,0.1,0.6245954692556634,0.6563129123115256,0.6245954692556634,0.659437579616151,618,28,24,0.6333701069715055,0.6512249054957389,0.5570936790448985,24
V2-S,V2M-two_stage_user_local_reranker-v1,protocol_a_rollv2_cv3,3,2026,V2H-local-shuffle,False,shuffle_eeg_control,margin_power0p25_base0p15,fine_power_base_grid,0.25,0.15,0.627831715210356,0.6622966816286282,0.627831715210356,0.6645665247450961,618,28,24,0.6344256947403801,0.6512562938604606,0.564088478722625,24
V2-S,V2M-two_stage_user_local_reranker-v1,protocol_a_rollv2_cv3,3,2026,V2H-local-shuffle,False,shuffle_eeg_control,margin_power0p3_base0p0,fine_power_base_grid,0.3,0.0,0.6245954692556634,0.623670957734264,0.6245954692556634,0.639478811532383,618,28,24,0.6137238150350038,0.62022362668196,0.541529334212261,24
V2-S,V2M-two_stage_user_local_reranker-v1,protocol_a_rollv2_cv3,3,2026,V2H-local-shuffle,False,shuffle_eeg_control,margin_power0p3_base0p025,fine_power_base_grid,0.3,0.025,0.6197411003236246,0.6297921336716165,0.6197411003236246,0.6456008839044554,618,28,24,0.6153024520157387,0.6242658460366793,0.5450084230572035,24
V2-S,V2M-two_stage_user_local_reranker-v1,protocol_a_rollv2_cv3,3,2026,V2H-local-shuffle,False,shuffle_eeg_control,margin_power0p3_base0p05,fine_power_base_grid,0.3,0.05,0.6245954692556634,0.6514518474146634,0.6245954692556634,0.664166352827067,618,28,24,0.6287457394974878,0.6472648454940121,0.5491100856954516,24
V2-S,V2M-two_stage_user_local_reranker-v1,protocol_a_rollv2_cv3,3,2026,V2H-local-shuffle,False,shuffle_eeg_control,margin_power0p3_base0p075,fine_power_base_grid,0.3,0.075,0.6262135922330098,0.6549405426003401,0.6262135922330098,0.6622190739155024,618,28,24,0.6322505680023163,0.6518299909966577,0.5521863326741375,24
V2-S,V2M-two_stage_user_local_reranker-v1,protocol_a_rollv2_cv3,3,2026,V2H-local-shuffle,False,shuffle_eeg_control,margin_power0p3_base0p1,fine_power_base_grid,0.3,0.1,0.6262135922330098,0.6588410883265438,0.6262135922330098,0.661500159893017,618,28,24,0.6344743931282394,0.6539839828381494,0.554566761883835,24
V2-S,V2M-two_stage_user_local_reranker-v1,protocol_a_rollv2_cv3,3,2026,V2H-local-shuffle,False,shuffle_eeg_control,margin_power0p3_base0p15,fine_power_base_grid,0.3,0.15,0.6294498381877023,0.662608869440816,0.6294498381877023,0.6648341142984,618,28,24,0.6377030603429206,0.6552887197678864,0.5592177543397056,24
V2-S,V2M-two_stage_user_local_reranker-v1,protocol_a_rollv2_cv3,3,2026,V2H-local-shuffle,False,shuffle_eeg_control,margin_power0p35_base0p0,fine_power_base_grid,0.35,0.0,0.6245954692556634,0.623670957734264,0.6245954692556634,0.639478811532383,618,28,24,0.6137238150350038,0.62022362668196,0.541529334212261,24
V2-S,V2M-two_stage_user_local_reranker-v1,protocol_a_rollv2_cv3,3,2026,V2H-local-shuffle,False,shuffle_eeg_control,margin_power0p35_base0p025,fine_power_base_grid,0.35,0.025,0.6197411003236246,0.6272496954000114,0.6197411003236246,0.6434216511002225,618,28,24,0.6139718381851248,0.6217234077650744,0.5444590932395811,24
V2-S,V2M-two_stage_user_local_reranker-v1,protocol_a_rollv2_cv3,3,2026,V2H-local-shuffle,False,shuffle_eeg_control,margin_power0p35_base0p05,fine_power_base_grid,0.35,0.05,0.6229773462783171,0.6473569299864127,0.6229773462783171,0.6606564236028521,618,28,24,0.6239603733484852,0.6416818328276661,0.5472789863033765,24
V2-S,V2M-two_stage_user_local_reranker-v1,protocol_a_rollv2_cv3,3,2026,V2H-local-shuffle,False,shuffle_eeg_control,margin_power0p35_base0p075,fine_power_base_grid,0.35,0.075,0.6229773462783171,0.6520652733405894,0.6229773462783171,0.6646921464778608,618,28,24,0.6287166019683501,0.647878271419938,0.5504650992455871,24
V2-S,V2M-two_stage_user_local_reranker-v1,protocol_a_rollv2_cv3,3,2026,V2H-local-shuffle,False,shuffle_eeg_control,margin_power0p35_base0p1,fine_power_base_grid,0.35,0.1,0.627831715210356,0.6587511721153039,0.627831715210356,0.6664651056615342,618,28,24,0.6337116069633553,0.6535264195680862,0.5527722844796015,24
V2-S,V2M-two_stage_user_local_reranker-v1,protocol_a_rollv2_cv3,3,2026,V2H-local-shuffle,False,shuffle_eeg_control,margin_power0p35_base0p15,fine_power_base_grid,0.35,0.15,0.627831715210356,0.6620380205366337,0.627831715210356,0.6643448152376724,618,28,24,0.6374546587833301,0.6562059661017995,0.5566175932029591,24
V2-S,V2M-two_stage_user_local_reranker-v1,protocol_a_rollv2_cv3,3,2026,V2H-local-shuffle,False,shuffle_eeg_control,margin_power0p4_base0p0,fine_power_base_grid,0.4,0.0,0.6245954692556634,0.623670957734264,0.6245954692556634,0.639478811532383,618,28,24,0.6137238150350038,0.62022362668196,0.541529334212261,24
V2-S,V2M-two_stage_user_local_reranker-v1,protocol_a_rollv2_cv3,3,2026,V2H-local-shuffle,False,shuffle_eeg_control,margin_power0p4_base0p025,fine_power_base_grid,0.4,0.025,0.6213592233009708,0.6272827641830802,0.6213592233009708,0.6434499957714243,618,28,24,0.6145878888011755,0.6217564765481433,0.5439463854098,24
V2-S,V2M-two_stage_user_local_reranker-v1,protocol_a_rollv2_cv3,3,2026,V2H-local-shuffle,False,shuffle_eeg_control,margin_power0p4_base0p05,fine_power_base_grid,0.4,0.05,0.6213592233009708,0.6441518017812845,0.6213592233009708,0.6579091708555994,618,28,24,0.6201949080445583,0.6384767046225379,0.5458141067897165,24
V2-S,V2M-two_stage_user_local_reranker-v1,protocol_a_rollv2_cv3,3,2026,V2H-local-shuffle,False,shuffle_eeg_control,margin_power0p4_base0p075,fine_power_base_grid,0.4,0.075,0.6213592233009708,0.6468222177850338,0.6213592233009708,0.6601980988588132,618,28,24,0.6244722352239834,0.6426352158643825,0.5484508899143046,24
V2-S,V2M-two_stage_user_local_reranker-v1,protocol_a_rollv2_cv3,3,2026,V2H-local-shuffle,False,shuffle_eeg_control,margin_power0p4_base0p1,fine_power_base_grid,0.4,0.1,0.6262135922330098,0.6551841817226557,0.6262135922330098,0.6674699242556386,618,28,24,0.6311780294297776,0.6502922925839593,0.5514905149051491,24
V2-S,V2M-two_stage_user_local_reranker-v1,protocol_a_rollv2_cv3,3,2026,V2H-local-shuffle,False,shuffle_eeg_control,margin_power0p4_base0p15,fine_power_base_grid,0.4,0.15,0.6229773462783171,0.6568293038147592,0.6229773462783171,0.6597757731686303,618,28,24,0.6321946022120848,0.651972198326365,0.5545301398959935,24
V2-S,V2M-two_stage_user_local_reranker-v1,protocol_a_rollv2_cv3,3,2026,V2H-local-shuffle,False,shuffle_eeg_control,margin_power0p5_base0p0,fine_power_base_grid,0.5,0.0,0.6245954692556634,0.623670957734264,0.6245954692556634,0.639478811532383,618,28,24,0.6137238150350038,0.62022362668196,0.541529334212261,24
V2-S,V2M-two_stage_user_local_reranker-v1,protocol_a_rollv2_cv3,3,2026,V2H-local-shuffle,False,shuffle_eeg_control,margin_power0p5_base0p025,fine_power_base_grid,0.5,0.025,0.6229773462783171,0.6281812329982158,0.6229773462783171,0.6442201118986833,618,28,24,0.6164597543094047,0.6233245882204216,0.5434702995678605,24
V2-S,V2M-two_stage_user_local_reranker-v1,protocol_a_rollv2_cv3,3,2026,V2H-local-shuffle,False,shuffle_eeg_control,margin_power0p5_base0p05,fine_power_base_grid,0.5,0.05,0.6197411003236246,0.6290205287333448,0.6197411003236246,0.6449395082430797,618,28,24,0.6151082018214885,0.6234942410984078,0.54467882516663,24
V2-S,V2M-two_stage_user_local_reranker-v1,protocol_a_rollv2_cv3,3,2026,V2H-local-shuffle,False,shuffle_eeg_control,margin_power0p5_base0p075,fine_power_base_grid,0.5,0.075,0.6213592233009708,0.6438872515167342,0.6213592233009708,0.657682413485985,618,28,24,0.6201463454959959,0.6383609638817972,0.54614370468029,24
V2-S,V2M-two_stage_user_local_reranker-v1,protocol_a_rollv2_cv3,3,2026,V2H-local-shuffle,False,shuffle_eeg_control,margin_power0p5_base0p1,fine_power_base_grid,0.5,0.1,0.6245954692556634,0.6486025208153369,0.6245954692556634,0.6617240728847872,618,28,24,0.6255768124649244,0.6433738522280189,0.5478649381088405,24
V2-S,V2M-two_stage_user_local_reranker-v1,protocol_a_rollv2_cv3,3,2026,V2H-local-shuffle,False,shuffle_eeg_control,margin_power0p5_base0p15,fine_power_base_grid,0.5,0.15,0.6245954692556634,0.6527332013304988,0.6245954692556634,0.6603270671127814,618,28,24,0.630041665793414,0.6492506259172925,0.551710246832198,24
V2-S,V2M-two_stage_user_local_reranker-v1,protocol_a_rollv2_cv3,1,2027,V2H-local-shuffle,False,shuffle_eeg_control,v2n_eeg_base_0p05,reference_score_family,1.0,0.05,0.6505016722408027,0.666975260189546,0.6505016722408027,0.6976413454270598,598,35,28,0.6555847386444402,0.6563061525115097,0.5968413745227352,28
V2-S,V2M-two_stage_user_local_reranker-v1,protocol_a_rollv2_cv3,1,2027,V2H-local-shuffle,False,shuffle_eeg_control,sqrt_margin_eeg_base0p05,reference_score_family,0.5,0.05,0.6521739130434783,0.6623550787836503,0.6521739130434783,0.6897785336356765,598,35,28,0.6553490125131917,0.6548520708788566,0.5973273169038529,28
V2-S,V2M-two_stage_user_local_reranker-v1,protocol_a_rollv2_cv3,1,2027,V2H-local-shuffle,False,shuffle_eeg_control,margin_power0p25_base0p05,reference_score_family,0.25,0.05,0.6521739130434783,0.6714112012326298,0.6521739130434783,0.6958896447467875,598,35,28,0.6480118886089035,0.6464620482031195,0.598958694897605,28
V2-S,V2M-two_stage_user_local_reranker-v1,protocol_a_rollv2_cv3,1,2027,V2H-local-shuffle,False,shuffle_eeg_control,margin_power0p1_base0p0,fine_power_base_grid,0.1,0.0,0.6488294314381271,0.6671642246642246,0.6488294314381271,0.6977925170068028,598,35,28,0.6534999246193276,0.6545109900020615,0.5967719541825756,28
V2-S,V2M-two_stage_user_local_reranker-v1,protocol_a_rollv2_cv3,1,2027,V2H-local-shuffle,False,shuffle_eeg_control,margin_power0p1_base0p025,fine_power_base_grid,0.1,0.025,0.6488294314381271,0.6602144020001163,0.6488294314381271,0.6790506424792139,598,35,28,0.6432272619586052,0.6418917920703634,0.599791738979521,28
V2-S,V2M-two_stage_user_local_reranker-v1,protocol_a_rollv2_cv3,1,2027,V2H-local-shuffle,False,shuffle_eeg_control,margin_power0p1_base0p05,fine_power_base_grid,0.1,0.05,0.6471571906354515,0.6624865181115179,0.6471571906354515,0.6685820105820105,598,35,28,0.638651224397493,0.638987214835429,0.602742103436307,28
V2-S,V2M-two_stage_user_local_reranker-v1,protocol_a_rollv2_cv3,1,2027,V2H-local-shuffle,False,shuffle_eeg_control,margin_power0p1_base0p075,fine_power_base_grid,0.1,0.075,0.6421404682274248,0.65084866852724,0.6421404682274248,0.6475653817082389,598,35,28,0.6290444961340483,0.6302901248883391,0.6062131204442901,28
V2-S,V2M-two_stage_user_local_reranker-v1,protocol_a_rollv2_cv3,1,2027,V2H-local-shuffle,False,shuffle_eeg_control,margin_power0p1_base0p1,fine_power_base_grid,0.1,0.1,0.6454849498327759,0.6544415372986803,0.6454849498327759,0.6565752078609222,598,35,28,0.6285518295966057,0.6297661779358207,0.6080527594585213,28
V2-S,V2M-two_stage_user_local_reranker-v1,protocol_a_rollv2_cv3,1,2027,V2H-local-shuffle,False,shuffle_eeg_control,margin_power0p1_base0p15,fine_power_base_grid,0.1,0.15,0.6421404682274248,0.650601306762021,0.6421404682274248,0.6463601662887376,598,35,28,0.6191144924727014,0.6182374553356695,0.612079139187782,28
V2-S,V2M-two_stage_user_local_reranker-v1,protocol_a_rollv2_cv3,1,2027,V2H-local-shuffle,False,shuffle_eeg_control,margin_power0p15_base0p0,fine_power_base_grid,0.15,0.0,0.6488294314381271,0.6671642246642246,0.6488294314381271,0.6977925170068028,598,35,28,0.6534999246193276,0.6545109900020615,0.5967719541825756,28
V2-S,V2M-two_stage_user_local_reranker-v1,protocol_a_rollv2_cv3,1,2027,V2H-local-shuffle,False,shuffle_eeg_control,margin_power0p15_base0p025,fine_power_base_grid,0.15,0.025,0.6521739130434783,0.6541918134775278,0.6521739130434783,0.682114134542706,598,35,28,0.6469872498976976,0.6451156763210334,0.5982992016660882,28
V2-S,V2M-two_stage_user_local_reranker-v1,protocol_a_rollv2_cv3,1,2027,V2H-local-shuffle,False,shuffle_eeg_control,margin_power0p15_base0p05,fine_power_base_grid,0.15,0.05,0.6438127090301003,0.6581450593057736,0.6438127090301003,0.6674897959183673,598,35,28,0.637922724042127,0.6370231653267366,0.6005206525511975,28
V2-S,V2M-two_stage_user_local_reranker-v1,protocol_a_rollv2_cv3,1,2027,V2H-local-shuffle,False,shuffle_eeg_control,margin_power0p15_base0p075,fine_power_base_grid,0.15,0.075,0.6471571906354515,0.6624865181115179,0.6471571906354515,0.6685820105820105,598,35,28,0.6403925179298313,0.6404753100735243,0.6025685525859077,28
V2-S,V2M-two_stage_user_local_reranker-v1,protocol_a_rollv2_cv3,1,2027,V2H-local-shuffle,False,shuffle_eeg_control,margin_power0p15_base0p1,fine_power_base_grid,0.15,0.1,0.6421404682274248,0.6563617070759928,0.6421404682274248,0.6559440665154951,598,35,28,0.6314538777971613,0.632458492235278,0.6048594238111766,28
V2-S,V2M-two_stage_user_local_reranker-v1,protocol_a_rollv2_cv3,1,2027,V2H-local-shuffle,False,shuffle_eeg_control,margin_power0p15_base0p15,fine_power_base_grid,0.15,0.15,0.6454849498327759,0.6561776484097912,0.6454849498327759,0.6579640967498109,598,35,28,0.6317856604423769,0.633238400158043,0.6078444984380423,28
V2-S,V2M-two_stage_user_local_reranker-v1,protocol_a_rollv2_cv3,1,2027,V2H-local-shuffle,False,shuffle_eeg_control,margin_power0p2_base0p0,fine_power_base_grid,0.2,0.0,0.6488294314381271,0.6671642246642246,0.6488294314381271,0.6977925170068028,598,35,28,0.6534999246193276,0.6545109900020615,0.5967719541825756,28
V2-S,V2M-two_stage_user_local_reranker-v1,protocol_a_rollv2_cv3,1,2027,V2H-local-shuffle,False,shuffle_eeg_control,margin_power0p2_base0p025,fine_power_base_grid,0.2,0.025,0.6538461538461539,0.6599103508924938,0.6538461538461539,0.6880778533635677,598,35,28,0.6533056578578966,0.6512912715591287,0.5981950711558487,28
V2-S,V2M-two_stage_user_local_reranker-v1,protocol_a_rollv2_cv3,1,2027,V2H-local-shuffle,False,shuffle_eeg_control,margin_power0p2_base0p05,fine_power_base_grid,0.2,0.05,0.6505016722408027,0.6605715448572591,0.6505016722408027,0.6793363567649282,598,35,28,0.6460417608925072,0.6447999553356695,0.5997917389795211,28
V2-S,V2M-two_stage_user_local_reranker-v1,protocol_a_rollv2_cv3,1,2027,V2H-local-shuffle,False,shuffle_eeg_control,margin_power0p2_base0p075,fine_power_base_grid,0.2,0.075,0.6438127090301003,0.6581450593057736,0.6438127090301003,0.6674897959183673,598,35,28,0.637922724042127,0.6370231653267366,0.6006942034015967,28
V2-S,V2M-two_stage_user_local_reranker-v1,protocol_a_rollv2_cv3,1,2027,V2H-local-shuffle,False,shuffle_eeg_control,margin_power0p2_base0p1,fine_power_base_grid,0.2,0.1,0.6438127090301003,0.6572781847781848,0.6438127090301003,0.6632248677248677,598,35,28,0.6400608429712908,0.6396072545179688,0.6023950017355085,28
V2-S,V2M-two_stage_user_local_reranker-v1,protocol_a_rollv2_cv3,1,2027,V2H-local-shuffle,False,shuffle_eeg_control,margin_power0p2_base0p15,fine_power_base_grid,0.2,0.15,0.6438127090301003,0.65725456421885,0.6438127090301003,0.6566583522297808,598,35,28,0.6324240270508927,0.633351349378135,0.6056230475529331,28
V2-S,V2M-two_stage_user_local_reranker-v1,protocol_a_rollv2_cv3,1,2027,V2H-local-shuffle,False,shuffle_eeg_control,margin_power0p25_base0p0,fine_power_base_grid,0.25,0.0,0.6488294314381271,0.6671642246642246,0.6488294314381271,0.6977925170068028,598,35,28,0.6534999246193276,0.6545109900020615,0.5967719541825756,28
V2-S,V2M-two_stage_user_local_reranker-v1,protocol_a_rollv2_cv3,1,2027,V2H-local-shuffle,False,shuffle_eeg_control,margin_power0p25_base0p025,fine_power_base_grid,0.25,0.025,0.6505016722408027,0.6586348406884122,0.6505016722408027,0.6870574452003024,598,35,28,0.6517065107363614,0.6500157613550471,0.5975702880944116,28
V2-S,V2M-two_stage_user_local_reranker-v1,protocol_a_rollv2_cv3,1,2027,V2H-local-shuffle,False,shuffle_eeg_control,margin_power0p25_base0p05,fine_power_base_grid,0.25,0.05,0.6521739130434783,0.6714112012326298,0.6521739130434783,0.6958896447467875,598,35,28,0.6480118886089035,0.6464620482031195,0.598958694897605,28
V2-S,V2M-two_stage_user_local_reranker-v1,protocol_a_rollv2_cv3,1,2027,V2H-local-shuffle,False,shuffle_eeg_control,margin_power0p25_base0p075,fine_power_base_grid,0.25,0.075,0.6488294314381271,0.6602144020001163,0.6488294314381271,0.6790506424792139,598,35,28,0.6432272619586052,0.6418917920703634,0.6002429711905588,28
V2-S,V2M-two_stage_user_local_reranker-v1,protocol_a_rollv2_cv3,1,2027,V2H-local-shuffle,False,shuffle_eeg_control,margin_power0p25_base0p1,fine_power_base_grid,0.25,0.1,0.6438127090301003,0.6581450593057736,0.6438127090301003,0.6674897959183673,598,35,28,0.637922724042127,0.6370231653267366,0.6008677542519959,28
V2-S,V2M-two_stage_user_local_reranker-v1,protocol_a_rollv2_cv3,1,2027,V2H-local-shuffle,False,shuffle_eeg_control,margin_power0p25_base0p15,fine_power_base_grid,0.25,0.15,0.6471571906354515,0.6624865181115179,0.6471571906354515,0.6685820105820105,598,35,28,0.638651224397493,0.638987214835429,0.6033668864977438,28
V2-S,V2M-two_stage_user_local_reranker-v1,protocol_a_rollv2_cv3,1,2027,V2H-local-shuffle,False,shuffle_eeg_control,margin_power0p3_base0p0,fine_power_base_grid,0.3,0.0,0.6488294314381271,0.6671642246642246,0.6488294314381271,0.6977925170068028,598,35,28,0.6534999246193276,0.6545109900020615,0.5967719541825756,28
V2-S,V2M-two_stage_user_local_reranker-v1,protocol_a_rollv2_cv3,1,2027,V2H-local-shuffle,False,shuffle_eeg_control,margin_power0p3_base0p025,fine_power_base_grid,0.3,0.025,0.6505016722408027,0.6593788883074598,0.6505016722408027,0.6873975812547242,598,35,28,0.6534300359673494,0.6523010504706933,0.5970843457132939,28
V2-S,V2M-two_stage_user_local_reranker-v1,protocol_a_rollv2_cv3,1,2027,V2H-local-shuffle,False,shuffle_eeg_control,margin_power0p3_base0p05,fine_power_base_grid,0.3,0.05,0.6521739130434783,0.6569341604163033,0.6521739130434783,0.6849032501889645,598,35,28,0.6515643643255583,0.6498031763210335,0.598542172856647,28
V2-S,V2M-two_stage_user_local_reranker-v1,protocol_a_rollv2_cv3,1,2027,V2H-local-shuffle,False,shuffle_eeg_control,margin_power0p3_base0p075,fine_power_base_grid,0.3,0.075,0.6521739130434783,0.6650358305715448,0.6521739130434783,0.6864792139077853,598,35,28,0.6485021860394995,0.6473107778464922,0.5996876084692815,28
V2-S,V2M-two_stage_user_local_reranker-v1,protocol_a_rollv2_cv3,1,2027,V2H-local-shuffle,False,shuffle_eeg_control,margin_power0p3_base0p1,fine_power_base_grid,0.3,0.1,0.6471571906354515,0.6595530263387406,0.6471571906354515,0.6785215419501133,598,35,28,0.6423980745622536,0.6412304164089878,0.6003818118708781,28
V2-S,V2M-two_stage_user_local_reranker-v1,protocol_a_rollv2_cv3,1,2027,V2H-local-shuffle,False,shuffle_eeg_control,margin_power0p3_base0p15,fine_power_base_grid,0.3,0.15,0.6438127090301003,0.6587166768416768,0.6438127090301003,0.6679470899470898,598,35,28,0.6382911201567918,0.6375947828626399,0.6022214508851094,28
V2-S,V2M-two_stage_user_local_reranker-v1,protocol_a_rollv2_cv3,1,2027,V2H-local-shuffle,False,shuffle_eeg_control,margin_power0p35_base0p0,fine_power_base_grid,0.35,0.0,0.6488294314381271,0.6671642246642246,0.6488294314381271,0.6977925170068028,598,35,28,0.6534999246193276,0.6545109900020615,0.5967719541825756,28
V2-S,V2M-two_stage_user_local_reranker-v1,protocol_a_rollv2_cv3,1,2027,V2H-local-shuffle,False,shuffle_eeg_control,margin_power0p35_base0p025,fine_power_base_grid,0.35,0.025,0.6488294314381271,0.6583868248153963,0.6488294314381271,0.6866039304610734,598,35,28,0.6535461222028386,0.6527375584072013,0.5969802152030546,28
V2-S,V2M-two_stage_user_local_reranker-v1,protocol_a_rollv2_cv3,1,2027,V2H-local-shuffle,False,shuffle_eeg_control,margin_power0p35_base0p05,fine_power_base_grid,0.35,0.05,0.6521739130434783,0.659272595790453,0.6521739130434783,0.687567649281935,598,35,28,0.6525060842971291,0.6506535164570879,0.598333911836168,28
V2-S,V2M-two_stage_user_local_reranker-v1,protocol_a_rollv2_cv3,1,2027,V2H-local-shuffle,False,shuffle_eeg_control,margin_power0p35_base0p075,fine_power_base_grid,0.35,0.075,0.6505016722408027,0.670773446130589,0.6505016722408027,0.695379440665155,598,35,28,0.6504046865240894,0.6492965153233009,0.5990281152377647,28
V2-S,V2M-two_stage_user_local_reranker-v1,protocol_a_rollv2_cv3,1,2027,V2H-local-shuffle,False,shuffle_eeg_control,margin_power0p35_base0p1,fine_power_base_grid,0.35,0.1,0.6521739130434783,0.6650358305715448,0.6521739130434783,0.6864792139077853,598,35,28,0.6472357907432533,0.646228526764241,0.6001388406803194,28
V2-S,V2M-two_stage_user_local_reranker-v1,protocol_a_rollv2_cv3,1,2027,V2H-local-shuffle,False,shuffle_eeg_control,margin_power0p35_base0p15,fine_power_base_grid,0.35,0.15,0.6471571906354515,0.6637196930054072,0.6471571906354515,0.6854263038548752,598,35,28,0.6419005621244428,0.6412452973613688,0.6013189864630337,28
V2-S,V2M-two_stage_user_local_reranker-v1,protocol_a_rollv2_cv3,1,2027,V2H-local-shuffle,False,shuffle_eeg_control,margin_power0p4_base0p0,fine_power_base_grid,0.4,0.0,0.6488294314381271,0.6671642246642246,0.6488294314381271,0.6977925170068028,598,35,28,0.6534999246193276,0.6545109900020615,0.5967719541825756,28
V2-S,V2M-two_stage_user_local_reranker-v1,protocol_a_rollv2_cv3,1,2027,V2H-local-shuffle,False,shuffle_eeg_control,margin_power0p4_base0p025,fine_power_base_grid,0.4,0.025,0.6488294314381271,0.6601725391011106,0.6488294314381271,0.6880325018896448,598,35,28,0.6541715664103724,0.6540981026248883,0.5970496355432142,28
V2-S,V2M-two_stage_user_local_reranker-v1,protocol_a_rollv2_cv3,1,2027,V2H-local-shuffle,False,shuffle_eeg_control,margin_power0p4_base0p05,fine_power_base_grid,0.4,0.05,0.6488294314381271,0.6564026978312693,0.6488294314381271,0.6850166288737718,598,35,28,0.6515110594215072,0.6497500300625301,0.5978479694550503,28
V2-S,V2M-two_stage_user_local_reranker-v1,protocol_a_rollv2_cv3,1,2027,V2H-local-shuffle,False,shuffle_eeg_control,margin_power0p4_base0p075,fine_power_base_grid,0.4,0.075,0.6538461538461539,0.6747913032734462,0.6538461538461539,0.6991889644746787,598,35,28,0.6533885765975318,0.6517873033051603,0.5988892745574453,28
V2-S,V2M-two_stage_user_local_reranker-v1,protocol_a_rollv2_cv3,1,2027,V2H-local-shuffle,False,shuffle_eeg_control,margin_power0p4_base0p1,fine_power_base_grid,0.4,0.1,0.6505016722408027,0.6686901127972557,0.6505016722408027,0.6929191232048375,598,35,28,0.6496335422454825,0.6487012772280629,0.5992710864283235,28
V2-S,V2M-two_stage_user_local_reranker-v1,protocol_a_rollv2_cv3,1,2027,V2H-local-shuffle,False,shuffle_eeg_control,margin_power0p4_base0p15,fine_power_base_grid,0.4,0.15,0.6454849498327759,0.6595105093319379,0.6454849498327759,0.6784875283446712,598,35,28,0.643915487497577,0.6437389198103484,0.6009024644220756,28
V2-S,V2M-two_stage_user_local_reranker-v1,protocol_a_rollv2_cv3,1,2027,V2H-local-shuffle,False,shuffle_eeg_control,margin_power0p5_base0p0,fine_power_base_grid,0.5,0.0,0.6488294314381271,0.6671642246642246,0.6488294314381271,0.6977925170068028,598,35,28,0.6534999246193276,0.6545109900020615,0.5967719541825756,28
V2-S,V2M-two_stage_user_local_reranker-v1,protocol_a_rollv2_cv3,1,2027,V2H-local-shuffle,False,shuffle_eeg_control,margin_power0p5_base0p025,fine_power_base_grid,0.5,0.025,0.6488294314381271,0.6625109744752603,0.6488294314381271,0.6904984882842027,598,35,28,0.6543907087936938,0.6548775810829383,0.5966331135022561,28
V2-S,V2M-two_stage_user_local_reranker-v1,protocol_a_rollv2_cv3,1,2027,V2H-local-shuffle,False,shuffle_eeg_control,margin_power0p5_base0p05,fine_power_base_grid,0.5,0.05,0.6521739130434783,0.6623550787836503,0.6521739130434783,0.6897785336356765,598,35,28,0.6553490125131917,0.6548520708788566,0.5973273169038529,28
V2-S,V2M-two_stage_user_local_reranker-v1,protocol_a_rollv2_cv3,1,2027,V2H-local-shuffle,False,shuffle_eeg_control,margin_power0p5_base0p075,fine_power_base_grid,0.5,0.075,0.6505016722408027,0.6586348406884122,0.6505016722408027,0.6870574452003024,598,35,28,0.6526304624065818,0.6508661014911015,0.598125650815689,28
V2-S,V2M-two_stage_user_local_reranker-v1,protocol_a_rollv2_cv3,1,2027,V2H-local-shuffle,False,shuffle_eeg_control,margin_power0p5_base0p1,fine_power_base_grid,0.5,0.1,0.6538461538461539,0.6747913032734462,0.6538461538461539,0.6991889644746787,598,35,28,0.6533885765975318,0.6517873033051603,0.5989934050676848,28
V2-S,V2M-two_stage_user_local_reranker-v1,protocol_a_rollv2_cv3,1,2027,V2H-local-shuffle,False,shuffle_eeg_control,margin_power0p5_base0p15,fine_power_base_grid,0.5,0.15,0.6521739130434783,0.6704758270829699,0.6521739130434783,0.694347694633409,598,35,28,0.6506569964032651,0.6497216853913282,0.5999305796598403,28
V2-S,V2M-two_stage_user_local_reranker-v1,protocol_a_rollv2_cv3,2,2027,V2H-local-shuffle,False,shuffle_eeg_control,v2n_eeg_base_0p05,reference_score_family,1.0,0.05,0.6198630136986302,0.637754144004144,0.6198630136986302,0.6371779300945968,584,30,26,0.615027619949495,0.6107530895030894,0.6451382183599756,26
V2-S,V2M-two_stage_user_local_reranker-v1,protocol_a_rollv2_cv3,2,2027,V2H-local-shuffle,False,shuffle_eeg_control,sqrt_margin_eeg_base0p05,reference_score_family,0.5,0.05,0.6284246575342466,0.6445496632996632,0.6284246575342466,0.6441784912618247,584,30,26,0.6227904040404041,0.6194862544862545,0.6475700032185387,26
V2-S,V2M-two_stage_user_local_reranker-v1,protocol_a_rollv2_cv3,2,2027,V2H-local-shuffle,False,shuffle_eeg_control,margin_power0p25_base0p05,reference_score_family,0.25,0.05,0.6335616438356164,0.6507716820216822,0.6335616438356164,0.6490418069584737,584,30,26,0.6335730068542568,0.6325107762607763,0.6506812573758181,26
V2-S,V2M-two_stage_user_local_reranker-v1,protocol_a_rollv2_cv3,2,2027,V2H-local-shuffle,False,shuffle_eeg_control,margin_power0p1_base0p0,fine_power_base_grid,0.1,0.0,0.6164383561643836,0.6296141358641358,0.6164383561643836,0.6319751082251082,584,30,26,0.6074147727272727,0.6029717504717503,0.6441726567249579,26
V2-S,V2M-two_stage_user_local_reranker-v1,protocol_a_rollv2_cv3,2,2027,V2H-local-shuffle,False,shuffle_eeg_control,margin_power0p1_base0p025,fine_power_base_grid,0.1,0.025,0.636986301369863,0.6502539127539128,0.636986301369863,0.6491221741221742,584,30,26,0.631078869047619,0.6310439560439559,0.6536852269069843,26
V2-S,V2M-two_stage_user_local_reranker-v1,protocol_a_rollv2_cv3,2,2027,V2H-local-shuffle,False,shuffle_eeg_control,margin_power0p1_base0p05,fine_power_base_grid,0.1,0.05,0.6352739726027398,0.6476338476338477,0.6352739726027398,0.640369969536636,584,30,26,0.6292113095238094,0.629461741961742,0.6605514429782212,26
V2-S,V2M-two_stage_user_local_reranker-v1,protocol_a_rollv2_cv3,2,2027,V2H-local-shuffle,False,shuffle_eeg_control,margin_power0p1_base0p075,fine_power_base_grid,0.1,0.075,0.636986301369863,0.6452438764938766,0.636986301369863,0.6372404601571268,584,30,26,0.6334051452020202,0.6347121859621859,0.6648070664807066,26
V2-S,V2M-two_stage_user_local_reranker-v1,protocol_a_rollv2_cv3,2,2027,V2H-local-shuffle,False,shuffle_eeg_control,margin_power0p1_base0p1,fine_power_base_grid,0.1,0.1,0.6352739726027398,0.6454906204906206,0.6352739726027398,0.637454304954305,584,30,26,0.6347419507575758,0.6367828005328006,0.6696348746557952,26
V2-S,V2M-two_stage_user_local_reranker-v1,protocol_a_rollv2_cv3,2,2027,V2H-local-shuffle,False,shuffle_eeg_control,margin_power0p1_base0p15,fine_power_base_grid,0.1,0.15,0.6215753424657534,0.6343374218374218,0.6215753424657534,0.6264786756453423,584,30,26,0.6262249729437229,0.6291094553594553,0.6751063905875622,26
V2-S,V2M-two_stage_user_local_reranker-v1,protocol_a_rollv2_cv3,2,2027,V2H-local-shuffle,False,shuffle_eeg_control,margin_power0p15_base0p0,fine_power_base_grid,0.15,0.0,0.6164383561643836,0.6296141358641358,0.6164383561643836,0.6319751082251082,584,30,26,0.6074147727272727,0.6029717504717503,0.6441726567249579,26
V2-S,V2M-two_stage_user_local_reranker-v1,protocol_a_rollv2_cv3,2,2027,V2H-local-shuffle,False,shuffle_eeg_control,margin_power0p15_base0p025,fine_power_base_grid,0.15,0.025,0.6335616438356164,0.6501306563806565,0.6335616438356164,0.6484862514029182,584,30,26,0.6323230068542569,0.6310684685684685,0.6502878804134035,26
V2-S,V2M-two_stage_user_local_reranker-v1,protocol_a_rollv2_cv3,2,2027,V2H-local-shuffle,False,shuffle_eeg_control,margin_power0p15_base0p05,fine_power_base_grid,0.15,0.05,0.6335616438356164,0.6452681577681576,0.6335616438356164,0.6383197049863717,584,30,26,0.6276624503968254,0.6272028897028896,0.6559382040553589,26
V2-S,V2M-two_stage_user_local_reranker-v1,protocol_a_rollv2_cv3,2,2027,V2H-local-shuffle,False,shuffle_eeg_control,margin_power0p15_base0p075,fine_power_base_grid,0.15,0.075,0.6318493150684932,0.644927294927295,0.6318493150684932,0.6380242905242904,584,30,26,0.6266765873015873,0.6267551892551892,0.6599077352215428,26
V2-S,V2M-two_stage_user_local_reranker-v1,protocol_a_rollv2_cv3,2,2027,V2H-local-shuffle,False,shuffle_eeg_control,margin_power0p15_base0p1,fine_power_base_grid,0.15,0.1,0.6421232876712328,0.6516606079106079,0.6421232876712328,0.6433307279140613,584,30,26,0.6390277777777779,0.6400284900284899,0.6635196509673498,26
V2-S,V2M-two_stage_user_local_reranker-v1,protocol_a_rollv2_cv3,2,2027,V2H-local-shuffle,False,shuffle_eeg_control,margin_power0p15_base0p15,fine_power_base_grid,0.15,0.15,0.6318493150684932,0.6420565545565545,0.6318493150684932,0.6344781144781144,584,30,26,0.6295125360750361,0.6305709568209568,0.6688123591889281,26
V2-S,V2M-two_stage_user_local_reranker-v1,protocol_a_rollv2_cv3,2,2027,V2H-local-shuffle,False,shuffle_eeg_control,margin_power0p2_base0p0,fine_power_base_grid,0.2,0.0,0.6164383561643836,0.6296141358641358,0.6164383561643836,0.6319751082251082,584,30,26,0.6074147727272727,0.6029717504717503,0.6441726567249579,26
V2-S,V2M-two_stage_user_local_reranker-v1,protocol_a_rollv2_cv3,2,2027,V2H-local-shuffle,False,shuffle_eeg_control,margin_power0p2_base0p025,fine_power_base_grid,0.2,0.025,0.6335616438356164,0.6530777093277094,0.6335616438356164,0.6510403639570307,584,30,26,0.6336474116161617,0.6323488548488547,0.6490362264420841,26
V2-S,V2M-two_stage_user_local_reranker-v1,protocol_a_rollv2_cv3,2,2027,V2H-local-shuffle,False,shuffle_eeg_control,margin_power0p2_base0p05,fine_power_base_grid,0.2,0.05,0.6318493150684932,0.6466977466977467,0.6318493150684932,0.6455110630110631,584,30,26,0.6289510055916305,0.6282065157065156,0.6526123806458535,26
V2-S,V2M-two_stage_user_local_reranker-v1,protocol_a_rollv2_cv3,2,2027,V2H-local-shuffle,False,shuffle_eeg_control,margin_power0p2_base0p075,fine_power_base_grid,0.2,0.075,0.6352739726027398,0.6468707218707218,0.6352739726027398,0.6397085938752605,584,30,26,0.6294853670634921,0.6288054538054537,0.6567607195222258,26
V2-S,V2M-two_stage_user_local_reranker-v1,protocol_a_rollv2_cv3,2,2027,V2H-local-shuffle,False,shuffle_eeg_control,margin_power0p2_base0p1,fine_power_base_grid,0.2,0.1,0.6352739726027398,0.6472777222777223,0.6352739726027398,0.6400613275613275,584,30,26,0.6291939484126984,0.6292124542124543,0.6592282659228266,26
V2-S,V2M-two_stage_user_local_reranker-v1,protocol_a_rollv2_cv3,2,2027,V2H-local-shuffle,False,shuffle_eeg_control,margin_power0p2_base0p15,fine_power_base_grid,0.2,0.15,0.6421232876712328,0.6516606079106079,0.6421232876712328,0.6433307279140613,584,30,26,0.6399392361111111,0.6408297720797721,0.6640560740979151,26
V2-S,V2M-two_stage_user_local_reranker-v1,protocol_a_rollv2_cv3,2,2027,V2H-local-shuffle,False,shuffle_eeg_control,margin_power0p25_base0p0,fine_power_base_grid,0.25,0.0,0.6164383561643836,0.6296141358641358,0.6164383561643836,0.6319751082251082,584,30,26,0.6074147727272727,0.6029717504717503,0.6441726567249579,26
V2-S,V2M-two_stage_user_local_reranker-v1,protocol_a_rollv2_cv3,2,2027,V2H-local-shuffle,False,shuffle_eeg_control,margin_power0p25_base0p025,fine_power_base_grid,0.25,0.025,0.636986301369863,0.6565256502756504,0.636986301369863,0.6545576799743466,584,30,26,0.636054292929293,0.6347284197284198,0.6484282802274435,26
V2-S,V2M-two_stage_user_local_reranker-v1,protocol_a_rollv2_cv3,2,2027,V2H-local-shuffle,False,shuffle_eeg_control,margin_power0p25_base0p05,fine_power_base_grid,0.25,0.05,0.6335616438356164,0.6507716820216822,0.6335616438356164,0.6490418069584737,584,30,26,0.6335730068542568,0.6325107762607763,0.6506812573758181,26
V2-S,V2M-two_stage_user_local_reranker-v1,protocol_a_rollv2_cv3,2,2027,V2H-local-shuffle,False,shuffle_eeg_control,margin_power0p25_base0p075,fine_power_base_grid,0.25,0.075,0.6301369863013698,0.6462144337144338,0.6301369863013698,0.6456212922879591,584,30,26,0.6276055194805195,0.6269600769600768,0.6534348961127204,26
V2-S,V2M-two_stage_user_local_reranker-v1,protocol_a_rollv2_cv3,2,2027,V2H-local-shuffle,False,shuffle_eeg_control,margin_power0p25_base0p1,fine_power_base_grid,0.25,0.1,0.6352739726027398,0.6468707218707218,0.6352739726027398,0.6397085938752605,584,30,26,0.6294853670634921,0.6288054538054537,0.6566176733540751,26
V2-S,V2M-two_stage_user_local_reranker-v1,protocol_a_rollv2_cv3,2,2027,V2H-local-shuffle,False,shuffle_eeg_control,margin_power0p25_base0p15,fine_power_base_grid,0.25,0.15,0.636986301369863,0.6483842546342546,0.636986301369863,0.6410203222703221,584,30,26,0.6313504464285714,0.6319291819291819,0.6606229660622966,26
V2-S,V2M-two_stage_user_local_reranker-v1,protocol_a_rollv2_cv3,2,2027,V2H-local-shuffle,False,shuffle_eeg_control,margin_power0p3_base0p0,fine_power_base_grid,0.3,0.0,0.6164383561643836,0.6296141358641358,0.6164383561643836,0.6319751082251082,584,30,26,0.6074147727272727,0.6029717504717503,0.6441726567249579,26
V2-S,V2M-two_stage_user_local_reranker-v1,protocol_a_rollv2_cv3,2,2027,V2H-local-shuffle,False,shuffle_eeg_control,margin_power0p3_base0p025,fine_power_base_grid,0.3,0.025,0.6267123287671232,0.6429470991970991,0.6267123287671232,0.6427896023729358,584,30,26,0.6220959595959596,0.6189520664520665,0.6475700032185387,26
V2-S,V2M-two_stage_user_local_reranker-v1,protocol_a_rollv2_cv3,2,2027,V2H-local-shuffle,False,shuffle_eeg_control,margin_power0p3_base0p05,fine_power_base_grid,0.3,0.05,0.6335616438356164,0.6533982221482222,0.6335616438356164,0.6513181417348085,584,30,26,0.6341422032828283,0.6331821881821882,0.649286557236348,26
V2-S,V2M-two_stage_user_local_reranker-v1,protocol_a_rollv2_cv3,2,2027,V2H-local-shuffle,False,shuffle_eeg_control,margin_power0p3_base0p075,fine_power_base_grid,0.3,0.075,0.6335616438356164,0.6525980963480964,0.6335616438356164,0.6506246993746994,584,30,26,0.6348056457431457,0.6337572150072149,0.6515395343847226,26
V2-S,V2M-two_stage_user_local_reranker-v1,protocol_a_rollv2_cv3,2,2027,V2H-local-shuffle,False,shuffle_eeg_control,margin_power0p3_base0p1,fine_power_base_grid,0.3,0.1,0.6352739726027398,0.6506787194287195,0.6352739726027398,0.6494903399070066,584,30,26,0.6314187635281385,0.6313098938098938,0.6541501269534742,26
V2-S,V2M-two_stage_user_local_reranker-v1,protocol_a_rollv2_cv3,2,2027,V2H-local-shuffle,False,shuffle_eeg_control,margin_power0p3_base0p15,fine_power_base_grid,0.3,0.15,0.636986301369863,0.6486513486513487,0.636986301369863,0.6412518037518038,584,30,26,0.6307130456349206,0.6302808302808303,0.658262704287809,26
V2-S,V2M-two_stage_user_local_reranker-v1,protocol_a_rollv2_cv3,2,2027,V2H-local-shuffle,False,shuffle_eeg_control,margin_power0p35_base0p0,fine_power_base_grid,0.35,0.0,0.6164383561643836,0.6296141358641358,0.6164383561643836,0.6319751082251082,584,30,26,0.6074147727272727,0.6029717504717503,0.6441726567249579,26
V2-S,V2M-two_stage_user_local_reranker-v1,protocol_a_rollv2_cv3,2,2027,V2H-local-shuffle,False,shuffle_eeg_control,margin_power0p35_base0p025,fine_power_base_grid,0.35,0.025,0.6284246575342466,0.6445496632996632,0.6284246575342466,0.6441784912618247,584,30,26,0.6227904040404041,0.6194862544862545,0.6471766262561243,26
V2-S,V2M-two_stage_user_local_reranker-v1,protocol_a_rollv2_cv3,2,2027,V2H-local-shuffle,False,shuffle_eeg_control,margin_power0p35_base0p05,fine_power_base_grid,0.35,0.05,0.6335616438356164,0.6527863340363341,0.6335616438356164,0.6507878387045054,584,30,26,0.6334935290404041,0.6320574795574795,0.6486786110217072,26
V2-S,V2M-two_stage_user_local_reranker-v1,protocol_a_rollv2_cv3,2,2027,V2H-local-shuffle,False,shuffle_eeg_control,margin_power0p35_base0p075,fine_power_base_grid,0.35,0.075,0.6352739726027398,0.652603183853184,0.6352739726027398,0.6506291085457753,584,30,26,0.635061102092352,0.6343422780922782,0.6501448342452527,26
V2-S,V2M-two_stage_user_local_reranker-v1,protocol_a_rollv2_cv3,2,2027,V2H-local-shuffle,False,shuffle_eeg_control,margin_power0p35_base0p1,fine_power_base_grid,0.35,0.1,0.6318493150684932,0.6509955322455323,0.6318493150684932,0.6492358104858106,584,30,26,0.6329827290764791,0.632154650904651,0.6516825805528735,26
V2-S,V2M-two_stage_user_local_reranker-v1,protocol_a_rollv2_cv3,2,2027,V2H-local-shuffle,False,shuffle_eeg_control,margin_power0p35_base0p15,fine_power_base_grid,0.35,0.15,0.6318493150684932,0.6436655936655936,0.6318493150684932,0.6369308160974828,584,30,26,0.6262301587301589,0.6256003256003256,0.6558309194292459,26
V2-S,V2M-two_stage_user_local_reranker-v1,protocol_a_rollv2_cv3,2,2027,V2H-local-shuffle,False,shuffle_eeg_control,margin_power0p4_base0p0,fine_power_base_grid,0.4,0.0,0.6164383561643836,0.6296141358641358,0.6164383561643836,0.6319751082251082,584,30,26,0.6074147727272727,0.6029717504717503,0.6441726567249579,26
V2-S,V2M-two_stage_user_local_reranker-v1,protocol_a_rollv2_cv3,2,2027,V2H-local-shuffle,False,shuffle_eeg_control,margin_power0p4_base0p025,fine_power_base_grid,0.4,0.025,0.6232876712328768,0.6387982387982387,0.6232876712328768,0.6380828122494789,584,30,26,0.6174431818181818,0.6138950863950863,0.646604441583521,26
V2-S,V2M-two_stage_user_local_reranker-v1,protocol_a_rollv2_cv3,2,2027,V2H-local-shuffle,False,shuffle_eeg_control,margin_power0p4_base0p05,fine_power_base_grid,0.4,0.05,0.6301369863013698,0.6454221704221704,0.6301369863013698,0.6444055635722302,584,30,26,0.6284067234848485,0.6263416675916675,0.648249472517255,26
V2-S,V2M-two_stage_user_local_reranker-v1,protocol_a_rollv2_cv3,2,2027,V2H-local-shuffle,False,shuffle_eeg_control,margin_power0p4_base0p075,fine_power_base_grid,0.4,0.075,0.6301369863013698,0.6489110426610427,0.6301369863013698,0.6474292528459196,584,30,26,0.6316422032828283,0.6300091112591113,0.6492150341522726,26
V2-S,V2M-two_stage_user_local_reranker-v1,protocol_a_rollv2_cv3,2,2027,V2H-local-shuffle,False,shuffle_eeg_control,margin_power0p4_base0p1,fine_power_base_grid,0.4,0.1,0.6335616438356164,0.6489910552410554,0.6335616438356164,0.6474985970819305,584,30,26,0.6330521735209235,0.6317985255485256,0.6509315881700819,26
V2-S,V2M-two_stage_user_local_reranker-v1,protocol_a_rollv2_cv3,2,2027,V2H-local-shuffle,False,shuffle_eeg_control,margin_power0p4_base0p15,fine_power_base_grid,0.4,0.15,0.6284246575342466,0.6436503311503312,0.6284246575342466,0.6433990700657368,584,30,26,0.6253956980519482,0.6242815055315055,0.6535779422808712,26
V2-S,V2M-two_stage_user_local_reranker-v1,protocol_a_rollv2_cv3,2,2027,V2H-local-shuffle,False,shuffle_eeg_control,margin_power0p5_base0p0,fine_power_base_grid,0.5,0.0,0.6164383561643836,0.6296141358641358,0.6164383561643836,0.6319751082251082,584,30,26,0.6074147727272727,0.6029717504717503,0.6441726567249579,26
V2-S,V2M-two_stage_user_local_reranker-v1,protocol_a_rollv2_cv3,2,2027,V2H-local-shuffle,False,shuffle_eeg_control,margin_power0p5_base0p025,fine_power_base_grid,0.5,0.025,0.6267123287671232,0.6425909738409737,0.6267123287671232,0.641369849286516,584,30,26,0.6213817866161616,0.6173381710881711,0.646139541537031,26
V2-S,V2M-two_stage_user_local_reranker-v1,protocol_a_rollv2_cv3,2,2027,V2H-local-shuffle,False,shuffle_eeg_control,margin_power0p5_base0p05,fine_power_base_grid,0.5,0.05,0.6284246575342466,0.6445496632996632,0.6284246575342466,0.6441784912618247,584,30,26,0.6227904040404041,0.6194862544862545,0.6475700032185387,26
V2-S,V2M-two_stage_user_local_reranker-v1,protocol_a_rollv2_cv3,2,2027,V2H-local-shuffle,False,shuffle_eeg_control,margin_power0p5_base0p075,fine_power_base_grid,0.5,0.075,0.6284246575342466,0.6436593499093498,0.6284246575342466,0.6428777857944525,584,30,26,0.6267921401515152,0.624578847078847,0.6484998033115188,26
V2-S,V2M-two_stage_user_local_reranker-v1,protocol_a_rollv2_cv3,2,2027,V2H-local-shuffle,False,shuffle_eeg_control,margin_power0p5_base0p1,fine_power_base_grid,0.5,0.1,0.6335616438356164,0.653106846856847,0.6335616438356164,0.6510656164822832,584,30,26,0.6345091540404041,0.6336920949420949,0.6492150341522726,26
V2-S,V2M-two_stage_user_local_reranker-v1,protocol_a_rollv2_cv3,2,2027,V2H-local-shuffle,False,shuffle_eeg_control,margin_power0p5_base0p15,fine_power_base_grid,0.5,0.15,0.6301369863013698,0.6466050153550154,0.6301369863013698,0.6454306958473626,584,30,26,0.6305695346320346,0.6294124856624855,0.6511103958802704,26
V2-S,V2M-two_stage_user_local_reranker-v1,protocol_a_rollv2_cv3,3,2027,V2H-local-shuffle,False,shuffle_eeg_control,v2n_eeg_base_0p05,reference_score_family,1.0,0.05,0.6472491909385113,0.6549447806605636,0.6472491909385113,0.6779771881557596,618,28,24,0.6339399625238785,0.6435108641358641,0.5691056910569106,24
V2-S,V2M-two_stage_user_local_reranker-v1,protocol_a_rollv2_cv3,3,2027,V2H-local-shuffle,False,shuffle_eeg_control,sqrt_margin_eeg_base0p05,reference_score_family,0.5,0.05,0.6472491909385113,0.6596644591302421,0.6472491909385113,0.6805345316059601,618,28,24,0.6388362414586192,0.6496194314944315,0.5715227422544495,24
V2-S,V2M-two_stage_user_local_reranker-v1,protocol_a_rollv2_cv3,3,2027,V2H-local-shuffle,False,shuffle_eeg_control,margin_power0p25_base0p05,reference_score_family,0.25,0.05,0.6618122977346278,0.6933566715231124,0.6618122977346278,0.7105809237059236,618,28,24,0.6582706337951093,0.6791345344470345,0.5773822603090896,24
V2-S,V2M-two_stage_user_local_reranker-v1,protocol_a_rollv2_cv3,3,2027,V2H-local-shuffle,False,shuffle_eeg_control,margin_power0p1_base0p0,fine_power_base_grid,0.1,0.0,0.6472491909385113,0.6536947806605636,0.6472491909385113,0.676905759584331,618,28,24,0.6329298615137775,0.6422608641358641,0.5684831172636051,24
V2-S,V2M-two_stage_user_local_reranker-v1,protocol_a_rollv2_cv3,3,2027,V2H-local-shuffle,False,shuffle_eeg_control,margin_power0p1_base0p025,fine_power_base_grid,0.1,0.025,0.6650485436893204,0.7023986980678801,0.6650485436893204,0.7189139762354048,618,28,24,0.6685097148383862,0.6876962659254325,0.5829121804731561,24
V2-S,V2M-two_stage_user_local_reranker-v1,protocol_a_rollv2_cv3,3,2027,V2H-local-shuffle,False,shuffle_eeg_control,margin_power0p1_base0p05,fine_power_base_grid,0.1,0.05,0.6779935275080906,0.719172957657381,0.6779935275080906,0.7301331604903033,618,28,24,0.689781071686666,0.7067239165155832,0.5937522888742401,24
V2-S,V2M-two_stage_user_local_reranker-v1,protocol_a_rollv2_cv3,3,2027,V2H-local-shuffle,False,shuffle_eeg_control,margin_power0p1_base0p075,fine_power_base_grid,0.1,0.075,0.6634304207119741,0.7025713582190942,0.6634304207119741,0.6930196787339644,618,28,24,0.6757535587955169,0.6935119355952689,0.6001611367465026,24
V2-S,V2M-two_stage_user_local_reranker-v1,protocol_a_rollv2_cv3,3,2027,V2H-local-shuffle,False,shuffle_eeg_control,margin_power0p1_base0p1,fine_power_base_grid,0.1,0.1,0.6618122977346278,0.6968727745983615,0.6618122977346278,0.6878200304986019,618,28,24,0.6720223541027737,0.6877212525129192,0.6062770087160332,24
V2-S,V2M-two_stage_user_local_reranker-v1,protocol_a_rollv2_cv3,3,2027,V2H-local-shuffle,False,shuffle_eeg_control,margin_power0p1_base0p15,fine_power_base_grid,0.1,0.15,0.6682847896440129,0.7049209724409673,0.6682847896440129,0.6949823523037809,618,28,24,0.6789498089323264,0.6938175944425945,0.6161649454332381,24
V2-S,V2M-two_stage_user_local_reranker-v1,protocol_a_rollv2_cv3,3,2027,V2H-local-shuffle,False,shuffle_eeg_control,margin_power0p15_base0p0,fine_power_base_grid,0.15,0.0,0.6472491909385113,0.6536947806605636,0.6472491909385113,0.676905759584331,618,28,24,0.6329298615137775,0.6422608641358641,0.5684831172636051,24
V2-S,V2M-two_stage_user_local_reranker-v1,protocol_a_rollv2_cv3,3,2027,V2H-local-shuffle,False,shuffle_eeg_control,margin_power0p15_base0p025,fine_power_base_grid,0.15,0.025,0.6618122977346278,0.6924657724003055,0.6618122977346278,0.7098723069258783,618,28,24,0.6578682583927339,0.6784180441472109,0.5773822603090896,24
V2-S,V2M-two_stage_user_local_reranker-v1,protocol_a_rollv2_cv3,3,2027,V2H-local-shuffle,False,shuffle_eeg_control,margin_power0p15_base0p05,fine_power_base_grid,0.15,0.05,0.6699029126213593,0.7117387518622683,0.6699029126213593,0.7278995145066574,618,28,24,0.6803931111623419,0.6978597290055623,0.586574379257306,24
V2-S,V2M-two_stage_user_local_reranker-v1,protocol_a_rollv2_cv3,3,2027,V2H-local-shuffle,False,shuffle_eeg_control,margin_power0p15_base0p075,fine_power_base_grid,0.15,0.075,0.6747572815533981,0.716682778083868,0.6747572815533981,0.7279987208558636,618,28,24,0.687035080304311,0.7042337369420704,0.5924705192997877,24
V2-S,V2M-two_stage_user_local_reranker-v1,protocol_a_rollv2_cv3,3,2027,V2H-local-shuffle,False,shuffle_eeg_control,margin_power0p15_base0p1,fine_power_base_grid,0.15,0.1,0.6666666666666666,0.7065605591626296,0.6666666666666666,0.7092384995956424,618,28,24,0.6779388734808315,0.6953869355952689,0.5970116457921336,24
V2-S,V2M-two_stage_user_local_reranker-v1,protocol_a_rollv2_cv3,3,2027,V2H-local-shuffle,False,shuffle_eeg_control,margin_power0p15_base0p15,fine_power_base_grid,0.15,0.15,0.6634304207119741,0.6987126014381885,0.6634304207119741,0.6893970249327391,618,28,24,0.6741134448302281,0.689561079352746,0.6048487511902146,24
V2-S,V2M-two_stage_user_local_reranker-v1,protocol_a_rollv2_cv3,3,2027,V2H-local-shuffle,False,shuffle_eeg_control,margin_power0p2_base0p0,fine_power_base_grid,0.2,0.0,0.6472491909385113,0.6536947806605636,0.6472491909385113,0.676905759584331,618,28,24,0.6329298615137775,0.6422608641358641,0.5684831172636051,24
V2-S,V2M-two_stage_user_local_reranker-v1,protocol_a_rollv2_cv3,3,2027,V2H-local-shuffle,False,shuffle_eeg_control,margin_power0p2_base0p025,fine_power_base_grid,0.2,0.025,0.6521035598705501,0.6794226812322144,0.6521035598705501,0.6976295893260179,618,28,24,0.6478964993825134,0.6686928542136875,0.5741229033911961,24
V2-S,V2M-two_stage_user_local_reranker-v1,protocol_a_rollv2_cv3,3,2027,V2H-local-shuffle,False,shuffle_eeg_control,margin_power0p2_base0p05,fine_power_base_grid,0.2,0.05,0.6618122977346278,0.6986774578883067,0.6618122977346278,0.7154054642447498,618,28,24,0.6656113505763855,0.6851296774213441,0.5809712151175564,24
V2-S,V2M-two_stage_user_local_reranker-v1,protocol_a_rollv2_cv3,3,2027,V2H-local-shuffle,False,shuffle_eeg_control,margin_power0p2_base0p075,fine_power_base_grid,0.2,0.075,0.6731391585760518,0.7143801209098873,0.6731391585760518,0.7303229838944123,618,28,24,0.6834470017162325,0.7005934150725818,0.5871237090749285,24
V2-S,V2M-two_stage_user_local_reranker-v1,protocol_a_rollv2_cv3,3,2027,V2H-local-shuffle,False,shuffle_eeg_control,margin_power0p2_base0p1,fine_power_base_grid,0.2,0.1,0.6731391585760518,0.715492301893392,0.6731391585760518,0.7269783126925985,618,28,24,0.6858362791055098,0.7030432607515942,0.5912619937010182,24
V2-S,V2M-two_stage_user_local_reranker-v1,protocol_a_rollv2_cv3,3,2027,V2H-local-shuffle,False,shuffle_eeg_control,margin_power0p2_base0p15,fine_power_base_grid,0.2,0.15,0.6650485436893204,0.7045783287704728,0.6650485436893204,0.7026568669425812,618,28,24,0.6767248097667679,0.6942835405335405,0.5977807075368051,24
V2-S,V2M-two_stage_user_local_reranker-v1,protocol_a_rollv2_cv3,3,2027,V2H-local-shuffle,False,shuffle_eeg_control,margin_power0p25_base0p0,fine_power_base_grid,0.25,0.0,0.6472491909385113,0.6536947806605636,0.6472491909385113,0.676905759584331,618,28,24,0.6329298615137775,0.6422608641358641,0.5684831172636051,24
V2-S,V2M-two_stage_user_local_reranker-v1,protocol_a_rollv2_cv3,3,2027,V2H-local-shuffle,False,shuffle_eeg_control,margin_power0p25_base0p025,fine_power_base_grid,0.25,0.025,0.6553398058252428,0.6810764961672792,0.6553398058252428,0.6992065837601551,618,28,24,0.6487915639139415,0.6691989068030736,0.5728411338167435,24
V2-S,V2M-two_stage_user_local_reranker-v1,protocol_a_rollv2_cv3,3,2027,V2H-local-shuffle,False,shuffle_eeg_control,margin_power0p25_base0p05,fine_power_base_grid,0.25,0.05,0.6618122977346278,0.6933566715231124,0.6618122977346278,0.7105809237059236,618,28,24,0.6582706337951093,0.6791345344470345,0.5773822603090896,24
V2-S,V2M-two_stage_user_local_reranker-v1,protocol_a_rollv2_cv3,3,2027,V2H-local-shuffle,False,shuffle_eeg_control,margin_power0p25_base0p075,fine_power_base_grid,0.25,0.075,0.6618122977346278,0.7009150120008608,0.6618122977346278,0.7176422453208167,618,28,24,0.666868300696972,0.6863613893822227,0.5819966307771185,24
V2-S,V2M-two_stage_user_local_reranker-v1,protocol_a_rollv2_cv3,3,2027,V2H-local-shuffle,False,shuffle_eeg_control,margin_power0p25_base0p1,fine_power_base_grid,0.25,0.1,0.6682847896440129,0.7095481881367781,0.6682847896440129,0.7211393104250245,618,28,24,0.679975473244704,0.6973196055487723,0.5866842452208305,24
V2-S,V2M-two_stage_user_local_reranker-v1,protocol_a_rollv2_cv3,3,2027,V2H-local-shuffle,False,shuffle_eeg_control,margin_power0p25_base0p15,fine_power_base_grid,0.25,0.15,0.6715210355987055,0.7133984643583778,0.6715210355987055,0.7201415779987208,618,28,24,0.6848497656189964,0.7023587369420703,0.5930564711052516,24
V2-S,V2M-two_stage_user_local_reranker-v1,protocol_a_rollv2_cv3,3,2027,V2H-local-shuffle,False,shuffle_eeg_control,margin_power0p3_base0p0,fine_power_base_grid,0.3,0.0,0.6472491909385113,0.6536947806605636,0.6472491909385113,0.676905759584331,618,28,24,0.6329298615137775,0.6422608641358641,0.5684831172636051,24
V2-S,V2M-two_stage_user_local_reranker-v1,protocol_a_rollv2_cv3,3,2027,V2H-local-shuffle,False,shuffle_eeg_control,margin_power0p3_base0p025,fine_power_base_grid,0.3,0.025,0.6472491909385113,0.6596644591302422,0.6472491909385113,0.6805345316059601,618,28,24,0.6378649904873682,0.6488478265561598,0.5722185600234381,24
V2-S,V2M-two_stage_user_local_reranker-v1,protocol_a_rollv2_cv3,3,2027,V2H-local-shuffle,False,shuffle_eeg_control,margin_power0p3_base0p05,fine_power_base_grid,0.3,0.05,0.6537216828478964,0.6807247645655478,0.6537216828478964,0.6989050995300995,618,28,24,0.6477313867174007,0.6684227924852925,0.5748919651358676,24
V2-S,V2M-two_stage_user_local_reranker-v1,protocol_a_rollv2_cv3,3,2027,V2H-local-shuffle,False,shuffle_eeg_control,margin_power0p3_base0p075,fine_power_base_grid,0.3,0.075,0.6585760517799353,0.6907897072373981,0.6585760517799353,0.7085401073793932,618,28,24,0.6554706559951315,0.6760370917662583,0.5785907859078591,24
V2-S,V2M-two_stage_user_local_reranker-v1,protocol_a_rollv2_cv3,3,2027,V2H-local-shuffle,False,shuffle_eeg_control,margin_power0p3_base0p1,fine_power_base_grid,0.3,0.1,0.6601941747572816,0.6997515129755197,0.6601941747572816,0.7167493881779595,618,28,24,0.66488139871007,0.6844930031388365,0.5822896066798506,24
V2-S,V2M-two_stage_user_local_reranker-v1,protocol_a_rollv2_cv3,3,2027,V2H-local-shuffle,False,shuffle_eeg_control,margin_power0p3_base0p15,fine_power_base_grid,0.3,0.15,0.6682847896440129,0.7093948692334594,0.6682847896440129,0.7210078942221799,618,28,24,0.6809535355864027,0.6981611058694391,0.588991430454845,24
V2-S,V2M-two_stage_user_local_reranker-v1,protocol_a_rollv2_cv3,3,2027,V2H-local-shuffle,False,shuffle_eeg_control,margin_power0p35_base0p0,fine_power_base_grid,0.35,0.0,0.6472491909385113,0.6536947806605636,0.6472491909385113,0.676905759584331,618,28,24,0.6329298615137775,0.6422608641358641,0.5684831172636051,24
V2-S,V2M-two_stage_user_local_reranker-v1,protocol_a_rollv2_cv3,3,2027,V2H-local-shuffle,False,shuffle_eeg_control,margin_power0p35_base0p025,fine_power_base_grid,0.35,0.025,0.6440129449838188,0.6551566618592869,0.6440129449838188,0.6765662776377062,618,28,24,0.6353258629482407,0.6458165214415214,0.570900168461144,24
V2-S,V2M-two_stage_user_local_reranker-v1,protocol_a_rollv2_cv3,3,2027,V2H-local-shuffle,False,shuffle_eeg_control,margin_power0p35_base0p05,fine_power_base_grid,0.35,0.05,0.6521035598705501,0.6782863175958506,0.6521035598705501,0.6966555633519917,618,28,24,0.6443390719614496,0.6651259350217683,0.573536951585732,24
V2-S,V2M-two_stage_user_local_reranker-v1,protocol_a_rollv2_cv3,3,2027,V2H-local-shuffle,False,shuffle_eeg_control,margin_power0p35_base0p075,fine_power_base_grid,0.35,0.075,0.6601941747572816,0.688849459984651,0.6601941747572816,0.7061329906865621,618,28,24,0.6539612679472819,0.675312122291289,0.5765033326008936,24
V2-S,V2M-two_stage_user_local_reranker-v1,protocol_a_rollv2_cv3,3,2027,V2H-local-shuffle,False,shuffle_eeg_control,margin_power0p35_base0p1,fine_power_base_grid,0.35,0.1,0.6601941747572816,0.6944641711750199,0.6601941747572816,0.7117940756333614,618,28,24,0.6579320834565591,0.6790066684858352,0.5789936277741157,24
V2-S,V2M-two_stage_user_local_reranker-v1,protocol_a_rollv2_cv3,3,2027,V2H-local-shuffle,False,shuffle_eeg_control,margin_power0p35_base0p15,fine_power_base_grid,0.35,0.15,0.6634304207119741,0.7038715441788842,0.6634304207119741,0.7161141768284625,618,28,24,0.673235331102464,0.691550644571478,0.5849263898044386,24
V2-S,V2M-two_stage_user_local_reranker-v1,protocol_a_rollv2_cv3,3,2027,V2H-local-shuffle,False,shuffle_eeg_control,margin_power0p4_base0p0,fine_power_base_grid,0.4,0.0,0.6472491909385113,0.6536947806605636,0.6472491909385113,0.676905759584331,618,28,24,0.6329298615137775,0.6422608641358641,0.5684831172636051,24
V2-S,V2M-two_stage_user_local_reranker-v1,protocol_a_rollv2_cv3,3,2027,V2H-local-shuffle,False,shuffle_eeg_control,margin_power0p4_base0p025,fine_power_base_grid,0.4,0.025,0.6423948220064725,0.6555015502798333,0.6423948220064725,0.677710371638943,618,28,24,0.6336870976731116,0.6442412448662448,0.5702043506921556,24
V2-S,V2M-two_stage_user_local_reranker-v1,protocol_a_rollv2_cv3,3,2027,V2H-local-shuffle,False,shuffle_eeg_control,margin_power0p4_base0p05,fine_power_base_grid,0.4,0.05,0.6537216828478964,0.6784723295006124,0.6537216828478964,0.6969744409030122,618,28,24,0.6466062492286269,0.6665947401364068,0.5727678898410605,24
V2-S,V2M-two_stage_user_local_reranker-v1,protocol_a_rollv2_cv3,3,2027,V2H-local-shuffle,False,shuffle_eeg_control,margin_power0p4_base0p075,fine_power_base_grid,0.4,0.075,0.6537216828478964,0.6807247645655478,0.6537216828478964,0.6989050995300995,618,28,24,0.6477313867174007,0.6684227924852925,0.5744525012817696,24
V2-S,V2M-two_stage_user_local_reranker-v1,protocol_a_rollv2_cv3,3,2027,V2H-local-shuffle,False,shuffle_eeg_control,margin_power0p4_base0p1,fine_power_base_grid,0.4,0.1,0.6601941747572816,0.6907525048564458,0.6601941747572816,0.7076047332297332,618,28,24,0.656755482279958,0.6777456455581455,0.5771625283820405,24
V2-S,V2M-two_stage_user_local_reranker-v1,protocol_a_rollv2_cv3,3,2027,V2H-local-shuffle,False,shuffle_eeg_control,margin_power0p4_base0p15,fine_power_base_grid,0.4,0.15,0.6618122977346278,0.6992847921962989,0.6618122977346278,0.7163493417957704,618,28,24,0.66508687505191,0.6840262823596156,0.5817036548743866,24
V2-S,V2M-two_stage_user_local_reranker-v1,protocol_a_rollv2_cv3,3,2027,V2H-local-shuffle,False,shuffle_eeg_control,margin_power0p5_base0p0,fine_power_base_grid,0.5,0.0,0.6472491909385113,0.6536947806605636,0.6472491909385113,0.676905759584331,618,28,24,0.6329298615137775,0.6422608641358641,0.5684831172636051,24
V2-S,V2M-two_stage_user_local_reranker-v1,protocol_a_rollv2_cv3,3,2027,V2H-local-shuffle,False,shuffle_eeg_control,margin_power0p5_base0p025,fine_power_base_grid,0.5,0.025,0.6456310679611651,0.6563696058353888,0.6456310679611651,0.6784544192579905,618,28,24,0.6361346501206641,0.646150967088467,0.5696183988866915,24
V2-S,V2M-two_stage_user_local_reranker-v1,protocol_a_rollv2_cv3,3,2027,V2H-local-shuffle,False,shuffle_eeg_control,margin_power0p5_base0p05,fine_power_base_grid,0.5,0.05,0.6472491909385113,0.6596644591302421,0.6472491909385113,0.6805345316059601,618,28,24,0.6388362414586192,0.6496194314944315,0.5715227422544495,24
V2-S,V2M-two_stage_user_local_reranker-v1,protocol_a_rollv2_cv3,3,2027,V2H-local-shuffle,False,shuffle_eeg_control,margin_power0p5_base0p075,fine_power_base_grid,0.5,0.075,0.6521035598705501,0.6769842342625173,0.6521035598705501,0.6956989306989305,618,28,24,0.6440962592186368,0.6640649782316449,0.5727678898410604,24
V2-S,V2M-two_stage_user_local_reranker-v1,protocol_a_rollv2_cv3,3,2027,V2H-local-shuffle,False,shuffle_eeg_control,margin_power0p5_base0p1,fine_power_base_grid,0.5,0.1,0.6521035598705501,0.6782863175958506,0.6521035598705501,0.6966555633519917,618,28,24,0.6458542234766009,0.6665148239106573,0.5738299274884641,24
V2-S,V2M-two_stage_user_local_reranker-v1,protocol_a_rollv2_cv3,3,2027,V2H-local-shuffle,False,shuffle_eeg_control,margin_power0p5_base0p15,fine_power_base_grid,0.5,0.15,0.6537216828478964,0.6833575618365028,0.6537216828478964,0.7012662106412106,618,28,24,0.6485805375665515,0.6703507025382026,0.5769794184428331,24
V2-S,V2M-two_stage_user_local_reranker-v1,protocol_a_rollv2_cv3,1,2028,V2H-local-shuffle,False,shuffle_eeg_control,v2n_eeg_base_0p05,reference_score_family,1.0,0.05,0.6387959866220736,0.6541911593697307,0.6387959866220736,0.6826674225245654,598,35,28,0.6329608451250242,0.6280980510891225,0.5879555709822979,28
V2-S,V2M-two_stage_user_local_reranker-v1,protocol_a_rollv2_cv3,1,2028,V2H-local-shuffle,False,shuffle_eeg_control,sqrt_margin_eeg_base0p05,reference_score_family,0.5,0.05,0.6438127090301003,0.6613807852200708,0.6438127090301003,0.6896095993953137,598,35,28,0.6348987745256401,0.6299121100460388,0.5889274557445332,28
V2-S,V2M-two_stage_user_local_reranker-v1,protocol_a_rollv2_cv3,1,2028,V2H-local-shuffle,False,shuffle_eeg_control,margin_power0p25_base0p05,reference_score_family,0.25,0.05,0.6404682274247492,0.6532553128088843,0.6404682274247492,0.675665910808768,598,35,28,0.6321245504081325,0.627600129698344,0.591461298160361,28
V2-S,V2M-two_stage_user_local_reranker-v1,protocol_a_rollv2_cv3,1,2028,V2H-local-shuffle,False,shuffle_eeg_control,margin_power0p1_base0p0,fine_power_base_grid,0.1,0.0,0.6421404682274248,0.6595483022268737,0.6421404682274248,0.6905245653817081,598,35,28,0.6351250242295019,0.630419479660551,0.5872613675807012,28
V2-S,V2M-two_stage_user_local_reranker-v1,protocol_a_rollv2_cv3,1,2028,V2H-local-shuffle,False,shuffle_eeg_control,margin_power0p1_base0p025,fine_power_base_grid,0.1,0.025,0.6438127090301003,0.649705142740857,0.6438127090301003,0.672230536659108,598,35,28,0.6323342163640671,0.6269942623514052,0.5926067337729956,28
V2-S,V2M-two_stage_user_local_reranker-v1,protocol_a_rollv2_cv3,1,2028,V2H-local-shuffle,False,shuffle_eeg_control,margin_power0p1_base0p05,fine_power_base_grid,0.1,0.05,0.6337792642140468,0.6300592694342695,0.6337792642140468,0.6339100529100529,598,35,28,0.6209990092825913,0.6164827269291555,0.5973967372440125,28
V2-S,V2M-two_stage_user_local_reranker-v1,protocol_a_rollv2_cv3,1,2028,V2H-local-shuffle,False,shuffle_eeg_control,margin_power0p1_base0p075,fine_power_base_grid,0.1,0.075,0.6387959866220736,0.635150444793302,0.6387959866220736,0.6407607709750567,598,35,28,0.6173458465249511,0.613075461245104,0.6012842762929539,28
V2-S,V2M-two_stage_user_local_reranker-v1,protocol_a_rollv2_cv3,1,2028,V2H-local-shuffle,False,shuffle_eeg_control,margin_power0p1_base0p1,fine_power_base_grid,0.1,0.1,0.6438127090301003,0.6366810570382,0.6438127090301003,0.6413900226757369,598,35,28,0.6225851263164696,0.6186310168006598,0.605623047552933,28
V2-S,V2M-two_stage_user_local_reranker-v1,protocol_a_rollv2_cv3,1,2028,V2H-local-shuffle,False,shuffle_eeg_control,margin_power0p1_base0p15,fine_power_base_grid,0.1,0.15,0.6354515050167224,0.6241177539391825,0.6354515050167224,0.6313393801965229,598,35,28,0.6096403265059982,0.6041997998694427,0.6087122526900383,28
V2-S,V2M-two_stage_user_local_reranker-v1,protocol_a_rollv2_cv3,1,2028,V2H-local-shuffle,False,shuffle_eeg_control,margin_power0p15_base0p0,fine_power_base_grid,0.15,0.0,0.6421404682274248,0.6595483022268737,0.6421404682274248,0.6905245653817081,598,35,28,0.6351250242295019,0.630419479660551,0.5872613675807012,28
V2-S,V2M-two_stage_user_local_reranker-v1,protocol_a_rollv2_cv3,1,2028,V2H-local-shuffle,False,shuffle_eeg_control,margin_power0p15_base0p025,fine_power_base_grid,0.15,0.025,0.6387959866220736,0.6525939371475086,0.6387959866220736,0.6751368102796675,598,35,28,0.6312953630117808,0.6269387540369683,0.5911141964595626,28
V2-S,V2M-two_stage_user_local_reranker-v1,protocol_a_rollv2_cv3,1,2028,V2H-local-shuffle,False,shuffle_eeg_control,margin_power0p15_base0p05,fine_power_base_grid,0.15,0.05,0.6421404682274248,0.6483918396418397,0.6421404682274248,0.6711798941798942,598,35,28,0.6309032758286489,0.6256809592523878,0.5942381117667477,28
V2-S,V2M-two_stage_user_local_reranker-v1,protocol_a_rollv2_cv3,1,2028,V2H-local-shuffle,False,shuffle_eeg_control,margin_power0p15_base0p075,fine_power_base_grid,0.15,0.075,0.6354515050167224,0.6330354599104598,0.6354515050167224,0.637084656084656,598,35,28,0.6240813249768473,0.6190530732495019,0.5970496355432142,28
V2-S,V2M-two_stage_user_local_reranker-v1,protocol_a_rollv2_cv3,1,2028,V2H-local-shuffle,False,shuffle_eeg_control,margin_power0p15_base0p1,fine_power_base_grid,0.15,0.1,0.6387959866220736,0.6348296775975347,0.6387959866220736,0.6405041572184429,598,35,28,0.6178717882449226,0.613693611282897,0.5993752169385631,28
V2-S,V2M-two_stage_user_local_reranker-v1,protocol_a_rollv2_cv3,1,2028,V2H-local-shuffle,False,shuffle_eeg_control,margin_power0p15_base0p15,fine_power_base_grid,0.15,0.15,0.6421404682274248,0.6344489141810571,0.6421404682274248,0.6396043083900226,598,35,28,0.6198369623742758,0.6157965496804784,0.605206525511975,28
V2-S,V2M-two_stage_user_local_reranker-v1,protocol_a_rollv2_cv3,1,2028,V2H-local-shuffle,False,shuffle_eeg_control,margin_power0p2_base0p0,fine_power_base_grid,0.2,0.0,0.6421404682274248,0.6595483022268737,0.6421404682274248,0.6905245653817081,598,35,28,0.6351250242295019,0.630419479660551,0.5872613675807012,28
V2-S,V2M-two_stage_user_local_reranker-v1,protocol_a_rollv2_cv3,1,2028,V2H-local-shuffle,False,shuffle_eeg_control,margin_power0p2_base0p025,fine_power_base_grid,0.2,0.025,0.6421404682274248,0.6542379280772137,0.6421404682274248,0.6772456538170823,598,35,28,0.6335969503133683,0.6287067529031815,0.5896910794862895,28
V2-S,V2M-two_stage_user_local_reranker-v1,protocol_a_rollv2_cv3,1,2028,V2H-local-shuffle,False,shuffle_eeg_control,margin_power0p2_base0p05,fine_power_base_grid,0.2,0.05,0.6421404682274248,0.6520435781150067,0.6421404682274248,0.6741012849584279,598,35,28,0.6315097671814089,0.6266541262969835,0.5925373134328359,28
V2-S,V2M-two_stage_user_local_reranker-v1,protocol_a_rollv2_cv3,1,2028,V2H-local-shuffle,False,shuffle_eeg_control,margin_power0p2_base0p075,fine_power_base_grid,0.2,0.075,0.6404682274247492,0.6386365486365486,0.6404682274247492,0.6586137566137567,598,35,28,0.6286313023626456,0.6228701126915414,0.5943422422769872,28
V2-S,V2M-two_stage_user_local_reranker-v1,protocol_a_rollv2_cv3,1,2028,V2H-local-shuffle,False,shuffle_eeg_control,margin_power0p2_base0p1,fine_power_base_grid,0.2,0.1,0.6337792642140468,0.6290672059422059,0.6337792642140468,0.6339100529100529,598,35,28,0.620764575391441,0.6150848192812479,0.5967025338424159,28
V2-S,V2M-two_stage_user_local_reranker-v1,protocol_a_rollv2_cv3,1,2028,V2H-local-shuffle,False,shuffle_eeg_control,margin_power0p2_base0p15,fine_power_base_grid,0.2,0.15,0.6387959866220736,0.6355968733647306,0.6387959866220736,0.6411179138321995,598,35,28,0.6182366306993173,0.6144608070500929,0.6005206525511976,28
V2-S,V2M-two_stage_user_local_reranker-v1,protocol_a_rollv2_cv3,1,2028,V2H-local-shuffle,False,shuffle_eeg_control,margin_power0p25_base0p0,fine_power_base_grid,0.25,0.0,0.6421404682274248,0.6595483022268737,0.6421404682274248,0.6905245653817081,598,35,28,0.6351250242295019,0.630419479660551,0.5872613675807012,28
V2-S,V2M-two_stage_user_local_reranker-v1,protocol_a_rollv2_cv3,1,2028,V2H-local-shuffle,False,shuffle_eeg_control,margin_power0p25_base0p025,fine_power_base_grid,0.25,0.025,0.6438127090301003,0.6616784042676899,0.6438127090301003,0.6896492819349962,598,35,28,0.6346121125971872,0.6300680057376485,0.5896216591461299,28
V2-S,V2M-two_stage_user_local_reranker-v1,protocol_a_rollv2_cv3,1,2028,V2H-local-shuffle,False,shuffle_eeg_control,margin_power0p25_base0p05,fine_power_base_grid,0.25,0.05,0.6404682274247492,0.6532553128088843,0.6404682274247492,0.675665910808768,598,35,28,0.6321245504081325,0.627600129698344,0.591461298160361,28
V2-S,V2M-two_stage_user_local_reranker-v1,protocol_a_rollv2_cv3,1,2028,V2H-local-shuffle,False,shuffle_eeg_control,margin_power0p25_base0p075,fine_power_base_grid,0.25,0.075,0.6404682274247492,0.6484060119774405,0.6404682274247492,0.6711912320483749,598,35,28,0.6307054554069479,0.6256951315879887,0.5931968066643527,28
V2-S,V2M-two_stage_user_local_reranker-v1,protocol_a_rollv2_cv3,1,2028,V2H-local-shuffle,False,shuffle_eeg_control,margin_power0p25_base0p1,fine_power_base_grid,0.25,0.1,0.6387959866220736,0.6379987935345077,0.6387959866220736,0.6581035525321238,598,35,28,0.6278317288018781,0.6222323575895005,0.5944810829573065,28
V2-S,V2M-two_stage_user_local_reranker-v1,protocol_a_rollv2_cv3,1,2028,V2H-local-shuffle,False,shuffle_eeg_control,margin_power0p25_base0p15,fine_power_base_grid,0.25,0.15,0.6337792642140468,0.6308264652014653,0.6337792642140468,0.6345238095238095,598,35,28,0.6180802696474339,0.6127856369820657,0.5978479694550504,28
V2-S,V2M-two_stage_user_local_reranker-v1,protocol_a_rollv2_cv3,1,2028,V2H-local-shuffle,False,shuffle_eeg_control,margin_power0p3_base0p0,fine_power_base_grid,0.3,0.0,0.6421404682274248,0.6595483022268737,0.6421404682274248,0.6905245653817081,598,35,28,0.6351250242295019,0.630419479660551,0.5872613675807012,28
V2-S,V2M-two_stage_user_local_reranker-v1,protocol_a_rollv2_cv3,1,2028,V2H-local-shuffle,False,shuffle_eeg_control,margin_power0p3_base0p025,fine_power_base_grid,0.3,0.025,0.6454849498327759,0.662273642362928,0.6454849498327759,0.6903238851095994,598,35,28,0.6358689237793715,0.6308049671888958,0.5890662964248525,28
V2-S,V2M-two_stage_user_local_reranker-v1,protocol_a_rollv2_cv3,1,2028,V2H-local-shuffle,False,shuffle_eeg_control,margin_power0p3_base0p05,fine_power_base_grid,0.3,0.05,0.6421404682274248,0.6573133249026105,0.6421404682274248,0.6797059712774,598,35,28,0.635860631905408,0.6307900862365148,0.5903505727178063,28
V2-S,V2M-two_stage_user_local_reranker-v1,protocol_a_rollv2_cv3,1,2028,V2H-local-shuffle,False,shuffle_eeg_control,margin_power0p3_base0p075,fine_power_base_grid,0.3,0.075,0.6404682274247492,0.6532553128088843,0.6404682274247492,0.675665910808768,598,35,28,0.6321245504081325,0.627600129698344,0.5922943422422771,28
V2-S,V2M-two_stage_user_local_reranker-v1,protocol_a_rollv2_cv3,1,2028,V2H-local-shuffle,False,shuffle_eeg_control,margin_power0p3_base0p1,fine_power_base_grid,0.3,0.1,0.6404682274247492,0.6484060119774405,0.6404682274247492,0.6711912320483749,598,35,28,0.6307054554069479,0.6256951315879887,0.5935786185352308,28
V2-S,V2M-two_stage_user_local_reranker-v1,protocol_a_rollv2_cv3,1,2028,V2H-local-shuffle,False,shuffle_eeg_control,margin_power0p3_base0p15,fine_power_base_grid,0.3,0.15,0.637123745819398,0.6357430301180301,0.637123745819398,0.6437989417989418,598,35,28,0.6222797269065926,0.6155123084587372,0.5958000694203403,28
V2-S,V2M-two_stage_user_local_reranker-v1,protocol_a_rollv2_cv3,1,2028,V2H-local-shuffle,False,shuffle_eeg_control,margin_power0p35_base0p0,fine_power_base_grid,0.35,0.0,0.6421404682274248,0.6595483022268737,0.6421404682274248,0.6905245653817081,598,35,28,0.6351250242295019,0.630419479660551,0.5872613675807012,28
V2-S,V2M-two_stage_user_local_reranker-v1,protocol_a_rollv2_cv3,1,2028,V2H-local-shuffle,False,shuffle_eeg_control,margin_power0p35_base0p025,fine_power_base_grid,0.35,0.025,0.6438127090301003,0.6592974518867375,0.6438127090301003,0.6867524565381709,598,35,28,0.6345007645753914,0.6293168719508005,0.5886150642138146,28
V2-S,V2M-two_stage_user_local_reranker-v1,protocol_a_rollv2_cv3,1,2028,V2H-local-shuffle,False,shuffle_eeg_control,margin_power0p35_base0p05,fine_power_base_grid,0.35,0.05,0.6438127090301003,0.6582061820454677,0.6438127090301003,0.6829599395313681,598,35,28,0.6346914776765523,0.6298972290936576,0.5898646303366887,28
V2-S,V2M-two_stage_user_local_reranker-v1,protocol_a_rollv2_cv3,1,2028,V2H-local-shuffle,False,shuffle_eeg_control,margin_power0p35_base0p075,fine_power_base_grid,0.35,0.075,0.6438127090301003,0.6556362651898366,0.6438127090301003,0.6775706727135299,598,35,28,0.6347116150847494,0.6299810820792964,0.5915654286706005,28
V2-S,V2M-two_stage_user_local_reranker-v1,protocol_a_rollv2_cv3,1,2028,V2H-local-shuffle,False,shuffle_eeg_control,margin_power0p35_base0p1,fine_power_base_grid,0.35,0.1,0.6404682274247492,0.6532553128088843,0.6404682274247492,0.675665910808768,598,35,28,0.6321245504081325,0.627600129698344,0.5926761541131552,28
V2-S,V2M-two_stage_user_local_reranker-v1,protocol_a_rollv2_cv3,1,2028,V2H-local-shuffle,False,shuffle_eeg_control,margin_power0p35_base0p15,fine_power_base_grid,0.35,0.15,0.6438127090301003,0.644050380836095,0.6438127090301003,0.6669130763416476,598,35,28,0.6279063556675497,0.6210418813990243,0.5941339812565082,28
V2-S,V2M-two_stage_user_local_reranker-v1,protocol_a_rollv2_cv3,1,2028,V2H-local-shuffle,False,shuffle_eeg_control,margin_power0p4_base0p0,fine_power_base_grid,0.4,0.0,0.6421404682274248,0.6595483022268737,0.6421404682274248,0.6905245653817081,598,35,28,0.6351250242295019,0.630419479660551,0.5872613675807012,28
V2-S,V2M-two_stage_user_local_reranker-v1,protocol_a_rollv2_cv3,1,2028,V2H-local-shuffle,False,shuffle_eeg_control,margin_power0p4_base0p025,fine_power_base_grid,0.4,0.025,0.6421404682274248,0.6570653090295947,0.6421404682274248,0.6849667422524566,598,35,28,0.632676552303418,0.6273327449666735,0.588545643873655,28
V2-S,V2M-two_stage_user_local_reranker-v1,protocol_a_rollv2_cv3,1,2028,V2H-local-shuffle,False,shuffle_eeg_control,margin_power0p4_base0p05,fine_power_base_grid,0.4,0.05,0.6454849498327759,0.6626704677597534,0.6454849498327759,0.690442932728647,598,35,28,0.6356900562124443,0.6310600692297121,0.5896910794862895,28
V2-S,V2M-two_stage_user_local_reranker-v1,protocol_a_rollv2_cv3,1,2028,V2H-local-shuffle,False,shuffle_eeg_control,margin_power0p4_base0p075,fine_power_base_grid,0.4,0.075,0.6421404682274248,0.6549985100877957,0.6421404682274248,0.6770604686318974,598,35,28,0.6367727380413948,0.6319474936439223,0.5908018049288442,28
V2-S,V2M-two_stage_user_local_reranker-v1,protocol_a_rollv2_cv3,1,2028,V2H-local-shuffle,False,shuffle_eeg_control,margin_power0p4_base0p1,fine_power_base_grid,0.4,0.1,0.6421404682274248,0.6544457889993603,0.6421404682274248,0.676618291761149,598,35,28,0.6334180827464408,0.6287906058888202,0.591877820201319,28
V2-S,V2M-two_stage_user_local_reranker-v1,protocol_a_rollv2_cv3,1,2028,V2H-local-shuffle,False,shuffle_eeg_control,margin_power0p4_base0p15,fine_power_base_grid,0.4,0.15,0.6421404682274248,0.6493224896796326,0.6421404682274248,0.6719244142101286,598,35,28,0.6317798453619349,0.6266116092901807,0.5938910100659494,28
V2-S,V2M-two_stage_user_local_reranker-v1,protocol_a_rollv2_cv3,1,2028,V2H-local-shuffle,False,shuffle_eeg_control,margin_power0p5_base0p0,fine_power_base_grid,0.5,0.0,0.6421404682274248,0.6595483022268737,0.6421404682274248,0.6905245653817081,598,35,28,0.6351250242295019,0.630419479660551,0.5872613675807012,28
V2-S,V2M-two_stage_user_local_reranker-v1,protocol_a_rollv2_cv3,1,2028,V2H-local-shuffle,False,shuffle_eeg_control,margin_power0p5_base0p025,fine_power_base_grid,0.5,0.025,0.6421404682274248,0.6565125879411593,0.6421404682274248,0.6845245653817081,598,35,28,0.6351250242295019,0.6304194796605511,0.5881291218326969,28
V2-S,V2M-two_stage_user_local_reranker-v1,protocol_a_rollv2_cv3,1,2028,V2H-local-shuffle,False,shuffle_eeg_control,margin_power0p5_base0p05,fine_power_base_grid,0.5,0.05,0.6438127090301003,0.6613807852200708,0.6438127090301003,0.6896095993953137,598,35,28,0.6348987745256401,0.6299121100460388,0.5889274557445332,28
V2-S,V2M-two_stage_user_local_reranker-v1,protocol_a_rollv2_cv3,1,2028,V2H-local-shuffle,False,shuffle_eeg_control,margin_power0p5_base0p075,fine_power_base_grid,0.5,0.075,0.6471571906354515,0.6649026106168963,0.6471571906354515,0.6924837490551775,598,35,28,0.636809459197519,0.6321761406582835,0.590003471017008,28
V2-S,V2M-two_stage_user_local_reranker-v1,protocol_a_rollv2_cv3,1,2028,V2H-local-shuffle,False,shuffle_eeg_control,margin_power0p5_base0p1,fine_power_base_grid,0.5,0.1,0.6404682274247492,0.6510302561195419,0.6404682274247492,0.6738858654572941,598,35,28,0.6335389071956237,0.6289713031677318,0.5906629642485248,28
V2-S,V2M-two_stage_user_local_reranker-v1,protocol_a_rollv2_cv3,1,2028,V2H-local-shuffle,False,shuffle_eeg_control,margin_power0p5_base0p15,fine_power_base_grid,0.5,0.15,0.6454849498327759,0.656330709634281,0.6454849498327759,0.6781262282690855,598,35,28,0.6355408024811009,0.6306755265237408,0.5925026032627561,28
V2-S,V2M-two_stage_user_local_reranker-v1,protocol_a_rollv2_cv3,2,2028,V2H-local-shuffle,False,shuffle_eeg_control,v2n_eeg_base_0p05,reference_score_family,1.0,0.05,0.6404109589041096,0.648462185962186,0.6404109589041096,0.6391037357704026,584,30,26,0.6286240755772006,0.6239122914122915,0.646032256910918,26
V2-S,V2M-two_stage_user_local_reranker-v1,protocol_a_rollv2_cv3,2,2028,V2H-local-shuffle,False,shuffle_eeg_control,sqrt_margin_eeg_base0p05,reference_score_family,0.5,0.05,0.6404109589041096,0.6500800125800126,0.6404109589041096,0.6340243706910373,584,30,26,0.6312319624819624,0.6276668701668702,0.6477130493866896,26
V2-S,V2M-two_stage_user_local_reranker-v1,protocol_a_rollv2_cv3,2,2028,V2H-local-shuffle,False,shuffle_eeg_control,margin_power0p25_base0p05,reference_score_family,0.25,0.05,0.6472602739726028,0.6588228900728901,0.6472602739726028,0.6404904200737533,584,30,26,0.6412070481601732,0.6412916712916713,0.652075957515288,26
V2-S,V2M-two_stage_user_local_reranker-v1,protocol_a_rollv2_cv3,2,2028,V2H-local-shuffle,False,shuffle_eeg_control,margin_power0p1_base0p0,fine_power_base_grid,0.1,0.0,0.6404109589041096,0.648462185962186,0.6404109589041096,0.6391037357704026,584,30,26,0.6267774846681096,0.6221640396640397,0.6458892107427672,26
V2-S,V2M-two_stage_user_local_reranker-v1,protocol_a_rollv2_cv3,2,2028,V2H-local-shuffle,False,shuffle_eeg_control,margin_power0p1_base0p025,fine_power_base_grid,0.1,0.025,0.6541095890410958,0.6671409608909609,0.6541095890410958,0.6501994147827481,584,30,26,0.6463383838383839,0.6453119565619565,0.656045488681472,26
V2-S,V2M-two_stage_user_local_reranker-v1,protocol_a_rollv2_cv3,2,2028,V2H-local-shuffle,False,shuffle_eeg_control,margin_power0p1_base0p05,fine_power_base_grid,0.1,0.05,0.648972602739726,0.6613118363118363,0.648972602739726,0.6451475068141737,584,30,26,0.6453635687229438,0.6447331372331373,0.6638057433036513,26
V2-S,V2M-two_stage_user_local_reranker-v1,protocol_a_rollv2_cv3,2,2028,V2H-local-shuffle,False,shuffle_eeg_control,margin_power0p1_base0p075,fine_power_base_grid,0.1,0.075,0.636986301369863,0.6505503755503756,0.636986301369863,0.6352918069584738,584,30,26,0.6363393984487735,0.6367754005254006,0.6687050745628151,26
V2-S,V2M-two_stage_user_local_reranker-v1,protocol_a_rollv2_cv3,2,2028,V2H-local-shuffle,False,shuffle_eeg_control,margin_power0p1_base0p1,fine_power_base_grid,0.1,0.1,0.6386986301369864,0.6510133385133385,0.6386986301369864,0.6379946288279623,584,30,26,0.6355221861471861,0.6357273744773746,0.672674605728999,26
V2-S,V2M-two_stage_user_local_reranker-v1,protocol_a_rollv2_cv3,2,2028,V2H-local-shuffle,False,shuffle_eeg_control,margin_power0p1_base0p15,fine_power_base_grid,0.1,0.15,0.6352739726027398,0.6524938024938025,0.6352739726027398,0.6392776976110309,584,30,26,0.6379490214646464,0.6396361046361047,0.6785752601652183,26
V2-S,V2M-two_stage_user_local_reranker-v1,protocol_a_rollv2_cv3,2,2028,V2H-local-shuffle,False,shuffle_eeg_control,margin_power0p15_base0p0,fine_power_base_grid,0.15,0.0,0.6404109589041096,0.648462185962186,0.6404109589041096,0.6391037357704026,584,30,26,0.6267774846681096,0.6221640396640397,0.6458892107427672,26
V2-S,V2M-two_stage_user_local_reranker-v1,protocol_a_rollv2_cv3,2,2028,V2H-local-shuffle,False,shuffle_eeg_control,margin_power0p15_base0p025,fine_power_base_grid,0.15,0.025,0.6506849315068494,0.6610486735486736,0.6506849315068494,0.6424194324194323,584,30,26,0.6434329906204905,0.643402985902986,0.651968672889175,26
V2-S,V2M-two_stage_user_local_reranker-v1,protocol_a_rollv2_cv3,2,2028,V2H-local-shuffle,False,shuffle_eeg_control,margin_power0p15_base0p05,fine_power_base_grid,0.15,0.05,0.6472602739726028,0.6588545713545714,0.6472602739726028,0.6424887766554435,584,30,26,0.6423340548340548,0.6415814278314278,0.6585845581661481,26
V2-S,V2M-two_stage_user_local_reranker-v1,protocol_a_rollv2_cv3,2,2028,V2H-local-shuffle,False,shuffle_eeg_control,margin_power0p15_base0p075,fine_power_base_grid,0.15,0.075,0.6472602739726028,0.6591750841750842,0.6472602739726028,0.6427665544332212,584,30,26,0.6431413465007215,0.6427032227032228,0.6628401816686336,26
V2-S,V2M-two_stage_user_local_reranker-v1,protocol_a_rollv2_cv3,2,2028,V2H-local-shuffle,False,shuffle_eeg_control,margin_power0p15_base0p1,fine_power_base_grid,0.15,0.1,0.6438356164383562,0.655162198912199,0.6438356164383562,0.6392887205387207,584,30,26,0.6397545770202021,0.6397663447663449,0.6656653434896113,26
V2-S,V2M-two_stage_user_local_reranker-v1,protocol_a_rollv2_cv3,2,2028,V2H-local-shuffle,False,shuffle_eeg_control,margin_power0p15_base0p15,fine_power_base_grid,0.15,0.15,0.636986301369863,0.6500696063196064,0.636986301369863,0.6371767275933942,584,30,26,0.6346504103535353,0.6348981111481111,0.6720308979723205,26
V2-S,V2M-two_stage_user_local_reranker-v1,protocol_a_rollv2_cv3,2,2028,V2H-local-shuffle,False,shuffle_eeg_control,margin_power0p2_base0p0,fine_power_base_grid,0.2,0.0,0.6404109589041096,0.648462185962186,0.6404109589041096,0.6391037357704026,584,30,26,0.6267774846681096,0.6221640396640397,0.6458892107427672,26
V2-S,V2M-two_stage_user_local_reranker-v1,protocol_a_rollv2_cv3,2,2028,V2H-local-shuffle,False,shuffle_eeg_control,margin_power0p2_base0p025,fine_power_base_grid,0.2,0.025,0.6421232876712328,0.6508787508787509,0.6421232876712328,0.634716610549944,584,30,26,0.6337814529220779,0.6326614126614126,0.6501805957872904,26
V2-S,V2M-two_stage_user_local_reranker-v1,protocol_a_rollv2_cv3,2,2028,V2H-local-shuffle,False,shuffle_eeg_control,margin_power0p2_base0p05,fine_power_base_grid,0.2,0.05,0.6472602739726028,0.6528043715543715,0.6472602739726028,0.6377743706910374,584,30,26,0.6361734532828283,0.6342720705220705,0.654293173121625,26
V2-S,V2M-two_stage_user_local_reranker-v1,protocol_a_rollv2_cv3,2,2028,V2H-local-shuffle,False,shuffle_eeg_control,margin_power0p2_base0p075,fine_power_base_grid,0.2,0.075,0.6455479452054794,0.6574300699300701,0.6455479452054794,0.6412542087542088,584,30,26,0.6409451659451659,0.6401569264069266,0.658834888960412,26
V2-S,V2M-two_stage_user_local_reranker-v1,protocol_a_rollv2_cv3,2,2028,V2H-local-shuffle,False,shuffle_eeg_control,margin_power0p2_base0p1,fine_power_base_grid,0.2,0.1,0.6455479452054794,0.6579108391608391,0.6455479452054794,0.6416708754208754,584,30,26,0.6418008207070707,0.6415534465534466,0.662196473911955,26
V2-S,V2M-two_stage_user_local_reranker-v1,protocol_a_rollv2_cv3,2,2028,V2H-local-shuffle,False,shuffle_eeg_control,margin_power0p2_base0p15,fine_power_base_grid,0.2,0.15,0.6404109589041096,0.6522775835275835,0.6404109589041096,0.6367887205387206,584,30,26,0.6384785353535354,0.6383560883560884,0.6668097128348174,26
V2-S,V2M-two_stage_user_local_reranker-v1,protocol_a_rollv2_cv3,2,2028,V2H-local-shuffle,False,shuffle_eeg_control,margin_power0p25_base0p0,fine_power_base_grid,0.25,0.0,0.6404109589041096,0.648462185962186,0.6404109589041096,0.6391037357704026,584,30,26,0.6267774846681096,0.6221640396640397,0.6458892107427672,26
V2-S,V2M-two_stage_user_local_reranker-v1,protocol_a_rollv2_cv3,2,2028,V2H-local-shuffle,False,shuffle_eeg_control,margin_power0p25_base0p025,fine_power_base_grid,0.25,0.025,0.6421232876712328,0.6499350186850188,0.6421232876712328,0.6338987093153761,584,30,26,0.6336165223665223,0.6317176804676805,0.6488931802739334,26
V2-S,V2M-two_stage_user_local_reranker-v1,protocol_a_rollv2_cv3,2,2028,V2H-local-shuffle,False,shuffle_eeg_control,margin_power0p25_base0p05,fine_power_base_grid,0.25,0.05,0.6472602739726028,0.6588228900728901,0.6472602739726028,0.6404904200737533,584,30,26,0.6412070481601732,0.6412916712916713,0.652075957515288,26
V2-S,V2M-two_stage_user_local_reranker-v1,protocol_a_rollv2_cv3,2,2028,V2H-local-shuffle,False,shuffle_eeg_control,margin_power0p25_base0p075,fine_power_base_grid,0.25,0.075,0.6523972602739726,0.6610232360232361,0.6523972602739726,0.6448973865640534,584,30,26,0.6432605068542568,0.6415293965293967,0.6553660193827557,26
V2-S,V2M-two_stage_user_local_reranker-v1,protocol_a_rollv2_cv3,2,2028,V2H-local-shuffle,False,shuffle_eeg_control,margin_power0p25_base0p1,fine_power_base_grid,0.25,0.1,0.6472602739726028,0.6588545713545714,0.6472602739726028,0.6424887766554435,584,30,26,0.6423340548340548,0.6415814278314278,0.6586203197081858,26
V2-S,V2M-two_stage_user_local_reranker-v1,protocol_a_rollv2_cv3,2,2028,V2H-local-shuffle,False,shuffle_eeg_control,margin_power0p25_base0p15,fine_power_base_grid,0.25,0.15,0.6506849315068494,0.6626854626854628,0.6506849315068494,0.6463379830046497,584,30,26,0.6453635687229438,0.6447331372331373,0.6636984586775381,26
V2-S,V2M-two_stage_user_local_reranker-v1,protocol_a_rollv2_cv3,2,2028,V2H-local-shuffle,False,shuffle_eeg_control,margin_power0p3_base0p0,fine_power_base_grid,0.3,0.0,0.6404109589041096,0.648462185962186,0.6404109589041096,0.6391037357704026,584,30,26,0.6267774846681096,0.6221640396640397,0.6458892107427672,26
V2-S,V2M-two_stage_user_local_reranker-v1,protocol_a_rollv2_cv3,2,2028,V2H-local-shuffle,False,shuffle_eeg_control,margin_power0p3_base0p025,fine_power_base_grid,0.3,0.025,0.6386986301369864,0.6462338587338589,0.6386986301369864,0.630691037357704,584,30,26,0.6308697465728715,0.6280165205165206,0.648142187891142,26
V2-S,V2M-two_stage_user_local_reranker-v1,protocol_a_rollv2_cv3,2,2028,V2H-local-shuffle,False,shuffle_eeg_control,margin_power0p3_base0p05,fine_power_base_grid,0.3,0.05,0.6472602739726028,0.6557958245458246,0.6472602739726028,0.6389780743947411,584,30,26,0.6398467938311688,0.6390214877714878,0.6511819189643457,26
V2-S,V2M-two_stage_user_local_reranker-v1,protocol_a_rollv2_cv3,2,2028,V2H-local-shuffle,False,shuffle_eeg_control,margin_power0p3_base0p075,fine_power_base_grid,0.3,0.075,0.6438356164383562,0.6525906963406963,0.6438356164383562,0.6350891855058521,584,30,26,0.6363025342712842,0.6350594775594776,0.6529699960662304,26
V2-S,V2M-two_stage_user_local_reranker-v1,protocol_a_rollv2_cv3,2,2028,V2H-local-shuffle,False,shuffle_eeg_control,margin_power0p3_base0p1,fine_power_base_grid,0.3,0.1,0.6541095890410958,0.6623968623968625,0.6541095890410958,0.6460878627545295,584,30,26,0.6443889790764791,0.6425977725977726,0.6555090655509066,26
V2-S,V2M-two_stage_user_local_reranker-v1,protocol_a_rollv2_cv3,2,2028,V2H-local-shuffle,False,shuffle_eeg_control,margin_power0p3_base0p15,fine_power_base_grid,0.3,0.15,0.6438356164383562,0.656628787878788,0.6438356164383562,0.6405597643097644,584,30,26,0.6397174873737373,0.6394701132201133,0.6601938275578443,26
V2-S,V2M-two_stage_user_local_reranker-v1,protocol_a_rollv2_cv3,2,2028,V2H-local-shuffle,False,shuffle_eeg_control,margin_power0p35_base0p0,fine_power_base_grid,0.35,0.0,0.6404109589041096,0.648462185962186,0.6404109589041096,0.6391037357704026,584,30,26,0.6267774846681096,0.6221640396640397,0.6458892107427672,26
V2-S,V2M-two_stage_user_local_reranker-v1,protocol_a_rollv2_cv3,2,2028,V2H-local-shuffle,False,shuffle_eeg_control,margin_power0p35_base0p025,fine_power_base_grid,0.35,0.025,0.6421232876712328,0.651362063862064,0.6421232876712328,0.6351354818021485,584,30,26,0.6325861291486291,0.6289489214489214,0.6476057647605764,26
V2-S,V2M-two_stage_user_local_reranker-v1,protocol_a_rollv2_cv3,2,2028,V2H-local-shuffle,False,shuffle_eeg_control,margin_power0p35_base0p05,fine_power_base_grid,0.35,0.05,0.6404109589041096,0.6484749047249048,0.6404109589041096,0.6326332772166107,584,30,26,0.6318283279220779,0.6302575665075665,0.6497872188248758,26
V2-S,V2M-two_stage_user_local_reranker-v1,protocol_a_rollv2_cv3,2,2028,V2H-local-shuffle,False,shuffle_eeg_control,margin_power0p35_base0p075,fine_power_base_grid,0.35,0.075,0.6438356164383562,0.6535242535242536,0.6438356164383562,0.6358982683982684,584,30,26,0.6366447961760462,0.6364585414585415,0.6520759575152881,26
V2-S,V2M-two_stage_user_local_reranker-v1,protocol_a_rollv2_cv3,2,2028,V2H-local-shuffle,False,shuffle_eeg_control,margin_power0p35_base0p1,fine_power_base_grid,0.35,0.1,0.6472602739726028,0.6545137732637734,0.6472602739726028,0.6392558521725189,584,30,26,0.637065183080808,0.6356318218818219,0.6536494653649465,26
V2-S,V2M-two_stage_user_local_reranker-v1,protocol_a_rollv2_cv3,2,2028,V2H-local-shuffle,False,shuffle_eeg_control,margin_power0p35_base0p15,fine_power_base_grid,0.35,0.15,0.648972602739726,0.660174778924779,0.648972602739726,0.6436329565496233,584,30,26,0.6432851957070707,0.6418332593332594,0.657440188820942,26
V2-S,V2M-two_stage_user_local_reranker-v1,protocol_a_rollv2_cv3,2,2028,V2H-local-shuffle,False,shuffle_eeg_control,margin_power0p4_base0p0,fine_power_base_grid,0.4,0.0,0.6404109589041096,0.648462185962186,0.6404109589041096,0.6391037357704026,584,30,26,0.6267774846681096,0.6221640396640397,0.6458892107427672,26
V2-S,V2M-two_stage_user_local_reranker-v1,protocol_a_rollv2_cv3,2,2028,V2H-local-shuffle,False,shuffle_eeg_control,margin_power0p4_base0p025,fine_power_base_grid,0.4,0.025,0.6421232876712328,0.6508660321160321,0.6421232876712328,0.6411870691037359,584,30,26,0.6309678255772005,0.6263161375661377,0.6470693416300111,26
V2-S,V2M-two_stage_user_local_reranker-v1,protocol_a_rollv2_cv3,2,2028,V2H-local-shuffle,False,shuffle_eeg_control,margin_power0p4_base0p05,fine_power_base_grid,0.4,0.05,0.6421232876712328,0.6499350186850188,0.6421232876712328,0.6338987093153761,584,30,26,0.6336165223665223,0.6317176804676805,0.648928941815971,26
V2-S,V2M-two_stage_user_local_reranker-v1,protocol_a_rollv2_cv3,2,2028,V2H-local-shuffle,False,shuffle_eeg_control,margin_power0p4_base0p075,fine_power_base_grid,0.4,0.075,0.6438356164383562,0.6524304399304399,0.6438356164383562,0.6360614077280745,584,30,26,0.6367999188311688,0.6356561031561032,0.6510746343382326,26
V2-S,V2M-two_stage_user_local_reranker-v1,protocol_a_rollv2_cv3,2,2028,V2H-local-shuffle,False,shuffle_eeg_control,margin_power0p4_base0p1,fine_power_base_grid,0.4,0.1,0.6438356164383562,0.658217476967477,0.6438356164383562,0.6399657287157287,584,30,26,0.6392452426046176,0.6396178821178822,0.6522190036834388,26
V2-S,V2M-two_stage_user_local_reranker-v1,protocol_a_rollv2_cv3,2,2028,V2H-local-shuffle,False,shuffle_eeg_control,margin_power0p4_base0p15,fine_power_base_grid,0.4,0.15,0.6523972602739726,0.6565818440818441,0.6523972602739726,0.6410481802148469,584,30,26,0.640482729076479,0.6384311059311059,0.6551872116725674,26
V2-S,V2M-two_stage_user_local_reranker-v1,protocol_a_rollv2_cv3,2,2028,V2H-local-shuffle,False,shuffle_eeg_control,margin_power0p5_base0p0,fine_power_base_grid,0.5,0.0,0.6404109589041096,0.648462185962186,0.6404109589041096,0.6391037357704026,584,30,26,0.6267774846681096,0.6221640396640397,0.6458892107427672,26
V2-S,V2M-two_stage_user_local_reranker-v1,protocol_a_rollv2_cv3,2,2028,V2H-local-shuffle,False,shuffle_eeg_control,margin_power0p5_base0p025,fine_power_base_grid,0.5,0.025,0.6421232876712328,0.6508660321160321,0.6421232876712328,0.6411870691037359,584,30,26,0.6305772005772006,0.6263161375661377,0.6467117262096341,26
V2-S,V2M-two_stage_user_local_reranker-v1,protocol_a_rollv2_cv3,2,2028,V2H-local-shuffle,False,shuffle_eeg_control,margin_power0p5_base0p05,fine_power_base_grid,0.5,0.05,0.6404109589041096,0.6500800125800126,0.6404109589041096,0.6340243706910373,584,30,26,0.6312319624819624,0.6276668701668702,0.6477130493866896,26
V2-S,V2M-two_stage_user_local_reranker-v1,protocol_a_rollv2_cv3,2,2028,V2H-local-shuffle,False,shuffle_eeg_control,margin_power0p5_base0p075,fine_power_base_grid,0.5,0.075,0.6404109589041096,0.6485105172605172,0.6404109589041096,0.6326641414141414,584,30,26,0.6322276334776334,0.630293179043179,0.6489647033580089,26
V2-S,V2M-two_stage_user_local_reranker-v1,protocol_a_rollv2_cv3,2,2028,V2H-local-shuffle,False,shuffle_eeg_control,margin_power0p5_base0p1,fine_power_base_grid,0.5,0.1,0.6404109589041096,0.6486020923520924,0.6404109589041096,0.6327435064935065,584,30,26,0.6334579049422799,0.6318277555777556,0.6506097342917426,26
V2-S,V2M-two_stage_user_local_reranker-v1,protocol_a_rollv2_cv3,2,2028,V2H-local-shuffle,False,shuffle_eeg_control,margin_power0p5_base0p15,fine_power_base_grid,0.5,0.15,0.6438356164383562,0.658217476967477,0.6438356164383562,0.6399657287157287,584,30,26,0.6392452426046176,0.6396178821178822,0.652326288309552,26
V2-S,V2M-two_stage_user_local_reranker-v1,protocol_a_rollv2_cv3,3,2028,V2H-local-shuffle,False,shuffle_eeg_control,v2n_eeg_base_0p05,reference_score_family,1.0,0.05,0.6213592233009708,0.6362803775995532,0.6213592233009708,0.6538251431108574,618,28,24,0.6195151973124001,0.6272200523242191,0.556837325130008,24
V2-S,V2M-two_stage_user_local_reranker-v1,protocol_a_rollv2_cv3,3,2028,V2H-local-shuffle,False,shuffle_eeg_control,sqrt_margin_eeg_base0p05,reference_score_family,0.5,0.05,0.6197411003236246,0.6351229701921458,0.6197411003236246,0.6528330796187938,618,28,24,0.6156981809953839,0.623632089361256,0.5591445103640226,24
V2-S,V2M-two_stage_user_local_reranker-v1,protocol_a_rollv2_cv3,3,2028,V2H-local-shuffle,False,shuffle_eeg_control,margin_power0p25_base0p05,reference_score_family,0.25,0.05,0.6213592233009708,0.6570745800168853,0.6213592233009708,0.6599665942523085,618,28,24,0.6321364921015271,0.6508312867687868,0.5666520178715301,24
V2-S,V2M-two_stage_user_local_reranker-v1,protocol_a_rollv2_cv3,3,2028,V2H-local-shuffle,False,shuffle_eeg_control,margin_power0p1_base0p0,fine_power_base_grid,0.1,0.0,0.6213592233009708,0.638309598378774,0.6213592233009708,0.6555644752073323,618,28,24,0.6220236736845128,0.6302661381828049,0.556251373324544,24
V2-S,V2M-two_stage_user_local_reranker-v1,protocol_a_rollv2_cv3,3,2028,V2H-local-shuffle,False,shuffle_eeg_control,margin_power0p1_base0p025,fine_power_base_grid,0.1,0.025,0.6294498381877023,0.6699916706423092,0.6294498381877023,0.671357263767978,618,28,24,0.647402742944701,0.6650022354189021,0.5743792573060866,24
V2-S,V2M-two_stage_user_local_reranker-v1,protocol_a_rollv2_cv3,3,2028,V2H-local-shuffle,False,shuffle_eeg_control,margin_power0p1_base0p05,fine_power_base_grid,0.1,0.05,0.6537216828478964,0.6963827537355337,0.6537216828478964,0.6959090083197227,618,28,24,0.669212702604311,0.6841700776075776,0.5944481066432286,24
V2-S,V2M-two_stage_user_local_reranker-v1,protocol_a_rollv2_cv3,3,2028,V2H-local-shuffle,False,shuffle_eeg_control,margin_power0p1_base0p075,fine_power_base_grid,0.1,0.075,0.6456310679611651,0.6846641791002924,0.6456310679611651,0.6854393457072029,618,28,24,0.6599301921854369,0.6738514147889147,0.606350252691716,24
V2-S,V2M-two_stage_user_local_reranker-v1,protocol_a_rollv2_cv3,3,2028,V2H-local-shuffle,False,shuffle_eeg_control,margin_power0p1_base0p1,fine_power_base_grid,0.1,0.1,0.6423948220064725,0.6813917184347394,0.6423948220064725,0.6821541983149125,618,28,24,0.6543774116326564,0.6688199994449994,0.6141873580897972,24
V2-S,V2M-two_stage_user_local_reranker-v1,protocol_a_rollv2_cv3,3,2028,V2H-local-shuffle,False,shuffle_eeg_control,margin_power0p1_base0p15,fine_power_base_grid,0.1,0.15,0.6407766990291263,0.6799941251403777,0.6407766990291263,0.6803447775769206,618,28,24,0.651727157846039,0.6671223683723683,0.6238555628799531,24
V2-S,V2M-two_stage_user_local_reranker-v1,protocol_a_rollv2_cv3,3,2028,V2H-local-shuffle,False,shuffle_eeg_control,margin_power0p15_base0p0,fine_power_base_grid,0.15,0.0,0.6213592233009708,0.638309598378774,0.6213592233009708,0.6555644752073323,618,28,24,0.6220236736845128,0.6302661381828049,0.556251373324544,24
V2-S,V2M-two_stage_user_local_reranker-v1,protocol_a_rollv2_cv3,3,2028,V2H-local-shuffle,False,shuffle_eeg_control,margin_power0p15_base0p025,fine_power_base_grid,0.15,0.025,0.6181229773462783,0.6408708763131815,0.6181229773462783,0.6460777053634196,618,28,24,0.6253377353027703,0.634627583065083,0.5662857979931151,24
V2-S,V2M-two_stage_user_local_reranker-v1,protocol_a_rollv2_cv3,3,2028,V2H-local-shuffle,False,shuffle_eeg_control,margin_power0p15_base0p05,fine_power_base_grid,0.15,0.05,0.6326860841423948,0.6716822865816674,0.6326860841423948,0.6740500075321504,618,28,24,0.6467603298022879,0.6634452468827469,0.5797993115066284,24
V2-S,V2M-two_stage_user_local_reranker-v1,protocol_a_rollv2_cv3,3,2028,V2H-local-shuffle,False,shuffle_eeg_control,margin_power0p15_base0p075,fine_power_base_grid,0.15,0.075,0.6521035598705501,0.694969063259343,0.6521035598705501,0.6943783960748248,618,28,24,0.6684065642981727,0.6836685343977011,0.5914817256280671,24
V2-S,V2M-two_stage_user_local_reranker-v1,protocol_a_rollv2_cv3,3,2028,V2H-local-shuffle,False,shuffle_eeg_control,margin_power0p15_base0p1,fine_power_base_grid,0.15,0.1,0.6504854368932039,0.6924171552907685,0.6504854368932039,0.691765876319448,618,28,24,0.6668787991340438,0.6819213001504668,0.6003442466857101,24
V2-S,V2M-two_stage_user_local_reranker-v1,protocol_a_rollv2_cv3,3,2028,V2H-local-shuffle,False,shuffle_eeg_control,margin_power0p15_base0p15,fine_power_base_grid,0.15,0.15,0.6407766990291263,0.6802012422442635,0.6407766990291263,0.6811337901516473,618,28,24,0.6531786104338553,0.6676295232545232,0.6126858565882956,24
V2-S,V2M-two_stage_user_local_reranker-v1,protocol_a_rollv2_cv3,3,2028,V2H-local-shuffle,False,shuffle_eeg_control,margin_power0p2_base0p0,fine_power_base_grid,0.2,0.0,0.6213592233009708,0.638309598378774,0.6213592233009708,0.6555644752073323,618,28,24,0.6220236736845128,0.6302661381828049,0.556251373324544,24
V2-S,V2M-two_stage_user_local_reranker-v1,protocol_a_rollv2_cv3,3,2028,V2H-local-shuffle,False,shuffle_eeg_control,margin_power0p2_base0p025,fine_power_base_grid,0.2,0.025,0.6229773462783171,0.6443271015620087,0.6229773462783171,0.6541372119943548,618,28,24,0.6252172749550372,0.6340711256336257,0.5632095510144289,24
V2-S,V2M-two_stage_user_local_reranker-v1,protocol_a_rollv2_cv3,3,2028,V2H-local-shuffle,False,shuffle_eeg_control,margin_power0p2_base0p05,fine_power_base_grid,0.2,0.05,0.6229773462783171,0.6615630159636545,0.6229773462783171,0.6641327026148455,618,28,24,0.6371507959794673,0.6560797535797536,0.5714494982787666,24
V2-S,V2M-two_stage_user_local_reranker-v1,protocol_a_rollv2_cv3,3,2028,V2H-local-shuffle,False,shuffle_eeg_control,margin_power0p2_base0p075,fine_power_base_grid,0.2,0.075,0.6343042071197411,0.6736135035128843,0.6343042071197411,0.6757053363303364,618,28,24,0.647925830967789,0.6646798147839815,0.5812275690324471,24
V2-S,V2M-two_stage_user_local_reranker-v1,protocol_a_rollv2_cv3,3,2028,V2H-local-shuffle,False,shuffle_eeg_control,margin_power0p2_base0p1,fine_power_base_grid,0.2,0.1,0.6488673139158576,0.6921237700494668,0.6488673139158576,0.6917801345479918,618,28,24,0.6658813117729202,0.6813537195828863,0.5891745403940526,24
V2-S,V2M-two_stage_user_local_reranker-v1,protocol_a_rollv2_cv3,3,2028,V2H-local-shuffle,False,shuffle_eeg_control,margin_power0p2_base0p15,fine_power_base_grid,0.2,0.15,0.6472491909385113,0.688421619576483,0.6472491909385113,0.6885005701969987,618,28,24,0.6632421579974027,0.6777673098506432,0.6017358822236871,24
V2-S,V2M-two_stage_user_local_reranker-v1,protocol_a_rollv2_cv3,3,2028,V2H-local-shuffle,False,shuffle_eeg_control,margin_power0p25_base0p0,fine_power_base_grid,0.25,0.0,0.6213592233009708,0.638309598378774,0.6213592233009708,0.6555644752073323,618,28,24,0.6220236736845128,0.6302661381828049,0.556251373324544,24
V2-S,V2M-two_stage_user_local_reranker-v1,protocol_a_rollv2_cv3,3,2028,V2H-local-shuffle,False,shuffle_eeg_control,margin_power0p25_base0p025,fine_power_base_grid,0.25,0.025,0.6213592233009708,0.6376132291162283,0.6213592233009708,0.6484374752231894,618,28,24,0.6201920845277489,0.6285733286774954,0.560865743792573,24
V2-S,V2M-two_stage_user_local_reranker-v1,protocol_a_rollv2_cv3,3,2028,V2H-local-shuffle,False,shuffle_eeg_control,margin_power0p25_base0p05,fine_power_base_grid,0.25,0.05,0.6213592233009708,0.6570745800168853,0.6213592233009708,0.6599665942523085,618,28,24,0.6321364921015271,0.6508312867687868,0.5666520178715301,24
V2-S,V2M-two_stage_user_local_reranker-v1,protocol_a_rollv2_cv3,3,2028,V2H-local-shuffle,False,shuffle_eeg_control,margin_power0p25_base0p075,fine_power_base_grid,0.25,0.075,0.6294498381877023,0.6697846149665034,0.6294498381877023,0.6713392262499405,618,28,24,0.6457598151654096,0.663223034681368,0.5729876217681096,24
V2-S,V2M-two_stage_user_local_reranker-v1,protocol_a_rollv2_cv3,3,2028,V2H-local-shuffle,False,shuffle_eeg_control,margin_power0p25_base0p1,fine_power_base_grid,0.25,0.1,0.6375404530744336,0.6779994684251651,0.6375404530744336,0.6796735902985903,618,28,24,0.6520467100886681,0.6691441004982672,0.580788105178349,24
V2-S,V2M-two_stage_user_local_reranker-v1,protocol_a_rollv2_cv3,3,2028,V2H-local-shuffle,False,shuffle_eeg_control,margin_power0p25_base0p15,fine_power_base_grid,0.25,0.15,0.6537216828478964,0.6960300200494668,0.6537216828478964,0.6956066651602367,618,28,24,0.6687950646866732,0.6836685343977011,0.5926902512268366,24
V2-S,V2M-two_stage_user_local_reranker-v1,protocol_a_rollv2_cv3,3,2028,V2H-local-shuffle,False,shuffle_eeg_control,margin_power0p3_base0p0,fine_power_base_grid,0.3,0.0,0.6213592233009708,0.638309598378774,0.6213592233009708,0.6555644752073323,618,28,24,0.6220236736845128,0.6302661381828049,0.556251373324544,24
V2-S,V2M-two_stage_user_local_reranker-v1,protocol_a_rollv2_cv3,3,2028,V2H-local-shuffle,False,shuffle_eeg_control,margin_power0p3_base0p025,fine_power_base_grid,0.3,0.025,0.6181229773462783,0.6322294516736273,0.6181229773462783,0.6488648256505398,618,28,24,0.614804630101833,0.6231691263982931,0.5595107302424376,24
V2-S,V2M-two_stage_user_local_reranker-v1,protocol_a_rollv2_cv3,3,2028,V2H-local-shuffle,False,shuffle_eeg_control,margin_power0p3_base0p05,fine_power_base_grid,0.3,0.05,0.6197411003236246,0.6422983027130345,0.6197411003236246,0.6525026692883836,618,28,24,0.6225269097646721,0.6314862490904157,0.5640518567347835,24
V2-S,V2M-two_stage_user_local_reranker-v1,protocol_a_rollv2_cv3,3,2028,V2H-local-shuffle,False,shuffle_eeg_control,margin_power0p3_base0p075,fine_power_base_grid,0.3,0.075,0.6229773462783171,0.660966775784081,0.6229773462783171,0.6636216396037824,618,28,24,0.6333311307961657,0.6525514146347481,0.5685929832271296,24
V2-S,V2M-two_stage_user_local_reranker-v1,protocol_a_rollv2_cv3,3,2028,V2H-local-shuffle,False,shuffle_eeg_control,margin_power0p3_base0p1,fine_power_base_grid,0.3,0.1,0.6359223300970874,0.6773253417835461,0.6359223300970874,0.6780115618508474,618,28,24,0.6511627455683401,0.6690762092845426,0.5735735735735735,24
V2-S,V2M-two_stage_user_local_reranker-v1,protocol_a_rollv2_cv3,3,2028,V2H-local-shuffle,False,shuffle_eeg_control,margin_power0p3_base0p15,fine_power_base_grid,0.3,0.15,0.6440129449838188,0.6861330478087444,0.6440129449838188,0.6866452297702298,618,28,24,0.6580780912948746,0.674740201927702,0.5844869259503406,24
V2-S,V2M-two_stage_user_local_reranker-v1,protocol_a_rollv2_cv3,3,2028,V2H-local-shuffle,False,shuffle_eeg_control,margin_power0p35_base0p0,fine_power_base_grid,0.35,0.0,0.6213592233009708,0.638309598378774,0.6213592233009708,0.6555644752073323,618,28,24,0.6220236736845128,0.6302661381828049,0.556251373324544,24
V2-S,V2M-two_stage_user_local_reranker-v1,protocol_a_rollv2_cv3,3,2028,V2H-local-shuffle,False,shuffle_eeg_control,margin_power0p35_base0p025,fine_power_base_grid,0.35,0.025,0.6197411003236246,0.6351229701921458,0.6197411003236246,0.6528330796187938,618,28,24,0.6156981809953839,0.623632089361256,0.5587416684977661,24
V2-S,V2M-two_stage_user_local_reranker-v1,protocol_a_rollv2_cv3,3,2028,V2H-local-shuffle,False,shuffle_eeg_control,margin_power0p35_base0p05,fine_power_base_grid,0.35,0.05,0.6213592233009708,0.6420122867471939,0.6213592233009708,0.6521530850102277,618,28,24,0.623080522818285,0.6317563108188108,0.5622940013183916,24
V2-S,V2M-two_stage_user_local_reranker-v1,protocol_a_rollv2_cv3,3,2028,V2H-local-shuffle,False,shuffle_eeg_control,margin_power0p35_base0p075,fine_power_base_grid,0.35,0.075,0.6181229773462783,0.6535692890115943,0.6181229773462783,0.6569620591049163,618,28,24,0.6262118611768961,0.6450442497317498,0.5656998461876511,24
V2-S,V2M-two_stage_user_local_reranker-v1,protocol_a_rollv2_cv3,3,2028,V2H-local-shuffle,False,shuffle_eeg_control,margin_power0p35_base0p1,fine_power_base_grid,0.35,0.1,0.6245954692556634,0.662612398679704,0.6245954692556634,0.6650321735143164,618,28,24,0.6364514952801666,0.6554624696291363,0.5699846187651065,24
V2-S,V2M-two_stage_user_local_reranker-v1,protocol_a_rollv2_cv3,3,2028,V2H-local-shuffle,False,shuffle_eeg_control,margin_power0p35_base0p15,fine_power_base_grid,0.35,0.15,0.63915857605178,0.680558992234689,0.63915857605178,0.6818674678496107,618,28,24,0.654290299832258,0.6715746560538228,0.5784076759686516,24
V2-S,V2M-two_stage_user_local_reranker-v1,protocol_a_rollv2_cv3,3,2028,V2H-local-shuffle,False,shuffle_eeg_control,margin_power0p4_base0p0,fine_power_base_grid,0.4,0.0,0.6213592233009708,0.638309598378774,0.6213592233009708,0.6555644752073323,618,28,24,0.6220236736845128,0.6302661381828049,0.556251373324544,24
V2-S,V2M-two_stage_user_local_reranker-v1,protocol_a_rollv2_cv3,3,2028,V2H-local-shuffle,False,shuffle_eeg_control,margin_power0p4_base0p025,fine_power_base_grid,0.4,0.025,0.6213592233009708,0.6362803775995532,0.6213592233009708,0.6538251431108574,618,28,24,0.616863682160885,0.6247894967686635,0.558448692595034,24
V2-S,V2M-two_stage_user_local_reranker-v1,protocol_a_rollv2_cv3,3,2028,V2H-local-shuffle,False,shuffle_eeg_control,margin_power0p4_base0p05,fine_power_base_grid,0.4,0.05,0.6197411003236246,0.6367798957828951,0.6197411003236246,0.6477231895089037,618,28,24,0.6191431334787978,0.627739995344162,0.56079249981689,24
V2-S,V2M-two_stage_user_local_reranker-v1,protocol_a_rollv2_cv3,3,2028,V2H-local-shuffle,False,shuffle_eeg_control,margin_power0p4_base0p075,fine_power_base_grid,0.4,0.075,0.6229773462783171,0.6453296078276729,0.6229773462783171,0.6551009308152166,618,28,24,0.6254545376923,0.6345175542050542,0.5639419907712591,24
V2-S,V2M-two_stage_user_local_reranker-v1,protocol_a_rollv2_cv3,3,2028,V2H-local-shuffle,False,shuffle_eeg_control,margin_power0p4_base0p1,fine_power_base_grid,0.4,0.1,0.6213592233009708,0.6570745800168853,0.6213592233009708,0.6599665942523085,618,28,24,0.6310001284651634,0.6497896201021202,0.5666520178715301,24
V2-S,V2M-two_stage_user_local_reranker-v1,protocol_a_rollv2_cv3,3,2028,V2H-local-shuffle,False,shuffle_eeg_control,margin_power0p4_base0p15,fine_power_base_grid,0.4,0.15,0.6310679611650486,0.6705843975426019,0.6310679611650486,0.6722336096443239,618,28,24,0.643268289596961,0.6623352650435984,0.572731267853219,24
V2-S,V2M-two_stage_user_local_reranker-v1,protocol_a_rollv2_cv3,3,2028,V2H-local-shuffle,False,shuffle_eeg_control,margin_power0p5_base0p0,fine_power_base_grid,0.5,0.0,0.6213592233009708,0.638309598378774,0.6213592233009708,0.6555644752073323,618,28,24,0.6220236736845128,0.6302661381828049,0.556251373324544,24
V2-S,V2M-two_stage_user_local_reranker-v1,protocol_a_rollv2_cv3,3,2028,V2H-local-shuffle,False,shuffle_eeg_control,margin_power0p5_base0p025,fine_power_base_grid,0.5,0.025,0.6213592233009708,0.6362803775995532,0.6213592233009708,0.6538251431108574,618,28,24,0.6195151973124001,0.6272200523242191,0.557350032959789,24
V2-S,V2M-two_stage_user_local_reranker-v1,protocol_a_rollv2_cv3,3,2028,V2H-local-shuffle,False,shuffle_eeg_control,margin_power0p5_base0p05,fine_power_base_grid,0.5,0.05,0.6197411003236246,0.6351229701921458,0.6197411003236246,0.6528330796187938,618,28,24,0.6156981809953839,0.623632089361256,0.5591445103640226,24
V2-S,V2M-two_stage_user_local_reranker-v1,protocol_a_rollv2_cv3,3,2028,V2H-local-shuffle,False,shuffle_eeg_control,margin_power0p5_base0p075,fine_power_base_grid,0.5,0.075,0.6213592233009708,0.6389728782390354,0.6213592233009708,0.6497073164930308,618,28,24,0.6205167598524243,0.6292280905822573,0.561305207646671,24
V2-S,V2M-two_stage_user_local_reranker-v1,protocol_a_rollv2_cv3,3,2028,V2H-local-shuffle,False,shuffle_eeg_control,margin_power0p5_base0p1,fine_power_base_grid,0.5,0.1,0.6245954692556634,0.6465200840181491,0.6245954692556634,0.6561213389784817,618,28,24,0.6265909013286636,0.6355592208717208,0.5632461730022705,24
V2-S,V2M-two_stage_user_local_reranker-v1,protocol_a_rollv2_cv3,3,2028,V2H-local-shuffle,False,shuffle_eeg_control,margin_power0p5_base0p15,fine_power_base_grid,0.5,0.15,0.6262135922330098,0.6629194874242926,0.6262135922330098,0.6652953924382495,618,28,24,0.6364876964527314,0.6553374596082929,0.5669816157621036,24
V2-S,V2M-two_stage_user_local_reranker-v1,protocol_a_rollv2_cv3,1,2029,V2H-local-shuffle,False,shuffle_eeg_control,v2n_eeg_base_0p05,reference_score_family,1.0,0.05,0.6387959866220736,0.6526865297401011,0.6387959866220736,0.6848934240362813,598,35,28,0.6397695505158192,0.6387523835291692,0.582714335300243,28
V2-S,V2M-two_stage_user_local_reranker-v1,protocol_a_rollv2_cv3,1,2029,V2H-local-shuffle,False,shuffle_eeg_control,sqrt_margin_eeg_base0p05,reference_score_family,0.5,0.05,0.6404682274247492,0.6679381432060003,0.6404682274247492,0.692546485260771,598,35,28,0.6417606771338116,0.6410778705421561,0.5828184658104825,28
V2-S,V2M-two_stage_user_local_reranker-v1,protocol_a_rollv2_cv3,1,2029,V2H-local-shuffle,False,shuffle_eeg_control,margin_power0p25_base0p05,reference_score_family,0.25,0.05,0.637123745819398,0.6595410343624629,0.637123745819398,0.6711859410430839,598,35,28,0.6319194072925417,0.6299943954854669,0.5830961471711211,28
V2-S,V2M-two_stage_user_local_reranker-v1,protocol_a_rollv2_cv3,1,2029,V2H-local-shuffle,False,shuffle_eeg_control,margin_power0p1_base0p0,fine_power_base_grid,0.1,0.0,0.6387959866220736,0.6578523460666318,0.6387959866220736,0.6931927437641724,598,35,28,0.6413118390730331,0.6409292542774685,0.5824019437695245,28
V2-S,V2M-two_stage_user_local_reranker-v1,protocol_a_rollv2_cv3,1,2029,V2H-local-shuffle,False,shuffle_eeg_control,margin_power0p1_base0p025,fine_power_base_grid,0.1,0.025,0.6270903010033445,0.6437695868945869,0.6270903010033445,0.6536084656084656,598,35,28,0.6165296892162564,0.6116251589019447,0.5837556404026379,28
V2-S,V2M-two_stage_user_local_reranker-v1,protocol_a_rollv2_cv3,1,2029,V2H-local-shuffle,False,shuffle_eeg_control,margin_power0p1_base0p05,fine_power_base_grid,0.1,0.05,0.6237458193979933,0.6357310381417525,0.6237458193979933,0.643209372637944,598,35,28,0.6077947922724042,0.602226065931423,0.5869142658799029,28
V2-S,V2M-two_stage_user_local_reranker-v1,protocol_a_rollv2_cv3,1,2029,V2H-local-shuffle,False,shuffle_eeg_control,margin_power0p1_base0p075,fine_power_base_grid,0.1,0.075,0.6237458193979933,0.6297805468341183,0.6237458193979933,0.6376553287981859,598,35,28,0.6051638991191229,0.6003005179344465,0.5881985421728566,28
V2-S,V2M-two_stage_user_local_reranker-v1,protocol_a_rollv2_cv3,1,2029,V2H-local-shuffle,False,shuffle_eeg_control,margin_power0p1_base0p1,fine_power_base_grid,0.1,0.1,0.6254180602006689,0.6332031658817374,0.6254180602006689,0.639798185941043,598,35,28,0.6100892722534513,0.6058277288188003,0.5902811523776467,28
V2-S,V2M-two_stage_user_local_reranker-v1,protocol_a_rollv2_cv3,1,2029,V2H-local-shuffle,False,shuffle_eeg_control,margin_power0p1_base0p15,fine_power_base_grid,0.1,0.15,0.6337792642140468,0.639239850757708,0.6337792642140468,0.6321275338418195,598,35,28,0.6157433611164954,0.6115242776403491,0.5936133287053107,28
V2-S,V2M-two_stage_user_local_reranker-v1,protocol_a_rollv2_cv3,1,2029,V2H-local-shuffle,False,shuffle_eeg_control,margin_power0p15_base0p0,fine_power_base_grid,0.15,0.0,0.6387959866220736,0.6578523460666318,0.6387959866220736,0.6931927437641724,598,35,28,0.6413118390730331,0.6409292542774685,0.5824019437695245,28
V2-S,V2M-two_stage_user_local_reranker-v1,protocol_a_rollv2_cv3,1,2029,V2H-local-shuffle,False,shuffle_eeg_control,margin_power0p15_base0p025,fine_power_base_grid,0.15,0.025,0.637123745819398,0.6602024100238386,0.637123745819398,0.6717150415721844,598,35,28,0.6318317503392131,0.6298904650243936,0.582714335300243,28
V2-S,V2M-two_stage_user_local_reranker-v1,protocol_a_rollv2_cv3,1,2029,V2H-local-shuffle,False,shuffle_eeg_control,margin_power0p15_base0p05,fine_power_base_grid,0.15,0.05,0.6254180602006689,0.646445323856038,0.6254180602006689,0.6593204837490552,598,35,28,0.6182508453403975,0.6140713040266611,0.5841027421034364,28
V2-S,V2M-two_stage_user_local_reranker-v1,protocol_a_rollv2_cv3,1,2029,V2H-local-shuffle,False,shuffle_eeg_control,margin_power0p15_base0p075,fine_power_base_grid,0.15,0.075,0.6220735785953178,0.6348381809988952,0.6220735785953178,0.6424950869236583,598,35,28,0.6085659365510111,0.6028213040266611,0.5869836862200625,28
V2-S,V2M-two_stage_user_local_reranker-v1,protocol_a_rollv2_cv3,1,2029,V2H-local-shuffle,False,shuffle_eeg_control,margin_power0p15_base0p1,fine_power_base_grid,0.15,0.1,0.6237458193979933,0.6334681885574742,0.6237458193979933,0.6406054421768707,598,35,28,0.6078552044969955,0.6023016517212946,0.5880944116626172,28
V2-S,V2M-two_stage_user_local_reranker-v1,protocol_a_rollv2_cv3,1,2029,V2H-local-shuffle,False,shuffle_eeg_control,margin_power0p15_base0p15,fine_power_base_grid,0.15,0.15,0.6220735785953178,0.6275484039769755,0.6220735785953178,0.6352743764172335,598,35,28,0.6060641597208761,0.6014343047825191,0.5900728913571677,28
V2-S,V2M-two_stage_user_local_reranker-v1,protocol_a_rollv2_cv3,1,2029,V2H-local-shuffle,False,shuffle_eeg_control,margin_power0p2_base0p0,fine_power_base_grid,0.2,0.0,0.6387959866220736,0.6578523460666318,0.6387959866220736,0.6931927437641724,598,35,28,0.6413118390730331,0.6409292542774685,0.5824019437695245,28
V2-S,V2M-two_stage_user_local_reranker-v1,protocol_a_rollv2_cv3,1,2029,V2H-local-shuffle,False,shuffle_eeg_control,margin_power0p2_base0p025,fine_power_base_grid,0.2,0.025,0.6387959866220736,0.662954205186348,0.6387959866220736,0.6889561602418746,598,35,28,0.635737222976029,0.6343401059918917,0.582922596320722,28
V2-S,V2M-two_stage_user_local_reranker-v1,protocol_a_rollv2_cv3,1,2029,V2H-local-shuffle,False,shuffle_eeg_control,margin_power0p2_base0p05,fine_power_base_grid,0.2,0.05,0.6354515050167224,0.6536335324728182,0.6354515050167224,0.6658647014361299,598,35,28,0.6256377204884669,0.6214295806706521,0.5837556404026379,28
V2-S,V2M-two_stage_user_local_reranker-v1,protocol_a_rollv2_cv3,1,2029,V2H-local-shuffle,False,shuffle_eeg_control,margin_power0p2_base0p075,fine_power_base_grid,0.2,0.075,0.6270903010033445,0.6473381809988952,0.6270903010033445,0.6600347694633409,598,35,28,0.6174797010617906,0.6134760659314231,0.5846233946546338,28
V2-S,V2M-two_stage_user_local_reranker-v1,protocol_a_rollv2_cv3,1,2029,V2H-local-shuffle,False,shuffle_eeg_control,margin_power0p2_base0p1,fine_power_base_grid,0.2,0.1,0.6220735785953178,0.6375828899936042,0.6220735785953178,0.6482622826908541,598,35,28,0.6081762184747259,0.6025302987356558,0.5867060048594238,28
V2-S,V2M-two_stage_user_local_reranker-v1,protocol_a_rollv2_cv3,1,2029,V2H-local-shuffle,False,shuffle_eeg_control,margin_power0p2_base0p15,fine_power_base_grid,0.2,0.15,0.6220735785953178,0.6295396171289029,0.6220735785953178,0.6374625850340135,598,35,28,0.6067358015119209,0.6010516517212946,0.5887191947240542,28
V2-S,V2M-two_stage_user_local_reranker-v1,protocol_a_rollv2_cv3,1,2029,V2H-local-shuffle,False,shuffle_eeg_control,margin_power0p25_base0p0,fine_power_base_grid,0.25,0.0,0.6387959866220736,0.6578523460666318,0.6387959866220736,0.6931927437641724,598,35,28,0.6413118390730331,0.6409292542774685,0.5824019437695245,28
V2-S,V2M-two_stage_user_local_reranker-v1,protocol_a_rollv2_cv3,1,2029,V2H-local-shuffle,False,shuffle_eeg_control,margin_power0p25_base0p025,fine_power_base_grid,0.25,0.025,0.6387959866220736,0.662954205186348,0.6387959866220736,0.6877656840513983,598,35,28,0.6391487368353039,0.6380071978286262,0.5829920166608816,28
V2-S,V2M-two_stage_user_local_reranker-v1,protocol_a_rollv2_cv3,1,2029,V2H-local-shuffle,False,shuffle_eeg_control,margin_power0p25_base0p05,fine_power_base_grid,0.25,0.05,0.637123745819398,0.6595410343624629,0.637123745819398,0.6711859410430839,598,35,28,0.6319194072925417,0.6299943954854669,0.5830961471711211,28
V2-S,V2M-two_stage_user_local_reranker-v1,protocol_a_rollv2_cv3,1,2029,V2H-local-shuffle,False,shuffle_eeg_control,margin_power0p25_base0p075,fine_power_base_grid,0.25,0.075,0.6321070234113713,0.6458359134251991,0.6321070234113713,0.6552615268329554,598,35,28,0.619514763843122,0.6144567915550059,0.5840333217632766,28
V2-S,V2M-two_stage_user_local_reranker-v1,protocol_a_rollv2_cv3,1,2029,V2H-local-shuffle,False,shuffle_eeg_control,margin_power0p25_base0p1,fine_power_base_grid,0.25,0.1,0.6287625418060201,0.6479759361009361,0.6287625418060201,0.6605449735449735,598,35,28,0.6201034868945315,0.6160979480175908,0.5847275251648734,28
V2-S,V2M-two_stage_user_local_reranker-v1,protocol_a_rollv2_cv3,1,2029,V2H-local-shuffle,False,shuffle_eeg_control,margin_power0p25_base0p15,fine_power_base_grid,0.25,0.15,0.6254180602006689,0.636723101633816,0.6254180602006689,0.6440030234315948,598,35,28,0.6088727358876612,0.6032181294234865,0.5877473099618188,28
V2-S,V2M-two_stage_user_local_reranker-v1,protocol_a_rollv2_cv3,1,2029,V2H-local-shuffle,False,shuffle_eeg_control,margin_power0p3_base0p0,fine_power_base_grid,0.3,0.0,0.6387959866220736,0.6578523460666318,0.6387959866220736,0.6931927437641724,598,35,28,0.6413118390730331,0.6409292542774685,0.5824019437695245,28
V2-S,V2M-two_stage_user_local_reranker-v1,protocol_a_rollv2_cv3,1,2029,V2H-local-shuffle,False,shuffle_eeg_control,margin_power0p3_base0p025,fine_power_base_grid,0.3,0.025,0.6387959866220736,0.6649619527298098,0.6387959866220736,0.6901655328798187,598,35,28,0.6398417005879692,0.6385268501339929,0.5828531759805623,28
V2-S,V2M-two_stage_user_local_reranker-v1,protocol_a_rollv2_cv3,1,2029,V2H-local-shuffle,False,shuffle_eeg_control,margin_power0p3_base0p05,fine_power_base_grid,0.3,0.05,0.637123745819398,0.6592174326995756,0.637123745819398,0.683427059712774,598,35,28,0.6347836574702247,0.633381111282897,0.5830267268309615,28
V2-S,V2M-two_stage_user_local_reranker-v1,protocol_a_rollv2_cv3,1,2029,V2H-local-shuffle,False,shuffle_eeg_control,margin_power0p3_base0p075,fine_power_base_grid,0.3,0.075,0.6337792642140468,0.6545901651258793,0.6337792642140468,0.667225245653817,598,35,28,0.6283207339923759,0.6254686963169106,0.5837903505727178,28
V2-S,V2M-two_stage_user_local_reranker-v1,protocol_a_rollv2_cv3,1,2029,V2H-local-shuffle,False,shuffle_eeg_control,margin_power0p3_base0p1,fine_power_base_grid,0.3,0.1,0.6321070234113713,0.6458359134251991,0.6321070234113713,0.6552615268329554,598,35,28,0.619514763843122,0.6144567915550059,0.5841027421034363,28
V2-S,V2M-two_stage_user_local_reranker-v1,protocol_a_rollv2_cv3,1,2029,V2H-local-shuffle,False,shuffle_eeg_control,margin_power0p3_base0p15,fine_power_base_grid,0.3,0.15,0.6254180602006689,0.6425432074539217,0.6254180602006689,0.6522305366591081,598,35,28,0.6160037474962847,0.611954901910259,0.5861506421381465,28
V2-S,V2M-two_stage_user_local_reranker-v1,protocol_a_rollv2_cv3,1,2029,V2H-local-shuffle,False,shuffle_eeg_control,margin_power0p35_base0p0,fine_power_base_grid,0.35,0.0,0.6387959866220736,0.6578523460666318,0.6387959866220736,0.6931927437641724,598,35,28,0.6413118390730331,0.6409292542774685,0.5824019437695245,28
V2-S,V2M-two_stage_user_local_reranker-v1,protocol_a_rollv2_cv3,1,2029,V2H-local-shuffle,False,shuffle_eeg_control,margin_power0p35_base0p025,fine_power_base_grid,0.35,0.025,0.6404682274247492,0.6679381432060003,0.6404682274247492,0.692546485260771,598,35,28,0.6417606771338116,0.6410778705421561,0.5828878861506421,28
V2-S,V2M-two_stage_user_local_reranker-v1,protocol_a_rollv2_cv3,1,2029,V2H-local-shuffle,False,shuffle_eeg_control,margin_power0p35_base0p05,fine_power_base_grid,0.35,0.05,0.637123745819398,0.6599780147101575,0.637123745819398,0.685384731670446,598,35,28,0.6343690637720489,0.6328520107537965,0.5829920166608816,28
V2-S,V2M-two_stage_user_local_reranker-v1,protocol_a_rollv2_cv3,1,2029,V2H-local-shuffle,False,shuffle_eeg_control,margin_power0p35_base0p075,fine_power_base_grid,0.35,0.075,0.637123745819398,0.6595646549217978,0.637123745819398,0.6837048374905518,598,35,28,0.633163188387069,0.6317009808974096,0.582922596320722,28
V2-S,V2M-two_stage_user_local_reranker-v1,protocol_a_rollv2_cv3,1,2029,V2H-local-shuffle,False,shuffle_eeg_control,margin_power0p35_base0p1,fine_power_base_grid,0.35,0.1,0.6354515050167224,0.6554830222687366,0.6354515050167224,0.6679395313681027,598,35,28,0.6259326742908833,0.621897267745482,0.5841374522735161,28
V2-S,V2M-two_stage_user_local_reranker-v1,protocol_a_rollv2_cv3,1,2029,V2H-local-shuffle,False,shuffle_eeg_control,margin_power0p35_base0p15,fine_power_base_grid,0.35,0.15,0.6304347826086957,0.6488687932437932,0.6304347826086957,0.6612592592592592,598,35,28,0.6200537356507505,0.6158003289699717,0.5847275251648734,28
V2-S,V2M-two_stage_user_local_reranker-v1,protocol_a_rollv2_cv3,1,2029,V2H-local-shuffle,False,shuffle_eeg_control,margin_power0p4_base0p0,fine_power_base_grid,0.4,0.0,0.6387959866220736,0.6578523460666318,0.6387959866220736,0.6931927437641724,598,35,28,0.6413118390730331,0.6409292542774685,0.5824019437695245,28
V2-S,V2M-two_stage_user_local_reranker-v1,protocol_a_rollv2_cv3,1,2029,V2H-local-shuffle,False,shuffle_eeg_control,margin_power0p4_base0p025,fine_power_base_grid,0.4,0.025,0.6404682274247492,0.6545452860631432,0.6404682274247492,0.6854036281179139,598,35,28,0.6411304947125843,0.6405223149866007,0.5828531759805624,28
V2-S,V2M-two_stage_user_local_reranker-v1,protocol_a_rollv2_cv3,1,2029,V2H-local-shuffle,False,shuffle_eeg_control,margin_power0p4_base0p05,fine_power_base_grid,0.4,0.05,0.6387959866220736,0.662954205186348,0.6387959866220736,0.6877656840513983,598,35,28,0.6391487368353039,0.6380071978286262,0.5830961471711211,28
V2-S,V2M-two_stage_user_local_reranker-v1,protocol_a_rollv2_cv3,1,2029,V2H-local-shuffle,False,shuffle_eeg_control,margin_power0p4_base0p075,fine_power_base_grid,0.4,0.075,0.6387959866220736,0.6601102898424326,0.6387959866220736,0.6841413454270596,598,35,28,0.635753806723956,0.6342739684257541,0.5832002776813606,28
V2-S,V2M-two_stage_user_local_reranker-v1,protocol_a_rollv2_cv3,1,2029,V2H-local-shuffle,False,shuffle_eeg_control,margin_power0p4_base0p1,fine_power_base_grid,0.4,0.1,0.637123745819398,0.6582253692075121,0.637123745819398,0.6701334089191232,598,35,28,0.6330139346557258,0.6314777666116952,0.5834085387018397,28
V2-S,V2M-two_stage_user_local_reranker-v1,protocol_a_rollv2_cv3,1,2029,V2H-local-shuffle,False,shuffle_eeg_control,margin_power0p4_base0p15,fine_power_base_grid,0.4,0.15,0.6354515050167224,0.6511930562823419,0.6354515050167224,0.6631186696900981,598,35,28,0.6216789429475996,0.6167782201264345,0.5844151336341549,28
V2-S,V2M-two_stage_user_local_reranker-v1,protocol_a_rollv2_cv3,1,2029,V2H-local-shuffle,False,shuffle_eeg_control,margin_power0p5_base0p0,fine_power_base_grid,0.5,0.0,0.6387959866220736,0.6578523460666318,0.6387959866220736,0.6931927437641724,598,35,28,0.6413118390730331,0.6409292542774685,0.5824019437695245,28
V2-S,V2M-two_stage_user_local_reranker-v1,protocol_a_rollv2_cv3,1,2029,V2H-local-shuffle,False,shuffle_eeg_control,margin_power0p5_base0p025,fine_power_base_grid,0.5,0.025,0.637123745819398,0.6517936725972441,0.637123745819398,0.6841791383219956,598,35,28,0.6363118390730331,0.6352553597196453,0.5827490454703228,28
V2-S,V2M-two_stage_user_local_reranker-v1,protocol_a_rollv2_cv3,1,2029,V2H-local-shuffle,False,shuffle_eeg_control,margin_power0p5_base0p05,fine_power_base_grid,0.5,0.05,0.6404682274247492,0.6679381432060003,0.6404682274247492,0.692546485260771,598,35,28,0.6417606771338116,0.6410778705421561,0.5828184658104825,28
V2-S,V2M-two_stage_user_local_reranker-v1,protocol_a_rollv2_cv3,1,2029,V2H-local-shuffle,False,shuffle_eeg_control,margin_power0p5_base0p075,fine_power_base_grid,0.5,0.075,0.6404682274247492,0.6638470623292052,0.6404682274247492,0.6884799697656839,598,35,28,0.638377592556697,0.6374119597333883,0.58333911836168,28
V2-S,V2M-two_stage_user_local_reranker-v1,protocol_a_rollv2_cv3,1,2029,V2H-local-shuffle,False,shuffle_eeg_control,margin_power0p5_base0p1,fine_power_base_grid,0.5,0.1,0.6438127090301003,0.6668232528053956,0.6438127090301003,0.6920513983371125,598,35,28,0.6395431931252827,0.6385492896653612,0.5832696980215203,28
V2-S,V2M-two_stage_user_local_reranker-v1,protocol_a_rollv2_cv3,1,2029,V2H-local-shuffle,False,shuffle_eeg_control,margin_power0p5_base0p15,fine_power_base_grid,0.5,0.15,0.6354515050167224,0.6577194168265595,0.6354515050167224,0.6822286470143613,598,35,28,0.6319656048760526,0.6306210489246203,0.5838597709128774,28
V2-S,V2M-two_stage_user_local_reranker-v1,protocol_a_rollv2_cv3,2,2029,V2H-local-shuffle,False,shuffle_eeg_control,v2n_eeg_base_0p05,reference_score_family,1.0,0.05,0.648972602739726,0.6610398860398861,0.648972602739726,0.6562477954144621,584,30,26,0.6441246167027418,0.6415389702889703,0.6502163573293281,26
V2-S,V2M-two_stage_user_local_reranker-v1,protocol_a_rollv2_cv3,2,2029,V2H-local-shuffle,False,shuffle_eeg_control,sqrt_margin_eeg_base0p05,reference_score_family,0.5,0.05,0.6558219178082192,0.6792149979649982,0.6558219178082192,0.6719995590828926,584,30,26,0.6599766639610389,0.65994301994302,0.6522547652254764,26
V2-S,V2M-two_stage_user_local_reranker-v1,protocol_a_rollv2_cv3,2,2029,V2H-local-shuffle,False,shuffle_eeg_control,margin_power0p25_base0p05,reference_score_family,0.25,0.05,0.6695205479452054,0.6889078514078514,0.6695205479452054,0.6829000320666988,584,30,26,0.6700472357503607,0.6716415066415067,0.655687873261095,26
V2-S,V2M-two_stage_user_local_reranker-v1,protocol_a_rollv2_cv3,2,2029,V2H-local-shuffle,False,shuffle_eeg_control,margin_power0p1_base0p0,fine_power_base_grid,0.1,0.0,0.6472602739726028,0.6557743182743182,0.6472602739726028,0.6419620811287478,584,30,26,0.6414720869408369,0.6385627798127799,0.6492150341522727,26
V2-S,V2M-two_stage_user_local_reranker-v1,protocol_a_rollv2_cv3,2,2029,V2H-local-shuffle,False,shuffle_eeg_control,margin_power0p1_base0p025,fine_power_base_grid,0.1,0.025,0.6712328767123288,0.6838686776186778,0.6712328767123288,0.6720512666346,584,30,26,0.6664140286796537,0.665786482036482,0.6590136966706005,26
V2-S,V2M-two_stage_user_local_reranker-v1,protocol_a_rollv2_cv3,2,2029,V2H-local-shuffle,False,shuffle_eeg_control,margin_power0p1_base0p05,fine_power_base_grid,0.1,0.05,0.6575342465753424,0.6638632201132201,0.6575342465753424,0.6504803992303992,584,30,26,0.6548712572150073,0.6547134809634809,0.664056074097915,26
V2-S,V2M-two_stage_user_local_reranker-v1,protocol_a_rollv2_cv3,2,2029,V2H-local-shuffle,False,shuffle_eeg_control,margin_power0p1_base0p075,fine_power_base_grid,0.1,0.075,0.648972602739726,0.6607228419728419,0.648972602739726,0.6511714365881031,584,30,26,0.6512713068181818,0.6516424778924779,0.668383220684476,26
V2-S,V2M-two_stage_user_local_reranker-v1,protocol_a_rollv2_cv3,2,2029,V2H-local-shuffle,False,shuffle_eeg_control,margin_power0p1_base0p1,fine_power_base_grid,0.1,0.1,0.6455479452054794,0.6583876771376771,0.6455479452054794,0.6486185265351931,584,30,26,0.6485828147546897,0.6502856402856403,0.6709938132532275,26
V2-S,V2M-two_stage_user_local_reranker-v1,protocol_a_rollv2_cv3,2,2029,V2H-local-shuffle,False,shuffle_eeg_control,margin_power0p1_base0p15,fine_power_base_grid,0.1,0.15,0.6404109589041096,0.6566731879231879,0.6404109589041096,0.6489844877344877,584,30,26,0.6454441738816737,0.6476050338550338,0.6724242749347351,26
V2-S,V2M-two_stage_user_local_reranker-v1,protocol_a_rollv2_cv3,2,2029,V2H-local-shuffle,False,shuffle_eeg_control,margin_power0p15_base0p0,fine_power_base_grid,0.15,0.0,0.6472602739726028,0.6557743182743182,0.6472602739726028,0.6419620811287478,584,30,26,0.6414720869408369,0.6385627798127799,0.6492150341522727,26
V2-S,V2M-two_stage_user_local_reranker-v1,protocol_a_rollv2_cv3,2,2029,V2H-local-shuffle,False,shuffle_eeg_control,margin_power0p15_base0p025,fine_power_base_grid,0.15,0.025,0.6695205479452054,0.688037888037888,0.6695205479452054,0.6821460638127305,584,30,26,0.6696528905122655,0.6707715432715433,0.6556521117190572,26
V2-S,V2M-two_stage_user_local_reranker-v1,protocol_a_rollv2_cv3,2,2029,V2H-local-shuffle,False,shuffle_eeg_control,margin_power0p15_base0p05,fine_power_base_grid,0.15,0.05,0.666095890410959,0.6787404724904726,0.666095890410959,0.6676068221901555,584,30,26,0.6617512175324676,0.6616352166352167,0.6605872045202589,26
V2-S,V2M-two_stage_user_local_reranker-v1,protocol_a_rollv2_cv3,2,2029,V2H-local-shuffle,False,shuffle_eeg_control,margin_power0p15_base0p075,fine_power_base_grid,0.15,0.075,0.660958904109589,0.6670683483183483,0.660958904109589,0.6532581770081769,584,30,26,0.6585170905483404,0.6579186091686091,0.6640560740979151,26
V2-S,V2M-two_stage_user_local_reranker-v1,protocol_a_rollv2_cv3,2,2029,V2H-local-shuffle,False,shuffle_eeg_control,margin_power0p15_base0p1,fine_power_base_grid,0.15,0.1,0.6575342465753424,0.6667300292300293,0.6575342465753424,0.6538776655443321,584,30,26,0.6562540584415585,0.6565583953083954,0.6660229589099882,26
V2-S,V2M-two_stage_user_local_reranker-v1,protocol_a_rollv2_cv3,2,2029,V2H-local-shuffle,False,shuffle_eeg_control,margin_power0p15_base0p15,fine_power_base_grid,0.15,0.15,0.6455479452054794,0.6564646002146002,0.6455479452054794,0.6469518598685264,584,30,26,0.6480272591991342,0.6494309394309394,0.6705646747487751,26
V2-S,V2M-two_stage_user_local_reranker-v1,protocol_a_rollv2_cv3,2,2029,V2H-local-shuffle,False,shuffle_eeg_control,margin_power0p2_base0p0,fine_power_base_grid,0.2,0.0,0.6472602739726028,0.6557743182743182,0.6472602739726028,0.6419620811287478,584,30,26,0.6414720869408369,0.6385627798127799,0.6492150341522727,26
V2-S,V2M-two_stage_user_local_reranker-v1,protocol_a_rollv2_cv3,2,2029,V2H-local-shuffle,False,shuffle_eeg_control,margin_power0p2_base0p025,fine_power_base_grid,0.2,0.025,0.6575342465753424,0.6760568135568135,0.6575342465753424,0.6692624659291326,584,30,26,0.6583060515873015,0.6592323879823879,0.6541501269534742,26
V2-S,V2M-two_stage_user_local_reranker-v1,protocol_a_rollv2_cv3,2,2029,V2H-local-shuffle,False,shuffle_eeg_control,margin_power0p2_base0p05,fine_power_base_grid,0.2,0.05,0.6712328767123288,0.6853822103822105,0.6712328767123288,0.6798444765111432,584,30,26,0.6661102092352092,0.6651632626632628,0.6572971426527912,26
V2-S,V2M-two_stage_user_local_reranker-v1,protocol_a_rollv2_cv3,2,2029,V2H-local-shuffle,False,shuffle_eeg_control,margin_power0p2_base0p075,fine_power_base_grid,0.2,0.075,0.666095890410959,0.6787404724904726,0.666095890410959,0.6676068221901555,584,30,26,0.6632071834415585,0.6633834683834685,0.6610878661087867,26
V2-S,V2M-two_stage_user_local_reranker-v1,protocol_a_rollv2_cv3,2,2029,V2H-local-shuffle,False,shuffle_eeg_control,margin_power0p2_base0p1,fine_power_base_grid,0.2,0.1,0.6643835616438356,0.6719384781884782,0.6643835616438356,0.6580080567580566,584,30,26,0.6616012806637807,0.6607588245088245,0.6635196509673497,26
V2-S,V2M-two_stage_user_local_reranker-v1,protocol_a_rollv2_cv3,2,2029,V2H-local-shuffle,False,shuffle_eeg_control,margin_power0p2_base0p15,fine_power_base_grid,0.2,0.15,0.6575342465753424,0.6667300292300293,0.6575342465753424,0.6538776655443321,584,30,26,0.6562540584415585,0.6565583953083954,0.6667024282087043,26
V2-S,V2M-two_stage_user_local_reranker-v1,protocol_a_rollv2_cv3,2,2029,V2H-local-shuffle,False,shuffle_eeg_control,margin_power0p25_base0p0,fine_power_base_grid,0.25,0.0,0.6472602739726028,0.6557743182743182,0.6472602739726028,0.6419620811287478,584,30,26,0.6414720869408369,0.6385627798127799,0.6492150341522727,26
V2-S,V2M-two_stage_user_local_reranker-v1,protocol_a_rollv2_cv3,2,2029,V2H-local-shuffle,False,shuffle_eeg_control,margin_power0p25_base0p025,fine_power_base_grid,0.25,0.025,0.6592465753424658,0.6827875827875829,0.6592465753424658,0.675095799262466,584,30,26,0.6640304834054833,0.6652638565138567,0.6532918499445697,26
V2-S,V2M-two_stage_user_local_reranker-v1,protocol_a_rollv2_cv3,2,2029,V2H-local-shuffle,False,shuffle_eeg_control,margin_power0p25_base0p05,fine_power_base_grid,0.25,0.05,0.6695205479452054,0.6889078514078514,0.6695205479452054,0.6829000320666988,584,30,26,0.6700472357503607,0.6716415066415067,0.655687873261095,26
V2-S,V2M-two_stage_user_local_reranker-v1,protocol_a_rollv2_cv3,2,2029,V2H-local-shuffle,False,shuffle_eeg_control,margin_power0p25_base0p075,fine_power_base_grid,0.25,0.075,0.6678082191780822,0.6801827801827803,0.6678082191780822,0.6688568221901556,584,30,26,0.6635234036796537,0.6626134051134052,0.6582627042878089,26
V2-S,V2M-two_stage_user_local_reranker-v1,protocol_a_rollv2_cv3,2,2029,V2H-local-shuffle,False,shuffle_eeg_control,margin_power0p25_base0p1,fine_power_base_grid,0.25,0.1,0.6678082191780822,0.6805210992710994,0.6678082191780822,0.6691500320666989,584,30,26,0.6650735028860029,0.6651640951640952,0.6612666738189752,26
V2-S,V2M-two_stage_user_local_reranker-v1,protocol_a_rollv2_cv3,2,2029,V2H-local-shuffle,False,shuffle_eeg_control,margin_power0p25_base0p15,fine_power_base_grid,0.25,0.15,0.660958904109589,0.6670683483183483,0.660958904109589,0.6532581770081769,584,30,26,0.6585170905483404,0.6579186091686091,0.664520974144405,26
V2-S,V2M-two_stage_user_local_reranker-v1,protocol_a_rollv2_cv3,2,2029,V2H-local-shuffle,False,shuffle_eeg_control,margin_power0p3_base0p0,fine_power_base_grid,0.3,0.0,0.6472602739726028,0.6557743182743182,0.6472602739726028,0.6419620811287478,584,30,26,0.6414720869408369,0.6385627798127799,0.6492150341522727,26
V2-S,V2M-two_stage_user_local_reranker-v1,protocol_a_rollv2_cv3,2,2029,V2H-local-shuffle,False,shuffle_eeg_control,margin_power0p3_base0p025,fine_power_base_grid,0.3,0.025,0.660958904109589,0.6850376475376477,0.660958904109589,0.6775749559082893,584,30,26,0.6642040945165945,0.6646972934472934,0.6528269498980795,26
V2-S,V2M-two_stage_user_local_reranker-v1,protocol_a_rollv2_cv3,2,2029,V2H-local-shuffle,False,shuffle_eeg_control,margin_power0p3_base0p05,fine_power_base_grid,0.3,0.05,0.6592465753424658,0.6776593776593777,0.6592465753424658,0.6706513548180215,584,30,26,0.6593477182539682,0.6597665760165761,0.6547223116260773,26
V2-S,V2M-two_stage_user_local_reranker-v1,protocol_a_rollv2_cv3,2,2029,V2H-local-shuffle,False,shuffle_eeg_control,margin_power0p3_base0p075,fine_power_base_grid,0.3,0.075,0.6712328767123288,0.6885873385873386,0.6712328767123288,0.6826222542889211,584,30,26,0.6680309794372294,0.6677273652273653,0.656510388727962,26
V2-S,V2M-two_stage_user_local_reranker-v1,protocol_a_rollv2_cv3,2,2029,V2H-local-shuffle,False,shuffle_eeg_control,margin_power0p3_base0p1,fine_power_base_grid,0.3,0.1,0.6678082191780822,0.6801827801827803,0.6678082191780822,0.6688568221901556,584,30,26,0.6635234036796537,0.6626134051134052,0.6585487966241104,26
V2-S,V2M-two_stage_user_local_reranker-v1,protocol_a_rollv2_cv3,2,2029,V2H-local-shuffle,False,shuffle_eeg_control,margin_power0p3_base0p15,fine_power_base_grid,0.3,0.15,0.6626712328767124,0.6705139767639767,0.6626712328767124,0.6567734888568221,584,30,26,0.6600561417748917,0.6591420153920153,0.6626256124164074,26
V2-S,V2M-two_stage_user_local_reranker-v1,protocol_a_rollv2_cv3,2,2029,V2H-local-shuffle,False,shuffle_eeg_control,margin_power0p35_base0p0,fine_power_base_grid,0.35,0.0,0.6472602739726028,0.6557743182743182,0.6472602739726028,0.6419620811287478,584,30,26,0.6414720869408369,0.6385627798127799,0.6492150341522727,26
V2-S,V2M-two_stage_user_local_reranker-v1,protocol_a_rollv2_cv3,2,2029,V2H-local-shuffle,False,shuffle_eeg_control,margin_power0p35_base0p025,fine_power_base_grid,0.35,0.025,0.6575342465753424,0.6808175620675622,0.6575342465753424,0.6733884479717814,584,30,26,0.6617995806277055,0.6615455840455842,0.652075957515288,26
V2-S,V2M-two_stage_user_local_reranker-v1,protocol_a_rollv2_cv3,2,2029,V2H-local-shuffle,False,shuffle_eeg_control,margin_power0p35_base0p05,fine_power_base_grid,0.35,0.05,0.6592465753424658,0.6827875827875828,0.6592465753424658,0.675095799262466,584,30,26,0.6640304834054833,0.6652638565138564,0.6537567499910596,26
V2-S,V2M-two_stage_user_local_reranker-v1,protocol_a_rollv2_cv3,2,2029,V2H-local-shuffle,False,shuffle_eeg_control,margin_power0p35_base0p075,fine_power_base_grid,0.35,0.075,0.666095890410959,0.6855424667924667,0.666095890410959,0.6799833654000321,584,30,26,0.6670003607503607,0.668276122026122,0.6555090655509066,26
V2-S,V2M-two_stage_user_local_reranker-v1,protocol_a_rollv2_cv3,2,2029,V2H-local-shuffle,False,shuffle_eeg_control,margin_power0p35_base0p1,fine_power_base_grid,0.35,0.1,0.672945205479452,0.6917924667924669,0.672945205479452,0.6854000320666988,584,30,26,0.6717241612554112,0.6712238687238687,0.6569395272324142,26
V2-S,V2M-two_stage_user_local_reranker-v1,protocol_a_rollv2_cv3,2,2029,V2H-local-shuffle,False,shuffle_eeg_control,margin_power0p35_base0p15,fine_power_base_grid,0.35,0.15,0.6678082191780822,0.6819634069634072,0.6678082191780822,0.6704000320666987,584,30,26,0.6665294687950938,0.6662567525067525,0.660587204520259,26
V2-S,V2M-two_stage_user_local_reranker-v1,protocol_a_rollv2_cv3,2,2029,V2H-local-shuffle,False,shuffle_eeg_control,margin_power0p4_base0p0,fine_power_base_grid,0.4,0.0,0.6472602739726028,0.6557743182743182,0.6472602739726028,0.6419620811287478,584,30,26,0.6414720869408369,0.6385627798127799,0.6492150341522727,26
V2-S,V2M-two_stage_user_local_reranker-v1,protocol_a_rollv2_cv3,2,2029,V2H-local-shuffle,False,shuffle_eeg_control,margin_power0p4_base0p025,fine_power_base_grid,0.4,0.025,0.6523972602739726,0.6761879324379324,0.6523972602739726,0.669376102292769,584,30,26,0.6576205131673881,0.6570304232804234,0.6516825805528734,26
V2-S,V2M-two_stage_user_local_reranker-v1,protocol_a_rollv2_cv3,2,2029,V2H-local-shuffle,False,shuffle_eeg_control,margin_power0p4_base0p05,fine_power_base_grid,0.4,0.05,0.6558219178082192,0.6779798904798906,0.6558219178082192,0.6709291325957992,584,30,26,0.6601242334054833,0.6604561642061644,0.6532203268604941,26
V2-S,V2M-two_stage_user_local_reranker-v1,protocol_a_rollv2_cv3,2,2029,V2H-local-shuffle,False,shuffle_eeg_control,margin_power0p4_base0p075,fine_power_base_grid,0.4,0.075,0.6575342465753424,0.6760568135568135,0.6575342465753424,0.6692624659291326,584,30,26,0.6575248015873015,0.658164011914012,0.6544719808318135,26
V2-S,V2M-two_stage_user_local_reranker-v1,protocol_a_rollv2_cv3,2,2029,V2H-local-shuffle,False,shuffle_eeg_control,margin_power0p4_base0p1,fine_power_base_grid,0.4,0.1,0.6678082191780822,0.6865040052540052,0.6678082191780822,0.6808166987333654,584,30,26,0.6680941107503607,0.6692376604876605,0.6557951578872081,26
V2-S,V2M-two_stage_user_local_reranker-v1,protocol_a_rollv2_cv3,2,2029,V2H-local-shuffle,False,shuffle_eeg_control,margin_power0p4_base0p15,fine_power_base_grid,0.4,0.15,0.6712328767123288,0.687412124912125,0.6712328767123288,0.675122254288921,584,30,26,0.6688856195887446,0.6684247234247235,0.6581196581196582,26
V2-S,V2M-two_stage_user_local_reranker-v1,protocol_a_rollv2_cv3,2,2029,V2H-local-shuffle,False,shuffle_eeg_control,margin_power0p5_base0p0,fine_power_base_grid,0.5,0.0,0.6472602739726028,0.6557743182743182,0.6472602739726028,0.6419620811287478,584,30,26,0.6414720869408369,0.6385627798127799,0.6492150341522727,26
V2-S,V2M-two_stage_user_local_reranker-v1,protocol_a_rollv2_cv3,2,2029,V2H-local-shuffle,False,shuffle_eeg_control,margin_power0p5_base0p025,fine_power_base_grid,0.5,0.025,0.648972602739726,0.6646113146113147,0.648972602739726,0.6593430335097002,584,30,26,0.649929540945166,0.6479492266992268,0.6511103958802703,26
V2-S,V2M-two_stage_user_local_reranker-v1,protocol_a_rollv2_cv3,2,2029,V2H-local-shuffle,False,shuffle_eeg_control,margin_power0p5_base0p05,fine_power_base_grid,0.5,0.05,0.6558219178082192,0.6792149979649982,0.6558219178082192,0.6719995590828926,584,30,26,0.6599766639610389,0.65994301994302,0.6522547652254764,26
V2-S,V2M-two_stage_user_local_reranker-v1,protocol_a_rollv2_cv3,2,2029,V2H-local-shuffle,False,shuffle_eeg_control,margin_power0p5_base0p075,fine_power_base_grid,0.5,0.075,0.6558219178082192,0.6779798904798906,0.6558219178082192,0.6709291325957992,584,30,26,0.6601242334054833,0.6604561642061644,0.6532918499445697,26
V2-S,V2M-two_stage_user_local_reranker-v1,protocol_a_rollv2_cv3,2,2029,V2H-local-shuffle,False,shuffle_eeg_control,margin_power0p5_base0p1,fine_power_base_grid,0.5,0.1,0.6592465753424658,0.6827875827875828,0.6592465753424658,0.675095799262466,584,30,26,0.6640304834054833,0.6652638565138564,0.6543646962057004,26
V2-S,V2M-two_stage_user_local_reranker-v1,protocol_a_rollv2_cv3,2,2029,V2H-local-shuffle,False,shuffle_eeg_control,margin_power0p5_base0p15,fine_power_base_grid,0.5,0.15,0.6678082191780822,0.6889256576756578,0.6678082191780822,0.6829154641654642,584,30,26,0.6688903544372294,0.6702024364524364,0.655687873261095,26
V2-S,V2M-two_stage_user_local_reranker-v1,protocol_a_rollv2_cv3,3,2029,V2H-local-shuffle,False,shuffle_eeg_control,v2n_eeg_base_0p05,reference_score_family,1.0,0.05,0.6359223300970874,0.6596002268488401,0.6359223300970874,0.6766685430971144,618,28,24,0.6375575085365295,0.6488872200330534,0.5529187724309675,24
V2-S,V2M-two_stage_user_local_reranker-v1,protocol_a_rollv2_cv3,3,2029,V2H-local-shuffle,False,shuffle_eeg_control,sqrt_margin_eeg_base0p05,reference_score_family,0.5,0.05,0.6343042071197411,0.6602544085995131,0.6343042071197411,0.676589650428936,618,28,24,0.6389644349434559,0.6512422685339352,0.554859737786567,24
V2-S,V2M-two_stage_user_local_reranker-v1,protocol_a_rollv2_cv3,3,2029,V2H-local-shuffle,False,shuffle_eeg_control,margin_power0p25_base0p05,reference_score_family,0.25,0.05,0.6294498381877023,0.656900519047707,0.6294498381877023,0.6735554491804491,618,28,24,0.637186706067825,0.648939690710524,0.560499523914158,24
V2-S,V2M-two_stage_user_local_reranker-v1,protocol_a_rollv2_cv3,3,2029,V2H-local-shuffle,False,shuffle_eeg_control,margin_power0p1_base0p0,fine_power_base_grid,0.1,0.0,0.6359223300970874,0.658165041663655,0.6359223300970874,0.6754383843669558,618,28,24,0.637013607992629,0.647729812625646,0.5518201127957225,24
V2-S,V2M-two_stage_user_local_reranker-v1,protocol_a_rollv2_cv3,3,2029,V2H-local-shuffle,False,shuffle_eeg_control,margin_power0p1_base0p025,fine_power_base_grid,0.1,0.025,0.6326860841423948,0.660959498262936,0.6326860841423948,0.6764499653785367,618,28,24,0.6419613894264243,0.6528154137529137,0.5680802753973485,24
V2-S,V2M-two_stage_user_local_reranker-v1,protocol_a_rollv2_cv3,3,2029,V2H-local-shuffle,False,shuffle_eeg_control,margin_power0p1_base0p05,fine_power_base_grid,0.1,0.05,0.6375404530744336,0.6763164145055915,0.6375404530744336,0.6749921771350341,618,28,24,0.6586579407383604,0.6754009262342596,0.5843404379989746,24
V2-S,V2M-two_stage_user_local_reranker-v1,protocol_a_rollv2_cv3,3,2029,V2H-local-shuffle,False,shuffle_eeg_control,margin_power0p1_base0p075,fine_power_base_grid,0.1,0.075,0.6440129449838188,0.6818265038970986,0.6440129449838188,0.6811732051017765,618,28,24,0.6611776432580629,0.6768807542765876,0.5932395810444591,24
V2-S,V2M-two_stage_user_local_reranker-v1,protocol_a_rollv2_cv3,3,2029,V2H-local-shuffle,False,shuffle_eeg_control,margin_power0p1_base0p1,fine_power_base_grid,0.1,0.1,0.6423948220064725,0.6806481354818881,0.6423948220064725,0.6802676027676027,618,28,24,0.660232289078443,0.6749308099308099,0.6018823701750531,24
V2-S,V2M-two_stage_user_local_reranker-v1,protocol_a_rollv2_cv3,3,2029,V2H-local-shuffle,False,shuffle_eeg_control,margin_power0p1_base0p15,fine_power_base_grid,0.1,0.15,0.6423948220064725,0.678717294332297,0.6423948220064725,0.6790909123944838,618,28,24,0.6554025228850403,0.6692033969117303,0.6133816743572842,24
V2-S,V2M-two_stage_user_local_reranker-v1,protocol_a_rollv2_cv3,3,2029,V2H-local-shuffle,False,shuffle_eeg_control,margin_power0p15_base0p0,fine_power_base_grid,0.15,0.0,0.6359223300970874,0.658165041663655,0.6359223300970874,0.6754383843669558,618,28,24,0.637013607992629,0.647729812625646,0.5518201127957225,24
V2-S,V2M-two_stage_user_local_reranker-v1,protocol_a_rollv2_cv3,3,2029,V2H-local-shuffle,False,shuffle_eeg_control,margin_power0p15_base0p025,fine_power_base_grid,0.15,0.025,0.6326860841423948,0.6596906976191356,0.6326860841423948,0.6761064695886124,618,28,24,0.6395315834127023,0.6511993908868909,0.5604262799384749,24
V2-S,V2M-two_stage_user_local_reranker-v1,protocol_a_rollv2_cv3,3,2029,V2H-local-shuffle,False,shuffle_eeg_control,margin_power0p15_base0p05,fine_power_base_grid,0.15,0.05,0.6326860841423948,0.6690470168961203,0.6326860841423948,0.6736438429295571,618,28,24,0.6434682159332509,0.6630226447934782,0.5718889621328647,24
V2-S,V2M-two_stage_user_local_reranker-v1,protocol_a_rollv2_cv3,3,2029,V2H-local-shuffle,False,shuffle_eeg_control,margin_power0p15_base0p075,fine_power_base_grid,0.15,0.075,0.6343042071197411,0.6719208101099872,0.6343042071197411,0.6712245162245161,618,28,24,0.6515860596280177,0.6691920502337169,0.5821064967406431,24
V2-S,V2M-two_stage_user_local_reranker-v1,protocol_a_rollv2_cv3,3,2029,V2H-local-shuffle,False,shuffle_eeg_control,margin_power0p15_base0p1,fine_power_base_grid,0.15,0.1,0.6423948220064725,0.6802618283192651,0.6423948220064725,0.6797276268704839,618,28,24,0.6596833042637239,0.6753981705023372,0.5892844063575771,24
V2-S,V2M-two_stage_user_local_reranker-v1,protocol_a_rollv2_cv3,3,2029,V2H-local-shuffle,False,shuffle_eeg_control,margin_power0p15_base0p15,fine_power_base_grid,0.15,0.15,0.6423948220064725,0.6812710311047838,0.6423948220064725,0.6808015133015132,618,28,24,0.6606084280909457,0.6755537055537055,0.6007837105398082,24
V2-S,V2M-two_stage_user_local_reranker-v1,protocol_a_rollv2_cv3,3,2029,V2H-local-shuffle,False,shuffle_eeg_control,margin_power0p2_base0p0,fine_power_base_grid,0.2,0.0,0.6359223300970874,0.658165041663655,0.6359223300970874,0.6754383843669558,618,28,24,0.637013607992629,0.647729812625646,0.5518201127957225,24
V2-S,V2M-two_stage_user_local_reranker-v1,protocol_a_rollv2_cv3,3,2029,V2H-local-shuffle,False,shuffle_eeg_control,margin_power0p2_base0p025,fine_power_base_grid,0.2,0.025,0.6343042071197411,0.6621483885636685,0.6343042071197411,0.678108634090777,618,28,24,0.6425356500531326,0.6543619690494691,0.5573866549476306,24
V2-S,V2M-two_stage_user_local_reranker-v1,protocol_a_rollv2_cv3,3,2029,V2H-local-shuffle,False,shuffle_eeg_control,margin_power0p2_base0p05,fine_power_base_grid,0.2,0.05,0.6310679611650486,0.6603771118992997,0.6310679611650486,0.6765353859103859,618,28,24,0.6420417383704097,0.6529371168954502,0.5648575404672966,24
V2-S,V2M-two_stage_user_local_reranker-v1,protocol_a_rollv2_cv3,3,2029,V2H-local-shuffle,False,shuffle_eeg_control,margin_power0p2_base0p075,fine_power_base_grid,0.2,0.075,0.6343042071197411,0.6703491002294536,0.6343042071197411,0.6749193531336387,618,28,24,0.6444394669045019,0.6637942497317498,0.5726214018896947,24
V2-S,V2M-two_stage_user_local_reranker-v1,protocol_a_rollv2_cv3,3,2029,V2H-local-shuffle,False,shuffle_eeg_control,margin_power0p2_base0p1,fine_power_base_grid,0.2,0.1,0.6343042071197411,0.6719208101099872,0.6343042071197411,0.6712245162245161,618,28,24,0.6496435576855158,0.6676488403571738,0.5795795795795795,24
V2-S,V2M-two_stage_user_local_reranker-v1,protocol_a_rollv2_cv3,3,2029,V2H-local-shuffle,False,shuffle_eeg_control,margin_power0p2_base0p15,fine_power_base_grid,0.2,0.15,0.6440129449838188,0.6814523045097413,0.6440129449838188,0.6807480350337494,618,28,24,0.6618533564337761,0.677360251631085,0.5906394199077125,24
V2-S,V2M-two_stage_user_local_reranker-v1,protocol_a_rollv2_cv3,3,2029,V2H-local-shuffle,False,shuffle_eeg_control,margin_power0p25_base0p0,fine_power_base_grid,0.25,0.0,0.6359223300970874,0.658165041663655,0.6359223300970874,0.6754383843669558,618,28,24,0.637013607992629,0.647729812625646,0.5518201127957225,24
V2-S,V2M-two_stage_user_local_reranker-v1,protocol_a_rollv2_cv3,3,2029,V2H-local-shuffle,False,shuffle_eeg_control,margin_power0p25_base0p025,fine_power_base_grid,0.25,0.025,0.6294498381877023,0.6541917983702362,0.6294498381877023,0.6713931273752702,618,28,24,0.6336711171501382,0.6455516821141821,0.5559217754339705,24
V2-S,V2M-two_stage_user_local_reranker-v1,protocol_a_rollv2_cv3,3,2029,V2H-local-shuffle,False,shuffle_eeg_control,margin_power0p25_base0p05,fine_power_base_grid,0.25,0.05,0.6294498381877023,0.656900519047707,0.6294498381877023,0.6735554491804491,618,28,24,0.637186706067825,0.648939690710524,0.560499523914158,24
V2-S,V2M-two_stage_user_local_reranker-v1,protocol_a_rollv2_cv3,3,2029,V2H-local-shuffle,False,shuffle_eeg_control,margin_power0p25_base0p075,fine_power_base_grid,0.25,0.075,0.6310679611650486,0.6587665158067958,0.6310679611650486,0.6702991717277431,618,28,24,0.6421029145679497,0.6527162074037074,0.5667252618472131,24
V2-S,V2M-two_stage_user_local_reranker-v1,protocol_a_rollv2_cv3,3,2029,V2H-local-shuffle,False,shuffle_eeg_control,margin_power0p25_base0p1,fine_power_base_grid,0.25,0.1,0.6343042071197411,0.6703491002294536,0.6343042071197411,0.6749193531336387,618,28,24,0.6444394669045019,0.6637942497317498,0.572291803999121,24
V2-S,V2M-two_stage_user_local_reranker-v1,protocol_a_rollv2_cv3,3,2029,V2H-local-shuffle,False,shuffle_eeg_control,margin_power0p25_base0p15,fine_power_base_grid,0.25,0.15,0.6375404530744336,0.6757804592327942,0.6375404530744336,0.6746372146372145,618,28,24,0.6552129882549464,0.6728406392989726,0.5833150223394126,24
V2-S,V2M-two_stage_user_local_reranker-v1,protocol_a_rollv2_cv3,3,2029,V2H-local-shuffle,False,shuffle_eeg_control,margin_power0p3_base0p0,fine_power_base_grid,0.3,0.0,0.6359223300970874,0.658165041663655,0.6359223300970874,0.6754383843669558,618,28,24,0.637013607992629,0.647729812625646,0.5518201127957225,24
V2-S,V2M-two_stage_user_local_reranker-v1,protocol_a_rollv2_cv3,3,2029,V2H-local-shuffle,False,shuffle_eeg_control,margin_power0p3_base0p025,fine_power_base_grid,0.3,0.025,0.6343042071197411,0.6602544085995131,0.6343042071197411,0.676589650428936,618,28,24,0.6401007985798196,0.6522839352006019,0.5555921775433971,24
V2-S,V2M-two_stage_user_local_reranker-v1,protocol_a_rollv2_cv3,3,2029,V2H-local-shuffle,False,shuffle_eeg_control,margin_power0p3_base0p05,fine_power_base_grid,0.3,0.05,0.6343042071197411,0.6607594996747795,0.6343042071197411,0.6769181579003007,618,28,24,0.6414866990041815,0.6529730801605802,0.5583388266315096,24
V2-S,V2M-two_stage_user_local_reranker-v1,protocol_a_rollv2_cv3,3,2029,V2H-local-shuffle,False,shuffle_eeg_control,margin_power0p3_base0p075,fine_power_base_grid,0.3,0.075,0.6294498381877023,0.6570141554113433,0.6294498381877023,0.6736528517778517,618,28,24,0.6373297448472275,0.6490533270741604,0.5626968431846481,24
V2-S,V2M-two_stage_user_local_reranker-v1,protocol_a_rollv2_cv3,3,2029,V2H-local-shuffle,False,shuffle_eeg_control,margin_power0p3_base0p1,fine_power_base_grid,0.3,0.1,0.6294498381877023,0.6693710909701944,0.6294498381877023,0.6743467907753622,618,28,24,0.6445796045446396,0.6647300962925963,0.567164725701311,24
V2-S,V2M-two_stage_user_local_reranker-v1,protocol_a_rollv2_cv3,3,2029,V2H-local-shuffle,False,shuffle_eeg_control,margin_power0p3_base0p15,fine_power_base_grid,0.3,0.15,0.6359223300970874,0.6722937242329011,0.6359223300970874,0.6715441569012998,618,28,24,0.6490735080770046,0.667649730670564,0.576100490734637,24
V2-S,V2M-two_stage_user_local_reranker-v1,protocol_a_rollv2_cv3,3,2029,V2H-local-shuffle,False,shuffle_eeg_control,margin_power0p35_base0p0,fine_power_base_grid,0.35,0.0,0.6359223300970874,0.658165041663655,0.6359223300970874,0.6754383843669558,618,28,24,0.637013607992629,0.647729812625646,0.5518201127957225,24
V2-S,V2M-two_stage_user_local_reranker-v1,protocol_a_rollv2_cv3,3,2029,V2H-local-shuffle,False,shuffle_eeg_control,margin_power0p35_base0p025,fine_power_base_grid,0.35,0.025,0.6326860841423948,0.657241320323267,0.6326860841423948,0.6739025755990041,618,28,24,0.6363143072933283,0.6481156150947818,0.5547132498352011,24
V2-S,V2M-two_stage_user_local_reranker-v1,protocol_a_rollv2_cv3,3,2029,V2H-local-shuffle,False,shuffle_eeg_control,margin_power0p35_base0p05,fine_power_base_grid,0.35,0.05,0.627831715210356,0.6519988159140959,0.627831715210356,0.6694090003911433,618,28,24,0.6322974907765118,0.6440635868760869,0.556837325130008,24
V2-S,V2M-two_stage_user_local_reranker-v1,protocol_a_rollv2_cv3,3,2029,V2H-local-shuffle,False,shuffle_eeg_control,margin_power0p35_base0p075,fine_power_base_grid,0.35,0.075,0.6326860841423948,0.6596906976191356,0.6326860841423948,0.6761064695886124,618,28,24,0.6380164318975509,0.6498105019980019,0.559840328133011,24
V2-S,V2M-two_stage_user_local_reranker-v1,protocol_a_rollv2_cv3,3,2029,V2H-local-shuffle,False,shuffle_eeg_control,margin_power0p35_base0p1,fine_power_base_grid,0.35,0.1,0.6229773462783171,0.6511736247546361,0.6229773462783171,0.6636046658368085,618,28,24,0.6326677401852226,0.644770919666753,0.563209551014429,24
V2-S,V2M-two_stage_user_local_reranker-v1,protocol_a_rollv2_cv3,3,2029,V2H-local-shuffle,False,shuffle_eeg_control,margin_power0p35_base0p15,fine_power_base_grid,0.35,0.15,0.6343042071197411,0.6725440407056441,0.6343042071197411,0.6773853395281967,618,28,24,0.6459449059099409,0.6654532003490337,0.5707170585219365,24
V2-S,V2M-two_stage_user_local_reranker-v1,protocol_a_rollv2_cv3,3,2029,V2H-local-shuffle,False,shuffle_eeg_control,margin_power0p4_base0p0,fine_power_base_grid,0.4,0.0,0.6359223300970874,0.658165041663655,0.6359223300970874,0.6754383843669558,618,28,24,0.637013607992629,0.647729812625646,0.5518201127957225,24
V2-S,V2M-two_stage_user_local_reranker-v1,protocol_a_rollv2_cv3,3,2029,V2H-local-shuffle,False,shuffle_eeg_control,margin_power0p4_base0p025,fine_power_base_grid,0.4,0.025,0.6359223300970874,0.6593246536566003,0.6359223300970874,0.6756882898847184,618,28,24,0.6370524580314789,0.6488100595392262,0.5542371639932615,24
V2-S,V2M-two_stage_user_local_reranker-v1,protocol_a_rollv2_cv3,3,2029,V2H-local-shuffle,False,shuffle_eeg_control,margin_power0p4_base0p05,fine_power_base_grid,0.4,0.05,0.6310679611650486,0.6571679888464267,0.6310679611650486,0.6739441477834334,618,28,24,0.6358564318354529,0.6481558487808489,0.5559583974218121,24
V2-S,V2M-two_stage_user_local_reranker-v1,protocol_a_rollv2_cv3,3,2029,V2H-local-shuffle,False,shuffle_eeg_control,margin_power0p4_base0p075,fine_power_base_grid,0.4,0.075,0.6343042071197411,0.6606376673161053,0.6343042071197411,0.6769181579003007,618,28,24,0.6407235732410558,0.6521463605838606,0.5580458507287775,24
V2-S,V2M-two_stage_user_local_reranker-v1,protocol_a_rollv2_cv3,3,2029,V2H-local-shuffle,False,shuffle_eeg_control,margin_power0p4_base0p1,fine_power_base_grid,0.4,0.1,0.6262135922330098,0.6536162053222166,0.6262135922330098,0.6656983063233063,618,28,24,0.6334862398673587,0.6456758018216352,0.5605727678898411,24
V2-S,V2M-two_stage_user_local_reranker-v1,protocol_a_rollv2_cv3,3,2029,V2H-local-shuffle,False,shuffle_eeg_control,margin_power0p4_base0p15,fine_power_base_grid,0.4,0.15,0.6262135922330098,0.6651053567044602,0.6262135922330098,0.6714344947380662,618,28,24,0.6388089474627936,0.6592490842490842,0.5664322859444811,24
V2-S,V2M-two_stage_user_local_reranker-v1,protocol_a_rollv2_cv3,3,2029,V2H-local-shuffle,False,shuffle_eeg_control,margin_power0p5_base0p0,fine_power_base_grid,0.5,0.0,0.6359223300970874,0.658165041663655,0.6359223300970874,0.6754383843669558,618,28,24,0.637013607992629,0.647729812625646,0.5518201127957225,24
V2-S,V2M-two_stage_user_local_reranker-v1,protocol_a_rollv2_cv3,3,2029,V2H-local-shuffle,False,shuffle_eeg_control,margin_power0p5_base0p025,fine_power_base_grid,0.5,0.025,0.6343042071197411,0.6570098388417854,0.6343042071197411,0.6737041629005914,618,28,24,0.6349157058947269,0.6464952447244113,0.5534314802607485,24
V2-S,V2M-two_stage_user_local_reranker-v1,protocol_a_rollv2_cv3,3,2029,V2H-local-shuffle,False,shuffle_eeg_control,margin_power0p5_base0p05,fine_power_base_grid,0.5,0.05,0.6343042071197411,0.6602544085995131,0.6343042071197411,0.676589650428936,618,28,24,0.6389644349434559,0.6512422685339352,0.554859737786567,24
V2-S,V2M-two_stage_user_local_reranker-v1,protocol_a_rollv2_cv3,3,2029,V2H-local-shuffle,False,shuffle_eeg_control,margin_power0p5_base0p075,fine_power_base_grid,0.5,0.075,0.6294498381877023,0.6549750063902864,0.6294498381877023,0.6719600207993065,618,28,24,0.6344828054618264,0.6466677535427535,0.556178129348861,24
V2-S,V2M-two_stage_user_local_reranker-v1,protocol_a_rollv2_cv3,3,2029,V2H-local-shuffle,False,shuffle_eeg_control,margin_power0p5_base0p1,fine_power_base_grid,0.5,0.1,0.6294498381877023,0.6529247418400218,0.6294498381877023,0.6702026511847939,618,28,24,0.6334477294267504,0.6451383223258224,0.5574965209111551,24
V2-S,V2M-two_stage_user_local_reranker-v1,protocol_a_rollv2_cv3,3,2029,V2H-local-shuffle,False,shuffle_eeg_control,margin_power0p5_base0p15,fine_power_base_grid,0.5,0.15,0.6262135922330098,0.6535215083525197,0.6262135922330098,0.6656171374921375,618,28,24,0.6334544534719361,0.6455811048519382,0.5610488537317806,24
V2-S,V2M-two_stage_user_local_reranker-v1,protocol_a_rollv2_cv3,1,2030,V2H-local-shuffle,False,shuffle_eeg_control,v2n_eeg_base_0p05,reference_score_family,1.0,0.05,0.6321070234113713,0.6530107855107855,0.6321070234113713,0.6938677248677249,598,35,28,0.6320475544356141,0.6314061104239675,0.5783061437001041,28
V2-S,V2M-two_stage_user_local_reranker-v1,protocol_a_rollv2_cv3,1,2030,V2H-local-shuffle,False,shuffle_eeg_control,sqrt_margin_eeg_base0p05,reference_score_family,0.5,0.05,0.6404682274247492,0.6599835746264319,0.6404682274247492,0.6994459561602419,598,35,28,0.6358523400314444,0.6348450276575275,0.5788962165914613,28
V2-S,V2M-two_stage_user_local_reranker-v1,protocol_a_rollv2_cv3,1,2030,V2H-local-shuffle,False,shuffle_eeg_control,margin_power0p25_base0p05,reference_score_family,0.25,0.05,0.6387959866220736,0.6602193078085935,0.6387959866220736,0.673880574452003,598,35,28,0.631813012857789,0.6301891792070363,0.5804581742450539,28
V2-S,V2M-two_stage_user_local_reranker-v1,protocol_a_rollv2_cv3,1,2030,V2H-local-shuffle,False,shuffle_eeg_control,margin_power0p1_base0p0,fine_power_base_grid,0.1,0.0,0.6254180602006689,0.6496283214140357,0.6254180602006689,0.691161753590325,598,35,28,0.6266294070771683,0.6260395193430908,0.5780284623394655,28
V2-S,V2M-two_stage_user_local_reranker-v1,protocol_a_rollv2_cv3,1,2030,V2H-local-shuffle,False,shuffle_eeg_control,margin_power0p1_base0p025,fine_power_base_grid,0.1,0.025,0.6354515050167224,0.6552448180126752,0.6354515050167224,0.6710914588057446,598,35,28,0.6211413710667443,0.6172108628805058,0.5813259284970497,28
V2-S,V2M-two_stage_user_local_reranker-v1,protocol_a_rollv2_cv3,1,2030,V2H-local-shuffle,False,shuffle_eeg_control,margin_power0p1_base0p05,fine_power_base_grid,0.1,0.05,0.6287625418060201,0.643964874411303,0.6287625418060201,0.6474002267573696,598,35,28,0.6127605479098016,0.6085943619872191,0.5840333217632767,28
V2-S,V2M-two_stage_user_local_reranker-v1,protocol_a_rollv2_cv3,1,2030,V2H-local-shuffle,False,shuffle_eeg_control,margin_power0p1_base0p075,fine_power_base_grid,0.1,0.075,0.6404682274247492,0.6524696930054074,0.6404682274247492,0.650235827664399,598,35,28,0.6234357433611164,0.619688466295609,0.5864977438389448,28
V2-S,V2M-two_stage_user_local_reranker-v1,protocol_a_rollv2_cv3,1,2030,V2H-local-shuffle,False,shuffle_eeg_control,margin_power0p1_base0p1,fine_power_base_grid,0.1,0.1,0.6337792642140468,0.6400575614861329,0.6337792642140468,0.6323696145124718,598,35,28,0.6150550278908488,0.6114430014430016,0.5875390489413399,28
V2-S,V2M-two_stage_user_local_reranker-v1,protocol_a_rollv2_cv3,1,2030,V2H-local-shuffle,False,shuffle_eeg_control,margin_power0p1_base0p15,fine_power_base_grid,0.1,0.15,0.6254180602006689,0.6243758721437294,0.6254180602006689,0.6120861678004534,598,35,28,0.6039024574099201,0.6003772418058133,0.5903505727178063,28
V2-S,V2M-two_stage_user_local_reranker-v1,protocol_a_rollv2_cv3,1,2030,V2H-local-shuffle,False,shuffle_eeg_control,margin_power0p15_base0p0,fine_power_base_grid,0.15,0.0,0.6254180602006689,0.6496283214140357,0.6254180602006689,0.691161753590325,598,35,28,0.6266294070771683,0.6260395193430908,0.5780284623394655,28
V2-S,V2M-two_stage_user_local_reranker-v1,protocol_a_rollv2_cv3,1,2030,V2H-local-shuffle,False,shuffle_eeg_control,margin_power0p15_base0p025,fine_power_base_grid,0.15,0.025,0.6404682274247492,0.6608806834699692,0.6404682274247492,0.6744096749811035,598,35,28,0.6315227972690659,0.6297344834398405,0.5803193335647344,28
V2-S,V2M-two_stage_user_local_reranker-v1,protocol_a_rollv2_cv3,1,2030,V2H-local-shuffle,False,shuffle_eeg_control,margin_power0p15_base0p05,fine_power_base_grid,0.15,0.05,0.6287625418060201,0.6477807212628642,0.6287625418060201,0.6615487528344671,598,35,28,0.6156971635329844,0.6115778318903319,0.582297813259285,28
V2-S,V2M-two_stage_user_local_reranker-v1,protocol_a_rollv2_cv3,1,2030,V2H-local-shuffle,False,shuffle_eeg_control,margin_power0p15_base0p075,fine_power_base_grid,0.15,0.075,0.6254180602006689,0.6410482077446363,0.6254180602006689,0.6450668934240362,598,35,28,0.6101983588550752,0.6056776953205524,0.584172162443596,28
V2-S,V2M-two_stage_user_local_reranker-v1,protocol_a_rollv2_cv3,1,2030,V2H-local-shuffle,False,shuffle_eeg_control,margin_power0p15_base0p1,fine_power_base_grid,0.15,0.1,0.6354515050167224,0.6472448252805395,0.6354515050167224,0.646055933484505,598,35,28,0.6188503370592923,0.614959630316773,0.5861506421381466,28
V2-S,V2M-two_stage_user_local_reranker-v1,protocol_a_rollv2_cv3,1,2030,V2H-local-shuffle,False,shuffle_eeg_control,margin_power0p15_base0p15,fine_power_base_grid,0.15,0.15,0.6354515050167224,0.6430337519623235,0.6354515050167224,0.6418934240362812,598,35,28,0.6185376149555255,0.614419191919192,0.58746962860118,28
V2-S,V2M-two_stage_user_local_reranker-v1,protocol_a_rollv2_cv3,1,2030,V2H-local-shuffle,False,shuffle_eeg_control,margin_power0p2_base0p0,fine_power_base_grid,0.2,0.0,0.6254180602006689,0.6496283214140357,0.6254180602006689,0.691161753590325,598,35,28,0.6266294070771683,0.6260395193430908,0.5780284623394655,28
V2-S,V2M-two_stage_user_local_reranker-v1,protocol_a_rollv2_cv3,1,2030,V2H-local-shuffle,False,shuffle_eeg_control,margin_power0p2_base0p025,fine_power_base_grid,0.2,0.025,0.6387959866220736,0.6451139601139602,0.6387959866220736,0.6647724867724868,598,35,28,0.6322311602162348,0.6302064222153507,0.5793474488024992,28
V2-S,V2M-two_stage_user_local_reranker-v1,protocol_a_rollv2_cv3,1,2030,V2H-local-shuffle,False,shuffle_eeg_control,margin_power0p2_base0p05,fine_power_base_grid,0.2,0.05,0.6304347826086957,0.6509931173324031,0.6304347826086957,0.6664996220710507,598,35,28,0.6204661756154294,0.6167856928124785,0.5809094064560916,28
V2-S,V2M-two_stage_user_local_reranker-v1,protocol_a_rollv2_cv3,1,2030,V2H-local-shuffle,False,shuffle_eeg_control,margin_power0p2_base0p075,fine_power_base_grid,0.2,0.075,0.6287625418060201,0.6456712236176523,0.6287625418060201,0.6588843537414966,598,35,28,0.615230341797506,0.6111333359101215,0.582714335300243,28
V2-S,V2M-two_stage_user_local_reranker-v1,protocol_a_rollv2_cv3,1,2030,V2H-local-shuffle,False,shuffle_eeg_control,margin_power0p2_base0p1,fine_power_base_grid,0.2,0.1,0.6254180602006689,0.6374767791732078,0.6254180602006689,0.6386383219954648,598,35,28,0.610049105123732,0.6051419810348381,0.5836862200624784,28
V2-S,V2M-two_stage_user_local_reranker-v1,protocol_a_rollv2_cv3,1,2030,V2H-local-shuffle,False,shuffle_eeg_control,margin_power0p2_base0p15,fine_power_base_grid,0.2,0.15,0.6354515050167224,0.647344031629746,0.6354515050167224,0.64613529856387,598,35,28,0.6189581314208179,0.6150588366659794,0.5868101353696633,28
V2-S,V2M-two_stage_user_local_reranker-v1,protocol_a_rollv2_cv3,1,2030,V2H-local-shuffle,False,shuffle_eeg_control,margin_power0p25_base0p0,fine_power_base_grid,0.25,0.0,0.6254180602006689,0.6496283214140357,0.6254180602006689,0.691161753590325,598,35,28,0.6266294070771683,0.6260395193430908,0.5780284623394655,28
V2-S,V2M-two_stage_user_local_reranker-v1,protocol_a_rollv2_cv3,1,2030,V2H-local-shuffle,False,shuffle_eeg_control,margin_power0p25_base0p025,fine_power_base_grid,0.25,0.025,0.6387959866220736,0.6492480304087447,0.6387959866220736,0.683119425547997,598,35,28,0.6324514871529797,0.6304466433037861,0.5790350572717806,28
V2-S,V2M-two_stage_user_local_reranker-v1,protocol_a_rollv2_cv3,1,2030,V2H-local-shuffle,False,shuffle_eeg_control,margin_power0p25_base0p05,fine_power_base_grid,0.25,0.05,0.6387959866220736,0.6602193078085935,0.6387959866220736,0.673880574452003,598,35,28,0.631813012857789,0.6301891792070363,0.5804581742450539,28
V2-S,V2M-two_stage_user_local_reranker-v1,protocol_a_rollv2_cv3,1,2030,V2H-local-shuffle,False,shuffle_eeg_control,margin_power0p25_base0p075,fine_power_base_grid,0.25,0.075,0.6321070234113713,0.6539456872492587,0.6321070234113713,0.6700521541950113,598,35,28,0.6227049815855786,0.6193839543393115,0.5817077403679278,28
V2-S,V2M-two_stage_user_local_reranker-v1,protocol_a_rollv2_cv3,1,2030,V2H-local-shuffle,False,shuffle_eeg_control,margin_power0p25_base0p1,fine_power_base_grid,0.25,0.1,0.6270903010033445,0.6450334685156113,0.6270903010033445,0.658374149659864,598,35,28,0.6163497447825806,0.6130466012162439,0.5829225963207221,28
V2-S,V2M-two_stage_user_local_reranker-v1,protocol_a_rollv2_cv3,1,2030,V2H-local-shuffle,False,shuffle_eeg_control,margin_power0p25_base0p15,fine_power_base_grid,0.25,0.15,0.6237458193979933,0.6369146098610384,0.6237458193979933,0.6381885865457293,598,35,28,0.6110772974952079,0.6065639387067959,0.5850399166955919,28
V2-S,V2M-two_stage_user_local_reranker-v1,protocol_a_rollv2_cv3,1,2030,V2H-local-shuffle,False,shuffle_eeg_control,margin_power0p3_base0p0,fine_power_base_grid,0.3,0.0,0.6254180602006689,0.6496283214140357,0.6254180602006689,0.691161753590325,598,35,28,0.6266294070771683,0.6260395193430908,0.5780284623394655,28
V2-S,V2M-two_stage_user_local_reranker-v1,protocol_a_rollv2_cv3,1,2030,V2H-local-shuffle,False,shuffle_eeg_control,margin_power0p3_base0p025,fine_power_base_grid,0.3,0.025,0.6404682274247492,0.6597284725856155,0.6404682274247492,0.6992418745275888,598,35,28,0.6344877344877344,0.6334738541881398,0.5788267962513016,28
V2-S,V2M-two_stage_user_local_reranker-v1,protocol_a_rollv2_cv3,1,2030,V2H-local-shuffle,False,shuffle_eeg_control,margin_power0p3_base0p05,fine_power_base_grid,0.3,0.05,0.6354515050167224,0.6384175315425316,0.6354515050167224,0.6552486772486772,598,35,28,0.6301131786952683,0.6279275106507248,0.5799375216938563,28
V2-S,V2M-two_stage_user_local_reranker-v1,protocol_a_rollv2_cv3,1,2030,V2H-local-shuffle,False,shuffle_eeg_control,margin_power0p3_base0p075,fine_power_base_grid,0.3,0.075,0.6354515050167224,0.6557550220943078,0.6354515050167224,0.6703091458805746,598,35,28,0.6260667442010727,0.6226105227444513,0.5810482471364109,28
V2-S,V2M-two_stage_user_local_reranker-v1,protocol_a_rollv2_cv3,1,2030,V2H-local-shuffle,False,shuffle_eeg_control,margin_power0p3_base0p1,fine_power_base_grid,0.3,0.1,0.6304347826086957,0.6511984345020059,0.6304347826086957,0.6668775510204081,598,35,28,0.6196972927569943,0.6168136080189651,0.5817771607080875,28
V2-S,V2M-two_stage_user_local_reranker-v1,protocol_a_rollv2_cv3,1,2030,V2H-local-shuffle,False,shuffle_eeg_control,margin_power0p3_base0p15,fine_power_base_grid,0.3,0.15,0.6287625418060201,0.6424370966335252,0.6287625418060201,0.6432018140589568,598,35,28,0.6147375675733884,0.6103970830756545,0.5838944810829574,28
V2-S,V2M-two_stage_user_local_reranker-v1,protocol_a_rollv2_cv3,1,2030,V2H-local-shuffle,False,shuffle_eeg_control,margin_power0p35_base0p0,fine_power_base_grid,0.35,0.0,0.6254180602006689,0.6496283214140357,0.6254180602006689,0.691161753590325,598,35,28,0.6266294070771683,0.6260395193430908,0.5780284623394655,28
V2-S,V2M-two_stage_user_local_reranker-v1,protocol_a_rollv2_cv3,1,2030,V2H-local-shuffle,False,shuffle_eeg_control,margin_power0p35_base0p025,fine_power_base_grid,0.35,0.025,0.6354515050167224,0.6553704793883365,0.6354515050167224,0.6957554799697657,598,35,28,0.6298241476599685,0.628694234006734,0.5786185352308226,28
V2-S,V2M-two_stage_user_local_reranker-v1,protocol_a_rollv2_cv3,1,2030,V2H-local-shuffle,False,shuffle_eeg_control,margin_power0p35_base0p05,fine_power_base_grid,0.35,0.05,0.6404682274247492,0.6473461029711031,0.6404682274247492,0.6790582010582011,598,35,28,0.6345445930520558,0.6327510650724936,0.5794515793127386,28
V2-S,V2M-two_stage_user_local_reranker-v1,protocol_a_rollv2_cv3,1,2030,V2H-local-shuffle,False,shuffle_eeg_control,margin_power0p35_base0p075,fine_power_base_grid,0.35,0.075,0.637123745819398,0.6595815527065526,0.637123745819398,0.6721798941798941,598,35,28,0.6293254506687342,0.6272661349893492,0.5804234640749739,28
V2-S,V2M-two_stage_user_local_reranker-v1,protocol_a_rollv2_cv3,1,2030,V2H-local-shuffle,False,shuffle_eeg_control,margin_power0p35_base0p1,fine_power_base_grid,0.35,0.1,0.6321070234113713,0.6542007892900751,0.6321070234113713,0.6690657596371882,598,35,28,0.6243503262906248,0.6215523216862503,0.5812217979868102,28
V2-S,V2M-two_stage_user_local_reranker-v1,protocol_a_rollv2_cv3,1,2030,V2H-local-shuffle,False,shuffle_eeg_control,margin_power0p35_base0p15,fine_power_base_grid,0.35,0.15,0.6287625418060201,0.6500504753183325,0.6287625418060201,0.6659591836734694,598,35,28,0.6171137817406473,0.6141775535971963,0.582506074279764,28
V2-S,V2M-two_stage_user_local_reranker-v1,protocol_a_rollv2_cv3,1,2030,V2H-local-shuffle,False,shuffle_eeg_control,margin_power0p4_base0p0,fine_power_base_grid,0.4,0.0,0.6254180602006689,0.6496283214140357,0.6254180602006689,0.691161753590325,598,35,28,0.6266294070771683,0.6260395193430908,0.5780284623394655,28
V2-S,V2M-two_stage_user_local_reranker-v1,protocol_a_rollv2_cv3,1,2030,V2H-local-shuffle,False,shuffle_eeg_control,margin_power0p4_base0p025,fine_power_base_grid,0.4,0.025,0.6354515050167224,0.6556255814291527,0.6354515050167224,0.6959595616024187,598,35,28,0.6299947233529323,0.6289493360475502,0.5784796945505033,28
V2-S,V2M-two_stage_user_local_reranker-v1,protocol_a_rollv2_cv3,1,2030,V2H-local-shuffle,False,shuffle_eeg_control,margin_power0p4_base0p05,fine_power_base_grid,0.4,0.05,0.6354515050167224,0.647972520204663,0.6354515050167224,0.6820990173847317,598,35,28,0.6308523400314444,0.6291711330997044,0.578965636931621,28
V2-S,V2M-two_stage_user_local_reranker-v1,protocol_a_rollv2_cv3,1,2030,V2H-local-shuffle,False,shuffle_eeg_control,margin_power0p4_base0p075,fine_power_base_grid,0.4,0.075,0.6387959866220736,0.6623097273097274,0.6387959866220736,0.6785291005291005,598,35,28,0.6298679761366328,0.6270648878238163,0.5801110725442555,28
V2-S,V2M-two_stage_user_local_reranker-v1,protocol_a_rollv2_cv3,1,2030,V2H-local-shuffle,False,shuffle_eeg_control,margin_power0p4_base0p1,fine_power_base_grid,0.4,0.1,0.6337792642140468,0.6559439865689866,0.6337792642140468,0.6692698412698412,598,35,28,0.6265772867265404,0.6240537389198104,0.5806317250954529,28
V2-S,V2M-two_stage_user_local_reranker-v1,protocol_a_rollv2_cv3,1,2030,V2H-local-shuffle,False,shuffle_eeg_control,margin_power0p4_base0p15,fine_power_base_grid,0.4,0.15,0.6270903010033445,0.6475844889237745,0.6270903010033445,0.662795918367347,598,35,28,0.6184535116624668,0.6155380978148834,0.5820201318986464,28
V2-S,V2M-two_stage_user_local_reranker-v1,protocol_a_rollv2_cv3,1,2030,V2H-local-shuffle,False,shuffle_eeg_control,margin_power0p5_base0p0,fine_power_base_grid,0.5,0.0,0.6254180602006689,0.6496283214140357,0.6254180602006689,0.691161753590325,598,35,28,0.6266294070771683,0.6260395193430908,0.5780284623394655,28
V2-S,V2M-two_stage_user_local_reranker-v1,protocol_a_rollv2_cv3,1,2030,V2H-local-shuffle,False,shuffle_eeg_control,margin_power0p5_base0p025,fine_power_base_grid,0.5,0.025,0.6321070234113713,0.6543500712250712,0.6321070234113713,0.6949391534391534,598,35,28,0.6295896060821433,0.62910239727204,0.5782020131898646,28
V2-S,V2M-two_stage_user_local_reranker-v1,protocol_a_rollv2_cv3,1,2030,V2H-local-shuffle,False,shuffle_eeg_control,margin_power0p5_base0p05,fine_power_base_grid,0.5,0.05,0.6404682274247492,0.6599835746264319,0.6404682274247492,0.6994459561602419,598,35,28,0.6358523400314444,0.6348450276575275,0.5788962165914613,28
V2-S,V2M-two_stage_user_local_reranker-v1,protocol_a_rollv2_cv3,1,2030,V2H-local-shuffle,False,shuffle_eeg_control,margin_power0p5_base0p075,fine_power_base_grid,0.5,0.075,0.6354515050167224,0.647972520204663,0.6354515050167224,0.6820990173847317,598,35,28,0.6308523400314444,0.6291711330997044,0.5792086081221798,28
V2-S,V2M-two_stage_user_local_reranker-v1,protocol_a_rollv2_cv3,1,2030,V2H-local-shuffle,False,shuffle_eeg_control,margin_power0p5_base0p1,fine_power_base_grid,0.5,0.1,0.6404682274247492,0.6645418701668702,0.6404682274247492,0.6928148148148149,598,35,28,0.6321814089724538,0.6296095306809592,0.5797639708434572,28
V2-S,V2M-two_stage_user_local_reranker-v1,protocol_a_rollv2_cv3,1,2030,V2H-local-shuffle,False,shuffle_eeg_control,margin_power0p5_base0p15,fine_power_base_grid,0.5,0.15,0.6337792642140468,0.6574320818070818,0.6337792642140468,0.6704603174603173,598,35,28,0.6289523163403761,0.6271007910740053,0.5811870878167302,28
V2-S,V2M-two_stage_user_local_reranker-v1,protocol_a_rollv2_cv3,2,2030,V2H-local-shuffle,False,shuffle_eeg_control,v2n_eeg_base_0p05,reference_score_family,1.0,0.05,0.6147260273972602,0.6307245994745995,0.6147260273972602,0.6162708433541767,584,30,26,0.6161040088383838,0.6127597865097865,0.6638057433036513,26
V2-S,V2M-two_stage_user_local_reranker-v1,protocol_a_rollv2_cv3,2,2030,V2H-local-shuffle,False,shuffle_eeg_control,sqrt_margin_eeg_base0p05,reference_score_family,0.5,0.05,0.6198630136986302,0.6366642616642616,0.6198630136986302,0.6203074394741062,584,30,26,0.6242660984848485,0.622101602101602,0.6659514358259128,26
V2-S,V2M-two_stage_user_local_reranker-v1,protocol_a_rollv2_cv3,2,2030,V2H-local-shuffle,False,shuffle_eeg_control,margin_power0p25_base0p05,reference_score_family,0.25,0.05,0.6215753424657534,0.6268809893809894,0.6215753424657534,0.6029661696328363,584,30,26,0.6212785218253969,0.6193127243127243,0.6700282516182099,26
V2-S,V2M-two_stage_user_local_reranker-v1,protocol_a_rollv2_cv3,2,2030,V2H-local-shuffle,False,shuffle_eeg_control,margin_power0p1_base0p0,fine_power_base_grid,0.1,0.0,0.6147260273972602,0.6315258815258815,0.6147260273972602,0.6169652877986211,584,30,26,0.6189995941558442,0.6158122895622895,0.6630189893788221,26
V2-S,V2M-two_stage_user_local_reranker-v1,protocol_a_rollv2_cv3,2,2030,V2H-local-shuffle,False,shuffle_eeg_control,margin_power0p1_base0p025,fine_power_base_grid,0.1,0.025,0.625,0.624328218078218,0.625,0.6007537678371011,584,30,26,0.6217149170274171,0.6198582436082436,0.672316990308622,26
V2-S,V2M-two_stage_user_local_reranker-v1,protocol_a_rollv2_cv3,2,2030,V2H-local-shuffle,False,shuffle_eeg_control,margin_power0p1_base0p05,fine_power_base_grid,0.1,0.05,0.6335616438356164,0.6380554630554631,0.6335616438356164,0.6165925124258458,584,30,26,0.6307452876984128,0.6287883412883413,0.678253406286879,26
V2-S,V2M-two_stage_user_local_reranker-v1,protocol_a_rollv2_cv3,2,2030,V2H-local-shuffle,False,shuffle_eeg_control,margin_power0p1_base0p075,fine_power_base_grid,0.1,0.075,0.6318493150684932,0.640759472009472,0.6318493150684932,0.6178777857944523,584,30,26,0.6304998647186147,0.6307161819661821,0.682687837499553,26
V2-S,V2M-two_stage_user_local_reranker-v1,protocol_a_rollv2_cv3,2,2030,V2H-local-shuffle,False,shuffle_eeg_control,margin_power0p1_base0p1,fine_power_base_grid,0.1,0.1,0.6404109589041096,0.6462602212602212,0.6404109589041096,0.6251451018117684,584,30,26,0.6376847718253968,0.6382163207163208,0.682902406751779,26
V2-S,V2M-two_stage_user_local_reranker-v1,protocol_a_rollv2_cv3,2,2030,V2H-local-shuffle,False,shuffle_eeg_control,margin_power0p1_base0p15,fine_power_base_grid,0.1,0.15,0.6335616438356164,0.648368992118992,0.6335616438356164,0.6269727032227032,584,30,26,0.640786323051948,0.6433438783438782,0.6831527375460429,26
V2-S,V2M-two_stage_user_local_reranker-v1,protocol_a_rollv2_cv3,2,2030,V2H-local-shuffle,False,shuffle_eeg_control,margin_power0p15_base0p0,fine_power_base_grid,0.15,0.0,0.6147260273972602,0.6315258815258815,0.6147260273972602,0.6169652877986211,584,30,26,0.6189995941558442,0.6158122895622895,0.6630189893788221,26
V2-S,V2M-two_stage_user_local_reranker-v1,protocol_a_rollv2_cv3,2,2030,V2H-local-shuffle,False,shuffle_eeg_control,margin_power0p15_base0p025,fine_power_base_grid,0.15,0.025,0.6232876712328768,0.6311544936544937,0.6232876712328768,0.608521725188392,584,30,26,0.6228410218253969,0.6214494764494763,0.6700640131602473,26
V2-S,V2M-two_stage_user_local_reranker-v1,protocol_a_rollv2_cv3,2,2030,V2H-local-shuffle,False,shuffle_eeg_control,margin_power0p15_base0p05,fine_power_base_grid,0.15,0.05,0.6352739726027398,0.6367569930069931,0.6352739726027398,0.6131655844155843,584,30,26,0.6303013392857143,0.6283347208347208,0.6739620212423559,26
V2-S,V2M-two_stage_user_local_reranker-v1,protocol_a_rollv2_cv3,2,2030,V2H-local-shuffle,False,shuffle_eeg_control,margin_power0p15_base0p075,fine_power_base_grid,0.15,0.075,0.6404109589041096,0.6430234117734117,0.6404109589041096,0.6208980679814012,584,30,26,0.6357229662698413,0.6336418211418212,0.6775024139040875,26
V2-S,V2M-two_stage_user_local_reranker-v1,protocol_a_rollv2_cv3,2,2030,V2H-local-shuffle,False,shuffle_eeg_control,margin_power0p15_base0p1,fine_power_base_grid,0.15,0.1,0.6301369863013698,0.6381088818588818,0.6301369863013698,0.6155806076639408,584,30,26,0.6278138528138528,0.6269972157472157,0.6806494296034045,26
V2-S,V2M-two_stage_user_local_reranker-v1,protocol_a_rollv2_cv3,2,2030,V2H-local-shuffle,False,shuffle_eeg_control,margin_power0p15_base0p15,fine_power_base_grid,0.15,0.15,0.636986301369863,0.6433756058756058,0.636986301369863,0.6226451018117685,584,30,26,0.6346899801587302,0.6353317053317055,0.6831527375460429,26
V2-S,V2M-two_stage_user_local_reranker-v1,protocol_a_rollv2_cv3,2,2030,V2H-local-shuffle,False,shuffle_eeg_control,margin_power0p2_base0p0,fine_power_base_grid,0.2,0.0,0.6147260273972602,0.6315258815258815,0.6147260273972602,0.6169652877986211,584,30,26,0.6189995941558442,0.6158122895622895,0.6630189893788221,26
V2-S,V2M-two_stage_user_local_reranker-v1,protocol_a_rollv2_cv3,2,2030,V2H-local-shuffle,False,shuffle_eeg_control,margin_power0p2_base0p025,fine_power_base_grid,0.2,0.025,0.6232876712328768,0.6370916120916121,0.6232876712328768,0.620148709315376,584,30,26,0.6296965187590188,0.6281004643504643,0.6682401745163251,26
V2-S,V2M-two_stage_user_local_reranker-v1,protocol_a_rollv2_cv3,2,2030,V2H-local-shuffle,False,shuffle_eeg_control,margin_power0p2_base0p05,fine_power_base_grid,0.2,0.05,0.6198630136986302,0.6225832038332039,0.6198630136986302,0.5992414221580888,584,30,26,0.6186159586940836,0.6170448532948533,0.6716375210099059,26
V2-S,V2M-two_stage_user_local_reranker-v1,protocol_a_rollv2_cv3,2,2030,V2H-local-shuffle,False,shuffle_eeg_control,margin_power0p2_base0p075,fine_power_base_grid,0.2,0.075,0.6352739726027398,0.6373980186480187,0.6352739726027398,0.6162211399711399,584,30,26,0.629858630952381,0.6278539516039516,0.674534205914959,26
V2-S,V2M-two_stage_user_local_reranker-v1,protocol_a_rollv2_cv3,2,2030,V2H-local-shuffle,False,shuffle_eeg_control,margin_power0p2_base0p1,fine_power_base_grid,0.2,0.1,0.6404109589041096,0.6427028989528989,0.6404109589041096,0.6206202902036235,584,30,26,0.6348375496031745,0.6328084878084878,0.6772520831098237,26
V2-S,V2M-two_stage_user_local_reranker-v1,protocol_a_rollv2_cv3,2,2030,V2H-local-shuffle,False,shuffle_eeg_control,margin_power0p2_base0p15,fine_power_base_grid,0.2,0.15,0.6284246575342466,0.6370405057905058,0.6284246575342466,0.614654681738015,584,30,26,0.6271194083694083,0.6269972157472158,0.6807567142295177,26
V2-S,V2M-two_stage_user_local_reranker-v1,protocol_a_rollv2_cv3,2,2030,V2H-local-shuffle,False,shuffle_eeg_control,margin_power0p25_base0p0,fine_power_base_grid,0.25,0.0,0.6147260273972602,0.6315258815258815,0.6147260273972602,0.6169652877986211,584,30,26,0.6189995941558442,0.6158122895622895,0.6630189893788221,26
V2-S,V2M-two_stage_user_local_reranker-v1,protocol_a_rollv2_cv3,2,2030,V2H-local-shuffle,False,shuffle_eeg_control,margin_power0p25_base0p025,fine_power_base_grid,0.25,0.025,0.6267123287671232,0.6381676194176195,0.6267123287671232,0.6216103495270162,584,30,26,0.6279206123737373,0.6252533115033114,0.6674176590494583,26
V2-S,V2M-two_stage_user_local_reranker-v1,protocol_a_rollv2_cv3,2,2030,V2H-local-shuffle,False,shuffle_eeg_control,margin_power0p25_base0p05,fine_power_base_grid,0.25,0.05,0.6215753424657534,0.6268809893809894,0.6215753424657534,0.6029661696328363,584,30,26,0.6212785218253969,0.6193127243127243,0.6700282516182099,26
V2-S,V2M-two_stage_user_local_reranker-v1,protocol_a_rollv2_cv3,2,2030,V2H-local-shuffle,False,shuffle_eeg_control,margin_power0p25_base0p075,fine_power_base_grid,0.25,0.075,0.625,0.6283524346024346,0.625,0.6042414221580887,584,30,26,0.6229885912698413,0.6213572076072076,0.6725315595608483,26
V2-S,V2M-two_stage_user_local_reranker-v1,protocol_a_rollv2_cv3,2,2030,V2H-local-shuffle,False,shuffle_eeg_control,margin_power0p25_base0p1,fine_power_base_grid,0.25,0.1,0.636986301369863,0.6386800699300699,0.636986301369863,0.617332251082251,584,30,26,0.6312127976190477,0.6291360028860028,0.6746057289990344,26
V2-S,V2M-two_stage_user_local_reranker-v1,protocol_a_rollv2_cv3,2,2030,V2H-local-shuffle,False,shuffle_eeg_control,margin_power0p25_base0p15,fine_power_base_grid,0.25,0.15,0.6386986301369864,0.6422221297221298,0.6386986301369864,0.6202036235369569,584,30,26,0.6348859126984128,0.6329550079550079,0.677681221614276,26
V2-S,V2M-two_stage_user_local_reranker-v1,protocol_a_rollv2_cv3,2,2030,V2H-local-shuffle,False,shuffle_eeg_control,margin_power0p3_base0p0,fine_power_base_grid,0.3,0.0,0.6147260273972602,0.6315258815258815,0.6147260273972602,0.6169652877986211,584,30,26,0.6189995941558442,0.6158122895622895,0.6630189893788221,26
V2-S,V2M-two_stage_user_local_reranker-v1,protocol_a_rollv2_cv3,2,2030,V2H-local-shuffle,False,shuffle_eeg_control,margin_power0p3_base0p025,fine_power_base_grid,0.3,0.025,0.625,0.6410980223480224,0.625,0.6241500320666987,584,30,26,0.6275299873737373,0.6257340807340808,0.6665951435825912,26
V2-S,V2M-two_stage_user_local_reranker-v1,protocol_a_rollv2_cv3,2,2030,V2H-local-shuffle,False,shuffle_eeg_control,margin_power0p3_base0p05,fine_power_base_grid,0.3,0.05,0.6267123287671232,0.6453104765604767,0.6267123287671232,0.6272717251883918,584,30,26,0.6351652687590188,0.6346709771709771,0.6688123591889282,26
V2-S,V2M-two_stage_user_local_reranker-v1,protocol_a_rollv2_cv3,2,2030,V2H-local-shuffle,False,shuffle_eeg_control,margin_power0p3_base0p075,fine_power_base_grid,0.3,0.075,0.6215753424657534,0.6260554260554261,0.6215753424657534,0.6041025332692,584,30,26,0.6189545003607504,0.6174187849187849,0.6708150055430391,26
V2-S,V2M-two_stage_user_local_reranker-v1,protocol_a_rollv2_cv3,2,2030,V2H-local-shuffle,False,shuffle_eeg_control,margin_power0p3_base0p1,fine_power_base_grid,0.3,0.1,0.6267123287671232,0.6302755115255115,0.6267123287671232,0.6070191999358665,584,30,26,0.6239000496031746,0.6221584896584896,0.6726388441869614,26
V2-S,V2M-two_stage_user_local_reranker-v1,protocol_a_rollv2_cv3,2,2030,V2H-local-shuffle,False,shuffle_eeg_control,margin_power0p3_base0p15,fine_power_base_grid,0.3,0.15,0.6386986301369864,0.6419767732267732,0.6386986301369864,0.620189393939394,584,30,26,0.632833694083694,0.6306705794205794,0.6765368522690698,26
V2-S,V2M-two_stage_user_local_reranker-v1,protocol_a_rollv2_cv3,2,2030,V2H-local-shuffle,False,shuffle_eeg_control,margin_power0p35_base0p0,fine_power_base_grid,0.35,0.0,0.6147260273972602,0.6315258815258815,0.6147260273972602,0.6169652877986211,584,30,26,0.6189995941558442,0.6158122895622895,0.6630189893788221,26
V2-S,V2M-two_stage_user_local_reranker-v1,protocol_a_rollv2_cv3,2,2030,V2H-local-shuffle,False,shuffle_eeg_control,margin_power0p35_base0p025,fine_power_base_grid,0.35,0.025,0.6215753424657534,0.6385873385873387,0.6215753424657534,0.6230852172518839,584,30,26,0.6242660984848485,0.622101602101602,0.6659156742838751,26
V2-S,V2M-two_stage_user_local_reranker-v1,protocol_a_rollv2_cv3,2,2030,V2H-local-shuffle,False,shuffle_eeg_control,margin_power0p35_base0p05,fine_power_base_grid,0.35,0.05,0.6284246575342466,0.6407240907240908,0.6284246575342466,0.6232968574635241,584,30,26,0.6333510326479077,0.6317329429829429,0.6680613668061367,26
V2-S,V2M-two_stage_user_local_reranker-v1,protocol_a_rollv2_cv3,2,2030,V2H-local-shuffle,False,shuffle_eeg_control,margin_power0p35_base0p075,fine_power_base_grid,0.35,0.075,0.6181506849315068,0.6264002201502201,0.6181506849315068,0.6025495029661696,584,30,26,0.6205469877344878,0.6184823047323047,0.6697421592819083,26
V2-S,V2M-two_stage_user_local_reranker-v1,protocol_a_rollv2_cv3,2,2030,V2H-local-shuffle,False,shuffle_eeg_control,margin_power0p35_base0p1,fine_power_base_grid,0.35,0.1,0.6215753424657534,0.6249870499870499,0.6215753424657534,0.6013247554914221,584,30,26,0.6203323412698413,0.6179918229918229,0.6712083825054537,26
V2-S,V2M-two_stage_user_local_reranker-v1,protocol_a_rollv2_cv3,2,2030,V2H-local-shuffle,False,shuffle_eeg_control,margin_power0p35_base0p15,fine_power_base_grid,0.35,0.15,0.6352739726027398,0.6371843434343435,0.6352739726027398,0.6160359547859549,584,30,26,0.6294246031746031,0.6276402763902762,0.6742123520366198,26
V2-S,V2M-two_stage_user_local_reranker-v1,protocol_a_rollv2_cv3,2,2030,V2H-local-shuffle,False,shuffle_eeg_control,margin_power0p4_base0p0,fine_power_base_grid,0.4,0.0,0.6147260273972602,0.6315258815258815,0.6147260273972602,0.6169652877986211,584,30,26,0.6189995941558442,0.6158122895622895,0.6630189893788221,26
V2-S,V2M-two_stage_user_local_reranker-v1,protocol_a_rollv2_cv3,2,2030,V2H-local-shuffle,False,shuffle_eeg_control,margin_power0p4_base0p025,fine_power_base_grid,0.4,0.025,0.6198630136986302,0.6371628371628373,0.6198630136986302,0.6218506493506495,584,30,26,0.6228772095959596,0.6206771006771006,0.6655222973214604,26
V2-S,V2M-two_stage_user_local_reranker-v1,protocol_a_rollv2_cv3,2,2030,V2H-local-shuffle,False,shuffle_eeg_control,margin_power0p4_base0p05,fine_power_base_grid,0.4,0.05,0.6267123287671232,0.6381676194176195,0.6267123287671232,0.6216103495270162,584,30,26,0.6297672032828283,0.6270015632515632,0.6675249436755712,26
V2-S,V2M-two_stage_user_local_reranker-v1,protocol_a_rollv2_cv3,2,2030,V2H-local-shuffle,False,shuffle_eeg_control,margin_power0p4_base0p075,fine_power_base_grid,0.4,0.075,0.6267123287671232,0.6441886816886817,0.6267123287671232,0.6262995029661697,584,30,26,0.6345663104256855,0.6335491822991822,0.6687408361048529,26
V2-S,V2M-two_stage_user_local_reranker-v1,protocol_a_rollv2_cv3,2,2030,V2H-local-shuffle,False,shuffle_eeg_control,margin_power0p4_base0p1,fine_power_base_grid,0.4,0.1,0.6198630136986302,0.6306737244237244,0.6198630136986302,0.6081050585217251,584,30,26,0.6221094877344877,0.6206190568690568,0.6701712977863605,26
V2-S,V2M-two_stage_user_local_reranker-v1,protocol_a_rollv2_cv3,2,2030,V2H-local-shuffle,False,shuffle_eeg_control,margin_power0p4_base0p15,fine_power_base_grid,0.4,0.15,0.625,0.629313973063973,0.625,0.6061858666025333,584,30,26,0.6228062996031747,0.6211969511969511,0.6728176518971498,26
V2-S,V2M-two_stage_user_local_reranker-v1,protocol_a_rollv2_cv3,2,2030,V2H-local-shuffle,False,shuffle_eeg_control,margin_power0p5_base0p0,fine_power_base_grid,0.5,0.0,0.6147260273972602,0.6315258815258815,0.6147260273972602,0.6169652877986211,584,30,26,0.6189995941558442,0.6158122895622895,0.6630189893788221,26
V2-S,V2M-two_stage_user_local_reranker-v1,protocol_a_rollv2_cv3,2,2030,V2H-local-shuffle,False,shuffle_eeg_control,margin_power0p5_base0p025,fine_power_base_grid,0.5,0.025,0.6164383561643836,0.6308848558848559,0.6164383561643836,0.6164097322430656,584,30,26,0.6164709595959595,0.6132696932696932,0.6646997818545937,26
V2-S,V2M-two_stage_user_local_reranker-v1,protocol_a_rollv2_cv3,2,2030,V2H-local-shuffle,False,shuffle_eeg_control,margin_power0p5_base0p05,fine_power_base_grid,0.5,0.05,0.6198630136986302,0.6366642616642616,0.6198630136986302,0.6203074394741062,584,30,26,0.6242660984848485,0.622101602101602,0.6659514358259128,26
V2-S,V2M-two_stage_user_local_reranker-v1,protocol_a_rollv2_cv3,2,2030,V2H-local-shuffle,False,shuffle_eeg_control,margin_power0p5_base0p075,fine_power_base_grid,0.5,0.075,0.6284246575342466,0.6399991212491213,0.6284246575342466,0.6231976511143178,584,30,26,0.6321667568542568,0.6296343471343472,0.6678467975539105,26
V2-S,V2M-two_stage_user_local_reranker-v1,protocol_a_rollv2_cv3,2,2030,V2H-local-shuffle,False,shuffle_eeg_control,margin_power0p5_base0p1,fine_power_base_grid,0.5,0.1,0.6267123287671232,0.6396557146557148,0.6267123287671232,0.6223709315375984,584,30,26,0.6322225604256855,0.6306645669145668,0.6684189822265136,26
V2-S,V2M-two_stage_user_local_reranker-v1,protocol_a_rollv2_cv3,2,2030,V2H-local-shuffle,False,shuffle_eeg_control,margin_power0p5_base0p15,fine_power_base_grid,0.5,0.15,0.6215753424657534,0.6338788526288527,0.6215753424657534,0.610882836299503,584,30,26,0.6239560786435787,0.6223673086173087,0.6703143439545114,26
V2-S,V2M-two_stage_user_local_reranker-v1,protocol_a_rollv2_cv3,3,2030,V2H-local-shuffle,False,shuffle_eeg_control,v2n_eeg_base_0p05,reference_score_family,1.0,0.05,0.6213592233009708,0.6241379091849938,0.6213592233009708,0.6276754132111274,618,28,24,0.617676719162733,0.6252900764359098,0.549512927561708,24
V2-S,V2M-two_stage_user_local_reranker-v1,protocol_a_rollv2_cv3,3,2030,V2H-local-shuffle,False,shuffle_eeg_control,sqrt_margin_eeg_base0p05,reference_score_family,0.5,0.05,0.6294498381877023,0.6342969149169162,0.6294498381877023,0.6372866188044759,618,28,24,0.6274266914127054,0.6351170164711831,0.5533582362850655,24
V2-S,V2M-two_stage_user_local_reranker-v1,protocol_a_rollv2_cv3,3,2030,V2H-local-shuffle,False,shuffle_eeg_control,margin_power0p25_base0p05,reference_score_family,0.25,0.05,0.6359223300970874,0.65400379743904,0.6359223300970874,0.6541232213553643,618,28,24,0.6471187708949947,0.6548727044560377,0.5643448326375156,24
V2-S,V2M-two_stage_user_local_reranker-v1,protocol_a_rollv2_cv3,3,2030,V2H-local-shuffle,False,shuffle_eeg_control,margin_power0p1_base0p0,fine_power_base_grid,0.1,0.0,0.6181229773462783,0.6195545758516605,0.6181229773462783,0.623746841782556,618,28,24,0.6152388792248933,0.6223039653247987,0.5480480480480481,24
V2-S,V2M-two_stage_user_local_reranker-v1,protocol_a_rollv2_cv3,3,2030,V2H-local-shuffle,False,shuffle_eeg_control,margin_power0p1_base0p025,fine_power_base_grid,0.1,0.025,0.6310679611650486,0.6555486472651397,0.6310679611650486,0.6483789259682118,618,28,24,0.6470069266397938,0.6558071596613263,0.5708269244854611,24
V2-S,V2M-two_stage_user_local_reranker-v1,protocol_a_rollv2_cv3,3,2030,V2H-local-shuffle,False,shuffle_eeg_control,margin_power0p1_base0p05,fine_power_base_grid,0.1,0.05,0.6310679611650486,0.6667821476983627,0.6310679611650486,0.6530150405150404,618,28,24,0.6513600230383448,0.6695520490312156,0.5836079982421445,24
V2-S,V2M-two_stage_user_local_reranker-v1,protocol_a_rollv2_cv3,3,2030,V2H-local-shuffle,False,shuffle_eeg_control,margin_power0p1_base0p075,fine_power_base_grid,0.1,0.075,0.6343042071197411,0.6709404835754488,0.6343042071197411,0.6528909780695494,618,28,24,0.6518967726135558,0.6686219259135925,0.5904929319563466,24
V2-S,V2M-two_stage_user_local_reranker-v1,protocol_a_rollv2_cv3,3,2030,V2H-local-shuffle,False,shuffle_eeg_control,margin_power0p1_base0p1,fine_power_base_grid,0.1,0.1,0.6375404530744336,0.6702338814901703,0.6375404530744336,0.655852996210139,618,28,24,0.6569417276585109,0.6711434206225873,0.5945945945945946,24
V2-S,V2M-two_stage_user_local_reranker-v1,protocol_a_rollv2_cv3,3,2030,V2H-local-shuffle,False,shuffle_eeg_control,margin_power0p1_base0p15,fine_power_base_grid,0.1,0.15,0.6359223300970874,0.6729273876266588,0.6359223300970874,0.658370571227714,618,28,24,0.6576198762387574,0.6721648066439734,0.6009301984911741,24
V2-S,V2M-two_stage_user_local_reranker-v1,protocol_a_rollv2_cv3,3,2030,V2H-local-shuffle,False,shuffle_eeg_control,margin_power0p15_base0p0,fine_power_base_grid,0.15,0.0,0.6181229773462783,0.6195545758516605,0.6181229773462783,0.623746841782556,618,28,24,0.6152388792248933,0.6223039653247987,0.5480480480480481,24
V2-S,V2M-two_stage_user_local_reranker-v1,protocol_a_rollv2_cv3,3,2030,V2H-local-shuffle,False,shuffle_eeg_control,margin_power0p15_base0p025,fine_power_base_grid,0.15,0.025,0.6343042071197411,0.6521659286192633,0.6343042071197411,0.6526029162636304,618,28,24,0.6459129060527663,0.6532092444592444,0.5640518567347835,24
V2-S,V2M-two_stage_user_local_reranker-v1,protocol_a_rollv2_cv3,3,2030,V2H-local-shuffle,False,shuffle_eeg_control,margin_power0p15_base0p05,fine_power_base_grid,0.15,0.05,0.6229773462783171,0.6575309130249791,0.6229773462783171,0.6448765553229839,618,28,24,0.6416637849330157,0.6593296364129698,0.5745623672452941,24
V2-S,V2M-two_stage_user_local_reranker-v1,protocol_a_rollv2_cv3,3,2030,V2H-local-shuffle,False,shuffle_eeg_control,margin_power0p15_base0p075,fine_power_base_grid,0.15,0.075,0.6294498381877023,0.6655916715078866,0.6294498381877023,0.6519946323517752,618,28,24,0.6501612218395436,0.6683615728407394,0.5825459605947411,24
V2-S,V2M-two_stage_user_local_reranker-v1,protocol_a_rollv2_cv3,3,2030,V2H-local-shuffle,False,shuffle_eeg_control,margin_power0p15_base0p1,fine_power_base_grid,0.15,0.1,0.6343042071197411,0.6693584490522376,0.6343042071197411,0.6506595983381699,618,28,24,0.6504428846212063,0.6681984335109336,0.5875997949168681,24
V2-S,V2M-two_stage_user_local_reranker-v1,protocol_a_rollv2_cv3,3,2030,V2H-local-shuffle,False,shuffle_eeg_control,margin_power0p15_base0p15,fine_power_base_grid,0.15,0.15,0.6375404530744336,0.6708704555642443,0.6375404530744336,0.6484266923552637,618,28,24,0.6582626289794122,0.6728409514867848,0.5938987768256061,24
V2-S,V2M-two_stage_user_local_reranker-v1,protocol_a_rollv2_cv3,3,2030,V2H-local-shuffle,False,shuffle_eeg_control,margin_power0p2_base0p0,fine_power_base_grid,0.2,0.0,0.6181229773462783,0.6195545758516605,0.6181229773462783,0.623746841782556,618,28,24,0.6152388792248933,0.6223039653247987,0.5480480480480481,24
V2-S,V2M-two_stage_user_local_reranker-v1,protocol_a_rollv2_cv3,3,2030,V2H-local-shuffle,False,shuffle_eeg_control,margin_power0p2_base0p025,fine_power_base_grid,0.2,0.025,0.6310679611650486,0.6391704634362981,0.6310679611650486,0.6414639461068032,618,28,24,0.6325256716865109,0.6398417554667555,0.5593276203032301,24
V2-S,V2M-two_stage_user_local_reranker-v1,protocol_a_rollv2_cv3,3,2030,V2H-local-shuffle,False,shuffle_eeg_control,margin_power0p2_base0p05,fine_power_base_grid,0.2,0.05,0.6294498381877023,0.6544987134027059,0.6294498381877023,0.6467349350385065,618,28,24,0.6465018761347433,0.655749289290956,0.5683000073243976,24
V2-S,V2M-two_stage_user_local_reranker-v1,protocol_a_rollv2_cv3,3,2030,V2H-local-shuffle,False,shuffle_eeg_control,margin_power0p2_base0p075,fine_power_base_grid,0.2,0.075,0.6229773462783171,0.6575309130249791,0.6229773462783171,0.6448765553229839,618,28,24,0.6416637849330157,0.6593296364129698,0.5754046729656486,24
V2-S,V2M-two_stage_user_local_reranker-v1,protocol_a_rollv2_cv3,3,2030,V2H-local-shuffle,False,shuffle_eeg_control,margin_power0p2_base0p1,fine_power_base_grid,0.2,0.1,0.6294498381877023,0.6638208381745533,0.6294498381877023,0.6497327275898703,618,28,24,0.649695021373343,0.667806017285184,0.5806049952391416,24
V2-S,V2M-two_stage_user_local_reranker-v1,protocol_a_rollv2_cv3,3,2030,V2H-local-shuffle,False,shuffle_eeg_control,margin_power0p2_base0p15,fine_power_base_grid,0.2,0.15,0.6375404530744336,0.6727353553703205,0.6375404530744336,0.654429439608011,618,28,24,0.6515306857090074,0.6691243594368594,0.588698454552113,24
V2-S,V2M-two_stage_user_local_reranker-v1,protocol_a_rollv2_cv3,3,2030,V2H-local-shuffle,False,shuffle_eeg_control,margin_power0p25_base0p0,fine_power_base_grid,0.25,0.0,0.6181229773462783,0.6195545758516605,0.6181229773462783,0.623746841782556,618,28,24,0.6152388792248933,0.6223039653247987,0.5480480480480481,24
V2-S,V2M-two_stage_user_local_reranker-v1,protocol_a_rollv2_cv3,3,2030,V2H-local-shuffle,False,shuffle_eeg_control,margin_power0p25_base0p025,fine_power_base_grid,0.25,0.025,0.6294498381877023,0.6354350322008668,0.6294498381877023,0.638262147905005,618,28,24,0.6279803044663185,0.6362551337551338,0.5560682633853365,24
V2-S,V2M-two_stage_user_local_reranker-v1,protocol_a_rollv2_cv3,3,2030,V2H-local-shuffle,False,shuffle_eeg_control,margin_power0p25_base0p05,fine_power_base_grid,0.25,0.05,0.6359223300970874,0.65400379743904,0.6359223300970874,0.6541232213553643,618,28,24,0.6471187708949947,0.6548727044560377,0.5643448326375156,24
V2-S,V2M-two_stage_user_local_reranker-v1,protocol_a_rollv2_cv3,3,2030,V2H-local-shuffle,False,shuffle_eeg_control,margin_power0p25_base0p075,fine_power_base_grid,0.25,0.075,0.6310679611650486,0.6675900610528771,0.6310679611650486,0.652914073360502,618,28,24,0.6521157067485739,0.6706219744761411,0.5701311067164725,24
V2-S,V2M-two_stage_user_local_reranker-v1,protocol_a_rollv2_cv3,3,2030,V2H-local-shuffle,False,shuffle_eeg_control,margin_power0p25_base0p1,fine_power_base_grid,0.25,0.1,0.6213592233009708,0.6566049870990532,0.6213592233009708,0.6440829045293331,618,28,24,0.641949610218841,0.6598918057251391,0.5751483190507581,24
V2-S,V2M-two_stage_user_local_reranker-v1,protocol_a_rollv2_cv3,3,2030,V2H-local-shuffle,False,shuffle_eeg_control,margin_power0p25_base0p15,fine_power_base_grid,0.25,0.15,0.6326860841423948,0.6671511077823965,0.6326860841423948,0.6484487139844283,618,28,24,0.6525019366802584,0.6705220666679,0.5832417783637296,24
V2-S,V2M-two_stage_user_local_reranker-v1,protocol_a_rollv2_cv3,3,2030,V2H-local-shuffle,False,shuffle_eeg_control,margin_power0p3_base0p0,fine_power_base_grid,0.3,0.0,0.6181229773462783,0.6195545758516605,0.6181229773462783,0.623746841782556,618,28,24,0.6152388792248933,0.6223039653247987,0.5480480480480481,24
V2-S,V2M-two_stage_user_local_reranker-v1,protocol_a_rollv2_cv3,3,2030,V2H-local-shuffle,False,shuffle_eeg_control,margin_power0p3_base0p025,fine_power_base_grid,0.3,0.025,0.6310679611650486,0.6369010815835828,0.6310679611650486,0.6395187616616188,618,28,24,0.62961200609802,0.6377211831378498,0.5539808100783711,24
V2-S,V2M-two_stage_user_local_reranker-v1,protocol_a_rollv2_cv3,3,2030,V2H-local-shuffle,False,shuffle_eeg_control,margin_power0p3_base0p05,fine_power_base_grid,0.3,0.05,0.6294498381877023,0.6413750199665125,0.6294498381877023,0.6434579937258508,618,28,24,0.6328989095597487,0.6413414247789248,0.5607192558412071,24
V2-S,V2M-two_stage_user_local_reranker-v1,protocol_a_rollv2_cv3,3,2030,V2H-local-shuffle,False,shuffle_eeg_control,margin_power0p3_base0p075,fine_power_base_grid,0.3,0.075,0.6343042071197411,0.6547573899113824,0.6343042071197411,0.6469566577602291,618,28,24,0.6473878200276801,0.6560079657996325,0.5658097121511756,24
V2-S,V2M-two_stage_user_local_reranker-v1,protocol_a_rollv2_cv3,3,2030,V2H-local-shuffle,False,shuffle_eeg_control,margin_power0p3_base0p1,fine_power_base_grid,0.3,0.1,0.6294498381877023,0.665452990947057,0.6294498381877023,0.6516669078276223,618,28,24,0.6495224666553338,0.6676512954637955,0.5706438145462536,24
V2-S,V2M-two_stage_user_local_reranker-v1,protocol_a_rollv2_cv3,3,2030,V2H-local-shuffle,False,shuffle_eeg_control,margin_power0p3_base0p15,fine_power_base_grid,0.3,0.15,0.6197411003236246,0.6555324272271511,0.6197411003236246,0.6425239476132333,618,28,24,0.6407688465380773,0.6591808268891602,0.5774555042847727,24
V2-S,V2M-two_stage_user_local_reranker-v1,protocol_a_rollv2_cv3,3,2030,V2H-local-shuffle,False,shuffle_eeg_control,margin_power0p35_base0p0,fine_power_base_grid,0.35,0.0,0.6181229773462783,0.6195545758516605,0.6181229773462783,0.623746841782556,618,28,24,0.6152388792248933,0.6223039653247987,0.5480480480480481,24
V2-S,V2M-two_stage_user_local_reranker-v1,protocol_a_rollv2_cv3,3,2030,V2H-local-shuffle,False,shuffle_eeg_control,margin_power0p35_base0p025,fine_power_base_grid,0.35,0.025,0.6294498381877023,0.6349582905782918,0.6294498381877023,0.637853512228512,618,28,24,0.627475253961268,0.635406368323035,0.5529553944188091,24
V2-S,V2M-two_stage_user_local_reranker-v1,protocol_a_rollv2_cv3,3,2030,V2H-local-shuffle,False,shuffle_eeg_control,margin_power0p35_base0p05,fine_power_base_grid,0.35,0.05,0.627831715210356,0.6350183655342002,0.627831715210356,0.6379050050478622,618,28,24,0.6275682165542307,0.6356896575646576,0.5580092287409361,24
V2-S,V2M-two_stage_user_local_reranker-v1,protocol_a_rollv2_cv3,3,2030,V2H-local-shuffle,False,shuffle_eeg_control,margin_power0p35_base0p075,fine_power_base_grid,0.35,0.075,0.6294498381877023,0.6435674166901592,0.6294498381877023,0.6451777521420379,618,28,24,0.6357416864409872,0.6440642998976333,0.5628067091481725,24
V2-S,V2M-two_stage_user_local_reranker-v1,protocol_a_rollv2_cv3,3,2030,V2H-local-shuffle,False,shuffle_eeg_control,margin_power0p35_base0p1,fine_power_base_grid,0.35,0.1,0.6326860841423948,0.6539240565780491,0.6326860841423948,0.6462423720459435,618,28,24,0.6463388689787292,0.6551746324662991,0.5666153958836886,24
V2-S,V2M-two_stage_user_local_reranker-v1,protocol_a_rollv2_cv3,3,2030,V2H-local-shuffle,False,shuffle_eeg_control,margin_power0p35_base0p15,fine_power_base_grid,0.35,0.15,0.6197411003236246,0.6542691285131945,0.6197411003236246,0.6420807400271686,618,28,24,0.6397086693415365,0.6575559471392805,0.5737566835127811,24
V2-S,V2M-two_stage_user_local_reranker-v1,protocol_a_rollv2_cv3,3,2030,V2H-local-shuffle,False,shuffle_eeg_control,margin_power0p4_base0p0,fine_power_base_grid,0.4,0.0,0.6181229773462783,0.6195545758516605,0.6181229773462783,0.623746841782556,618,28,24,0.6152388792248933,0.6223039653247987,0.5480480480480481,24
V2-S,V2M-two_stage_user_local_reranker-v1,protocol_a_rollv2_cv3,3,2030,V2H-local-shuffle,False,shuffle_eeg_control,margin_power0p4_base0p025,fine_power_base_grid,0.4,0.025,0.6262135922330098,0.6302707905782918,0.6262135922330098,0.6338356550856549,618,28,24,0.6231920371780512,0.630718868323035,0.5519666007470885,24
V2-S,V2M-two_stage_user_local_reranker-v1,protocol_a_rollv2_cv3,3,2030,V2H-local-shuffle,False,shuffle_eeg_control,margin_power0p4_base0p05,fine_power_base_grid,0.4,0.05,0.6310679611650486,0.6375183655342002,0.6310679611650486,0.6400478621907194,618,28,24,0.6300782065642205,0.6383384670884671,0.5560316413974951,24
V2-S,V2M-two_stage_user_local_reranker-v1,protocol_a_rollv2_cv3,3,2030,V2H-local-shuffle,False,shuffle_eeg_control,margin_power0p4_base0p075,fine_power_base_grid,0.4,0.075,0.6245954692556634,0.6355090687880613,0.6245954692556634,0.6384300355728927,618,28,24,0.6273848529093285,0.6354754736004736,0.560353035962792,24
V2-S,V2M-two_stage_user_local_reranker-v1,protocol_a_rollv2_cv3,3,2030,V2H-local-shuffle,False,shuffle_eeg_control,margin_power0p4_base0p1,fine_power_base_grid,0.4,0.1,0.6343042071197411,0.6510301507153932,0.6343042071197411,0.6515743813065241,618,28,24,0.6433921556299178,0.6518990577323911,0.5638687467955761,24
V2-S,V2M-two_stage_user_local_reranker-v1,protocol_a_rollv2_cv3,3,2030,V2H-local-shuffle,False,shuffle_eeg_control,margin_power0p4_base0p15,fine_power_base_grid,0.4,0.15,0.6262135922330098,0.6616583480899142,0.6262135922330098,0.6476703091881664,618,28,24,0.6458997005325676,0.6644491349699683,0.5702043506921556,24
V2-S,V2M-two_stage_user_local_reranker-v1,protocol_a_rollv2_cv3,3,2030,V2H-local-shuffle,False,shuffle_eeg_control,margin_power0p5_base0p0,fine_power_base_grid,0.5,0.0,0.6181229773462783,0.6195545758516605,0.6181229773462783,0.623746841782556,618,28,24,0.6152388792248933,0.6223039653247987,0.5480480480480481,24
V2-S,V2M-two_stage_user_local_reranker-v1,protocol_a_rollv2_cv3,3,2030,V2H-local-shuffle,False,shuffle_eeg_control,margin_power0p5_base0p025,fine_power_base_grid,0.5,0.025,0.6245954692556634,0.6294330480738827,0.6245954692556634,0.6331175900818756,618,28,24,0.6212120726980866,0.6288394591519592,0.5500622573793306,24
V2-S,V2M-two_stage_user_local_reranker-v1,protocol_a_rollv2_cv3,3,2030,V2H-local-shuffle,False,shuffle_eeg_control,margin_power0p5_base0p05,fine_power_base_grid,0.5,0.05,0.6294498381877023,0.6342969149169162,0.6294498381877023,0.6372866188044759,618,28,24,0.6274266914127054,0.6351170164711831,0.5533582362850655,24
V2-S,V2M-two_stage_user_local_reranker-v1,protocol_a_rollv2_cv3,3,2030,V2H-local-shuffle,False,shuffle_eeg_control,margin_power0p5_base0p075,fine_power_base_grid,0.5,0.075,0.627831715210356,0.6351418223243236,0.627831715210356,0.6380108251536823,618,28,24,0.627475253961268,0.6359619238785905,0.5560316413974951,24
V2-S,V2M-two_stage_user_local_reranker-v1,protocol_a_rollv2_cv3,3,2030,V2H-local-shuffle,False,shuffle_eeg_control,margin_power0p5_base0p1,fine_power_base_grid,0.5,0.1,0.6229773462783171,0.6323039405829332,0.6229773462783171,0.63568278282564,618,28,24,0.6236193876054016,0.6322703453953454,0.5591078883761811,24
V2-S,V2M-two_stage_user_local_reranker-v1,protocol_a_rollv2_cv3,3,2030,V2H-local-shuffle,False,shuffle_eeg_control,margin_power0p5_base0p15,fine_power_base_grid,0.5,0.15,0.6343042071197411,0.6640857062709488,0.6343042071197411,0.6627648574970004,618,28,24,0.6470052092429716,0.6649546132879466,0.564088478722625,24
V2-S,V2M-two_stage_user_local_reranker-v1,protocol_a_rollv2_cv3,1,2026,V2H-local-zero,False,zero_eeg_control,v2n_eeg_base_0p05,reference_score_family,1.0,0.05,0.6471571906354515,0.6259077727827728,0.6471571906354515,0.6335497835497836,598,35,28,0.6087911093881243,0.6052146464646465,0.6155848663658451,28
V2-S,V2M-two_stage_user_local_reranker-v1,protocol_a_rollv2_cv3,1,2026,V2H-local-zero,False,zero_eeg_control,sqrt_margin_eeg_base0p05,reference_score_family,0.5,0.05,0.6421404682274248,0.6244763668870812,0.6421404682274248,0.6324046588332303,598,35,28,0.6083859921173354,0.6044068233353947,0.6158972578965637,28
V2-S,V2M-two_stage_user_local_reranker-v1,protocol_a_rollv2_cv3,1,2026,V2H-local-zero,False,zero_eeg_control,margin_power0p25_base0p05,reference_score_family,0.25,0.05,0.6438127090301003,0.6245188838938838,0.6438127090301003,0.6372005772005771,598,35,28,0.6075437746333269,0.6030951736755308,0.6173550850399167,28
V2-S,V2M-two_stage_user_local_reranker-v1,protocol_a_rollv2_cv3,1,2026,V2H-local-zero,False,zero_eeg_control,margin_power0p1_base0p0,fine_power_base_grid,0.1,0.0,0.6421404682274248,0.6213217338217338,0.6421404682274248,0.6304761904761905,598,35,28,0.6086026577071354,0.6069565553494124,0.6153418951752864,28
V2-S,V2M-two_stage_user_local_reranker-v1,protocol_a_rollv2_cv3,1,2026,V2H-local-zero,False,zero_eeg_control,margin_power0p1_base0p025,fine_power_base_grid,0.1,0.025,0.6421404682274248,0.6233709247102103,0.6421404682274248,0.6362822098536385,598,35,28,0.6062537959552885,0.6019472144918573,0.6182575494619924,28
V2-S,V2M-two_stage_user_local_reranker-v1,protocol_a_rollv2_cv3,1,2026,V2H-local-zero,False,zero_eeg_control,margin_power0p1_base0p05,fine_power_base_grid,0.1,0.05,0.6337792642140468,0.6153711136746851,0.6337792642140468,0.6298823610252182,598,35,28,0.5957977428872951,0.5888772503951075,0.6213467545990976,28
V2-S,V2M-two_stage_user_local_reranker-v1,protocol_a_rollv2_cv3,1,2026,V2H-local-zero,False,zero_eeg_control,margin_power0p1_base0p075,fine_power_base_grid,0.1,0.075,0.6438127090301003,0.637385002563574,0.6438127090301003,0.6474934721363292,598,35,28,0.6012573496155587,0.5940048014155158,0.6238111766747657,28
V2-S,V2M-two_stage_user_local_reranker-v1,protocol_a_rollv2_cv3,1,2026,V2H-local-zero,False,zero_eeg_control,margin_power0p1_base0p1,fine_power_base_grid,0.1,0.1,0.6421404682274248,0.634283150711722,0.6421404682274248,0.6414405620834192,598,35,28,0.6007113781740647,0.5930254500790216,0.6247483512669212,28
V2-S,V2M-two_stage_user_local_reranker-v1,protocol_a_rollv2_cv3,1,2026,V2H-local-zero,False,zero_eeg_control,margin_power0p1_base0p15,fine_power_base_grid,0.1,0.15,0.6454849498327759,0.6361800963586678,0.6454849498327759,0.6268866900295472,598,35,28,0.6082240313583597,0.5994497483336769,0.6253731343283582,28
V2-S,V2M-two_stage_user_local_reranker-v1,protocol_a_rollv2_cv3,1,2026,V2H-local-zero,False,zero_eeg_control,margin_power0p15_base0p0,fine_power_base_grid,0.15,0.0,0.6421404682274248,0.6213217338217338,0.6421404682274248,0.6304761904761905,598,35,28,0.6086026577071354,0.6069565553494124,0.6153418951752864,28
V2-S,V2M-two_stage_user_local_reranker-v1,protocol_a_rollv2_cv3,1,2026,V2H-local-zero,False,zero_eeg_control,margin_power0p15_base0p025,fine_power_base_grid,0.15,0.025,0.6421404682274248,0.6214831696081696,0.6421404682274248,0.630010101010101,598,35,28,0.6071955159268593,0.6029761260564832,0.6168344324887192,28
V2-S,V2M-two_stage_user_local_reranker-v1,protocol_a_rollv2_cv3,1,2026,V2H-local-zero,False,zero_eeg_control,margin_power0p15_base0p05,fine_power_base_grid,0.15,0.05,0.6438127090301003,0.6243629882022738,0.6438127090301003,0.6370758606472892,598,35,28,0.6062123365854709,0.6018232065553494,0.6193335647344671,28
V2-S,V2M-two_stage_user_local_reranker-v1,protocol_a_rollv2_cv3,1,2026,V2H-local-zero,False,zero_eeg_control,margin_power0p15_base0p075,fine_power_base_grid,0.15,0.075,0.6337792642140468,0.6153711136746851,0.6337792642140468,0.6298823610252182,598,35,28,0.5948737912170748,0.5880269102590532,0.6211037834085388,28
V2-S,V2M-two_stage_user_local_reranker-v1,protocol_a_rollv2_cv3,1,2026,V2H-local-zero,False,zero_eeg_control,margin_power0p15_base0p1,fine_power_base_grid,0.15,0.1,0.6387959866220736,0.6347064311350026,0.6387959866220736,0.6453506149934722,598,35,28,0.5983469018543646,0.5913262299869444,0.6231516834432488,28
V2-S,V2M-two_stage_user_local_reranker-v1,protocol_a_rollv2_cv3,1,2026,V2H-local-zero,False,zero_eeg_control,margin_power0p15_base0p15,fine_power_base_grid,0.15,0.15,0.6438127090301003,0.6351760078545793,0.6438127090301003,0.6421548477977049,598,35,28,0.6017561542934677,0.5939183072218787,0.624574800416522,28
V2-S,V2M-two_stage_user_local_reranker-v1,protocol_a_rollv2_cv3,1,2026,V2H-local-zero,False,zero_eeg_control,margin_power0p2_base0p0,fine_power_base_grid,0.2,0.0,0.6421404682274248,0.6213217338217338,0.6421404682274248,0.6304761904761905,598,35,28,0.6086026577071354,0.6069565553494124,0.6153418951752864,28
V2-S,V2M-two_stage_user_local_reranker-v1,protocol_a_rollv2_cv3,1,2026,V2H-local-zero,False,zero_eeg_control,margin_power0p2_base0p025,fine_power_base_grid,0.2,0.025,0.6488294314381271,0.6247994961387818,0.6488294314381271,0.6326631622345908,598,35,28,0.6120995670995671,0.6074085240156668,0.6169038528288788,28
V2-S,V2M-two_stage_user_local_reranker-v1,protocol_a_rollv2_cv3,1,2026,V2H-local-zero,False,zero_eeg_control,margin_power0p2_base0p05,fine_power_base_grid,0.2,0.05,0.6421404682274248,0.6236260267510267,0.6421404682274248,0.6364862914862914,598,35,28,0.6064989985139239,0.6022023165326738,0.6180492884415134,28
V2-S,V2M-two_stage_user_local_reranker-v1,protocol_a_rollv2_cv3,1,2026,V2H-local-zero,False,zero_eeg_control,margin_power0p2_base0p075,fine_power_base_grid,0.2,0.075,0.6404682274247492,0.6210920131455845,0.6404682274247492,0.6344590806019378,598,35,28,0.6051628222523745,0.6003379457843743,0.6197847969455051,28
V2-S,V2M-two_stage_user_local_reranker-v1,protocol_a_rollv2_cv3,1,2026,V2H-local-zero,False,zero_eeg_control,margin_power0p2_base0p1,fine_power_base_grid,0.2,0.1,0.6354515050167224,0.6176032565318279,0.6354515050167224,0.6316680753109325,598,35,28,0.5986169800348905,0.5925620576513434,0.6211384935786186,28
V2-S,V2M-two_stage_user_local_reranker-v1,protocol_a_rollv2_cv3,1,2026,V2H-local-zero,False,zero_eeg_control,margin_power0p2_base0p15,fine_power_base_grid,0.2,0.15,0.6421404682274248,0.6364921454207169,0.6421404682274248,0.6467791864220436,598,35,28,0.6002872003618273,0.5931119442726587,0.6236723359944463,28
V2-S,V2M-two_stage_user_local_reranker-v1,protocol_a_rollv2_cv3,1,2026,V2H-local-zero,False,zero_eeg_control,margin_power0p25_base0p0,fine_power_base_grid,0.25,0.0,0.6421404682274248,0.6213217338217338,0.6421404682274248,0.6304761904761905,598,35,28,0.6086026577071354,0.6069565553494124,0.6153418951752864,28
V2-S,V2M-two_stage_user_local_reranker-v1,protocol_a_rollv2_cv3,1,2026,V2H-local-zero,False,zero_eeg_control,margin_power0p25_base0p025,fine_power_base_grid,0.25,0.025,0.6438127090301003,0.625114121989122,0.6438127090301003,0.6329148629148629,598,35,28,0.609185565678103,0.6050445784374355,0.6159666782367234,28
V2-S,V2M-two_stage_user_local_reranker-v1,protocol_a_rollv2_cv3,1,2026,V2H-local-zero,False,zero_eeg_control,margin_power0p25_base0p05,fine_power_base_grid,0.25,0.05,0.6438127090301003,0.6245188838938838,0.6438127090301003,0.6372005772005771,598,35,28,0.6075437746333269,0.6030951736755308,0.6173550850399167,28
V2-S,V2M-two_stage_user_local_reranker-v1,protocol_a_rollv2_cv3,1,2026,V2H-local-zero,False,zero_eeg_control,margin_power0p25_base0p075,fine_power_base_grid,0.25,0.075,0.6421404682274248,0.623725233100233,0.6421404682274248,0.6365656565656566,598,35,28,0.6065321660097779,0.60230152288188,0.6188476223533494,28
V2-S,V2M-two_stage_user_local_reranker-v1,protocol_a_rollv2_cv3,1,2026,V2H-local-zero,False,zero_eeg_control,margin_power0p25_base0p1,fine_power_base_grid,0.25,0.1,0.637123745819398,0.6195614009006867,0.637123745819398,0.6332345908060194,598,35,28,0.6000348904826517,0.5943430478251907,0.6199583477959043,28
V2-S,V2M-two_stage_user_local_reranker-v1,protocol_a_rollv2_cv3,1,2026,V2H-local-zero,False,zero_eeg_control,margin_power0p25_base0p15,fine_power_base_grid,0.25,0.15,0.6404682274247492,0.6386746851032565,0.6404682274247492,0.6485252181680753,598,35,28,0.601663651439771,0.5952944839551984,0.6221450885109336,28
V2-S,V2M-two_stage_user_local_reranker-v1,protocol_a_rollv2_cv3,1,2026,V2H-local-zero,False,zero_eeg_control,margin_power0p3_base0p0,fine_power_base_grid,0.3,0.0,0.6421404682274248,0.6213217338217338,0.6421404682274248,0.6304761904761905,598,35,28,0.6086026577071354,0.6069565553494124,0.6153418951752864,28
V2-S,V2M-two_stage_user_local_reranker-v1,protocol_a_rollv2_cv3,1,2026,V2H-local-zero,False,zero_eeg_control,margin_power0p3_base0p025,fine_power_base_grid,0.3,0.025,0.6421404682274248,0.6244763668870812,0.6421404682274248,0.6324046588332303,598,35,28,0.6083859921173354,0.6044068233353947,0.6155501561957654,28
V2-S,V2M-two_stage_user_local_reranker-v1,protocol_a_rollv2_cv3,1,2026,V2H-local-zero,False,zero_eeg_control,margin_power0p3_base0p05,fine_power_base_grid,0.3,0.05,0.6454849498327759,0.6230137818530675,0.6454849498327759,0.6312345908060194,598,35,28,0.6090398656070298,0.6045067383013812,0.6170079833391183,28
V2-S,V2M-two_stage_user_local_reranker-v1,protocol_a_rollv2_cv3,1,2026,V2H-local-zero,False,zero_eeg_control,margin_power0p3_base0p075,fine_power_base_grid,0.3,0.075,0.6421404682274248,0.6236260267510267,0.6421404682274248,0.6364862914862914,598,35,28,0.6064989985139239,0.6022023165326738,0.6182575494619924,28
V2-S,V2M-two_stage_user_local_reranker-v1,protocol_a_rollv2_cv3,1,2026,V2H-local-zero,False,zero_eeg_control,margin_power0p3_base0p1,fine_power_base_grid,0.3,0.1,0.6421404682274248,0.623725233100233,0.6421404682274248,0.6365656565656566,598,35,28,0.6054127630247033,0.6011854514533086,0.6191947240541479,28
V2-S,V2M-two_stage_user_local_reranker-v1,protocol_a_rollv2_cv3,1,2026,V2H-local-zero,False,zero_eeg_control,margin_power0p3_base0p15,fine_power_base_grid,0.3,0.15,0.6354515050167224,0.6176032565318279,0.6354515050167224,0.6316680753109325,598,35,28,0.5986169800348905,0.5925620576513434,0.6207566817077403,28
V2-S,V2M-two_stage_user_local_reranker-v1,protocol_a_rollv2_cv3,1,2026,V2H-local-zero,False,zero_eeg_control,margin_power0p35_base0p0,fine_power_base_grid,0.35,0.0,0.6421404682274248,0.6213217338217338,0.6421404682274248,0.6304761904761905,598,35,28,0.6086026577071354,0.6069565553494124,0.6153418951752864,28
V2-S,V2M-two_stage_user_local_reranker-v1,protocol_a_rollv2_cv3,1,2026,V2H-local-zero,False,zero_eeg_control,margin_power0p35_base0p025,fine_power_base_grid,0.35,0.025,0.6421404682274248,0.6244763668870812,0.6421404682274248,0.6324046588332303,598,35,28,0.6072914647541513,0.6032163471449187,0.6153418951752863,28
V2-S,V2M-two_stage_user_local_reranker-v1,protocol_a_rollv2_cv3,1,2026,V2H-local-zero,False,zero_eeg_control,margin_power0p35_base0p05,fine_power_base_grid,0.35,0.05,0.6488294314381271,0.6247994961387818,0.6488294314381271,0.6326631622345908,598,35,28,0.6109801641144925,0.6062924525870954,0.6170426935091983,28
V2-S,V2M-two_stage_user_local_reranker-v1,protocol_a_rollv2_cv3,1,2026,V2H-local-zero,False,zero_eeg_control,margin_power0p35_base0p075,fine_power_base_grid,0.35,0.075,0.6454849498327759,0.6251566389959246,0.6454849498327759,0.6377107812822098,598,35,28,0.6083433481940945,0.6037329287775716,0.6176327664005554,28
V2-S,V2M-two_stage_user_local_reranker-v1,protocol_a_rollv2_cv3,1,2026,V2H-local-zero,False,zero_eeg_control,margin_power0p35_base0p1,fine_power_base_grid,0.35,0.1,0.6438127090301003,0.6246180902430902,0.6438127090301003,0.6372799422799422,598,35,28,0.6075769421291809,0.6031943800247372,0.6185699409927109,28
V2-S,V2M-two_stage_user_local_reranker-v1,protocol_a_rollv2_cv3,1,2026,V2H-local-zero,False,zero_eeg_control,margin_power0p35_base0p15,fine_power_base_grid,0.35,0.15,0.6387959866220736,0.6217935437578294,0.6387959866220736,0.6350203050917337,598,35,28,0.6018591027546252,0.5963271748093177,0.6202013189864631,28
V2-S,V2M-two_stage_user_local_reranker-v1,protocol_a_rollv2_cv3,1,2026,V2H-local-zero,False,zero_eeg_control,margin_power0p4_base0p0,fine_power_base_grid,0.4,0.0,0.6421404682274248,0.6213217338217338,0.6421404682274248,0.6304761904761905,598,35,28,0.6086026577071354,0.6069565553494124,0.6153418951752864,28
V2-S,V2M-two_stage_user_local_reranker-v1,protocol_a_rollv2_cv3,1,2026,V2H-local-zero,False,zero_eeg_control,margin_power0p4_base0p025,fine_power_base_grid,0.4,0.025,0.6454849498327759,0.6283454145061287,0.6454849498327759,0.6354998969284683,598,35,28,0.6102552174193965,0.606660224695939,0.6154807358556057,28
V2-S,V2M-two_stage_user_local_reranker-v1,protocol_a_rollv2_cv3,1,2026,V2H-local-zero,False,zero_eeg_control,margin_power0p4_base0p05,fine_power_base_grid,0.4,0.05,0.6454849498327759,0.6265426934176935,0.6454849498327759,0.63405772005772,598,35,28,0.6103795955288492,0.606473149866007,0.6165567511280805,28
V2-S,V2M-two_stage_user_local_reranker-v1,protocol_a_rollv2_cv3,1,2026,V2H-local-zero,False,zero_eeg_control,margin_power0p4_base0p075,fine_power_base_grid,0.4,0.075,0.6438127090301003,0.6221209247102104,0.6438127090301003,0.6305203050917337,598,35,28,0.6068010596368806,0.6021853097299525,0.6171121138493578,28
V2-S,V2M-two_stage_user_local_reranker-v1,protocol_a_rollv2_cv3,1,2026,V2H-local-zero,False,zero_eeg_control,margin_power0p4_base0p1,fine_power_base_grid,0.4,0.1,0.6438127090301003,0.6245188838938838,0.6438127090301003,0.6372005772005771,598,35,28,0.6075437746333269,0.6030951736755308,0.6185352308226311,28
V2-S,V2M-two_stage_user_local_reranker-v1,protocol_a_rollv2_cv3,1,2026,V2H-local-zero,False,zero_eeg_control,margin_power0p4_base0p15,fine_power_base_grid,0.4,0.15,0.6404682274247492,0.623536741036741,0.6404682274247492,0.6364148629148629,598,35,28,0.6067560466067929,0.6025346578025149,0.6195418257549462,28
V2-S,V2M-two_stage_user_local_reranker-v1,protocol_a_rollv2_cv3,1,2026,V2H-local-zero,False,zero_eeg_control,margin_power0p5_base0p0,fine_power_base_grid,0.5,0.0,0.6421404682274248,0.6213217338217338,0.6421404682274248,0.6304761904761905,598,35,28,0.6086026577071354,0.6069565553494124,0.6153418951752864,28
V2-S,V2M-two_stage_user_local_reranker-v1,protocol_a_rollv2_cv3,1,2026,V2H-local-zero,False,zero_eeg_control,margin_power0p5_base0p025,fine_power_base_grid,0.5,0.025,0.6454849498327759,0.6283454145061287,0.6454849498327759,0.6354998969284683,598,35,28,0.6102552174193965,0.606660224695939,0.6155154460256855,28
V2-S,V2M-two_stage_user_local_reranker-v1,protocol_a_rollv2_cv3,1,2026,V2H-local-zero,False,zero_eeg_control,margin_power0p5_base0p05,fine_power_base_grid,0.5,0.05,0.6421404682274248,0.6244763668870812,0.6421404682274248,0.6324046588332303,598,35,28,0.6083859921173354,0.6044068233353947,0.6158972578965637,28
V2-S,V2M-two_stage_user_local_reranker-v1,protocol_a_rollv2_cv3,1,2026,V2H-local-zero,False,zero_eeg_control,margin_power0p5_base0p075,fine_power_base_grid,0.5,0.075,0.6454849498327759,0.6265426934176935,0.6454849498327759,0.63405772005772,598,35,28,0.6092601925437746,0.6053570784374356,0.6167997223186393,28
V2-S,V2M-two_stage_user_local_reranker-v1,protocol_a_rollv2_cv3,1,2026,V2H-local-zero,False,zero_eeg_control,margin_power0p5_base0p1,fine_power_base_grid,0.5,0.1,0.6421404682274248,0.6206923532816389,0.6421404682274248,0.6293774479488766,598,35,28,0.6056070297861343,0.6007567383013812,0.6173203748698368,28
V2-S,V2M-two_stage_user_local_reranker-v1,protocol_a_rollv2_cv3,1,2026,V2H-local-zero,False,zero_eeg_control,margin_power0p5_base0p15,fine_power_base_grid,0.5,0.15,0.6454849498327759,0.6255109473859474,0.6454849498327759,0.6379942279942279,598,35,28,0.6104127630247034,0.6058729514533087,0.6192988545643874,28
V2-S,V2M-two_stage_user_local_reranker-v1,protocol_a_rollv2_cv3,2,2026,V2H-local-zero,False,zero_eeg_control,v2n_eeg_base_0p05,reference_score_family,1.0,0.05,0.5821917808219178,0.5681457431457432,0.5821917808219178,0.5574723424723425,584,30,26,0.5654407918470419,0.5620636308136308,0.5745091728355327,26
V2-S,V2M-two_stage_user_local_reranker-v1,protocol_a_rollv2_cv3,2,2026,V2H-local-zero,False,zero_eeg_control,sqrt_margin_eeg_base0p05,reference_score_family,0.5,0.05,0.5924657534246576,0.5774584212084212,0.5924657534246576,0.5655433301266635,584,30,26,0.5776757530663781,0.5738738113738113,0.5752244036762866,26
V2-S,V2M-two_stage_user_local_reranker-v1,protocol_a_rollv2_cv3,2,2026,V2H-local-zero,False,zero_eeg_control,margin_power0p25_base0p05,reference_score_family,0.25,0.05,0.5958904109589042,0.5891215266215266,0.5958904109589042,0.5716698733365401,584,30,26,0.5870608991702742,0.5850499037999037,0.5788005578800557,26
V2-S,V2M-two_stage_user_local_reranker-v1,protocol_a_rollv2_cv3,2,2026,V2H-local-zero,False,zero_eeg_control,margin_power0p1_base0p0,fine_power_base_grid,0.1,0.0,0.5753424657534246,0.5617710992710993,0.5753424657534246,0.5517492384159051,584,30,26,0.5578216314935065,0.5545817608317608,0.5732575188642134,26
V2-S,V2M-two_stage_user_local_reranker-v1,protocol_a_rollv2_cv3,2,2026,V2H-local-zero,False,zero_eeg_control,margin_power0p1_base0p025,fine_power_base_grid,0.1,0.025,0.5958904109589042,0.5966154216154216,0.5958904109589042,0.5850428892095558,584,30,26,0.5925051857864359,0.5914164539164539,0.5824839967099381,26
V2-S,V2M-two_stage_user_local_reranker-v1,protocol_a_rollv2_cv3,2,2026,V2H-local-zero,False,zero_eeg_control,margin_power0p1_base0p05,fine_power_base_grid,0.1,0.05,0.5976027397260274,0.5948130573130573,0.5976027397260274,0.5834808401475068,584,30,26,0.5933148448773449,0.5925139675139675,0.5914243822193612,26
V2-S,V2M-two_stage_user_local_reranker-v1,protocol_a_rollv2_cv3,2,2026,V2H-local-zero,False,zero_eeg_control,margin_power0p1_base0p075,fine_power_base_grid,0.1,0.075,0.6061643835616438,0.6146492396492397,0.6061643835616438,0.6001430976430977,584,30,26,0.6034030032467532,0.6030864968364968,0.6000071523084075,26
V2-S,V2M-two_stage_user_local_reranker-v1,protocol_a_rollv2_cv3,2,2026,V2H-local-zero,False,zero_eeg_control,margin_power0p1_base0p1,fine_power_base_grid,0.1,0.1,0.6113013698630136,0.6182461057461057,0.6113013698630136,0.6034587942921276,584,30,26,0.6074134199134199,0.6070038757538757,0.6068376068376069,26
V2-S,V2M-two_stage_user_local_reranker-v1,protocol_a_rollv2_cv3,2,2026,V2H-local-zero,False,zero_eeg_control,margin_power0p1_base0p15,fine_power_base_grid,0.1,0.15,0.6181506849315068,0.6297616735116734,0.6181506849315068,0.6154098524931858,584,30,26,0.6165467171717172,0.6158812483812484,0.6146693845438616,26
V2-S,V2M-two_stage_user_local_reranker-v1,protocol_a_rollv2_cv3,2,2026,V2H-local-zero,False,zero_eeg_control,margin_power0p15_base0p0,fine_power_base_grid,0.15,0.0,0.5753424657534246,0.5617710992710993,0.5753424657534246,0.5517492384159051,584,30,26,0.5578216314935065,0.5545817608317608,0.5732575188642134,26
V2-S,V2M-two_stage_user_local_reranker-v1,protocol_a_rollv2_cv3,2,2026,V2H-local-zero,False,zero_eeg_control,margin_power0p15_base0p025,fine_power_base_grid,0.15,0.025,0.5941780821917808,0.5886941761941762,0.5941780821917808,0.5777809844476512,584,30,26,0.5852727047258297,0.5835541773041772,0.5776204269928119,26
V2-S,V2M-two_stage_user_local_reranker-v1,protocol_a_rollv2_cv3,2,2026,V2H-local-zero,False,zero_eeg_control,margin_power0p15_base0p05,fine_power_base_grid,0.15,0.05,0.5958904109589042,0.5959922022422022,0.5958904109589042,0.5845027657527658,584,30,26,0.5919533504689756,0.5906787656787655,0.5851661123627651,26
V2-S,V2M-two_stage_user_local_reranker-v1,protocol_a_rollv2_cv3,2,2026,V2H-local-zero,False,zero_eeg_control,margin_power0p15_base0p075,fine_power_base_grid,0.15,0.075,0.601027397260274,0.5960951085951086,0.601027397260274,0.584591951258618,584,30,26,0.5949852317821067,0.5936815499315499,0.5908521975467581,26
V2-S,V2M-two_stage_user_local_reranker-v1,protocol_a_rollv2_cv3,2,2026,V2H-local-zero,False,zero_eeg_control,margin_power0p15_base0p1,fine_power_base_grid,0.15,0.1,0.6044520547945206,0.6090631590631591,0.6044520547945206,0.5953018278018278,584,30,26,0.6013196699134198,0.6005223942723943,0.5962164288524121,26
V2-S,V2M-two_stage_user_local_reranker-v1,protocol_a_rollv2_cv3,2,2026,V2H-local-zero,False,zero_eeg_control,margin_power0p15_base0p15,fine_power_base_grid,0.15,0.15,0.613013698630137,0.6195281570281571,0.613013698630137,0.6045699054032386,584,30,26,0.6087675865800866,0.608285927035927,0.6059078067446269,26
V2-S,V2M-two_stage_user_local_reranker-v1,protocol_a_rollv2_cv3,2,2026,V2H-local-zero,False,zero_eeg_control,margin_power0p2_base0p0,fine_power_base_grid,0.2,0.0,0.5753424657534246,0.5617710992710993,0.5753424657534246,0.5517492384159051,584,30,26,0.5578216314935065,0.5545817608317608,0.5732575188642134,26
V2-S,V2M-two_stage_user_local_reranker-v1,protocol_a_rollv2_cv3,2,2026,V2H-local-zero,False,zero_eeg_control,margin_power0p2_base0p025,fine_power_base_grid,0.2,0.025,0.5856164383561644,0.5756956006956007,0.5856164383561644,0.5663171396504729,584,30,26,0.5736518082611832,0.5705167517667518,0.5759038729750027,26
V2-S,V2M-two_stage_user_local_reranker-v1,protocol_a_rollv2_cv3,2,2026,V2H-local-zero,False,zero_eeg_control,margin_power0p2_base0p05,fine_power_base_grid,0.2,0.05,0.5907534246575342,0.5875723813223813,0.5907534246575342,0.5772055876222543,584,30,26,0.585718005952381,0.584295103045103,0.5811250581125057,26
V2-S,V2M-two_stage_user_local_reranker-v1,protocol_a_rollv2_cv3,2,2026,V2H-local-zero,False,zero_eeg_control,margin_power0p2_base0p075,fine_power_base_grid,0.2,0.075,0.5958904109589042,0.5948526011026011,0.5958904109589042,0.5835151114317781,584,30,26,0.592899531024531,0.5916759166759166,0.586095912455745,26
V2-S,V2M-two_stage_user_local_reranker-v1,protocol_a_rollv2_cv3,2,2026,V2H-local-zero,False,zero_eeg_control,margin_power0p2_base0p1,fine_power_base_grid,0.2,0.1,0.601027397260274,0.5960951085951086,0.601027397260274,0.584591951258618,584,30,26,0.5949852317821067,0.5936815499315499,0.5899939205378536,26
V2-S,V2M-two_stage_user_local_reranker-v1,protocol_a_rollv2_cv3,2,2026,V2H-local-zero,False,zero_eeg_control,margin_power0p2_base0p15,fine_power_base_grid,0.2,0.15,0.6078767123287672,0.6159312909312911,0.6078767123287672,0.6012542087542088,584,30,26,0.60585091991342,0.6053300865800866,0.5981475521224475,26
V2-S,V2M-two_stage_user_local_reranker-v1,protocol_a_rollv2_cv3,2,2026,V2H-local-zero,False,zero_eeg_control,margin_power0p25_base0p0,fine_power_base_grid,0.25,0.0,0.5753424657534246,0.5617710992710993,0.5753424657534246,0.5517492384159051,584,30,26,0.5578216314935065,0.5545817608317608,0.5732575188642134,26
V2-S,V2M-two_stage_user_local_reranker-v1,protocol_a_rollv2_cv3,2,2026,V2H-local-zero,False,zero_eeg_control,margin_power0p25_base0p025,fine_power_base_grid,0.25,0.025,0.583904109589041,0.5713686776186776,0.583904109589041,0.560067139650473,584,30,26,0.5717308125901875,0.5686540311540311,0.5752244036762866,26
V2-S,V2M-two_stage_user_local_reranker-v1,protocol_a_rollv2_cv3,2,2026,V2H-local-zero,False,zero_eeg_control,margin_power0p25_base0p05,fine_power_base_grid,0.25,0.05,0.5958904109589042,0.5891215266215266,0.5958904109589042,0.5716698733365401,584,30,26,0.5870608991702742,0.5850499037999037,0.5788005578800557,26
V2-S,V2M-two_stage_user_local_reranker-v1,protocol_a_rollv2_cv3,2,2026,V2H-local-zero,False,zero_eeg_control,margin_power0p25_base0p075,fine_power_base_grid,0.25,0.075,0.5941780821917808,0.5942115754615754,0.5941780821917808,0.5829595558762225,584,30,26,0.5905520607864359,0.5890126077626078,0.5823409505417874,26
V2-S,V2M-two_stage_user_local_reranker-v1,protocol_a_rollv2_cv3,2,2026,V2H-local-zero,False,zero_eeg_control,margin_power0p25_base0p1,fine_power_base_grid,0.25,0.1,0.5976027397260274,0.5962262274762274,0.5976027397260274,0.5847055876222543,584,30,26,0.5940280032467532,0.5927442927442926,0.5865965740442728,26
V2-S,V2M-two_stage_user_local_reranker-v1,protocol_a_rollv2_cv3,2,2026,V2H-local-zero,False,zero_eeg_control,margin_power0p25_base0p15,fine_power_base_grid,0.25,0.15,0.6027397260273972,0.6017498704998705,0.6027397260273972,0.5894927449094116,584,30,26,0.598254080988456,0.5966272153772154,0.5925329900225298,26
V2-S,V2M-two_stage_user_local_reranker-v1,protocol_a_rollv2_cv3,2,2026,V2H-local-zero,False,zero_eeg_control,margin_power0p3_base0p0,fine_power_base_grid,0.3,0.0,0.5753424657534246,0.5617710992710993,0.5753424657534246,0.5517492384159051,584,30,26,0.5578216314935065,0.5545817608317608,0.5732575188642134,26
V2-S,V2M-two_stage_user_local_reranker-v1,protocol_a_rollv2_cv3,2,2026,V2H-local-zero,False,zero_eeg_control,margin_power0p3_base0p025,fine_power_base_grid,0.3,0.025,0.583904109589041,0.571528934028934,0.583904109589041,0.5602060285393619,584,30,26,0.5717345328282828,0.5686998186998187,0.574938311339985,26
V2-S,V2M-two_stage_user_local_reranker-v1,protocol_a_rollv2_cv3,2,2026,V2H-local-zero,False,zero_eeg_control,margin_power0p3_base0p05,fine_power_base_grid,0.3,0.05,0.5924657534246576,0.584687765937766,0.5924657534246576,0.574308762225429,584,30,26,0.5820930284992785,0.5798217985717985,0.5768694346100204,26
V2-S,V2M-two_stage_user_local_reranker-v1,protocol_a_rollv2_cv3,2,2026,V2H-local-zero,False,zero_eeg_control,margin_power0p3_base0p075,fine_power_base_grid,0.3,0.075,0.5907534246575342,0.5875723813223813,0.5907534246575342,0.5772055876222543,584,30,26,0.585718005952381,0.584295103045103,0.5799449272252619,26
V2-S,V2M-two_stage_user_local_reranker-v1,protocol_a_rollv2_cv3,2,2026,V2H-local-zero,False,zero_eeg_control,margin_power0p3_base0p1,fine_power_base_grid,0.3,0.1,0.5941780821917808,0.5942115754615754,0.5941780821917808,0.5829595558762225,584,30,26,0.5905520607864359,0.5890126077626078,0.5832707506347674,26
V2-S,V2M-two_stage_user_local_reranker-v1,protocol_a_rollv2_cv3,2,2026,V2H-local-zero,False,zero_eeg_control,margin_power0p3_base0p15,fine_power_base_grid,0.3,0.15,0.601027397260274,0.5944925444925444,0.601027397260274,0.583203062369729,584,30,26,0.5930531881313131,0.5907893032893032,0.588778028108572,26
V2-S,V2M-two_stage_user_local_reranker-v1,protocol_a_rollv2_cv3,2,2026,V2H-local-zero,False,zero_eeg_control,margin_power0p35_base0p0,fine_power_base_grid,0.35,0.0,0.5753424657534246,0.5617710992710993,0.5753424657534246,0.5517492384159051,584,30,26,0.5578216314935065,0.5545817608317608,0.5732575188642134,26
V2-S,V2M-two_stage_user_local_reranker-v1,protocol_a_rollv2_cv3,2,2026,V2H-local-zero,False,zero_eeg_control,margin_power0p35_base0p025,fine_power_base_grid,0.35,0.025,0.5873287671232876,0.5739327801827802,0.5873287671232876,0.5622893618726952,584,30,26,0.5722553661616161,0.5695011007511007,0.5748667882559095,26
V2-S,V2M-two_stage_user_local_reranker-v1,protocol_a_rollv2_cv3,2,2026,V2H-local-zero,False,zero_eeg_control,margin_power0p35_base0p05,fine_power_base_grid,0.35,0.05,0.5907534246575342,0.5797020109520109,0.5907534246575342,0.5699877745711078,584,30,26,0.5774055284992785,0.5737676675176675,0.5762972499374173,26
V2-S,V2M-two_stage_user_local_reranker-v1,protocol_a_rollv2_cv3,2,2026,V2H-local-zero,False,zero_eeg_control,margin_power0p35_base0p075,fine_power_base_grid,0.35,0.075,0.5976027397260274,0.5933950308950309,0.5976027397260274,0.5827809844476513,584,30,26,0.5886233991702741,0.5871866559366559,0.5789436040482066,26
V2-S,V2M-two_stage_user_local_reranker-v1,protocol_a_rollv2_cv3,2,2026,V2H-local-zero,False,zero_eeg_control,margin_power0p35_base0p1,fine_power_base_grid,0.35,0.1,0.589041095890411,0.586198754948755,0.589041095890411,0.5760151114317781,584,30,26,0.5845895337301588,0.583226726976727,0.580982011944355,26
V2-S,V2M-two_stage_user_local_reranker-v1,protocol_a_rollv2_cv3,2,2026,V2H-local-zero,False,zero_eeg_control,margin_power0p35_base0p15,fine_power_base_grid,0.35,0.15,0.5976027397260274,0.5967069967069967,0.5976027397260274,0.585122254288921,584,30,26,0.5935208107864358,0.5921643171643172,0.5863462432500088,26
V2-S,V2M-two_stage_user_local_reranker-v1,protocol_a_rollv2_cv3,2,2026,V2H-local-zero,False,zero_eeg_control,margin_power0p4_base0p0,fine_power_base_grid,0.4,0.0,0.5753424657534246,0.5617710992710993,0.5753424657534246,0.5517492384159051,584,30,26,0.5578216314935065,0.5545817608317608,0.5732575188642134,26
V2-S,V2M-two_stage_user_local_reranker-v1,protocol_a_rollv2_cv3,2,2026,V2H-local-zero,False,zero_eeg_control,margin_power0p4_base0p025,fine_power_base_grid,0.4,0.025,0.583904109589041,0.5683238058238058,0.583904109589041,0.5574282507615841,584,30,26,0.5684556502525253,0.5653490028490029,0.5747952651718342,26
V2-S,V2M-two_stage_user_local_reranker-v1,protocol_a_rollv2_cv3,2,2026,V2H-local-zero,False,zero_eeg_control,margin_power0p4_base0p05,fine_power_base_grid,0.4,0.05,0.5907534246575342,0.5797020109520109,0.5907534246575342,0.5699877745711078,584,30,26,0.5774055284992785,0.5737676675176675,0.5754032113864749,26
V2-S,V2M-two_stage_user_local_reranker-v1,protocol_a_rollv2_cv3,2,2026,V2H-local-zero,False,zero_eeg_control,margin_power0p4_base0p075,fine_power_base_grid,0.4,0.075,0.5924657534246576,0.584687765937766,0.5924657534246576,0.574308762225429,584,30,26,0.5820930284992785,0.5798217985717985,0.5775131423666988,26
V2-S,V2M-two_stage_user_local_reranker-v1,protocol_a_rollv2_cv3,2,2026,V2H-local-zero,False,zero_eeg_control,margin_power0p4_base0p1,fine_power_base_grid,0.4,0.1,0.5958904109589042,0.5912582787582787,0.5958904109589042,0.5804000320666987,584,30,26,0.5874949269480519,0.5861182798682798,0.5792654579265457,26
V2-S,V2M-two_stage_user_local_reranker-v1,protocol_a_rollv2_cv3,2,2026,V2H-local-zero,False,zero_eeg_control,margin_power0p4_base0p15,fine_power_base_grid,0.4,0.15,0.5958904109589042,0.5940335127835128,0.5958904109589042,0.5828052348885682,584,30,26,0.590647546897547,0.5887277074777073,0.5837714122232951,26
V2-S,V2M-two_stage_user_local_reranker-v1,protocol_a_rollv2_cv3,2,2026,V2H-local-zero,False,zero_eeg_control,margin_power0p5_base0p0,fine_power_base_grid,0.5,0.0,0.5753424657534246,0.5617710992710993,0.5753424657534246,0.5517492384159051,584,30,26,0.5578216314935065,0.5545817608317608,0.5732575188642134,26
V2-S,V2M-two_stage_user_local_reranker-v1,protocol_a_rollv2_cv3,2,2026,V2H-local-zero,False,zero_eeg_control,margin_power0p5_base0p025,fine_power_base_grid,0.5,0.025,0.5856164383561644,0.5697483072483073,0.5856164383561644,0.5588612313612313,584,30,26,0.5708080808080809,0.5669337606837607,0.5746522190036834,26
V2-S,V2M-two_stage_user_local_reranker-v1,protocol_a_rollv2_cv3,2,2026,V2H-local-zero,False,zero_eeg_control,margin_power0p5_base0p05,fine_power_base_grid,0.5,0.05,0.5924657534246576,0.5774584212084212,0.5924657534246576,0.5655433301266635,584,30,26,0.5776757530663781,0.5738738113738113,0.5752244036762866,26
V2-S,V2M-two_stage_user_local_reranker-v1,protocol_a_rollv2_cv3,2,2026,V2H-local-zero,False,zero_eeg_control,margin_power0p5_base0p075,fine_power_base_grid,0.5,0.075,0.589041095890411,0.5780994468494469,0.589041095890411,0.568598885682219,584,30,26,0.5759732368326118,0.5721651034151033,0.5760111576011158,26
V2-S,V2M-two_stage_user_local_reranker-v1,protocol_a_rollv2_cv3,2,2026,V2H-local-zero,False,zero_eeg_control,margin_power0p5_base0p1,fine_power_base_grid,0.5,0.1,0.5907534246575342,0.5838864838864839,0.5907534246575342,0.5736143177809845,584,30,26,0.5812559749278499,0.5791349853849853,0.5776204269928119,26
V2-S,V2M-two_stage_user_local_reranker-v1,protocol_a_rollv2_cv3,2,2026,V2H-local-zero,False,zero_eeg_control,margin_power0p5_base0p15,fine_power_base_grid,0.5,0.15,0.5941780821917808,0.5898846523846524,0.5941780821917808,0.5792095558762225,584,30,26,0.5873970734126984,0.5856229418729418,0.5800879733934127,26
V2-S,V2M-two_stage_user_local_reranker-v1,protocol_a_rollv2_cv3,3,2026,V2H-local-zero,False,zero_eeg_control,v2n_eeg_base_0p05,reference_score_family,1.0,0.05,0.5711974110032363,0.6000163149901927,0.5711974110032363,0.5833221540364397,618,28,24,0.576482724734473,0.5961917634834302,0.6128689665275032,24
V2-S,V2M-two_stage_user_local_reranker-v1,protocol_a_rollv2_cv3,3,2026,V2H-local-zero,False,zero_eeg_control,sqrt_margin_eeg_base0p05,reference_score_family,0.5,0.05,0.5776699029126213,0.607759746327374,0.5776699029126213,0.5905439897404182,618,28,24,0.5824865693746814,0.6025041432333099,0.6162015674210797,24
V2-S,V2M-two_stage_user_local_reranker-v1,protocol_a_rollv2_cv3,3,2026,V2H-local-zero,False,zero_eeg_control,margin_power0p25_base0p05,reference_score_family,0.25,0.05,0.5825242718446602,0.6141130938813796,0.5825242718446602,0.5960941439512867,618,28,24,0.5926249546878917,0.6115779783488117,0.6236724529407457,24
V2-S,V2M-two_stage_user_local_reranker-v1,protocol_a_rollv2_cv3,3,2026,V2H-local-zero,False,zero_eeg_control,margin_power0p1_base0p0,fine_power_base_grid,0.1,0.0,0.5728155339805825,0.601893419367297,0.5728155339805825,0.5849311006453863,618,28,24,0.5790397636551483,0.5991028184778185,0.6111843550867941,24
V2-S,V2M-two_stage_user_local_reranker-v1,protocol_a_rollv2_cv3,3,2026,V2H-local-zero,False,zero_eeg_control,margin_power0p1_base0p025,fine_power_base_grid,0.1,0.025,0.5938511326860841,0.6244016321989748,0.5938511326860841,0.6064485382342524,618,28,24,0.5973259355252362,0.6152338325254991,0.6274078957005786,24
V2-S,V2M-two_stage_user_local_reranker-v1,protocol_a_rollv2_cv3,3,2026,V2H-local-zero,False,zero_eeg_control,margin_power0p1_base0p05,fine_power_base_grid,0.1,0.05,0.6019417475728155,0.6375002577700268,0.6019417475728155,0.619135890564462,618,28,24,0.611686021825882,0.6288226703851704,0.6402622134329452,24
V2-S,V2M-two_stage_user_local_reranker-v1,protocol_a_rollv2_cv3,3,2026,V2H-local-zero,False,zero_eeg_control,margin_power0p1_base0p075,fine_power_base_grid,0.1,0.075,0.616504854368932,0.6526551912665174,0.616504854368932,0.6318545079259366,618,28,24,0.6323496530664363,0.6475604179770846,0.6503698820771991,24
V2-S,V2M-two_stage_user_local_reranker-v1,protocol_a_rollv2_cv3,3,2026,V2H-local-zero,False,zero_eeg_control,margin_power0p1_base0p1,fine_power_base_grid,0.1,0.1,0.6213592233009708,0.6565780584212925,0.6213592233009708,0.6354808319986892,618,28,24,0.636432730051611,0.6503421655504988,0.6591225371713176,24
V2-S,V2M-two_stage_user_local_reranker-v1,protocol_a_rollv2_cv3,3,2026,V2H-local-zero,False,zero_eeg_control,margin_power0p1_base0p15,fine_power_base_grid,0.1,0.15,0.6229773462783171,0.6545634430212605,0.6229773462783171,0.6259415187986617,618,28,24,0.6353173050725498,0.648803465053465,0.6690470958763641,24
V2-S,V2M-two_stage_user_local_reranker-v1,protocol_a_rollv2_cv3,3,2026,V2H-local-zero,False,zero_eeg_control,margin_power0p15_base0p0,fine_power_base_grid,0.15,0.0,0.5728155339805825,0.601893419367297,0.5728155339805825,0.5849311006453863,618,28,24,0.5790397636551483,0.5991028184778185,0.6111843550867941,24
V2-S,V2M-two_stage_user_local_reranker-v1,protocol_a_rollv2_cv3,3,2026,V2H-local-zero,False,zero_eeg_control,margin_power0p15_base0p025,fine_power_base_grid,0.15,0.025,0.5857605177993528,0.6159674894857751,0.5857605177993528,0.5976836258979115,618,28,24,0.5932981063225818,0.6130603501436834,0.6225371713176592,24
V2-S,V2M-two_stage_user_local_reranker-v1,protocol_a_rollv2_cv3,3,2026,V2H-local-zero,False,zero_eeg_control,margin_power0p15_base0p05,fine_power_base_grid,0.15,0.05,0.5889967637540453,0.621229716968236,0.5889967637540453,0.6050302739588453,618,28,24,0.5945410941040312,0.6123385603593937,0.6316560462901926,24
V2-S,V2M-two_stage_user_local_reranker-v1,protocol_a_rollv2_cv3,3,2026,V2H-local-zero,False,zero_eeg_control,margin_power0p15_base0p075,fine_power_base_grid,0.15,0.075,0.5970873786407767,0.6329118314904242,0.5970873786407767,0.614327603613318,618,28,24,0.6093576683611649,0.626834034021534,0.6401157254815791,24
V2-S,V2M-two_stage_user_local_reranker-v1,protocol_a_rollv2_cv3,3,2026,V2H-local-zero,False,zero_eeg_control,margin_power0p15_base0p1,fine_power_base_grid,0.15,0.1,0.616504854368932,0.6516780723206484,0.616504854368932,0.6316015862444434,618,28,24,0.6292446384229601,0.645126894710228,0.6472570131106716,24
V2-S,V2M-two_stage_user_local_reranker-v1,protocol_a_rollv2_cv3,3,2026,V2H-local-zero,False,zero_eeg_control,margin_power0p15_base0p15,fine_power_base_grid,0.15,0.15,0.6245954692556634,0.6608488917546257,0.6245954692556634,0.6391415462844036,618,28,24,0.6399000960189771,0.6543352211060545,0.6589760492199517,24
V2-S,V2M-two_stage_user_local_reranker-v1,protocol_a_rollv2_cv3,3,2026,V2H-local-zero,False,zero_eeg_control,margin_power0p2_base0p0,fine_power_base_grid,0.2,0.0,0.5728155339805825,0.601893419367297,0.5728155339805825,0.5849311006453863,618,28,24,0.5790397636551483,0.5991028184778185,0.6111843550867941,24
V2-S,V2M-two_stage_user_local_reranker-v1,protocol_a_rollv2_cv3,3,2026,V2H-local-zero,False,zero_eeg_control,margin_power0p2_base0p025,fine_power_base_grid,0.2,0.025,0.5825242718446602,0.6139788531221387,0.5825242718446602,0.5959790804433661,618,28,24,0.5893671887553007,0.6096828248911582,0.6193876803632901,24
V2-S,V2M-two_stage_user_local_reranker-v1,protocol_a_rollv2_cv3,3,2026,V2H-local-zero,False,zero_eeg_control,margin_power0p2_base0p05,fine_power_base_grid,0.2,0.05,0.5938511326860841,0.6258346127986222,0.5938511326860841,0.6076768073196643,618,28,24,0.5993308750301757,0.6177828845537179,0.6267486999194317,24
V2-S,V2M-two_stage_user_local_reranker-v1,protocol_a_rollv2_cv3,3,2026,V2H-local-zero,False,zero_eeg_control,margin_power0p2_base0p075,fine_power_base_grid,0.2,0.075,0.5922330097087378,0.6247350079735271,0.5922330097087378,0.6080348091062376,618,28,24,0.5978766474395845,0.6158438513646848,0.6333406577309016,24
V2-S,V2M-two_stage_user_local_reranker-v1,protocol_a_rollv2_cv3,3,2026,V2H-local-zero,False,zero_eeg_control,margin_power0p2_base0p1,fine_power_base_grid,0.2,0.1,0.5954692556634305,0.631721355299948,0.5954692556634305,0.6133071954500526,618,28,24,0.6082213047248013,0.6257923673548674,0.6396396396396397,24
V2-S,V2M-two_stage_user_local_reranker-v1,protocol_a_rollv2_cv3,3,2026,V2H-local-zero,False,zero_eeg_control,margin_power0p2_base0p15,fine_power_base_grid,0.2,0.15,0.6197411003236246,0.6569260245998506,0.6197411003236246,0.6362592698306984,618,28,24,0.6341756048923881,0.6495665908165908,0.6494543323811617,24
V2-S,V2M-two_stage_user_local_reranker-v1,protocol_a_rollv2_cv3,3,2026,V2H-local-zero,False,zero_eeg_control,margin_power0p25_base0p0,fine_power_base_grid,0.25,0.0,0.5728155339805825,0.601893419367297,0.5728155339805825,0.5849311006453863,618,28,24,0.5790397636551483,0.5991028184778185,0.6111843550867941,24
V2-S,V2M-two_stage_user_local_reranker-v1,protocol_a_rollv2_cv3,3,2026,V2H-local-zero,False,zero_eeg_control,margin_power0p25_base0p025,fine_power_base_grid,0.25,0.025,0.5792880258899676,0.6116309695242551,0.5792880258899676,0.5939666087880372,618,28,24,0.5859289603170723,0.6064420841504176,0.6169706291657511,24
V2-S,V2M-two_stage_user_local_reranker-v1,protocol_a_rollv2_cv3,3,2026,V2H-local-zero,False,zero_eeg_control,margin_power0p25_base0p05,fine_power_base_grid,0.25,0.05,0.5825242718446602,0.6141130938813796,0.5825242718446602,0.5960941439512867,618,28,24,0.5926249546878917,0.6115779783488117,0.6236724529407457,24
V2-S,V2M-two_stage_user_local_reranker-v1,protocol_a_rollv2_cv3,3,2026,V2H-local-zero,False,zero_eeg_control,margin_power0p25_base0p075,fine_power_base_grid,0.25,0.075,0.5906148867313916,0.6214328821989749,0.5906148867313916,0.6037444566015994,618,28,24,0.5950726332719339,0.6130733386983387,0.6290192631656046,24
V2-S,V2M-two_stage_user_local_reranker-v1,protocol_a_rollv2_cv3,3,2026,V2H-local-zero,False,zero_eeg_control,margin_power0p25_base0p1,fine_power_base_grid,0.25,0.1,0.5889967637540453,0.6217086921840534,0.5889967637540453,0.605336396407825,618,28,24,0.595454070017007,0.6135224227932561,0.6337068776093167,24
V2-S,V2M-two_stage_user_local_reranker-v1,protocol_a_rollv2_cv3,3,2026,V2H-local-zero,False,zero_eeg_control,margin_power0p25_base0p15,fine_power_base_grid,0.25,0.15,0.6116504854368932,0.6463488839651442,0.6116504854368932,0.6268248550391408,618,28,24,0.6193811045209646,0.636688631584465,0.6436314363143631,24
V2-S,V2M-two_stage_user_local_reranker-v1,protocol_a_rollv2_cv3,3,2026,V2H-local-zero,False,zero_eeg_control,margin_power0p3_base0p0,fine_power_base_grid,0.3,0.0,0.5728155339805825,0.601893419367297,0.5728155339805825,0.5849311006453863,618,28,24,0.5790397636551483,0.5991028184778185,0.6111843550867941,24
V2-S,V2M-two_stage_user_local_reranker-v1,protocol_a_rollv2_cv3,3,2026,V2H-local-zero,False,zero_eeg_control,margin_power0p3_base0p025,fine_power_base_grid,0.3,0.025,0.5776699029126213,0.607759746327374,0.5776699029126213,0.5905439897404182,618,28,24,0.5824865693746814,0.6025041432333099,0.6155057496520911,24
V2-S,V2M-two_stage_user_local_reranker-v1,protocol_a_rollv2_cv3,3,2026,V2H-local-zero,False,zero_eeg_control,margin_power0p3_base0p05,fine_power_base_grid,0.3,0.05,0.5841423948220065,0.6150205197888053,0.5841423948220065,0.5968719375862233,618,28,24,0.5921061164942284,0.6121133804467137,0.6211455357796821,24
V2-S,V2M-two_stage_user_local_reranker-v1,protocol_a_rollv2_cv3,3,2026,V2H-local-zero,False,zero_eeg_control,margin_power0p3_base0p075,fine_power_base_grid,0.3,0.075,0.5841423948220065,0.6158757312196746,0.5841423948220065,0.5984534513105941,618,28,24,0.5923878180871188,0.6111029903738237,0.6258697722112355,24
V2-S,V2M-two_stage_user_local_reranker-v1,protocol_a_rollv2_cv3,3,2026,V2H-local-zero,False,zero_eeg_control,margin_power0p3_base0p1,fine_power_base_grid,0.3,0.1,0.5889967637540453,0.6201138886924813,0.5889967637540453,0.6033579383579383,618,28,24,0.5943468439097809,0.6119527578902578,0.6306672526184721,24
V2-S,V2M-two_stage_user_local_reranker-v1,protocol_a_rollv2_cv3,3,2026,V2H-local-zero,False,zero_eeg_control,margin_power0p3_base0p15,fine_power_base_grid,0.3,0.15,0.5970873786407767,0.6336466056351248,0.5970873786407767,0.6156733213876072,618,28,24,0.6080397555047905,0.6265610045818378,0.6383578700651871,24
V2-S,V2M-two_stage_user_local_reranker-v1,protocol_a_rollv2_cv3,3,2026,V2H-local-zero,False,zero_eeg_control,margin_power0p35_base0p0,fine_power_base_grid,0.35,0.0,0.5728155339805825,0.601893419367297,0.5728155339805825,0.5849311006453863,618,28,24,0.5790397636551483,0.5991028184778185,0.6111843550867941,24
V2-S,V2M-two_stage_user_local_reranker-v1,protocol_a_rollv2_cv3,3,2026,V2H-local-zero,False,zero_eeg_control,margin_power0p35_base0p025,fine_power_base_grid,0.35,0.025,0.5776699029126213,0.607266258333886,0.5776699029126213,0.5901210000317143,618,28,24,0.5808578562075066,0.6017874409541076,0.6148831758587856,24
V2-S,V2M-two_stage_user_local_reranker-v1,protocol_a_rollv2_cv3,3,2026,V2H-local-zero,False,zero_eeg_control,margin_power0p35_base0p05,fine_power_base_grid,0.35,0.05,0.5841423948220065,0.6150205197888053,0.5841423948220065,0.5968719375862233,618,28,24,0.5921061164942284,0.6121133804467137,0.6197172782538636,24
V2-S,V2M-two_stage_user_local_reranker-v1,protocol_a_rollv2_cv3,3,2026,V2H-local-zero,False,zero_eeg_control,margin_power0p35_base0p075,fine_power_base_grid,0.35,0.075,0.5825242718446602,0.6133723531406388,0.5825242718446602,0.5954592233163661,618,28,24,0.5924307044936415,0.6111150153858487,0.6240020508313191,24
V2-S,V2M-two_stage_user_local_reranker-v1,protocol_a_rollv2_cv3,3,2026,V2H-local-zero,False,zero_eeg_control,margin_power0p35_base0p1,fine_power_base_grid,0.35,0.1,0.5922330097087378,0.6227349655323081,0.5922330097087378,0.605019966805681,618,28,24,0.5974175106168113,0.6153330388747055,0.6280304694938842,24
V2-S,V2M-two_stage_user_local_reranker-v1,protocol_a_rollv2_cv3,3,2026,V2H-local-zero,False,zero_eeg_control,margin_power0p35_base0p15,fine_power_base_grid,0.35,0.15,0.5922330097087378,0.626338321813683,0.5922330097087378,0.609304650376079,618,28,24,0.599339073902011,0.6181520524228857,0.6342562074269391,24
V2-S,V2M-two_stage_user_local_reranker-v1,protocol_a_rollv2_cv3,3,2026,V2H-local-zero,False,zero_eeg_control,margin_power0p4_base0p0,fine_power_base_grid,0.4,0.0,0.5728155339805825,0.601893419367297,0.5728155339805825,0.5849311006453863,618,28,24,0.5790397636551483,0.5991028184778185,0.6111843550867941,24
V2-S,V2M-two_stage_user_local_reranker-v1,protocol_a_rollv2_cv3,3,2026,V2H-local-zero,False,zero_eeg_control,margin_power0p4_base0p025,fine_power_base_grid,0.4,0.025,0.5744336569579288,0.6057508177559455,0.5744336569579288,0.5888220509649081,618,28,24,0.580213842101954,0.6004208098999766,0.6141507361019556,24
V2-S,V2M-two_stage_user_local_reranker-v1,protocol_a_rollv2_cv3,3,2026,V2H-local-zero,False,zero_eeg_control,margin_power0p4_base0p05,fine_power_base_grid,0.4,0.05,0.5792880258899676,0.6116309695242551,0.5792880258899676,0.5939666087880372,618,28,24,0.5870653239534358,0.6074837508170842,0.6183256427158866,24
V2-S,V2M-two_stage_user_local_reranker-v1,protocol_a_rollv2_cv3,3,2026,V2H-local-zero,False,zero_eeg_control,margin_power0p4_base0p075,fine_power_base_grid,0.4,0.075,0.5825242718446602,0.6133538531221387,0.5825242718446602,0.5954433661576518,618,28,24,0.5908240652121771,0.6107244915578248,0.6221709514392441,24
V2-S,V2M-two_stage_user_local_reranker-v1,protocol_a_rollv2_cv3,3,2026,V2H-local-zero,False,zero_eeg_control,margin_power0p4_base0p1,fine_power_base_grid,0.4,0.1,0.5825242718446602,0.614928761522705,0.5825242718446602,0.5976417629989058,618,28,24,0.592332191895129,0.6111976873435206,0.6253936863692962,24
V2-S,V2M-two_stage_user_local_reranker-v1,protocol_a_rollv2_cv3,3,2026,V2H-local-zero,False,zero_eeg_control,margin_power0p4_base0p15,fine_power_base_grid,0.4,0.15,0.5938511326860841,0.6259339945125871,0.5938511326860841,0.6083466004894575,618,28,24,0.5998191493820865,0.6177728637103638,0.632205376107815,24
V2-S,V2M-two_stage_user_local_reranker-v1,protocol_a_rollv2_cv3,3,2026,V2H-local-zero,False,zero_eeg_control,margin_power0p5_base0p0,fine_power_base_grid,0.5,0.0,0.5728155339805825,0.601893419367297,0.5728155339805825,0.5849311006453863,618,28,24,0.5790397636551483,0.5991028184778185,0.6111843550867941,24
V2-S,V2M-two_stage_user_local_reranker-v1,protocol_a_rollv2_cv3,3,2026,V2H-local-zero,False,zero_eeg_control,margin_power0p5_base0p025,fine_power_base_grid,0.5,0.025,0.5728155339805825,0.6048038480589758,0.5728155339805825,0.5880103626532198,618,28,24,0.5781921264438746,0.598603028915529,0.6133450523694426,24
V2-S,V2M-two_stage_user_local_reranker-v1,protocol_a_rollv2_cv3,3,2026,V2H-local-zero,False,zero_eeg_control,margin_power0p5_base0p05,fine_power_base_grid,0.5,0.05,0.5776699029126213,0.607759746327374,0.5776699029126213,0.5905439897404182,618,28,24,0.5824865693746814,0.6025041432333099,0.6162015674210797,24
V2-S,V2M-two_stage_user_local_reranker-v1,protocol_a_rollv2_cv3,3,2026,V2H-local-zero,False,zero_eeg_control,margin_power0p5_base0p075,fine_power_base_grid,0.5,0.075,0.580906148867314,0.6121633769316626,0.580906148867314,0.5944229579943865,618,28,24,0.5896877015758135,0.6096828248911582,0.6193144363876072,24
V2-S,V2M-two_stage_user_local_reranker-v1,protocol_a_rollv2_cv3,3,2026,V2H-local-zero,False,zero_eeg_control,margin_power0p5_base0p1,fine_power_base_grid,0.5,0.1,0.5825242718446602,0.6133538531221387,0.5825242718446602,0.5954433661576518,618,28,24,0.5908240652121771,0.6107244915578248,0.6221709514392441,24
V2-S,V2M-two_stage_user_local_reranker-v1,protocol_a_rollv2_cv3,3,2026,V2H-local-zero,False,zero_eeg_control,margin_power0p5_base0p15,fine_power_base_grid,0.5,0.15,0.5906148867313916,0.6241197208233135,0.5906148867313916,0.6057285835857265,618,28,24,0.5988258245251253,0.6179372055413722,0.6281037134695671,24
V2-S,V2M-two_stage_user_local_reranker-v1,protocol_a_rollv2_cv3,1,2027,V2H-local-zero,False,zero_eeg_control,v2n_eeg_base_0p05,reference_score_family,1.0,0.05,0.6471571906354515,0.6232215899180186,0.6471571906354515,0.6268526077097505,598,35,28,0.6033431328207446,0.5987087713873428,0.6107948628948281,28
V2-S,V2M-two_stage_user_local_reranker-v1,protocol_a_rollv2_cv3,1,2027,V2H-local-zero,False,zero_eeg_control,sqrt_margin_eeg_base0p05,reference_score_family,0.5,0.05,0.6488294314381271,0.6247427539391825,0.6488294314381271,0.6280695389266817,598,35,28,0.605921905623398,0.6003539433450148,0.6116973273169038,28
V2-S,V2M-two_stage_user_local_reranker-v1,protocol_a_rollv2_cv3,1,2027,V2H-local-zero,False,zero_eeg_control,margin_power0p25_base0p05,reference_score_family,0.25,0.05,0.6488294314381271,0.6224859168609169,0.6488294314381271,0.6262640692640692,598,35,28,0.6060487605263724,0.6002909838177696,0.6125303713988198,28
V2-S,V2M-two_stage_user_local_reranker-v1,protocol_a_rollv2_cv3,1,2027,V2H-local-zero,False,zero_eeg_control,margin_power0p1_base0p0,fine_power_base_grid,0.1,0.0,0.6438127090301003,0.6195013518227804,0.6438127090301003,0.6232811791383219,598,35,28,0.6017191100773189,0.5971356421356422,0.6102742103436308,28
V2-S,V2M-two_stage_user_local_reranker-v1,protocol_a_rollv2_cv3,1,2027,V2H-local-zero,False,zero_eeg_control,margin_power0p1_base0p025,fine_power_base_grid,0.1,0.025,0.6488294314381271,0.6224859168609169,0.6488294314381271,0.6262640692640692,598,35,28,0.604307466994034,0.5988028885796742,0.6122874002082611,28
V2-S,V2M-two_stage_user_local_reranker-v1,protocol_a_rollv2_cv3,1,2027,V2H-local-zero,False,zero_eeg_control,margin_power0p1_base0p05,fine_power_base_grid,0.1,0.05,0.6505016722408027,0.6182554746840462,0.6505016722408027,0.606808286951144,598,35,28,0.6070782451379465,0.6004300659657803,0.6167303019784798,28
V2-S,V2M-two_stage_user_local_reranker-v1,protocol_a_rollv2_cv3,1,2027,V2H-local-zero,False,zero_eeg_control,margin_power0p1_base0p075,fine_power_base_grid,0.1,0.075,0.657190635451505,0.6239823866609581,0.657190635451505,0.6113898165326735,598,35,28,0.6099982770132024,0.6021773861059575,0.6190211732037487,28
V2-S,V2M-two_stage_user_local_reranker-v1,protocol_a_rollv2_cv3,1,2027,V2H-local-zero,False,zero_eeg_control,margin_power0p1_base0p1,fine_power_base_grid,0.1,0.1,0.6555183946488294,0.6210061961847676,0.6555183946488294,0.6090088641517213,598,35,28,0.6051439770842756,0.5967096990311276,0.6219715376605346,28
V2-S,V2M-two_stage_user_local_reranker-v1,protocol_a_rollv2_cv3,1,2027,V2H-local-zero,False,zero_eeg_control,margin_power0p1_base0p15,fine_power_base_grid,0.1,0.15,0.6471571906354515,0.6310849600135314,0.6471571906354515,0.6170718752147323,598,35,28,0.5978554198703452,0.5890643466982752,0.621867407150295,28
V2-S,V2M-two_stage_user_local_reranker-v1,protocol_a_rollv2_cv3,1,2027,V2H-local-zero,False,zero_eeg_control,margin_power0p15_base0p0,fine_power_base_grid,0.15,0.0,0.6438127090301003,0.6195013518227804,0.6438127090301003,0.6232811791383219,598,35,28,0.6017191100773189,0.5971356421356422,0.6102742103436308,28
V2-S,V2M-two_stage_user_local_reranker-v1,protocol_a_rollv2_cv3,1,2027,V2H-local-zero,False,zero_eeg_control,margin_power0p15_base0p025,fine_power_base_grid,0.15,0.025,0.6505016722408027,0.623378774003774,0.6505016722408027,0.6269783549783549,598,35,28,0.6076408003273674,0.6012433647701505,0.6123221103783407,28
V2-S,V2M-two_stage_user_local_reranker-v1,protocol_a_rollv2_cv3,1,2027,V2H-local-zero,False,zero_eeg_control,margin_power0p15_base0p05,fine_power_base_grid,0.15,0.05,0.6471571906354515,0.6183192501942502,0.6471571906354515,0.6193593073593073,598,35,28,0.6052610324998384,0.5996560631828489,0.6136063866712947,28
V2-S,V2M-two_stage_user_local_reranker-v1,protocol_a_rollv2_cv3,1,2027,V2H-local-zero,False,zero_eeg_control,margin_power0p15_base0p075,fine_power_base_grid,0.15,0.075,0.6505016722408027,0.6182554746840462,0.6505016722408027,0.606808286951144,598,35,28,0.6059837177747625,0.5992395897753041,0.6163484901076016,28
V2-S,V2M-two_stage_user_local_reranker-v1,protocol_a_rollv2_cv3,1,2027,V2H-local-zero,False,zero_eeg_control,margin_power0p15_base0p1,fine_power_base_grid,0.15,0.1,0.6505016722408027,0.6135927762713477,0.6505016722408027,0.5995066996495567,598,35,28,0.6061661390019598,0.5988030818387962,0.6178410274210344,28
V2-S,V2M-two_stage_user_local_reranker-v1,protocol_a_rollv2_cv3,1,2027,V2H-local-zero,False,zero_eeg_control,margin_power0p15_base0p15,fine_power_base_grid,0.15,0.15,0.6555183946488294,0.6210061961847676,0.6555183946488294,0.6090088641517213,598,35,28,0.6034026835519374,0.5952216037930324,0.6219715376605346,28
V2-S,V2M-two_stage_user_local_reranker-v1,protocol_a_rollv2_cv3,1,2027,V2H-local-zero,False,zero_eeg_control,margin_power0p2_base0p0,fine_power_base_grid,0.2,0.0,0.6438127090301003,0.6195013518227804,0.6438127090301003,0.6232811791383219,598,35,28,0.6017191100773189,0.5971356421356422,0.6102742103436308,28
V2-S,V2M-two_stage_user_local_reranker-v1,protocol_a_rollv2_cv3,1,2027,V2H-local-zero,False,zero_eeg_control,margin_power0p2_base0p025,fine_power_base_grid,0.2,0.025,0.6521739130434783,0.6245267331874474,0.6521739130434783,0.6278967223252936,598,35,28,0.6097801038099545,0.6032416640898784,0.6119750086775425,28
V2-S,V2M-two_stage_user_local_reranker-v1,protocol_a_rollv2_cv3,1,2027,V2H-local-zero,False,zero_eeg_control,margin_power0p2_base0p05,fine_power_base_grid,0.2,0.05,0.6488294314381271,0.6224859168609169,0.6488294314381271,0.6262640692640692,598,35,28,0.604307466994034,0.5988028885796742,0.6125303713988198,28
V2-S,V2M-two_stage_user_local_reranker-v1,protocol_a_rollv2_cv3,1,2027,V2H-local-zero,False,zero_eeg_control,margin_power0p2_base0p075,fine_power_base_grid,0.2,0.075,0.6471571906354515,0.6183192501942502,0.6471571906354515,0.6193593073593073,598,35,28,0.6064528009304129,0.6007383142650999,0.6140576188823326,28
V2-S,V2M-two_stage_user_local_reranker-v1,protocol_a_rollv2_cv3,1,2027,V2H-local-zero,False,zero_eeg_control,margin_power0p2_base0p1,fine_power_base_grid,0.2,0.1,0.6488294314381271,0.6164697603983319,0.6488294314381271,0.6053797155225726,598,35,28,0.6069538670284939,0.600770202020202,0.6163484901076015,28
V2-S,V2M-two_stage_user_local_reranker-v1,protocol_a_rollv2_cv3,1,2027,V2H-local-zero,False,zero_eeg_control,margin_power0p2_base0p15,fine_power_base_grid,0.2,0.15,0.6538461538461539,0.6198427762713478,0.6538461538461539,0.6080781282209854,598,35,28,0.6071895931597424,0.5998234900020615,0.6186393613328706,28
V2-S,V2M-two_stage_user_local_reranker-v1,protocol_a_rollv2_cv3,1,2027,V2H-local-zero,False,zero_eeg_control,margin_power0p25_base0p0,fine_power_base_grid,0.25,0.0,0.6438127090301003,0.6195013518227804,0.6438127090301003,0.6232811791383219,598,35,28,0.6017191100773189,0.5971356421356422,0.6102742103436308,28
V2-S,V2M-two_stage_user_local_reranker-v1,protocol_a_rollv2_cv3,1,2027,V2H-local-zero,False,zero_eeg_control,margin_power0p25_base0p025,fine_power_base_grid,0.25,0.025,0.6471571906354515,0.6202784682248969,0.6471571906354515,0.6244981103552532,598,35,28,0.6045786220413085,0.5985682290593005,0.6114543561263451,28
V2-S,V2M-two_stage_user_local_reranker-v1,protocol_a_rollv2_cv3,1,2027,V2H-local-zero,False,zero_eeg_control,margin_power0p25_base0p05,fine_power_base_grid,0.25,0.05,0.6488294314381271,0.6224859168609169,0.6488294314381271,0.6262640692640692,598,35,28,0.6060487605263724,0.6002909838177696,0.6125303713988198,28
V2-S,V2M-two_stage_user_local_reranker-v1,protocol_a_rollv2_cv3,1,2027,V2H-local-zero,False,zero_eeg_control,margin_power0p25_base0p075,fine_power_base_grid,0.25,0.075,0.6488294314381271,0.6224859168609169,0.6488294314381271,0.6262640692640692,598,35,28,0.604307466994034,0.5988028885796742,0.6128080527594586,28
V2-S,V2M-two_stage_user_local_reranker-v1,protocol_a_rollv2_cv3,1,2027,V2H-local-zero,False,zero_eeg_control,margin_power0p25_base0p1,fine_power_base_grid,0.25,0.1,0.6454849498327759,0.6165335359085359,0.6454849498327759,0.6179307359307359,598,35,28,0.6054293467726304,0.5997179061018346,0.6145088510933704,28
V2-S,V2M-two_stage_user_local_reranker-v1,protocol_a_rollv2_cv3,1,2027,V2H-local-zero,False,zero_eeg_control,margin_power0p25_base0p15,fine_power_base_grid,0.25,0.15,0.6505016722408027,0.6147832524618239,0.6505016722408027,0.6004590806019376,598,35,28,0.6069621589024573,0.5999935580292723,0.6177716070808748,28
V2-S,V2M-two_stage_user_local_reranker-v1,protocol_a_rollv2_cv3,1,2027,V2H-local-zero,False,zero_eeg_control,margin_power0p3_base0p0,fine_power_base_grid,0.3,0.0,0.6438127090301003,0.6195013518227804,0.6438127090301003,0.6232811791383219,598,35,28,0.6017191100773189,0.5971356421356422,0.6102742103436308,28
V2-S,V2M-two_stage_user_local_reranker-v1,protocol_a_rollv2_cv3,1,2027,V2H-local-zero,False,zero_eeg_control,margin_power0p3_base0p025,fine_power_base_grid,0.3,0.025,0.6471571906354515,0.6237506904471191,0.6471571906354515,0.6272758881330309,598,35,28,0.6048439620081411,0.5993618798529513,0.6115931968066644,28
V2-S,V2M-two_stage_user_local_reranker-v1,protocol_a_rollv2_cv3,1,2027,V2H-local-zero,False,zero_eeg_control,margin_power0p3_base0p05,fine_power_base_grid,0.3,0.05,0.6505016722408027,0.6236338760445904,0.6505016722408027,0.6271824366110079,598,35,28,0.6078860028860027,0.6014984668109669,0.612287400208261,28
V2-S,V2M-two_stage_user_local_reranker-v1,protocol_a_rollv2_cv3,1,2027,V2H-local-zero,False,zero_eeg_control,margin_power0p3_base0p075,fine_power_base_grid,0.3,0.075,0.6488294314381271,0.6224859168609169,0.6488294314381271,0.6262640692640692,598,35,28,0.604307466994034,0.5988028885796742,0.6126692120791393,28
V2-S,V2M-two_stage_user_local_reranker-v1,protocol_a_rollv2_cv3,1,2027,V2H-local-zero,False,zero_eeg_control,margin_power0p3_base0p1,fine_power_base_grid,0.3,0.1,0.6488294314381271,0.6192121073371074,0.6488294314381271,0.620073593073593,598,35,28,0.6062311817535697,0.6005489203257061,0.6133634154807359,28
V2-S,V2M-two_stage_user_local_reranker-v1,protocol_a_rollv2_cv3,1,2027,V2H-local-zero,False,zero_eeg_control,margin_power0p3_base0p15,fine_power_base_grid,0.3,0.15,0.6454849498327759,0.6165335359085359,0.6454849498327759,0.6179307359307359,598,35,28,0.6054293467726304,0.5997179061018346,0.616244359597362,28
V2-S,V2M-two_stage_user_local_reranker-v1,protocol_a_rollv2_cv3,1,2027,V2H-local-zero,False,zero_eeg_control,margin_power0p35_base0p0,fine_power_base_grid,0.35,0.0,0.6438127090301003,0.6195013518227804,0.6438127090301003,0.6232811791383219,598,35,28,0.6017191100773189,0.5971356421356422,0.6102742103436308,28
V2-S,V2M-two_stage_user_local_reranker-v1,protocol_a_rollv2_cv3,1,2027,V2H-local-zero,False,zero_eeg_control,margin_power0p35_base0p025,fine_power_base_grid,0.35,0.025,0.6454849498327759,0.6225602142566429,0.6454849498327759,0.62632350718065,598,35,28,0.6035504296698325,0.5981714036624751,0.611246095105866,28
V2-S,V2M-two_stage_user_local_reranker-v1,protocol_a_rollv2_cv3,1,2027,V2H-local-zero,False,zero_eeg_control,margin_power0p35_base0p05,fine_power_base_grid,0.35,0.05,0.6521739130434783,0.62194135560207,0.6521739130434783,0.6258284202569916,598,35,28,0.6064288944885959,0.5998059463684464,0.612079139187782,28
V2-S,V2M-two_stage_user_local_reranker-v1,protocol_a_rollv2_cv3,1,2027,V2H-local-zero,False,zero_eeg_control,margin_power0p35_base0p075,fine_power_base_grid,0.35,0.075,0.6505016722408027,0.623378774003774,0.6505016722408027,0.6269783549783549,598,35,28,0.605352243113437,0.5996957457225315,0.6125997917389795,28
V2-S,V2M-two_stage_user_local_reranker-v1,protocol_a_rollv2_cv3,1,2027,V2H-local-zero,False,zero_eeg_control,margin_power0p35_base0p1,fine_power_base_grid,0.35,0.1,0.6488294314381271,0.6224859168609169,0.6488294314381271,0.6262640692640692,598,35,28,0.604307466994034,0.5988028885796742,0.6126345019090593,28
V2-S,V2M-two_stage_user_local_reranker-v1,protocol_a_rollv2_cv3,1,2027,V2H-local-zero,False,zero_eeg_control,margin_power0p35_base0p15,fine_power_base_grid,0.35,0.15,0.6454849498327759,0.6165335359085359,0.6454849498327759,0.6179307359307359,598,35,28,0.6041629514763843,0.5986356550195835,0.6146824019437696,28
V2-S,V2M-two_stage_user_local_reranker-v1,protocol_a_rollv2_cv3,1,2027,V2H-local-zero,False,zero_eeg_control,margin_power0p4_base0p0,fine_power_base_grid,0.4,0.0,0.6438127090301003,0.6195013518227804,0.6438127090301003,0.6232811791383219,598,35,28,0.6017191100773189,0.5971356421356422,0.6102742103436308,28
V2-S,V2M-two_stage_user_local_reranker-v1,protocol_a_rollv2_cv3,1,2027,V2H-local-zero,False,zero_eeg_control,margin_power0p4_base0p025,fine_power_base_grid,0.4,0.025,0.6454849498327759,0.6225602142566429,0.6454849498327759,0.62632350718065,598,35,28,0.6024310266847579,0.5970553322339037,0.611246095105866,28
V2-S,V2M-two_stage_user_local_reranker-v1,protocol_a_rollv2_cv3,1,2027,V2H-local-zero,False,zero_eeg_control,margin_power0p4_base0p05,fine_power_base_grid,0.4,0.05,0.6521739130434783,0.623618415314844,0.6521739130434783,0.6271700680272108,598,35,28,0.6080695009799486,0.6019081761492476,0.6118361679972232,28
V2-S,V2M-two_stage_user_local_reranker-v1,protocol_a_rollv2_cv3,1,2027,V2H-local-zero,False,zero_eeg_control,margin_power0p4_base0p075,fine_power_base_grid,0.4,0.075,0.6505016722408027,0.6236338760445904,0.6505016722408027,0.6271824366110079,598,35,28,0.6073387392044108,0.6014389430014431,0.612287400208261,28
V2-S,V2M-two_stage_user_local_reranker-v1,protocol_a_rollv2_cv3,1,2027,V2H-local-zero,False,zero_eeg_control,margin_power0p4_base0p1,fine_power_base_grid,0.4,0.1,0.6488294314381271,0.6224859168609169,0.6488294314381271,0.6262640692640692,598,35,28,0.604307466994034,0.5988028885796742,0.6127386324192988,28
V2-S,V2M-two_stage_user_local_reranker-v1,protocol_a_rollv2_cv3,1,2027,V2H-local-zero,False,zero_eeg_control,margin_power0p4_base0p15,fine_power_base_grid,0.4,0.15,0.6471571906354515,0.6174263930513931,0.6471571906354515,0.6186450216450217,598,35,28,0.6052077275957872,0.5995285121624407,0.6138840680319333,28
V2-S,V2M-two_stage_user_local_reranker-v1,protocol_a_rollv2_cv3,1,2027,V2H-local-zero,False,zero_eeg_control,margin_power0p5_base0p0,fine_power_base_grid,0.5,0.0,0.6438127090301003,0.6195013518227804,0.6438127090301003,0.6232811791383219,598,35,28,0.6017191100773189,0.5971356421356422,0.6102742103436308,28
V2-S,V2M-two_stage_user_local_reranker-v1,protocol_a_rollv2_cv3,1,2027,V2H-local-zero,False,zero_eeg_control,margin_power0p5_base0p025,fine_power_base_grid,0.5,0.025,0.6454849498327759,0.6223287327751613,0.6454849498327759,0.6261383219954647,598,35,28,0.6022900648273782,0.5968238507524222,0.6109337035751474,28
V2-S,V2M-two_stage_user_local_reranker-v1,protocol_a_rollv2_cv3,1,2027,V2H-local-zero,False,zero_eeg_control,margin_power0p5_base0p05,fine_power_base_grid,0.5,0.05,0.6488294314381271,0.6247427539391825,0.6488294314381271,0.6280695389266817,598,35,28,0.605921905623398,0.6003539433450148,0.6116973273169038,28
V2-S,V2M-two_stage_user_local_reranker-v1,protocol_a_rollv2_cv3,1,2027,V2H-local-zero,False,zero_eeg_control,margin_power0p5_base0p075,fine_power_base_grid,0.5,0.075,0.6538461538461539,0.6242797909762196,0.6538461538461539,0.6276991685563112,598,35,28,0.6088986883763002,0.6025695518106232,0.6122179798681013,28
V2-S,V2M-two_stage_user_local_reranker-v1,protocol_a_rollv2_cv3,1,2027,V2H-local-zero,False,zero_eeg_control,margin_power0p5_base0p1,fine_power_base_grid,0.5,0.1,0.6505016722408027,0.6236338760445904,0.6505016722408027,0.6271824366110079,598,35,28,0.6055974456720725,0.5999508477633478,0.6123915307185004,28
V2-S,V2M-two_stage_user_local_reranker-v1,protocol_a_rollv2_cv3,1,2027,V2H-local-zero,False,zero_eeg_control,margin_power0p5_base0p15,fine_power_base_grid,0.5,0.15,0.6488294314381271,0.6224859168609169,0.6488294314381271,0.6262640692640692,598,35,28,0.6061316792660076,0.6007870155638013,0.6132939951405763,28
V2-S,V2M-two_stage_user_local_reranker-v1,protocol_a_rollv2_cv3,2,2027,V2H-local-zero,False,zero_eeg_control,v2n_eeg_base_0p05,reference_score_family,1.0,0.05,0.5565068493150684,0.547177590927591,0.5565068493150684,0.5403713724547058,584,30,26,0.5439939574314574,0.5405550468050468,0.5752959267603619,26
V2-S,V2M-two_stage_user_local_reranker-v1,protocol_a_rollv2_cv3,2,2027,V2H-local-zero,False,zero_eeg_control,sqrt_margin_eeg_base0p05,reference_score_family,0.5,0.05,0.5547945205479452,0.5495738058238059,0.5547945205479452,0.5419189915023248,584,30,26,0.5463377074314574,0.5434396621896622,0.5764045345635304,26
V2-S,V2M-two_stage_user_local_reranker-v1,protocol_a_rollv2_cv3,2,2027,V2H-local-zero,False,zero_eeg_control,margin_power0p25_base0p05,reference_score_family,0.25,0.05,0.565068493150685,0.5649278961778962,0.565068493150685,0.5626332772166105,584,30,26,0.5560426812770562,0.5544369981869981,0.5803740657297143,26
V2-S,V2M-two_stage_user_local_reranker-v1,protocol_a_rollv2_cv3,2,2027,V2H-local-zero,False,zero_eeg_control,margin_power0p1_base0p0,fine_power_base_grid,0.1,0.0,0.5582191780821918,0.5499375624375624,0.5582191780821918,0.5432924482924483,584,30,26,0.5456742649711399,0.5423611111111112,0.5746522190036835,26
V2-S,V2M-two_stage_user_local_reranker-v1,protocol_a_rollv2_cv3,2,2027,V2H-local-zero,False,zero_eeg_control,margin_power0p1_base0p025,fine_power_base_grid,0.1,0.025,0.5616438356164384,0.5619542494542494,0.5616438356164384,0.5530455347122013,584,30,26,0.5543649666305915,0.5532116032116032,0.583199227550692,26
V2-S,V2M-two_stage_user_local_reranker-v1,protocol_a_rollv2_cv3,2,2027,V2H-local-zero,False,zero_eeg_control,margin_power0p1_base0p05,fine_power_base_grid,0.1,0.05,0.5821917808219178,0.589498001998002,0.5821917808219178,0.5810569985569987,584,30,26,0.5736781881313132,0.5733849483849484,0.5918177591817759,26
V2-S,V2M-two_stage_user_local_reranker-v1,protocol_a_rollv2_cv3,2,2027,V2H-local-zero,False,zero_eeg_control,margin_power0p1_base0p075,fine_power_base_grid,0.1,0.075,0.5941780821917808,0.6065360565360565,0.5941780821917808,0.5958233124899792,584,30,26,0.5862055826118326,0.5865928053428053,0.6002217215606337,26
V2-S,V2M-two_stage_user_local_reranker-v1,protocol_a_rollv2_cv3,2,2027,V2H-local-zero,False,zero_eeg_control,margin_power0p1_base0p1,fine_power_base_grid,0.1,0.1,0.5993150684931506,0.6117151367151367,0.5993150684931506,0.600311848645182,584,30,26,0.5907839556277057,0.5920710308210309,0.6071236991739084,26
V2-S,V2M-two_stage_user_local_reranker-v1,protocol_a_rollv2_cv3,2,2027,V2H-local-zero,False,zero_eeg_control,margin_power0p1_base0p15,fine_power_base_grid,0.1,0.15,0.6113013698630136,0.6299411236911238,0.6113013698630136,0.626015111431778,584,30,26,0.6089947465728716,0.6107874995374994,0.6171369309444623,26
V2-S,V2M-two_stage_user_local_reranker-v1,protocol_a_rollv2_cv3,2,2027,V2H-local-zero,False,zero_eeg_control,margin_power0p15_base0p0,fine_power_base_grid,0.15,0.0,0.5582191780821918,0.5499375624375624,0.5582191780821918,0.5432924482924483,584,30,26,0.5456742649711399,0.5423611111111112,0.5746522190036835,26
V2-S,V2M-two_stage_user_local_reranker-v1,protocol_a_rollv2_cv3,2,2027,V2H-local-zero,False,zero_eeg_control,margin_power0p15_base0p025,fine_power_base_grid,0.15,0.025,0.5582191780821918,0.5579631017131017,0.5582191780821918,0.5565971220137887,584,30,26,0.5505849792568542,0.5492343304843306,0.5798376425991489,26
V2-S,V2M-two_stage_user_local_reranker-v1,protocol_a_rollv2_cv3,2,2027,V2H-local-zero,False,zero_eeg_control,margin_power0p15_base0p05,fine_power_base_grid,0.15,0.05,0.571917808219178,0.5736173548673549,0.571917808219178,0.5656535594035594,584,30,26,0.5648895202020202,0.5647068209568209,0.5854522046990667,26
V2-S,V2M-two_stage_user_local_reranker-v1,protocol_a_rollv2_cv3,2,2027,V2H-local-zero,False,zero_eeg_control,margin_power0p15_base0p075,fine_power_base_grid,0.15,0.075,0.5821917808219178,0.5888747826247825,0.5821917808219178,0.5805168751002084,584,30,26,0.5731263528138528,0.5726472601472601,0.5913886206773237,26
V2-S,V2M-two_stage_user_local_reranker-v1,protocol_a_rollv2_cv3,2,2027,V2H-local-zero,False,zero_eeg_control,margin_power0p15_base0p1,fine_power_base_grid,0.15,0.1,0.5873287671232876,0.5956106393606394,0.5873287671232876,0.5863546176046177,584,30,26,0.5786955492424242,0.5788870851370851,0.5966455673568645,26
V2-S,V2M-two_stage_user_local_reranker-v1,protocol_a_rollv2_cv3,2,2027,V2H-local-zero,False,zero_eeg_control,margin_power0p15_base0p15,fine_power_base_grid,0.15,0.15,0.5958904109589042,0.6082810707810707,0.5958904109589042,0.5973356581689916,584,30,26,0.5878635687229437,0.5886369648869649,0.6065515145013053,26
V2-S,V2M-two_stage_user_local_reranker-v1,protocol_a_rollv2_cv3,2,2027,V2H-local-zero,False,zero_eeg_control,margin_power0p2_base0p0,fine_power_base_grid,0.2,0.0,0.5582191780821918,0.5499375624375624,0.5582191780821918,0.5432924482924483,584,30,26,0.5456742649711399,0.5423611111111112,0.5746522190036835,26
V2-S,V2M-two_stage_user_local_reranker-v1,protocol_a_rollv2_cv3,2,2027,V2H-local-zero,False,zero_eeg_control,margin_power0p2_base0p025,fine_power_base_grid,0.2,0.025,0.5582191780821918,0.5554676804676805,0.5582191780821918,0.5544344236010903,584,30,26,0.5484607233044734,0.5465099715099715,0.5781210885813396,26
V2-S,V2M-two_stage_user_local_reranker-v1,protocol_a_rollv2_cv3,2,2027,V2H-local-zero,False,zero_eeg_control,margin_power0p2_base0p05,fine_power_base_grid,0.2,0.05,0.5633561643835616,0.5640910015910016,0.5633561643835616,0.5554264870931538,584,30,26,0.5563304924242424,0.5549667924667925,0.5825555197940135,26
V2-S,V2M-two_stage_user_local_reranker-v1,protocol_a_rollv2_cv3,2,2027,V2H-local-zero,False,zero_eeg_control,margin_power0p2_base0p075,fine_power_base_grid,0.2,0.075,0.5753424657534246,0.5807551245051246,0.5753424657534246,0.5729507375340709,584,30,26,0.5684722222222222,0.5685027935027935,0.5861316739977828,26
V2-S,V2M-two_stage_user_local_reranker-v1,protocol_a_rollv2_cv3,2,2027,V2H-local-zero,False,zero_eeg_control,margin_power0p2_base0p1,fine_power_base_grid,0.2,0.1,0.5804794520547946,0.5872722185222184,0.5804794520547946,0.5791279862113197,584,30,26,0.5716940611471861,0.571044696044696,0.5905661052104567,26
V2-S,V2M-two_stage_user_local_reranker-v1,protocol_a_rollv2_cv3,2,2027,V2H-local-zero,False,zero_eeg_control,margin_power0p2_base0p15,fine_power_base_grid,0.2,0.15,0.5924657534246576,0.6051115551115551,0.5924657534246576,0.5945887445887446,584,30,26,0.5848166937229438,0.5851683039183039,0.5991131137574652,26
V2-S,V2M-two_stage_user_local_reranker-v1,protocol_a_rollv2_cv3,2,2027,V2H-local-zero,False,zero_eeg_control,margin_power0p25_base0p0,fine_power_base_grid,0.25,0.0,0.5582191780821918,0.5499375624375624,0.5582191780821918,0.5432924482924483,584,30,26,0.5456742649711399,0.5423611111111112,0.5746522190036835,26
V2-S,V2M-two_stage_user_local_reranker-v1,protocol_a_rollv2_cv3,2,2027,V2H-local-zero,False,zero_eeg_control,margin_power0p25_base0p025,fine_power_base_grid,0.25,0.025,0.5565068493150684,0.5526008713508713,0.5565068493150684,0.5445424482924484,584,30,26,0.5488426677489178,0.5465811965811966,0.5771912884883595,26
V2-S,V2M-two_stage_user_local_reranker-v1,protocol_a_rollv2_cv3,2,2027,V2H-local-zero,False,zero_eeg_control,margin_power0p25_base0p05,fine_power_base_grid,0.25,0.05,0.565068493150685,0.5649278961778962,0.565068493150685,0.5626332772166105,584,30,26,0.5560426812770562,0.5544369981869981,0.5803740657297143,26
V2-S,V2M-two_stage_user_local_reranker-v1,protocol_a_rollv2_cv3,2,2027,V2H-local-zero,False,zero_eeg_control,margin_power0p25_base0p075,fine_power_base_grid,0.25,0.075,0.5616438356164384,0.5622747622747624,0.5616438356164384,0.5558233124899792,584,30,26,0.5538441332972582,0.5524103211603212,0.5834137968029182,26
V2-S,V2M-two_stage_user_local_reranker-v1,protocol_a_rollv2_cv3,2,2027,V2H-local-zero,False,zero_eeg_control,margin_power0p25_base0p1,fine_power_base_grid,0.25,0.1,0.5753424657534246,0.5812893125393125,0.5753424657534246,0.5734137004970338,584,30,26,0.5691666666666667,0.5690369815369815,0.5866323355863106,26
V2-S,V2M-two_stage_user_local_reranker-v1,protocol_a_rollv2_cv3,2,2027,V2H-local-zero,False,zero_eeg_control,margin_power0p25_base0p15,fine_power_base_grid,0.25,0.15,0.589041095890411,0.5944710382210382,0.589041095890411,0.58536696328363,584,30,26,0.5781610750360751,0.5776330151330151,0.5933555054893966,26
V2-S,V2M-two_stage_user_local_reranker-v1,protocol_a_rollv2_cv3,2,2027,V2H-local-zero,False,zero_eeg_control,margin_power0p3_base0p0,fine_power_base_grid,0.3,0.0,0.5582191780821918,0.5499375624375624,0.5582191780821918,0.5432924482924483,584,30,26,0.5456742649711399,0.5423611111111112,0.5746522190036835,26
V2-S,V2M-two_stage_user_local_reranker-v1,protocol_a_rollv2_cv3,2,2027,V2H-local-zero,False,zero_eeg_control,margin_power0p3_base0p025,fine_power_base_grid,0.3,0.025,0.553082191780822,0.5487725237725238,0.553082191780822,0.5412245470578804,584,30,26,0.5455006538600288,0.542752849002849,0.576440296105568,26
V2-S,V2M-two_stage_user_local_reranker-v1,protocol_a_rollv2_cv3,2,2027,V2H-local-zero,False,zero_eeg_control,margin_power0p3_base0p05,fine_power_base_grid,0.3,0.05,0.559931506849315,0.5568413068413068,0.559931506849315,0.5556248997915664,584,30,26,0.5502278363997114,0.5478835978835979,0.5789436040482066,26
V2-S,V2M-two_stage_user_local_reranker-v1,protocol_a_rollv2_cv3,2,2027,V2H-local-zero,False,zero_eeg_control,margin_power0p3_base0p075,fine_power_base_grid,0.3,0.075,0.5616438356164384,0.5621679246679246,0.5616438356164384,0.5537598204264871,584,30,26,0.5548200757575757,0.5530437155437155,0.581911812037335,26
V2-S,V2M-two_stage_user_local_reranker-v1,protocol_a_rollv2_cv3,2,2027,V2H-local-zero,False,zero_eeg_control,margin_power0p3_base0p1,fine_power_base_grid,0.3,0.1,0.565068493150685,0.5656223406223406,0.565068493150685,0.5598356581689915,584,30,26,0.5572729527417027,0.5557044807044806,0.5842720738118228,26
V2-S,V2M-two_stage_user_local_reranker-v1,protocol_a_rollv2_cv3,2,2027,V2H-local-zero,False,zero_eeg_control,margin_power0p3_base0p15,fine_power_base_grid,0.3,0.15,0.5821917808219178,0.5886458448958448,0.5821917808219178,0.5803184624017957,584,30,26,0.5721677714646465,0.5714262589262589,0.5895647820334013,26
V2-S,V2M-two_stage_user_local_reranker-v1,protocol_a_rollv2_cv3,2,2027,V2H-local-zero,False,zero_eeg_control,margin_power0p35_base0p0,fine_power_base_grid,0.35,0.0,0.5582191780821918,0.5499375624375624,0.5582191780821918,0.5432924482924483,584,30,26,0.5456742649711399,0.5423611111111112,0.5746522190036835,26
V2-S,V2M-two_stage_user_local_reranker-v1,protocol_a_rollv2_cv3,2,2027,V2H-local-zero,False,zero_eeg_control,margin_power0p35_base0p025,fine_power_base_grid,0.35,0.025,0.5565068493150684,0.551710557960558,0.5565068493150684,0.5442999438832773,584,30,26,0.5474661796536796,0.5445080382580383,0.5759396345170403,26
V2-S,V2M-two_stage_user_local_reranker-v1,protocol_a_rollv2_cv3,2,2027,V2H-local-zero,False,zero_eeg_control,margin_power0p35_base0p05,fine_power_base_grid,0.35,0.05,0.5616438356164384,0.558494745994746,0.5616438356164384,0.5570578803912138,584,30,26,0.5512819038600288,0.549537037037037,0.5781210885813396,26
V2-S,V2M-two_stage_user_local_reranker-v1,protocol_a_rollv2_cv3,2,2027,V2H-local-zero,False,zero_eeg_control,margin_power0p35_base0p075,fine_power_base_grid,0.35,0.075,0.5633561643835616,0.5623815998815999,0.5633561643835616,0.5604264870931537,584,30,26,0.5540548340548341,0.5518907018907019,0.5801594964774881,26
V2-S,V2M-two_stage_user_local_reranker-v1,protocol_a_rollv2_cv3,2,2027,V2H-local-zero,False,zero_eeg_control,margin_power0p35_base0p1,fine_power_base_grid,0.35,0.1,0.5616438356164384,0.5628089503089503,0.5616438356164384,0.5554264870931538,584,30,26,0.5543773674242424,0.5525629463129463,0.5824482351679005,26
V2-S,V2M-two_stage_user_local_reranker-v1,protocol_a_rollv2_cv3,2,2027,V2H-local-zero,False,zero_eeg_control,margin_power0p35_base0p15,fine_power_base_grid,0.35,0.15,0.5736301369863014,0.5786565286565286,0.5736301369863014,0.5711319544652879,584,30,26,0.5649652777777778,0.5641529766529766,0.5866323355863104,26
V2-S,V2M-two_stage_user_local_reranker-v1,protocol_a_rollv2_cv3,2,2027,V2H-local-zero,False,zero_eeg_control,margin_power0p4_base0p0,fine_power_base_grid,0.4,0.0,0.5582191780821918,0.5499375624375624,0.5582191780821918,0.5432924482924483,584,30,26,0.5456742649711399,0.5423611111111112,0.5746522190036835,26
V2-S,V2M-two_stage_user_local_reranker-v1,protocol_a_rollv2_cv3,2,2027,V2H-local-zero,False,zero_eeg_control,margin_power0p4_base0p025,fine_power_base_grid,0.4,0.025,0.5565068493150684,0.547177590927591,0.5565068493150684,0.5403713724547058,584,30,26,0.5451224296536796,0.5416234228734229,0.5754389729285126,26
V2-S,V2M-two_stage_user_local_reranker-v1,protocol_a_rollv2_cv3,2,2027,V2H-local-zero,False,zero_eeg_control,margin_power0p4_base0p05,fine_power_base_grid,0.4,0.05,0.559931506849315,0.5551649739149739,0.559931506849315,0.5467646705146706,584,30,26,0.5513687094155844,0.5491452991452992,0.5775131423666988,26
V2-S,V2M-two_stage_user_local_reranker-v1,protocol_a_rollv2_cv3,2,2027,V2H-local-zero,False,zero_eeg_control,margin_power0p4_base0p075,fine_power_base_grid,0.4,0.075,0.559931506849315,0.5568413068413068,0.559931506849315,0.5556248997915664,584,30,26,0.5502278363997114,0.5478835978835979,0.579229696384508,26
V2-S,V2M-two_stage_user_local_reranker-v1,protocol_a_rollv2_cv3,2,2027,V2H-local-zero,False,zero_eeg_control,margin_power0p4_base0p1,fine_power_base_grid,0.4,0.1,0.5616438356164384,0.5601202038702039,0.5616438356164384,0.5584666105499438,584,30,26,0.5527006673881674,0.550697681947682,0.5811608196545435,26
V2-S,V2M-two_stage_user_local_reranker-v1,protocol_a_rollv2_cv3,2,2027,V2H-local-zero,False,zero_eeg_control,margin_power0p4_base0p15,fine_power_base_grid,0.4,0.15,0.5684931506849316,0.573543586043586,0.5684931506849316,0.5667007375340708,584,30,26,0.5635527146464646,0.5635494135494136,0.5849157815685012,26
V2-S,V2M-two_stage_user_local_reranker-v1,protocol_a_rollv2_cv3,2,2027,V2H-local-zero,False,zero_eeg_control,margin_power0p5_base0p0,fine_power_base_grid,0.5,0.0,0.5582191780821918,0.5499375624375624,0.5582191780821918,0.5432924482924483,584,30,26,0.5456742649711399,0.5423611111111112,0.5746522190036835,26
V2-S,V2M-two_stage_user_local_reranker-v1,protocol_a_rollv2_cv3,2,2027,V2H-local-zero,False,zero_eeg_control,margin_power0p5_base0p025,fine_power_base_grid,0.5,0.025,0.5582191780821918,0.547978872978873,0.5582191780821918,0.5410658168991503,584,30,26,0.5459594832251082,0.5423102360602361,0.5753316883023996,26
V2-S,V2M-two_stage_user_local_reranker-v1,protocol_a_rollv2_cv3,2,2027,V2H-local-zero,False,zero_eeg_control,margin_power0p5_base0p05,fine_power_base_grid,0.5,0.05,0.5547945205479452,0.5495738058238059,0.5547945205479452,0.5419189915023248,584,30,26,0.5463377074314574,0.5434396621896622,0.5764045345635304,26
V2-S,V2M-two_stage_user_local_reranker-v1,protocol_a_rollv2_cv3,2,2027,V2H-local-zero,False,zero_eeg_control,margin_power0p5_base0p075,fine_power_base_grid,0.5,0.075,0.5633561643835616,0.5604000166500167,0.5633561643835616,0.558709114959115,584,30,26,0.5540249594155845,0.5522435897435897,0.5779422808711512,26
V2-S,V2M-two_stage_user_local_reranker-v1,protocol_a_rollv2_cv3,2,2027,V2H-local-zero,False,zero_eeg_control,margin_power0p5_base0p1,fine_power_base_grid,0.5,0.1,0.5616438356164384,0.5575739075739076,0.5616438356164384,0.556259820426487,584,30,26,0.5510177669552669,0.5483109483109483,0.579122411758395,26
V2-S,V2M-two_stage_user_local_reranker-v1,protocol_a_rollv2_cv3,2,2027,V2H-local-zero,False,zero_eeg_control,margin_power0p5_base0p15,fine_power_base_grid,0.5,0.15,0.5633561643835616,0.5631116568616569,0.5633561643835616,0.5556888327721661,584,30,26,0.5543302444083693,0.5521788396788396,0.5824482351679005,26
V2-S,V2M-two_stage_user_local_reranker-v1,protocol_a_rollv2_cv3,3,2027,V2H-local-zero,False,zero_eeg_control,v2n_eeg_base_0p05,reference_score_family,1.0,0.05,0.56957928802589,0.5974859899350353,0.56957928802589,0.5832385240420955,618,28,24,0.5744312311620003,0.592483084045584,0.587819526843917,24
V2-S,V2M-two_stage_user_local_reranker-v1,protocol_a_rollv2_cv3,3,2027,V2H-local-zero,False,zero_eeg_control,sqrt_margin_eeg_base0p05,reference_score_family,0.5,0.05,0.5663430420711975,0.5934522173350864,0.5663430420711975,0.5739949402449402,618,28,24,0.5745021198692527,0.5926171128254462,0.5904563099685051,24
V2-S,V2M-two_stage_user_local_reranker-v1,protocol_a_rollv2_cv3,3,2027,V2H-local-zero,False,zero_eeg_control,margin_power0p25_base0p05,reference_score_family,0.25,0.05,0.5776699029126213,0.605492807815918,0.5776699029126213,0.585323360501932,618,28,24,0.5843214671886001,0.6018377918377918,0.5970482677799751,24
V2-S,V2M-two_stage_user_local_reranker-v1,protocol_a_rollv2_cv3,3,2027,V2H-local-zero,False,zero_eeg_control,margin_power0p1_base0p0,fine_power_base_grid,0.1,0.0,0.5663430420711975,0.5907997789725086,0.5663430420711975,0.5772986306022021,618,28,24,0.5700384890944332,0.5882483141858142,0.5856588295612686,24
V2-S,V2M-two_stage_user_local_reranker-v1,protocol_a_rollv2_cv3,3,2027,V2H-local-zero,False,zero_eeg_control,margin_power0p1_base0p025,fine_power_base_grid,0.1,0.025,0.5857605177993528,0.6126685293693807,0.5857605177993528,0.5875711788211788,618,28,24,0.590620849624346,0.6078057050973718,0.6023950780048342,24
V2-S,V2M-two_stage_user_local_reranker-v1,protocol_a_rollv2_cv3,3,2027,V2H-local-zero,False,zero_eeg_control,margin_power0p1_base0p05,fine_power_base_grid,0.1,0.05,0.6003236245954693,0.6299466791557542,0.6003236245954693,0.6035977910977911,618,28,24,0.6089245932777401,0.6237283973742307,0.6152493957372006,24
V2-S,V2M-two_stage_user_local_reranker-v1,protocol_a_rollv2_cv3,3,2027,V2H-local-zero,False,zero_eeg_control,margin_power0p1_base0p075,fine_power_base_grid,0.1,0.075,0.6148867313915858,0.6462029537453621,0.6148867313915858,0.6175317407460266,618,28,24,0.6265387099303183,0.641224751328918,0.6254669303449791,24
V2-S,V2M-two_stage_user_local_reranker-v1,protocol_a_rollv2_cv3,3,2027,V2H-local-zero,False,zero_eeg_control,margin_power0p1_base0p1,fine_power_base_grid,0.1,0.1,0.6197411003236246,0.6563304839522267,0.6197411003236246,0.6271922587994017,618,28,24,0.6344111793412492,0.6493075250366918,0.6320588881564491,24
V2-S,V2M-two_stage_user_local_reranker-v1,protocol_a_rollv2_cv3,3,2027,V2H-local-zero,False,zero_eeg_control,margin_power0p1_base0p15,fine_power_base_grid,0.1,0.15,0.6262135922330098,0.6592005131270805,0.6262135922330098,0.6377286503179361,618,28,24,0.6373000445552893,0.6518656343656344,0.6414341170438732,24
V2-S,V2M-two_stage_user_local_reranker-v1,protocol_a_rollv2_cv3,3,2027,V2H-local-zero,False,zero_eeg_control,margin_power0p15_base0p0,fine_power_base_grid,0.15,0.0,0.5663430420711975,0.5907997789725086,0.5663430420711975,0.5772986306022021,618,28,24,0.5700384890944332,0.5882483141858142,0.5856588295612686,24
V2-S,V2M-two_stage_user_local_reranker-v1,protocol_a_rollv2_cv3,3,2027,V2H-local-zero,False,zero_eeg_control,margin_power0p15_base0p025,fine_power_base_grid,0.15,0.025,0.5760517799352751,0.6043354004085106,0.5760517799352751,0.5843312970098685,618,28,24,0.5816408145079474,0.5992914955414955,0.5957664982055225,24
V2-S,V2M-two_stage_user_local_reranker-v1,protocol_a_rollv2_cv3,3,2027,V2H-local-zero,False,zero_eeg_control,margin_power0p15_base0p05,fine_power_base_grid,0.15,0.05,0.5841423948220065,0.6149504259524254,0.5841423948220065,0.5895002153930725,618,28,24,0.5935552015971596,0.6104696075529409,0.607009448472863,24
V2-S,V2M-two_stage_user_local_reranker-v1,protocol_a_rollv2_cv3,3,2027,V2H-local-zero,False,zero_eeg_control,margin_power0p15_base0p075,fine_power_base_grid,0.15,0.075,0.598705501618123,0.6286445958224208,0.598705501618123,0.6023222808937094,618,28,24,0.6079533423064891,0.6229567924359591,0.6145901999560537,24
V2-S,V2M-two_stage_user_local_reranker-v1,protocol_a_rollv2_cv3,3,2027,V2H-local-zero,False,zero_eeg_control,margin_power0p15_base0p1,fine_power_base_grid,0.15,0.1,0.6132686084142395,0.6424015853606604,0.6132686084142395,0.6142734249877108,618,28,24,0.6224112329007433,0.6374233829442163,0.6228667692082326,24
V2-S,V2M-two_stage_user_local_reranker-v1,protocol_a_rollv2_cv3,3,2027,V2H-local-zero,False,zero_eeg_control,margin_power0p15_base0p15,fine_power_base_grid,0.15,0.15,0.6181229773462783,0.65153422514281,0.6181229773462783,0.622976752083895,618,28,24,0.630243338634947,0.6452161534453201,0.6321321321321322,24
V2-S,V2M-two_stage_user_local_reranker-v1,protocol_a_rollv2_cv3,3,2027,V2H-local-zero,False,zero_eeg_control,margin_power0p2_base0p0,fine_power_base_grid,0.2,0.0,0.5663430420711975,0.5907997789725086,0.5663430420711975,0.5772986306022021,618,28,24,0.5700384890944332,0.5882483141858142,0.5856588295612686,24
V2-S,V2M-two_stage_user_local_reranker-v1,protocol_a_rollv2_cv3,3,2027,V2H-local-zero,False,zero_eeg_control,margin_power0p2_base0p025,fine_power_base_grid,0.2,0.025,0.5711974110032363,0.5997925763344365,0.5711974110032363,0.5802780090280091,618,28,24,0.5778085356756686,0.5959956401623069,0.5929099831538855,24
V2-S,V2M-two_stage_user_local_reranker-v1,protocol_a_rollv2_cv3,3,2027,V2H-local-zero,False,zero_eeg_control,margin_power0p2_base0p05,fine_power_base_grid,0.2,0.05,0.5857605177993528,0.6123134157330171,0.5857605177993528,0.5871073569287856,618,28,24,0.5887339738738341,0.6061677982511315,0.601442906320955,24
V2-S,V2M-two_stage_user_local_reranker-v1,protocol_a_rollv2_cv3,3,2027,V2H-local-zero,False,zero_eeg_control,margin_power0p2_base0p075,fine_power_base_grid,0.2,0.075,0.587378640776699,0.6182181438583012,0.587378640776699,0.5924055441912586,618,28,24,0.5961859042278623,0.6130324382407716,0.6086574379257306,24
V2-S,V2M-two_stage_user_local_reranker-v1,protocol_a_rollv2_cv3,3,2027,V2H-local-zero,False,zero_eeg_control,margin_power0p2_base0p1,fine_power_base_grid,0.2,0.1,0.5970873786407767,0.6273179540546027,0.5970873786407767,0.6003098092383806,618,28,24,0.6063022156553626,0.6217993850285517,0.6139310041749066,24
V2-S,V2M-two_stage_user_local_reranker-v1,protocol_a_rollv2_cv3,3,2027,V2H-local-zero,False,zero_eeg_control,margin_power0p2_base0p15,fine_power_base_grid,0.2,0.15,0.6181229773462783,0.6488165901089985,0.6181229773462783,0.6197720004862862,618,28,24,0.6290127510407231,0.6435606099147765,0.6250640884787226,24
V2-S,V2M-two_stage_user_local_reranker-v1,protocol_a_rollv2_cv3,3,2027,V2H-local-zero,False,zero_eeg_control,margin_power0p25_base0p0,fine_power_base_grid,0.25,0.0,0.5663430420711975,0.5907997789725086,0.5663430420711975,0.5772986306022021,618,28,24,0.5700384890944332,0.5882483141858142,0.5856588295612686,24
V2-S,V2M-two_stage_user_local_reranker-v1,protocol_a_rollv2_cv3,3,2027,V2H-local-zero,False,zero_eeg_control,margin_power0p25_base0p025,fine_power_base_grid,0.25,0.025,0.56957928802589,0.5982493664578933,0.56957928802589,0.5789552577052577,618,28,24,0.5783621487292816,0.5962657018907018,0.5915915915915916,24
V2-S,V2M-two_stage_user_local_reranker-v1,protocol_a_rollv2_cv3,3,2027,V2H-local-zero,False,zero_eeg_control,margin_power0p25_base0p05,fine_power_base_grid,0.25,0.05,0.5776699029126213,0.605492807815918,0.5776699029126213,0.585323360501932,618,28,24,0.5843214671886001,0.6018377918377918,0.5970482677799751,24
V2-S,V2M-two_stage_user_local_reranker-v1,protocol_a_rollv2_cv3,3,2027,V2H-local-zero,False,zero_eeg_control,margin_power0p25_base0p075,fine_power_base_grid,0.25,0.075,0.580906148867314,0.6075169316932733,0.580906148867314,0.5822801735301735,618,28,24,0.5879013469048434,0.6051050878134211,0.603933201494177,24
V2-S,V2M-two_stage_user_local_reranker-v1,protocol_a_rollv2_cv3,3,2027,V2H-local-zero,False,zero_eeg_control,margin_power0p25_base0p1,fine_power_base_grid,0.25,0.1,0.587378640776699,0.6182181438583012,0.587378640776699,0.5924055441912586,618,28,24,0.5961859042278623,0.6130324382407716,0.6092800117190362,24
V2-S,V2M-two_stage_user_local_reranker-v1,protocol_a_rollv2_cv3,3,2027,V2H-local-zero,False,zero_eeg_control,margin_power0p25_base0p15,fine_power_base_grid,0.25,0.15,0.6067961165048543,0.6378501183091934,0.6067961165048543,0.6103721675150248,618,28,24,0.6175590144121613,0.6328719158927492,0.6188017285578262,24
V2-S,V2M-two_stage_user_local_reranker-v1,protocol_a_rollv2_cv3,3,2027,V2H-local-zero,False,zero_eeg_control,margin_power0p3_base0p0,fine_power_base_grid,0.3,0.0,0.5663430420711975,0.5907997789725086,0.5663430420711975,0.5772986306022021,618,28,24,0.5700384890944332,0.5882483141858142,0.5856588295612686,24
V2-S,V2M-two_stage_user_local_reranker-v1,protocol_a_rollv2_cv3,3,2027,V2H-local-zero,False,zero_eeg_control,margin_power0p3_base0p025,fine_power_base_grid,0.3,0.025,0.5663430420711975,0.5934522173350864,0.5663430420711975,0.5739949402449402,618,28,24,0.5754733708405037,0.5933887177637177,0.5904929319563466,24
V2-S,V2M-two_stage_user_local_reranker-v1,protocol_a_rollv2_cv3,3,2027,V2H-local-zero,False,zero_eeg_control,margin_power0p3_base0p05,fine_power_base_grid,0.3,0.05,0.5728155339805825,0.5998281888700491,0.5728155339805825,0.5803085340585341,618,28,24,0.5769040982327696,0.5953147623980958,0.5947410825459606,24
V2-S,V2M-two_stage_user_local_reranker-v1,protocol_a_rollv2_cv3,3,2027,V2H-local-zero,False,zero_eeg_control,margin_power0p3_base0p075,fine_power_base_grid,0.3,0.075,0.5825242718446602,0.6104194763390777,0.5825242718446602,0.5854839803054089,618,28,24,0.5886227214898544,0.6063571921905254,0.6003442466857101,24
V2-S,V2M-two_stage_user_local_reranker-v1,protocol_a_rollv2_cv3,3,2027,V2H-local-zero,False,zero_eeg_control,margin_power0p3_base0p1,fine_power_base_grid,0.3,0.1,0.5841423948220065,0.6135345598984016,0.5841423948220065,0.5881821881821881,618,28,24,0.5933567888987469,0.6099074382407715,0.6058009228740936,24
V2-S,V2M-two_stage_user_local_reranker-v1,protocol_a_rollv2_cv3,3,2027,V2H-local-zero,False,zero_eeg_control,margin_power0p3_base0p15,fine_power_base_grid,0.3,0.15,0.5938511326860841,0.6219198433933341,0.5938511326860841,0.595578429507001,618,28,24,0.6011631239778094,0.6171061615853283,0.6129422105031861,24
V2-S,V2M-two_stage_user_local_reranker-v1,protocol_a_rollv2_cv3,3,2027,V2H-local-zero,False,zero_eeg_control,margin_power0p35_base0p0,fine_power_base_grid,0.35,0.0,0.5663430420711975,0.5907997789725086,0.5663430420711975,0.5772986306022021,618,28,24,0.5700384890944332,0.5882483141858142,0.5856588295612686,24
V2-S,V2M-two_stage_user_local_reranker-v1,protocol_a_rollv2_cv3,3,2027,V2H-local-zero,False,zero_eeg_control,margin_power0p35_base0p025,fine_power_base_grid,0.35,0.025,0.5711974110032363,0.598432959632005,0.5711974110032363,0.5833061647347363,618,28,24,0.577264635131768,0.5954169364586032,0.589430894308943,24
V2-S,V2M-two_stage_user_local_reranker-v1,protocol_a_rollv2_cv3,3,2027,V2H-local-zero,False,zero_eeg_control,margin_power0p35_base0p05,fine_power_base_grid,0.35,0.05,0.5728155339805825,0.6018759096677698,0.5728155339805825,0.5820637233137234,618,28,24,0.5799064377735706,0.5980789734956401,0.5932395810444591,24
V2-S,V2M-two_stage_user_local_reranker-v1,protocol_a_rollv2_cv3,3,2027,V2H-local-zero,False,zero_eeg_control,margin_power0p35_base0p075,fine_power_base_grid,0.35,0.075,0.5760517799352751,0.6043354004085106,0.5760517799352751,0.5801646303432018,618,28,24,0.5831559660230989,0.6006803844303844,0.59741448765839,24
V2-S,V2M-two_stage_user_local_reranker-v1,protocol_a_rollv2_cv3,3,2027,V2H-local-zero,False,zero_eeg_control,margin_power0p35_base0p1,fine_power_base_grid,0.35,0.1,0.5841423948220065,0.6113664460360474,0.5841423948220065,0.5862956686170973,618,28,24,0.5886783476818441,0.6062624952208285,0.6020654801142608,24
V2-S,V2M-two_stage_user_local_reranker-v1,protocol_a_rollv2_cv3,3,2027,V2H-local-zero,False,zero_eeg_control,margin_power0p35_base0p15,fine_power_base_grid,0.35,0.15,0.587378640776699,0.6182181438583012,0.587378640776699,0.5924055441912586,618,28,24,0.5961859042278623,0.6130324382407716,0.6097194755731341,24
V2-S,V2M-two_stage_user_local_reranker-v1,protocol_a_rollv2_cv3,3,2027,V2H-local-zero,False,zero_eeg_control,margin_power0p4_base0p0,fine_power_base_grid,0.4,0.0,0.5663430420711975,0.5907997789725086,0.5663430420711975,0.5772986306022021,618,28,24,0.5700384890944332,0.5882483141858142,0.5856588295612686,24
V2-S,V2M-two_stage_user_local_reranker-v1,protocol_a_rollv2_cv3,3,2027,V2H-local-zero,False,zero_eeg_control,margin_power0p4_base0p025,fine_power_base_grid,0.4,0.025,0.5711974110032363,0.5971308762986717,0.5711974110032363,0.5823495320816751,618,28,24,0.5760505714177042,0.5935843747302081,0.5890280524426865,24
V2-S,V2M-two_stage_user_local_reranker-v1,protocol_a_rollv2_cv3,3,2027,V2H-local-zero,False,zero_eeg_control,margin_power0p4_base0p05,fine_power_base_grid,0.4,0.05,0.5728155339805825,0.6018759096677698,0.5728155339805825,0.5820637233137234,618,28,24,0.5808776887448217,0.5988505784339118,0.5922507873727386,24
V2-S,V2M-two_stage_user_local_reranker-v1,protocol_a_rollv2_cv3,3,2027,V2H-local-zero,False,zero_eeg_control,margin_power0p4_base0p075,fine_power_base_grid,0.4,0.075,0.5728155339805825,0.5998281888700491,0.5728155339805825,0.5803085340585341,618,28,24,0.5769040982327696,0.5953147623980958,0.5952537903757416,24
V2-S,V2M-two_stage_user_local_reranker-v1,protocol_a_rollv2_cv3,3,2027,V2H-local-zero,False,zero_eeg_control,margin_power0p4_base0p1,fine_power_base_grid,0.4,0.1,0.580906148867314,0.6082264938829374,0.580906148867314,0.583499853321282,618,28,24,0.5870118323789653,0.6044226683810017,0.5995751849410387,24
V2-S,V2M-two_stage_user_local_reranker-v1,protocol_a_rollv2_cv3,3,2027,V2H-local-zero,False,zero_eeg_control,margin_power0p4_base0p15,fine_power_base_grid,0.4,0.15,0.587378640776699,0.616918018545018,0.587378640776699,0.5911867233295806,618,28,24,0.5959292164711746,0.612586009669343,0.6067530945579727,24
V2-S,V2M-two_stage_user_local_reranker-v1,protocol_a_rollv2_cv3,3,2027,V2H-local-zero,False,zero_eeg_control,margin_power0p5_base0p0,fine_power_base_grid,0.5,0.0,0.5663430420711975,0.5907997789725086,0.5663430420711975,0.5772986306022021,618,28,24,0.5700384890944332,0.5882483141858142,0.5856588295612686,24
V2-S,V2M-two_stage_user_local_reranker-v1,protocol_a_rollv2_cv3,3,2027,V2H-local-zero,False,zero_eeg_control,margin_power0p5_base0p025,fine_power_base_grid,0.5,0.025,0.56957928802589,0.596183906601702,0.56957928802589,0.5815378437699866,618,28,24,0.5738873306180998,0.5918658000949667,0.588258990698015,24
V2-S,V2M-two_stage_user_local_reranker-v1,protocol_a_rollv2_cv3,3,2027,V2H-local-zero,False,zero_eeg_control,margin_power0p5_base0p05,fine_power_base_grid,0.5,0.05,0.5663430420711975,0.5934522173350864,0.5663430420711975,0.5739949402449402,618,28,24,0.5745021198692527,0.5926171128254462,0.5904563099685051,24
V2-S,V2M-two_stage_user_local_reranker-v1,protocol_a_rollv2_cv3,3,2027,V2H-local-zero,False,zero_eeg_control,margin_power0p5_base0p075,fine_power_base_grid,0.5,0.075,0.5728155339805825,0.6018759096677698,0.5728155339805825,0.5820637233137234,618,28,24,0.5808776887448217,0.5988505784339118,0.5930564711052516,24
V2-S,V2M-two_stage_user_local_reranker-v1,protocol_a_rollv2_cv3,3,2027,V2H-local-zero,False,zero_eeg_control,margin_power0p5_base0p1,fine_power_base_grid,0.5,0.1,0.5728155339805825,0.5998281888700491,0.5728155339805825,0.5803085340585341,618,28,24,0.5759328472615185,0.5945431574598241,0.5957664982055226,24
V2-S,V2M-two_stage_user_local_reranker-v1,protocol_a_rollv2_cv3,3,2027,V2H-local-zero,False,zero_eeg_control,margin_power0p5_base0p15,fine_power_base_grid,0.5,0.15,0.5825242718446602,0.6104194763390777,0.5825242718446602,0.5854839803054089,618,28,24,0.5863499942171271,0.6042738588571922,0.6018823701750532,24
V2-S,V2M-two_stage_user_local_reranker-v1,protocol_a_rollv2_cv3,1,2028,V2H-local-zero,False,zero_eeg_control,v2n_eeg_base_0p05,reference_score_family,1.0,0.05,0.6538461538461539,0.67024025577597,0.6538461538461539,0.6684205318491032,598,35,28,0.6342293941547674,0.6364037054215627,0.6382158972578965,28
V2-S,V2M-two_stage_user_local_reranker-v1,protocol_a_rollv2_cv3,1,2028,V2H-local-zero,False,zero_eeg_control,sqrt_margin_eeg_base0p05,reference_score_family,0.5,0.05,0.6555183946488294,0.6665670771027913,0.6555183946488294,0.6645051879337592,598,35,28,0.6328883719928496,0.6343955284133856,0.638320027768136,28
V2-S,V2M-two_stage_user_local_reranker-v1,protocol_a_rollv2_cv3,1,2028,V2H-local-zero,False,zero_eeg_control,margin_power0p25_base0p05,reference_score_family,0.25,0.05,0.6538461538461539,0.6617182486825344,0.6538461538461539,0.6606261251975537,598,35,28,0.6288502293726175,0.628894772555487,0.6384241582783755,28
V2-S,V2M-two_stage_user_local_reranker-v1,protocol_a_rollv2_cv3,1,2028,V2H-local-zero,False,zero_eeg_control,margin_power0p1_base0p0,fine_power_base_grid,0.1,0.0,0.6555183946488294,0.6693733812483812,0.6555183946488294,0.6683222703222702,598,35,28,0.6328600503973638,0.635147091664949,0.6380423464074974,28
V2-S,V2M-two_stage_user_local_reranker-v1,protocol_a_rollv2_cv3,1,2028,V2H-local-zero,False,zero_eeg_control,margin_power0p1_base0p025,fine_power_base_grid,0.1,0.025,0.6505016722408027,0.65612962434391,0.6505016722408027,0.6561552257266542,598,35,28,0.6253688268613642,0.6244966244073389,0.6387365498090941,28
V2-S,V2M-two_stage_user_local_reranker-v1,protocol_a_rollv2_cv3,1,2028,V2H-local-zero,False,zero_eeg_control,margin_power0p1_base0p05,fine_power_base_grid,0.1,0.05,0.6438127090301003,0.6475622657765514,0.6438127090301003,0.6364197759912045,598,35,28,0.6171467338631519,0.6152735475503334,0.6422422769871573,28
V2-S,V2M-two_stage_user_local_reranker-v1,protocol_a_rollv2_cv3,1,2028,V2H-local-zero,False,zero_eeg_control,margin_power0p1_base0p075,fine_power_base_grid,0.1,0.075,0.6387959866220736,0.6407986259771975,0.6387959866220736,0.6270406101834672,598,35,28,0.610938597058,0.6076737399505256,0.6448455397431447,28
V2-S,V2M-two_stage_user_local_reranker-v1,protocol_a_rollv2_cv3,1,2028,V2H-local-zero,False,zero_eeg_control,margin_power0p1_base0p1,fine_power_base_grid,0.1,0.1,0.6337792642140468,0.6421630023415739,0.6337792642140468,0.6330771662200233,598,35,28,0.6060275462514269,0.6020249905517762,0.6447066990628253,28
V2-S,V2M-two_stage_user_local_reranker-v1,protocol_a_rollv2_cv3,1,2028,V2H-local-zero,False,zero_eeg_control,margin_power0p1_base0p15,fine_power_base_grid,0.1,0.15,0.637123745819398,0.6412701451987166,0.637123745819398,0.6323628805057375,598,35,28,0.6060868816092697,0.5992665386861814,0.6444290177021867,28
V2-S,V2M-two_stage_user_local_reranker-v1,protocol_a_rollv2_cv3,1,2028,V2H-local-zero,False,zero_eeg_control,margin_power0p15_base0p0,fine_power_base_grid,0.15,0.0,0.6555183946488294,0.6693733812483812,0.6555183946488294,0.6683222703222702,598,35,28,0.6328600503973638,0.635147091664949,0.6380423464074974,28
V2-S,V2M-two_stage_user_local_reranker-v1,protocol_a_rollv2_cv3,1,2028,V2H-local-zero,False,zero_eeg_control,margin_power0p15_base0p025,fine_power_base_grid,0.15,0.025,0.6538461538461539,0.6617182486825344,0.6538461538461539,0.6606261251975537,598,35,28,0.6322084383278415,0.6333590582697727,0.6383894481082957,28
V2-S,V2M-two_stage_user_local_reranker-v1,protocol_a_rollv2_cv3,1,2028,V2H-local-zero,False,zero_eeg_control,margin_power0p15_base0p05,fine_power_base_grid,0.15,0.05,0.6505016722408027,0.6574027724920583,0.6505016722408027,0.6577689823404109,598,35,28,0.6229937972475286,0.6211991943241945,0.63956959389101,28
V2-S,V2M-two_stage_user_local_reranker-v1,protocol_a_rollv2_cv3,1,2028,V2H-local-zero,False,zero_eeg_control,margin_power0p15_base0p075,fine_power_base_grid,0.15,0.075,0.6454849498327759,0.6484551229194085,0.6454849498327759,0.6371340617054903,598,35,28,0.6164502164502165,0.6146783094550952,0.6419298854564388,28
V2-S,V2M-two_stage_user_local_reranker-v1,protocol_a_rollv2_cv3,1,2028,V2H-local-zero,False,zero_eeg_control,margin_power0p15_base0p1,fine_power_base_grid,0.15,0.1,0.6404682274247492,0.6438740228025942,0.6404682274247492,0.6295009276437847,598,35,28,0.6128907410996963,0.6103239667078952,0.6443943075321069,28
V2-S,V2M-two_stage_user_local_reranker-v1,protocol_a_rollv2_cv3,1,2028,V2H-local-zero,False,zero_eeg_control,margin_power0p15_base0p15,fine_power_base_grid,0.15,0.15,0.6337792642140468,0.6421630023415739,0.6337792642140468,0.6330771662200233,598,35,28,0.6091181538196463,0.6050913686181544,0.6447414092329052,28
V2-S,V2M-two_stage_user_local_reranker-v1,protocol_a_rollv2_cv3,1,2028,V2H-local-zero,False,zero_eeg_control,margin_power0p2_base0p0,fine_power_base_grid,0.2,0.0,0.6555183946488294,0.6693733812483812,0.6555183946488294,0.6683222703222702,598,35,28,0.6328600503973638,0.635147091664949,0.6380423464074974,28
V2-S,V2M-two_stage_user_local_reranker-v1,protocol_a_rollv2_cv3,1,2028,V2H-local-zero,False,zero_eeg_control,margin_power0p2_base0p025,fine_power_base_grid,0.2,0.025,0.6521739130434783,0.6610804935804936,0.6521739130434783,0.6601159211159211,598,35,28,0.6295846524951003,0.6307371761836048,0.6380423464074975,28
V2-S,V2M-two_stage_user_local_reranker-v1,protocol_a_rollv2_cv3,1,2028,V2H-local-zero,False,zero_eeg_control,margin_power0p2_base0p05,fine_power_base_grid,0.2,0.05,0.6521739130434783,0.6591058148201004,0.6521739130434783,0.6585361781076066,598,35,28,0.6272878034072065,0.6270476448155021,0.6386324192988546,28
V2-S,V2M-two_stage_user_local_reranker-v1,protocol_a_rollv2_cv3,1,2028,V2H-local-zero,False,zero_eeg_control,margin_power0p2_base0p075,fine_power_base_grid,0.2,0.075,0.6505016722408027,0.6574027724920583,0.6505016722408027,0.6577689823404109,598,35,28,0.6229937972475286,0.6211991943241945,0.6401249566122874,28
V2-S,V2M-two_stage_user_local_reranker-v1,protocol_a_rollv2_cv3,1,2028,V2H-local-zero,False,zero_eeg_control,margin_power0p2_base0p1,fine_power_base_grid,0.2,0.1,0.6454849498327759,0.6497944086336942,0.6454849498327759,0.6507054902769188,598,35,28,0.6165994701815598,0.6149015237408095,0.6418951752863589,28
V2-S,V2M-two_stage_user_local_reranker-v1,protocol_a_rollv2_cv3,1,2028,V2H-local-zero,False,zero_eeg_control,margin_power0p2_base0p15,fine_power_base_grid,0.2,0.15,0.6404682274247492,0.643774816453388,0.6404682274247492,0.6294215625644196,598,35,28,0.6128575736038423,0.6102247603586888,0.645400902464422,28
V2-S,V2M-two_stage_user_local_reranker-v1,protocol_a_rollv2_cv3,1,2028,V2H-local-zero,False,zero_eeg_control,margin_power0p25_base0p0,fine_power_base_grid,0.25,0.0,0.6555183946488294,0.6693733812483812,0.6555183946488294,0.6683222703222702,598,35,28,0.6328600503973638,0.635147091664949,0.6380423464074974,28
V2-S,V2M-two_stage_user_local_reranker-v1,protocol_a_rollv2_cv3,1,2028,V2H-local-zero,False,zero_eeg_control,margin_power0p25_base0p025,fine_power_base_grid,0.25,0.025,0.6555183946488294,0.6634019221519221,0.6555183946488294,0.6619730639730639,598,35,28,0.6327474101354699,0.6339089448910878,0.6386671294689343,28
V2-S,V2M-two_stage_user_local_reranker-v1,protocol_a_rollv2_cv3,1,2028,V2H-local-zero,False,zero_eeg_control,margin_power0p25_base0p05,fine_power_base_grid,0.25,0.05,0.6538461538461539,0.6617182486825344,0.6538461538461539,0.6606261251975537,598,35,28,0.6288502293726175,0.628894772555487,0.6384241582783755,28
V2-S,V2M-two_stage_user_local_reranker-v1,protocol_a_rollv2_cv3,1,2028,V2H-local-zero,False,zero_eeg_control,margin_power0p25_base0p075,fine_power_base_grid,0.25,0.075,0.6505016722408027,0.65612962434391,0.6505016722408027,0.6561552257266542,598,35,28,0.6253688268613642,0.6244966244073389,0.6389795209996529,28
V2-S,V2M-two_stage_user_local_reranker-v1,protocol_a_rollv2_cv3,1,2028,V2H-local-zero,False,zero_eeg_control,margin_power0p25_base0p1,fine_power_base_grid,0.25,0.1,0.6505016722408027,0.6574027724920583,0.6505016722408027,0.6577689823404109,598,35,28,0.6248180095195022,0.6231833213083214,0.6408885803540437,28
V2-S,V2M-two_stage_user_local_reranker-v1,protocol_a_rollv2_cv3,1,2028,V2H-local-zero,False,zero_eeg_control,margin_power0p25_base0p15,fine_power_base_grid,0.25,0.15,0.6404682274247492,0.6448506255649112,0.6404682274247492,0.6342504638218923,598,35,28,0.6128930025198682,0.6110738121005979,0.6428323498785143,28
V2-S,V2M-two_stage_user_local_reranker-v1,protocol_a_rollv2_cv3,1,2028,V2H-local-zero,False,zero_eeg_control,margin_power0p3_base0p0,fine_power_base_grid,0.3,0.0,0.6555183946488294,0.6693733812483812,0.6555183946488294,0.6683222703222702,598,35,28,0.6328600503973638,0.635147091664949,0.6380423464074974,28
V2-S,V2M-two_stage_user_local_reranker-v1,protocol_a_rollv2_cv3,1,2028,V2H-local-zero,False,zero_eeg_control,margin_power0p3_base0p025,fine_power_base_grid,0.3,0.025,0.6555183946488294,0.6665670771027913,0.6555183946488294,0.6645051879337592,598,35,28,0.6328883719928496,0.6343955284133856,0.638146476917737,28
V2-S,V2M-two_stage_user_local_reranker-v1,protocol_a_rollv2_cv3,1,2028,V2H-local-zero,False,zero_eeg_control,margin_power0p3_base0p05,fine_power_base_grid,0.3,0.05,0.6521739130434783,0.6610804935804936,0.6521739130434783,0.6601159211159211,598,35,28,0.6314088647670737,0.6327213031677319,0.638354737938216,28
V2-S,V2M-two_stage_user_local_reranker-v1,protocol_a_rollv2_cv3,1,2028,V2H-local-zero,False,zero_eeg_control,margin_power0p3_base0p075,fine_power_base_grid,0.3,0.075,0.6521739130434783,0.6591058148201004,0.6521739130434783,0.6585361781076066,598,35,28,0.6272878034072065,0.6270476448155021,0.6385977091287748,28
V2-S,V2M-two_stage_user_local_reranker-v1,protocol_a_rollv2_cv3,1,2028,V2H-local-zero,False,zero_eeg_control,margin_power0p3_base0p1,fine_power_base_grid,0.3,0.1,0.6454849498327759,0.6523432486825343,0.6454849498327759,0.6525308871023155,598,35,28,0.6226455385410609,0.6220920514670516,0.6394654633807705,28
V2-S,V2M-two_stage_user_local_reranker-v1,protocol_a_rollv2_cv3,1,2028,V2H-local-zero,False,zero_eeg_control,margin_power0p3_base0p15,fine_power_base_grid,0.3,0.15,0.6454849498327759,0.6497944086336942,0.6454849498327759,0.6507054902769188,598,35,28,0.6165994701815598,0.6149015237408095,0.6415133634154807,28
V2-S,V2M-two_stage_user_local_reranker-v1,protocol_a_rollv2_cv3,1,2028,V2H-local-zero,False,zero_eeg_control,margin_power0p35_base0p0,fine_power_base_grid,0.35,0.0,0.6555183946488294,0.6693733812483812,0.6555183946488294,0.6683222703222702,598,35,28,0.6328600503973638,0.635147091664949,0.6380423464074974,28
V2-S,V2M-two_stage_user_local_reranker-v1,protocol_a_rollv2_cv3,1,2028,V2H-local-zero,False,zero_eeg_control,margin_power0p35_base0p025,fine_power_base_grid,0.35,0.025,0.6538461538461539,0.6684094807309092,0.6538461538461539,0.6659791108362535,598,35,28,0.6340373888135082,0.6362379320415036,0.6380423464074974,28
V2-S,V2M-two_stage_user_local_reranker-v1,protocol_a_rollv2_cv3,1,2028,V2H-local-zero,False,zero_eeg_control,margin_power0p35_base0p05,fine_power_base_grid,0.35,0.05,0.6538461538461539,0.6619733507233506,0.6538461538461539,0.6608302068302068,598,35,28,0.6306294286145032,0.6316300333264621,0.6380770565775773,28
V2-S,V2M-two_stage_user_local_reranker-v1,protocol_a_rollv2_cv3,1,2028,V2H-local-zero,False,zero_eeg_control,margin_power0p35_base0p075,fine_power_base_grid,0.35,0.075,0.6538461538461539,0.6617182486825344,0.6538461538461539,0.6606261251975537,598,35,28,0.6288502293726175,0.628894772555487,0.638562998958695,28
V2-S,V2M-two_stage_user_local_reranker-v1,protocol_a_rollv2_cv3,1,2028,V2H-local-zero,False,zero_eeg_control,margin_power0p35_base0p1,fine_power_base_grid,0.35,0.1,0.6521739130434783,0.6591058148201004,0.6521739130434783,0.6585361781076066,598,35,28,0.6272878034072065,0.6270476448155021,0.6391530718500521,28
V2-S,V2M-two_stage_user_local_reranker-v1,protocol_a_rollv2_cv3,1,2028,V2H-local-zero,False,zero_eeg_control,margin_power0p35_base0p15,fine_power_base_grid,0.35,0.15,0.6505016722408027,0.6574027724920583,0.6505016722408027,0.6577689823404109,598,35,28,0.6230767159871637,0.6216952260702262,0.6405761888233252,28
V2-S,V2M-two_stage_user_local_reranker-v1,protocol_a_rollv2_cv3,1,2028,V2H-local-zero,False,zero_eeg_control,margin_power0p4_base0p0,fine_power_base_grid,0.4,0.0,0.6555183946488294,0.6693733812483812,0.6555183946488294,0.6683222703222702,598,35,28,0.6328600503973638,0.635147091664949,0.6380423464074974,28
V2-S,V2M-two_stage_user_local_reranker-v1,protocol_a_rollv2_cv3,1,2028,V2H-local-zero,False,zero_eeg_control,margin_power0p4_base0p025,fine_power_base_grid,0.4,0.025,0.6521739130434783,0.6677481050695336,0.6521739130434783,0.665450010307153,598,35,28,0.6332082014171566,0.6355765563801279,0.6381811870878167,28
V2-S,V2M-two_stage_user_local_reranker-v1,protocol_a_rollv2_cv3,1,2028,V2H-local-zero,False,zero_eeg_control,margin_power0p4_base0p05,fine_power_base_grid,0.4,0.05,0.6538461538461539,0.6619733507233506,0.6538461538461539,0.6608302068302068,598,35,28,0.6315533802847236,0.6324803734625164,0.638320027768136,28
V2-S,V2M-two_stage_user_local_reranker-v1,protocol_a_rollv2_cv3,1,2028,V2H-local-zero,False,zero_eeg_control,margin_power0p4_base0p075,fine_power_base_grid,0.4,0.075,0.6521739130434783,0.6610804935804936,0.6521739130434783,0.6601159211159211,598,35,28,0.6314088647670737,0.6327213031677319,0.6384588684484553,28
V2-S,V2M-two_stage_user_local_reranker-v1,protocol_a_rollv2_cv3,1,2028,V2H-local-zero,False,zero_eeg_control,margin_power0p4_base0p1,fine_power_base_grid,0.4,0.1,0.6538461538461539,0.6605939100581957,0.6538461538461539,0.6597266542980827,598,35,28,0.6286559626111865,0.6285357400535972,0.638528288788615,28
V2-S,V2M-two_stage_user_local_reranker-v1,protocol_a_rollv2_cv3,1,2028,V2H-local-zero,False,zero_eeg_control,margin_power0p4_base0p15,fine_power_base_grid,0.4,0.15,0.6488294314381271,0.6565099153492009,0.6488294314381271,0.657054696626125,598,35,28,0.6220319398677607,0.620802368927369,0.6398819854217286,28
V2-S,V2M-two_stage_user_local_reranker-v1,protocol_a_rollv2_cv3,1,2028,V2H-local-zero,False,zero_eeg_control,margin_power0p5_base0p0,fine_power_base_grid,0.5,0.0,0.6555183946488294,0.6693733812483812,0.6555183946488294,0.6683222703222702,598,35,28,0.6328600503973638,0.635147091664949,0.6380423464074974,28
V2-S,V2M-two_stage_user_local_reranker-v1,protocol_a_rollv2_cv3,1,2028,V2H-local-zero,False,zero_eeg_control,margin_power0p5_base0p025,fine_power_base_grid,0.5,0.025,0.6538461538461539,0.6704953578167864,0.6538461538461539,0.6686246134817563,598,35,28,0.6344745967134027,0.636658807462379,0.638111766747657,28
V2-S,V2M-two_stage_user_local_reranker-v1,protocol_a_rollv2_cv3,1,2028,V2H-local-zero,False,zero_eeg_control,margin_power0p5_base0p05,fine_power_base_grid,0.5,0.05,0.6555183946488294,0.6665670771027913,0.6555183946488294,0.6645051879337592,598,35,28,0.6328883719928496,0.6343955284133856,0.638320027768136,28
V2-S,V2M-two_stage_user_local_reranker-v1,protocol_a_rollv2_cv3,1,2028,V2H-local-zero,False,zero_eeg_control,margin_power0p5_base0p075,fine_power_base_grid,0.5,0.075,0.6538461538461539,0.6619733507233506,0.6538461538461539,0.6608302068302068,598,35,28,0.6315533802847236,0.6324803734625164,0.6384241582783755,28
V2-S,V2M-two_stage_user_local_reranker-v1,protocol_a_rollv2_cv3,1,2028,V2H-local-zero,False,zero_eeg_control,margin_power0p5_base0p1,fine_power_base_grid,0.5,0.1,0.6521739130434783,0.6610804935804936,0.6521739130434783,0.6601159211159211,598,35,28,0.6314088647670737,0.6327213031677319,0.6384588684484553,28
V2-S,V2M-two_stage_user_local_reranker-v1,protocol_a_rollv2_cv3,1,2028,V2H-local-zero,False,zero_eeg_control,margin_power0p5_base0p15,fine_power_base_grid,0.5,0.15,0.6521739130434783,0.6591058148201004,0.6521739130434783,0.6585361781076066,598,35,28,0.6272878034072065,0.6270476448155021,0.6392572023602916,28
V2-S,V2M-two_stage_user_local_reranker-v1,protocol_a_rollv2_cv3,2,2028,V2H-local-zero,False,zero_eeg_control,v2n_eeg_base_0p05,reference_score_family,1.0,0.05,0.559931506849315,0.5530841843341844,0.559931506849315,0.5484401555234888,584,30,26,0.5565141369047619,0.5496008621008621,0.5943210671244143,26
V2-S,V2M-two_stage_user_local_reranker-v1,protocol_a_rollv2_cv3,2,2028,V2H-local-zero,False,zero_eeg_control,sqrt_margin_eeg_base0p05,reference_score_family,0.5,0.05,0.5633561643835616,0.5609418359418359,0.5633561643835616,0.5626575276575276,584,30,26,0.5605381944444444,0.5550165112665113,0.5953223903014698,26
V2-S,V2M-two_stage_user_local_reranker-v1,protocol_a_rollv2_cv3,2,2028,V2H-local-zero,False,zero_eeg_control,margin_power0p25_base0p05,reference_score_family,0.25,0.05,0.5684931506849316,0.5645539645539646,0.5684931506849316,0.5657880391213724,584,30,26,0.565973575036075,0.5611018611018611,0.5982190752065228,26
V2-S,V2M-two_stage_user_local_reranker-v1,protocol_a_rollv2_cv3,2,2028,V2H-local-zero,False,zero_eeg_control,margin_power0p1_base0p0,fine_power_base_grid,0.1,0.0,0.5547945205479452,0.5439673752173753,0.5547945205479452,0.5369278098444764,584,30,26,0.551042794011544,0.5440700503200503,0.5924257053964167,26
V2-S,V2M-two_stage_user_local_reranker-v1,protocol_a_rollv2_cv3,2,2028,V2H-local-zero,False,zero_eeg_control,margin_power0p1_base0p025,fine_power_base_grid,0.1,0.025,0.5787671232876712,0.575899100899101,0.5787671232876712,0.5745622895622895,584,30,26,0.5765007215007214,0.5730887168387169,0.6006866216071237,26
V2-S,V2M-two_stage_user_local_reranker-v1,protocol_a_rollv2_cv3,2,2028,V2H-local-zero,False,zero_eeg_control,margin_power0p1_base0p05,fine_power_base_grid,0.1,0.05,0.5873287671232876,0.5847869722869723,0.5873287671232876,0.5817360109026776,584,30,26,0.5846022727272727,0.5816644004144004,0.6100203840789615,26
V2-S,V2M-two_stage_user_local_reranker-v1,protocol_a_rollv2_cv3,2,2028,V2H-local-zero,False,zero_eeg_control,margin_power0p1_base0p075,fine_power_base_grid,0.1,0.075,0.5941780821917808,0.592993117993118,0.5941780821917808,0.5836892736892737,584,30,26,0.5917798520923521,0.5905573593073593,0.6193183850087616,26
V2-S,V2M-two_stage_user_local_reranker-v1,protocol_a_rollv2_cv3,2,2028,V2H-local-zero,False,zero_eeg_control,margin_power0p1_base0p1,fine_power_base_grid,0.1,0.1,0.6027397260273972,0.6062308062308063,0.6027397260273972,0.5951619368286035,584,30,26,0.5991770382395382,0.5985530673030672,0.6247899009405286,26
V2-S,V2M-two_stage_user_local_reranker-v1,protocol_a_rollv2_cv3,2,2028,V2H-local-zero,False,zero_eeg_control,margin_power0p1_base0p15,fine_power_base_grid,0.1,0.15,0.6147260273972602,0.6197494634994635,0.6147260273972602,0.6095765191598527,584,30,26,0.6099829770923522,0.6081339956339955,0.634624325000894,26
V2-S,V2M-two_stage_user_local_reranker-v1,protocol_a_rollv2_cv3,2,2028,V2H-local-zero,False,zero_eeg_control,margin_power0p15_base0p0,fine_power_base_grid,0.15,0.0,0.5547945205479452,0.5439673752173753,0.5547945205479452,0.5369278098444764,584,30,26,0.551042794011544,0.5440700503200503,0.5924257053964167,26
V2-S,V2M-two_stage_user_local_reranker-v1,protocol_a_rollv2_cv3,2,2028,V2H-local-zero,False,zero_eeg_control,margin_power0p15_base0p025,fine_power_base_grid,0.15,0.025,0.5667808219178082,0.564004514004514,0.5667808219178082,0.5653118486451819,584,30,26,0.5637860750360749,0.5591787841787842,0.5975396059078067,26
V2-S,V2M-two_stage_user_local_reranker-v1,protocol_a_rollv2_cv3,2,2028,V2H-local-zero,False,zero_eeg_control,margin_power0p15_base0p05,fine_power_base_grid,0.15,0.05,0.5821917808219178,0.5789973914973916,0.5821917808219178,0.5772474747474747,584,30,26,0.579148290945166,0.5761870074370075,0.6033687372599507,26
V2-S,V2M-two_stage_user_local_reranker-v1,protocol_a_rollv2_cv3,2,2028,V2H-local-zero,False,zero_eeg_control,margin_power0p15_base0p075,fine_power_base_grid,0.15,0.075,0.5873287671232876,0.5847869722869723,0.5873287671232876,0.5817360109026776,584,30,26,0.5846022727272727,0.5816644004144004,0.6093409147802452,26
V2-S,V2M-two_stage_user_local_reranker-v1,protocol_a_rollv2_cv3,2,2028,V2H-local-zero,False,zero_eeg_control,margin_power0p15_base0p1,fine_power_base_grid,0.15,0.1,0.5958904109589042,0.5950942575942576,0.5958904109589042,0.5860393618726952,584,30,26,0.5930819354256854,0.5915901228401228,0.6159568000572185,26
V2-S,V2M-two_stage_user_local_reranker-v1,protocol_a_rollv2_cv3,2,2028,V2H-local-zero,False,zero_eeg_control,margin_power0p15_base0p15,fine_power_base_grid,0.15,0.15,0.6044520547945206,0.6078333703333703,0.6044520547945206,0.5965508257174924,584,30,26,0.6009999549062048,0.6001556314056314,0.624861424024604,26
V2-S,V2M-two_stage_user_local_reranker-v1,protocol_a_rollv2_cv3,2,2028,V2H-local-zero,False,zero_eeg_control,margin_power0p2_base0p0,fine_power_base_grid,0.2,0.0,0.5547945205479452,0.5439673752173753,0.5547945205479452,0.5369278098444764,584,30,26,0.551042794011544,0.5440700503200503,0.5924257053964167,26
V2-S,V2M-two_stage_user_local_reranker-v1,protocol_a_rollv2_cv3,2,2028,V2H-local-zero,False,zero_eeg_control,margin_power0p2_base0p025,fine_power_base_grid,0.2,0.025,0.571917808219178,0.5675123487623488,0.571917808219178,0.5683519721019721,584,30,26,0.5667151424963925,0.56123667998668,0.5963237134785252,26
V2-S,V2M-two_stage_user_local_reranker-v1,protocol_a_rollv2_cv3,2,2028,V2H-local-zero,False,zero_eeg_control,margin_power0p2_base0p05,fine_power_base_grid,0.2,0.05,0.5787671232876712,0.5742965367965369,0.5787671232876712,0.5731734006734006,584,30,26,0.57538465007215,0.5713716838716839,0.6001501984765584,26
V2-S,V2M-two_stage_user_local_reranker-v1,protocol_a_rollv2_cv3,2,2028,V2H-local-zero,False,zero_eeg_control,margin_power0p2_base0p075,fine_power_base_grid,0.2,0.075,0.5804794520547946,0.5772523772523773,0.5804794520547946,0.5757351290684624,584,30,26,0.5777073187229436,0.5744419931919932,0.6044415835210813,26
V2-S,V2M-two_stage_user_local_reranker-v1,protocol_a_rollv2_cv3,2,2028,V2H-local-zero,False,zero_eeg_control,margin_power0p2_base0p1,fine_power_base_grid,0.2,0.1,0.5873287671232876,0.5847869722869723,0.5873287671232876,0.5817360109026776,584,30,26,0.5846022727272727,0.5816644004144004,0.6086256839394915,26
V2-S,V2M-two_stage_user_local_reranker-v1,protocol_a_rollv2_cv3,2,2028,V2H-local-zero,False,zero_eeg_control,margin_power0p2_base0p15,fine_power_base_grid,0.2,0.15,0.601027397260274,0.5991184741184741,0.601027397260274,0.5895270161936829,584,30,26,0.5967972132034631,0.5956143393643394,0.6184243464578194,26
V2-S,V2M-two_stage_user_local_reranker-v1,protocol_a_rollv2_cv3,2,2028,V2H-local-zero,False,zero_eeg_control,margin_power0p25_base0p0,fine_power_base_grid,0.25,0.0,0.5547945205479452,0.5439673752173753,0.5547945205479452,0.5369278098444764,584,30,26,0.551042794011544,0.5440700503200503,0.5924257053964167,26
V2-S,V2M-two_stage_user_local_reranker-v1,protocol_a_rollv2_cv3,2,2028,V2H-local-zero,False,zero_eeg_control,margin_power0p25_base0p025,fine_power_base_grid,0.25,0.025,0.5616438356164384,0.560140553890554,0.5616438356164384,0.5619630832130832,584,30,26,0.5612636408730158,0.5564664502164502,0.5955011980116584,26
V2-S,V2M-two_stage_user_local_reranker-v1,protocol_a_rollv2_cv3,2,2028,V2H-local-zero,False,zero_eeg_control,margin_power0p25_base0p05,fine_power_base_grid,0.25,0.05,0.5684931506849316,0.5645539645539646,0.5684931506849316,0.5657880391213724,584,30,26,0.565973575036075,0.5611018611018611,0.5982190752065228,26
V2-S,V2M-two_stage_user_local_reranker-v1,protocol_a_rollv2_cv3,2,2028,V2H-local-zero,False,zero_eeg_control,margin_power0p25_base0p075,fine_power_base_grid,0.25,0.075,0.5787671232876712,0.575899100899101,0.5787671232876712,0.5745622895622895,584,30,26,0.5765007215007214,0.5730887168387169,0.6016164217001037,26
V2-S,V2M-two_stage_user_local_reranker-v1,protocol_a_rollv2_cv3,2,2028,V2H-local-zero,False,zero_eeg_control,margin_power0p25_base0p1,fine_power_base_grid,0.25,0.1,0.5787671232876712,0.5751156251156252,0.5787671232876712,0.57335417668751,584,30,26,0.5765788465007214,0.5733736171236171,0.6050137681936845,26
V2-S,V2M-two_stage_user_local_reranker-v1,protocol_a_rollv2_cv3,2,2028,V2H-local-zero,False,zero_eeg_control,margin_power0p25_base0p15,fine_power_base_grid,0.25,0.15,0.589041095890411,0.5885262885262885,0.589041095890411,0.5803471220137888,584,30,26,0.5864685921717172,0.5843353405853405,0.6127024997317885,26
V2-S,V2M-two_stage_user_local_reranker-v1,protocol_a_rollv2_cv3,2,2028,V2H-local-zero,False,zero_eeg_control,margin_power0p3_base0p0,fine_power_base_grid,0.3,0.0,0.5547945205479452,0.5439673752173753,0.5547945205479452,0.5369278098444764,584,30,26,0.551042794011544,0.5440700503200503,0.5924257053964167,26
V2-S,V2M-two_stage_user_local_reranker-v1,protocol_a_rollv2_cv3,2,2028,V2H-local-zero,False,zero_eeg_control,margin_power0p3_base0p025,fine_power_base_grid,0.3,0.025,0.5633561643835616,0.5609418359418359,0.5633561643835616,0.5626575276575276,584,30,26,0.5605381944444444,0.5550165112665113,0.5953581518435075,26
V2-S,V2M-two_stage_user_local_reranker-v1,protocol_a_rollv2_cv3,2,2028,V2H-local-zero,False,zero_eeg_control,margin_power0p3_base0p05,fine_power_base_grid,0.3,0.05,0.5684931506849316,0.5654290154290155,0.5684931506849316,0.5665464165464165,584,30,26,0.5636124639249639,0.5584665334665335,0.5972535135715052,26
V2-S,V2M-two_stage_user_local_reranker-v1,protocol_a_rollv2_cv3,2,2028,V2H-local-zero,False,zero_eeg_control,margin_power0p3_base0p075,fine_power_base_grid,0.3,0.075,0.5753424657534246,0.5710914085914086,0.5753424657534246,0.5703956228956228,584,30,26,0.5725944715007214,0.5682810245310246,0.5993634445517291,26
V2-S,V2M-two_stage_user_local_reranker-v1,protocol_a_rollv2_cv3,2,2028,V2H-local-zero,False,zero_eeg_control,margin_power0p3_base0p1,fine_power_base_grid,0.3,0.1,0.583904109589041,0.5799589299589301,0.583904109589041,0.578080808080808,584,30,26,0.5804243326118326,0.5771485458985459,0.6026535064191969,26
V2-S,V2M-two_stage_user_local_reranker-v1,protocol_a_rollv2_cv3,2,2028,V2H-local-zero,False,zero_eeg_control,margin_power0p3_base0p15,fine_power_base_grid,0.3,0.15,0.5873287671232876,0.5828638953638954,0.5873287671232876,0.5800693442360109,584,30,26,0.584946902056277,0.5818850131350132,0.6078389300146623,26
V2-S,V2M-two_stage_user_local_reranker-v1,protocol_a_rollv2_cv3,2,2028,V2H-local-zero,False,zero_eeg_control,margin_power0p35_base0p0,fine_power_base_grid,0.35,0.0,0.5547945205479452,0.5439673752173753,0.5547945205479452,0.5369278098444764,584,30,26,0.551042794011544,0.5440700503200503,0.5924257053964167,26
V2-S,V2M-two_stage_user_local_reranker-v1,protocol_a_rollv2_cv3,2,2028,V2H-local-zero,False,zero_eeg_control,margin_power0p35_base0p025,fine_power_base_grid,0.35,0.025,0.5565068493150684,0.550899100899101,0.5565068493150684,0.5465464165464166,584,30,26,0.5539756944444444,0.5471105283605284,0.5947859671709044,26
V2-S,V2M-two_stage_user_local_reranker-v1,protocol_a_rollv2_cv3,2,2028,V2H-local-zero,False,zero_eeg_control,margin_power0p35_base0p05,fine_power_base_grid,0.35,0.05,0.5667808219178082,0.5651085026085026,0.5667808219178082,0.5662686387686388,584,30,26,0.5642039817821067,0.5591762404262405,0.5965740442727889,26
V2-S,V2M-two_stage_user_local_reranker-v1,protocol_a_rollv2_cv3,2,2028,V2H-local-zero,False,zero_eeg_control,margin_power0p35_base0p075,fine_power_base_grid,0.35,0.075,0.5684931506849316,0.5651263088763089,0.5684931506849316,0.5662840708674042,584,30,26,0.5673934659090908,0.5625518000518,0.5986482137109753,26
V2-S,V2M-two_stage_user_local_reranker-v1,protocol_a_rollv2_cv3,2,2028,V2H-local-zero,False,zero_eeg_control,margin_power0p35_base0p1,fine_power_base_grid,0.35,0.1,0.577054794520548,0.5734952547452548,0.577054794520548,0.5724789562289562,584,30,26,0.5745475965007214,0.5706848706848707,0.6003647677287846,26
V2-S,V2M-two_stage_user_local_reranker-v1,protocol_a_rollv2_cv3,2,2028,V2H-local-zero,False,zero_eeg_control,margin_power0p35_base0p15,fine_power_base_grid,0.35,0.15,0.5804794520547946,0.5767181892181893,0.5804794520547946,0.574743065576399,584,30,26,0.5784017631673881,0.5749761812261812,0.6052283374459106,26
V2-S,V2M-two_stage_user_local_reranker-v1,protocol_a_rollv2_cv3,2,2028,V2H-local-zero,False,zero_eeg_control,margin_power0p4_base0p0,fine_power_base_grid,0.4,0.0,0.5547945205479452,0.5439673752173753,0.5547945205479452,0.5369278098444764,584,30,26,0.551042794011544,0.5440700503200503,0.5924257053964167,26
V2-S,V2M-two_stage_user_local_reranker-v1,protocol_a_rollv2_cv3,2,2028,V2H-local-zero,False,zero_eeg_control,margin_power0p4_base0p025,fine_power_base_grid,0.4,0.025,0.553082191780822,0.5470300532800534,0.553082191780822,0.5420821308321309,584,30,26,0.551470734126984,0.544668525918526,0.594714444086829,26
V2-S,V2M-two_stage_user_local_reranker-v1,protocol_a_rollv2_cv3,2,2028,V2H-local-zero,False,zero_eeg_control,margin_power0p4_base0p05,fine_power_base_grid,0.4,0.05,0.565068493150685,0.5643072205572206,0.565068493150685,0.5655741943241942,584,30,26,0.5642039817821067,0.5591762404262405,0.5961449057683368,26
V2-S,V2M-two_stage_user_local_reranker-v1,protocol_a_rollv2_cv3,2,2028,V2H-local-zero,False,zero_eeg_control,margin_power0p4_base0p075,fine_power_base_grid,0.4,0.075,0.5684931506849316,0.5648566711066711,0.5684931506849316,0.5660503848003847,584,30,26,0.5648835452741702,0.5602217227217227,0.5976826520759575,26
V2-S,V2M-two_stage_user_local_reranker-v1,protocol_a_rollv2_cv3,2,2028,V2H-local-zero,False,zero_eeg_control,margin_power0p4_base0p1,fine_power_base_grid,0.4,0.1,0.5684931506849316,0.5638798701298702,0.5684931506849316,0.5641456228956229,584,30,26,0.567957702020202,0.5634421134421135,0.5992919214676538,26
V2-S,V2M-two_stage_user_local_reranker-v1,protocol_a_rollv2_cv3,2,2028,V2H-local-zero,False,zero_eeg_control,margin_power0p4_base0p15,fine_power_base_grid,0.4,0.15,0.583904109589041,0.5802794427794429,0.583904109589041,0.5783585858585858,584,30,26,0.5807107909451659,0.5774690587190587,0.6033687372599507,26
V2-S,V2M-two_stage_user_local_reranker-v1,protocol_a_rollv2_cv3,2,2028,V2H-local-zero,False,zero_eeg_control,margin_power0p5_base0p0,fine_power_base_grid,0.5,0.0,0.5547945205479452,0.5439673752173753,0.5547945205479452,0.5369278098444764,584,30,26,0.551042794011544,0.5440700503200503,0.5924257053964167,26
V2-S,V2M-two_stage_user_local_reranker-v1,protocol_a_rollv2_cv3,2,2028,V2H-local-zero,False,zero_eeg_control,margin_power0p5_base0p025,fine_power_base_grid,0.5,0.025,0.5547945205479452,0.5484545547045548,0.5547945205479452,0.5433166987333654,584,30,26,0.552859623015873,0.5460930273430274,0.594249544040339,26
V2-S,V2M-two_stage_user_local_reranker-v1,protocol_a_rollv2_cv3,2,2028,V2H-local-zero,False,zero_eeg_control,margin_power0p5_base0p05,fine_power_base_grid,0.5,0.05,0.5633561643835616,0.5609418359418359,0.5633561643835616,0.5626575276575276,584,30,26,0.5605381944444444,0.5550165112665113,0.5953223903014698,26
V2-S,V2M-two_stage_user_local_reranker-v1,protocol_a_rollv2_cv3,2,2028,V2H-local-zero,False,zero_eeg_control,margin_power0p5_base0p075,fine_power_base_grid,0.5,0.075,0.565068493150685,0.5643072205572206,0.565068493150685,0.5655741943241942,584,30,26,0.5642039817821067,0.5591762404262405,0.5965025211887136,26
V2-S,V2M-two_stage_user_local_reranker-v1,protocol_a_rollv2_cv3,2,2028,V2H-local-zero,False,zero_eeg_control,margin_power0p5_base0p1,fine_power_base_grid,0.5,0.1,0.5684931506849316,0.5648566711066711,0.5684931506849316,0.5660503848003847,584,30,26,0.5648835452741702,0.5602217227217227,0.5978256982441083,26
V2-S,V2M-two_stage_user_local_reranker-v1,protocol_a_rollv2_cv3,2,2028,V2H-local-zero,False,zero_eeg_control,margin_power0p5_base0p15,fine_power_base_grid,0.5,0.15,0.5702054794520548,0.5679396991896992,0.5702054794520548,0.5676641414141415,584,30,26,0.5703201659451659,0.5659305971805972,0.6005435754389729,26
V2-S,V2M-two_stage_user_local_reranker-v1,protocol_a_rollv2_cv3,3,2028,V2H-local-zero,False,zero_eeg_control,v2n_eeg_base_0p05,reference_score_family,1.0,0.05,0.580906148867314,0.6090381427699216,0.580906148867314,0.5850921829493257,618,28,24,0.5795438923935426,0.6016992575325909,0.6136746502600161,24
V2-S,V2M-two_stage_user_local_reranker-v1,protocol_a_rollv2_cv3,3,2028,V2H-local-zero,False,zero_eeg_control,sqrt_margin_eeg_base0p05,reference_score_family,0.5,0.05,0.587378640776699,0.6181243496713698,0.587378640776699,0.5928253492539207,618,28,24,0.5927847308092064,0.6141709101084101,0.6175565809712151,24
V2-S,V2M-two_stage_user_local_reranker-v1,protocol_a_rollv2_cv3,3,2028,V2H-local-zero,False,zero_eeg_control,margin_power0p25_base0p05,reference_score_family,0.25,0.05,0.5954692556634305,0.6341948456707551,0.5954692556634305,0.6068370518370518,618,28,24,0.6029862619897586,0.623452750952751,0.6233428550501721,24
V2-S,V2M-two_stage_user_local_reranker-v1,protocol_a_rollv2_cv3,3,2028,V2H-local-zero,False,zero_eeg_control,margin_power0p1_base0p0,fine_power_base_grid,0.1,0.0,0.5760517799352751,0.60540916974418,0.5760517799352751,0.5810512734619877,618,28,24,0.5779798387315869,0.5995829671871339,0.6113674650260016,24
V2-S,V2M-two_stage_user_local_reranker-v1,protocol_a_rollv2_cv3,3,2028,V2H-local-zero,False,zero_eeg_control,margin_power0p1_base0p025,fine_power_base_grid,0.1,0.025,0.6003236245954693,0.6390974253895113,0.6003236245954693,0.6122334907156335,618,28,24,0.6070337296735898,0.6266566650941651,0.6278839815425182,24
V2-S,V2M-two_stage_user_local_reranker-v1,protocol_a_rollv2_cv3,3,2028,V2H-local-zero,False,zero_eeg_control,margin_power0p1_base0p05,fine_power_base_grid,0.1,0.05,0.6067961165048543,0.6466647736066918,0.6067961165048543,0.6264559977059977,618,28,24,0.6187314142733723,0.6376361639903306,0.6448399619131326,24
V2-S,V2M-two_stage_user_local_reranker-v1,protocol_a_rollv2_cv3,3,2028,V2H-local-zero,False,zero_eeg_control,margin_power0p1_base0p075,fine_power_base_grid,0.1,0.075,0.6132686084142395,0.6510708497836013,0.6132686084142395,0.6382045732045732,618,28,24,0.6255424451228647,0.6426628309961644,0.6557533142898998,24
V2-S,V2M-two_stage_user_local_reranker-v1,protocol_a_rollv2_cv3,3,2028,V2H-local-zero,False,zero_eeg_control,margin_power0p1_base0p1,fine_power_base_grid,0.1,0.1,0.6213592233009708,0.6577567775660204,0.6213592233009708,0.6103096374524946,618,28,24,0.6346944042748238,0.6515208556875224,0.6658609829341536,24
V2-S,V2M-two_stage_user_local_reranker-v1,protocol_a_rollv2_cv3,3,2028,V2H-local-zero,False,zero_eeg_control,margin_power0p1_base0p15,fine_power_base_grid,0.1,0.15,0.6229773462783171,0.6591928896792157,0.6229773462783171,0.6117000294678866,618,28,24,0.6382312714480546,0.654341723091723,0.6792646304841427,24
V2-S,V2M-two_stage_user_local_reranker-v1,protocol_a_rollv2_cv3,3,2028,V2H-local-zero,False,zero_eeg_control,margin_power0p15_base0p0,fine_power_base_grid,0.15,0.0,0.5760517799352751,0.60540916974418,0.5760517799352751,0.5810512734619877,618,28,24,0.5779798387315869,0.5995829671871339,0.6113674650260016,24
V2-S,V2M-two_stage_user_local_reranker-v1,protocol_a_rollv2_cv3,3,2028,V2H-local-zero,False,zero_eeg_control,margin_power0p15_base0p025,fine_power_base_grid,0.15,0.025,0.5922330097087378,0.6302133641892737,0.5922330097087378,0.6034243534243534,618,28,24,0.6007038222073187,0.6207907139157139,0.6221709514392441,24
V2-S,V2M-two_stage_user_local_reranker-v1,protocol_a_rollv2_cv3,3,2028,V2H-local-zero,False,zero_eeg_control,margin_power0p15_base0p05,fine_power_base_grid,0.15,0.05,0.6035598705501618,0.6423011681217629,0.6035598705501618,0.6235911145732574,618,28,24,0.6115957080992046,0.630719616032116,0.6333772797187431,24
V2-S,V2M-two_stage_user_local_reranker-v1,protocol_a_rollv2_cv3,3,2028,V2H-local-zero,False,zero_eeg_control,margin_power0p15_base0p075,fine_power_base_grid,0.15,0.075,0.6051779935275081,0.6457178039097221,0.6051779935275081,0.6256443093943094,618,28,24,0.6175394244450189,0.636689194293361,0.6438511682414121,24
V2-S,V2M-two_stage_user_local_reranker-v1,protocol_a_rollv2_cv3,3,2028,V2H-local-zero,False,zero_eeg_control,margin_power0p15_base0p1,fine_power_base_grid,0.15,0.1,0.6132686084142395,0.651842454721873,0.6132686084142395,0.6388659488659488,618,28,24,0.6272615593419789,0.6444761026011027,0.651981249542225,24
V2-S,V2M-two_stage_user_local_reranker-v1,protocol_a_rollv2_cv3,3,2028,V2H-local-zero,False,zero_eeg_control,margin_power0p15_base0p15,fine_power_base_grid,0.15,0.15,0.6197411003236246,0.6568308516400944,0.6197411003236246,0.6095159866588438,618,28,24,0.6322329768133964,0.6491068345235013,0.6649088112502747,24
V2-S,V2M-two_stage_user_local_reranker-v1,protocol_a_rollv2_cv3,3,2028,V2H-local-zero,False,zero_eeg_control,margin_power0p2_base0p0,fine_power_base_grid,0.2,0.0,0.5760517799352751,0.60540916974418,0.5760517799352751,0.5810512734619877,618,28,24,0.5779798387315869,0.5995829671871339,0.6113674650260016,24
V2-S,V2M-two_stage_user_local_reranker-v1,protocol_a_rollv2_cv3,3,2028,V2H-local-zero,False,zero_eeg_control,margin_power0p2_base0p025,fine_power_base_grid,0.2,0.025,0.5841423948220065,0.615367107254201,0.5841423948220065,0.5901712573141145,618,28,24,0.58860683799495,0.6102505056671723,0.6199370101809126,24
V2-S,V2M-two_stage_user_local_reranker-v1,protocol_a_rollv2_cv3,3,2028,V2H-local-zero,False,zero_eeg_control,margin_power0p2_base0p05,fine_power_base_grid,0.2,0.05,0.5954692556634305,0.6342442056925416,0.5954692556634305,0.6079141493427207,618,28,24,0.6026851741886707,0.6223339237922572,0.6267853219072731,24
V2-S,V2M-two_stage_user_local_reranker-v1,protocol_a_rollv2_cv3,3,2028,V2H-local-zero,False,zero_eeg_control,margin_power0p2_base0p075,fine_power_base_grid,0.2,0.075,0.6035598705501618,0.6423011681217629,0.6035598705501618,0.6235911145732574,618,28,24,0.6115957080992046,0.630719616032116,0.6354281110378672,24
V2-S,V2M-two_stage_user_local_reranker-v1,protocol_a_rollv2_cv3,3,2028,V2H-local-zero,False,zero_eeg_control,margin_power0p2_base0p1,fine_power_base_grid,0.2,0.1,0.6051779935275081,0.6457178039097221,0.6051779935275081,0.6256443093943094,618,28,24,0.6175394244450189,0.636689194293361,0.6425693986669595,24
V2-S,V2M-two_stage_user_local_reranker-v1,protocol_a_rollv2_cv3,3,2028,V2H-local-zero,False,zero_eeg_control,margin_power0p2_base0p15,fine_power_base_grid,0.2,0.15,0.6132686084142395,0.6510708497836013,0.6132686084142395,0.6382045732045732,618,28,24,0.6266788087592283,0.643704497662831,0.6544349227276056,24
V2-S,V2M-two_stage_user_local_reranker-v1,protocol_a_rollv2_cv3,3,2028,V2H-local-zero,False,zero_eeg_control,margin_power0p25_base0p0,fine_power_base_grid,0.25,0.0,0.5760517799352751,0.60540916974418,0.5760517799352751,0.5810512734619877,618,28,24,0.5779798387315869,0.5995829671871339,0.6113674650260016,24
V2-S,V2M-two_stage_user_local_reranker-v1,protocol_a_rollv2_cv3,3,2028,V2H-local-zero,False,zero_eeg_control,margin_power0p25_base0p025,fine_power_base_grid,0.25,0.025,0.587378640776699,0.6177312820908022,0.587378640776699,0.5932324818039104,618,28,24,0.5896655015536134,0.6106748883832217,0.618289020728045,24
V2-S,V2M-two_stage_user_local_reranker-v1,protocol_a_rollv2_cv3,3,2028,V2H-local-zero,False,zero_eeg_control,margin_power0p25_base0p05,fine_power_base_grid,0.25,0.05,0.5954692556634305,0.6341948456707551,0.5954692556634305,0.6068370518370518,618,28,24,0.6029862619897586,0.623452750952751,0.6233428550501721,24
V2-S,V2M-two_stage_user_local_reranker-v1,protocol_a_rollv2_cv3,3,2028,V2H-local-zero,False,zero_eeg_control,margin_power0p25_base0p075,fine_power_base_grid,0.25,0.075,0.598705501618123,0.6357883715047996,0.598705501618123,0.6092927310784454,618,28,24,0.6074999301397902,0.626483053983054,0.6295685929832271,24
V2-S,V2M-two_stage_user_local_reranker-v1,protocol_a_rollv2_cv3,3,2028,V2H-local-zero,False,zero_eeg_control,margin_power0p25_base0p1,fine_power_base_grid,0.25,0.1,0.6019417475728155,0.6385406639200821,0.6019417475728155,0.6194924751174752,618,28,24,0.6096726311761277,0.6287404493654494,0.6363070387460631,24
V2-S,V2M-two_stage_user_local_reranker-v1,protocol_a_rollv2_cv3,3,2028,V2H-local-zero,False,zero_eeg_control,margin_power0p25_base0p15,fine_power_base_grid,0.25,0.15,0.6084142394822006,0.6475873926543109,0.6084142394822006,0.6272468140325282,618,28,24,0.6194321024740606,0.6381321957363624,0.6472936350985132,24
V2-S,V2M-two_stage_user_local_reranker-v1,protocol_a_rollv2_cv3,3,2028,V2H-local-zero,False,zero_eeg_control,margin_power0p3_base0p0,fine_power_base_grid,0.3,0.0,0.5760517799352751,0.60540916974418,0.5760517799352751,0.5810512734619877,618,28,24,0.5779798387315869,0.5995829671871339,0.6113674650260016,24
V2-S,V2M-two_stage_user_local_reranker-v1,protocol_a_rollv2_cv3,3,2028,V2H-local-zero,False,zero_eeg_control,margin_power0p3_base0p025,fine_power_base_grid,0.3,0.025,0.587378640776699,0.6181243496713698,0.587378640776699,0.5928253492539207,618,28,24,0.5927847308092064,0.6141709101084101,0.6174833369955322,24
V2-S,V2M-two_stage_user_local_reranker-v1,protocol_a_rollv2_cv3,3,2028,V2H-local-zero,False,zero_eeg_control,margin_power0p3_base0p05,fine_power_base_grid,0.3,0.05,0.5906148867313916,0.6292758641892736,0.5906148867313916,0.6023019044447616,618,28,24,0.6002806342841309,0.6210828214994882,0.6213652677067311,24
V2-S,V2M-two_stage_user_local_reranker-v1,protocol_a_rollv2_cv3,3,2028,V2H-local-zero,False,zero_eeg_control,margin_power0p3_base0p075,fine_power_base_grid,0.3,0.075,0.5938511326860841,0.6333182797666157,0.5938511326860841,0.6071204985490699,618,28,24,0.6015973731008696,0.6214079978663313,0.6260162601626016,24
V2-S,V2M-two_stage_user_local_reranker-v1,protocol_a_rollv2_cv3,3,2028,V2H-local-zero,False,zero_eeg_control,margin_power0p3_base0p1,fine_power_base_grid,0.3,0.1,0.6003236245954693,0.6367377211520658,0.6003236245954693,0.610265898123041,618,28,24,0.6081159807558408,0.6269019252352587,0.6308869845455212,24
V2-S,V2M-two_stage_user_local_reranker-v1,protocol_a_rollv2_cv3,3,2028,V2H-local-zero,False,zero_eeg_control,margin_power0p3_base0p15,fine_power_base_grid,0.3,0.15,0.6035598705501618,0.6415751757045939,0.6035598705501618,0.6220934852184853,618,28,24,0.6128706957378286,0.632268788310455,0.6401523474694207,24
V2-S,V2M-two_stage_user_local_reranker-v1,protocol_a_rollv2_cv3,3,2028,V2H-local-zero,False,zero_eeg_control,margin_power0p35_base0p0,fine_power_base_grid,0.35,0.0,0.5760517799352751,0.60540916974418,0.5760517799352751,0.5810512734619877,618,28,24,0.5779798387315869,0.5995829671871339,0.6113674650260016,24
V2-S,V2M-two_stage_user_local_reranker-v1,protocol_a_rollv2_cv3,3,2028,V2H-local-zero,False,zero_eeg_control,margin_power0p35_base0p025,fine_power_base_grid,0.35,0.025,0.580906148867314,0.610464997165526,0.580906148867314,0.5861557622271908,618,28,24,0.5855085473966593,0.6068168636918637,0.6160917014575551,24
V2-S,V2M-two_stage_user_local_reranker-v1,protocol_a_rollv2_cv3,3,2028,V2H-local-zero,False,zero_eeg_control,margin_power0p35_base0p05,fine_power_base_grid,0.35,0.05,0.5857605177993528,0.6170337739208676,0.5857605177993528,0.5915998287426858,618,28,24,0.5898888892770012,0.6116393945560613,0.6201933640958032,24
V2-S,V2M-two_stage_user_local_reranker-v1,protocol_a_rollv2_cv3,3,2028,V2H-local-zero,False,zero_eeg_control,margin_power0p35_base0p075,fine_power_base_grid,0.35,0.075,0.5938511326860841,0.6318800308559404,0.5938511326860841,0.604852924852925,618,28,24,0.6008495098530063,0.6211379361379362,0.6233428550501721,24
V2-S,V2M-two_stage_user_local_reranker-v1,protocol_a_rollv2_cv3,3,2028,V2H-local-zero,False,zero_eeg_control,margin_power0p35_base0p1,fine_power_base_grid,0.35,0.1,0.5954692556634305,0.6342442056925416,0.5954692556634305,0.6079141493427207,618,28,24,0.6026851741886707,0.6223339237922572,0.6268585658829562,24
V2-S,V2M-two_stage_user_local_reranker-v1,protocol_a_rollv2_cv3,3,2028,V2H-local-zero,False,zero_eeg_control,margin_power0p35_base0p15,fine_power_base_grid,0.35,0.15,0.6051779935275081,0.6433064591270538,0.6051779935275081,0.6244527925777926,618,28,24,0.6129457469492435,0.6320969308469309,0.6361239288068556,24
V2-S,V2M-two_stage_user_local_reranker-v1,protocol_a_rollv2_cv3,3,2028,V2H-local-zero,False,zero_eeg_control,margin_power0p4_base0p0,fine_power_base_grid,0.4,0.0,0.5760517799352751,0.60540916974418,0.5760517799352751,0.5810512734619877,618,28,24,0.5779798387315869,0.5995829671871339,0.6113674650260016,24
V2-S,V2M-two_stage_user_local_reranker-v1,protocol_a_rollv2_cv3,3,2028,V2H-local-zero,False,zero_eeg_control,margin_power0p4_base0p025,fine_power_base_grid,0.4,0.025,0.5792880258899676,0.6072598689603979,0.5792880258899676,0.5834085094799379,618,28,24,0.5807718311214815,0.602840130548464,0.615139529773676,24
V2-S,V2M-two_stage_user_local_reranker-v1,protocol_a_rollv2_cv3,3,2028,V2H-local-zero,False,zero_eeg_control,margin_power0p4_base0p05,fine_power_base_grid,0.4,0.05,0.587378640776699,0.6175951165134602,0.587378640776699,0.5922404183118469,618,28,24,0.5906658900540019,0.6119480365313699,0.6186918625943016,24
V2-S,V2M-two_stage_user_local_reranker-v1,protocol_a_rollv2_cv3,3,2028,V2H-local-zero,False,zero_eeg_control,margin_power0p4_base0p075,fine_power_base_grid,0.4,0.075,0.5922330097087378,0.6315906790040885,0.5922330097087378,0.6042860314288886,618,28,24,0.6024173864208829,0.6233976363143029,0.6218779755365123,24
V2-S,V2M-two_stage_user_local_reranker-v1,protocol_a_rollv2_cv3,3,2028,V2H-local-zero,False,zero_eeg_control,margin_power0p4_base0p1,fine_power_base_grid,0.4,0.1,0.5922330097087378,0.6307226234485329,0.5922330097087378,0.6038608613608615,618,28,24,0.5996840086875053,0.6199805287305288,0.6247344905881491,24
V2-S,V2M-two_stage_user_local_reranker-v1,protocol_a_rollv2_cv3,3,2028,V2H-local-zero,False,zero_eeg_control,margin_power0p4_base0p15,fine_power_base_grid,0.4,0.15,0.6019417475728155,0.6390525359668807,0.6019417475728155,0.612250025107168,618,28,24,0.6102527328925931,0.6292167400500734,0.631765912253717,24
V2-S,V2M-two_stage_user_local_reranker-v1,protocol_a_rollv2_cv3,3,2028,V2H-local-zero,False,zero_eeg_control,margin_power0p5_base0p0,fine_power_base_grid,0.5,0.0,0.5760517799352751,0.60540916974418,0.5760517799352751,0.5810512734619877,618,28,24,0.5779798387315869,0.5995829671871339,0.6113674650260016,24
V2-S,V2M-two_stage_user_local_reranker-v1,protocol_a_rollv2_cv3,3,2028,V2H-local-zero,False,zero_eeg_control,margin_power0p5_base0p025,fine_power_base_grid,0.5,0.025,0.5792880258899676,0.6072598689603979,0.5792880258899676,0.5834085094799379,618,28,24,0.5798005801502305,0.6020685256101923,0.614333846041163,24
V2-S,V2M-two_stage_user_local_reranker-v1,protocol_a_rollv2_cv3,3,2028,V2H-local-zero,False,zero_eeg_control,margin_power0p5_base0p05,fine_power_base_grid,0.5,0.05,0.587378640776699,0.6181243496713698,0.587378640776699,0.5928253492539207,618,28,24,0.5927847308092064,0.6141709101084101,0.6175565809712151,24
V2-S,V2M-two_stage_user_local_reranker-v1,protocol_a_rollv2_cv3,3,2028,V2H-local-zero,False,zero_eeg_control,margin_power0p5_base0p075,fine_power_base_grid,0.5,0.075,0.5906148867313916,0.6215765979949416,0.5906148867313916,0.5956531167245452,618,28,24,0.5940846934728053,0.6156517402350735,0.6198637662052296,24
V2-S,V2M-two_stage_user_local_reranker-v1,protocol_a_rollv2_cv3,3,2028,V2H-local-zero,False,zero_eeg_control,margin_power0p5_base0p1,fine_power_base_grid,0.5,0.1,0.5906148867313916,0.6292758641892736,0.5906148867313916,0.6023019044447616,618,28,24,0.6002806342841308,0.6210828214994882,0.6219512195121951,24
V2-S,V2M-two_stage_user_local_reranker-v1,protocol_a_rollv2_cv3,3,2028,V2H-local-zero,False,zero_eeg_control,margin_power0p5_base0p15,fine_power_base_grid,0.5,0.15,0.5938511326860841,0.6333182797666157,0.5938511326860841,0.6071204985490699,618,28,24,0.6006261221296186,0.6206363929280596,0.6259796381747602,24
V2-S,V2M-two_stage_user_local_reranker-v1,protocol_a_rollv2_cv3,1,2029,V2H-local-zero,False,zero_eeg_control,v2n_eeg_base_0p05,reference_score_family,1.0,0.05,0.6555183946488294,0.6480630216344502,0.6555183946488294,0.6507092695664124,598,35,28,0.6284472658353256,0.6309356747749606,0.629573064908018,28
V2-S,V2M-two_stage_user_local_reranker-v1,protocol_a_rollv2_cv3,1,2029,V2H-local-zero,False,zero_eeg_control,sqrt_margin_eeg_base0p05,reference_score_family,0.5,0.05,0.6638795986622074,0.6695690684976398,0.6638795986622074,0.6679141070569641,598,35,28,0.6339886067498008,0.6365687057651345,0.6295730649080181,28
V2-S,V2M-two_stage_user_local_reranker-v1,protocol_a_rollv2_cv3,1,2029,V2H-local-zero,False,zero_eeg_control,margin_power0p25_base0p05,reference_score_family,0.25,0.05,0.6555183946488294,0.6595799339549339,0.6555183946488294,0.6593275613275613,598,35,28,0.6182980121039823,0.6177431199752628,0.6297813259284971,28
V2-S,V2M-two_stage_user_local_reranker-v1,protocol_a_rollv2_cv3,1,2029,V2H-local-zero,False,zero_eeg_control,margin_power0p1_base0p0,fine_power_base_grid,0.1,0.0,0.6605351170568562,0.6568698398162683,0.6605351170568562,0.6583499622071051,598,35,28,0.6298461157416382,0.6330035473785474,0.6289829920166609,28
V2-S,V2M-two_stage_user_local_reranker-v1,protocol_a_rollv2_cv3,1,2029,V2H-local-zero,False,zero_eeg_control,margin_power0p1_base0p025,fine_power_base_grid,0.1,0.025,0.6588628762541806,0.6617980861730862,0.6588628762541806,0.6660471380471379,598,35,28,0.6185741207382999,0.6171057943379372,0.6301631377993753,28
V2-S,V2M-two_stage_user_local_reranker-v1,protocol_a_rollv2_cv3,1,2029,V2H-local-zero,False,zero_eeg_control,margin_power0p1_base0p05,fine_power_base_grid,0.1,0.05,0.6555183946488294,0.6545875453911169,0.6555183946488294,0.6555168006596577,598,35,28,0.6168803170295707,0.6142773397237684,0.6325928497049635,28
V2-S,V2M-two_stage_user_local_reranker-v1,protocol_a_rollv2_cv3,1,2029,V2H-local-zero,False,zero_eeg_control,margin_power0p1_base0p075,fine_power_base_grid,0.1,0.075,0.6505016722408027,0.6476656478442193,0.6505016722408027,0.6339078540507112,598,35,28,0.6152624324266115,0.6110900458668317,0.6338077056577577,28
V2-S,V2M-two_stage_user_local_reranker-v1,protocol_a_rollv2_cv3,1,2029,V2H-local-zero,False,zero_eeg_control,margin_power0p1_base0p1,fine_power_base_grid,0.1,0.1,0.6505016722408027,0.6466735843521558,0.6505016722408027,0.6331142032570604,598,35,28,0.6137651568994852,0.6093326762523191,0.6335647344671989,28
V2-S,V2M-two_stage_user_local_reranker-v1,protocol_a_rollv2_cv3,1,2029,V2H-local-zero,False,zero_eeg_control,margin_power0p1_base0p15,fine_power_base_grid,0.1,0.15,0.6404682274247492,0.6330426319712034,0.6404682274247492,0.6138761080189651,598,35,28,0.6040648489155952,0.597923946093589,0.6359250260326276,28
V2-S,V2M-two_stage_user_local_reranker-v1,protocol_a_rollv2_cv3,1,2029,V2H-local-zero,False,zero_eeg_control,margin_power0p15_base0p0,fine_power_base_grid,0.15,0.0,0.6605351170568562,0.6568698398162683,0.6605351170568562,0.6583499622071051,598,35,28,0.6298461157416382,0.6330035473785474,0.6289829920166609,28
V2-S,V2M-two_stage_user_local_reranker-v1,protocol_a_rollv2_cv3,1,2029,V2H-local-zero,False,zero_eeg_control,margin_power0p15_base0p025,fine_power_base_grid,0.15,0.025,0.657190635451505,0.6607704101454102,0.657190635451505,0.6602799422799422,598,35,28,0.624691046929853,0.62488597711812,0.6298854564387366,28
V2-S,V2M-two_stage_user_local_reranker-v1,protocol_a_rollv2_cv3,1,2029,V2H-local-zero,False,zero_eeg_control,margin_power0p15_base0p05,fine_power_base_grid,0.15,0.05,0.6555183946488294,0.6607525113775116,0.6555183946488294,0.664020202020202,598,35,28,0.6184889405784928,0.6175483147804577,0.6308226310308921,28
V2-S,V2M-two_stage_user_local_reranker-v1,protocol_a_rollv2_cv3,1,2029,V2H-local-zero,False,zero_eeg_control,margin_power0p15_base0p075,fine_power_base_grid,0.15,0.075,0.657190635451505,0.6552489210524926,0.657190635451505,0.6560459011887583,598,35,28,0.6177095044259222,0.6149387153851441,0.6323498785144048,28
V2-S,V2M-two_stage_user_local_reranker-v1,protocol_a_rollv2_cv3,1,2029,V2H-local-zero,False,zero_eeg_control,margin_power0p15_base0p1,fine_power_base_grid,0.15,0.1,0.6488294314381271,0.6438236565022281,0.6488294314381271,0.630834260977118,598,35,28,0.6097860265770714,0.6056102478870337,0.6338771259979175,28
V2-S,V2M-two_stage_user_local_reranker-v1,protocol_a_rollv2_cv3,1,2029,V2H-local-zero,False,zero_eeg_control,margin_power0p15_base0p15,fine_power_base_grid,0.15,0.15,0.6505016722408027,0.6466735843521558,0.6505016722408027,0.6331142032570604,598,35,28,0.6137651568994852,0.6093326762523191,0.6337382853175979,28
V2-S,V2M-two_stage_user_local_reranker-v1,protocol_a_rollv2_cv3,1,2029,V2H-local-zero,False,zero_eeg_control,margin_power0p2_base0p0,fine_power_base_grid,0.2,0.0,0.6605351170568562,0.6568698398162683,0.6605351170568562,0.6583499622071051,598,35,28,0.6298461157416382,0.6330035473785474,0.6289829920166609,28
V2-S,V2M-two_stage_user_local_reranker-v1,protocol_a_rollv2_cv3,1,2029,V2H-local-zero,False,zero_eeg_control,margin_power0p2_base0p025,fine_power_base_grid,0.2,0.025,0.6555183946488294,0.6631447487697487,0.6555183946488294,0.6621794131794131,598,35,28,0.628903318903319,0.6315261887583318,0.6294689343977786,28
V2-S,V2M-two_stage_user_local_reranker-v1,protocol_a_rollv2_cv3,1,2029,V2H-local-zero,False,zero_eeg_control,margin_power0p2_base0p05,fine_power_base_grid,0.2,0.05,0.6538461538461539,0.6558457052207052,0.6538461538461539,0.6600947570947571,598,35,28,0.6148889750382288,0.6134068147461005,0.6301631377993753,28
V2-S,V2M-two_stage_user_local_reranker-v1,protocol_a_rollv2_cv3,1,2029,V2H-local-zero,False,zero_eeg_control,margin_power0p2_base0p075,fine_power_base_grid,0.2,0.075,0.6555183946488294,0.6607525113775116,0.6555183946488294,0.664020202020202,598,35,28,0.6203131528504663,0.6195324417645847,0.6311003123915307,28
V2-S,V2M-two_stage_user_local_reranker-v1,protocol_a_rollv2_cv3,1,2029,V2H-local-zero,False,zero_eeg_control,margin_power0p2_base0p1,fine_power_base_grid,0.2,0.1,0.657190635451505,0.6552489210524926,0.657190635451505,0.6560459011887583,598,35,28,0.6177095044259222,0.6149387153851441,0.6324540090246443,28
V2-S,V2M-two_stage_user_local_reranker-v1,protocol_a_rollv2_cv3,1,2029,V2H-local-zero,False,zero_eeg_control,margin_power0p2_base0p15,fine_power_base_grid,0.2,0.15,0.6488294314381271,0.6438236565022281,0.6488294314381271,0.630834260977118,598,35,28,0.6104162089982985,0.6061658034425891,0.6339465463380771,28
V2-S,V2M-two_stage_user_local_reranker-v1,protocol_a_rollv2_cv3,1,2029,V2H-local-zero,False,zero_eeg_control,margin_power0p25_base0p0,fine_power_base_grid,0.25,0.0,0.6605351170568562,0.6568698398162683,0.6605351170568562,0.6583499622071051,598,35,28,0.6298461157416382,0.6330035473785474,0.6289829920166609,28
V2-S,V2M-two_stage_user_local_reranker-v1,protocol_a_rollv2_cv3,1,2029,V2H-local-zero,False,zero_eeg_control,margin_power0p25_base0p025,fine_power_base_grid,0.25,0.025,0.6588628762541806,0.6668649868649867,0.6588628762541806,0.6657508417508418,598,35,28,0.6311954297775193,0.6338646241324815,0.6292259632072197,28
V2-S,V2M-two_stage_user_local_reranker-v1,protocol_a_rollv2_cv3,1,2029,V2H-local-zero,False,zero_eeg_control,margin_power0p25_base0p05,fine_power_base_grid,0.25,0.05,0.6555183946488294,0.6595799339549339,0.6555183946488294,0.6593275613275613,598,35,28,0.6182980121039823,0.6177431199752628,0.6297813259284971,28
V2-S,V2M-two_stage_user_local_reranker-v1,protocol_a_rollv2_cv3,1,2029,V2H-local-zero,False,zero_eeg_control,margin_power0p25_base0p075,fine_power_base_grid,0.25,0.075,0.657190635451505,0.659059990934991,0.657190635451505,0.6626661856661856,598,35,28,0.6171064590467575,0.6158557943379374,0.6304061089899341,28
V2-S,V2M-two_stage_user_local_reranker-v1,protocol_a_rollv2_cv3,1,2029,V2H-local-zero,False,zero_eeg_control,margin_power0p25_base0p1,fine_power_base_grid,0.25,0.1,0.6555183946488294,0.6607525113775116,0.6555183946488294,0.664020202020202,598,35,28,0.6203131528504663,0.6195324417645847,0.6314127039222492,28
V2-S,V2M-two_stage_user_local_reranker-v1,protocol_a_rollv2_cv3,1,2029,V2H-local-zero,False,zero_eeg_control,margin_power0p25_base0p15,fine_power_base_grid,0.25,0.15,0.6538461538461539,0.6535954818990534,0.6538461538461539,0.6547231498660069,598,35,28,0.6176265856862871,0.6152694032158318,0.6334258937868795,28
V2-S,V2M-two_stage_user_local_reranker-v1,protocol_a_rollv2_cv3,1,2029,V2H-local-zero,False,zero_eeg_control,margin_power0p3_base0p0,fine_power_base_grid,0.3,0.0,0.6605351170568562,0.6568698398162683,0.6605351170568562,0.6583499622071051,598,35,28,0.6298461157416382,0.6330035473785474,0.6289829920166609,28
V2-S,V2M-two_stage_user_local_reranker-v1,protocol_a_rollv2_cv3,1,2029,V2H-local-zero,False,zero_eeg_control,margin_power0p3_base0p025,fine_power_base_grid,0.3,0.025,0.6588628762541806,0.6496455991098848,0.6588628762541806,0.65197533154676,598,35,28,0.6301707910663135,0.6325182522503953,0.6293300937174593,28
V2-S,V2M-two_stage_user_local_reranker-v1,protocol_a_rollv2_cv3,1,2029,V2H-local-zero,False,zero_eeg_control,margin_power0p3_base0p05,fine_power_base_grid,0.3,0.05,0.6555183946488294,0.6595799339549339,0.6555183946488294,0.6593275613275613,598,35,28,0.6216562210592061,0.6222074056895485,0.6297119055883373,28
V2-S,V2M-two_stage_user_local_reranker-v1,protocol_a_rollv2_cv3,1,2029,V2H-local-zero,False,zero_eeg_control,margin_power0p3_base0p075,fine_power_base_grid,0.3,0.075,0.6538461538461539,0.6579290385540385,0.6538461538461539,0.6617614237614237,598,35,28,0.615763175464668,0.6150649780114066,0.6301284276292954,28
V2-S,V2M-two_stage_user_local_reranker-v1,protocol_a_rollv2_cv3,1,2029,V2H-local-zero,False,zero_eeg_control,margin_power0p3_base0p1,fine_power_base_grid,0.3,0.1,0.6555183946488294,0.6583986152736153,0.6555183946488294,0.662137085137085,598,35,28,0.6181014839223794,0.6171785456606885,0.6307532106907324,28
V2-S,V2M-two_stage_user_local_reranker-v1,protocol_a_rollv2_cv3,1,2029,V2H-local-zero,False,zero_eeg_control,margin_power0p3_base0p15,fine_power_base_grid,0.3,0.15,0.6555183946488294,0.6546111659504518,0.6555183946488294,0.6555356971071257,598,35,28,0.6188289074109968,0.6168519806912665,0.6323151683443249,28
V2-S,V2M-two_stage_user_local_reranker-v1,protocol_a_rollv2_cv3,1,2029,V2H-local-zero,False,zero_eeg_control,margin_power0p35_base0p0,fine_power_base_grid,0.35,0.0,0.6605351170568562,0.6568698398162683,0.6605351170568562,0.6583499622071051,598,35,28,0.6298461157416382,0.6330035473785474,0.6289829920166609,28
V2-S,V2M-two_stage_user_local_reranker-v1,protocol_a_rollv2_cv3,1,2029,V2H-local-zero,False,zero_eeg_control,margin_power0p35_base0p025,fine_power_base_grid,0.35,0.025,0.6588628762541806,0.6496455991098848,0.6588628762541806,0.65197533154676,598,35,28,0.6301707910663135,0.6325182522503953,0.6293300937174593,28
V2-S,V2M-two_stage_user_local_reranker-v1,protocol_a_rollv2_cv3,1,2029,V2H-local-zero,False,zero_eeg_control,margin_power0p35_base0p05,fine_power_base_grid,0.35,0.05,0.657190635451505,0.6645733201983202,0.657190635451505,0.6633222703222703,598,35,28,0.6319215610260387,0.6349388871710301,0.6296771954182575,28
V2-S,V2M-two_stage_user_local_reranker-v1,protocol_a_rollv2_cv3,1,2029,V2H-local-zero,False,zero_eeg_control,margin_power0p35_base0p075,fine_power_base_grid,0.35,0.075,0.657190635451505,0.6623271867021866,0.657190635451505,0.6664704184704184,598,35,28,0.6195644074002283,0.6188253710575139,0.6299895869489761,28
V2-S,V2M-two_stage_user_local_reranker-v1,protocol_a_rollv2_cv3,1,2029,V2H-local-zero,False,zero_eeg_control,margin_power0p35_base0p1,fine_power_base_grid,0.35,0.1,0.6555183946488294,0.6581671337921339,0.6555183946488294,0.6619518999518998,598,35,28,0.6160616829273545,0.6149629371950801,0.6304755293300938,28
V2-S,V2M-two_stage_user_local_reranker-v1,protocol_a_rollv2_cv3,1,2029,V2H-local-zero,False,zero_eeg_control,margin_power0p35_base0p15,fine_power_base_grid,0.35,0.15,0.657190635451505,0.6614138870388873,0.657190635451505,0.6645493025493024,598,35,28,0.6211423402468179,0.6201938174259604,0.631690385282888,28
V2-S,V2M-two_stage_user_local_reranker-v1,protocol_a_rollv2_cv3,1,2029,V2H-local-zero,False,zero_eeg_control,margin_power0p4_base0p0,fine_power_base_grid,0.4,0.0,0.6605351170568562,0.6568698398162683,0.6605351170568562,0.6583499622071051,598,35,28,0.6298461157416382,0.6330035473785474,0.6289829920166609,28
V2-S,V2M-two_stage_user_local_reranker-v1,protocol_a_rollv2_cv3,1,2029,V2H-local-zero,False,zero_eeg_control,margin_power0p4_base0p025,fine_power_base_grid,0.4,0.025,0.657190635451505,0.6483700889058033,0.657190635451505,0.6509549233834948,598,35,28,0.6289980831771878,0.6312427420463136,0.6290524123568205,28
V2-S,V2M-two_stage_user_local_reranker-v1,protocol_a_rollv2_cv3,1,2029,V2H-local-zero,False,zero_eeg_control,margin_power0p4_base0p05,fine_power_base_grid,0.4,0.05,0.6588628762541806,0.6660614154364153,0.6588628762541806,0.6645127465127465,598,35,28,0.6314655079580453,0.6344428554249983,0.6295036445678583,28
V2-S,V2M-two_stage_user_local_reranker-v1,protocol_a_rollv2_cv3,1,2029,V2H-local-zero,False,zero_eeg_control,margin_power0p4_base0p075,fine_power_base_grid,0.4,0.075,0.6555183946488294,0.6595799339549339,0.6555183946488294,0.6593275613275613,598,35,28,0.6182980121039823,0.6177431199752628,0.6297119055883373,28
V2-S,V2M-two_stage_user_local_reranker-v1,protocol_a_rollv2_cv3,1,2029,V2H-local-zero,False,zero_eeg_control,margin_power0p4_base0p1,fine_power_base_grid,0.4,0.1,0.657190635451505,0.6602504671254671,0.657190635451505,0.6636185666185666,598,35,28,0.6180019814348173,0.6173864065828353,0.6301631377993753,28
V2-S,V2M-two_stage_user_local_reranker-v1,protocol_a_rollv2_cv3,1,2029,V2H-local-zero,False,zero_eeg_control,margin_power0p4_base0p15,fine_power_base_grid,0.4,0.15,0.6555183946488294,0.6583986152736153,0.6555183946488294,0.662137085137085,598,35,28,0.6181014839223794,0.6171785456606885,0.6307879208608121,28
V2-S,V2M-two_stage_user_local_reranker-v1,protocol_a_rollv2_cv3,1,2029,V2H-local-zero,False,zero_eeg_control,margin_power0p5_base0p0,fine_power_base_grid,0.5,0.0,0.6605351170568562,0.6568698398162683,0.6605351170568562,0.6583499622071051,598,35,28,0.6298461157416382,0.6330035473785474,0.6289829920166609,28
V2-S,V2M-two_stage_user_local_reranker-v1,protocol_a_rollv2_cv3,1,2029,V2H-local-zero,False,zero_eeg_control,margin_power0p5_base0p025,fine_power_base_grid,0.5,0.025,0.6588628762541806,0.6493621523978667,0.6588628762541806,0.6517485741771455,598,35,28,0.6300760267924447,0.6322348055383771,0.6292606733772995,28
V2-S,V2M-two_stage_user_local_reranker-v1,protocol_a_rollv2_cv3,1,2029,V2H-local-zero,False,zero_eeg_control,margin_power0p5_base0p05,fine_power_base_grid,0.5,0.05,0.6638795986622074,0.6695690684976398,0.6638795986622074,0.6679141070569641,598,35,28,0.6339886067498008,0.6365687057651345,0.6295730649080181,28
V2-S,V2M-two_stage_user_local_reranker-v1,protocol_a_rollv2_cv3,1,2029,V2H-local-zero,False,zero_eeg_control,margin_power0p5_base0p075,fine_power_base_grid,0.5,0.075,0.6588628762541806,0.6660614154364153,0.6588628762541806,0.6645127465127465,598,35,28,0.6332897202300188,0.6364269824091254,0.6297813259284972,28
V2-S,V2M-two_stage_user_local_reranker-v1,protocol_a_rollv2_cv3,1,2029,V2H-local-zero,False,zero_eeg_control,margin_power0p5_base0p1,fine_power_base_grid,0.5,0.1,0.657190635451505,0.6640442196692196,0.657190635451505,0.6628989898989899,598,35,28,0.6196412956860718,0.6195288342609772,0.6296424852481778,28
V2-S,V2M-two_stage_user_local_reranker-v1,protocol_a_rollv2_cv3,1,2029,V2H-local-zero,False,zero_eeg_control,margin_power0p5_base0p15,fine_power_base_grid,0.5,0.15,0.6555183946488294,0.6593576099826101,0.6555183946488294,0.6629042809042808,598,35,28,0.6187814175873877,0.618477676424105,0.6307185005206526,28
V2-S,V2M-two_stage_user_local_reranker-v1,protocol_a_rollv2_cv3,2,2029,V2H-local-zero,False,zero_eeg_control,v2n_eeg_base_0p05,reference_score_family,1.0,0.05,0.5667808219178082,0.5588457838457838,0.5667808219178082,0.5598621131954465,584,30,26,0.5521705898268399,0.5479858104858105,0.5982905982905983,26
V2-S,V2M-two_stage_user_local_reranker-v1,protocol_a_rollv2_cv3,2,2029,V2H-local-zero,False,zero_eeg_control,sqrt_margin_eeg_base0p05,reference_score_family,0.5,0.05,0.5702054794520548,0.5620509120509121,0.5702054794520548,0.5626398909732243,584,30,26,0.5553513933982683,0.5510764698264699,0.600185960018596,26
V2-S,V2M-two_stage_user_local_reranker-v1,protocol_a_rollv2_cv3,2,2029,V2H-local-zero,False,zero_eeg_control,margin_power0p25_base0p05,reference_score_family,0.25,0.05,0.5753424657534246,0.5734087671587672,0.5753424657534246,0.5724833654000321,584,30,26,0.5654605203823954,0.5632279757279758,0.60647999141723,26
V2-S,V2M-two_stage_user_local_reranker-v1,protocol_a_rollv2_cv3,2,2029,V2H-local-zero,False,zero_eeg_control,margin_power0p1_base0p0,fine_power_base_grid,0.1,0.0,0.5667808219178082,0.5582225644725645,0.5667808219178082,0.5593219897386564,584,30,26,0.5504902822871574,0.5461797461797461,0.5970747058613167,26
V2-S,V2M-two_stage_user_local_reranker-v1,protocol_a_rollv2_cv3,2,2029,V2H-local-zero,False,zero_eeg_control,margin_power0p1_base0p025,fine_power_base_grid,0.1,0.025,0.589041095890411,0.590566378066378,0.589041095890411,0.5873532948532948,584,30,26,0.5792092803030303,0.5785082972582973,0.6116296534706577,26
V2-S,V2M-two_stage_user_local_reranker-v1,protocol_a_rollv2_cv3,2,2029,V2H-local-zero,False,zero_eeg_control,margin_power0p1_base0p05,fine_power_base_grid,0.1,0.05,0.5976027397260274,0.6018745143745143,0.5976027397260274,0.6002489177489178,584,30,26,0.5982254464285715,0.5966519591519591,0.6237885777634732,26
V2-S,V2M-two_stage_user_local_reranker-v1,protocol_a_rollv2_cv3,2,2029,V2H-local-zero,False,zero_eeg_control,margin_power0p1_base0p075,fine_power_base_grid,0.1,0.075,0.6078767123287672,0.6192737817737819,0.6078767123287672,0.6153282828282829,584,30,26,0.6102183667027417,0.6098699911199911,0.632657440188821,26
V2-S,V2M-two_stage_user_local_reranker-v1,protocol_a_rollv2_cv3,2,2029,V2H-local-zero,False,zero_eeg_control,margin_power0p1_base0p1,fine_power_base_grid,0.1,0.1,0.6147260273972602,0.6277495652495653,0.6147260273972602,0.6226739618406286,584,30,26,0.6176465548340548,0.6168888981388982,0.640453456353038,26
V2-S,V2M-two_stage_user_local_reranker-v1,protocol_a_rollv2_cv3,2,2029,V2H-local-zero,False,zero_eeg_control,margin_power0p1_base0p15,fine_power_base_grid,0.1,0.15,0.6078767123287672,0.6200863950863951,0.6078767123287672,0.6155034471701138,584,30,26,0.6099666305916306,0.6092257279757279,0.6524693344777027,26
V2-S,V2M-two_stage_user_local_reranker-v1,protocol_a_rollv2_cv3,2,2029,V2H-local-zero,False,zero_eeg_control,margin_power0p15_base0p0,fine_power_base_grid,0.15,0.0,0.5667808219178082,0.5582225644725645,0.5667808219178082,0.5593219897386564,584,30,26,0.5504902822871574,0.5461797461797461,0.5970747058613167,26
V2-S,V2M-two_stage_user_local_reranker-v1,protocol_a_rollv2_cv3,2,2029,V2H-local-zero,False,zero_eeg_control,margin_power0p15_base0p025,fine_power_base_grid,0.15,0.025,0.5736301369863014,0.5720351407851408,0.5736301369863014,0.5712928892095559,584,30,26,0.5643320481601731,0.5621595996595997,0.6059435682866645,26
V2-S,V2M-two_stage_user_local_reranker-v1,protocol_a_rollv2_cv3,2,2029,V2H-local-zero,False,zero_eeg_control,margin_power0p15_base0p05,fine_power_base_grid,0.15,0.05,0.5907534246575342,0.594257363007363,0.5907534246575342,0.6004595558762226,584,30,26,0.5830760732323232,0.5820175195175196,0.614955476880163,26
V2-S,V2M-two_stage_user_local_reranker-v1,protocol_a_rollv2_cv3,2,2029,V2H-local-zero,False,zero_eeg_control,margin_power0p15_base0p075,fine_power_base_grid,0.15,0.075,0.5976027397260274,0.6018745143745143,0.5976027397260274,0.6002489177489178,584,30,26,0.5982254464285715,0.5966519591519591,0.6230375853806817,26
V2-S,V2M-two_stage_user_local_reranker-v1,protocol_a_rollv2_cv3,2,2029,V2H-local-zero,False,zero_eeg_control,margin_power0p15_base0p1,fine_power_base_grid,0.15,0.1,0.6027397260273972,0.6124056499056498,0.6027397260273972,0.6093759018759018,584,30,26,0.6049542297979797,0.604001554001554,0.6289024782748632,26
V2-S,V2M-two_stage_user_local_reranker-v1,protocol_a_rollv2_cv3,2,2029,V2H-local-zero,False,zero_eeg_control,margin_power0p15_base0p15,fine_power_base_grid,0.15,0.15,0.6147260273972602,0.6277495652495653,0.6147260273972602,0.6226739618406286,584,30,26,0.6176465548340548,0.6168888981388982,0.6397739870543218,26
V2-S,V2M-two_stage_user_local_reranker-v1,protocol_a_rollv2_cv3,2,2029,V2H-local-zero,False,zero_eeg_control,margin_power0p2_base0p0,fine_power_base_grid,0.2,0.0,0.5667808219178082,0.5582225644725645,0.5667808219178082,0.5593219897386564,584,30,26,0.5504902822871574,0.5461797461797461,0.5970747058613167,26
V2-S,V2M-two_stage_user_local_reranker-v1,protocol_a_rollv2_cv3,2,2029,V2H-local-zero,False,zero_eeg_control,margin_power0p2_base0p025,fine_power_base_grid,0.2,0.025,0.5736301369863014,0.5683365245865246,0.5736301369863014,0.5680874218374219,584,30,26,0.5610718795093794,0.5584304584304585,0.6029395987554984,26
V2-S,V2M-two_stage_user_local_reranker-v1,protocol_a_rollv2_cv3,2,2029,V2H-local-zero,False,zero_eeg_control,margin_power0p2_base0p05,fine_power_base_grid,0.2,0.05,0.583904109589041,0.58633103008103,0.583904109589041,0.5836826599326599,584,30,26,0.5746147862554113,0.573700604950605,0.6103422379573008,26
V2-S,V2M-two_stage_user_local_reranker-v1,protocol_a_rollv2_cv3,2,2029,V2H-local-zero,False,zero_eeg_control,margin_power0p2_base0p075,fine_power_base_grid,0.2,0.075,0.5907534246575342,0.5920429107929108,0.5907534246575342,0.5985403639570305,584,30,26,0.5808128156565656,0.5798030673030673,0.6166720308979723,26
V2-S,V2M-two_stage_user_local_reranker-v1,protocol_a_rollv2_cv3,2,2029,V2H-local-zero,False,zero_eeg_control,margin_power0p2_base0p1,fine_power_base_grid,0.2,0.1,0.5976027397260274,0.6010732323232323,0.5976027397260274,0.5995544733044734,584,30,26,0.5967931547619048,0.5950493950493951,0.6221435468297394,26
V2-S,V2M-two_stage_user_local_reranker-v1,protocol_a_rollv2_cv3,2,2029,V2H-local-zero,False,zero_eeg_control,margin_power0p2_base0p15,fine_power_base_grid,0.2,0.15,0.6113013698630136,0.6211968586968587,0.6113013698630136,0.6169949494949495,584,30,26,0.613053188131313,0.6119075369075369,0.6312985015913886,26
V2-S,V2M-two_stage_user_local_reranker-v1,protocol_a_rollv2_cv3,2,2029,V2H-local-zero,False,zero_eeg_control,margin_power0p25_base0p0,fine_power_base_grid,0.25,0.0,0.5667808219178082,0.5582225644725645,0.5667808219178082,0.5593219897386564,584,30,26,0.5504902822871574,0.5461797461797461,0.5970747058613167,26
V2-S,V2M-two_stage_user_local_reranker-v1,protocol_a_rollv2_cv3,2,2029,V2H-local-zero,False,zero_eeg_control,margin_power0p25_base0p025,fine_power_base_grid,0.25,0.025,0.571917808219178,0.5664134476634477,0.571917808219178,0.5664207551707552,584,30,26,0.5596358676046176,0.5566218503718504,0.6011872831956515,26
V2-S,V2M-two_stage_user_local_reranker-v1,protocol_a_rollv2_cv3,2,2029,V2H-local-zero,False,zero_eeg_control,margin_power0p25_base0p05,fine_power_base_grid,0.25,0.05,0.5753424657534246,0.5734087671587672,0.5753424657534246,0.5724833654000321,584,30,26,0.5654605203823954,0.5632279757279758,0.60647999141723,26
V2-S,V2M-two_stage_user_local_reranker-v1,protocol_a_rollv2_cv3,2,2029,V2H-local-zero,False,zero_eeg_control,margin_power0p25_base0p075,fine_power_base_grid,0.25,0.075,0.589041095890411,0.593506956006956,0.589041095890411,0.5998092031425365,584,30,26,0.5806528454184704,0.57993857993858,0.6121303150591854,26
V2-S,V2M-two_stage_user_local_reranker-v1,protocol_a_rollv2_cv3,2,2029,V2H-local-zero,False,zero_eeg_control,margin_power0p25_base0p1,fine_power_base_grid,0.25,0.1,0.5907534246575342,0.5916359103859103,0.5907534246575342,0.5981876302709636,584,30,26,0.5807136093073593,0.5793960668960669,0.616600507813897,26
V2-S,V2M-two_stage_user_local_reranker-v1,protocol_a_rollv2_cv3,2,2029,V2H-local-zero,False,zero_eeg_control,margin_power0p25_base0p15,fine_power_base_grid,0.25,0.15,0.601027397260274,0.6046675546675546,0.601027397260274,0.6026695526695527,584,30,26,0.5999268353174603,0.5986818736818736,0.6246110932303401,26
V2-S,V2M-two_stage_user_local_reranker-v1,protocol_a_rollv2_cv3,2,2029,V2H-local-zero,False,zero_eeg_control,margin_power0p3_base0p0,fine_power_base_grid,0.3,0.0,0.5667808219178082,0.5582225644725645,0.5667808219178082,0.5593219897386564,584,30,26,0.5504902822871574,0.5461797461797461,0.5970747058613167,26
V2-S,V2M-two_stage_user_local_reranker-v1,protocol_a_rollv2_cv3,2,2029,V2H-local-zero,False,zero_eeg_control,margin_power0p3_base0p025,fine_power_base_grid,0.3,0.025,0.5736301369863014,0.5668586043586044,0.5736301369863014,0.566806557639891,584,30,26,0.5592576433982683,0.5558841621341621,0.6001501984765583,26
V2-S,V2M-two_stage_user_local_reranker-v1,protocol_a_rollv2_cv3,2,2029,V2H-local-zero,False,zero_eeg_control,margin_power0p3_base0p05,fine_power_base_grid,0.3,0.05,0.571917808219178,0.5701807451807451,0.571917808219178,0.569685746352413,584,30,26,0.5626864628427127,0.5604959854959856,0.6044415835210815,26
V2-S,V2M-two_stage_user_local_reranker-v1,protocol_a_rollv2_cv3,2,2029,V2H-local-zero,False,zero_eeg_control,margin_power0p3_base0p075,fine_power_base_grid,0.3,0.075,0.577054794520548,0.579475616975617,0.577054794520548,0.5777413019079686,584,30,26,0.5684515918109667,0.5668451918451919,0.6093051532382077,26
V2-S,V2M-two_stage_user_local_reranker-v1,protocol_a_rollv2_cv3,2,2029,V2H-local-zero,False,zero_eeg_control,margin_power0p3_base0p1,fine_power_base_grid,0.3,0.1,0.5907534246575342,0.5947890072890073,0.5907534246575342,0.6009203142536476,584,30,26,0.5817986787518038,0.5812206312206312,0.6133819690305047,26
V2-S,V2M-two_stage_user_local_reranker-v1,protocol_a_rollv2_cv3,2,2029,V2H-local-zero,False,zero_eeg_control,margin_power0p3_base0p15,fine_power_base_grid,0.3,0.15,0.5976027397260274,0.5992926055426055,0.5976027397260274,0.5980112634279301,584,30,26,0.5892047709235209,0.5873829873829874,0.6208203697743446,26
V2-S,V2M-two_stage_user_local_reranker-v1,protocol_a_rollv2_cv3,2,2029,V2H-local-zero,False,zero_eeg_control,margin_power0p35_base0p0,fine_power_base_grid,0.35,0.0,0.5667808219178082,0.5582225644725645,0.5667808219178082,0.5593219897386564,584,30,26,0.5504902822871574,0.5461797461797461,0.5970747058613167,26
V2-S,V2M-two_stage_user_local_reranker-v1,protocol_a_rollv2_cv3,2,2029,V2H-local-zero,False,zero_eeg_control,margin_power0p35_base0p025,fine_power_base_grid,0.35,0.025,0.5702054794520548,0.5620509120509121,0.5702054794520548,0.5626398909732243,584,30,26,0.5553513933982683,0.5510764698264699,0.5996137753459929,26
V2-S,V2M-two_stage_user_local_reranker-v1,protocol_a_rollv2_cv3,2,2029,V2H-local-zero,False,zero_eeg_control,margin_power0p35_base0p05,fine_power_base_grid,0.35,0.05,0.571917808219178,0.5651313963813964,0.571917808219178,0.565309644059644,584,30,26,0.5591621572871572,0.5562937062937063,0.6027607910453099,26
V2-S,V2M-two_stage_user_local_reranker-v1,protocol_a_rollv2_cv3,2,2029,V2H-local-zero,False,zero_eeg_control,margin_power0p35_base0p075,fine_power_base_grid,0.35,0.075,0.5736301369863014,0.5710049210049211,0.5736301369863014,0.5704000320666988,584,30,26,0.5636810064935065,0.5610149110149111,0.6062654221650038,26
V2-S,V2M-two_stage_user_local_reranker-v1,protocol_a_rollv2_cv3,2,2029,V2H-local-zero,False,zero_eeg_control,margin_power0p35_base0p1,fine_power_base_grid,0.35,0.1,0.5804794520547946,0.5838025400525401,0.5804794520547946,0.5839913019079686,584,30,26,0.5713161751443001,0.5700503200503201,0.6101276687050745,26
V2-S,V2M-two_stage_user_local_reranker-v1,protocol_a_rollv2_cv3,2,2029,V2H-local-zero,False,zero_eeg_control,margin_power0p35_base0p15,fine_power_base_grid,0.35,0.15,0.5941780821917808,0.594662975912976,0.5941780821917808,0.6010094997594997,584,30,26,0.5831962481962482,0.5817821067821068,0.6166362693559346,26
V2-S,V2M-two_stage_user_local_reranker-v1,protocol_a_rollv2_cv3,2,2029,V2H-local-zero,False,zero_eeg_control,margin_power0p4_base0p0,fine_power_base_grid,0.4,0.0,0.5667808219178082,0.5582225644725645,0.5667808219178082,0.5593219897386564,584,30,26,0.5504902822871574,0.5461797461797461,0.5970747058613167,26
V2-S,V2M-two_stage_user_local_reranker-v1,protocol_a_rollv2_cv3,2,2029,V2H-local-zero,False,zero_eeg_control,margin_power0p4_base0p025,fine_power_base_grid,0.4,0.025,0.571917808219178,0.5636534761534762,0.571917808219178,0.5640287798621132,584,30,26,0.556783685064935,0.552679033929034,0.5993276830096912,26
V2-S,V2M-two_stage_user_local_reranker-v1,protocol_a_rollv2_cv3,2,2029,V2H-local-zero,False,zero_eeg_control,margin_power0p4_base0p05,fine_power_base_grid,0.4,0.05,0.5702054794520548,0.5632083194583195,0.5702054794520548,0.5636429773929774,584,30,26,0.5577261453823954,0.5544850982350983,0.6016164217001038,26
V2-S,V2M-two_stage_user_local_reranker-v1,protocol_a_rollv2_cv3,2,2029,V2H-local-zero,False,zero_eeg_control,margin_power0p4_base0p075,fine_power_base_grid,0.4,0.075,0.5702054794520548,0.5683492433492433,0.5702054794520548,0.5680984447651114,584,30,26,0.560361314033189,0.5579776704776706,0.6045131066051568,26
V2-S,V2M-two_stage_user_local_reranker-v1,protocol_a_rollv2_cv3,2,2029,V2H-local-zero,False,zero_eeg_control,margin_power0p4_base0p1,fine_power_base_grid,0.4,0.1,0.5753424657534246,0.5770717708217709,0.5753424657534246,0.5756579685746352,584,30,26,0.5664984668109667,0.5644413456913457,0.6080177377248507,26
V2-S,V2M-two_stage_user_local_reranker-v1,protocol_a_rollv2_cv3,2,2029,V2H-local-zero,False,zero_eeg_control,margin_power0p4_base0p15,fine_power_base_grid,0.4,0.15,0.5907534246575342,0.5923100048100048,0.5907534246575342,0.598771845438512,584,30,26,0.5815258612914863,0.5804898804898805,0.6141329614132961,26
V2-S,V2M-two_stage_user_local_reranker-v1,protocol_a_rollv2_cv3,2,2029,V2H-local-zero,False,zero_eeg_control,margin_power0p5_base0p0,fine_power_base_grid,0.5,0.0,0.5667808219178082,0.5582225644725645,0.5667808219178082,0.5593219897386564,584,30,26,0.5504902822871574,0.5461797461797461,0.5970747058613167,26
V2-S,V2M-two_stage_user_local_reranker-v1,protocol_a_rollv2_cv3,2,2029,V2H-local-zero,False,zero_eeg_control,margin_power0p5_base0p025,fine_power_base_grid,0.5,0.025,0.5684931506849316,0.5612496299996299,0.5684931506849316,0.5619454465287799,584,30,26,0.5541237148268399,0.5503896566396567,0.5986482137109752,26
V2-S,V2M-two_stage_user_local_reranker-v1,protocol_a_rollv2_cv3,2,2029,V2H-local-zero,False,zero_eeg_control,margin_power0p5_base0p05,fine_power_base_grid,0.5,0.05,0.5702054794520548,0.5620509120509121,0.5702054794520548,0.5626398909732243,584,30,26,0.5553513933982683,0.5510764698264699,0.600185960018596,26
V2-S,V2M-two_stage_user_local_reranker-v1,protocol_a_rollv2_cv3,2,2029,V2H-local-zero,False,zero_eeg_control,margin_power0p5_base0p075,fine_power_base_grid,0.5,0.075,0.5684931506849316,0.5613768176268177,0.5684931506849316,0.5620556758056758,584,30,26,0.5562380501443001,0.5526535964035963,0.6021886063727067,26
V2-S,V2M-two_stage_user_local_reranker-v1,protocol_a_rollv2_cv3,2,2029,V2H-local-zero,False,zero_eeg_control,margin_power0p5_base0p1,fine_power_base_grid,0.5,0.1,0.571917808219178,0.5691505254005255,0.571917808219178,0.5687928892095558,584,30,26,0.5611983676046176,0.5586644836644837,0.6042627758108929,26
V2-S,V2M-two_stage_user_local_reranker-v1,protocol_a_rollv2_cv3,2,2029,V2H-local-zero,False,zero_eeg_control,margin_power0p5_base0p15,fine_power_base_grid,0.5,0.15,0.577054794520548,0.5812944000444001,0.577054794520548,0.589224987974988,584,30,26,0.5672412743506493,0.5654054279054279,0.6092693916961699,26
V2-S,V2M-two_stage_user_local_reranker-v1,protocol_a_rollv2_cv3,3,2029,V2H-local-zero,False,zero_eeg_control,v2n_eeg_base_0p05,reference_score_family,1.0,0.05,0.5388349514563107,0.5595173419691286,0.5388349514563107,0.5514467807324951,618,28,24,0.5379152413243322,0.5567402697611031,0.614846553870944,24
V2-S,V2M-two_stage_user_local_reranker-v1,protocol_a_rollv2_cv3,3,2029,V2H-local-zero,False,zero_eeg_control,sqrt_margin_eeg_base0p05,reference_score_family,0.5,0.05,0.5501618122977346,0.5726703868409234,0.5501618122977346,0.5631991355205641,618,28,24,0.5500140399615924,0.5683018794477128,0.6182890207280451,24
V2-S,V2M-two_stage_user_local_reranker-v1,protocol_a_rollv2_cv3,3,2029,V2H-local-zero,False,zero_eeg_control,margin_power0p25_base0p05,reference_score_family,0.25,0.05,0.5550161812297735,0.5752671842321287,0.5550161812297735,0.5653699508163794,618,28,24,0.55279194387586,0.5710466886508553,0.6262359920896508,24
V2-S,V2M-two_stage_user_local_reranker-v1,protocol_a_rollv2_cv3,3,2029,V2H-local-zero,False,zero_eeg_control,margin_power0p1_base0p0,fine_power_base_grid,0.1,0.0,0.540453074433657,0.5620834829479372,0.540453074433657,0.5587927746856318,618,28,24,0.5391528925619834,0.557341019320186,0.6122097707463561,24
V2-S,V2M-two_stage_user_local_reranker-v1,protocol_a_rollv2_cv3,3,2029,V2H-local-zero,False,zero_eeg_control,margin_power0p1_base0p025,fine_power_base_grid,0.1,0.025,0.5663430420711975,0.5843917884088162,0.5663430420711975,0.5730316013351727,618,28,24,0.5628986301189098,0.5810489934448269,0.6314363143631436,24
V2-S,V2M-two_stage_user_local_reranker-v1,protocol_a_rollv2_cv3,3,2029,V2H-local-zero,False,zero_eeg_control,margin_power0p1_base0p05,fine_power_base_grid,0.1,0.05,0.587378640776699,0.6071878423589273,0.587378640776699,0.5941067233031518,618,28,24,0.5781998692837854,0.5967163315079982,0.6465245733538416,24
V2-S,V2M-two_stage_user_local_reranker-v1,protocol_a_rollv2_cv3,3,2029,V2H-local-zero,False,zero_eeg_control,margin_power0p1_base0p075,fine_power_base_grid,0.1,0.075,0.587378640776699,0.6075668036753886,0.587378640776699,0.5944315472886901,618,28,24,0.5842529847774602,0.6004683086974754,0.6547278986303376,24
V2-S,V2M-two_stage_user_local_reranker-v1,protocol_a_rollv2_cv3,3,2029,V2H-local-zero,False,zero_eeg_control,margin_power0p1_base0p1,fine_power_base_grid,0.1,0.1,0.6035598705501618,0.6327112308044648,0.6035598705501618,0.6249087552658982,618,28,24,0.6079369930768531,0.6227947823781157,0.6627481139676261,24
V2-S,V2M-two_stage_user_local_reranker-v1,protocol_a_rollv2_cv3,3,2029,V2H-local-zero,False,zero_eeg_control,margin_power0p1_base0p15,fine_power_base_grid,0.1,0.15,0.610032362459547,0.6405256252307013,0.610032362459547,0.5977722211650783,618,28,24,0.6177339269122486,0.6319368594368594,0.6734417344173442,24
V2-S,V2M-two_stage_user_local_reranker-v1,protocol_a_rollv2_cv3,3,2029,V2H-local-zero,False,zero_eeg_control,margin_power0p15_base0p0,fine_power_base_grid,0.15,0.0,0.540453074433657,0.5620834829479372,0.540453074433657,0.5587927746856318,618,28,24,0.5391528925619834,0.557341019320186,0.6122097707463561,24
V2-S,V2M-two_stage_user_local_reranker-v1,protocol_a_rollv2_cv3,3,2029,V2H-local-zero,False,zero_eeg_control,margin_power0p15_base0p025,fine_power_base_grid,0.15,0.025,0.5533980582524272,0.5717721184426551,0.5533980582524272,0.5624291911791912,618,28,24,0.5502042537881698,0.567726031684365,0.624588002636783,24
V2-S,V2M-two_stage_user_local_reranker-v1,protocol_a_rollv2_cv3,3,2029,V2H-local-zero,False,zero_eeg_control,margin_power0p15_base0p05,fine_power_base_grid,0.15,0.05,0.5744336569579288,0.5950529306900244,0.5744336569579288,0.5825380175380176,618,28,24,0.5681254739821173,0.5867440892440893,0.636453526697429,24
V2-S,V2M-two_stage_user_local_reranker-v1,protocol_a_rollv2_cv3,3,2029,V2H-local-zero,False,zero_eeg_control,margin_power0p15_base0p075,fine_power_base_grid,0.15,0.075,0.5857605177993528,0.6062619164330013,0.5857605177993528,0.593313072509501,618,28,24,0.5771120681959844,0.5957904055820723,0.6457555116091701,24
V2-S,V2M-two_stage_user_local_reranker-v1,protocol_a_rollv2_cv3,3,2029,V2H-local-zero,False,zero_eeg_control,margin_power0p15_base0p1,fine_power_base_grid,0.15,0.1,0.5841423948220065,0.603204268062853,0.5841423948220065,0.5906922310493739,618,28,24,0.5778068667928807,0.5947168841960508,0.6516516516516515,24
V2-S,V2M-two_stage_user_local_reranker-v1,protocol_a_rollv2_cv3,3,2029,V2H-local-zero,False,zero_eeg_control,margin_power0p15_base0p15,fine_power_base_grid,0.15,0.15,0.6019417475728155,0.6272269003201343,0.6019417475728155,0.6202079005650435,618,28,24,0.6014938635568006,0.6173104518937852,0.6616860763202227,24
V2-S,V2M-two_stage_user_local_reranker-v1,protocol_a_rollv2_cv3,3,2029,V2H-local-zero,False,zero_eeg_control,margin_power0p2_base0p0,fine_power_base_grid,0.2,0.0,0.540453074433657,0.5620834829479372,0.540453074433657,0.5587927746856318,618,28,24,0.5391528925619834,0.557341019320186,0.6122097707463561,24
V2-S,V2M-two_stage_user_local_reranker-v1,protocol_a_rollv2_cv3,3,2029,V2H-local-zero,False,zero_eeg_control,margin_power0p2_base0p025,fine_power_base_grid,0.2,0.025,0.5533980582524272,0.5749467216172582,0.5533980582524272,0.5651502796145654,618,28,24,0.5526809437648599,0.571024642795476,0.6210722918039991,24
V2-S,V2M-two_stage_user_local_reranker-v1,protocol_a_rollv2_cv3,3,2029,V2H-local-zero,False,zero_eeg_control,margin_power0p2_base0p05,fine_power_base_grid,0.2,0.05,0.5614886731391586,0.5807321764158709,0.5614886731391586,0.5698947910555053,618,28,24,0.559058026278306,0.5773893814518815,0.6297883249102761,24
V2-S,V2M-two_stage_user_local_reranker-v1,protocol_a_rollv2_cv3,3,2029,V2H-local-zero,False,zero_eeg_control,margin_power0p2_base0p075,fine_power_base_grid,0.2,0.075,0.5760517799352751,0.5965985205168641,0.5760517799352751,0.5840222475936762,618,28,24,0.5702398999601797,0.588800867342534,0.6386508459679191,24
V2-S,V2M-two_stage_user_local_reranker-v1,protocol_a_rollv2_cv3,3,2029,V2H-local-zero,False,zero_eeg_control,margin_power0p2_base0p1,fine_power_base_grid,0.2,0.1,0.5841423948220065,0.6053359905070753,0.5841423948220065,0.5925194217158501,618,28,24,0.5760242671081832,0.5948644796561463,0.6444737420347176,24
V2-S,V2M-two_stage_user_local_reranker-v1,protocol_a_rollv2_cv3,3,2029,V2H-local-zero,False,zero_eeg_control,margin_power0p2_base0p15,fine_power_base_grid,0.2,0.15,0.587378640776699,0.6075668036753886,0.587378640776699,0.5944315472886901,618,28,24,0.5842529847774602,0.6004683086974754,0.6536658609829342,24
V2-S,V2M-two_stage_user_local_reranker-v1,protocol_a_rollv2_cv3,3,2029,V2H-local-zero,False,zero_eeg_control,margin_power0p25_base0p0,fine_power_base_grid,0.25,0.0,0.540453074433657,0.5620834829479372,0.540453074433657,0.5587927746856318,618,28,24,0.5391528925619834,0.557341019320186,0.6122097707463561,24
V2-S,V2M-two_stage_user_local_reranker-v1,protocol_a_rollv2_cv3,3,2029,V2H-local-zero,False,zero_eeg_control,margin_power0p25_base0p025,fine_power_base_grid,0.25,0.025,0.5469255663430421,0.5707974912180279,0.5469255663430421,0.561593796415225,618,28,24,0.5465978854090742,0.5653873171581504,0.6191313264483995,24
V2-S,V2M-two_stage_user_local_reranker-v1,protocol_a_rollv2_cv3,3,2029,V2H-local-zero,False,zero_eeg_control,margin_power0p25_base0p05,fine_power_base_grid,0.25,0.05,0.5550161812297735,0.5752671842321287,0.5550161812297735,0.5653699508163794,618,28,24,0.55279194387586,0.5710466886508553,0.6262359920896508,24
V2-S,V2M-two_stage_user_local_reranker-v1,protocol_a_rollv2_cv3,3,2029,V2H-local-zero,False,zero_eeg_control,margin_power0p25_base0p075,fine_power_base_grid,0.25,0.075,0.56957928802589,0.5897904848025785,0.56957928802589,0.5777084720834721,618,28,24,0.5662674834877632,0.5849511098469432,0.6331941697795357,24
V2-S,V2M-two_stage_user_local_reranker-v1,protocol_a_rollv2_cv3,3,2029,V2H-local-zero,False,zero_eeg_control,margin_power0p25_base0p1,fine_power_base_grid,0.25,0.1,0.5760517799352751,0.5965985205168641,0.5760517799352751,0.5840222475936762,618,28,24,0.5702398999601797,0.588800867342534,0.639236797773383,24
V2-S,V2M-two_stage_user_local_reranker-v1,protocol_a_rollv2_cv3,3,2029,V2H-local-zero,False,zero_eeg_control,margin_power0p25_base0p15,fine_power_base_grid,0.25,0.15,0.5857605177993528,0.6062263038973889,0.5857605177993528,0.593282547478976,618,28,24,0.5785812187035962,0.5961268168559836,0.6480260748553431,24
V2-S,V2M-two_stage_user_local_reranker-v1,protocol_a_rollv2_cv3,3,2029,V2H-local-zero,False,zero_eeg_control,margin_power0p3_base0p0,fine_power_base_grid,0.3,0.0,0.540453074433657,0.5620834829479372,0.540453074433657,0.5587927746856318,618,28,24,0.5391528925619834,0.557341019320186,0.6122097707463561,24
V2-S,V2M-two_stage_user_local_reranker-v1,protocol_a_rollv2_cv3,3,2029,V2H-local-zero,False,zero_eeg_control,margin_power0p3_base0p025,fine_power_base_grid,0.3,0.025,0.5485436893203883,0.5718370535075902,0.5485436893203883,0.5624848498062783,618,28,24,0.5489650889126414,0.5674685461143795,0.6176664469347396,24
V2-S,V2M-two_stage_user_local_reranker-v1,protocol_a_rollv2_cv3,3,2029,V2H-local-zero,False,zero_eeg_control,margin_power0p3_base0p05,fine_power_base_grid,0.3,0.05,0.551779935275081,0.5695791359865147,0.551779935275081,0.5604450641950642,618,28,24,0.5488306274145435,0.5662379364462699,0.6228667692082327,24
V2-S,V2M-two_stage_user_local_reranker-v1,protocol_a_rollv2_cv3,3,2029,V2H-local-zero,False,zero_eeg_control,margin_power0p3_base0p075,fine_power_base_grid,0.3,0.075,0.5631067961165048,0.5815655097492043,0.5631067961165048,0.570609076769791,618,28,24,0.5601069773272571,0.5782227147852148,0.629055885153446,24
V2-S,V2M-two_stage_user_local_reranker-v1,protocol_a_rollv2_cv3,3,2029,V2H-local-zero,False,zero_eeg_control,margin_power0p3_base0p1,fine_power_base_grid,0.3,0.1,0.5679611650485437,0.5888645588766526,0.5679611650485437,0.5769148212898213,618,28,24,0.5638060560263357,0.5825370886829221,0.6337801215849996,24
V2-S,V2M-two_stage_user_local_reranker-v1,protocol_a_rollv2_cv3,3,2029,V2H-local-zero,False,zero_eeg_control,margin_power0p3_base0p15,fine_power_base_grid,0.3,0.15,0.5792880258899676,0.6002626880379397,0.5792880258899676,0.5881708767423053,618,28,24,0.5698235234074395,0.5883030819489153,0.6427525086061672,24
V2-S,V2M-two_stage_user_local_reranker-v1,protocol_a_rollv2_cv3,3,2029,V2H-local-zero,False,zero_eeg_control,margin_power0p35_base0p0,fine_power_base_grid,0.35,0.0,0.540453074433657,0.5620834829479372,0.540453074433657,0.5587927746856318,618,28,24,0.5391528925619834,0.557341019320186,0.6122097707463561,24
V2-S,V2M-two_stage_user_local_reranker-v1,protocol_a_rollv2_cv3,3,2029,V2H-local-zero,False,zero_eeg_control,margin_power0p35_base0p025,fine_power_base_grid,0.35,0.025,0.5469255663430421,0.5705349701742568,0.5469255663430421,0.5612093396021967,618,28,24,0.5479938379413904,0.5666969411761078,0.6169340071779096,24
V2-S,V2M-two_stage_user_local_reranker-v1,protocol_a_rollv2_cv3,3,2029,V2H-local-zero,False,zero_eeg_control,margin_power0p35_base0p05,fine_power_base_grid,0.35,0.05,0.5550161812297735,0.5758726475431842,0.5550161812297735,0.5659439304082162,618,28,24,0.5537687448526609,0.571950568721402,0.6211821577675236,24
V2-S,V2M-two_stage_user_local_reranker-v1,protocol_a_rollv2_cv3,3,2029,V2H-local-zero,False,zero_eeg_control,margin_power0p35_base0p075,fine_power_base_grid,0.35,0.075,0.5550161812297735,0.5749778323802769,0.5550161812297735,0.5651219349433635,618,28,24,0.5527433813272974,0.5707573367990034,0.6262359920896506,24
V2-S,V2M-two_stage_user_local_reranker-v1,protocol_a_rollv2_cv3,3,2029,V2H-local-zero,False,zero_eeg_control,margin_power0p35_base0p1,fine_power_base_grid,0.35,0.1,0.5663430420711975,0.5857806772977051,0.5663430420711975,0.5742220775256489,618,28,24,0.5639475811678609,0.5824378823337156,0.630520764667106,24
V2-S,V2M-two_stage_user_local_reranker-v1,protocol_a_rollv2_cv3,3,2029,V2H-local-zero,False,zero_eeg_control,margin_power0p35_base0p15,fine_power_base_grid,0.35,0.15,0.5776699029126213,0.598627741296085,0.5776699029126213,0.5857615796901511,618,28,24,0.5717951628790789,0.5908300881217547,0.6388339559071267,24
V2-S,V2M-two_stage_user_local_reranker-v1,protocol_a_rollv2_cv3,3,2029,V2H-local-zero,False,zero_eeg_control,margin_power0p4_base0p0,fine_power_base_grid,0.4,0.0,0.540453074433657,0.5620834829479372,0.540453074433657,0.5587927746856318,618,28,24,0.5391528925619834,0.557341019320186,0.6122097707463561,24
V2-S,V2M-two_stage_user_local_reranker-v1,protocol_a_rollv2_cv3,3,2029,V2H-local-zero,False,zero_eeg_control,margin_power0p4_base0p025,fine_power_base_grid,0.4,0.025,0.5436893203883495,0.5660277586357952,0.5436893203883495,0.5571865766508624,618,28,24,0.5432571216662125,0.5627202080327081,0.6163114333846041,24
V2-S,V2M-two_stage_user_local_reranker-v1,protocol_a_rollv2_cv3,3,2029,V2H-local-zero,False,zero_eeg_control,margin_power0p4_base0p05,fine_power_base_grid,0.4,0.05,0.5533980582524272,0.5750393142098509,0.5533980582524272,0.5652296446939304,618,28,24,0.5513461674300835,0.5696291401499735,0.6199370101809126,24
V2-S,V2M-two_stage_user_local_reranker-v1,protocol_a_rollv2_cv3,3,2029,V2H-local-zero,False,zero_eeg_control,margin_power0p4_base0p075,fine_power_base_grid,0.4,0.075,0.551779935275081,0.5695791359865147,0.551779935275081,0.5604450641950642,618,28,24,0.5488306274145435,0.5662379364462699,0.6237456969164287,24
V2-S,V2M-two_stage_user_local_reranker-v1,protocol_a_rollv2_cv3,3,2029,V2H-local-zero,False,zero_eeg_control,margin_power0p4_base0p1,fine_power_base_grid,0.4,0.1,0.5663430420711975,0.5851824078973524,0.5663430420711975,0.5738687139579997,618,28,24,0.5643513440716238,0.582350801204968,0.6279206035303596,24
V2-S,V2M-two_stage_user_local_reranker-v1,protocol_a_rollv2_cv3,3,2029,V2H-local-zero,False,zero_eeg_control,margin_power0p4_base0p15,fine_power_base_grid,0.4,0.15,0.5728155339805825,0.5934529851562552,0.5728155339805825,0.5817231082409654,618,28,24,0.5663619597186031,0.5849445962987629,0.6350252691716106,24
V2-S,V2M-two_stage_user_local_reranker-v1,protocol_a_rollv2_cv3,3,2029,V2H-local-zero,False,zero_eeg_control,margin_power0p5_base0p0,fine_power_base_grid,0.5,0.0,0.540453074433657,0.5620834829479372,0.540453074433657,0.5587927746856318,618,28,24,0.5391528925619834,0.557341019320186,0.6122097707463561,24
V2-S,V2M-two_stage_user_local_reranker-v1,protocol_a_rollv2_cv3,3,2029,V2H-local-zero,False,zero_eeg_control,margin_power0p5_base0p025,fine_power_base_grid,0.5,0.025,0.5420711974110033,0.5634235919691286,0.5420711974110033,0.5549544337937194,618,28,24,0.5410718069808979,0.5601160413660414,0.6155789936277741,24
V2-S,V2M-two_stage_user_local_reranker-v1,protocol_a_rollv2_cv3,3,2029,V2H-local-zero,False,zero_eeg_control,margin_power0p5_base0p05,fine_power_base_grid,0.5,0.05,0.5501618122977346,0.5726703868409234,0.5501618122977346,0.5631991355205641,618,28,24,0.5500140399615924,0.5683018794477128,0.6182890207280451,24
V2-S,V2M-two_stage_user_local_reranker-v1,protocol_a_rollv2_cv3,3,2029,V2H-local-zero,False,zero_eeg_control,margin_power0p5_base0p075,fine_power_base_grid,0.5,0.075,0.5533980582524272,0.5735578327283694,0.5533980582524272,0.5639598034240891,618,28,24,0.5516319927159088,0.5696357539065873,0.6211455357796821,24
V2-S,V2M-two_stage_user_local_reranker-v1,protocol_a_rollv2_cv3,3,2029,V2H-local-zero,False,zero_eeg_control,margin_power0p5_base0p1,fine_power_base_grid,0.5,0.1,0.551779935275081,0.5709680248754037,0.551779935275081,0.5616355403855404,618,28,24,0.548743214827131,0.566585158668492,0.6235992089650628,24
V2-S,V2M-two_stage_user_local_reranker-v1,protocol_a_rollv2_cv3,3,2029,V2H-local-zero,False,zero_eeg_control,margin_power0p5_base0p15,fine_power_base_grid,0.5,0.15,0.5663430420711975,0.5857806772977051,0.5663430420711975,0.5742220775256489,618,28,24,0.5639475811678609,0.5824378823337156,0.6297517029224347,24
V2-S,V2M-two_stage_user_local_reranker-v1,protocol_a_rollv2_cv3,1,2030,V2H-local-zero,False,zero_eeg_control,v2n_eeg_base_0p05,reference_score_family,1.0,0.05,0.6588628762541806,0.6361556069591783,0.6588628762541806,0.6491045832474404,598,35,28,0.6270544463828047,0.6253630265237409,0.6266227004512324,28
V2-S,V2M-two_stage_user_local_reranker-v1,protocol_a_rollv2_cv3,1,2030,V2H-local-zero,False,zero_eeg_control,sqrt_margin_eeg_base0p05,reference_score_family,0.5,0.05,0.6555183946488294,0.6352202328095184,0.6555183946488294,0.6483562839277124,598,35,28,0.6268767633693009,0.6258562238026525,0.6265879902811524,28
V2-S,V2M-two_stage_user_local_reranker-v1,protocol_a_rollv2_cv3,1,2030,V2H-local-zero,False,zero_eeg_control,margin_power0p25_base0p05,reference_score_family,0.25,0.05,0.6521739130434783,0.6478525079417935,0.6521739130434783,0.6584621040335327,598,35,28,0.6181348667915834,0.6147691627155912,0.6275251648733079,28
V2-S,V2M-two_stage_user_local_reranker-v1,protocol_a_rollv2_cv3,1,2030,V2H-local-zero,False,zero_eeg_control,margin_power0p1_base0p0,fine_power_base_grid,0.1,0.0,0.6605351170568562,0.6420815328851043,0.6605351170568562,0.6578135779564351,598,35,28,0.6311506321207814,0.6303394059644061,0.6259284970496356,28
V2-S,V2M-two_stage_user_local_reranker-v1,protocol_a_rollv2_cv3,1,2030,V2H-local-zero,False,zero_eeg_control,margin_power0p1_base0p025,fine_power_base_grid,0.1,0.025,0.6471571906354515,0.6451314195064193,0.6471571906354515,0.6562852332852334,598,35,28,0.613078008227262,0.6094970538720539,0.6281846581048248,28
V2-S,V2M-two_stage_user_local_reranker-v1,protocol_a_rollv2_cv3,1,2030,V2H-local-zero,False,zero_eeg_control,margin_power0p1_base0p05,fine_power_base_grid,0.1,0.05,0.6521739130434783,0.6471845185238042,0.6521739130434783,0.6579277124991411,598,35,28,0.6108236953759342,0.6057343417164845,0.6304755293300938,28
V2-S,V2M-two_stage_user_local_reranker-v1,protocol_a_rollv2_cv3,1,2030,V2H-local-zero,False,zero_eeg_control,margin_power0p1_base0p075,fine_power_base_grid,0.1,0.075,0.6488294314381271,0.6381331201866915,0.6488294314381271,0.6471151652580224,598,35,28,0.6065486420710301,0.5992226259190544,0.6325581395348836,28
V2-S,V2M-two_stage_user_local_reranker-v1,protocol_a_rollv2_cv3,1,2030,V2H-local-zero,False,zero_eeg_control,margin_power0p1_base0p1,fine_power_base_grid,0.1,0.1,0.6505016722408027,0.6405426319712034,0.6505016722408027,0.6317808699237271,598,35,28,0.6127049815855786,0.605426780560709,0.6343283582089552,28
V2-S,V2M-two_stage_user_local_reranker-v1,protocol_a_rollv2_cv3,1,2030,V2H-local-zero,False,zero_eeg_control,margin_power0p1_base0p15,fine_power_base_grid,0.1,0.15,0.6387959866220736,0.6367727907013622,0.6387959866220736,0.6335269016697588,598,35,28,0.6035756283517477,0.5965974154813439,0.6359250260326275,28
V2-S,V2M-two_stage_user_local_reranker-v1,protocol_a_rollv2_cv3,1,2030,V2H-local-zero,False,zero_eeg_control,margin_power0p15_base0p0,fine_power_base_grid,0.15,0.0,0.6605351170568562,0.6420815328851043,0.6605351170568562,0.6578135779564351,598,35,28,0.6311506321207814,0.6303394059644061,0.6259284970496356,28
V2-S,V2M-two_stage_user_local_reranker-v1,protocol_a_rollv2_cv3,1,2030,V2H-local-zero,False,zero_eeg_control,margin_power0p15_base0p025,fine_power_base_grid,0.15,0.025,0.6521739130434783,0.6475548888941746,0.6521739130434783,0.6582240087954374,598,35,28,0.6180602399259116,0.6144715436679723,0.6273516140229087,28
V2-S,V2M-two_stage_user_local_reranker-v1,protocol_a_rollv2_cv3,1,2030,V2H-local-zero,False,zero_eeg_control,margin_power0p15_base0p05,fine_power_base_grid,0.15,0.05,0.6471571906354515,0.6455877687127687,0.6471571906354515,0.6566503126503127,598,35,28,0.6135730438715514,0.6100899728578301,0.6288441513363415,28
V2-S,V2M-two_stage_user_local_reranker-v1,protocol_a_rollv2_cv3,1,2030,V2H-local-zero,False,zero_eeg_control,margin_power0p15_base0p075,fine_power_base_grid,0.15,0.075,0.6521739130434783,0.6471845185238042,0.6521739130434783,0.6579277124991411,598,35,28,0.6126147401520535,0.6075200560021988,0.6305102395001735,28
V2-S,V2M-two_stage_user_local_reranker-v1,protocol_a_rollv2_cv3,1,2030,V2H-local-zero,False,zero_eeg_control,margin_power0p15_base0p1,fine_power_base_grid,0.15,0.1,0.6505016722408027,0.6387944958480672,0.6505016722408027,0.6476442657871229,598,35,28,0.6069715276431694,0.5996855888820175,0.6321069073238458,28
V2-S,V2M-two_stage_user_local_reranker-v1,protocol_a_rollv2_cv3,1,2030,V2H-local-zero,False,zero_eeg_control,margin_power0p15_base0p15,fine_power_base_grid,0.15,0.15,0.6521739130434783,0.6412040076325791,0.6521739130434783,0.6323099704528276,598,35,28,0.6135341689819303,0.6060881562220847,0.6344671988892746,28
V2-S,V2M-two_stage_user_local_reranker-v1,protocol_a_rollv2_cv3,1,2030,V2H-local-zero,False,zero_eeg_control,margin_power0p2_base0p0,fine_power_base_grid,0.2,0.0,0.6605351170568562,0.6420815328851043,0.6605351170568562,0.6578135779564351,598,35,28,0.6311506321207814,0.6303394059644061,0.6259284970496356,28
V2-S,V2M-two_stage_user_local_reranker-v1,protocol_a_rollv2_cv3,1,2030,V2H-local-zero,False,zero_eeg_control,margin_power0p2_base0p025,fine_power_base_grid,0.2,0.025,0.6521739130434783,0.6303591216984072,0.6521739130434783,0.6444673950388236,598,35,28,0.6225898645301631,0.6209951126915413,0.6271086428323499,28
V2-S,V2M-two_stage_user_local_reranker-v1,protocol_a_rollv2_cv3,1,2030,V2H-local-zero,False,zero_eeg_control,margin_power0p2_base0p05,fine_power_base_grid,0.2,0.05,0.6471571906354515,0.6451314195064193,0.6471571906354515,0.6562852332852334,598,35,28,0.613078008227262,0.6094970538720539,0.6280458174245054,28
V2-S,V2M-two_stage_user_local_reranker-v1,protocol_a_rollv2_cv3,1,2030,V2H-local-zero,False,zero_eeg_control,margin_power0p2_base0p075,fine_power_base_grid,0.2,0.075,0.6471571906354515,0.6453326666719523,0.6471571906354515,0.6564462310176596,598,35,28,0.6134024681785877,0.6098348708170137,0.6291912530371399,28
V2-S,V2M-two_stage_user_local_reranker-v1,protocol_a_rollv2_cv3,1,2030,V2H-local-zero,False,zero_eeg_control,margin_power0p2_base0p1,fine_power_base_grid,0.2,0.1,0.6521739130434783,0.6471845185238042,0.6521739130434783,0.6579277124991411,598,35,28,0.6125401132863819,0.6075200560021988,0.6305102395001736,28
V2-S,V2M-two_stage_user_local_reranker-v1,protocol_a_rollv2_cv3,1,2030,V2H-local-zero,False,zero_eeg_control,margin_power0p2_base0p15,fine_power_base_grid,0.2,0.15,0.6488294314381271,0.63790163870521,0.6488294314381271,0.6469299800728372,598,35,28,0.6077509637957399,0.6007768587232872,0.6322110378340854,28
V2-S,V2M-two_stage_user_local_reranker-v1,protocol_a_rollv2_cv3,1,2030,V2H-local-zero,False,zero_eeg_control,margin_power0p25_base0p0,fine_power_base_grid,0.25,0.0,0.6605351170568562,0.6420815328851043,0.6605351170568562,0.6578135779564351,598,35,28,0.6311506321207814,0.6303394059644061,0.6259284970496356,28
V2-S,V2M-two_stage_user_local_reranker-v1,protocol_a_rollv2_cv3,1,2030,V2H-local-zero,False,zero_eeg_control,margin_power0p25_base0p025,fine_power_base_grid,0.25,0.025,0.6538461538461539,0.6345824777074777,0.6538461538461539,0.6478460798460799,598,35,28,0.6260771898085332,0.6252184687006116,0.6265879902811524,28
V2-S,V2M-two_stage_user_local_reranker-v1,protocol_a_rollv2_cv3,1,2030,V2H-local-zero,False,zero_eeg_control,margin_power0p25_base0p05,fine_power_base_grid,0.25,0.05,0.6521739130434783,0.6478525079417935,0.6521739130434783,0.6584621040335327,598,35,28,0.6181348667915834,0.6147691627155912,0.6275251648733079,28
V2-S,V2M-two_stage_user_local_reranker-v1,protocol_a_rollv2_cv3,1,2030,V2H-local-zero,False,zero_eeg_control,margin_power0p25_base0p075,fine_power_base_grid,0.25,0.075,0.6488294314381271,0.6464806258556257,0.6488294314381271,0.6573645983645984,598,35,28,0.6145431931252827,0.6109828300006871,0.6285317598056231,28
V2-S,V2M-two_stage_user_local_reranker-v1,protocol_a_rollv2_cv3,1,2030,V2H-local-zero,False,zero_eeg_control,margin_power0p25_base0p1,fine_power_base_grid,0.25,0.1,0.6488294314381271,0.6462491443741444,0.6488294314381271,0.6571794131794132,598,35,28,0.6144519825116841,0.6110489675668246,0.6296424852481778,28
V2-S,V2M-two_stage_user_local_reranker-v1,protocol_a_rollv2_cv3,1,2030,V2H-local-zero,False,zero_eeg_control,margin_power0p25_base0p15,fine_power_base_grid,0.25,0.15,0.6521739130434783,0.6465892804285661,0.6521739130434783,0.6574515220229505,598,35,28,0.6106827335185544,0.604444659176802,0.6311350225616106,28
V2-S,V2M-two_stage_user_local_reranker-v1,protocol_a_rollv2_cv3,1,2030,V2H-local-zero,False,zero_eeg_control,margin_power0p3_base0p0,fine_power_base_grid,0.3,0.0,0.6605351170568562,0.6420815328851043,0.6605351170568562,0.6578135779564351,598,35,28,0.6311506321207814,0.6303394059644061,0.6259284970496356,28
V2-S,V2M-two_stage_user_local_reranker-v1,protocol_a_rollv2_cv3,1,2030,V2H-local-zero,False,zero_eeg_control,margin_power0p3_base0p025,fine_power_base_grid,0.3,0.025,0.6555183946488294,0.6352202328095184,0.6555183946488294,0.6483562839277124,598,35,28,0.6268767633693009,0.6258562238026525,0.6266921207913918,28
V2-S,V2M-two_stage_user_local_reranker-v1,protocol_a_rollv2_cv3,1,2030,V2H-local-zero,False,zero_eeg_control,margin_power0p3_base0p05,fine_power_base_grid,0.3,0.05,0.6538461538461539,0.6484477460370318,0.6538461538461539,0.6589382945097231,598,35,28,0.6178386207490686,0.6142821497285783,0.6275251648733079,28
V2-S,V2M-two_stage_user_local_reranker-v1,protocol_a_rollv2_cv3,1,2030,V2H-local-zero,False,zero_eeg_control,margin_power0p3_base0p075,fine_power_base_grid,0.3,0.075,0.6505016722408027,0.6466620317513173,0.6505016722408027,0.6575097230811517,598,35,28,0.6168413344532749,0.6135786865251152,0.6281499479347448,28
V2-S,V2M-two_stage_user_local_reranker-v1,protocol_a_rollv2_cv3,1,2030,V2H-local-zero,False,zero_eeg_control,margin_power0p3_base0p1,fine_power_base_grid,0.3,0.1,0.6505016722408027,0.647373482998483,0.6505016722408027,0.658078884078884,598,35,28,0.615513342379014,0.6118756871435443,0.6287747309961819,28
V2-S,V2M-two_stage_user_local_reranker-v1,protocol_a_rollv2_cv3,1,2030,V2H-local-zero,False,zero_eeg_control,margin_power0p3_base0p15,fine_power_base_grid,0.3,0.15,0.6505016722408027,0.6462916613809471,0.6505016722408027,0.6572134267848553,598,35,28,0.6114953371669789,0.6066271988593418,0.630406108989934,28
V2-S,V2M-two_stage_user_local_reranker-v1,protocol_a_rollv2_cv3,1,2030,V2H-local-zero,False,zero_eeg_control,margin_power0p35_base0p0,fine_power_base_grid,0.35,0.0,0.6605351170568562,0.6420815328851043,0.6605351170568562,0.6578135779564351,598,35,28,0.6311506321207814,0.6303394059644061,0.6259284970496356,28
V2-S,V2M-two_stage_user_local_reranker-v1,protocol_a_rollv2_cv3,1,2030,V2H-local-zero,False,zero_eeg_control,margin_power0p35_base0p025,fine_power_base_grid,0.35,0.025,0.6555183946488294,0.6352202328095184,0.6555183946488294,0.6483562839277124,598,35,28,0.6256827335185545,0.6244276523740809,0.6267268309614717,28
V2-S,V2M-two_stage_user_local_reranker-v1,protocol_a_rollv2_cv3,1,2030,V2H-local-zero,False,zero_eeg_control,margin_power0p35_base0p05,fine_power_base_grid,0.35,0.05,0.6538461538461539,0.6312519788412645,0.6538461538461539,0.6451816807531093,598,35,28,0.6202018048286706,0.6174236841201127,0.6272474835126692,28
V2-S,V2M-two_stage_user_local_reranker-v1,protocol_a_rollv2_cv3,1,2030,V2H-local-zero,False,zero_eeg_control,margin_power0p35_base0p075,fine_power_base_grid,0.35,0.075,0.6521739130434783,0.6478525079417935,0.6521739130434783,0.6584621040335327,598,35,28,0.6181348667915834,0.6147691627155912,0.6274557445331482,28
V2-S,V2M-two_stage_user_local_reranker-v1,protocol_a_rollv2_cv3,1,2030,V2H-local-zero,False,zero_eeg_control,margin_power0p35_base0p1,fine_power_base_grid,0.35,0.1,0.6521739130434783,0.6488020544270544,0.6521739130434783,0.6592217412217413,598,35,28,0.6186263487756025,0.6158552789802789,0.6285664699757029,28
V2-S,V2M-two_stage_user_local_reranker-v1,protocol_a_rollv2_cv3,1,2030,V2H-local-zero,False,zero_eeg_control,margin_power0p35_base0p15,fine_power_base_grid,0.35,0.15,0.6488294314381271,0.6462491443741444,0.6488294314381271,0.6571794131794132,598,35,28,0.6144519825116841,0.6110489675668246,0.6300242971190558,28
V2-S,V2M-two_stage_user_local_reranker-v1,protocol_a_rollv2_cv3,1,2030,V2H-local-zero,False,zero_eeg_control,margin_power0p4_base0p0,fine_power_base_grid,0.4,0.0,0.6605351170568562,0.6420815328851043,0.6605351170568562,0.6578135779564351,598,35,28,0.6311506321207814,0.6303394059644061,0.6259284970496356,28
V2-S,V2M-two_stage_user_local_reranker-v1,protocol_a_rollv2_cv3,1,2030,V2H-local-zero,False,zero_eeg_control,margin_power0p4_base0p025,fine_power_base_grid,0.4,0.025,0.657190635451505,0.6361130899523755,0.657190635451505,0.6490705696419982,598,35,28,0.6266528827722859,0.6253205095169382,0.6265879902811523,28
V2-S,V2M-two_stage_user_local_reranker-v1,protocol_a_rollv2_cv3,1,2030,V2H-local-zero,False,zero_eeg_control,margin_power0p4_base0p05,fine_power_base_grid,0.4,0.05,0.6521739130434783,0.6336896205646204,0.6521739130434783,0.6471317941317941,598,35,28,0.6251070405548018,0.6243256115577545,0.62707393266227,28
V2-S,V2M-two_stage_user_local_reranker-v1,protocol_a_rollv2_cv3,1,2030,V2H-local-zero,False,zero_eeg_control,margin_power0p4_base0p075,fine_power_base_grid,0.4,0.075,0.6538461538461539,0.6484477460370318,0.6538461538461539,0.6589382945097231,598,35,28,0.6178386207490686,0.6142821497285783,0.6274904547032281,28
V2-S,V2M-two_stage_user_local_reranker-v1,protocol_a_rollv2_cv3,1,2030,V2H-local-zero,False,zero_eeg_control,margin_power0p4_base0p1,fine_power_base_grid,0.4,0.1,0.6538461538461539,0.6485469523862379,0.6538461538461539,0.6590176595890882,598,35,28,0.6188894273222633,0.6154636071600358,0.6278028462339466,28
V2-S,V2M-two_stage_user_local_reranker-v1,protocol_a_rollv2_cv3,1,2030,V2H-local-zero,False,zero_eeg_control,margin_power0p4_base0p15,fine_power_base_grid,0.4,0.15,0.6505016722408027,0.647373482998483,0.6505016722408027,0.658078884078884,598,35,28,0.6155630936227952,0.6121733061911634,0.6294342242276987,28
V2-S,V2M-two_stage_user_local_reranker-v1,protocol_a_rollv2_cv3,1,2030,V2H-local-zero,False,zero_eeg_control,margin_power0p5_base0p0,fine_power_base_grid,0.5,0.0,0.6605351170568562,0.6420815328851043,0.6605351170568562,0.6578135779564351,598,35,28,0.6311506321207814,0.6303394059644061,0.6259284970496356,28
V2-S,V2M-two_stage_user_local_reranker-v1,protocol_a_rollv2_cv3,1,2030,V2H-local-zero,False,zero_eeg_control,margin_power0p5_base0p025,fine_power_base_grid,0.5,0.025,0.6555183946488294,0.6346249947142804,0.6555183946488294,0.647880093451522,598,35,28,0.6252847235683057,0.6238324142788428,0.6265185699409926,28
V2-S,V2M-two_stage_user_local_reranker-v1,protocol_a_rollv2_cv3,1,2030,V2H-local-zero,False,zero_eeg_control,margin_power0p5_base0p05,fine_power_base_grid,0.5,0.05,0.6555183946488294,0.6352202328095184,0.6555183946488294,0.6483562839277124,598,35,28,0.6268767633693009,0.6258562238026525,0.6265879902811524,28
V2-S,V2M-two_stage_user_local_reranker-v1,protocol_a_rollv2_cv3,1,2030,V2H-local-zero,False,zero_eeg_control,margin_power0p5_base0p075,fine_power_base_grid,0.5,0.075,0.6538461538461539,0.6345824777074777,0.6538461538461539,0.6478460798460799,598,35,28,0.6227189808533092,0.6207541829863258,0.6270392224921901,28
V2-S,V2M-two_stage_user_local_reranker-v1,protocol_a_rollv2_cv3,1,2030,V2H-local-zero,False,zero_eeg_control,margin_power0p5_base0p1,fine_power_base_grid,0.5,0.1,0.6538461538461539,0.6481501269894127,0.6538461538461539,0.6587001992716278,598,35,28,0.6175152376644915,0.6139845306809593,0.6275598750433877,28
V2-S,V2M-two_stage_user_local_reranker-v1,protocol_a_rollv2_cv3,1,2030,V2H-local-zero,False,zero_eeg_control,margin_power0p5_base0p15,fine_power_base_grid,0.5,0.15,0.6538461538461539,0.6489040952433809,0.6538461538461539,0.6593033738748024,598,35,28,0.6210677133811463,0.6177430340823199,0.628531759805623,28
V2-S,V2M-two_stage_user_local_reranker-v1,protocol_a_rollv2_cv3,2,2030,V2H-local-zero,False,zero_eeg_control,v2n_eeg_base_0p05,reference_score_family,1.0,0.05,0.5736301369863014,0.5680999555999556,0.5736301369863014,0.5475649350649351,584,30,26,0.5623208648989899,0.5562645687645688,0.6024746987090083,26
V2-S,V2M-two_stage_user_local_reranker-v1,protocol_a_rollv2_cv3,2,2030,V2H-local-zero,False,zero_eeg_control,sqrt_margin_eeg_base0p05,reference_score_family,0.5,0.05,0.5702054794520548,0.5624451936951937,0.5702054794520548,0.5451641414141414,584,30,26,0.559450193903319,0.5529990842490842,0.6038693988484783,26
V2-S,V2M-two_stage_user_local_reranker-v1,protocol_a_rollv2_cv3,2,2030,V2H-local-zero,False,zero_eeg_control,margin_power0p25_base0p05,reference_score_family,0.25,0.05,0.5856164383561644,0.5771887834387834,0.5856164383561644,0.5579419191919192,584,30,26,0.577468998015873,0.5713016150516151,0.6087687301076423,26
V2-S,V2M-two_stage_user_local_reranker-v1,protocol_a_rollv2_cv3,2,2030,V2H-local-zero,False,zero_eeg_control,margin_power0p1_base0p0,fine_power_base_grid,0.1,0.0,0.5736301369863014,0.5679396991896992,0.5736301369863014,0.5474260461760461,584,30,26,0.5607620851370851,0.5551885614385614,0.6016879447841791,26
V2-S,V2M-two_stage_user_local_reranker-v1,protocol_a_rollv2_cv3,2,2030,V2H-local-zero,False,zero_eeg_control,margin_power0p1_base0p025,fine_power_base_grid,0.1,0.025,0.5958904109589042,0.5900728900728901,0.5958904109589042,0.5691081449414781,584,30,26,0.5911348980880231,0.5858049358049358,0.6122375996852985,26
V2-S,V2M-two_stage_user_local_reranker-v1,protocol_a_rollv2_cv3,2,2030,V2H-local-zero,False,zero_eeg_control,margin_power0p1_base0p05,fine_power_base_grid,0.1,0.05,0.6095890410958904,0.6065728253228253,0.6095890410958904,0.5859080888247554,584,30,26,0.6067649711399712,0.6013523513523513,0.6243965239781141,26
V2-S,V2M-two_stage_user_local_reranker-v1,protocol_a_rollv2_cv3,2,2030,V2H-local-zero,False,zero_eeg_control,margin_power0p1_base0p075,fine_power_base_grid,0.1,0.075,0.613013698630137,0.6142931142931144,0.613013698630137,0.5925990059323392,584,30,26,0.6139388302669553,0.610247853997854,0.6379859099524371,26
V2-S,V2M-two_stage_user_local_reranker-v1,protocol_a_rollv2_cv3,2,2030,V2H-local-zero,False,zero_eeg_control,margin_power0p1_base0p1,fine_power_base_grid,0.1,0.1,0.6113013698630136,0.6164578477078476,0.6113013698630136,0.5885227272727273,584,30,26,0.6179095643939394,0.6144959207459206,0.6464971569574081,26
V2-S,V2M-two_stage_user_local_reranker-v1,protocol_a_rollv2_cv3,2,2030,V2H-local-zero,False,zero_eeg_control,margin_power0p1_base0p15,fine_power_base_grid,0.1,0.15,0.6181506849315068,0.6250404687904687,0.6181506849315068,0.6031699935866602,584,30,26,0.6250400207431457,0.6222391034891034,0.6577620426992812,26
V2-S,V2M-two_stage_user_local_reranker-v1,protocol_a_rollv2_cv3,2,2030,V2H-local-zero,False,zero_eeg_control,margin_power0p15_base0p0,fine_power_base_grid,0.15,0.0,0.5736301369863014,0.5679396991896992,0.5736301369863014,0.5474260461760461,584,30,26,0.5607620851370851,0.5551885614385614,0.6016879447841791,26
V2-S,V2M-two_stage_user_local_reranker-v1,protocol_a_rollv2_cv3,2,2030,V2H-local-zero,False,zero_eeg_control,margin_power0p15_base0p025,fine_power_base_grid,0.15,0.025,0.5821917808219178,0.5730221167721168,0.5821917808219178,0.554330808080808,584,30,26,0.5745286571067821,0.5685918248418249,0.6075528376783605,26
V2-S,V2M-two_stage_user_local_reranker-v1,protocol_a_rollv2_cv3,2,2030,V2H-local-zero,False,zero_eeg_control,margin_power0p15_base0p05,fine_power_base_grid,0.15,0.05,0.6027397260273972,0.5971762034262035,0.6027397260273972,0.5777643498476832,584,30,26,0.5983744814213564,0.5926571114071114,0.6159925615992561,26
V2-S,V2M-two_stage_user_local_reranker-v1,protocol_a_rollv2_cv3,2,2030,V2H-local-zero,False,zero_eeg_control,margin_power0p15_base0p075,fine_power_base_grid,0.15,0.075,0.6113013698630136,0.6076768139268139,0.6113013698630136,0.5868648789482123,584,30,26,0.60807573502886,0.60245633995634,0.6236097700532848,26
V2-S,V2M-two_stage_user_local_reranker-v1,protocol_a_rollv2_cv3,2,2030,V2H-local-zero,False,zero_eeg_control,margin_power0p15_base0p1,fine_power_base_grid,0.15,0.1,0.6061643835616438,0.6038306600806601,0.6061643835616438,0.5835315456148787,584,30,26,0.60518511002886,0.6007469382469383,0.6317634016378786,26
V2-S,V2M-two_stage_user_local_reranker-v1,protocol_a_rollv2_cv3,2,2030,V2H-local-zero,False,zero_eeg_control,margin_power0p15_base0p15,fine_power_base_grid,0.15,0.15,0.613013698630137,0.6185055685055685,0.613013698630137,0.590297418630752,584,30,26,0.6198502886002886,0.6166581104081104,0.6454243106962773,26
V2-S,V2M-two_stage_user_local_reranker-v1,protocol_a_rollv2_cv3,2,2030,V2H-local-zero,False,zero_eeg_control,margin_power0p2_base0p0,fine_power_base_grid,0.2,0.0,0.5736301369863014,0.5679396991896992,0.5736301369863014,0.5474260461760461,584,30,26,0.5607620851370851,0.5551885614385614,0.6016879447841791,26
V2-S,V2M-two_stage_user_local_reranker-v1,protocol_a_rollv2_cv3,2,2030,V2H-local-zero,False,zero_eeg_control,margin_power0p2_base0p025,fine_power_base_grid,0.2,0.025,0.5753424657534246,0.5680541680541681,0.5753424657534246,0.5500252525252525,584,30,26,0.5661144931457431,0.5603563103563104,0.6056217144083252,26
V2-S,V2M-two_stage_user_local_reranker-v1,protocol_a_rollv2_cv3,2,2030,V2H-local-zero,False,zero_eeg_control,margin_power0p2_base0p05,fine_power_base_grid,0.2,0.05,0.5941780821917808,0.5838279775779776,0.5941780821917808,0.5636958874458874,584,30,26,0.5855159857503607,0.5796509046509046,0.6110932303400923,26
V2-S,V2M-two_stage_user_local_reranker-v1,protocol_a_rollv2_cv3,2,2030,V2H-local-zero,False,zero_eeg_control,margin_power0p2_base0p075,fine_power_base_grid,0.2,0.075,0.6027397260273972,0.5966420153920153,0.6027397260273972,0.5773013868847201,584,30,26,0.599917252886003,0.5938711751211752,0.6176018309909523,26
V2-S,V2M-two_stage_user_local_reranker-v1,protocol_a_rollv2_cv3,2,2030,V2H-local-zero,False,zero_eeg_control,margin_power0p2_base0p1,fine_power_base_grid,0.2,0.1,0.6113013698630136,0.6076768139268139,0.6113013698630136,0.5868648789482123,584,30,26,0.6072386814574314,0.6017695267695268,0.6231806315488324,26
V2-S,V2M-two_stage_user_local_reranker-v1,protocol_a_rollv2_cv3,2,2030,V2H-local-zero,False,zero_eeg_control,margin_power0p2_base0p15,fine_power_base_grid,0.2,0.15,0.613013698630137,0.6142931142931144,0.613013698630137,0.5925990059323392,584,30,26,0.6131017766955267,0.6095610408110408,0.6349104173371956,26
V2-S,V2M-two_stage_user_local_reranker-v1,protocol_a_rollv2_cv3,2,2030,V2H-local-zero,False,zero_eeg_control,margin_power0p25_base0p0,fine_power_base_grid,0.25,0.0,0.5736301369863014,0.5679396991896992,0.5736301369863014,0.5474260461760461,584,30,26,0.5607620851370851,0.5551885614385614,0.6016879447841791,26
V2-S,V2M-two_stage_user_local_reranker-v1,protocol_a_rollv2_cv3,2,2030,V2H-local-zero,False,zero_eeg_control,margin_power0p25_base0p025,fine_power_base_grid,0.25,0.025,0.5702054794520548,0.5624451936951937,0.5702054794520548,0.5451641414141414,584,30,26,0.559450193903319,0.5529990842490842,0.604370060437006,26
V2-S,V2M-two_stage_user_local_reranker-v1,protocol_a_rollv2_cv3,2,2030,V2H-local-zero,False,zero_eeg_control,margin_power0p25_base0p05,fine_power_base_grid,0.25,0.05,0.5856164383561644,0.5771887834387834,0.5856164383561644,0.5579419191919192,584,30,26,0.577468998015873,0.5713016150516151,0.6087687301076423,26
V2-S,V2M-two_stage_user_local_reranker-v1,protocol_a_rollv2_cv3,2,2030,V2H-local-zero,False,zero_eeg_control,margin_power0p25_base0p075,fine_power_base_grid,0.25,0.075,0.5993150684931506,0.592654798904799,0.5993150684931506,0.5713457992624658,584,30,26,0.5938382711038961,0.5882723757723758,0.61345349211458,26
V2-S,V2M-two_stage_user_local_reranker-v1,protocol_a_rollv2_cv3,2,2030,V2H-local-zero,False,zero_eeg_control,margin_power0p25_base0p1,fine_power_base_grid,0.25,0.1,0.6061643835616438,0.5990280552780554,0.6061643835616438,0.5793692881192881,584,30,26,0.6023998917748917,0.596257215007215,0.6182097772055931,26
V2-S,V2M-two_stage_user_local_reranker-v1,protocol_a_rollv2_cv3,2,2030,V2H-local-zero,False,zero_eeg_control,margin_power0p25_base0p15,fine_power_base_grid,0.25,0.15,0.6095890410958904,0.6070357882857883,0.6095890410958904,0.5863093233926566,584,30,26,0.6086226100288601,0.6039520664520664,0.6266852626685263,26
V2-S,V2M-two_stage_user_local_reranker-v1,protocol_a_rollv2_cv3,2,2030,V2H-local-zero,False,zero_eeg_control,margin_power0p3_base0p0,fine_power_base_grid,0.3,0.0,0.5736301369863014,0.5679396991896992,0.5736301369863014,0.5474260461760461,584,30,26,0.5607620851370851,0.5551885614385614,0.6016879447841791,26
V2-S,V2M-two_stage_user_local_reranker-v1,protocol_a_rollv2_cv3,2,2030,V2H-local-zero,False,zero_eeg_control,margin_power0p3_base0p025,fine_power_base_grid,0.3,0.025,0.5684931506849316,0.5614836552336553,0.5684931506849316,0.544330808080808,584,30,26,0.558356443903319,0.5520375457875457,0.6037621142223653,26
V2-S,V2M-two_stage_user_local_reranker-v1,protocol_a_rollv2_cv3,2,2030,V2H-local-zero,False,zero_eeg_control,margin_power0p3_base0p05,fine_power_base_grid,0.3,0.05,0.577054794520548,0.5690157065157065,0.577054794520548,0.5508585858585858,584,30,26,0.5709014249639249,0.5648143523143523,0.6066230375853806,26
V2-S,V2M-two_stage_user_local_reranker-v1,protocol_a_rollv2_cv3,2,2030,V2H-local-zero,False,zero_eeg_control,margin_power0p3_base0p075,fine_power_base_grid,0.3,0.075,0.589041095890411,0.5806228493728495,0.589041095890411,0.5609181096681096,584,30,26,0.5805629960317461,0.5749264624264624,0.6102707148732253,26
V2-S,V2M-two_stage_user_local_reranker-v1,protocol_a_rollv2_cv3,2,2030,V2H-local-zero,False,zero_eeg_control,margin_power0p3_base0p1,fine_power_base_grid,0.3,0.1,0.6027397260273972,0.5965122840122841,0.6027397260273972,0.5771889530222862,584,30,26,0.5956251127344877,0.5900541588041588,0.6140614383292208,26
V2-S,V2M-two_stage_user_local_reranker-v1,protocol_a_rollv2_cv3,2,2030,V2H-local-zero,False,zero_eeg_control,margin_power0p3_base0p15,fine_power_base_grid,0.3,0.15,0.6095890410958904,0.6020220520220521,0.6095890410958904,0.5819640852974186,584,30,26,0.6027074314574314,0.5969618344618345,0.6218216929514001,26
V2-S,V2M-two_stage_user_local_reranker-v1,protocol_a_rollv2_cv3,2,2030,V2H-local-zero,False,zero_eeg_control,margin_power0p35_base0p0,fine_power_base_grid,0.35,0.0,0.5736301369863014,0.5679396991896992,0.5736301369863014,0.5474260461760461,584,30,26,0.5607620851370851,0.5551885614385614,0.6016879447841791,26
V2-S,V2M-two_stage_user_local_reranker-v1,protocol_a_rollv2_cv3,2,2030,V2H-local-zero,False,zero_eeg_control,margin_power0p35_base0p025,fine_power_base_grid,0.35,0.025,0.5667808219178082,0.5595605783105783,0.5667808219178082,0.5401641414141414,584,30,26,0.5574449855699857,0.5512362637362638,0.6032614526338376,26
V2-S,V2M-two_stage_user_local_reranker-v1,protocol_a_rollv2_cv3,2,2030,V2H-local-zero,False,zero_eeg_control,margin_power0p35_base0p05,fine_power_base_grid,0.35,0.05,0.5753424657534246,0.5666118603618604,0.5753424657534246,0.5487752525252525,584,30,26,0.5652551181457433,0.5589140026640027,0.6055501913242499,26
V2-S,V2M-two_stage_user_local_reranker-v1,protocol_a_rollv2_cv3,2,2030,V2H-local-zero,False,zero_eeg_control,margin_power0p35_base0p075,fine_power_base_grid,0.35,0.075,0.583904109589041,0.5763875013875014,0.583904109589041,0.5572474747474747,584,30,26,0.5766319444444444,0.570614801864802,0.6082680685191146,26
V2-S,V2M-two_stage_user_local_reranker-v1,protocol_a_rollv2_cv3,2,2030,V2H-local-zero,False,zero_eeg_control,margin_power0p35_base0p1,fine_power_base_grid,0.35,0.1,0.5924657534246576,0.5835990398490398,0.5924657534246576,0.5634974747474747,584,30,26,0.5868169417388167,0.5810939060939061,0.6117369380967708,26
V2-S,V2M-two_stage_user_local_reranker-v1,protocol_a_rollv2_cv3,2,2030,V2H-local-zero,False,zero_eeg_control,margin_power0p35_base0p15,fine_power_base_grid,0.35,0.15,0.6061643835616438,0.5990280552780554,0.6061643835616438,0.5793692881192881,584,30,26,0.6012714195526696,0.5951888389388389,0.6179952079533669,26
V2-S,V2M-two_stage_user_local_reranker-v1,protocol_a_rollv2_cv3,2,2030,V2H-local-zero,False,zero_eeg_control,margin_power0p4_base0p0,fine_power_base_grid,0.4,0.0,0.5736301369863014,0.5679396991896992,0.5736301369863014,0.5474260461760461,584,30,26,0.5607620851370851,0.5551885614385614,0.6016879447841791,26
V2-S,V2M-two_stage_user_local_reranker-v1,protocol_a_rollv2_cv3,2,2030,V2H-local-zero,False,zero_eeg_control,margin_power0p4_base0p025,fine_power_base_grid,0.4,0.025,0.5667808219178082,0.5595605783105783,0.5667808219178082,0.5401641414141414,584,30,26,0.5574449855699857,0.5512362637362638,0.6029395987554983,26
V2-S,V2M-two_stage_user_local_reranker-v1,protocol_a_rollv2_cv3,2,2030,V2H-local-zero,False,zero_eeg_control,margin_power0p4_base0p05,fine_power_base_grid,0.4,0.05,0.571917808219178,0.5640477577977578,0.571917808219178,0.5465530303030303,584,30,26,0.5608824855699855,0.5546016483516483,0.6048707220255337,26
V2-S,V2M-two_stage_user_local_reranker-v1,protocol_a_rollv2_cv3,2,2030,V2H-local-zero,False,zero_eeg_control,margin_power0p4_base0p075,fine_power_base_grid,0.4,0.075,0.5787671232876712,0.569977244977245,0.5787671232876712,0.5516919191919192,584,30,26,0.5719951749639249,0.5657758907758909,0.607159460715946,26
V2-S,V2M-two_stage_user_local_reranker-v1,protocol_a_rollv2_cv3,2,2030,V2H-local-zero,False,zero_eeg_control,margin_power0p4_base0p1,fine_power_base_grid,0.4,0.1,0.583904109589041,0.5758151570651571,0.583904109589041,0.556751443001443,584,30,26,0.5763405257936508,0.570233238983239,0.6096627686585845,26
V2-S,V2M-two_stage_user_local_reranker-v1,protocol_a_rollv2_cv3,2,2030,V2H-local-zero,False,zero_eeg_control,margin_power0p4_base0p15,fine_power_base_grid,0.4,0.15,0.6061643835616438,0.5982751045251046,0.6061643835616438,0.578716730800064,584,30,26,0.5964274440836942,0.5906341343841344,0.61484819225405,26
V2-S,V2M-two_stage_user_local_reranker-v1,protocol_a_rollv2_cv3,2,2030,V2H-local-zero,False,zero_eeg_control,margin_power0p5_base0p0,fine_power_base_grid,0.5,0.0,0.5736301369863014,0.5679396991896992,0.5736301369863014,0.5474260461760461,584,30,26,0.5607620851370851,0.5551885614385614,0.6016879447841791,26
V2-S,V2M-two_stage_user_local_reranker-v1,protocol_a_rollv2_cv3,2,2030,V2H-local-zero,False,zero_eeg_control,margin_power0p5_base0p025,fine_power_base_grid,0.5,0.025,0.5684931506849316,0.5608426295926296,0.5684931506849316,0.5412752525252525,584,30,26,0.5587991522366523,0.5525183150183149,0.6026535064191967,26
V2-S,V2M-two_stage_user_local_reranker-v1,protocol_a_rollv2_cv3,2,2030,V2H-local-zero,False,zero_eeg_control,margin_power0p5_base0p05,fine_power_base_grid,0.5,0.05,0.5702054794520548,0.5624451936951937,0.5702054794520548,0.5451641414141414,584,30,26,0.559450193903319,0.5529990842490842,0.6038693988484783,26
V2-S,V2M-two_stage_user_local_reranker-v1,protocol_a_rollv2_cv3,2,2030,V2H-local-zero,False,zero_eeg_control,margin_power0p5_base0p075,fine_power_base_grid,0.5,0.075,0.5736301369863014,0.5650092962592962,0.5736301369863014,0.5473863636363636,584,30,26,0.5638228264790766,0.5573114385614386,0.6055144297822121,26
V2-S,V2M-two_stage_user_local_reranker-v1,protocol_a_rollv2_cv3,2,2030,V2H-local-zero,False,zero_eeg_control,margin_power0p5_base0p1,fine_power_base_grid,0.5,0.1,0.5787671232876712,0.569977244977245,0.5787671232876712,0.5516919191919192,584,30,26,0.5719951749639249,0.5657758907758909,0.6069091299216822,26
V2-S,V2M-two_stage_user_local_reranker-v1,protocol_a_rollv2_cv3,2,2030,V2H-local-zero,False,zero_eeg_control,margin_power0p5_base0p15,fine_power_base_grid,0.5,0.15,0.5907534246575342,0.5815665815665816,0.5907534246575342,0.5642360109026775,584,30,26,0.5827568091630593,0.5764966514966514,0.6107713764617531,26
V2-S,V2M-two_stage_user_local_reranker-v1,protocol_a_rollv2_cv3,3,2030,V2H-local-zero,False,zero_eeg_control,v2n_eeg_base_0p05,reference_score_family,1.0,0.05,0.5663430420711975,0.5835523390497913,0.5663430420711975,0.5616083949119663,618,28,24,0.5748953746331369,0.5914631009422676,0.5836446202299861,24
V2-S,V2M-two_stage_user_local_reranker-v1,protocol_a_rollv2_cv3,3,2030,V2H-local-zero,False,zero_eeg_control,sqrt_margin_eeg_base0p05,reference_score_family,0.5,0.05,0.5631067961165048,0.58216329193706,0.5631067961165048,0.5606266385730672,618,28,24,0.5720897206911194,0.5890363032029698,0.5868307331721967,24
V2-S,V2M-two_stage_user_local_reranker-v1,protocol_a_rollv2_cv3,3,2030,V2H-local-zero,False,zero_eeg_control,margin_power0p25_base0p05,reference_score_family,0.25,0.05,0.5825242718446602,0.5968233868575715,0.5825242718446602,0.5733518729947302,618,28,24,0.5839703129038794,0.6020702407160741,0.5952537903757416,24
V2-S,V2M-two_stage_user_local_reranker-v1,protocol_a_rollv2_cv3,3,2030,V2H-local-zero,False,zero_eeg_control,margin_power0p1_base0p0,fine_power_base_grid,0.1,0.0,0.5598705501618123,0.5773235871932982,0.5598705501618123,0.5560055982377412,618,28,24,0.5697976945354568,0.5864697146988814,0.580788105178349,24
V2-S,V2M-two_stage_user_local_reranker-v1,protocol_a_rollv2_cv3,3,2030,V2H-local-zero,False,zero_eeg_control,margin_power0p1_base0p025,fine_power_base_grid,0.1,0.025,0.5938511326860841,0.6113507399868984,0.5938511326860841,0.5861171731707445,618,28,24,0.6024956783698043,0.6191263404805071,0.6010766864425401,24
V2-S,V2M-two_stage_user_local_reranker-v1,protocol_a_rollv2_cv3,3,2030,V2H-local-zero,False,zero_eeg_control,margin_power0p1_base0p05,fine_power_base_grid,0.1,0.05,0.610032362459547,0.6303874802981485,0.610032362459547,0.603947484393913,618,28,24,0.6172736160498398,0.632353414332581,0.6155057496520911,24
V2-S,V2M-two_stage_user_local_reranker-v1,protocol_a_rollv2_cv3,3,2030,V2H-local-zero,False,zero_eeg_control,margin_power0p1_base0p075,fine_power_base_grid,0.1,0.075,0.6181229773462783,0.6458741617250712,0.6181229773462783,0.6182296968904113,618,28,24,0.6291431373599206,0.6441196110987778,0.6261993701018091,24
V2-S,V2M-two_stage_user_local_reranker-v1,protocol_a_rollv2_cv3,3,2030,V2H-local-zero,False,zero_eeg_control,margin_power0p1_base0p1,fine_power_base_grid,0.1,0.1,0.6132686084142395,0.6399269876556383,0.6132686084142395,0.6203049992335706,618,28,24,0.6251693333861166,0.6400124682416349,0.6341463414634146,24
V2-S,V2M-two_stage_user_local_reranker-v1,protocol_a_rollv2_cv3,3,2030,V2H-local-zero,False,zero_eeg_control,margin_power0p1_base0p15,fine_power_base_grid,0.1,0.15,0.6229773462783171,0.6512360396693473,0.6229773462783171,0.6385831562617277,618,28,24,0.6310062121250932,0.6450252563794231,0.6451329378158647,24
V2-S,V2M-two_stage_user_local_reranker-v1,protocol_a_rollv2_cv3,3,2030,V2H-local-zero,False,zero_eeg_control,margin_power0p15_base0p0,fine_power_base_grid,0.15,0.0,0.5598705501618123,0.5773235871932982,0.5598705501618123,0.5560055982377412,618,28,24,0.5697976945354568,0.5864697146988814,0.580788105178349,24
V2-S,V2M-two_stage_user_local_reranker-v1,protocol_a_rollv2_cv3,3,2030,V2H-local-zero,False,zero_eeg_control,margin_power0p15_base0p025,fine_power_base_grid,0.15,0.025,0.5792880258899676,0.5928493458522807,0.5792880258899676,0.5697861133575419,618,28,24,0.5843449382785048,0.6014816163774497,0.5938621548377647,24
V2-S,V2M-two_stage_user_local_reranker-v1,protocol_a_rollv2_cv3,3,2030,V2H-local-zero,False,zero_eeg_control,margin_power0p15_base0p05,fine_power_base_grid,0.15,0.05,0.5954692556634305,0.6115444355206675,0.5954692556634305,0.5855672865494295,618,28,24,0.6044673178414438,0.6206926985051985,0.6052882150443126,24
V2-S,V2M-two_stage_user_local_reranker-v1,protocol_a_rollv2_cv3,3,2030,V2H-local-zero,False,zero_eeg_control,margin_power0p15_base0p075,fine_power_base_grid,0.15,0.075,0.6116504854368932,0.6314291469648152,0.6116504854368932,0.60484034153677,618,28,24,0.618497392273616,0.6333950809992477,0.6148831758587856,24
V2-S,V2M-two_stage_user_local_reranker-v1,protocol_a_rollv2_cv3,3,2030,V2H-local-zero,False,zero_eeg_control,margin_power0p15_base0p1,fine_power_base_grid,0.15,0.1,0.6197411003236246,0.6463503522012616,0.6197411003236246,0.6186378601557173,618,28,24,0.630104675821459,0.6447446110987778,0.6222808174027686,24
V2-S,V2M-two_stage_user_local_reranker-v1,protocol_a_rollv2_cv3,3,2030,V2H-local-zero,False,zero_eeg_control,margin_power0p15_base0p15,fine_power_base_grid,0.15,0.15,0.6132686084142395,0.641605228396379,0.6132686084142395,0.6217434912970627,618,28,24,0.6262668469836302,0.6416907089823757,0.6335603896579507,24
V2-S,V2M-two_stage_user_local_reranker-v1,protocol_a_rollv2_cv3,3,2030,V2H-local-zero,False,zero_eeg_control,margin_power0p2_base0p0,fine_power_base_grid,0.2,0.0,0.5598705501618123,0.5773235871932982,0.5598705501618123,0.5560055982377412,618,28,24,0.5697976945354568,0.5864697146988814,0.580788105178349,24
V2-S,V2M-two_stage_user_local_reranker-v1,protocol_a_rollv2_cv3,3,2030,V2H-local-zero,False,zero_eeg_control,margin_power0p2_base0p025,fine_power_base_grid,0.2,0.025,0.5728155339805825,0.5903406102733696,0.5728155339805825,0.567740196311625,618,28,24,0.5819206337562981,0.5988235491360491,0.5904563099685051,24
V2-S,V2M-two_stage_user_local_reranker-v1,protocol_a_rollv2_cv3,3,2030,V2H-local-zero,False,zero_eeg_control,margin_power0p2_base0p05,fine_power_base_grid,0.2,0.05,0.5906148867313916,0.6066672272277277,0.5906148867313916,0.5819983059268773,618,28,24,0.5961660231765127,0.6128329001245668,0.5995751849410387,24
V2-S,V2M-two_stage_user_local_reranker-v1,protocol_a_rollv2_cv3,3,2030,V2H-local-zero,False,zero_eeg_control,margin_power0p2_base0p075,fine_power_base_grid,0.2,0.075,0.6019417475728155,0.6201742220150374,0.6019417475728155,0.5931236851772567,618,28,24,0.6127782376908251,0.628373135352302,0.6069362044971802,24
V2-S,V2M-two_stage_user_local_reranker-v1,protocol_a_rollv2_cv3,3,2030,V2H-local-zero,False,zero_eeg_control,margin_power0p2_base0p1,fine_power_base_grid,0.2,0.1,0.6116504854368932,0.629925136269628,0.6116504854368932,0.602675839372268,618,28,24,0.6185530184656058,0.6333003840295507,0.6136746502600161,24
V2-S,V2M-two_stage_user_local_reranker-v1,protocol_a_rollv2_cv3,3,2030,V2H-local-zero,False,zero_eeg_control,margin_power0p2_base0p15,fine_power_base_grid,0.2,0.15,0.616504854368932,0.644683685534595,0.616504854368932,0.617209288727146,618,28,24,0.628006773723557,0.6430779444321111,0.6239654288434776,24
V2-S,V2M-two_stage_user_local_reranker-v1,protocol_a_rollv2_cv3,3,2030,V2H-local-zero,False,zero_eeg_control,margin_power0p25_base0p0,fine_power_base_grid,0.25,0.0,0.5598705501618123,0.5773235871932982,0.5598705501618123,0.5560055982377412,618,28,24,0.5697976945354568,0.5864697146988814,0.580788105178349,24
V2-S,V2M-two_stage_user_local_reranker-v1,protocol_a_rollv2_cv3,3,2030,V2H-local-zero,False,zero_eeg_control,margin_power0p25_base0p025,fine_power_base_grid,0.25,0.025,0.5647249190938511,0.5841080465408058,0.5647249190938511,0.5623979988265703,618,28,24,0.5741808987438358,0.5918193804652138,0.588551966600747,24
V2-S,V2M-two_stage_user_local_reranker-v1,protocol_a_rollv2_cv3,3,2030,V2H-local-zero,False,zero_eeg_control,margin_power0p25_base0p05,fine_power_base_grid,0.25,0.05,0.5825242718446602,0.5968233868575715,0.5825242718446602,0.5733518729947302,618,28,24,0.5839703129038794,0.6020702407160741,0.5952537903757416,24
V2-S,V2M-two_stage_user_local_reranker-v1,protocol_a_rollv2_cv3,3,2030,V2H-local-zero,False,zero_eeg_control,margin_power0p25_base0p075,fine_power_base_grid,0.25,0.075,0.5938511326860841,0.6105664262614082,0.5938511326860841,0.5845695541231255,618,28,24,0.6026413660154919,0.6194735627027294,0.6023218340291511,24
V2-S,V2M-two_stage_user_local_reranker-v1,protocol_a_rollv2_cv3,3,2030,V2H-local-zero,False,zero_eeg_control,margin_power0p25_base0p1,fine_power_base_grid,0.25,0.1,0.6019417475728155,0.6201742220150374,0.6019417475728155,0.5931236851772567,618,28,24,0.6127782376908251,0.628373135352302,0.6073024243755951,24
V2-S,V2M-two_stage_user_local_reranker-v1,protocol_a_rollv2_cv3,3,2030,V2H-local-zero,False,zero_eeg_control,margin_power0p25_base0p15,fine_power_base_grid,0.25,0.15,0.6132686084142395,0.63530646177963,0.6132686084142395,0.6089078018542304,618,28,24,0.6209158071920309,0.6364043402585069,0.6175565809712151,24
V2-S,V2M-two_stage_user_local_reranker-v1,protocol_a_rollv2_cv3,3,2030,V2H-local-zero,False,zero_eeg_control,margin_power0p3_base0p0,fine_power_base_grid,0.3,0.0,0.5598705501618123,0.5773235871932982,0.5598705501618123,0.5560055982377412,618,28,24,0.5697976945354568,0.5864697146988814,0.580788105178349,24
V2-S,V2M-two_stage_user_local_reranker-v1,protocol_a_rollv2_cv3,3,2030,V2H-local-zero,False,zero_eeg_control,margin_power0p3_base0p025,fine_power_base_grid,0.3,0.025,0.5614886731391586,0.5809728157465838,0.5614886731391586,0.5596062304098018,618,28,24,0.5708909194923181,0.5878458270124937,0.5868673551600381,24
V2-S,V2M-two_stage_user_local_reranker-v1,protocol_a_rollv2_cv3,3,2030,V2H-local-zero,False,zero_eeg_control,margin_power0p3_base0p05,fine_power_base_grid,0.3,0.05,0.5792880258899676,0.5948970666500014,0.5792880258899676,0.5715413026127312,618,28,24,0.5869449024169304,0.6035293371751704,0.5924705192997876,24
V2-S,V2M-two_stage_user_local_reranker-v1,protocol_a_rollv2_cv3,3,2030,V2H-local-zero,False,zero_eeg_control,margin_power0p3_base0p075,fine_power_base_grid,0.3,0.075,0.5922330097087378,0.6059312348250687,0.5922330097087378,0.5813674552960267,618,28,24,0.5960136114856395,0.6128685126601794,0.5982201713909031,24
V2-S,V2M-two_stage_user_local_reranker-v1,protocol_a_rollv2_cv3,3,2030,V2H-local-zero,False,zero_eeg_control,margin_power0p3_base0p1,fine_power_base_grid,0.3,0.1,0.5938511326860841,0.6105664262614082,0.5938511326860841,0.5845695541231255,618,28,24,0.6036126169867428,0.6202451676410009,0.6034937376400791,24
V2-S,V2M-two_stage_user_local_reranker-v1,protocol_a_rollv2_cv3,3,2030,V2H-local-zero,False,zero_eeg_control,margin_power0p3_base0p15,fine_power_base_grid,0.3,0.15,0.610032362459547,0.6286230529362947,0.610032362459547,0.6014003291681863,618,28,24,0.6175817674943549,0.632528779091279,0.6118069288800997,24
V2-S,V2M-two_stage_user_local_reranker-v1,protocol_a_rollv2_cv3,3,2030,V2H-local-zero,False,zero_eeg_control,margin_power0p35_base0p0,fine_power_base_grid,0.35,0.0,0.5598705501618123,0.5773235871932982,0.5598705501618123,0.5560055982377412,618,28,24,0.5697976945354568,0.5864697146988814,0.580788105178349,24
V2-S,V2M-two_stage_user_local_reranker-v1,protocol_a_rollv2_cv3,3,2030,V2H-local-zero,False,zero_eeg_control,margin_power0p35_base0p025,fine_power_base_grid,0.35,0.025,0.5614886731391586,0.5797057592163694,0.5614886731391586,0.5584157542193257,618,28,24,0.5706050942064929,0.5872836577003243,0.5859151834761591,24
V2-S,V2M-two_stage_user_local_reranker-v1,protocol_a_rollv2_cv3,3,2030,V2H-local-zero,False,zero_eeg_control,margin_power0p35_base0p05,fine_power_base_grid,0.35,0.05,0.5711974110032363,0.5884561405763998,0.5711974110032363,0.5661249365713651,618,28,24,0.5798253805246811,0.5966613016613017,0.590602797919871,24
V2-S,V2M-two_stage_user_local_reranker-v1,protocol_a_rollv2_cv3,3,2030,V2H-local-zero,False,zero_eeg_control,margin_power0p35_base0p075,fine_power_base_grid,0.35,0.075,0.5825242718446602,0.5968233868575715,0.5825242718446602,0.5733518729947302,618,28,24,0.5864567153902819,0.6042307345432345,0.5951073024243756,24
V2-S,V2M-two_stage_user_local_reranker-v1,protocol_a_rollv2_cv3,3,2030,V2H-local-zero,False,zero_eeg_control,margin_power0p35_base0p1,fine_power_base_grid,0.35,0.1,0.5922330097087378,0.6075931531536537,0.5922330097087378,0.5827919567205281,618,28,24,0.5982250752355648,0.6145304309887644,0.6001611367465025,24
V2-S,V2M-two_stage_user_local_reranker-v1,protocol_a_rollv2_cv3,3,2030,V2H-local-zero,False,zero_eeg_control,margin_power0p35_base0p15,fine_power_base_grid,0.35,0.15,0.6003236245954693,0.6187605315388468,0.6003236245954693,0.5915930729323586,618,28,24,0.6120345369471243,0.6280204016662351,0.6070826924485461,24
V2-S,V2M-two_stage_user_local_reranker-v1,protocol_a_rollv2_cv3,3,2030,V2H-local-zero,False,zero_eeg_control,margin_power0p4_base0p0,fine_power_base_grid,0.4,0.0,0.5598705501618123,0.5773235871932982,0.5598705501618123,0.5560055982377412,618,28,24,0.5697976945354568,0.5864697146988814,0.580788105178349,24
V2-S,V2M-two_stage_user_local_reranker-v1,protocol_a_rollv2_cv3,3,2030,V2H-local-zero,False,zero_eeg_control,margin_power0p4_base0p025,fine_power_base_grid,0.4,0.025,0.5631067961165048,0.5797407860194883,0.5631067961165048,0.5585007882329311,618,28,24,0.5712905198919185,0.5874930933264267,0.5853292316706951,24
V2-S,V2M-two_stage_user_local_reranker-v1,protocol_a_rollv2_cv3,3,2030,V2H-local-zero,False,zero_eeg_control,margin_power0p4_base0p05,fine_power_base_grid,0.4,0.05,0.56957928802589,0.5892800042127635,0.56957928802589,0.566831105402534,618,28,24,0.5787985033614405,0.5967135603593937,0.589577382260309,24
V2-S,V2M-two_stage_user_local_reranker-v1,protocol_a_rollv2_cv3,3,2030,V2H-local-zero,False,zero_eeg_control,margin_power0p4_base0p075,fine_power_base_grid,0.4,0.075,0.5792880258899676,0.5928824146353494,0.5792880258899676,0.5698144580287438,618,28,24,0.5843782383118048,0.6015146851605185,0.5929466051417271,24
V2-S,V2M-two_stage_user_local_reranker-v1,protocol_a_rollv2_cv3,3,2030,V2H-local-zero,False,zero_eeg_control,margin_power0p4_base0p1,fine_power_base_grid,0.4,0.1,0.5906148867313916,0.6055239666546426,0.5906148867313916,0.5809139405567977,618,28,24,0.5943153097873377,0.6114548221839889,0.5975609756097561,24
V2-S,V2M-two_stage_user_local_reranker-v1,protocol_a_rollv2_cv3,3,2030,V2H-local-zero,False,zero_eeg_control,margin_power0p4_base0p15,fine_power_base_grid,0.4,0.15,0.5970873786407767,0.6140717172666992,0.5970873786407767,0.5875740892705178,618,28,24,0.6058118066859326,0.6227087919796253,0.6047388852266902,24
V2-S,V2M-two_stage_user_local_reranker-v1,protocol_a_rollv2_cv3,3,2030,V2H-local-zero,False,zero_eeg_control,margin_power0p5_base0p0,fine_power_base_grid,0.5,0.0,0.5598705501618123,0.5773235871932982,0.5598705501618123,0.5560055982377412,618,28,24,0.5697976945354568,0.5864697146988814,0.580788105178349,24
V2-S,V2M-two_stage_user_local_reranker-v1,protocol_a_rollv2_cv3,3,2030,V2H-local-zero,False,zero_eeg_control,margin_power0p5_base0p025,fine_power_base_grid,0.5,0.025,0.5647249190938511,0.5827169764956788,0.5647249190938511,0.5610518086410944,618,28,24,0.5734758345772332,0.5900972599930934,0.5844869259503406,24
V2-S,V2M-two_stage_user_local_reranker-v1,protocol_a_rollv2_cv3,3,2030,V2H-local-zero,False,zero_eeg_control,margin_power0p5_base0p05,fine_power_base_grid,0.5,0.05,0.5631067961165048,0.58216329193706,0.5631067961165048,0.5606266385730672,618,28,24,0.5720897206911194,0.5890363032029698,0.5868307331721967,24
V2-S,V2M-two_stage_user_local_reranker-v1,protocol_a_rollv2_cv3,3,2030,V2H-local-zero,False,zero_eeg_control,margin_power0p5_base0p075,fine_power_base_grid,0.5,0.075,0.5728155339805825,0.5910603072430666,0.5728155339805825,0.568357079428508,618,28,24,0.5820106952099958,0.5992654683279683,0.5901633340657731,24
V2-S,V2M-two_stage_user_local_reranker-v1,protocol_a_rollv2_cv3,3,2030,V2H-local-zero,False,zero_eeg_control,margin_power0p5_base0p1,fine_power_base_grid,0.5,0.1,0.580906148867314,0.5974553879583228,0.580906148867314,0.5737341494484351,618,28,24,0.5886999655356299,0.6060876584834918,0.5931663370687761,24
V2-S,V2M-two_stage_user_local_reranker-v1,protocol_a_rollv2_cv3,3,2030,V2H-local-zero,False,zero_eeg_control,margin_power0p5_base0p15,fine_power_base_grid,0.5,0.15,0.5954692556634305,0.6087883776822115,0.5954692556634305,0.5838164348878634,618,28,24,0.5971208375928656,0.6139597825014492,0.5992089650626237,24
