phase,protocol_id,split_version,fold,seed,candidate,uses_eeg,control_type,score_variant,variant_family,base_weight,history_floor,history_cap,agreement_gamma,selected_alignment,stage1_source,protocol_gauc,protocol_macro_user_auc,protocol_global_auc,local_context_macro_auc,local_pair_count,valid_context_count,valid_local_user_count,event_transfer_gauc,event_transfer_macro_user_auc,event_transfer_global_auc,event_valid_user_count
V2-O,V2M-two_stage_user_local_reranker-v1,protocol_a_rollv2_cv3,1,2026,V2H-local-H2_E0,False,H2_E0_non_eeg,eeg_only,baseline,0.0,,,,user_center_alpha_2p0,V1-profile-dynamic-gated_cross_attention,0.6538461538461539,0.6476347263847264,0.6538461538461539,0.6541212121212121,598,35,28,0.6317654153475049,0.629453398783756,0.6425199583477958,28
V2-O,V2M-two_stage_user_local_reranker-v1,protocol_a_rollv2_cv3,1,2026,V2H-local-H2_E0,False,H2_E0_non_eeg,v2n_eeg_base_0p05,v2n_reference,0.05,,,,user_center_alpha_2p0,V1-profile-dynamic-gated_cross_attention,0.6521739130434783,0.6467654898012041,0.6521739130434783,0.6534258228543942,598,35,28,0.6290835863970191,0.6270960669621383,0.6426240888580353,28
V2-O,V2M-two_stage_user_local_reranker-v1,protocol_a_rollv2_cv3,1,2026,V2H-local-H2_E0,False,H2_E0_non_eeg,hist_gate_floor0p25_cap5_base0p05,history_reliability,0.05,0.25,5.0,,user_center_alpha_2p0,V1-profile-dynamic-gated_cross_attention,0.6521739130434783,0.6467654898012041,0.6521739130434783,0.6534258228543942,598,35,28,0.6290835863970191,0.6270960669621383,0.6426240888580353,28
V2-O,V2M-two_stage_user_local_reranker-v1,protocol_a_rollv2_cv3,1,2026,V2H-local-H2_E0,False,H2_E0_non_eeg,hist_gate_floor0p25_cap10_base0p05,history_reliability,0.05,0.25,10.0,,user_center_alpha_2p0,V1-profile-dynamic-gated_cross_attention,0.6521739130434783,0.6467654898012041,0.6521739130434783,0.6534258228543942,598,35,28,0.6290835863970191,0.6270960669621383,0.6426240888580353,28
V2-O,V2M-two_stage_user_local_reranker-v1,protocol_a_rollv2_cv3,1,2026,V2H-local-H2_E0,False,H2_E0_non_eeg,hist_gate_floor0p25_cap20_base0p05,history_reliability,0.05,0.25,20.0,,user_center_alpha_2p0,V1-profile-dynamic-gated_cross_attention,0.6521739130434783,0.6467654898012041,0.6521739130434783,0.6534258228543942,598,35,28,0.6290835863970191,0.6270960669621383,0.6426240888580353,28
V2-O,V2M-two_stage_user_local_reranker-v1,protocol_a_rollv2_cv3,1,2026,V2H-local-H2_E0,False,H2_E0_non_eeg,hist_gate_floor0p50_cap10_base0p05,history_reliability,0.05,0.5,10.0,,user_center_alpha_2p0,V1-profile-dynamic-gated_cross_attention,0.6521739130434783,0.6467654898012041,0.6521739130434783,0.6534258228543942,598,35,28,0.6290835863970191,0.6270960669621383,0.6426240888580353,28
V2-O,V2M-two_stage_user_local_reranker-v1,protocol_a_rollv2_cv3,1,2026,V2H-local-H2_E0,False,H2_E0_non_eeg,session_rank_eeg_base0p05,session_block_listwise,0.05,,,,user_center_alpha_2p0,V1-profile-dynamic-gated_cross_attention,0.6538461538461539,0.6476347263847264,0.6538461538461539,0.6541212121212121,598,35,28,0.6353209062910555,0.6349165764790765,0.6071676501214855,28
V2-O,V2M-two_stage_user_local_reranker-v1,protocol_a_rollv2_cv3,1,2026,V2H-local-H2_E0,False,H2_E0_non_eeg,session_rank_eeg_base0p10,session_block_listwise,0.1,,,,user_center_alpha_2p0,V1-profile-dynamic-gated_cross_attention,0.6538461538461539,0.6476347263847264,0.6538461538461539,0.6541212121212121,598,35,28,0.6326675066227305,0.6324364177489177,0.6060395695938909,28
V2-O,V2M-two_stage_user_local_reranker-v1,protocol_a_rollv2_cv3,1,2026,V2H-local-H2_E0,False,H2_E0_non_eeg,session_z_eeg_base0p05,session_block_listwise,0.05,,,,user_center_alpha_2p0,V1-profile-dynamic-gated_cross_attention,0.6454849498327759,0.639920251705966,0.6454849498327759,0.6479496323782038,598,35,28,0.6182719519286684,0.6152447734144163,0.6143005900728914,28
V2-O,V2M-two_stage_user_local_reranker-v1,protocol_a_rollv2_cv3,1,2026,V2H-local-H2_E0,False,H2_E0_non_eeg,session_z_eeg_base0p10,session_block_listwise,0.1,,,,user_center_alpha_2p0,V1-profile-dynamic-gated_cross_attention,0.6387959866220736,0.6336185771900057,0.6387959866220736,0.6419314917886346,598,35,28,0.6150119532209084,0.612096195801553,0.6128774730996183,28
V2-O,V2M-two_stage_user_local_reranker-v1,protocol_a_rollv2_cv3,1,2026,V2H-local-H2_E0,False,H2_E0_non_eeg,agreement_gate0p10_base0p05,eeg_base_agreement,0.05,,,0.1,user_center_alpha_2p0,V1-profile-dynamic-gated_cross_attention,0.6471571906354515,0.6388169898884185,0.6471571906354515,0.6460902219473648,598,35,28,0.6192943292197023,0.6171731129320416,0.6423116973273169,28
V2-O,V2M-two_stage_user_local_reranker-v1,protocol_a_rollv2_cv3,1,2026,V2H-local-H2_E0,False,H2_E0_non_eeg,agreement_gate0p25_base0p05,eeg_base_agreement,0.05,,,0.25,user_center_alpha_2p0,V1-profile-dynamic-gated_cross_attention,0.6471571906354515,0.6405034978249263,0.6471571906354515,0.6474394282965712,598,35,28,0.6202253882104627,0.6186753805057377,0.6424158278375565,28
V2-O,V2M-two_stage_user_local_reranker-v1,protocol_a_rollv2_cv3,1,2026,V2H-local-H2_E0,False,H2_E0_non_eeg,sqrt_margin_eeg_base0p05,margin_shrinkage,0.05,,,,user_center_alpha_2p0,V1-profile-dynamic-gated_cross_attention,0.6454849498327759,0.6380658561015704,0.6454849498327759,0.6454893149178863,598,35,28,0.6176679373694298,0.6156566730227445,0.6425893786879555,28
V2-O,V2M-two_stage_user_local_reranker-v1,protocol_a_rollv2_cv3,2,2026,V2H-local-H2_E0,False,H2_E0_non_eeg,eeg_only,baseline,0.0,,,,user_center_alpha_2p0,V1-profile-dynamic-gated_cross_attention,0.5753424657534246,0.5641215266215267,0.5753424657534246,0.553654000320667,584,30,26,0.5600306637806638,0.5574303011803011,0.5752244036762866,26
V2-O,V2M-two_stage_user_local_reranker-v1,protocol_a_rollv2_cv3,2,2026,V2H-local-H2_E0,False,H2_E0_non_eeg,v2n_eeg_base_0p05,v2n_reference,0.05,,,,user_center_alpha_2p0,V1-profile-dynamic-gated_cross_attention,0.5736301369863014,0.562216255966256,0.5736301369863014,0.5520027657527657,584,30,26,0.5562149395743146,0.5532738095238096,0.5768694346100204,26
V2-O,V2M-two_stage_user_local_reranker-v1,protocol_a_rollv2_cv3,2,2026,V2H-local-H2_E0,False,H2_E0_non_eeg,hist_gate_floor0p25_cap5_base0p05,history_reliability,0.05,0.25,5.0,,user_center_alpha_2p0,V1-profile-dynamic-gated_cross_attention,0.5736301369863014,0.562216255966256,0.5736301369863014,0.5520027657527657,584,30,26,0.5562149395743146,0.5532738095238096,0.5768694346100204,26
V2-O,V2M-two_stage_user_local_reranker-v1,protocol_a_rollv2_cv3,2,2026,V2H-local-H2_E0,False,H2_E0_non_eeg,hist_gate_floor0p25_cap10_base0p05,history_reliability,0.05,0.25,10.0,,user_center_alpha_2p0,V1-profile-dynamic-gated_cross_attention,0.5736301369863014,0.562216255966256,0.5736301369863014,0.5520027657527657,584,30,26,0.5562149395743146,0.5532738095238096,0.5768694346100204,26
V2-O,V2M-two_stage_user_local_reranker-v1,protocol_a_rollv2_cv3,2,2026,V2H-local-H2_E0,False,H2_E0_non_eeg,hist_gate_floor0p25_cap20_base0p05,history_reliability,0.05,0.25,20.0,,user_center_alpha_2p0,V1-profile-dynamic-gated_cross_attention,0.5736301369863014,0.562216255966256,0.5736301369863014,0.5520027657527657,584,30,26,0.5562149395743146,0.5532738095238096,0.5768694346100204,26
V2-O,V2M-two_stage_user_local_reranker-v1,protocol_a_rollv2_cv3,2,2026,V2H-local-H2_E0,False,H2_E0_non_eeg,hist_gate_floor0p50_cap10_base0p05,history_reliability,0.05,0.5,10.0,,user_center_alpha_2p0,V1-profile-dynamic-gated_cross_attention,0.5736301369863014,0.562216255966256,0.5736301369863014,0.5520027657527657,584,30,26,0.5562149395743146,0.5532738095238096,0.5768694346100204,26
V2-O,V2M-two_stage_user_local_reranker-v1,protocol_a_rollv2_cv3,2,2026,V2H-local-H2_E0,False,H2_E0_non_eeg,session_rank_eeg_base0p05,session_block_listwise,0.05,,,,user_center_alpha_2p0,V1-profile-dynamic-gated_cross_attention,0.5753424657534246,0.5641215266215267,0.5753424657534246,0.553654000320667,584,30,26,0.5582146239177489,0.5554762829762829,0.5543575438972929,26
V2-O,V2M-two_stage_user_local_reranker-v1,protocol_a_rollv2_cv3,2,2026,V2H-local-H2_E0,False,H2_E0_non_eeg,session_rank_eeg_base0p10,session_block_listwise,0.1,,,,user_center_alpha_2p0,V1-profile-dynamic-gated_cross_attention,0.574486301369863,0.5634092759092759,0.574486301369863,0.5530367163700497,584,30,26,0.5628042703823953,0.5603584378584379,0.5565926402746486,26
V2-O,V2M-two_stage_user_local_reranker-v1,protocol_a_rollv2_cv3,2,2026,V2H-local-H2_E0,False,H2_E0_non_eeg,session_z_eeg_base0p05,session_block_listwise,0.05,,,,user_center_alpha_2p0,V1-profile-dynamic-gated_cross_attention,0.577054794520548,0.5686265123765124,0.577054794520548,0.5575583213083213,584,30,26,0.5625189393939394,0.5608313908313909,0.5568787326109502,26
V2-O,V2M-two_stage_user_local_reranker-v1,protocol_a_rollv2_cv3,2,2026,V2H-local-H2_E0,False,H2_E0_non_eeg,session_z_eeg_base0p10,session_block_listwise,0.1,,,,user_center_alpha_2p0,V1-profile-dynamic-gated_cross_attention,0.5804794520547946,0.5719028656528656,0.5804794520547946,0.5630962401795736,584,30,26,0.5663012941919192,0.5640931753431754,0.5591674713013625,26
V2-O,V2M-two_stage_user_local_reranker-v1,protocol_a_rollv2_cv3,2,2026,V2H-local-H2_E0,False,H2_E0_non_eeg,agreement_gate0p10_base0p05,eeg_base_agreement,0.05,,,0.1,user_center_alpha_2p0,V1-profile-dynamic-gated_cross_attention,0.5804794520547946,0.5746094183594184,0.5804794520547946,0.5627435064935065,584,30,26,0.5662820165945167,0.5650113775113774,0.5814469119908451,26
V2-O,V2M-two_stage_user_local_reranker-v1,protocol_a_rollv2_cv3,2,2026,V2H-local-H2_E0,False,H2_E0_non_eeg,agreement_gate0p25_base0p05,eeg_base_agreement,0.05,,,0.25,user_center_alpha_2p0,V1-profile-dynamic-gated_cross_attention,0.5993150684931506,0.5992456617456617,0.5993150684931506,0.5837642295975629,584,30,26,0.5844123151154401,0.5826060513560514,0.5863104817079712,26
V2-O,V2M-two_stage_user_local_reranker-v1,protocol_a_rollv2_cv3,2,2026,V2H-local-H2_E0,False,H2_E0_non_eeg,sqrt_margin_eeg_base0p05,margin_shrinkage,0.05,,,,user_center_alpha_2p0,V1-profile-dynamic-gated_cross_attention,0.5753424657534246,0.5670417545417545,0.5753424657534246,0.5561848645181978,584,30,26,0.5593995761183261,0.5568713693713693,0.5789793655902442,26
V2-O,V2M-two_stage_user_local_reranker-v1,protocol_a_rollv2_cv3,3,2026,V2H-local-H2_E0,False,H2_E0_non_eeg,eeg_only,baseline,0.0,,,,user_center_alpha_2p0,V1-profile-dynamic-gated_cross_attention,0.5970873786407767,0.6385796665685727,0.5970873786407767,0.6217429660286803,618,28,24,0.6229670775999447,0.6338842099258765,0.6125027466490882,24
V2-O,V2M-two_stage_user_local_reranker-v1,protocol_a_rollv2_cv3,3,2026,V2H-local-H2_E0,False,H2_E0_non_eeg,v2n_eeg_base_0p05,v2n_reference,0.05,,,,user_center_alpha_2p0,V1-profile-dynamic-gated_cross_attention,0.6019417475728155,0.6451868460403355,0.6019417475728155,0.6272468239432525,618,28,24,0.6304789227866151,0.6410218677927011,0.6147000659195782,24
V2-O,V2M-two_stage_user_local_reranker-v1,protocol_a_rollv2_cv3,3,2026,V2H-local-H2_E0,False,H2_E0_non_eeg,hist_gate_floor0p25_cap5_base0p05,history_reliability,0.05,0.25,5.0,,user_center_alpha_2p0,V1-profile-dynamic-gated_cross_attention,0.6019417475728155,0.6451868460403355,0.6019417475728155,0.6272468239432525,618,28,24,0.6304789227866151,0.6410218677927011,0.6147000659195782,24
V2-O,V2M-two_stage_user_local_reranker-v1,protocol_a_rollv2_cv3,3,2026,V2H-local-H2_E0,False,H2_E0_non_eeg,hist_gate_floor0p25_cap10_base0p05,history_reliability,0.05,0.25,10.0,,user_center_alpha_2p0,V1-profile-dynamic-gated_cross_attention,0.6019417475728155,0.6451868460403355,0.6019417475728155,0.6272468239432525,618,28,24,0.6304789227866151,0.6410218677927011,0.6147000659195782,24
V2-O,V2M-two_stage_user_local_reranker-v1,protocol_a_rollv2_cv3,3,2026,V2H-local-H2_E0,False,H2_E0_non_eeg,hist_gate_floor0p25_cap20_base0p05,history_reliability,0.05,0.25,20.0,,user_center_alpha_2p0,V1-profile-dynamic-gated_cross_attention,0.6019417475728155,0.6451868460403355,0.6019417475728155,0.6272468239432525,618,28,24,0.6304789227866151,0.6410218677927011,0.6147000659195782,24
V2-O,V2M-two_stage_user_local_reranker-v1,protocol_a_rollv2_cv3,3,2026,V2H-local-H2_E0,False,H2_E0_non_eeg,hist_gate_floor0p50_cap10_base0p05,history_reliability,0.05,0.5,10.0,,user_center_alpha_2p0,V1-profile-dynamic-gated_cross_attention,0.6019417475728155,0.6451868460403355,0.6019417475728155,0.6272468239432525,618,28,24,0.6304789227866151,0.6410218677927011,0.6147000659195782,24
V2-O,V2M-two_stage_user_local_reranker-v1,protocol_a_rollv2_cv3,3,2026,V2H-local-H2_E0,False,H2_E0_non_eeg,session_rank_eeg_base0p05,session_block_listwise,0.05,,,,user_center_alpha_2p0,V1-profile-dynamic-gated_cross_attention,0.5970873786407767,0.6385796665685727,0.5970873786407767,0.6217429660286803,618,28,24,0.6273335444664117,0.6386461146877814,0.5792133597011646,24
V2-O,V2M-two_stage_user_local_reranker-v1,protocol_a_rollv2_cv3,3,2026,V2H-local-H2_E0,False,H2_E0_non_eeg,session_rank_eeg_base0p10,session_block_listwise,0.1,,,,user_center_alpha_2p0,V1-profile-dynamic-gated_cross_attention,0.5970873786407767,0.6385796665685727,0.5970873786407767,0.6217429660286803,618,28,24,0.6261971808300479,0.6376044480211147,0.5805317512634585,24
V2-O,V2M-two_stage_user_local_reranker-v1,protocol_a_rollv2_cv3,3,2026,V2H-local-H2_E0,False,H2_E0_non_eeg,session_z_eeg_base0p05,session_block_listwise,0.05,,,,user_center_alpha_2p0,V1-profile-dynamic-gated_cross_attention,0.6035598705501618,0.6480638301673196,0.6035598705501618,0.6297128103378105,618,28,24,0.634906439714132,0.6472387990096323,0.5817402768622281,24
V2-O,V2M-two_stage_user_local_reranker-v1,protocol_a_rollv2_cv3,3,2026,V2H-local-H2_E0,False,H2_E0_non_eeg,session_z_eeg_base0p10,session_block_listwise,0.1,,,,user_center_alpha_2p0,V1-profile-dynamic-gated_cross_attention,0.6132686084142395,0.6688139113888921,0.6132686084142395,0.647603021978022,618,28,24,0.6471095144172068,0.6683256596798265,0.5841939500476085,24
V2-O,V2M-two_stage_user_local_reranker-v1,protocol_a_rollv2_cv3,3,2026,V2H-local-H2_E0,False,H2_E0_non_eeg,agreement_gate0p10_base0p05,eeg_base_agreement,0.05,,,0.1,user_center_alpha_2p0,V1-profile-dynamic-gated_cross_attention,0.616504854368932,0.6697798624341775,0.616504854368932,0.6489855878248736,618,28,24,0.6387361570053879,0.6592574362366029,0.6192045704240825,24
V2-O,V2M-two_stage_user_local_reranker-v1,protocol_a_rollv2_cv3,3,2026,V2H-local-H2_E0,False,H2_E0_non_eeg,agreement_gate0p25_base0p05,eeg_base_agreement,0.05,,,0.25,user_center_alpha_2p0,V1-profile-dynamic-gated_cross_attention,0.6310679611650486,0.6804392146918268,0.6310679611650486,0.6575601085422514,618,28,24,0.651609773288095,0.6712154088195755,0.6264191020288581,24
V2-O,V2M-two_stage_user_local_reranker-v1,protocol_a_rollv2_cv3,3,2026,V2H-local-H2_E0,False,H2_E0_non_eeg,sqrt_margin_eeg_base0p05,margin_shrinkage,0.05,,,,user_center_alpha_2p0,V1-profile-dynamic-gated_cross_attention,0.6132686084142395,0.6694362516711587,0.6132686084142395,0.6491712454212454,618,28,24,0.6415097722790031,0.6626265940849274,0.6173368490441661,24
V2-O,V2M-two_stage_user_local_reranker-v1,protocol_a_rollv2_cv3,1,2027,V2H-local-H2_E0,False,H2_E0_non_eeg,eeg_only,baseline,0.0,,,,user_center_alpha_2p0,V1-profile-dynamic-gated_cross_attention,0.6555183946488294,0.6477837176051462,0.6555183946488294,0.6564076822648252,598,35,28,0.6287520191251535,0.6290095255273828,0.6229781325928497,28
V2-O,V2M-two_stage_user_local_reranker-v1,protocol_a_rollv2_cv3,1,2027,V2H-local-H2_E0,False,H2_E0_non_eeg,v2n_eeg_base_0p05,v2n_reference,0.05,,,,user_center_alpha_2p0,V1-profile-dynamic-gated_cross_attention,0.6555183946488294,0.6511142164713591,0.6555183946488294,0.6626435099292243,598,35,28,0.6271149662940707,0.6278162148697863,0.623741756334606,28
V2-O,V2M-two_stage_user_local_reranker-v1,protocol_a_rollv2_cv3,1,2027,V2H-local-H2_E0,False,H2_E0_non_eeg,hist_gate_floor0p25_cap5_base0p05,history_reliability,0.05,0.25,5.0,,user_center_alpha_2p0,V1-profile-dynamic-gated_cross_attention,0.6555183946488294,0.6511142164713591,0.6555183946488294,0.6626435099292243,598,35,28,0.6271149662940707,0.6278162148697863,0.623741756334606,28
V2-O,V2M-two_stage_user_local_reranker-v1,protocol_a_rollv2_cv3,1,2027,V2H-local-H2_E0,False,H2_E0_non_eeg,hist_gate_floor0p25_cap10_base0p05,history_reliability,0.05,0.25,10.0,,user_center_alpha_2p0,V1-profile-dynamic-gated_cross_attention,0.6555183946488294,0.6511142164713591,0.6555183946488294,0.6626435099292243,598,35,28,0.6271149662940707,0.6278162148697863,0.623741756334606,28
V2-O,V2M-two_stage_user_local_reranker-v1,protocol_a_rollv2_cv3,1,2027,V2H-local-H2_E0,False,H2_E0_non_eeg,hist_gate_floor0p25_cap20_base0p05,history_reliability,0.05,0.25,20.0,,user_center_alpha_2p0,V1-profile-dynamic-gated_cross_attention,0.6555183946488294,0.6511142164713591,0.6555183946488294,0.6626435099292243,598,35,28,0.6271149662940707,0.6278162148697863,0.623741756334606,28
V2-O,V2M-two_stage_user_local_reranker-v1,protocol_a_rollv2_cv3,1,2027,V2H-local-H2_E0,False,H2_E0_non_eeg,hist_gate_floor0p50_cap10_base0p05,history_reliability,0.05,0.5,10.0,,user_center_alpha_2p0,V1-profile-dynamic-gated_cross_attention,0.6555183946488294,0.6511142164713591,0.6555183946488294,0.6626435099292243,598,35,28,0.6271149662940707,0.6278162148697863,0.623741756334606,28
V2-O,V2M-two_stage_user_local_reranker-v1,protocol_a_rollv2_cv3,1,2027,V2H-local-H2_E0,False,H2_E0_non_eeg,session_rank_eeg_base0p05,session_block_listwise,0.05,,,,user_center_alpha_2p0,V1-profile-dynamic-gated_cross_attention,0.6555183946488294,0.6477837176051462,0.6555183946488294,0.6564076822648252,598,35,28,0.6385586138571214,0.6372374037999038,0.6096320721971538,28
V2-O,V2M-two_stage_user_local_reranker-v1,protocol_a_rollv2_cv3,1,2027,V2H-local-H2_E0,False,H2_E0_non_eeg,session_rank_eeg_base0p10,session_block_listwise,0.1,,,,user_center_alpha_2p0,V1-profile-dynamic-gated_cross_attention,0.6555183946488294,0.6477837176051462,0.6555183946488294,0.6564076822648252,598,35,28,0.6378869720660766,0.6363445466570468,0.6089205137105171,28
V2-O,V2M-two_stage_user_local_reranker-v1,protocol_a_rollv2_cv3,1,2027,V2H-local-H2_E0,False,H2_E0_non_eeg,session_z_eeg_base0p05,session_block_listwise,0.05,,,,user_center_alpha_2p0,V1-profile-dynamic-gated_cross_attention,0.6555183946488294,0.6511142164713591,0.6555183946488294,0.6626435099292243,598,35,28,0.6314561392173332,0.629744683226826,0.6086775425199583,28
V2-O,V2M-two_stage_user_local_reranker-v1,protocol_a_rollv2_cv3,1,2027,V2H-local-H2_E0,False,H2_E0_non_eeg,session_z_eeg_base0p10,session_block_listwise,0.1,,,,user_center_alpha_2p0,V1-profile-dynamic-gated_cross_attention,0.6538461538461539,0.6429816578923722,0.6538461538461539,0.6555422249707964,598,35,28,0.6271775322521591,0.6244395056002199,0.6074973967372441,28
V2-O,V2M-two_stage_user_local_reranker-v1,protocol_a_rollv2_cv3,1,2027,V2H-local-H2_E0,False,H2_E0_non_eeg,agreement_gate0p10_base0p05,eeg_base_agreement,0.05,,,0.1,user_center_alpha_2p0,V1-profile-dynamic-gated_cross_attention,0.6538461538461539,0.649328502185645,0.6538461538461539,0.6612149385006527,598,35,28,0.6243502186039498,0.6253077114684258,0.6234293648038876,28
V2-O,V2M-two_stage_user_local_reranker-v1,protocol_a_rollv2_cv3,1,2027,V2H-local-H2_E0,False,H2_E0_non_eeg,agreement_gate0p25_base0p05,eeg_base_agreement,0.05,,,0.25,user_center_alpha_2p0,V1-profile-dynamic-gated_cross_attention,0.6521739130434783,0.6449138196459624,0.6521739130434783,0.6570879543736686,598,35,28,0.6198665762098597,0.6204272744451316,0.6233252342936482,28
V2-O,V2M-two_stage_user_local_reranker-v1,protocol_a_rollv2_cv3,1,2027,V2H-local-H2_E0,False,H2_E0_non_eeg,sqrt_margin_eeg_base0p05,margin_shrinkage,0.05,,,,user_center_alpha_2p0,V1-profile-dynamic-gated_cross_attention,0.6521739130434783,0.6444673910745339,0.6521739130434783,0.6573260496117639,598,35,28,0.6222026232473993,0.6215945595409881,0.6233252342936481,28
V2-O,V2M-two_stage_user_local_reranker-v1,protocol_a_rollv2_cv3,2,2027,V2H-local-H2_E0,False,H2_E0_non_eeg,eeg_only,baseline,0.0,,,,user_center_alpha_2p0,V1-profile-dynamic-gated_cross_attention,0.5736301369863014,0.5621373996373996,0.5736301369863014,0.5609291325957992,584,30,26,0.5619627074314575,0.5573845136345137,0.5893144512391374,26
V2-O,V2M-two_stage_user_local_reranker-v1,protocol_a_rollv2_cv3,2,2027,V2H-local-H2_E0,False,H2_E0_non_eeg,v2n_eeg_base_0p05,v2n_reference,0.05,,,,user_center_alpha_2p0,V1-profile-dynamic-gated_cross_attention,0.571917808219178,0.5606950919450919,0.571917808219178,0.5596791325957994,584,30,26,0.5610996121933621,0.5559498371998373,0.5905661052104567,26
V2-O,V2M-two_stage_user_local_reranker-v1,protocol_a_rollv2_cv3,2,2027,V2H-local-H2_E0,False,H2_E0_non_eeg,hist_gate_floor0p25_cap5_base0p05,history_reliability,0.05,0.25,5.0,,user_center_alpha_2p0,V1-profile-dynamic-gated_cross_attention,0.571917808219178,0.5606950919450919,0.571917808219178,0.5596791325957994,584,30,26,0.5610996121933621,0.5559498371998373,0.5905661052104567,26
V2-O,V2M-two_stage_user_local_reranker-v1,protocol_a_rollv2_cv3,2,2027,V2H-local-H2_E0,False,H2_E0_non_eeg,hist_gate_floor0p25_cap10_base0p05,history_reliability,0.05,0.25,10.0,,user_center_alpha_2p0,V1-profile-dynamic-gated_cross_attention,0.571917808219178,0.5606950919450919,0.571917808219178,0.5596791325957994,584,30,26,0.5610996121933621,0.5559498371998373,0.5905661052104567,26
V2-O,V2M-two_stage_user_local_reranker-v1,protocol_a_rollv2_cv3,2,2027,V2H-local-H2_E0,False,H2_E0_non_eeg,hist_gate_floor0p25_cap20_base0p05,history_reliability,0.05,0.25,20.0,,user_center_alpha_2p0,V1-profile-dynamic-gated_cross_attention,0.571917808219178,0.5606950919450919,0.571917808219178,0.5596791325957994,584,30,26,0.5610996121933621,0.5559498371998373,0.5905661052104567,26
V2-O,V2M-two_stage_user_local_reranker-v1,protocol_a_rollv2_cv3,2,2027,V2H-local-H2_E0,False,H2_E0_non_eeg,hist_gate_floor0p50_cap10_base0p05,history_reliability,0.05,0.5,10.0,,user_center_alpha_2p0,V1-profile-dynamic-gated_cross_attention,0.571917808219178,0.5606950919450919,0.571917808219178,0.5596791325957994,584,30,26,0.5610996121933621,0.5559498371998373,0.5905661052104567,26
V2-O,V2M-two_stage_user_local_reranker-v1,protocol_a_rollv2_cv3,2,2027,V2H-local-H2_E0,False,H2_E0_non_eeg,session_rank_eeg_base0p05,session_block_listwise,0.05,,,,user_center_alpha_2p0,V1-profile-dynamic-gated_cross_attention,0.5736301369863014,0.5621373996373996,0.5736301369863014,0.5609291325957992,584,30,26,0.5609080762987012,0.5573764661264662,0.5535886707434825,26
V2-O,V2M-two_stage_user_local_reranker-v1,protocol_a_rollv2_cv3,2,2027,V2H-local-H2_E0,False,H2_E0_non_eeg,session_rank_eeg_base0p10,session_block_listwise,0.1,,,,user_center_alpha_2p0,V1-profile-dynamic-gated_cross_attention,0.5727739726027398,0.5617367586117586,0.5727739726027398,0.560581910373577,584,30,26,0.5613266030844156,0.5577198727198727,0.5541787361871044,26
V2-O,V2M-two_stage_user_local_reranker-v1,protocol_a_rollv2_cv3,2,2027,V2H-local-H2_E0,False,H2_E0_non_eeg,session_z_eeg_base0p05,session_block_listwise,0.05,,,,user_center_alpha_2p0,V1-profile-dynamic-gated_cross_attention,0.5753424657534246,0.564220732970733,0.5753424657534246,0.5652346881513548,584,30,26,0.5685309568903318,0.5647901635401635,0.5627436255051318,26
V2-O,V2M-two_stage_user_local_reranker-v1,protocol_a_rollv2_cv3,2,2027,V2H-local-H2_E0,False,H2_E0_non_eeg,session_z_eeg_base0p10,session_block_listwise,0.1,,,,user_center_alpha_2p0,V1-profile-dynamic-gated_cross_attention,0.5736301369863014,0.5642741517741519,0.5736301369863014,0.5652809844476512,584,30,26,0.568392068001443,0.5648435823435825,0.5645317026070165,26
V2-O,V2M-two_stage_user_local_reranker-v1,protocol_a_rollv2_cv3,2,2027,V2H-local-H2_E0,False,H2_E0_non_eeg,agreement_gate0p10_base0p05,eeg_base_agreement,0.05,,,0.1,user_center_alpha_2p0,V1-profile-dynamic-gated_cross_attention,0.5753424657534246,0.566451603951604,0.5753424657534246,0.5646681096681098,584,30,26,0.5648050820707071,0.5601350038850039,0.5932124593212459,26
V2-O,V2M-two_stage_user_local_reranker-v1,protocol_a_rollv2_cv3,2,2027,V2H-local-H2_E0,False,H2_E0_non_eeg,agreement_gate0p25_base0p05,eeg_base_agreement,0.05,,,0.25,user_center_alpha_2p0,V1-profile-dynamic-gated_cross_attention,0.5873287671232876,0.5857103544603544,0.5873287671232876,0.5813590267756935,584,30,26,0.5781460813492064,0.5747171809671809,0.6015806601580661,26
V2-O,V2M-two_stage_user_local_reranker-v1,protocol_a_rollv2_cv3,2,2027,V2H-local-H2_E0,False,H2_E0_non_eeg,sqrt_margin_eeg_base0p05,margin_shrinkage,0.05,,,,user_center_alpha_2p0,V1-profile-dynamic-gated_cross_attention,0.5753424657534246,0.5650220150220151,0.5753424657534246,0.5634291325957993,584,30,26,0.5649537788600288,0.5602767602767603,0.5915316668454743,26
V2-O,V2M-two_stage_user_local_reranker-v1,protocol_a_rollv2_cv3,3,2027,V2H-local-H2_E0,False,H2_E0_non_eeg,eeg_only,baseline,0.0,,,,user_center_alpha_2p0,V1-profile-dynamic-gated_cross_attention,0.551779935275081,0.5768390678546123,0.551779935275081,0.573766316355602,618,28,24,0.5697918534456996,0.5785452703161037,0.6423130447520691,24
V2-O,V2M-two_stage_user_local_reranker-v1,protocol_a_rollv2_cv3,3,2027,V2H-local-H2_E0,False,H2_E0_non_eeg,v2n_eeg_base_0p05,v2n_reference,0.05,,,,user_center_alpha_2p0,V1-profile-dynamic-gated_cross_attention,0.5598705501618123,0.597959648662693,0.5598705501618123,0.5918696713339571,618,28,24,0.5804146902049,0.5991102955686289,0.6450596938401817,24
V2-O,V2M-two_stage_user_local_reranker-v1,protocol_a_rollv2_cv3,3,2027,V2H-local-H2_E0,False,H2_E0_non_eeg,hist_gate_floor0p25_cap5_base0p05,history_reliability,0.05,0.25,5.0,,user_center_alpha_2p0,V1-profile-dynamic-gated_cross_attention,0.5598705501618123,0.597959648662693,0.5598705501618123,0.5918696713339571,618,28,24,0.5804146902049,0.5991102955686289,0.6450596938401817,24
V2-O,V2M-two_stage_user_local_reranker-v1,protocol_a_rollv2_cv3,3,2027,V2H-local-H2_E0,False,H2_E0_non_eeg,hist_gate_floor0p25_cap10_base0p05,history_reliability,0.05,0.25,10.0,,user_center_alpha_2p0,V1-profile-dynamic-gated_cross_attention,0.5598705501618123,0.597959648662693,0.5598705501618123,0.5918696713339571,618,28,24,0.5804146902049,0.5991102955686289,0.6450596938401817,24
V2-O,V2M-two_stage_user_local_reranker-v1,protocol_a_rollv2_cv3,3,2027,V2H-local-H2_E0,False,H2_E0_non_eeg,hist_gate_floor0p25_cap20_base0p05,history_reliability,0.05,0.25,20.0,,user_center_alpha_2p0,V1-profile-dynamic-gated_cross_attention,0.5598705501618123,0.597959648662693,0.5598705501618123,0.5918696713339571,618,28,24,0.5804146902049,0.5991102955686289,0.6450596938401817,24
V2-O,V2M-two_stage_user_local_reranker-v1,protocol_a_rollv2_cv3,3,2027,V2H-local-H2_E0,False,H2_E0_non_eeg,hist_gate_floor0p50_cap10_base0p05,history_reliability,0.05,0.5,10.0,,user_center_alpha_2p0,V1-profile-dynamic-gated_cross_attention,0.5598705501618123,0.597959648662693,0.5598705501618123,0.5918696713339571,618,28,24,0.5804146902049,0.5991102955686289,0.6450596938401817,24
V2-O,V2M-two_stage_user_local_reranker-v1,protocol_a_rollv2_cv3,3,2027,V2H-local-H2_E0,False,H2_E0_non_eeg,session_rank_eeg_base0p05,session_block_listwise,0.05,,,,user_center_alpha_2p0,V1-profile-dynamic-gated_cross_attention,0.551779935275081,0.5768390678546123,0.551779935275081,0.573766316355602,618,28,24,0.5689121775660237,0.5780464828381495,0.5440928733611661,24
V2-O,V2M-two_stage_user_local_reranker-v1,protocol_a_rollv2_cv3,3,2027,V2H-local-H2_E0,False,H2_E0_non_eeg,session_rank_eeg_base0p10,session_block_listwise,0.1,,,,user_center_alpha_2p0,V1-profile-dynamic-gated_cross_attention,0.551779935275081,0.5768390678546123,0.551779935275081,0.573766316355602,618,28,24,0.56777581392966,0.5770048161714828,0.545923972753241,24
V2-O,V2M-two_stage_user_local_reranker-v1,protocol_a_rollv2_cv3,3,2027,V2H-local-H2_E0,False,H2_E0_non_eeg,session_z_eeg_base0p05,session_block_listwise,0.05,,,,user_center_alpha_2p0,V1-profile-dynamic-gated_cross_attention,0.5533980582524272,0.5782126248531693,0.5533980582524272,0.5749436509257937,618,28,24,0.5691467914370013,0.5791891095016095,0.564381454625357,24
V2-O,V2M-two_stage_user_local_reranker-v1,protocol_a_rollv2_cv3,3,2027,V2H-local-H2_E0,False,H2_E0_non_eeg,session_z_eeg_base0p10,session_block_listwise,0.1,,,,user_center_alpha_2p0,V1-profile-dynamic-gated_cross_attention,0.5566343042071198,0.5814805721836166,0.5566343042071198,0.5777447486376058,618,28,24,0.5762899008528379,0.5858824316115983,0.5662125540174321,24
V2-O,V2M-two_stage_user_local_reranker-v1,protocol_a_rollv2_cv3,3,2027,V2H-local-H2_E0,False,H2_E0_non_eeg,agreement_gate0p10_base0p05,eeg_base_agreement,0.05,,,0.1,user_center_alpha_2p0,V1-profile-dynamic-gated_cross_attention,0.5663430420711975,0.6070346282639884,0.5663430420711975,0.5998570807499378,618,28,24,0.5830565316579303,0.6019193499401833,0.6490148685270637,24
V2-O,V2M-two_stage_user_local_reranker-v1,protocol_a_rollv2_cv3,3,2027,V2H-local-H2_E0,False,H2_E0_non_eeg,agreement_gate0p25_base0p05,eeg_base_agreement,0.05,,,0.25,user_center_alpha_2p0,V1-profile-dynamic-gated_cross_attention,0.5711974110032363,0.6119922224127591,0.5711974110032363,0.6049817973032259,618,28,24,0.5893474629488615,0.6082950113158446,0.6559364242291071,24
V2-O,V2M-two_stage_user_local_reranker-v1,protocol_a_rollv2_cv3,3,2027,V2H-local-H2_E0,False,H2_E0_non_eeg,sqrt_margin_eeg_base0p05,margin_shrinkage,0.05,,,,user_center_alpha_2p0,V1-profile-dynamic-gated_cross_attention,0.5631067961165048,0.6036446172888381,0.5631067961165048,0.5976178517249945,618,28,24,0.583291019392418,0.6016051965010298,0.6474401230498791,24
V2-O,V2M-two_stage_user_local_reranker-v1,protocol_a_rollv2_cv3,1,2028,V2H-local-H2_E0,False,H2_E0_non_eeg,eeg_only,baseline,0.0,,,,user_center_alpha_2p0,V1-profile-dynamic-gated_cross_attention,0.6404682274247492,0.6584692952550096,0.6404682274247492,0.6745104789390504,598,35,28,0.6202788008011889,0.6194836330997047,0.6318292259632072,28
V2-O,V2M-two_stage_user_local_reranker-v1,protocol_a_rollv2_cv3,1,2028,V2H-local-H2_E0,False,H2_E0_non_eeg,v2n_eeg_base_0p05,v2n_reference,0.05,,,,user_center_alpha_2p0,V1-profile-dynamic-gated_cross_attention,0.6421404682274248,0.6577913852020997,0.6421404682274248,0.6614681508967223,598,35,28,0.6209587344661971,0.6199217944753661,0.632488719194724,28
V2-O,V2M-two_stage_user_local_reranker-v1,protocol_a_rollv2_cv3,1,2028,V2H-local-H2_E0,False,H2_E0_non_eeg,hist_gate_floor0p25_cap5_base0p05,history_reliability,0.05,0.25,5.0,,user_center_alpha_2p0,V1-profile-dynamic-gated_cross_attention,0.6421404682274248,0.6577913852020997,0.6421404682274248,0.6614681508967223,598,35,28,0.6209587344661971,0.6199217944753661,0.632488719194724,28
V2-O,V2M-two_stage_user_local_reranker-v1,protocol_a_rollv2_cv3,1,2028,V2H-local-H2_E0,False,H2_E0_non_eeg,hist_gate_floor0p25_cap10_base0p05,history_reliability,0.05,0.25,10.0,,user_center_alpha_2p0,V1-profile-dynamic-gated_cross_attention,0.6421404682274248,0.6577913852020997,0.6421404682274248,0.6614681508967223,598,35,28,0.6209587344661971,0.6199217944753661,0.632488719194724,28
V2-O,V2M-two_stage_user_local_reranker-v1,protocol_a_rollv2_cv3,1,2028,V2H-local-H2_E0,False,H2_E0_non_eeg,hist_gate_floor0p25_cap20_base0p05,history_reliability,0.05,0.25,20.0,,user_center_alpha_2p0,V1-profile-dynamic-gated_cross_attention,0.6421404682274248,0.6577913852020997,0.6421404682274248,0.6614681508967223,598,35,28,0.6209587344661971,0.6199217944753661,0.632488719194724,28
V2-O,V2M-two_stage_user_local_reranker-v1,protocol_a_rollv2_cv3,1,2028,V2H-local-H2_E0,False,H2_E0_non_eeg,hist_gate_floor0p50_cap10_base0p05,history_reliability,0.05,0.5,10.0,,user_center_alpha_2p0,V1-profile-dynamic-gated_cross_attention,0.6421404682274248,0.6577913852020997,0.6421404682274248,0.6614681508967223,598,35,28,0.6209587344661971,0.6199217944753661,0.632488719194724,28
V2-O,V2M-two_stage_user_local_reranker-v1,protocol_a_rollv2_cv3,1,2028,V2H-local-H2_E0,False,H2_E0_non_eeg,session_rank_eeg_base0p05,session_block_listwise,0.05,,,,user_center_alpha_2p0,V1-profile-dynamic-gated_cross_attention,0.6404682274247492,0.6584692952550096,0.6404682274247492,0.6745104789390504,598,35,28,0.6353456742262712,0.635928051776266,0.6046858729607776,28
V2-O,V2M-two_stage_user_local_reranker-v1,protocol_a_rollv2_cv3,1,2028,V2H-local-H2_E0,False,H2_E0_non_eeg,session_rank_eeg_base0p10,session_block_listwise,0.1,,,,user_center_alpha_2p0,V1-profile-dynamic-gated_cross_attention,0.6404682274247492,0.6584692952550096,0.6404682274247492,0.6745104789390504,598,35,28,0.6354285929659064,0.636424083522298,0.60418257549462,28
V2-O,V2M-two_stage_user_local_reranker-v1,protocol_a_rollv2_cv3,1,2028,V2H-local-H2_E0,False,H2_E0_non_eeg,session_z_eeg_base0p05,session_block_listwise,0.05,,,,user_center_alpha_2p0,V1-profile-dynamic-gated_cross_attention,0.6438127090301003,0.6584716573109431,0.6438127090301003,0.6620123685837971,598,35,28,0.6294989339019189,0.6296737141826426,0.6080527594585212,28
V2-O,V2M-two_stage_user_local_reranker-v1,protocol_a_rollv2_cv3,1,2028,V2H-local-H2_E0,False,H2_E0_non_eeg,session_z_eeg_base0p10,session_block_listwise,0.1,,,,user_center_alpha_2p0,V1-profile-dynamic-gated_cross_attention,0.6421404682274248,0.6581645900395902,0.6421404682274248,0.6617667147667147,598,35,28,0.6289481165600569,0.6293666469112897,0.6073585560569246,28
V2-O,V2M-two_stage_user_local_reranker-v1,protocol_a_rollv2_cv3,1,2028,V2H-local-H2_E0,False,H2_E0_non_eeg,agreement_gate0p10_base0p05,eeg_base_agreement,0.05,,,0.1,user_center_alpha_2p0,V1-profile-dynamic-gated_cross_attention,0.6454849498327759,0.660469956630671,0.6454849498327759,0.6636110080395795,598,35,28,0.622952337877711,0.6218350597814885,0.6321416174939257,28
V2-O,V2M-two_stage_user_local_reranker-v1,protocol_a_rollv2_cv3,1,2028,V2H-local-H2_E0,False,H2_E0_non_eeg,agreement_gate0p25_base0p05,eeg_base_agreement,0.05,,,0.25,user_center_alpha_2p0,V1-profile-dynamic-gated_cross_attention,0.6505016722408027,0.6658270994878138,0.6505016722408027,0.6678967223252937,598,35,28,0.6207739441321531,0.6185867604617605,0.6316209649427282,28
V2-O,V2M-two_stage_user_local_reranker-v1,protocol_a_rollv2_cv3,1,2028,V2H-local-H2_E0,False,H2_E0_non_eeg,sqrt_margin_eeg_base0p05,margin_shrinkage,0.05,,,,user_center_alpha_2p0,V1-profile-dynamic-gated_cross_attention,0.6421404682274248,0.6610145178895179,0.6421404682274248,0.664046657046657,598,35,28,0.6204009174904698,0.6186806414484985,0.6323498785144047,28
V2-O,V2M-two_stage_user_local_reranker-v1,protocol_a_rollv2_cv3,2,2028,V2H-local-H2_E0,False,H2_E0_non_eeg,eeg_only,baseline,0.0,,,,user_center_alpha_2p0,V1-profile-dynamic-gated_cross_attention,0.553082191780822,0.5494491619491619,0.553082191780822,0.5333321308321308,584,30,26,0.5457912833694083,0.5414405039405039,0.5862747201659335,26
V2-O,V2M-two_stage_user_local_reranker-v1,protocol_a_rollv2_cv3,2,2028,V2H-local-H2_E0,False,H2_E0_non_eeg,v2n_eeg_base_0p05,v2n_reference,0.05,,,,user_center_alpha_2p0,V1-profile-dynamic-gated_cross_attention,0.5547945205479452,0.5512654012654012,0.5547945205479452,0.5351046176046176,584,30,26,0.5469023944805194,0.5426157176157176,0.5887422665665344,26
V2-O,V2M-two_stage_user_local_reranker-v1,protocol_a_rollv2_cv3,2,2028,V2H-local-H2_E0,False,H2_E0_non_eeg,hist_gate_floor0p25_cap5_base0p05,history_reliability,0.05,0.25,5.0,,user_center_alpha_2p0,V1-profile-dynamic-gated_cross_attention,0.5547945205479452,0.5512654012654012,0.5547945205479452,0.5351046176046176,584,30,26,0.5469023944805194,0.5426157176157176,0.5887422665665344,26
V2-O,V2M-two_stage_user_local_reranker-v1,protocol_a_rollv2_cv3,2,2028,V2H-local-H2_E0,False,H2_E0_non_eeg,hist_gate_floor0p25_cap10_base0p05,history_reliability,0.05,0.25,10.0,,user_center_alpha_2p0,V1-profile-dynamic-gated_cross_attention,0.5547945205479452,0.5512654012654012,0.5547945205479452,0.5351046176046176,584,30,26,0.5469023944805194,0.5426157176157176,0.5887422665665344,26
V2-O,V2M-two_stage_user_local_reranker-v1,protocol_a_rollv2_cv3,2,2028,V2H-local-H2_E0,False,H2_E0_non_eeg,hist_gate_floor0p25_cap20_base0p05,history_reliability,0.05,0.25,20.0,,user_center_alpha_2p0,V1-profile-dynamic-gated_cross_attention,0.5547945205479452,0.5512654012654012,0.5547945205479452,0.5351046176046176,584,30,26,0.5469023944805194,0.5426157176157176,0.5887422665665344,26
V2-O,V2M-two_stage_user_local_reranker-v1,protocol_a_rollv2_cv3,2,2028,V2H-local-H2_E0,False,H2_E0_non_eeg,hist_gate_floor0p50_cap10_base0p05,history_reliability,0.05,0.5,10.0,,user_center_alpha_2p0,V1-profile-dynamic-gated_cross_attention,0.5547945205479452,0.5512654012654012,0.5547945205479452,0.5351046176046176,584,30,26,0.5469023944805194,0.5426157176157176,0.5887422665665344,26
V2-O,V2M-two_stage_user_local_reranker-v1,protocol_a_rollv2_cv3,2,2028,V2H-local-H2_E0,False,H2_E0_non_eeg,session_rank_eeg_base0p05,session_block_listwise,0.05,,,,user_center_alpha_2p0,V1-profile-dynamic-gated_cross_attention,0.553082191780822,0.5494491619491619,0.553082191780822,0.5333321308321308,584,30,26,0.5437040043290043,0.5392901542901543,0.5396774308908201,26
V2-O,V2M-two_stage_user_local_reranker-v1,protocol_a_rollv2_cv3,2,2028,V2H-local-H2_E0,False,H2_E0_non_eeg,session_rank_eeg_base0p10,session_block_listwise,0.1,,,,user_center_alpha_2p0,V1-profile-dynamic-gated_cross_attention,0.5539383561643836,0.5495381932881933,0.5539383561643836,0.5334092913259579,584,30,26,0.5468655866702742,0.542767464017464,0.5413761041376104,26
V2-O,V2M-two_stage_user_local_reranker-v1,protocol_a_rollv2_cv3,2,2028,V2H-local-H2_E0,False,H2_E0_non_eeg,session_z_eeg_base0p05,session_block_listwise,0.05,,,,user_center_alpha_2p0,V1-profile-dynamic-gated_cross_attention,0.5547945205479452,0.5513569763569763,0.5547945205479452,0.5351839826839826,584,30,26,0.5500171356421356,0.5472107059607059,0.541894646497157,26
V2-O,V2M-two_stage_user_local_reranker-v1,protocol_a_rollv2_cv3,2,2028,V2H-local-H2_E0,False,H2_E0_non_eeg,session_z_eeg_base0p10,session_block_listwise,0.1,,,,user_center_alpha_2p0,V1-profile-dynamic-gated_cross_attention,0.5582191780821918,0.5566632441632442,0.5582191780821918,0.5422827481160815,584,30,26,0.554209843975469,0.5510960335960337,0.544219146729607,26
V2-O,V2M-two_stage_user_local_reranker-v1,protocol_a_rollv2_cv3,2,2028,V2H-local-H2_E0,False,H2_E0_non_eeg,agreement_gate0p10_base0p05,eeg_base_agreement,0.05,,,0.1,user_center_alpha_2p0,V1-profile-dynamic-gated_cross_attention,0.559931506849315,0.5535649535649536,0.559931506849315,0.5370975629308963,584,30,26,0.5488121167027418,0.5440758315758315,0.5921396130601151,26
V2-O,V2M-two_stage_user_local_reranker-v1,protocol_a_rollv2_cv3,2,2028,V2H-local-H2_E0,False,H2_E0_non_eeg,agreement_gate0p25_base0p05,eeg_base_agreement,0.05,,,0.25,user_center_alpha_2p0,V1-profile-dynamic-gated_cross_attention,0.5702054794520548,0.5667441354941355,0.5702054794520548,0.5559269280102613,584,30,26,0.5610244182900433,0.5572550135050135,0.5976111289918821,26
V2-O,V2M-two_stage_user_local_reranker-v1,protocol_a_rollv2_cv3,2,2028,V2H-local-H2_E0,False,H2_E0_non_eeg,sqrt_margin_eeg_base0p05,margin_shrinkage,0.05,,,,user_center_alpha_2p0,V1-profile-dynamic-gated_cross_attention,0.5565068493150684,0.5539388851888852,0.5565068493150684,0.5374216370049704,584,30,26,0.5469247159090909,0.543495855995856,0.5914243822193612,26
V2-O,V2M-two_stage_user_local_reranker-v1,protocol_a_rollv2_cv3,3,2028,V2H-local-H2_E0,False,H2_E0_non_eeg,eeg_only,baseline,0.0,,,,user_center_alpha_2p0,V1-profile-dynamic-gated_cross_attention,0.5614886731391586,0.5907741510415013,0.5614886731391586,0.5739047229225801,618,28,24,0.5646544015425135,0.5834967578717579,0.5829488024609977,24
V2-O,V2M-two_stage_user_local_reranker-v1,protocol_a_rollv2_cv3,3,2028,V2H-local-H2_E0,False,H2_E0_non_eeg,v2n_eeg_base_0p05,v2n_reference,0.05,,,,user_center_alpha_2p0,V1-profile-dynamic-gated_cross_attention,0.5647249190938511,0.593835493634094,0.5647249190938511,0.5766881696345981,618,28,24,0.5671116664997784,0.5860199060199061,0.5858785614883175,24
V2-O,V2M-two_stage_user_local_reranker-v1,protocol_a_rollv2_cv3,3,2028,V2H-local-H2_E0,False,H2_E0_non_eeg,hist_gate_floor0p25_cap5_base0p05,history_reliability,0.05,0.25,5.0,,user_center_alpha_2p0,V1-profile-dynamic-gated_cross_attention,0.5647249190938511,0.593835493634094,0.5647249190938511,0.5766881696345981,618,28,24,0.5671116664997784,0.5860199060199061,0.5858785614883175,24
V2-O,V2M-two_stage_user_local_reranker-v1,protocol_a_rollv2_cv3,3,2028,V2H-local-H2_E0,False,H2_E0_non_eeg,hist_gate_floor0p25_cap10_base0p05,history_reliability,0.05,0.25,10.0,,user_center_alpha_2p0,V1-profile-dynamic-gated_cross_attention,0.5647249190938511,0.593835493634094,0.5647249190938511,0.5766881696345981,618,28,24,0.5671116664997784,0.5860199060199061,0.5858785614883175,24
V2-O,V2M-two_stage_user_local_reranker-v1,protocol_a_rollv2_cv3,3,2028,V2H-local-H2_E0,False,H2_E0_non_eeg,hist_gate_floor0p25_cap20_base0p05,history_reliability,0.05,0.25,20.0,,user_center_alpha_2p0,V1-profile-dynamic-gated_cross_attention,0.5647249190938511,0.593835493634094,0.5647249190938511,0.5766881696345981,618,28,24,0.5671116664997784,0.5860199060199061,0.5858785614883175,24
V2-O,V2M-two_stage_user_local_reranker-v1,protocol_a_rollv2_cv3,3,2028,V2H-local-H2_E0,False,H2_E0_non_eeg,hist_gate_floor0p50_cap10_base0p05,history_reliability,0.05,0.5,10.0,,user_center_alpha_2p0,V1-profile-dynamic-gated_cross_attention,0.5647249190938511,0.593835493634094,0.5647249190938511,0.5766881696345981,618,28,24,0.5671116664997784,0.5860199060199061,0.5858785614883175,24
V2-O,V2M-two_stage_user_local_reranker-v1,protocol_a_rollv2_cv3,3,2028,V2H-local-H2_E0,False,H2_E0_non_eeg,session_rank_eeg_base0p05,session_block_listwise,0.05,,,,user_center_alpha_2p0,V1-profile-dynamic-gated_cross_attention,0.5614886731391586,0.5907741510415013,0.5614886731391586,0.5739047229225801,618,28,24,0.5700295819176939,0.5896337728629395,0.5513989599355453,24
V2-O,V2M-two_stage_user_local_reranker-v1,protocol_a_rollv2_cv3,3,2028,V2H-local-H2_E0,False,H2_E0_non_eeg,session_rank_eeg_base0p10,session_block_listwise,0.1,,,,user_center_alpha_2p0,V1-profile-dynamic-gated_cross_attention,0.5614886731391586,0.5907741510415013,0.5614886731391586,0.5739047229225801,618,28,24,0.5700295819176939,0.5896337728629395,0.5536329011938768,24
V2-O,V2M-two_stage_user_local_reranker-v1,protocol_a_rollv2_cv3,3,2028,V2H-local-H2_E0,False,H2_E0_non_eeg,session_z_eeg_base0p05,session_block_listwise,0.05,,,,user_center_alpha_2p0,V1-profile-dynamic-gated_cross_attention,0.5663430420711975,0.5948771603007607,0.5663430420711975,0.5775810267774554,618,28,24,0.5721899215780335,0.5913687816812817,0.5523694426133451,24
V2-O,V2M-two_stage_user_local_reranker-v1,protocol_a_rollv2_cv3,3,2028,V2H-local-H2_E0,False,H2_E0_non_eeg,session_z_eeg_base0p10,session_block_listwise,0.1,,,,user_center_alpha_2p0,V1-profile-dynamic-gated_cross_attention,0.5631067961165048,0.5906775250594588,0.5631067961165048,0.5739813394277681,618,28,24,0.5687781818026573,0.5871691464399799,0.5541639200175786,24
V2-O,V2M-two_stage_user_local_reranker-v1,protocol_a_rollv2_cv3,3,2028,V2H-local-H2_E0,False,H2_E0_non_eeg,agreement_gate0p10_base0p05,eeg_base_agreement,0.05,,,0.1,user_center_alpha_2p0,V1-profile-dynamic-gated_cross_attention,0.5614886731391586,0.5901916571011644,0.5614886731391586,0.5683634255955685,618,28,24,0.564880690405166,0.5838198298614965,0.5892111623818941,24
V2-O,V2M-two_stage_user_local_reranker-v1,protocol_a_rollv2_cv3,3,2028,V2H-local-H2_E0,False,H2_E0_non_eeg,agreement_gate0p25_base0p05,eeg_base_agreement,0.05,,,0.25,user_center_alpha_2p0,V1-profile-dynamic-gated_cross_attention,0.5728155339805825,0.6016587209719627,0.5728155339805825,0.5797761398654256,618,28,24,0.5735179738676242,0.5924719647636314,0.594557972606753,24
V2-O,V2M-two_stage_user_local_reranker-v1,protocol_a_rollv2_cv3,3,2028,V2H-local-H2_E0,False,H2_E0_non_eeg,sqrt_margin_eeg_base0p05,margin_shrinkage,0.05,,,,user_center_alpha_2p0,V1-profile-dynamic-gated_cross_attention,0.5647249190938511,0.5948290676209278,0.5647249190938511,0.5782557158450016,618,28,24,0.5674836430081185,0.5861346446763113,0.5881125027466491,24
V2-O,V2M-two_stage_user_local_reranker-v1,protocol_a_rollv2_cv3,1,2029,V2H-local-H2_E0,False,H2_E0_non_eeg,eeg_only,baseline,0.0,,,,user_center_alpha_2p0,V1-profile-dynamic-gated_cross_attention,0.6270903010033445,0.6062461282104138,0.6270903010033445,0.614874802446231,598,35,28,0.5975672503284444,0.5910669621383907,0.6398125650815688,28
V2-O,V2M-two_stage_user_local_reranker-v1,protocol_a_rollv2_cv3,1,2029,V2H-local-H2_E0,False,H2_E0_non_eeg,v2n_eeg_base_0p05,v2n_reference,0.05,,,,user_center_alpha_2p0,V1-profile-dynamic-gated_cross_attention,0.6287625418060201,0.6033124547410261,0.6287625418060201,0.6125278636707209,598,35,28,0.5979936895608537,0.5908118600975744,0.6409580006942034,28
V2-O,V2M-two_stage_user_local_reranker-v1,protocol_a_rollv2_cv3,1,2029,V2H-local-H2_E0,False,H2_E0_non_eeg,hist_gate_floor0p25_cap5_base0p05,history_reliability,0.05,0.25,5.0,,user_center_alpha_2p0,V1-profile-dynamic-gated_cross_attention,0.6287625418060201,0.6033124547410261,0.6287625418060201,0.6125278636707209,598,35,28,0.5979936895608537,0.5908118600975744,0.6409580006942034,28
V2-O,V2M-two_stage_user_local_reranker-v1,protocol_a_rollv2_cv3,1,2029,V2H-local-H2_E0,False,H2_E0_non_eeg,hist_gate_floor0p25_cap10_base0p05,history_reliability,0.05,0.25,10.0,,user_center_alpha_2p0,V1-profile-dynamic-gated_cross_attention,0.6287625418060201,0.6033124547410261,0.6287625418060201,0.6125278636707209,598,35,28,0.5979936895608537,0.5908118600975744,0.6409580006942034,28
V2-O,V2M-two_stage_user_local_reranker-v1,protocol_a_rollv2_cv3,1,2029,V2H-local-H2_E0,False,H2_E0_non_eeg,hist_gate_floor0p25_cap20_base0p05,history_reliability,0.05,0.25,20.0,,user_center_alpha_2p0,V1-profile-dynamic-gated_cross_attention,0.6287625418060201,0.6033124547410261,0.6287625418060201,0.6125278636707209,598,35,28,0.5979936895608537,0.5908118600975744,0.6409580006942034,28
V2-O,V2M-two_stage_user_local_reranker-v1,protocol_a_rollv2_cv3,1,2029,V2H-local-H2_E0,False,H2_E0_non_eeg,hist_gate_floor0p50_cap10_base0p05,history_reliability,0.05,0.5,10.0,,user_center_alpha_2p0,V1-profile-dynamic-gated_cross_attention,0.6287625418060201,0.6033124547410261,0.6287625418060201,0.6125278636707209,598,35,28,0.5979936895608537,0.5908118600975744,0.6409580006942034,28
V2-O,V2M-two_stage_user_local_reranker-v1,protocol_a_rollv2_cv3,1,2029,V2H-local-H2_E0,False,H2_E0_non_eeg,session_rank_eeg_base0p05,session_block_listwise,0.05,,,,user_center_alpha_2p0,V1-profile-dynamic-gated_cross_attention,0.6270903010033445,0.6062461282104138,0.6270903010033445,0.614874802446231,598,35,28,0.6048138097391829,0.5997054516250945,0.5862027073932663,28
V2-O,V2M-two_stage_user_local_reranker-v1,protocol_a_rollv2_cv3,1,2029,V2H-local-H2_E0,False,H2_E0_non_eeg,session_rank_eeg_base0p10,session_block_listwise,0.1,,,,user_center_alpha_2p0,V1-profile-dynamic-gated_cross_attention,0.6270903010033445,0.6062461282104138,0.6270903010033445,0.614874802446231,598,35,28,0.6039017036031962,0.598713388133031,0.5861332870531066,28
V2-O,V2M-two_stage_user_local_reranker-v1,protocol_a_rollv2_cv3,1,2029,V2H-local-H2_E0,False,H2_E0_non_eeg,session_z_eeg_base0p05,session_block_listwise,0.05,,,,user_center_alpha_2p0,V1-profile-dynamic-gated_cross_attention,0.6337792642140468,0.6079255499791214,0.6337792642140468,0.6168135779564351,598,35,28,0.6030349335573215,0.5962926243729815,0.5930926761541131,28
V2-O,V2M-two_stage_user_local_reranker-v1,protocol_a_rollv2_cv3,1,2029,V2H-local-H2_E0,False,H2_E0_non_eeg,session_z_eeg_base0p10,session_block_listwise,0.1,,,,user_center_alpha_2p0,V1-profile-dynamic-gated_cross_attention,0.6304347826086957,0.6061398356934072,0.6304347826086957,0.6153850065278637,598,35,28,0.6023881673881674,0.5959950053253624,0.5930232558139534,28
V2-O,V2M-two_stage_user_local_reranker-v1,protocol_a_rollv2_cv3,1,2029,V2H-local-H2_E0,False,H2_E0_non_eeg,agreement_gate0p10_base0p05,eeg_base_agreement,0.05,,,0.1,user_center_alpha_2p0,V1-profile-dynamic-gated_cross_attention,0.6321070234113713,0.6064374547410261,0.6321070234113713,0.615623101765959,598,35,28,0.6017120027567789,0.5945391843606129,0.6409927108642832,28
V2-O,V2M-two_stage_user_local_reranker-v1,protocol_a_rollv2_cv3,1,2029,V2H-local-H2_E0,False,H2_E0_non_eeg,agreement_gate0p25_base0p05,eeg_base_agreement,0.05,,,0.25,user_center_alpha_2p0,V1-profile-dynamic-gated_cross_attention,0.6337792642140468,0.6091160261695976,0.6337792642140468,0.6177659589088161,598,35,28,0.6073279705369258,0.6003073249501821,0.6415133634154808,28
V2-O,V2M-two_stage_user_local_reranker-v1,protocol_a_rollv2_cv3,1,2029,V2H-local-H2_E0,False,H2_E0_non_eeg,sqrt_margin_eeg_base0p05,margin_shrinkage,0.05,,,,user_center_alpha_2p0,V1-profile-dynamic-gated_cross_attention,0.6337792642140468,0.6079255499791214,0.6337792642140468,0.6168135779564351,598,35,28,0.5993369731429433,0.5914921322064178,0.641443943075321,28
V2-O,V2M-two_stage_user_local_reranker-v1,protocol_a_rollv2_cv3,2,2029,V2H-local-H2_E0,False,H2_E0_non_eeg,eeg_only,baseline,0.0,,,,user_center_alpha_2p0,V1-profile-dynamic-gated_cross_attention,0.559931506849315,0.5481467606467606,0.559931506849315,0.540338303671637,584,30,26,0.5387205762987013,0.5356453731453731,0.6102349533311877,26
V2-O,V2M-two_stage_user_local_reranker-v1,protocol_a_rollv2_cv3,2,2029,V2H-local-H2_E0,False,H2_E0_non_eeg,v2n_eeg_base_0p05,v2n_reference,0.05,,,,user_center_alpha_2p0,V1-profile-dynamic-gated_cross_attention,0.5616438356164384,0.5508889258889258,0.5616438356164384,0.5427148468815134,584,30,26,0.5402720283189033,0.5369306619306619,0.6120587919751099,26
V2-O,V2M-two_stage_user_local_reranker-v1,protocol_a_rollv2_cv3,2,2029,V2H-local-H2_E0,False,H2_E0_non_eeg,hist_gate_floor0p25_cap5_base0p05,history_reliability,0.05,0.25,5.0,,user_center_alpha_2p0,V1-profile-dynamic-gated_cross_attention,0.5616438356164384,0.5508889258889258,0.5616438356164384,0.5427148468815134,584,30,26,0.5402720283189033,0.5369306619306619,0.6120587919751099,26
V2-O,V2M-two_stage_user_local_reranker-v1,protocol_a_rollv2_cv3,2,2029,V2H-local-H2_E0,False,H2_E0_non_eeg,hist_gate_floor0p25_cap10_base0p05,history_reliability,0.05,0.25,10.0,,user_center_alpha_2p0,V1-profile-dynamic-gated_cross_attention,0.5616438356164384,0.5508889258889258,0.5616438356164384,0.5427148468815134,584,30,26,0.5402720283189033,0.5369306619306619,0.6120587919751099,26
V2-O,V2M-two_stage_user_local_reranker-v1,protocol_a_rollv2_cv3,2,2029,V2H-local-H2_E0,False,H2_E0_non_eeg,hist_gate_floor0p25_cap20_base0p05,history_reliability,0.05,0.25,20.0,,user_center_alpha_2p0,V1-profile-dynamic-gated_cross_attention,0.5616438356164384,0.5508889258889258,0.5616438356164384,0.5427148468815134,584,30,26,0.5402720283189033,0.5369306619306619,0.6120587919751099,26
V2-O,V2M-two_stage_user_local_reranker-v1,protocol_a_rollv2_cv3,2,2029,V2H-local-H2_E0,False,H2_E0_non_eeg,hist_gate_floor0p50_cap10_base0p05,history_reliability,0.05,0.5,10.0,,user_center_alpha_2p0,V1-profile-dynamic-gated_cross_attention,0.5616438356164384,0.5508889258889258,0.5616438356164384,0.5427148468815134,584,30,26,0.5402720283189033,0.5369306619306619,0.6120587919751099,26
V2-O,V2M-two_stage_user_local_reranker-v1,protocol_a_rollv2_cv3,2,2029,V2H-local-H2_E0,False,H2_E0_non_eeg,session_rank_eeg_base0p05,session_block_listwise,0.05,,,,user_center_alpha_2p0,V1-profile-dynamic-gated_cross_attention,0.559931506849315,0.5481467606467606,0.559931506849315,0.540338303671637,584,30,26,0.5404725829725829,0.5374931087431087,0.544093981332475,26
V2-O,V2M-two_stage_user_local_reranker-v1,protocol_a_rollv2_cv3,2,2029,V2H-local-H2_E0,False,H2_E0_non_eeg,session_rank_eeg_base0p10,session_block_listwise,0.1,,,,user_center_alpha_2p0,V1-profile-dynamic-gated_cross_attention,0.5590753424657534,0.5474345099345098,0.5590753424657534,0.5397210197210197,584,30,26,0.5440526920995671,0.5413138250638251,0.5462933161677932,26
V2-O,V2M-two_stage_user_local_reranker-v1,protocol_a_rollv2_cv3,2,2029,V2H-local-H2_E0,False,H2_E0_non_eeg,session_z_eeg_base0p05,session_block_listwise,0.05,,,,user_center_alpha_2p0,V1-profile-dynamic-gated_cross_attention,0.5633561643835616,0.5533461908461909,0.5633561643835616,0.547344476511143,584,30,26,0.5482493461399711,0.5457929107929108,0.5423953080856847,26
V2-O,V2M-two_stage_user_local_reranker-v1,protocol_a_rollv2_cv3,2,2029,V2H-local-H2_E0,False,H2_E0_non_eeg,session_z_eeg_base0p10,session_block_listwise,0.1,,,,user_center_alpha_2p0,V1-profile-dynamic-gated_cross_attention,0.565068493150685,0.5545035982535982,0.565068493150685,0.5413369809203142,584,30,26,0.55206011002886,0.5497494634994635,0.5448270929442478,26
V2-O,V2M-two_stage_user_local_reranker-v1,protocol_a_rollv2_cv3,2,2029,V2H-local-H2_E0,False,H2_E0_non_eeg,agreement_gate0p10_base0p05,eeg_base_agreement,0.05,,,0.1,user_center_alpha_2p0,V1-profile-dynamic-gated_cross_attention,0.565068493150685,0.5550759425759426,0.565068493150685,0.5458144941478273,584,30,26,0.5453217442279942,0.541759398009398,0.6166720308979723,26
V2-O,V2M-two_stage_user_local_reranker-v1,protocol_a_rollv2_cv3,2,2029,V2H-local-H2_E0,False,H2_E0_non_eeg,agreement_gate0p25_base0p05,eeg_base_agreement,0.05,,,0.25,user_center_alpha_2p0,V1-profile-dynamic-gated_cross_attention,0.5736301369863014,0.5698678636178637,0.5736301369863014,0.5586341590508257,584,30,26,0.562778905122655,0.5600193787693788,0.6219647391195509,26
V2-O,V2M-two_stage_user_local_reranker-v1,protocol_a_rollv2_cv3,2,2029,V2H-local-H2_E0,False,H2_E0_non_eeg,sqrt_margin_eeg_base0p05,margin_shrinkage,0.05,,,,user_center_alpha_2p0,V1-profile-dynamic-gated_cross_attention,0.5667808219178082,0.5565869315869315,0.5667808219178082,0.5471240179573513,584,30,26,0.5464786255411255,0.5439641377141378,0.6139899152451453,26
V2-O,V2M-two_stage_user_local_reranker-v1,protocol_a_rollv2_cv3,3,2029,V2H-local-H2_E0,False,H2_E0_non_eeg,eeg_only,baseline,0.0,,,,user_center_alpha_2p0,V1-profile-dynamic-gated_cross_attention,0.5954692556634305,0.6131557732307539,0.5954692556634305,0.6150746178424749,618,28,24,0.594208268421555,0.6107434694934696,0.5871603310627701,24
V2-O,V2M-two_stage_user_local_reranker-v1,protocol_a_rollv2_cv3,3,2029,V2H-local-H2_E0,False,H2_E0_non_eeg,v2n_eeg_base_0p05,v2n_reference,0.05,,,,user_center_alpha_2p0,V1-profile-dynamic-gated_cross_attention,0.5938511326860841,0.6101673167554553,0.5938511326860841,0.6126175114567971,618,28,24,0.5876623764735653,0.6046195702445702,0.5900900900900901,24
V2-O,V2M-two_stage_user_local_reranker-v1,protocol_a_rollv2_cv3,3,2029,V2H-local-H2_E0,False,H2_E0_non_eeg,hist_gate_floor0p25_cap5_base0p05,history_reliability,0.05,0.25,5.0,,user_center_alpha_2p0,V1-profile-dynamic-gated_cross_attention,0.5938511326860841,0.6101673167554553,0.5938511326860841,0.6126175114567971,618,28,24,0.5876623764735653,0.6046195702445702,0.5900900900900901,24
V2-O,V2M-two_stage_user_local_reranker-v1,protocol_a_rollv2_cv3,3,2029,V2H-local-H2_E0,False,H2_E0_non_eeg,hist_gate_floor0p25_cap10_base0p05,history_reliability,0.05,0.25,10.0,,user_center_alpha_2p0,V1-profile-dynamic-gated_cross_attention,0.5938511326860841,0.6101673167554553,0.5938511326860841,0.6126175114567971,618,28,24,0.5876623764735653,0.6046195702445702,0.5900900900900901,24
V2-O,V2M-two_stage_user_local_reranker-v1,protocol_a_rollv2_cv3,3,2029,V2H-local-H2_E0,False,H2_E0_non_eeg,hist_gate_floor0p25_cap20_base0p05,history_reliability,0.05,0.25,20.0,,user_center_alpha_2p0,V1-profile-dynamic-gated_cross_attention,0.5938511326860841,0.6101673167554553,0.5938511326860841,0.6126175114567971,618,28,24,0.5876623764735653,0.6046195702445702,0.5900900900900901,24
V2-O,V2M-two_stage_user_local_reranker-v1,protocol_a_rollv2_cv3,3,2029,V2H-local-H2_E0,False,H2_E0_non_eeg,hist_gate_floor0p50_cap10_base0p05,history_reliability,0.05,0.5,10.0,,user_center_alpha_2p0,V1-profile-dynamic-gated_cross_attention,0.5938511326860841,0.6101673167554553,0.5938511326860841,0.6126175114567971,618,28,24,0.5876623764735653,0.6046195702445702,0.5900900900900901,24
V2-O,V2M-two_stage_user_local_reranker-v1,protocol_a_rollv2_cv3,3,2029,V2H-local-H2_E0,False,H2_E0_non_eeg,session_rank_eeg_base0p05,session_block_listwise,0.05,,,,user_center_alpha_2p0,V1-profile-dynamic-gated_cross_attention,0.5954692556634305,0.6131557732307539,0.5954692556634305,0.6150746178424749,618,28,24,0.5952766444899312,0.6122288089996423,0.5742877023364827,24
V2-O,V2M-two_stage_user_local_reranker-v1,protocol_a_rollv2_cv3,3,2029,V2H-local-H2_E0,False,H2_E0_non_eeg,session_rank_eeg_base0p10,session_block_listwise,0.1,,,,user_center_alpha_2p0,V1-profile-dynamic-gated_cross_attention,0.5954692556634305,0.6131557732307539,0.5954692556634305,0.6150746178424749,618,28,24,0.5952766444899312,0.6122288089996423,0.5758441368197466,24
V2-O,V2M-two_stage_user_local_reranker-v1,protocol_a_rollv2_cv3,3,2029,V2H-local-H2_E0,False,H2_E0_non_eeg,session_z_eeg_base0p05,session_block_listwise,0.05,,,,user_center_alpha_2p0,V1-profile-dynamic-gated_cross_attention,0.5922330097087378,0.6079743342993149,0.5922330097087378,0.61063338447267,618,28,24,0.5939560827672716,0.6103487369112369,0.5788471398227496,24
V2-O,V2M-two_stage_user_local_reranker-v1,protocol_a_rollv2_cv3,3,2029,V2H-local-H2_E0,False,H2_E0_non_eeg,session_z_eeg_base0p10,session_block_listwise,0.1,,,,user_center_alpha_2p0,V1-profile-dynamic-gated_cross_attention,0.598705501618123,0.6158721902452552,0.598705501618123,0.6177981443160014,618,28,24,0.5983547144386305,0.6157755246296913,0.5811177030689226,24
V2-O,V2M-two_stage_user_local_reranker-v1,protocol_a_rollv2_cv3,3,2029,V2H-local-H2_E0,False,H2_E0_non_eeg,agreement_gate0p10_base0p05,eeg_base_agreement,0.05,,,0.1,user_center_alpha_2p0,V1-profile-dynamic-gated_cross_attention,0.6051779935275081,0.622087928733633,0.6051779935275081,0.6190368064475207,618,28,24,0.5998490534329695,0.6167108200441533,0.5935325569471911,24
V2-O,V2M-two_stage_user_local_reranker-v1,protocol_a_rollv2_cv3,3,2029,V2H-local-H2_E0,False,H2_E0_non_eeg,agreement_gate0p25_base0p05,eeg_base_agreement,0.05,,,0.25,user_center_alpha_2p0,V1-profile-dynamic-gated_cross_attention,0.6051779935275081,0.6224038696368418,0.6051779935275081,0.6043635432028289,618,28,24,0.6016400654512543,0.619405725447392,0.5986230132571596,24
V2-O,V2M-two_stage_user_local_reranker-v1,protocol_a_rollv2_cv3,3,2029,V2H-local-H2_E0,False,H2_E0_non_eeg,sqrt_margin_eeg_base0p05,margin_shrinkage,0.05,,,,user_center_alpha_2p0,V1-profile-dynamic-gated_cross_attention,0.5938511326860841,0.6093644968901354,0.5938511326860841,0.6070186658579516,618,28,24,0.5875308161147321,0.6046848059348059,0.5924338973119462,24
V2-O,V2M-two_stage_user_local_reranker-v1,protocol_a_rollv2_cv3,1,2030,V2H-local-H2_E0,False,H2_E0_non_eeg,eeg_only,baseline,0.0,,,,user_center_alpha_2p0,V1-profile-dynamic-gated_cross_attention,0.6588628762541806,0.661638431013431,0.6588628762541806,0.671047619047619,598,35,28,0.621067821067821,0.618623415275201,0.6428323498785145,28
V2-O,V2M-two_stage_user_local_reranker-v1,protocol_a_rollv2_cv3,1,2030,V2H-local-H2_E0,False,H2_E0_non_eeg,v2n_eeg_base_0p05,v2n_reference,0.05,,,,user_center_alpha_2p0,V1-profile-dynamic-gated_cross_attention,0.6521739130434783,0.6527854453747312,0.6521739130434783,0.6631715797430082,598,35,28,0.6105738622902801,0.6067942391603106,0.6434571329399513,28
V2-O,V2M-two_stage_user_local_reranker-v1,protocol_a_rollv2_cv3,1,2030,V2H-local-H2_E0,False,H2_E0_non_eeg,hist_gate_floor0p25_cap5_base0p05,history_reliability,0.05,0.25,5.0,,user_center_alpha_2p0,V1-profile-dynamic-gated_cross_attention,0.6521739130434783,0.6527854453747312,0.6521739130434783,0.6631715797430082,598,35,28,0.6105738622902801,0.6067942391603106,0.6434571329399513,28
V2-O,V2M-two_stage_user_local_reranker-v1,protocol_a_rollv2_cv3,1,2030,V2H-local-H2_E0,False,H2_E0_non_eeg,hist_gate_floor0p25_cap10_base0p05,history_reliability,0.05,0.25,10.0,,user_center_alpha_2p0,V1-profile-dynamic-gated_cross_attention,0.6521739130434783,0.6527854453747312,0.6521739130434783,0.6631715797430082,598,35,28,0.6105738622902801,0.6067942391603106,0.6434571329399513,28
V2-O,V2M-two_stage_user_local_reranker-v1,protocol_a_rollv2_cv3,1,2030,V2H-local-H2_E0,False,H2_E0_non_eeg,hist_gate_floor0p25_cap20_base0p05,history_reliability,0.05,0.25,20.0,,user_center_alpha_2p0,V1-profile-dynamic-gated_cross_attention,0.6521739130434783,0.6527854453747312,0.6521739130434783,0.6631715797430082,598,35,28,0.6105738622902801,0.6067942391603106,0.6434571329399513,28
V2-O,V2M-two_stage_user_local_reranker-v1,protocol_a_rollv2_cv3,1,2030,V2H-local-H2_E0,False,H2_E0_non_eeg,hist_gate_floor0p50_cap10_base0p05,history_reliability,0.05,0.5,10.0,,user_center_alpha_2p0,V1-profile-dynamic-gated_cross_attention,0.6521739130434783,0.6527854453747312,0.6521739130434783,0.6631715797430082,598,35,28,0.6105738622902801,0.6067942391603106,0.6434571329399513,28
V2-O,V2M-two_stage_user_local_reranker-v1,protocol_a_rollv2_cv3,1,2030,V2H-local-H2_E0,False,H2_E0_non_eeg,session_rank_eeg_base0p05,session_block_listwise,0.05,,,,user_center_alpha_2p0,V1-profile-dynamic-gated_cross_attention,0.6588628762541806,0.661638431013431,0.6588628762541806,0.671047619047619,598,35,28,0.6306530119962955,0.6292777906617192,0.6121659146129816,28
V2-O,V2M-two_stage_user_local_reranker-v1,protocol_a_rollv2_cv3,1,2030,V2H-local-H2_E0,False,H2_E0_non_eeg,session_rank_eeg_base0p10,session_block_listwise,0.1,,,,user_center_alpha_2p0,V1-profile-dynamic-gated_cross_attention,0.6588628762541806,0.661638431013431,0.6588628762541806,0.671047619047619,598,35,28,0.6299813702052508,0.628384933518862,0.6116799722318639,28
V2-O,V2M-two_stage_user_local_reranker-v1,protocol_a_rollv2_cv3,1,2030,V2H-local-H2_E0,False,H2_E0_non_eeg,session_z_eeg_base0p05,session_block_listwise,0.05,,,,user_center_alpha_2p0,V1-profile-dynamic-gated_cross_attention,0.6488294314381271,0.6490652072794931,0.6488294314381271,0.6596001511715797,598,35,28,0.6225576662143826,0.621681697931698,0.6101006594932316,28
V2-O,V2M-two_stage_user_local_reranker-v1,protocol_a_rollv2_cv3,1,2030,V2H-local-H2_E0,False,H2_E0_non_eeg,session_z_eeg_base0p10,session_block_listwise,0.1,,,,user_center_alpha_2p0,V1-profile-dynamic-gated_cross_attention,0.6488294314381271,0.6510564204314205,0.6488294314381271,0.6605978835978835,598,35,28,0.6238440912321509,0.6226340788840788,0.6101700798333912,28
V2-O,V2M-two_stage_user_local_reranker-v1,protocol_a_rollv2_cv3,1,2030,V2H-local-H2_E0,False,H2_E0_non_eeg,agreement_gate0p10_base0p05,eeg_base_agreement,0.05,,,0.1,user_center_alpha_2p0,V1-profile-dynamic-gated_cross_attention,0.6555183946488294,0.656158461247747,0.6555183946488294,0.6646795162509448,598,35,28,0.6170711378174064,0.6131576178451178,0.6439430753210691,28
V2-O,V2M-two_stage_user_local_reranker-v1,protocol_a_rollv2_cv3,1,2030,V2H-local-H2_E0,False,H2_E0_non_eeg,agreement_gate0p25_base0p05,eeg_base_agreement,0.05,,,0.25,user_center_alpha_2p0,V1-profile-dynamic-gated_cross_attention,0.6555183946488294,0.6560897799290657,0.6555183946488294,0.6636477702191987,598,35,28,0.6192376860287306,0.6161479806569093,0.6446719888927456,28
V2-O,V2M-two_stage_user_local_reranker-v1,protocol_a_rollv2_cv3,1,2030,V2H-local-H2_E0,False,H2_E0_non_eeg,sqrt_margin_eeg_base0p05,margin_shrinkage,0.05,,,,user_center_alpha_2p0,V1-profile-dynamic-gated_cross_attention,0.6521739130434783,0.6550742775742776,0.6521739130434783,0.6644074074074073,598,35,28,0.6133777002433718,0.6094728105888819,0.6441166261714681,28
V2-O,V2M-two_stage_user_local_reranker-v1,protocol_a_rollv2_cv3,2,2030,V2H-local-H2_E0,False,H2_E0_non_eeg,eeg_only,baseline,0.0,,,,user_center_alpha_2p0,V1-profile-dynamic-gated_cross_attention,0.559931506849315,0.5538498538498539,0.559931506849315,0.5405190796857463,584,30,26,0.547056727994228,0.5423197173197173,0.6110574687980546,26
V2-O,V2M-two_stage_user_local_reranker-v1,protocol_a_rollv2_cv3,2,2030,V2H-local-H2_E0,False,H2_E0_non_eeg,v2n_eeg_base_0p05,v2n_reference,0.05,,,,user_center_alpha_2p0,V1-profile-dynamic-gated_cross_attention,0.5616438356164384,0.5575001387501387,0.5616438356164384,0.5436826599326599,584,30,26,0.5543128832972584,0.5497578810078809,0.612166076601223,26
V2-O,V2M-two_stage_user_local_reranker-v1,protocol_a_rollv2_cv3,2,2030,V2H-local-H2_E0,False,H2_E0_non_eeg,hist_gate_floor0p25_cap5_base0p05,history_reliability,0.05,0.25,5.0,,user_center_alpha_2p0,V1-profile-dynamic-gated_cross_attention,0.5616438356164384,0.5575001387501387,0.5616438356164384,0.5436826599326599,584,30,26,0.5543128832972584,0.5497578810078809,0.612166076601223,26
V2-O,V2M-two_stage_user_local_reranker-v1,protocol_a_rollv2_cv3,2,2030,V2H-local-H2_E0,False,H2_E0_non_eeg,hist_gate_floor0p25_cap10_base0p05,history_reliability,0.05,0.25,10.0,,user_center_alpha_2p0,V1-profile-dynamic-gated_cross_attention,0.5616438356164384,0.5575001387501387,0.5616438356164384,0.5436826599326599,584,30,26,0.5543128832972584,0.5497578810078809,0.612166076601223,26
V2-O,V2M-two_stage_user_local_reranker-v1,protocol_a_rollv2_cv3,2,2030,V2H-local-H2_E0,False,H2_E0_non_eeg,hist_gate_floor0p25_cap20_base0p05,history_reliability,0.05,0.25,20.0,,user_center_alpha_2p0,V1-profile-dynamic-gated_cross_attention,0.5616438356164384,0.5575001387501387,0.5616438356164384,0.5436826599326599,584,30,26,0.5543128832972584,0.5497578810078809,0.612166076601223,26
V2-O,V2M-two_stage_user_local_reranker-v1,protocol_a_rollv2_cv3,2,2030,V2H-local-H2_E0,False,H2_E0_non_eeg,hist_gate_floor0p50_cap10_base0p05,history_reliability,0.05,0.5,10.0,,user_center_alpha_2p0,V1-profile-dynamic-gated_cross_attention,0.5616438356164384,0.5575001387501387,0.5616438356164384,0.5436826599326599,584,30,26,0.5543128832972584,0.5497578810078809,0.612166076601223,26
V2-O,V2M-two_stage_user_local_reranker-v1,protocol_a_rollv2_cv3,2,2030,V2H-local-H2_E0,False,H2_E0_non_eeg,session_rank_eeg_base0p05,session_block_listwise,0.05,,,,user_center_alpha_2p0,V1-profile-dynamic-gated_cross_attention,0.559931506849315,0.5538498538498539,0.559931506849315,0.5405190796857463,584,30,26,0.5490171807359308,0.545572298072298,0.5423059042305904,26
V2-O,V2M-two_stage_user_local_reranker-v1,protocol_a_rollv2_cv3,2,2030,V2H-local-H2_E0,False,H2_E0_non_eeg,session_rank_eeg_base0p10,session_block_listwise,0.1,,,,user_center_alpha_2p0,V1-profile-dynamic-gated_cross_attention,0.5590753424657534,0.5531376031376032,0.5590753424657534,0.5399017957351291,584,30,26,0.5483227362914863,0.5448600473600473,0.5454886814719451,26
V2-O,V2M-two_stage_user_local_reranker-v1,protocol_a_rollv2_cv3,2,2030,V2H-local-H2_E0,False,H2_E0_non_eeg,session_z_eeg_base0p05,session_block_listwise,0.05,,,,user_center_alpha_2p0,V1-profile-dynamic-gated_cross_attention,0.5616438356164384,0.557271201021201,0.5616438356164384,0.5434842472342472,584,30,26,0.5548481466450217,0.5515782828282828,0.5472946393448486,26
V2-O,V2M-two_stage_user_local_reranker-v1,protocol_a_rollv2_cv3,2,2030,V2H-local-H2_E0,False,H2_E0_non_eeg,session_z_eeg_base0p10,session_block_listwise,0.1,,,,user_center_alpha_2p0,V1-profile-dynamic-gated_cross_attention,0.5684931506849316,0.5700917138417139,0.5684931506849316,0.5545953583453583,584,30,26,0.5650020292207791,0.5639034576534576,0.5504058935021278,26
V2-O,V2M-two_stage_user_local_reranker-v1,protocol_a_rollv2_cv3,2,2030,V2H-local-H2_E0,False,H2_E0_non_eeg,agreement_gate0p10_base0p05,eeg_base_agreement,0.05,,,0.1,user_center_alpha_2p0,V1-profile-dynamic-gated_cross_attention,0.5736301369863014,0.5721801346801346,0.5736301369863014,0.5564053230719898,584,30,26,0.5653645833333333,0.5619507807007807,0.6157064692629546,26
V2-O,V2M-two_stage_user_local_reranker-v1,protocol_a_rollv2_cv3,2,2030,V2H-local-H2_E0,False,H2_E0_non_eeg,agreement_gate0p25_base0p05,eeg_base_agreement,0.05,,,0.25,user_center_alpha_2p0,V1-profile-dynamic-gated_cross_attention,0.589041095890411,0.5942217504717504,0.589041095890411,0.5755080567580568,584,30,26,0.5882974837662338,0.587747668997669,0.6234667238851339,26
V2-O,V2M-two_stage_user_local_reranker-v1,protocol_a_rollv2_cv3,2,2030,V2H-local-H2_E0,False,H2_E0_non_eeg,sqrt_margin_eeg_base0p05,margin_shrinkage,0.05,,,,user_center_alpha_2p0,V1-profile-dynamic-gated_cross_attention,0.565068493150685,0.5666347541347542,0.565068493150685,0.5515993265993266,584,30,26,0.5602379825036075,0.5579385891885892,0.6137038229088438,26
V2-O,V2M-two_stage_user_local_reranker-v1,protocol_a_rollv2_cv3,3,2030,V2H-local-H2_E0,False,H2_E0_non_eeg,eeg_only,baseline,0.0,,,,user_center_alpha_2p0,V1-profile-dynamic-gated_cross_attention,0.5857605177993528,0.6209808447534195,0.5857605177993528,0.6140812527419669,618,28,24,0.6029982061450592,0.6210285470702138,0.6372225884421006,24
V2-O,V2M-two_stage_user_local_reranker-v1,protocol_a_rollv2_cv3,3,2030,V2H-local-H2_E0,False,H2_E0_non_eeg,v2n_eeg_base_0p05,v2n_reference,0.05,,,,user_center_alpha_2p0,V1-profile-dynamic-gated_cross_attention,0.5922330097087378,0.6271105906775735,0.5922330097087378,0.6195991871884728,618,28,24,0.6069500623696428,0.6248735446652113,0.6397861275910056,24
V2-O,V2M-two_stage_user_local_reranker-v1,protocol_a_rollv2_cv3,3,2030,V2H-local-H2_E0,False,H2_E0_non_eeg,hist_gate_floor0p25_cap5_base0p05,history_reliability,0.05,0.25,5.0,,user_center_alpha_2p0,V1-profile-dynamic-gated_cross_attention,0.5922330097087378,0.6271105906775735,0.5922330097087378,0.6195991871884728,618,28,24,0.6069500623696428,0.6248735446652113,0.6397861275910056,24
V2-O,V2M-two_stage_user_local_reranker-v1,protocol_a_rollv2_cv3,3,2030,V2H-local-H2_E0,False,H2_E0_non_eeg,hist_gate_floor0p25_cap10_base0p05,history_reliability,0.05,0.25,10.0,,user_center_alpha_2p0,V1-profile-dynamic-gated_cross_attention,0.5922330097087378,0.6271105906775735,0.5922330097087378,0.6195991871884728,618,28,24,0.6069500623696428,0.6248735446652113,0.6397861275910056,24
V2-O,V2M-two_stage_user_local_reranker-v1,protocol_a_rollv2_cv3,3,2030,V2H-local-H2_E0,False,H2_E0_non_eeg,hist_gate_floor0p25_cap20_base0p05,history_reliability,0.05,0.25,20.0,,user_center_alpha_2p0,V1-profile-dynamic-gated_cross_attention,0.5922330097087378,0.6271105906775735,0.5922330097087378,0.6195991871884728,618,28,24,0.6069500623696428,0.6248735446652113,0.6397861275910056,24
V2-O,V2M-two_stage_user_local_reranker-v1,protocol_a_rollv2_cv3,3,2030,V2H-local-H2_E0,False,H2_E0_non_eeg,hist_gate_floor0p50_cap10_base0p05,history_reliability,0.05,0.5,10.0,,user_center_alpha_2p0,V1-profile-dynamic-gated_cross_attention,0.5922330097087378,0.6271105906775735,0.5922330097087378,0.6195991871884728,618,28,24,0.6069500623696428,0.6248735446652113,0.6397861275910056,24
V2-O,V2M-two_stage_user_local_reranker-v1,protocol_a_rollv2_cv3,3,2030,V2H-local-H2_E0,False,H2_E0_non_eeg,session_rank_eeg_base0p05,session_block_listwise,0.05,,,,user_center_alpha_2p0,V1-profile-dynamic-gated_cross_attention,0.5857605177993528,0.6209808447534195,0.5857605177993528,0.6140812527419669,618,28,24,0.6028386434854965,0.6215466246716247,0.5714494982787666,24
V2-O,V2M-two_stage_user_local_reranker-v1,protocol_a_rollv2_cv3,3,2030,V2H-local-H2_E0,False,H2_E0_non_eeg,session_rank_eeg_base0p10,session_block_listwise,0.1,,,,user_center_alpha_2p0,V1-profile-dynamic-gated_cross_attention,0.587378640776699,0.6219278144503892,0.587378640776699,0.6148929410536553,618,28,24,0.6040306333138501,0.6224935943685943,0.5737383725188603,24
V2-O,V2M-two_stage_user_local_reranker-v1,protocol_a_rollv2_cv3,3,2030,V2H-local-H2_E0,False,H2_E0_non_eeg,session_z_eeg_base0p05,session_block_listwise,0.05,,,,user_center_alpha_2p0,V1-profile-dynamic-gated_cross_attention,0.5906148867313916,0.624917608221433,0.5906148867313916,0.617615060204346,618,28,24,0.6117868922064725,0.6300818779985446,0.5717790961693401,24
V2-O,V2M-two_stage_user_local_reranker-v1,protocol_a_rollv2_cv3,3,2030,V2H-local-H2_E0,False,H2_E0_non_eeg,session_z_eeg_base0p10,session_block_listwise,0.1,,,,user_center_alpha_2p0,V1-profile-dynamic-gated_cross_attention,0.5922330097087378,0.6282410921205749,0.5922330097087378,0.6205681884253312,618,28,24,0.6139640080199521,0.6330724984891652,0.5740496594155131,24
V2-O,V2M-two_stage_user_local_reranker-v1,protocol_a_rollv2_cv3,3,2030,V2H-local-H2_E0,False,H2_E0_non_eeg,agreement_gate0p10_base0p05,eeg_base_agreement,0.05,,,0.1,user_center_alpha_2p0,V1-profile-dynamic-gated_cross_attention,0.5954692556634305,0.6282864678488388,0.5954692556634305,0.6107869148047719,618,28,24,0.6088843654403095,0.6266681775015108,0.6439976561927782,24
V2-O,V2M-two_stage_user_local_reranker-v1,protocol_a_rollv2_cv3,3,2030,V2H-local-H2_E0,False,H2_E0_non_eeg,agreement_gate0p25_base0p05,eeg_base_agreement,0.05,,,0.25,user_center_alpha_2p0,V1-profile-dynamic-gated_cross_attention,0.6132686084142395,0.6483252698477802,0.6132686084142395,0.6280405837548695,618,28,24,0.6278736221043912,0.645340226902727,0.6516150296638101,24
V2-O,V2M-two_stage_user_local_reranker-v1,protocol_a_rollv2_cv3,3,2030,V2H-local-H2_E0,False,H2_E0_non_eeg,sqrt_margin_eeg_base0p05,margin_shrinkage,0.05,,,,user_center_alpha_2p0,V1-profile-dynamic-gated_cross_attention,0.5970873786407767,0.6313801139330035,0.5970873786407767,0.6225428671857244,618,28,24,0.612804056860001,0.6307935081893415,0.6422031787885446,24
V2-O,V2M-two_stage_user_local_reranker-v1,protocol_a_rollv2_cv3,1,2026,V2H-local-real,True,real_eeg,eeg_only,baseline,0.0,,,,user_center_alpha_2p0,V1-profile-dynamic-gated_cross_attention,0.7123745819397993,0.724415970933828,0.7123745819397993,0.747588332302618,598,35,28,0.7075219142383321,0.7063942357245928,0.607913918778202,28
V2-O,V2M-two_stage_user_local_reranker-v1,protocol_a_rollv2_cv3,1,2026,V2H-local-real,True,real_eeg,v2n_eeg_base_0p05,v2n_reference,0.05,,,,user_center_alpha_2p0,V1-profile-dynamic-gated_cross_attention,0.7140468227424749,0.7262253057788771,0.7140468227424749,0.7490358001786573,598,35,28,0.7092797915185975,0.7083063200027484,0.607913918778202,28
V2-O,V2M-two_stage_user_local_reranker-v1,protocol_a_rollv2_cv3,1,2026,V2H-local-real,True,real_eeg,hist_gate_floor0p25_cap5_base0p05,history_reliability,0.05,0.25,5.0,,user_center_alpha_2p0,V1-profile-dynamic-gated_cross_attention,0.7140468227424749,0.7262253057788771,0.7140468227424749,0.7490358001786573,598,35,28,0.7092797915185975,0.7083063200027484,0.607913918778202,28
V2-O,V2M-two_stage_user_local_reranker-v1,protocol_a_rollv2_cv3,1,2026,V2H-local-real,True,real_eeg,hist_gate_floor0p25_cap10_base0p05,history_reliability,0.05,0.25,10.0,,user_center_alpha_2p0,V1-profile-dynamic-gated_cross_attention,0.7140468227424749,0.7262253057788771,0.7140468227424749,0.7490358001786573,598,35,28,0.7092797915185975,0.7083063200027484,0.607913918778202,28
V2-O,V2M-two_stage_user_local_reranker-v1,protocol_a_rollv2_cv3,1,2026,V2H-local-real,True,real_eeg,hist_gate_floor0p25_cap20_base0p05,history_reliability,0.05,0.25,20.0,,user_center_alpha_2p0,V1-profile-dynamic-gated_cross_attention,0.7140468227424749,0.7262253057788771,0.7140468227424749,0.7490358001786573,598,35,28,0.7092797915185975,0.7083063200027484,0.607913918778202,28
V2-O,V2M-two_stage_user_local_reranker-v1,protocol_a_rollv2_cv3,1,2026,V2H-local-real,True,real_eeg,hist_gate_floor0p50_cap10_base0p05,history_reliability,0.05,0.5,10.0,,user_center_alpha_2p0,V1-profile-dynamic-gated_cross_attention,0.7140468227424749,0.7262253057788771,0.7140468227424749,0.7490358001786573,598,35,28,0.7092797915185975,0.7083063200027484,0.607913918778202,28
V2-O,V2M-two_stage_user_local_reranker-v1,protocol_a_rollv2_cv3,1,2026,V2H-local-real,True,real_eeg,session_rank_eeg_base0p05,session_block_listwise,0.05,,,,user_center_alpha_2p0,V1-profile-dynamic-gated_cross_attention,0.7123745819397993,0.724415970933828,0.7123745819397993,0.747588332302618,598,35,28,0.7026970127716397,0.6998908730158729,0.6550503297466157,28
V2-O,V2M-two_stage_user_local_reranker-v1,protocol_a_rollv2_cv3,1,2026,V2H-local-real,True,real_eeg,session_rank_eeg_base0p10,session_block_listwise,0.1,,,,user_center_alpha_2p0,V1-profile-dynamic-gated_cross_attention,0.7140468227424749,0.7256064471243041,0.7140468227424749,0.7485407132549989,598,35,28,0.7036174107815899,0.7007837301587301,0.6548941339812565,28
V2-O,V2M-two_stage_user_local_reranker-v1,protocol_a_rollv2_cv3,1,2026,V2H-local-real,True,real_eeg,session_z_eeg_base0p05,session_block_listwise,0.05,,,,user_center_alpha_2p0,V1-profile-dynamic-gated_cross_attention,0.7107023411371237,0.7230717794110652,0.7107023411371237,0.7455361781076068,598,35,28,0.6988586289332558,0.6975162337662336,0.6718153418951753,28
V2-O,V2M-two_stage_user_local_reranker-v1,protocol_a_rollv2_cv3,1,2026,V2H-local-real,True,real_eeg,session_z_eeg_base0p10,session_block_listwise,0.1,,,,user_center_alpha_2p0,V1-profile-dynamic-gated_cross_attention,0.7157190635451505,0.7252212503105361,0.7157190635451505,0.7500335326049612,598,35,28,0.70079785057397,0.6987751666323095,0.6703575147518223,28
V2-O,V2M-two_stage_user_local_reranker-v1,protocol_a_rollv2_cv3,1,2026,V2H-local-real,True,real_eeg,agreement_gate0p10_base0p05,eeg_base_agreement,0.05,,,0.1,user_center_alpha_2p0,V1-profile-dynamic-gated_cross_attention,0.7123745819397993,0.7212033931676788,0.7123745819397993,0.7426525802240089,598,35,28,0.7070632766901424,0.7065669879062735,0.6088510933703575,28
V2-O,V2M-two_stage_user_local_reranker-v1,protocol_a_rollv2_cv3,1,2026,V2H-local-real,True,real_eeg,agreement_gate0p25_base0p05,eeg_base_agreement,0.05,,,0.25,user_center_alpha_2p0,V1-profile-dynamic-gated_cross_attention,0.7123745819397993,0.7176319645962502,0.7123745819397993,0.7397954373668659,598,35,28,0.7054237470655381,0.7045918796811653,0.6091981950711558,28
V2-O,V2M-two_stage_user_local_reranker-v1,protocol_a_rollv2_cv3,1,2026,V2H-local-real,True,real_eeg,sqrt_margin_eeg_base0p05,margin_shrinkage,0.05,,,,user_center_alpha_2p0,V1-profile-dynamic-gated_cross_attention,0.7140468227424749,0.7250724407867264,0.7140468227424749,0.7493192468906755,598,35,28,0.7078570351704679,0.7075365689204974,0.6075321069073238,28
V2-O,V2M-two_stage_user_local_reranker-v1,protocol_a_rollv2_cv3,2,2026,V2H-local-real,True,real_eeg,eeg_only,baseline,0.0,,,,user_center_alpha_2p0,V1-profile-dynamic-gated_cross_attention,0.6352739726027398,0.628180846930847,0.6352739726027398,0.6211562049062049,584,30,26,0.6068454635642136,0.605826812076812,0.6148839537960876,26
V2-O,V2M-two_stage_user_local_reranker-v1,protocol_a_rollv2_cv3,2,2026,V2H-local-real,True,real_eeg,v2n_eeg_base_0p05,v2n_reference,0.05,,,,user_center_alpha_2p0,V1-profile-dynamic-gated_cross_attention,0.6335616438356164,0.6265426702926702,0.6335616438356164,0.6132549703383037,584,30,26,0.6062291441197691,0.6052570115070114,0.6152773307585023,26
V2-O,V2M-two_stage_user_local_reranker-v1,protocol_a_rollv2_cv3,2,2026,V2H-local-real,True,real_eeg,hist_gate_floor0p25_cap5_base0p05,history_reliability,0.05,0.25,5.0,,user_center_alpha_2p0,V1-profile-dynamic-gated_cross_attention,0.6335616438356164,0.6265426702926702,0.6335616438356164,0.6132549703383037,584,30,26,0.6062291441197691,0.6052570115070114,0.6152773307585023,26
V2-O,V2M-two_stage_user_local_reranker-v1,protocol_a_rollv2_cv3,2,2026,V2H-local-real,True,real_eeg,hist_gate_floor0p25_cap10_base0p05,history_reliability,0.05,0.25,10.0,,user_center_alpha_2p0,V1-profile-dynamic-gated_cross_attention,0.6335616438356164,0.6265426702926702,0.6335616438356164,0.6132549703383037,584,30,26,0.6062291441197691,0.6052570115070114,0.6152773307585023,26
V2-O,V2M-two_stage_user_local_reranker-v1,protocol_a_rollv2_cv3,2,2026,V2H-local-real,True,real_eeg,hist_gate_floor0p25_cap20_base0p05,history_reliability,0.05,0.25,20.0,,user_center_alpha_2p0,V1-profile-dynamic-gated_cross_attention,0.6335616438356164,0.6265426702926702,0.6335616438356164,0.6132549703383037,584,30,26,0.6062291441197691,0.6052570115070114,0.6152773307585023,26
V2-O,V2M-two_stage_user_local_reranker-v1,protocol_a_rollv2_cv3,2,2026,V2H-local-real,True,real_eeg,hist_gate_floor0p50_cap10_base0p05,history_reliability,0.05,0.5,10.0,,user_center_alpha_2p0,V1-profile-dynamic-gated_cross_attention,0.6335616438356164,0.6265426702926702,0.6335616438356164,0.6132549703383037,584,30,26,0.6062291441197691,0.6052570115070114,0.6152773307585023,26
V2-O,V2M-two_stage_user_local_reranker-v1,protocol_a_rollv2_cv3,2,2026,V2H-local-real,True,real_eeg,session_rank_eeg_base0p05,session_block_listwise,0.05,,,,user_center_alpha_2p0,V1-profile-dynamic-gated_cross_attention,0.6352739726027398,0.628180846930847,0.6352739726027398,0.6211562049062049,584,30,26,0.6259320887445888,0.625185508935509,0.5923005399992848,26
V2-O,V2M-two_stage_user_local_reranker-v1,protocol_a_rollv2_cv3,2,2026,V2H-local-real,True,real_eeg,session_rank_eeg_base0p10,session_block_listwise,0.1,,,,user_center_alpha_2p0,V1-profile-dynamic-gated_cross_attention,0.6335616438356164,0.6268987956487956,0.6335616438356164,0.6200450937950938,584,30,26,0.6241593952922078,0.623560051060051,0.5940886171011694,26
V2-O,V2M-two_stage_user_local_reranker-v1,protocol_a_rollv2_cv3,2,2026,V2H-local-real,True,real_eeg,session_z_eeg_base0p05,session_block_listwise,0.05,,,,user_center_alpha_2p0,V1-profile-dynamic-gated_cross_attention,0.6267123287671232,0.6196898009398009,0.6267123287671232,0.6067867163700497,584,30,26,0.6159851866883117,0.6141701816701816,0.5863104817079713,26
V2-O,V2M-two_stage_user_local_reranker-v1,protocol_a_rollv2_cv3,2,2026,V2H-local-real,True,real_eeg,session_z_eeg_base0p10,session_block_listwise,0.1,,,,user_center_alpha_2p0,V1-profile-dynamic-gated_cross_attention,0.625,0.6178939116439116,0.625,0.6052302789802791,584,30,26,0.6154880275974026,0.6127489177489177,0.5877409433894789,26
V2-O,V2M-two_stage_user_local_reranker-v1,protocol_a_rollv2_cv3,2,2026,V2H-local-real,True,real_eeg,agreement_gate0p10_base0p05,eeg_base_agreement,0.05,,,0.1,user_center_alpha_2p0,V1-profile-dynamic-gated_cross_attention,0.6421232876712328,0.636445498945499,0.6421232876712328,0.6250120250120249,584,30,26,0.6123848980880231,0.6120691808191807,0.6198190465972893,26
V2-O,V2M-two_stage_user_local_reranker-v1,protocol_a_rollv2_cv3,2,2026,V2H-local-real,True,real_eeg,agreement_gate0p25_base0p05,eeg_base_agreement,0.05,,,0.25,user_center_alpha_2p0,V1-profile-dynamic-gated_cross_attention,0.6352739726027398,0.6326196951196951,0.6352739726027398,0.621696328362995,584,30,26,0.6089101957070707,0.6096170033670034,0.6232879161749455,26
V2-O,V2M-two_stage_user_local_reranker-v1,protocol_a_rollv2_cv3,2,2026,V2H-local-real,True,real_eeg,sqrt_margin_eeg_base0p05,margin_shrinkage,0.05,,,,user_center_alpha_2p0,V1-profile-dynamic-gated_cross_attention,0.6318493150684932,0.6263493450993451,0.6318493150684932,0.6144101731601732,584,30,26,0.6050795905483406,0.6039953102453102,0.6168866001501985,26
V2-O,V2M-two_stage_user_local_reranker-v1,protocol_a_rollv2_cv3,3,2026,V2H-local-real,True,real_eeg,eeg_only,baseline,0.0,,,,user_center_alpha_2p0,V1-profile-dynamic-gated_cross_attention,0.6650485436893204,0.6713349040474298,0.6650485436893204,0.6530564508243079,618,28,24,0.6761234297947585,0.6767448716407051,0.5664689079323226,24
V2-O,V2M-two_stage_user_local_reranker-v1,protocol_a_rollv2_cv3,3,2026,V2H-local-real,True,real_eeg,v2n_eeg_base_0p05,v2n_reference,0.05,,,,user_center_alpha_2p0,V1-profile-dynamic-gated_cross_attention,0.6682847896440129,0.6855015707140965,0.6682847896440129,0.6651993079671651,618,28,24,0.6810185346898633,0.690633760529594,0.5674210796162016,24
V2-O,V2M-two_stage_user_local_reranker-v1,protocol_a_rollv2_cv3,3,2026,V2H-local-real,True,real_eeg,hist_gate_floor0p25_cap5_base0p05,history_reliability,0.05,0.25,5.0,,user_center_alpha_2p0,V1-profile-dynamic-gated_cross_attention,0.6682847896440129,0.6855015707140965,0.6682847896440129,0.6651993079671651,618,28,24,0.6810185346898633,0.690633760529594,0.5674210796162016,24
V2-O,V2M-two_stage_user_local_reranker-v1,protocol_a_rollv2_cv3,3,2026,V2H-local-real,True,real_eeg,hist_gate_floor0p25_cap10_base0p05,history_reliability,0.05,0.25,10.0,,user_center_alpha_2p0,V1-profile-dynamic-gated_cross_attention,0.6682847896440129,0.6855015707140965,0.6682847896440129,0.6651993079671651,618,28,24,0.6810185346898633,0.690633760529594,0.5674210796162016,24
V2-O,V2M-two_stage_user_local_reranker-v1,protocol_a_rollv2_cv3,3,2026,V2H-local-real,True,real_eeg,hist_gate_floor0p25_cap20_base0p05,history_reliability,0.05,0.25,20.0,,user_center_alpha_2p0,V1-profile-dynamic-gated_cross_attention,0.6682847896440129,0.6855015707140965,0.6682847896440129,0.6651993079671651,618,28,24,0.6810185346898633,0.690633760529594,0.5674210796162016,24
V2-O,V2M-two_stage_user_local_reranker-v1,protocol_a_rollv2_cv3,3,2026,V2H-local-real,True,real_eeg,hist_gate_floor0p50_cap10_base0p05,history_reliability,0.05,0.5,10.0,,user_center_alpha_2p0,V1-profile-dynamic-gated_cross_attention,0.6682847896440129,0.6855015707140965,0.6682847896440129,0.6651993079671651,618,28,24,0.6810185346898633,0.690633760529594,0.5674210796162016,24
V2-O,V2M-two_stage_user_local_reranker-v1,protocol_a_rollv2_cv3,3,2026,V2H-local-real,True,real_eeg,session_rank_eeg_base0p05,session_block_listwise,0.05,,,,user_center_alpha_2p0,V1-profile-dynamic-gated_cross_attention,0.6650485436893204,0.6713349040474298,0.6650485436893204,0.6530564508243079,618,28,24,0.6665371827085114,0.6687008901592235,0.6174284040137699,24
V2-O,V2M-two_stage_user_local_reranker-v1,protocol_a_rollv2_cv3,3,2026,V2H-local-real,True,real_eeg,session_rank_eeg_base0p10,session_block_listwise,0.1,,,,user_center_alpha_2p0,V1-profile-dynamic-gated_cross_attention,0.6650485436893204,0.6713349040474298,0.6650485436893204,0.6530564508243079,618,28,24,0.6654008190721478,0.6676592234925569,0.6191496374423203,24
V2-O,V2M-two_stage_user_local_reranker-v1,protocol_a_rollv2_cv3,3,2026,V2H-local-real,True,real_eeg,session_z_eeg_base0p05,session_block_listwise,0.05,,,,user_center_alpha_2p0,V1-profile-dynamic-gated_cross_attention,0.6634304207119741,0.68336921777292,0.6634304207119741,0.6642469270147842,618,28,24,0.6701155487868775,0.6816936150269485,0.6059474108254597,24
V2-O,V2M-two_stage_user_local_reranker-v1,protocol_a_rollv2_cv3,3,2026,V2H-local-real,True,real_eeg,session_z_eeg_base0p10,session_block_listwise,0.1,,,,user_center_alpha_2p0,V1-profile-dynamic-gated_cross_attention,0.6601941747572816,0.6815228386045594,0.6601941747572816,0.6634352387030958,618,28,24,0.6675207950557601,0.6791428093511427,0.6061671427525085,24
V2-O,V2M-two_stage_user_local_reranker-v1,protocol_a_rollv2_cv3,3,2026,V2H-local-real,True,real_eeg,agreement_gate0p10_base0p05,eeg_base_agreement,0.05,,,0.1,user_center_alpha_2p0,V1-profile-dynamic-gated_cross_attention,0.6521035598705501,0.6705513126388384,0.6521035598705501,0.6467300391407534,618,28,24,0.6614991263592662,0.6739473913432247,0.5700944847286311,24
V2-O,V2M-two_stage_user_local_reranker-v1,protocol_a_rollv2_cv3,3,2026,V2H-local-real,True,real_eeg,agreement_gate0p25_base0p05,eeg_base_agreement,0.05,,,0.25,user_center_alpha_2p0,V1-profile-dynamic-gated_cross_attention,0.6407766990291263,0.6625384458759717,0.6407766990291263,0.6398618676297249,618,28,24,0.6524272638783128,0.6657857150565484,0.5753680509778071,24
V2-O,V2M-two_stage_user_local_reranker-v1,protocol_a_rollv2_cv3,3,2026,V2H-local-real,True,real_eeg,sqrt_margin_eeg_base0p05,margin_shrinkage,0.05,,,,user_center_alpha_2p0,V1-profile-dynamic-gated_cross_attention,0.6682847896440129,0.6916708290157078,0.6682847896440129,0.6722379439343725,618,28,24,0.6843122495220397,0.6939843913802247,0.5693620449718011,24
V2-O,V2M-two_stage_user_local_reranker-v1,protocol_a_rollv2_cv3,1,2027,V2H-local-real,True,real_eeg,eeg_only,baseline,0.0,,,,user_center_alpha_2p0,V1-profile-dynamic-gated_cross_attention,0.7307692307692307,0.746295093795094,0.7307692307692307,0.7736233766233767,598,35,28,0.7307001787598801,0.7307081658420944,0.5819507115584868,28
V2-O,V2M-two_stage_user_local_reranker-v1,protocol_a_rollv2_cv3,1,2027,V2H-local-real,True,real_eeg,v2n_eeg_base_0p05,v2n_reference,0.05,,,,user_center_alpha_2p0,V1-profile-dynamic-gated_cross_attention,0.7240802675585284,0.7345887445887447,0.7240802675585284,0.7594963924963924,598,35,28,0.724921927160733,0.7244581658420943,0.5824019437695245,28
V2-O,V2M-two_stage_user_local_reranker-v1,protocol_a_rollv2_cv3,1,2027,V2H-local-real,True,real_eeg,hist_gate_floor0p25_cap5_base0p05,history_reliability,0.05,0.25,5.0,,user_center_alpha_2p0,V1-profile-dynamic-gated_cross_attention,0.7240802675585284,0.7345887445887447,0.7240802675585284,0.7594963924963924,598,35,28,0.724921927160733,0.7244581658420943,0.5824019437695245,28
V2-O,V2M-two_stage_user_local_reranker-v1,protocol_a_rollv2_cv3,1,2027,V2H-local-real,True,real_eeg,hist_gate_floor0p25_cap10_base0p05,history_reliability,0.05,0.25,10.0,,user_center_alpha_2p0,V1-profile-dynamic-gated_cross_attention,0.7240802675585284,0.7345887445887447,0.7240802675585284,0.7594963924963924,598,35,28,0.724921927160733,0.7244581658420943,0.5824019437695245,28
V2-O,V2M-two_stage_user_local_reranker-v1,protocol_a_rollv2_cv3,1,2027,V2H-local-real,True,real_eeg,hist_gate_floor0p25_cap20_base0p05,history_reliability,0.05,0.25,20.0,,user_center_alpha_2p0,V1-profile-dynamic-gated_cross_attention,0.7240802675585284,0.7345887445887447,0.7240802675585284,0.7594963924963924,598,35,28,0.724921927160733,0.7244581658420943,0.5824019437695245,28
V2-O,V2M-two_stage_user_local_reranker-v1,protocol_a_rollv2_cv3,1,2027,V2H-local-real,True,real_eeg,hist_gate_floor0p50_cap10_base0p05,history_reliability,0.05,0.5,10.0,,user_center_alpha_2p0,V1-profile-dynamic-gated_cross_attention,0.7240802675585284,0.7345887445887447,0.7240802675585284,0.7594963924963924,598,35,28,0.724921927160733,0.7244581658420943,0.5824019437695245,28
V2-O,V2M-two_stage_user_local_reranker-v1,protocol_a_rollv2_cv3,1,2027,V2H-local-real,True,real_eeg,session_rank_eeg_base0p05,session_block_listwise,0.05,,,,user_center_alpha_2p0,V1-profile-dynamic-gated_cross_attention,0.7307692307692307,0.746295093795094,0.7307692307692307,0.7736233766233767,598,35,28,0.7212423811677544,0.7198586631622346,0.6682401943769525,28
V2-O,V2M-two_stage_user_local_reranker-v1,protocol_a_rollv2_cv3,1,2027,V2H-local-real,True,real_eeg,session_rank_eeg_base0p10,session_block_listwise,0.1,,,,user_center_alpha_2p0,V1-profile-dynamic-gated_cross_attention,0.7307692307692307,0.746295093795094,0.7307692307692307,0.7736233766233767,598,35,28,0.7227218883935302,0.7213751030715316,0.6680492884415133,28
V2-O,V2M-two_stage_user_local_reranker-v1,protocol_a_rollv2_cv3,1,2027,V2H-local-real,True,real_eeg,session_z_eeg_base0p05,session_block_listwise,0.05,,,,user_center_alpha_2p0,V1-profile-dynamic-gated_cross_attention,0.7274247491638796,0.7367571119356834,0.7274247491638796,0.7612310863739435,598,35,28,0.7161959682108936,0.7146237244897959,0.6723707046164527,28
V2-O,V2M-two_stage_user_local_reranker-v1,protocol_a_rollv2_cv3,1,2027,V2H-local-real,True,real_eeg,session_z_eeg_base0p10,session_block_listwise,0.1,,,,user_center_alpha_2p0,V1-profile-dynamic-gated_cross_attention,0.7290969899665551,0.7382423727066584,0.7290969899665551,0.7624192949907236,598,35,28,0.7121921776399388,0.7096782879818594,0.6696633113502256,28
V2-O,V2M-two_stage_user_local_reranker-v1,protocol_a_rollv2_cv3,1,2027,V2H-local-real,True,real_eeg,agreement_gate0p10_base0p05,eeg_base_agreement,0.05,,,0.1,user_center_alpha_2p0,V1-profile-dynamic-gated_cross_attention,0.7274247491638796,0.7335947385947386,0.7274247491638796,0.7577243867243867,598,35,28,0.720566108849691,0.7204841785198929,0.5830267268309615,28
V2-O,V2M-two_stage_user_local_reranker-v1,protocol_a_rollv2_cv3,1,2027,V2H-local-real,True,real_eeg,agreement_gate0p25_base0p05,eeg_base_agreement,0.05,,,0.25,user_center_alpha_2p0,V1-profile-dynamic-gated_cross_attention,0.7324414715719063,0.7383871683871684,0.7324414715719063,0.7578037518037519,598,35,28,0.7208867997673968,0.7217584003298291,0.583963901423117,28
V2-O,V2M-two_stage_user_local_reranker-v1,protocol_a_rollv2_cv3,1,2027,V2H-local-real,True,real_eeg,sqrt_margin_eeg_base0p05,margin_shrinkage,0.05,,,,user_center_alpha_2p0,V1-profile-dynamic-gated_cross_attention,0.7307692307692307,0.756751443001443,0.7307692307692307,0.7811948051948052,598,35,28,0.7299432491223535,0.7292632962275821,0.5834432488719195,28
V2-O,V2M-two_stage_user_local_reranker-v1,protocol_a_rollv2_cv3,2,2027,V2H-local-real,True,real_eeg,eeg_only,baseline,0.0,,,,user_center_alpha_2p0,V1-profile-dynamic-gated_cross_attention,0.6386986301369864,0.6235093610093612,0.6386986301369864,0.6144620811287478,584,30,26,0.6050869182900434,0.6018482443482444,0.6036190680542144,26
V2-O,V2M-two_stage_user_local_reranker-v1,protocol_a_rollv2_cv3,2,2027,V2H-local-real,True,real_eeg,v2n_eeg_base_0p05,v2n_reference,0.05,,,,user_center_alpha_2p0,V1-profile-dynamic-gated_cross_attention,0.636986301369863,0.6200371387871388,0.636986301369863,0.6096009700176366,584,30,26,0.6041196563852814,0.6006272431272431,0.6040124450166291,26
V2-O,V2M-two_stage_user_local_reranker-v1,protocol_a_rollv2_cv3,2,2027,V2H-local-real,True,real_eeg,hist_gate_floor0p25_cap5_base0p05,history_reliability,0.05,0.25,5.0,,user_center_alpha_2p0,V1-profile-dynamic-gated_cross_attention,0.636986301369863,0.6200371387871388,0.636986301369863,0.6096009700176366,584,30,26,0.6041196563852814,0.6006272431272431,0.6040124450166291,26
V2-O,V2M-two_stage_user_local_reranker-v1,protocol_a_rollv2_cv3,2,2027,V2H-local-real,True,real_eeg,hist_gate_floor0p25_cap10_base0p05,history_reliability,0.05,0.25,10.0,,user_center_alpha_2p0,V1-profile-dynamic-gated_cross_attention,0.636986301369863,0.6200371387871388,0.636986301369863,0.6096009700176366,584,30,26,0.6041196563852814,0.6006272431272431,0.6040124450166291,26
V2-O,V2M-two_stage_user_local_reranker-v1,protocol_a_rollv2_cv3,2,2027,V2H-local-real,True,real_eeg,hist_gate_floor0p25_cap20_base0p05,history_reliability,0.05,0.25,20.0,,user_center_alpha_2p0,V1-profile-dynamic-gated_cross_attention,0.636986301369863,0.6200371387871388,0.636986301369863,0.6096009700176366,584,30,26,0.6041196563852814,0.6006272431272431,0.6040124450166291,26
V2-O,V2M-two_stage_user_local_reranker-v1,protocol_a_rollv2_cv3,2,2027,V2H-local-real,True,real_eeg,hist_gate_floor0p50_cap10_base0p05,history_reliability,0.05,0.5,10.0,,user_center_alpha_2p0,V1-profile-dynamic-gated_cross_attention,0.636986301369863,0.6200371387871388,0.636986301369863,0.6096009700176366,584,30,26,0.6041196563852814,0.6006272431272431,0.6040124450166291,26
V2-O,V2M-two_stage_user_local_reranker-v1,protocol_a_rollv2_cv3,2,2027,V2H-local-real,True,real_eeg,session_rank_eeg_base0p05,session_block_listwise,0.05,,,,user_center_alpha_2p0,V1-profile-dynamic-gated_cross_attention,0.6386986301369864,0.6235093610093612,0.6386986301369864,0.6144620811287478,584,30,26,0.6224659541847043,0.619545547045547,0.5926581554196617,26
V2-O,V2M-two_stage_user_local_reranker-v1,protocol_a_rollv2_cv3,2,2027,V2H-local-real,True,real_eeg,session_rank_eeg_base0p10,session_block_listwise,0.1,,,,user_center_alpha_2p0,V1-profile-dynamic-gated_cross_attention,0.6386986301369864,0.6235093610093612,0.6386986301369864,0.6144620811287478,584,30,26,0.6265786773989899,0.6240098327598328,0.5947502056288667,26
V2-O,V2M-two_stage_user_local_reranker-v1,protocol_a_rollv2_cv3,2,2027,V2H-local-real,True,real_eeg,session_z_eeg_base0p05,session_block_listwise,0.05,,,,user_center_alpha_2p0,V1-profile-dynamic-gated_cross_attention,0.6386986301369864,0.6207875457875459,0.6386986301369864,0.6102513227513227,584,30,26,0.6222773493867244,0.6186804861804862,0.5847369738583128,26
V2-O,V2M-two_stage_user_local_reranker-v1,protocol_a_rollv2_cv3,2,2027,V2H-local-real,True,real_eeg,session_z_eeg_base0p10,session_block_listwise,0.1,,,,user_center_alpha_2p0,V1-profile-dynamic-gated_cross_attention,0.6352739726027398,0.6182234432234434,0.6352739726027398,0.6020767195767196,584,30,26,0.6195690160533911,0.6161163836163837,0.5866680971283481,26
V2-O,V2M-two_stage_user_local_reranker-v1,protocol_a_rollv2_cv3,2,2027,V2H-local-real,True,real_eeg,agreement_gate0p10_base0p05,eeg_base_agreement,0.05,,,0.1,user_center_alpha_2p0,V1-profile-dynamic-gated_cross_attention,0.6386986301369864,0.6159976597476599,0.6386986301369864,0.6061000881834215,584,30,26,0.6003309884559884,0.5969818144818144,0.6085183993133784,26
V2-O,V2M-two_stage_user_local_reranker-v1,protocol_a_rollv2_cv3,2,2027,V2H-local-real,True,real_eeg,agreement_gate0p25_base0p05,eeg_base_agreement,0.05,,,0.25,user_center_alpha_2p0,V1-profile-dynamic-gated_cross_attention,0.6318493150684932,0.6110653235653236,0.6318493150684932,0.6018253968253968,584,30,26,0.5992074765512265,0.596010101010101,0.6128455458999392,26
V2-O,V2M-two_stage_user_local_reranker-v1,protocol_a_rollv2_cv3,2,2027,V2H-local-real,True,real_eeg,sqrt_margin_eeg_base0p05,margin_shrinkage,0.05,,,,user_center_alpha_2p0,V1-profile-dynamic-gated_cross_attention,0.6352739726027398,0.6183836996336998,0.6352739726027398,0.6022156084656085,584,30,26,0.6014397321428572,0.5990182040182039,0.6056932374924007,26
V2-O,V2M-two_stage_user_local_reranker-v1,protocol_a_rollv2_cv3,3,2027,V2H-local-real,True,real_eeg,eeg_only,baseline,0.0,,,,user_center_alpha_2p0,V1-profile-dynamic-gated_cross_attention,0.6359223300970874,0.6471794854731517,0.6359223300970874,0.6328564160707019,618,28,24,0.6521389934851474,0.6566173178673179,0.5633926609536366,24
V2-O,V2M-two_stage_user_local_reranker-v1,protocol_a_rollv2_cv3,3,2027,V2H-local-real,True,real_eeg,v2n_eeg_base_0p05,v2n_reference,0.05,,,,user_center_alpha_2p0,V1-profile-dynamic-gated_cross_attention,0.6407766990291263,0.6645736653673315,0.6407766990291263,0.6477657131228559,618,28,24,0.6610592399053937,0.6753507834757834,0.5646744305280891,24
V2-O,V2M-two_stage_user_local_reranker-v1,protocol_a_rollv2_cv3,3,2027,V2H-local-real,True,real_eeg,hist_gate_floor0p25_cap5_base0p05,history_reliability,0.05,0.25,5.0,,user_center_alpha_2p0,V1-profile-dynamic-gated_cross_attention,0.6407766990291263,0.6645736653673315,0.6407766990291263,0.6477657131228559,618,28,24,0.6610592399053937,0.6753507834757834,0.5646744305280891,24
V2-O,V2M-two_stage_user_local_reranker-v1,protocol_a_rollv2_cv3,3,2027,V2H-local-real,True,real_eeg,hist_gate_floor0p25_cap10_base0p05,history_reliability,0.05,0.25,10.0,,user_center_alpha_2p0,V1-profile-dynamic-gated_cross_attention,0.6407766990291263,0.6645736653673315,0.6407766990291263,0.6477657131228559,618,28,24,0.6610592399053937,0.6753507834757834,0.5646744305280891,24
V2-O,V2M-two_stage_user_local_reranker-v1,protocol_a_rollv2_cv3,3,2027,V2H-local-real,True,real_eeg,hist_gate_floor0p25_cap20_base0p05,history_reliability,0.05,0.25,20.0,,user_center_alpha_2p0,V1-profile-dynamic-gated_cross_attention,0.6407766990291263,0.6645736653673315,0.6407766990291263,0.6477657131228559,618,28,24,0.6610592399053937,0.6753507834757834,0.5646744305280891,24
V2-O,V2M-two_stage_user_local_reranker-v1,protocol_a_rollv2_cv3,3,2027,V2H-local-real,True,real_eeg,hist_gate_floor0p50_cap10_base0p05,history_reliability,0.05,0.5,10.0,,user_center_alpha_2p0,V1-profile-dynamic-gated_cross_attention,0.6407766990291263,0.6645736653673315,0.6407766990291263,0.6477657131228559,618,28,24,0.6610592399053937,0.6753507834757834,0.5646744305280891,24
V2-O,V2M-two_stage_user_local_reranker-v1,protocol_a_rollv2_cv3,3,2027,V2H-local-real,True,real_eeg,session_rank_eeg_base0p05,session_block_listwise,0.05,,,,user_center_alpha_2p0,V1-profile-dynamic-gated_cross_attention,0.6359223300970874,0.6471794854731517,0.6359223300970874,0.6328564160707019,618,28,24,0.6403285816747355,0.6462971018179352,0.6003076246978686,24
V2-O,V2M-two_stage_user_local_reranker-v1,protocol_a_rollv2_cv3,3,2027,V2H-local-real,True,real_eeg,session_rank_eeg_base0p10,session_block_listwise,0.1,,,,user_center_alpha_2p0,V1-profile-dynamic-gated_cross_attention,0.6359223300970874,0.6471794854731517,0.6359223300970874,0.6328564160707019,618,28,24,0.6391922180383719,0.6452554351512685,0.6013147293635099,24
V2-O,V2M-two_stage_user_local_reranker-v1,protocol_a_rollv2_cv3,3,2027,V2H-local-real,True,real_eeg,session_z_eeg_base0p05,session_block_listwise,0.05,,,,user_center_alpha_2p0,V1-profile-dynamic-gated_cross_attention,0.6440129449838188,0.6686913124261551,0.6440129449838188,0.6521704750276179,618,28,24,0.6524484062945602,0.6685248355040022,0.6027246758954077,24
V2-O,V2M-two_stage_user_local_reranker-v1,protocol_a_rollv2_cv3,3,2027,V2H-local-real,True,real_eeg,session_z_eeg_base0p10,session_block_listwise,0.1,,,,user_center_alpha_2p0,V1-profile-dynamic-gated_cross_attention,0.6407766990291263,0.6658178741360501,0.6407766990291263,0.6497075279218137,618,28,24,0.64772960140093,0.6653736194361194,0.6038599575184941,24
V2-O,V2M-two_stage_user_local_reranker-v1,protocol_a_rollv2_cv3,3,2027,V2H-local-real,True,real_eeg,agreement_gate0p10_base0p05,eeg_base_agreement,0.05,,,0.1,user_center_alpha_2p0,V1-profile-dynamic-gated_cross_attention,0.6456310679611651,0.6689622354602359,0.6456310679611651,0.6525071225071226,618,28,24,0.663838618646311,0.6787362637362637,0.5678239214824581,24
V2-O,V2M-two_stage_user_local_reranker-v1,protocol_a_rollv2_cv3,3,2027,V2H-local-real,True,real_eeg,agreement_gate0p25_base0p05,eeg_base_agreement,0.05,,,0.25,user_center_alpha_2p0,V1-profile-dynamic-gated_cross_attention,0.6537216828478964,0.681284925866808,0.6537216828478964,0.6636465782894355,618,28,24,0.6717779015855939,0.6869924365757699,0.5715959862301325,24
V2-O,V2M-two_stage_user_local_reranker-v1,protocol_a_rollv2_cv3,3,2027,V2H-local-real,True,real_eeg,sqrt_margin_eeg_base0p05,margin_shrinkage,0.05,,,,user_center_alpha_2p0,V1-profile-dynamic-gated_cross_attention,0.6456310679611651,0.6702023438330199,0.6456310679611651,0.6534656448049306,618,28,24,0.663326630634323,0.6789153863112197,0.5667252618472131,24
V2-O,V2M-two_stage_user_local_reranker-v1,protocol_a_rollv2_cv3,1,2028,V2H-local-real,True,real_eeg,eeg_only,baseline,0.0,,,,user_center_alpha_2p0,V1-profile-dynamic-gated_cross_attention,0.725752508361204,0.746137308458737,0.725752508361204,0.7695288943860373,598,35,28,0.7242681613577137,0.7235508572115714,0.5783061437001041,28
V2-O,V2M-two_stage_user_local_reranker-v1,protocol_a_rollv2_cv3,1,2028,V2H-local-real,True,real_eeg,v2n_eeg_base_0p05,v2n_reference,0.05,,,,user_center_alpha_2p0,V1-profile-dynamic-gated_cross_attention,0.725752508361204,0.746160929018072,0.725752508361204,0.7695477908335051,598,35,28,0.7252217268635179,0.7244248179069608,0.578965636931621,28
V2-O,V2M-two_stage_user_local_reranker-v1,protocol_a_rollv2_cv3,1,2028,V2H-local-real,True,real_eeg,hist_gate_floor0p25_cap5_base0p05,history_reliability,0.05,0.25,5.0,,user_center_alpha_2p0,V1-profile-dynamic-gated_cross_attention,0.725752508361204,0.746160929018072,0.725752508361204,0.7695477908335051,598,35,28,0.7252217268635179,0.7244248179069608,0.578965636931621,28
V2-O,V2M-two_stage_user_local_reranker-v1,protocol_a_rollv2_cv3,1,2028,V2H-local-real,True,real_eeg,hist_gate_floor0p25_cap10_base0p05,history_reliability,0.05,0.25,10.0,,user_center_alpha_2p0,V1-profile-dynamic-gated_cross_attention,0.725752508361204,0.746160929018072,0.725752508361204,0.7695477908335051,598,35,28,0.7252217268635179,0.7244248179069608,0.578965636931621,28
V2-O,V2M-two_stage_user_local_reranker-v1,protocol_a_rollv2_cv3,1,2028,V2H-local-real,True,real_eeg,hist_gate_floor0p25_cap20_base0p05,history_reliability,0.05,0.25,20.0,,user_center_alpha_2p0,V1-profile-dynamic-gated_cross_attention,0.725752508361204,0.746160929018072,0.725752508361204,0.7695477908335051,598,35,28,0.7252217268635179,0.7244248179069608,0.578965636931621,28
V2-O,V2M-two_stage_user_local_reranker-v1,protocol_a_rollv2_cv3,1,2028,V2H-local-real,True,real_eeg,hist_gate_floor0p50_cap10_base0p05,history_reliability,0.05,0.5,10.0,,user_center_alpha_2p0,V1-profile-dynamic-gated_cross_attention,0.725752508361204,0.746160929018072,0.725752508361204,0.7695477908335051,598,35,28,0.7252217268635179,0.7244248179069608,0.578965636931621,28
V2-O,V2M-two_stage_user_local_reranker-v1,protocol_a_rollv2_cv3,1,2028,V2H-local-real,True,real_eeg,session_rank_eeg_base0p05,session_block_listwise,0.05,,,,user_center_alpha_2p0,V1-profile-dynamic-gated_cross_attention,0.725752508361204,0.746137308458737,0.725752508361204,0.7695288943860373,598,35,28,0.7182727057353924,0.7169457757850617,0.6666435265532802,28
V2-O,V2M-two_stage_user_local_reranker-v1,protocol_a_rollv2_cv3,1,2028,V2H-local-real,True,real_eeg,session_rank_eeg_base0p10,session_block_listwise,0.1,,,,user_center_alpha_2p0,V1-profile-dynamic-gated_cross_attention,0.725752508361204,0.746137308458737,0.725752508361204,0.7695288943860373,598,35,28,0.7178771725786652,0.7163131742596028,0.6660187434918431,28
V2-O,V2M-two_stage_user_local_reranker-v1,protocol_a_rollv2_cv3,1,2028,V2H-local-real,True,real_eeg,session_z_eeg_base0p05,session_block_listwise,0.05,,,,user_center_alpha_2p0,V1-profile-dynamic-gated_cross_attention,0.7290969899665551,0.7494347385418816,0.7290969899665551,0.7721668384525527,598,35,28,0.7208927225345136,0.7204504440665157,0.6819507115584866,28
V2-O,V2M-two_stage_user_local_reranker-v1,protocol_a_rollv2_cv3,1,2028,V2H-local-real,True,real_eeg,session_z_eeg_base0p10,session_block_listwise,0.1,,,,user_center_alpha_2p0,V1-profile-dynamic-gated_cross_attention,0.7290969899665551,0.7497323575895004,0.7290969899665551,0.772404933690648,598,35,28,0.7220121255195883,0.7215133692365836,0.6806664352655328,28
V2-O,V2M-two_stage_user_local_reranker-v1,protocol_a_rollv2_cv3,1,2028,V2H-local-real,True,real_eeg,agreement_gate0p10_base0p05,eeg_base_agreement,0.05,,,0.1,user_center_alpha_2p0,V1-profile-dynamic-gated_cross_attention,0.7357859531772575,0.7696728337799768,0.7357859531772575,0.7895477908335052,598,35,28,0.7312570265555342,0.7302354755033329,0.5797292606733773,28
V2-O,V2M-two_stage_user_local_reranker-v1,protocol_a_rollv2_cv3,1,2028,V2H-local-real,True,real_eeg,agreement_gate0p25_base0p05,eeg_base_agreement,0.05,,,0.25,user_center_alpha_2p0,V1-profile-dynamic-gated_cross_attention,0.7307692307692307,0.7618931135002563,0.7307692307692307,0.7823472136329279,598,35,28,0.7218120436777153,0.7214692417370989,0.5803193335647345,28
V2-O,V2M-two_stage_user_local_reranker-v1,protocol_a_rollv2_cv3,1,2028,V2H-local-real,True,real_eeg,sqrt_margin_eeg_base0p05,margin_shrinkage,0.05,,,,user_center_alpha_2p0,V1-profile-dynamic-gated_cross_attention,0.7274247491638796,0.764613309970453,0.7274247491638796,0.7843096955954099,598,35,28,0.7270246171738709,0.7262388768638769,0.5799028115237764,28
V2-O,V2M-two_stage_user_local_reranker-v1,protocol_a_rollv2_cv3,2,2028,V2H-local-real,True,real_eeg,eeg_only,baseline,0.0,,,,user_center_alpha_2p0,V1-profile-dynamic-gated_cross_attention,0.660958904109589,0.6519307081807082,0.660958904109589,0.6451785714285715,584,30,26,0.630915404040404,0.6295780608280608,0.5925329900225298,26
V2-O,V2M-two_stage_user_local_reranker-v1,protocol_a_rollv2_cv3,2,2028,V2H-local-real,True,real_eeg,v2n_eeg_base_0p05,v2n_reference,0.05,,,,user_center_alpha_2p0,V1-profile-dynamic-gated_cross_attention,0.6592465753424658,0.6511116198616199,0.6592465753424658,0.6444686948853615,584,30,26,0.6300647095959596,0.6287589725089725,0.5933555054893966,26
V2-O,V2M-two_stage_user_local_reranker-v1,protocol_a_rollv2_cv3,2,2028,V2H-local-real,True,real_eeg,hist_gate_floor0p25_cap5_base0p05,history_reliability,0.05,0.25,5.0,,user_center_alpha_2p0,V1-profile-dynamic-gated_cross_attention,0.6592465753424658,0.6511116198616199,0.6592465753424658,0.6444686948853615,584,30,26,0.6300647095959596,0.6287589725089725,0.5933555054893966,26
V2-O,V2M-two_stage_user_local_reranker-v1,protocol_a_rollv2_cv3,2,2028,V2H-local-real,True,real_eeg,hist_gate_floor0p25_cap10_base0p05,history_reliability,0.05,0.25,10.0,,user_center_alpha_2p0,V1-profile-dynamic-gated_cross_attention,0.6592465753424658,0.6511116198616199,0.6592465753424658,0.6444686948853615,584,30,26,0.6300647095959596,0.6287589725089725,0.5933555054893966,26
V2-O,V2M-two_stage_user_local_reranker-v1,protocol_a_rollv2_cv3,2,2028,V2H-local-real,True,real_eeg,hist_gate_floor0p25_cap20_base0p05,history_reliability,0.05,0.25,20.0,,user_center_alpha_2p0,V1-profile-dynamic-gated_cross_attention,0.6592465753424658,0.6511116198616199,0.6592465753424658,0.6444686948853615,584,30,26,0.6300647095959596,0.6287589725089725,0.5933555054893966,26
V2-O,V2M-two_stage_user_local_reranker-v1,protocol_a_rollv2_cv3,2,2028,V2H-local-real,True,real_eeg,hist_gate_floor0p50_cap10_base0p05,history_reliability,0.05,0.5,10.0,,user_center_alpha_2p0,V1-profile-dynamic-gated_cross_attention,0.6592465753424658,0.6511116198616199,0.6592465753424658,0.6444686948853615,584,30,26,0.6300647095959596,0.6287589725089725,0.5933555054893966,26
V2-O,V2M-two_stage_user_local_reranker-v1,protocol_a_rollv2_cv3,2,2028,V2H-local-real,True,real_eeg,session_rank_eeg_base0p05,session_block_listwise,0.05,,,,user_center_alpha_2p0,V1-profile-dynamic-gated_cross_attention,0.660958904109589,0.6519307081807082,0.660958904109589,0.6451785714285715,584,30,26,0.6497378923160173,0.6493571706071707,0.6088402531917175,26
V2-O,V2M-two_stage_user_local_reranker-v1,protocol_a_rollv2_cv3,2,2028,V2H-local-real,True,real_eeg,session_rank_eeg_base0p10,session_block_listwise,0.1,,,,user_center_alpha_2p0,V1-profile-dynamic-gated_cross_attention,0.6601027397260274,0.6512896825396826,0.6601027397260274,0.644623015873016,584,30,26,0.650154558982684,0.6496776834276835,0.6115402496155634,26
V2-O,V2M-two_stage_user_local_reranker-v1,protocol_a_rollv2_cv3,2,2028,V2H-local-real,True,real_eeg,session_z_eeg_base0p05,session_block_listwise,0.05,,,,user_center_alpha_2p0,V1-profile-dynamic-gated_cross_attention,0.6558219178082192,0.6474486161986163,0.6558219178082192,0.6412940917107584,584,30,26,0.6387232819264069,0.6374606874606875,0.5981117905804099,26
V2-O,V2M-two_stage_user_local_reranker-v1,protocol_a_rollv2_cv3,2,2028,V2H-local-real,True,real_eeg,session_z_eeg_base0p10,session_block_listwise,0.1,,,,user_center_alpha_2p0,V1-profile-dynamic-gated_cross_attention,0.6575342465753424,0.6480413105413105,0.6575342465753424,0.6378262786596121,584,30,26,0.6422812950937952,0.6393597143597144,0.5993634445517291,26
V2-O,V2M-two_stage_user_local_reranker-v1,protocol_a_rollv2_cv3,2,2028,V2H-local-real,True,real_eeg,agreement_gate0p10_base0p05,eeg_base_agreement,0.05,,,0.1,user_center_alpha_2p0,V1-profile-dynamic-gated_cross_attention,0.6626712328767124,0.6408602971102971,0.6626712328767124,0.6355842151675486,584,30,26,0.6191355519480519,0.6152830965330965,0.5960733826842614,26
V2-O,V2M-two_stage_user_local_reranker-v1,protocol_a_rollv2_cv3,2,2028,V2H-local-real,True,real_eeg,agreement_gate0p25_base0p05,eeg_base_agreement,0.05,,,0.25,user_center_alpha_2p0,V1-profile-dynamic-gated_cross_attention,0.6523972602739726,0.6385454822954822,0.6523972602739726,0.6409854497354498,584,30,26,0.6140636273448774,0.6111749361749361,0.5978256982441083,26
V2-O,V2M-two_stage_user_local_reranker-v1,protocol_a_rollv2_cv3,2,2028,V2H-local-real,True,real_eeg,sqrt_margin_eeg_base0p05,margin_shrinkage,0.05,,,,user_center_alpha_2p0,V1-profile-dynamic-gated_cross_attention,0.660958904109589,0.6485169922669924,0.660958904109589,0.6394422398589065,584,30,26,0.6278624413780663,0.6245929995929996,0.5941422594142259,26
V2-O,V2M-two_stage_user_local_reranker-v1,protocol_a_rollv2_cv3,3,2028,V2H-local-real,True,real_eeg,eeg_only,baseline,0.0,,,,user_center_alpha_2p0,V1-profile-dynamic-gated_cross_attention,0.6537216828478964,0.6478039692827813,0.6537216828478964,0.6543356246927675,618,28,24,0.6634221256598879,0.6647462799546133,0.5586318025342415,24
V2-O,V2M-two_stage_user_local_reranker-v1,protocol_a_rollv2_cv3,3,2028,V2H-local-real,True,real_eeg,v2n_eeg_base_0p05,v2n_reference,0.05,,,,user_center_alpha_2p0,V1-profile-dynamic-gated_cross_attention,0.6553398058252428,0.650118784097596,0.6553398058252428,0.6563197516768945,618,28,24,0.662528574766337,0.6642833169916503,0.5598769501208526,24
V2-O,V2M-two_stage_user_local_reranker-v1,protocol_a_rollv2_cv3,3,2028,V2H-local-real,True,real_eeg,hist_gate_floor0p25_cap5_base0p05,history_reliability,0.05,0.25,5.0,,user_center_alpha_2p0,V1-profile-dynamic-gated_cross_attention,0.6553398058252428,0.650118784097596,0.6553398058252428,0.6563197516768945,618,28,24,0.662528574766337,0.6642833169916503,0.5598769501208526,24
V2-O,V2M-two_stage_user_local_reranker-v1,protocol_a_rollv2_cv3,3,2028,V2H-local-real,True,real_eeg,hist_gate_floor0p25_cap10_base0p05,history_reliability,0.05,0.25,10.0,,user_center_alpha_2p0,V1-profile-dynamic-gated_cross_attention,0.6553398058252428,0.650118784097596,0.6553398058252428,0.6563197516768945,618,28,24,0.662528574766337,0.6642833169916503,0.5598769501208526,24
V2-O,V2M-two_stage_user_local_reranker-v1,protocol_a_rollv2_cv3,3,2028,V2H-local-real,True,real_eeg,hist_gate_floor0p25_cap20_base0p05,history_reliability,0.05,0.25,20.0,,user_center_alpha_2p0,V1-profile-dynamic-gated_cross_attention,0.6553398058252428,0.650118784097596,0.6553398058252428,0.6563197516768945,618,28,24,0.662528574766337,0.6642833169916503,0.5598769501208526,24
V2-O,V2M-two_stage_user_local_reranker-v1,protocol_a_rollv2_cv3,3,2028,V2H-local-real,True,real_eeg,hist_gate_floor0p50_cap10_base0p05,history_reliability,0.05,0.5,10.0,,user_center_alpha_2p0,V1-profile-dynamic-gated_cross_attention,0.6553398058252428,0.650118784097596,0.6553398058252428,0.6563197516768945,618,28,24,0.662528574766337,0.6642833169916503,0.5598769501208526,24
V2-O,V2M-two_stage_user_local_reranker-v1,protocol_a_rollv2_cv3,3,2028,V2H-local-real,True,real_eeg,session_rank_eeg_base0p05,session_block_listwise,0.05,,,,user_center_alpha_2p0,V1-profile-dynamic-gated_cross_attention,0.6537216828478964,0.6478039692827813,0.6537216828478964,0.6543356246927675,618,28,24,0.6477960850338473,0.6501381450339784,0.6139859371566688,24
V2-O,V2M-two_stage_user_local_reranker-v1,protocol_a_rollv2_cv3,3,2028,V2H-local-real,True,real_eeg,session_rank_eeg_base0p10,session_block_listwise,0.1,,,,user_center_alpha_2p0,V1-profile-dynamic-gated_cross_attention,0.6537216828478964,0.6478039692827813,0.6537216828478964,0.6543356246927675,618,28,24,0.6485730858108482,0.6509097499722499,0.6145352669742914,24
V2-O,V2M-two_stage_user_local_reranker-v1,protocol_a_rollv2_cv3,3,2028,V2H-local-real,True,real_eeg,session_z_eeg_base0p05,session_block_listwise,0.05,,,,user_center_alpha_2p0,V1-profile-dynamic-gated_cross_attention,0.656957928802589,0.6516619939741393,0.656957928802589,0.6576425029996458,618,28,24,0.6630766378144001,0.6660028937112271,0.6094631216582436,24
V2-O,V2M-two_stage_user_local_reranker-v1,protocol_a_rollv2_cv3,3,2028,V2H-local-real,True,real_eeg,session_z_eeg_base0p10,session_block_listwise,0.1,,,,user_center_alpha_2p0,V1-profile-dynamic-gated_cross_attention,0.6553398058252428,0.6510369939741393,0.6553398058252428,0.6571067887139315,618,28,24,0.6574780697158319,0.6598967429175763,0.610451915329964,24
V2-O,V2M-two_stage_user_local_reranker-v1,protocol_a_rollv2_cv3,3,2028,V2H-local-real,True,real_eeg,agreement_gate0p10_base0p05,eeg_base_agreement,0.05,,,0.1,user_center_alpha_2p0,V1-profile-dynamic-gated_cross_attention,0.6407766990291263,0.633879574188043,0.6407766990291263,0.640781031138174,618,28,24,0.6454107178757529,0.6478909208075875,0.5633560389657951,24
V2-O,V2M-two_stage_user_local_reranker-v1,protocol_a_rollv2_cv3,3,2028,V2H-local-real,True,real_eeg,agreement_gate0p25_base0p05,eeg_base_agreement,0.05,,,0.25,user_center_alpha_2p0,V1-profile-dynamic-gated_cross_attention,0.6423948220064725,0.6394729156913109,0.6423948220064725,0.638638173995317,618,28,24,0.6518473368123717,0.6548276492026492,0.5699846187651065,24
V2-O,V2M-two_stage_user_local_reranker-v1,protocol_a_rollv2_cv3,3,2028,V2H-local-real,True,real_eeg,sqrt_margin_eeg_base0p05,margin_shrinkage,0.05,,,,user_center_alpha_2p0,V1-profile-dynamic-gated_cross_attention,0.6601941747572816,0.6687560110681563,0.6601941747572816,0.6715504700326129,618,28,24,0.6731802094564332,0.6841358217399884,0.5618545374642936,24
V2-O,V2M-two_stage_user_local_reranker-v1,protocol_a_rollv2_cv3,1,2029,V2H-local-real,True,real_eeg,eeg_only,baseline,0.0,,,,user_center_alpha_2p0,V1-profile-dynamic-gated_cross_attention,0.717391304347826,0.7316908455301314,0.717391304347826,0.7569796605510891,598,35,28,0.7199800779651525,0.7194634697313268,0.5839291912530371,28
V2-O,V2M-two_stage_user_local_reranker-v1,protocol_a_rollv2_cv3,1,2029,V2H-local-real,True,real_eeg,v2n_eeg_base_0p05,v2n_reference,0.05,,,,user_center_alpha_2p0,V1-profile-dynamic-gated_cross_attention,0.7140468227424749,0.7278063371813372,0.7140468227424749,0.7538720538720539,598,35,28,0.7159240593568952,0.7155789613825329,0.5842068726136758,28
V2-O,V2M-two_stage_user_local_reranker-v1,protocol_a_rollv2_cv3,1,2029,V2H-local-real,True,real_eeg,hist_gate_floor0p25_cap5_base0p05,history_reliability,0.05,0.25,5.0,,user_center_alpha_2p0,V1-profile-dynamic-gated_cross_attention,0.7140468227424749,0.7278063371813372,0.7140468227424749,0.7538720538720539,598,35,28,0.7159240593568952,0.7155789613825329,0.5842068726136758,28
V2-O,V2M-two_stage_user_local_reranker-v1,protocol_a_rollv2_cv3,1,2029,V2H-local-real,True,real_eeg,hist_gate_floor0p25_cap10_base0p05,history_reliability,0.05,0.25,10.0,,user_center_alpha_2p0,V1-profile-dynamic-gated_cross_attention,0.7140468227424749,0.7278063371813372,0.7140468227424749,0.7538720538720539,598,35,28,0.7159240593568952,0.7155789613825329,0.5842068726136758,28
V2-O,V2M-two_stage_user_local_reranker-v1,protocol_a_rollv2_cv3,1,2029,V2H-local-real,True,real_eeg,hist_gate_floor0p25_cap20_base0p05,history_reliability,0.05,0.25,20.0,,user_center_alpha_2p0,V1-profile-dynamic-gated_cross_attention,0.7140468227424749,0.7278063371813372,0.7140468227424749,0.7538720538720539,598,35,28,0.7159240593568952,0.7155789613825329,0.5842068726136758,28
V2-O,V2M-two_stage_user_local_reranker-v1,protocol_a_rollv2_cv3,1,2029,V2H-local-real,True,real_eeg,hist_gate_floor0p50_cap10_base0p05,history_reliability,0.05,0.5,10.0,,user_center_alpha_2p0,V1-profile-dynamic-gated_cross_attention,0.7140468227424749,0.7278063371813372,0.7140468227424749,0.7538720538720539,598,35,28,0.7159240593568952,0.7155789613825329,0.5842068726136758,28
V2-O,V2M-two_stage_user_local_reranker-v1,protocol_a_rollv2_cv3,1,2029,V2H-local-real,True,real_eeg,session_rank_eeg_base0p05,session_block_listwise,0.05,,,,user_center_alpha_2p0,V1-profile-dynamic-gated_cross_attention,0.717391304347826,0.7316908455301314,0.717391304347826,0.7569796605510891,598,35,28,0.7078984945402856,0.7052076461897893,0.6597882679625131,28
V2-O,V2M-two_stage_user_local_reranker-v1,protocol_a_rollv2_cv3,1,2029,V2H-local-real,True,real_eeg,session_rank_eeg_base0p10,session_block_listwise,0.1,,,,user_center_alpha_2p0,V1-profile-dynamic-gated_cross_attention,0.717391304347826,0.7316908455301314,0.717391304347826,0.7569796605510891,598,35,28,0.7082834744028774,0.7055336099086099,0.6594064560916348,28
V2-O,V2M-two_stage_user_local_reranker-v1,protocol_a_rollv2_cv3,1,2029,V2H-local-real,True,real_eeg,session_z_eeg_base0p05,session_block_listwise,0.05,,,,user_center_alpha_2p0,V1-profile-dynamic-gated_cross_attention,0.7107023411371237,0.7198036916786917,0.7107023411371237,0.7474699374699375,598,35,28,0.7027228575736039,0.7006790910808769,0.6673377299548768,28
V2-O,V2M-two_stage_user_local_reranker-v1,protocol_a_rollv2_cv3,1,2029,V2H-local-real,True,real_eeg,session_z_eeg_base0p10,session_block_listwise,0.1,,,,user_center_alpha_2p0,V1-profile-dynamic-gated_cross_attention,0.7040133779264214,0.7302605132962278,0.7040133779264214,0.7544465058750773,598,35,28,0.7009993323426159,0.6996060090702949,0.6665046858729607,28
V2-O,V2M-two_stage_user_local_reranker-v1,protocol_a_rollv2_cv3,1,2029,V2H-local-real,True,real_eeg,agreement_gate0p10_base0p05,eeg_base_agreement,0.05,,,0.1,user_center_alpha_2p0,V1-profile-dynamic-gated_cross_attention,0.717391304347826,0.7427674177674178,0.717391304347826,0.7654593554593555,598,35,28,0.7194633972992183,0.718904306672164,0.5851787573759111,28
V2-O,V2M-two_stage_user_local_reranker-v1,protocol_a_rollv2_cv3,1,2029,V2H-local-real,True,real_eeg,agreement_gate0p25_base0p05,eeg_base_agreement,0.05,,,0.25,user_center_alpha_2p0,V1-profile-dynamic-gated_cross_attention,0.7140468227424749,0.7370439745439746,0.7140468227424749,0.7551418951418952,598,35,28,0.7121816243458035,0.7126813629492201,0.5862200624783062,28
V2-O,V2M-two_stage_user_local_reranker-v1,protocol_a_rollv2_cv3,1,2029,V2H-local-real,True,real_eeg,sqrt_margin_eeg_base0p05,margin_shrinkage,0.05,,,,user_center_alpha_2p0,V1-profile-dynamic-gated_cross_attention,0.7090301003344481,0.7380741943241944,0.7090301003344481,0.7614911014911014,598,35,28,0.712492408089423,0.7117807754414898,0.5846581048247136,28
V2-O,V2M-two_stage_user_local_reranker-v1,protocol_a_rollv2_cv3,2,2029,V2H-local-real,True,real_eeg,eeg_only,baseline,0.0,,,,user_center_alpha_2p0,V1-profile-dynamic-gated_cross_attention,0.6626712328767124,0.6329705017205018,0.6626712328767124,0.616180254930255,584,30,26,0.6088724296536796,0.6081111943611943,0.5967528519829775,26
V2-O,V2M-two_stage_user_local_reranker-v1,protocol_a_rollv2_cv3,2,2029,V2H-local-real,True,real_eeg,v2n_eeg_base_0p05,v2n_reference,0.05,,,,user_center_alpha_2p0,V1-profile-dynamic-gated_cross_attention,0.6643835616438356,0.6338608151108152,0.6643835616438356,0.6164227593394259,584,30,26,0.6077179157647908,0.6071639009139009,0.5975396059078067,26
V2-O,V2M-two_stage_user_local_reranker-v1,protocol_a_rollv2_cv3,2,2029,V2H-local-real,True,real_eeg,hist_gate_floor0p25_cap5_base0p05,history_reliability,0.05,0.25,5.0,,user_center_alpha_2p0,V1-profile-dynamic-gated_cross_attention,0.6643835616438356,0.6338608151108152,0.6643835616438356,0.6164227593394259,584,30,26,0.6077179157647908,0.6071639009139009,0.5975396059078067,26
V2-O,V2M-two_stage_user_local_reranker-v1,protocol_a_rollv2_cv3,2,2029,V2H-local-real,True,real_eeg,hist_gate_floor0p25_cap10_base0p05,history_reliability,0.05,0.25,10.0,,user_center_alpha_2p0,V1-profile-dynamic-gated_cross_attention,0.6643835616438356,0.6338608151108152,0.6643835616438356,0.6164227593394259,584,30,26,0.6077179157647908,0.6071639009139009,0.5975396059078067,26
V2-O,V2M-two_stage_user_local_reranker-v1,protocol_a_rollv2_cv3,2,2029,V2H-local-real,True,real_eeg,hist_gate_floor0p25_cap20_base0p05,history_reliability,0.05,0.25,20.0,,user_center_alpha_2p0,V1-profile-dynamic-gated_cross_attention,0.6643835616438356,0.6338608151108152,0.6643835616438356,0.6164227593394259,584,30,26,0.6077179157647908,0.6071639009139009,0.5975396059078067,26
V2-O,V2M-two_stage_user_local_reranker-v1,protocol_a_rollv2_cv3,2,2029,V2H-local-real,True,real_eeg,hist_gate_floor0p50_cap10_base0p05,history_reliability,0.05,0.5,10.0,,user_center_alpha_2p0,V1-profile-dynamic-gated_cross_attention,0.6643835616438356,0.6338608151108152,0.6643835616438356,0.6164227593394259,584,30,26,0.6077179157647908,0.6071639009139009,0.5975396059078067,26
V2-O,V2M-two_stage_user_local_reranker-v1,protocol_a_rollv2_cv3,2,2029,V2H-local-real,True,real_eeg,session_rank_eeg_base0p05,session_block_listwise,0.05,,,,user_center_alpha_2p0,V1-profile-dynamic-gated_cross_attention,0.6626712328767124,0.6329705017205018,0.6626712328767124,0.616180254930255,584,30,26,0.629191580988456,0.6287534687534688,0.6055680720952688,26
V2-O,V2M-two_stage_user_local_reranker-v1,protocol_a_rollv2_cv3,2,2029,V2H-local-real,True,real_eeg,session_rank_eeg_base0p10,session_block_listwise,0.1,,,,user_center_alpha_2p0,V1-profile-dynamic-gated_cross_attention,0.660958904109589,0.6316884504384505,0.660958904109589,0.6150691438191438,584,30,26,0.629660330988456,0.6290739815739816,0.6083753531452276,26
V2-O,V2M-two_stage_user_local_reranker-v1,protocol_a_rollv2_cv3,2,2029,V2H-local-real,True,real_eeg,session_z_eeg_base0p05,session_block_listwise,0.05,,,,user_center_alpha_2p0,V1-profile-dynamic-gated_cross_attention,0.6626712328767124,0.6370226995226995,0.6626712328767124,0.6191630591630591,584,30,26,0.6344843524531025,0.6346402208902209,0.5972892751135429,26
V2-O,V2M-two_stage_user_local_reranker-v1,protocol_a_rollv2_cv3,2,2029,V2H-local-real,True,real_eeg,session_z_eeg_base0p10,session_block_listwise,0.1,,,,user_center_alpha_2p0,V1-profile-dynamic-gated_cross_attention,0.6712328767123288,0.6487900987900989,0.6712328767123288,0.6390836940836941,584,30,26,0.6437802128427128,0.6436541236541237,0.5992561599256159,26
V2-O,V2M-two_stage_user_local_reranker-v1,protocol_a_rollv2_cv3,2,2029,V2H-local-real,True,real_eeg,agreement_gate0p10_base0p05,eeg_base_agreement,0.05,,,0.1,user_center_alpha_2p0,V1-profile-dynamic-gated_cross_attention,0.6558219178082192,0.6273538961038961,0.6558219178082192,0.6107834295334296,584,30,26,0.5977897276334776,0.5969155844155843,0.6009011908593499,26
V2-O,V2M-two_stage_user_local_reranker-v1,protocol_a_rollv2_cv3,2,2029,V2H-local-real,True,real_eeg,agreement_gate0p25_base0p05,eeg_base_agreement,0.05,,,0.25,user_center_alpha_2p0,V1-profile-dynamic-gated_cross_attention,0.648972602739726,0.6191808191808192,0.648972602739726,0.6037000962000962,584,30,26,0.5908366026334776,0.5887425074925074,0.6055144297822123,26
V2-O,V2M-two_stage_user_local_reranker-v1,protocol_a_rollv2_cv3,2,2029,V2H-local-real,True,real_eeg,sqrt_margin_eeg_base0p05,margin_shrinkage,0.05,,,,user_center_alpha_2p0,V1-profile-dynamic-gated_cross_attention,0.666095890410959,0.6418303918303919,0.666095890410959,0.6233297258297258,584,30,26,0.6120297844516595,0.6116902541902541,0.5991846368415407,26
V2-O,V2M-two_stage_user_local_reranker-v1,protocol_a_rollv2_cv3,3,2029,V2H-local-real,True,real_eeg,eeg_only,baseline,0.0,,,,user_center_alpha_2p0,V1-profile-dynamic-gated_cross_attention,0.6779935275080906,0.6833061381868141,0.6779935275080906,0.6835537610537611,618,28,24,0.6886174625685115,0.6900620598537266,0.5928001171903611,24
V2-O,V2M-two_stage_user_local_reranker-v1,protocol_a_rollv2_cv3,3,2029,V2H-local-real,True,real_eeg,v2n_eeg_base_0p05,v2n_reference,0.05,,,,user_center_alpha_2p0,V1-profile-dynamic-gated_cross_attention,0.686084142394822,0.7058344586318013,0.686084142394822,0.7028637500066072,618,28,24,0.7007453987349092,0.7110526818860152,0.5940452647769721,24
V2-O,V2M-two_stage_user_local_reranker-v1,protocol_a_rollv2_cv3,3,2029,V2H-local-real,True,real_eeg,hist_gate_floor0p25_cap5_base0p05,history_reliability,0.05,0.25,5.0,,user_center_alpha_2p0,V1-profile-dynamic-gated_cross_attention,0.686084142394822,0.7058344586318013,0.686084142394822,0.7028637500066072,618,28,24,0.7007453987349092,0.7110526818860152,0.5940452647769721,24
V2-O,V2M-two_stage_user_local_reranker-v1,protocol_a_rollv2_cv3,3,2029,V2H-local-real,True,real_eeg,hist_gate_floor0p25_cap10_base0p05,history_reliability,0.05,0.25,10.0,,user_center_alpha_2p0,V1-profile-dynamic-gated_cross_attention,0.686084142394822,0.7058344586318013,0.686084142394822,0.7028637500066072,618,28,24,0.7007453987349092,0.7110526818860152,0.5940452647769721,24
V2-O,V2M-two_stage_user_local_reranker-v1,protocol_a_rollv2_cv3,3,2029,V2H-local-real,True,real_eeg,hist_gate_floor0p25_cap20_base0p05,history_reliability,0.05,0.25,20.0,,user_center_alpha_2p0,V1-profile-dynamic-gated_cross_attention,0.686084142394822,0.7058344586318013,0.686084142394822,0.7028637500066072,618,28,24,0.7007453987349092,0.7110526818860152,0.5940452647769721,24
V2-O,V2M-two_stage_user_local_reranker-v1,protocol_a_rollv2_cv3,3,2029,V2H-local-real,True,real_eeg,hist_gate_floor0p50_cap10_base0p05,history_reliability,0.05,0.5,10.0,,user_center_alpha_2p0,V1-profile-dynamic-gated_cross_attention,0.686084142394822,0.7058344586318013,0.686084142394822,0.7028637500066072,618,28,24,0.7007453987349092,0.7110526818860152,0.5940452647769721,24
V2-O,V2M-two_stage_user_local_reranker-v1,protocol_a_rollv2_cv3,3,2029,V2H-local-real,True,real_eeg,session_rank_eeg_base0p05,session_block_listwise,0.05,,,,user_center_alpha_2p0,V1-profile-dynamic-gated_cross_attention,0.6779935275080906,0.6833061381868141,0.6779935275080906,0.6835537610537611,618,28,24,0.6813760928271417,0.6842777785486119,0.6316377352962719,24
V2-O,V2M-two_stage_user_local_reranker-v1,protocol_a_rollv2_cv3,3,2029,V2H-local-real,True,real_eeg,session_rank_eeg_base0p10,session_block_listwise,0.1,,,,user_center_alpha_2p0,V1-profile-dynamic-gated_cross_attention,0.6771844660194175,0.6828326533383292,0.6771844660194175,0.6831479168979169,618,28,24,0.6796437342766014,0.6827626270334605,0.6313813813813813,24
V2-O,V2M-two_stage_user_local_reranker-v1,protocol_a_rollv2_cv3,3,2029,V2H-local-real,True,real_eeg,session_z_eeg_base0p05,session_block_listwise,0.05,,,,user_center_alpha_2p0,V1-profile-dynamic-gated_cross_attention,0.6844660194174758,0.7035196438169864,0.6844660194174758,0.7008796230224802,618,28,24,0.6943531798426904,0.7054447674239341,0.6408481652384092,24
V2-O,V2M-two_stage_user_local_reranker-v1,protocol_a_rollv2_cv3,3,2029,V2H-local-real,True,real_eeg,session_z_eeg_base0p10,session_block_listwise,0.1,,,,user_center_alpha_2p0,V1-profile-dynamic-gated_cross_attention,0.6828478964401294,0.7024779771503198,0.6828478964401294,0.699986765879623,618,28,24,0.6919930399825505,0.7033614340906008,0.6397128836153226,24
V2-O,V2M-two_stage_user_local_reranker-v1,protocol_a_rollv2_cv3,3,2029,V2H-local-real,True,real_eeg,agreement_gate0p10_base0p05,eeg_base_agreement,0.05,,,0.1,user_center_alpha_2p0,V1-profile-dynamic-gated_cross_attention,0.6828478964401294,0.7016042057584562,0.6828478964401294,0.6976947126947127,618,28,24,0.6994676360935103,0.7104432141932141,0.5957298762176811,24
V2-O,V2M-two_stage_user_local_reranker-v1,protocol_a_rollv2_cv3,3,2029,V2H-local-real,True,real_eeg,agreement_gate0p25_base0p05,eeg_base_agreement,0.05,,,0.25,user_center_alpha_2p0,V1-profile-dynamic-gated_cross_attention,0.6796116504854369,0.7009305756604841,0.6796116504854369,0.6975406207549065,618,28,24,0.6990720720615825,0.7102876907043574,0.5982934153665862,24
V2-O,V2M-two_stage_user_local_reranker-v1,protocol_a_rollv2_cv3,3,2029,V2H-local-real,True,real_eeg,sqrt_margin_eeg_base0p05,margin_shrinkage,0.05,,,,user_center_alpha_2p0,V1-profile-dynamic-gated_cross_attention,0.6844660194174758,0.7023333012243939,0.6844660194174758,0.6992781490995776,618,28,24,0.6964913194808299,0.7068474349724351,0.5953636563392661,24
V2-O,V2M-two_stage_user_local_reranker-v1,protocol_a_rollv2_cv3,1,2030,V2H-local-real,True,real_eeg,eeg_only,baseline,0.0,,,,user_center_alpha_2p0,V1-profile-dynamic-gated_cross_attention,0.7274247491638796,0.7558150711722141,0.7274247491638796,0.7687546210403354,598,35,28,0.7303007688828583,0.7327201006665292,0.5904547032280458,28
V2-O,V2M-two_stage_user_local_reranker-v1,protocol_a_rollv2_cv3,1,2030,V2H-local-real,True,real_eeg,v2n_eeg_base_0p05,v2n_reference,0.05,,,,user_center_alpha_2p0,V1-profile-dynamic-gated_cross_attention,0.7224080267558528,0.7486296970225543,0.7224080267558528,0.7630063217206076,598,35,28,0.7257911740001292,0.7277456108706107,0.5906976744186047,28
V2-O,V2M-two_stage_user_local_reranker-v1,protocol_a_rollv2_cv3,1,2030,V2H-local-real,True,real_eeg,hist_gate_floor0p25_cap5_base0p05,history_reliability,0.05,0.25,5.0,,user_center_alpha_2p0,V1-profile-dynamic-gated_cross_attention,0.7224080267558528,0.7486296970225543,0.7224080267558528,0.7630063217206076,598,35,28,0.7257911740001292,0.7277456108706107,0.5906976744186047,28
V2-O,V2M-two_stage_user_local_reranker-v1,protocol_a_rollv2_cv3,1,2030,V2H-local-real,True,real_eeg,hist_gate_floor0p25_cap10_base0p05,history_reliability,0.05,0.25,10.0,,user_center_alpha_2p0,V1-profile-dynamic-gated_cross_attention,0.7224080267558528,0.7486296970225543,0.7224080267558528,0.7630063217206076,598,35,28,0.7257911740001292,0.7277456108706107,0.5906976744186047,28
V2-O,V2M-two_stage_user_local_reranker-v1,protocol_a_rollv2_cv3,1,2030,V2H-local-real,True,real_eeg,hist_gate_floor0p25_cap20_base0p05,history_reliability,0.05,0.25,20.0,,user_center_alpha_2p0,V1-profile-dynamic-gated_cross_attention,0.7224080267558528,0.7486296970225543,0.7224080267558528,0.7630063217206076,598,35,28,0.7257911740001292,0.7277456108706107,0.5906976744186047,28
V2-O,V2M-two_stage_user_local_reranker-v1,protocol_a_rollv2_cv3,1,2030,V2H-local-real,True,real_eeg,hist_gate_floor0p50_cap10_base0p05,history_reliability,0.05,0.5,10.0,,user_center_alpha_2p0,V1-profile-dynamic-gated_cross_attention,0.7224080267558528,0.7486296970225543,0.7224080267558528,0.7630063217206076,598,35,28,0.7257911740001292,0.7277456108706107,0.5906976744186047,28
V2-O,V2M-two_stage_user_local_reranker-v1,protocol_a_rollv2_cv3,1,2030,V2H-local-real,True,real_eeg,session_rank_eeg_base0p05,session_block_listwise,0.05,,,,user_center_alpha_2p0,V1-profile-dynamic-gated_cross_attention,0.7274247491638796,0.7558150711722141,0.7274247491638796,0.7687546210403354,598,35,28,0.7117157717903986,0.7129295935545935,0.6672162443595974,28
V2-O,V2M-two_stage_user_local_reranker-v1,protocol_a_rollv2_cv3,1,2030,V2H-local-real,True,real_eeg,session_rank_eeg_base0p10,session_block_listwise,0.1,,,,user_center_alpha_2p0,V1-profile-dynamic-gated_cross_attention,0.7274247491638796,0.7563677922606493,0.7274247491638796,0.7691967979110838,598,35,28,0.7103831491891193,0.7115690493369063,0.665636931620965,28
V2-O,V2M-two_stage_user_local_reranker-v1,protocol_a_rollv2_cv3,1,2030,V2H-local-real,True,real_eeg,session_z_eeg_base0p05,session_block_listwise,0.05,,,,user_center_alpha_2p0,V1-profile-dynamic-gated_cross_attention,0.7224080267558528,0.7478029774458347,0.7224080267558528,0.7623449460592319,598,35,28,0.7117087721565333,0.7113002044252045,0.6748351266921208,28
V2-O,V2M-two_stage_user_local_reranker-v1,protocol_a_rollv2_cv3,1,2030,V2H-local-real,True,real_eeg,session_z_eeg_base0p10,session_block_listwise,0.1,,,,user_center_alpha_2p0,V1-profile-dynamic-gated_cross_attention,0.7224080267558528,0.7478029774458347,0.7224080267558528,0.7623449460592319,598,35,28,0.709967478624195,0.7098121091871092,0.6729607775078097,28
V2-O,V2M-two_stage_user_local_reranker-v1,protocol_a_rollv2_cv3,1,2030,V2H-local-real,True,real_eeg,agreement_gate0p10_base0p05,eeg_base_agreement,0.05,,,0.1,user_center_alpha_2p0,V1-profile-dynamic-gated_cross_attention,0.725752508361204,0.74945387284673,0.725752508361204,0.7620936233079091,598,35,28,0.7270157868665331,0.7292659159623446,0.5913571676501215,28
V2-O,V2M-two_stage_user_local_reranker-v1,protocol_a_rollv2_cv3,1,2030,V2H-local-real,True,real_eeg,agreement_gate0p25_base0p05,eeg_base_agreement,0.05,,,0.25,user_center_alpha_2p0,V1-profile-dynamic-gated_cross_attention,0.7240802675585284,0.742608634751492,0.7240802675585284,0.755030131244417,598,35,28,0.720106179061403,0.722784005016148,0.5927455744533148,28
V2-O,V2M-two_stage_user_local_reranker-v1,protocol_a_rollv2_cv3,1,2030,V2H-local-real,True,real_eeg,sqrt_margin_eeg_base0p05,margin_shrinkage,0.05,,,,user_center_alpha_2p0,V1-profile-dynamic-gated_cross_attention,0.7224080267558528,0.7478029774458347,0.7224080267558528,0.7623449460592319,598,35,28,0.724132799207426,0.7258028198653198,0.591877820201319,28
V2-O,V2M-two_stage_user_local_reranker-v1,protocol_a_rollv2_cv3,2,2030,V2H-local-real,True,real_eeg,eeg_only,baseline,0.0,,,,user_center_alpha_2p0,V1-profile-dynamic-gated_cross_attention,0.6506849315068494,0.6340312465312465,0.6506849315068494,0.6179725829725828,584,30,26,0.6166688086219336,0.61753108003108,0.5928190823588313,26
V2-O,V2M-two_stage_user_local_reranker-v1,protocol_a_rollv2_cv3,2,2030,V2H-local-real,True,real_eeg,v2n_eeg_base_0p05,v2n_reference,0.05,,,,user_center_alpha_2p0,V1-profile-dynamic-gated_cross_attention,0.6523972602739726,0.6356338106338106,0.6523972602739726,0.6195598845598844,584,30,26,0.6177625586219336,0.6184926184926185,0.5935700747416228,26
V2-O,V2M-two_stage_user_local_reranker-v1,protocol_a_rollv2_cv3,2,2030,V2H-local-real,True,real_eeg,hist_gate_floor0p25_cap5_base0p05,history_reliability,0.05,0.25,5.0,,user_center_alpha_2p0,V1-profile-dynamic-gated_cross_attention,0.6523972602739726,0.6356338106338106,0.6523972602739726,0.6195598845598844,584,30,26,0.6177625586219336,0.6184926184926185,0.5935700747416228,26
V2-O,V2M-two_stage_user_local_reranker-v1,protocol_a_rollv2_cv3,2,2030,V2H-local-real,True,real_eeg,hist_gate_floor0p25_cap10_base0p05,history_reliability,0.05,0.25,10.0,,user_center_alpha_2p0,V1-profile-dynamic-gated_cross_attention,0.6523972602739726,0.6356338106338106,0.6523972602739726,0.6195598845598844,584,30,26,0.6177625586219336,0.6184926184926185,0.5935700747416228,26
V2-O,V2M-two_stage_user_local_reranker-v1,protocol_a_rollv2_cv3,2,2030,V2H-local-real,True,real_eeg,hist_gate_floor0p25_cap20_base0p05,history_reliability,0.05,0.25,20.0,,user_center_alpha_2p0,V1-profile-dynamic-gated_cross_attention,0.6523972602739726,0.6356338106338106,0.6523972602739726,0.6195598845598844,584,30,26,0.6177625586219336,0.6184926184926185,0.5935700747416228,26
V2-O,V2M-two_stage_user_local_reranker-v1,protocol_a_rollv2_cv3,2,2030,V2H-local-real,True,real_eeg,hist_gate_floor0p50_cap10_base0p05,history_reliability,0.05,0.5,10.0,,user_center_alpha_2p0,V1-profile-dynamic-gated_cross_attention,0.6523972602739726,0.6356338106338106,0.6523972602739726,0.6195598845598844,584,30,26,0.6177625586219336,0.6184926184926185,0.5935700747416228,26
V2-O,V2M-two_stage_user_local_reranker-v1,protocol_a_rollv2_cv3,2,2030,V2H-local-real,True,real_eeg,session_rank_eeg_base0p05,session_block_listwise,0.05,,,,user_center_alpha_2p0,V1-profile-dynamic-gated_cross_attention,0.6506849315068494,0.6340312465312465,0.6506849315068494,0.6179725829725828,584,30,26,0.6259225063131313,0.6285779498279498,0.5984157636877302,26
V2-O,V2M-two_stage_user_local_reranker-v1,protocol_a_rollv2_cv3,2,2030,V2H-local-real,True,real_eeg,session_rank_eeg_base0p10,session_block_listwise,0.1,,,,user_center_alpha_2p0,V1-profile-dynamic-gated_cross_attention,0.6498287671232876,0.6336306055056055,0.6498287671232876,0.6176253607503607,584,30,26,0.6293818204365079,0.6317135642135642,0.6004899331259165,26
V2-O,V2M-two_stage_user_local_reranker-v1,protocol_a_rollv2_cv3,2,2030,V2H-local-real,True,real_eeg,session_z_eeg_base0p05,session_block_listwise,0.05,,,,user_center_alpha_2p0,V1-profile-dynamic-gated_cross_attention,0.6558219178082192,0.6410138472638471,0.6558219178082192,0.6242225829725829,584,30,26,0.626520450036075,0.6269104506604506,0.5885276973143082,26
V2-O,V2M-two_stage_user_local_reranker-v1,protocol_a_rollv2_cv3,2,2030,V2H-local-real,True,real_eeg,session_z_eeg_base0p10,session_block_listwise,0.1,,,,user_center_alpha_2p0,V1-profile-dynamic-gated_cross_attention,0.6575342465753424,0.642084767084767,0.6575342465753424,0.6384840468173801,584,30,26,0.626310763888889,0.626056906056906,0.5893144512391375,26
V2-O,V2M-two_stage_user_local_reranker-v1,protocol_a_rollv2_cv3,2,2030,V2H-local-real,True,real_eeg,agreement_gate0p10_base0p05,eeg_base_agreement,0.05,,,0.1,user_center_alpha_2p0,V1-profile-dynamic-gated_cross_attention,0.6455479452054794,0.6249678562178562,0.6455479452054794,0.6103160573993907,584,30,26,0.6049894029581531,0.6059750434750435,0.5962521903944498,26
V2-O,V2M-two_stage_user_local_reranker-v1,protocol_a_rollv2_cv3,2,2030,V2H-local-real,True,real_eeg,agreement_gate0p25_base0p05,eeg_base_agreement,0.05,,,0.25,user_center_alpha_2p0,V1-profile-dynamic-gated_cross_attention,0.6404109589041096,0.6226530414030413,0.6404109589041096,0.607780784030784,584,30,26,0.601659789862915,0.6038128538128539,0.5991488752995029,26
V2-O,V2M-two_stage_user_local_reranker-v1,protocol_a_rollv2_cv3,2,2030,V2H-local-real,True,real_eeg,sqrt_margin_eeg_base0p05,margin_shrinkage,0.05,,,,user_center_alpha_2p0,V1-profile-dynamic-gated_cross_attention,0.6541095890410958,0.6383581696081696,0.6541095890410958,0.6217225829725829,584,30,26,0.6180452967171717,0.6197580197580197,0.5945713979186783,26
V2-O,V2M-two_stage_user_local_reranker-v1,protocol_a_rollv2_cv3,3,2030,V2H-local-real,True,real_eeg,eeg_only,baseline,0.0,,,,user_center_alpha_2p0,V1-profile-dynamic-gated_cross_attention,0.6407766990291263,0.646509679255261,0.6407766990291263,0.6509347464704608,618,28,24,0.6573194288229254,0.6600025745859079,0.5831685343880465,24
V2-O,V2M-two_stage_user_local_reranker-v1,protocol_a_rollv2_cv3,3,2030,V2H-local-real,True,real_eeg,v2n_eeg_base_0p05,v2n_reference,0.05,,,,user_center_alpha_2p0,V1-profile-dynamic-gated_cross_attention,0.6440129449838188,0.6517442244622327,0.6440129449838188,0.6564562884205742,618,28,24,0.6605148445183411,0.6632973276723277,0.5847066578773896,24
V2-O,V2M-two_stage_user_local_reranker-v1,protocol_a_rollv2_cv3,3,2030,V2H-local-real,True,real_eeg,hist_gate_floor0p25_cap5_base0p05,history_reliability,0.05,0.25,5.0,,user_center_alpha_2p0,V1-profile-dynamic-gated_cross_attention,0.6440129449838188,0.6517442244622327,0.6440129449838188,0.6564562884205742,618,28,24,0.6605148445183411,0.6632973276723277,0.5847066578773896,24
V2-O,V2M-two_stage_user_local_reranker-v1,protocol_a_rollv2_cv3,3,2030,V2H-local-real,True,real_eeg,hist_gate_floor0p25_cap10_base0p05,history_reliability,0.05,0.25,10.0,,user_center_alpha_2p0,V1-profile-dynamic-gated_cross_attention,0.6440129449838188,0.6517442244622327,0.6440129449838188,0.6564562884205742,618,28,24,0.6605148445183411,0.6632973276723277,0.5847066578773896,24
V2-O,V2M-two_stage_user_local_reranker-v1,protocol_a_rollv2_cv3,3,2030,V2H-local-real,True,real_eeg,hist_gate_floor0p25_cap20_base0p05,history_reliability,0.05,0.25,20.0,,user_center_alpha_2p0,V1-profile-dynamic-gated_cross_attention,0.6440129449838188,0.6517442244622327,0.6440129449838188,0.6564562884205742,618,28,24,0.6605148445183411,0.6632973276723277,0.5847066578773896,24
V2-O,V2M-two_stage_user_local_reranker-v1,protocol_a_rollv2_cv3,3,2030,V2H-local-real,True,real_eeg,hist_gate_floor0p50_cap10_base0p05,history_reliability,0.05,0.5,10.0,,user_center_alpha_2p0,V1-profile-dynamic-gated_cross_attention,0.6440129449838188,0.6517442244622327,0.6440129449838188,0.6564562884205742,618,28,24,0.6605148445183411,0.6632973276723277,0.5847066578773896,24
V2-O,V2M-two_stage_user_local_reranker-v1,protocol_a_rollv2_cv3,3,2030,V2H-local-real,True,real_eeg,session_rank_eeg_base0p05,session_block_listwise,0.05,,,,user_center_alpha_2p0,V1-profile-dynamic-gated_cross_attention,0.6407766990291263,0.646509679255261,0.6407766990291263,0.6509347464704608,618,28,24,0.6489028454063419,0.6535045587128921,0.6057643008862521,24
V2-O,V2M-two_stage_user_local_reranker-v1,protocol_a_rollv2_cv3,3,2030,V2H-local-real,True,real_eeg,session_rank_eeg_base0p10,session_block_listwise,0.1,,,,user_center_alpha_2p0,V1-profile-dynamic-gated_cross_attention,0.6407766990291263,0.6467180125885944,0.6407766990291263,0.6511133178990322,618,28,24,0.6474945314980279,0.6524204537746204,0.6065882956126859,24
V2-O,V2M-two_stage_user_local_reranker-v1,protocol_a_rollv2_cv3,3,2030,V2H-local-real,True,real_eeg,session_z_eeg_base0p05,session_block_listwise,0.05,,,,user_center_alpha_2p0,V1-profile-dynamic-gated_cross_attention,0.6423948220064725,0.6500775577955661,0.6423948220064725,0.6550277169920028,618,28,24,0.6523313613348578,0.6567993117993118,0.6000512707829782,24
V2-O,V2M-two_stage_user_local_reranker-v1,protocol_a_rollv2_cv3,3,2030,V2H-local-real,True,real_eeg,session_z_eeg_base0p10,session_block_listwise,0.1,,,,user_center_alpha_2p0,V1-profile-dynamic-gated_cross_attention,0.6423948220064725,0.6504657402149984,0.6423948220064725,0.6513532168889312,618,28,24,0.6531151734823064,0.6574286207619541,0.6006738445762836,24
V2-O,V2M-two_stage_user_local_reranker-v1,protocol_a_rollv2_cv3,3,2030,V2H-local-real,True,real_eeg,agreement_gate0p10_base0p05,eeg_base_agreement,0.05,,,0.1,user_center_alpha_2p0,V1-profile-dynamic-gated_cross_attention,0.6407766990291263,0.6470913776494595,0.6407766990291263,0.647585555978413,618,28,24,0.656402377731049,0.660418377918378,0.5868673551600381,24
V2-O,V2M-two_stage_user_local_reranker-v1,protocol_a_rollv2_cv3,3,2030,V2H-local-real,True,real_eeg,agreement_gate0p25_base0p05,eeg_base_agreement,0.05,,,0.25,user_center_alpha_2p0,V1-profile-dynamic-gated_cross_attention,0.6423948220064725,0.6498574133566716,0.6423948220064725,0.6508317938675081,618,28,24,0.6563924129483569,0.6612195443445444,0.5911521277374936,24
V2-O,V2M-two_stage_user_local_reranker-v1,protocol_a_rollv2_cv3,3,2030,V2H-local-real,True,real_eeg,sqrt_margin_eeg_base0p05,margin_shrinkage,0.05,,,,user_center_alpha_2p0,V1-profile-dynamic-gated_cross_attention,0.6488673139158576,0.6687738210230793,0.6488673139158576,0.6712125242482385,618,28,24,0.6693282533317498,0.6814631125047792,0.5865011352816231,24
V2-O,V2M-two_stage_user_local_reranker-v1,protocol_a_rollv2_cv3,1,2026,V2H-local-shuffle,False,shuffle_eeg_control,eeg_only,baseline,0.0,,,,user_center_alpha_2p0,V1-profile-dynamic-gated_cross_attention,0.6471571906354515,0.6583379847665564,0.6471571906354515,0.6927309145880575,598,35,28,0.639688031702957,0.6361615946883805,0.6040263797292607,28
V2-O,V2M-two_stage_user_local_reranker-v1,protocol_a_rollv2_cv3,1,2026,V2H-local-shuffle,False,shuffle_eeg_control,v2n_eeg_base_0p05,v2n_reference,0.05,,,,user_center_alpha_2p0,V1-profile-dynamic-gated_cross_attention,0.6471571906354515,0.6547665561951277,0.6471571906354515,0.686302343159486,598,35,28,0.6395387779716138,0.6356258804026662,0.604581742450538,28
V2-O,V2M-two_stage_user_local_reranker-v1,protocol_a_rollv2_cv3,1,2026,V2H-local-shuffle,False,shuffle_eeg_control,hist_gate_floor0p25_cap5_base0p05,history_reliability,0.05,0.25,5.0,,user_center_alpha_2p0,V1-profile-dynamic-gated_cross_attention,0.6471571906354515,0.6547665561951277,0.6471571906354515,0.686302343159486,598,35,28,0.6395387779716138,0.6356258804026662,0.604581742450538,28
V2-O,V2M-two_stage_user_local_reranker-v1,protocol_a_rollv2_cv3,1,2026,V2H-local-shuffle,False,shuffle_eeg_control,hist_gate_floor0p25_cap10_base0p05,history_reliability,0.05,0.25,10.0,,user_center_alpha_2p0,V1-profile-dynamic-gated_cross_attention,0.6471571906354515,0.6547665561951277,0.6471571906354515,0.686302343159486,598,35,28,0.6395387779716138,0.6356258804026662,0.604581742450538,28
V2-O,V2M-two_stage_user_local_reranker-v1,protocol_a_rollv2_cv3,1,2026,V2H-local-shuffle,False,shuffle_eeg_control,hist_gate_floor0p25_cap20_base0p05,history_reliability,0.05,0.25,20.0,,user_center_alpha_2p0,V1-profile-dynamic-gated_cross_attention,0.6471571906354515,0.6547665561951277,0.6471571906354515,0.686302343159486,598,35,28,0.6395387779716138,0.6356258804026662,0.604581742450538,28
V2-O,V2M-two_stage_user_local_reranker-v1,protocol_a_rollv2_cv3,1,2026,V2H-local-shuffle,False,shuffle_eeg_control,hist_gate_floor0p50_cap10_base0p05,history_reliability,0.05,0.5,10.0,,user_center_alpha_2p0,V1-profile-dynamic-gated_cross_attention,0.6471571906354515,0.6547665561951277,0.6471571906354515,0.686302343159486,598,35,28,0.6395387779716138,0.6356258804026662,0.604581742450538,28
V2-O,V2M-two_stage_user_local_reranker-v1,protocol_a_rollv2_cv3,1,2026,V2H-local-shuffle,False,shuffle_eeg_control,session_rank_eeg_base0p05,session_block_listwise,0.05,,,,user_center_alpha_2p0,V1-profile-dynamic-gated_cross_attention,0.6471571906354515,0.6583379847665564,0.6471571906354515,0.6927309145880575,598,35,28,0.6356384742951906,0.6341258030990174,0.6146476917736897,28
V2-O,V2M-two_stage_user_local_reranker-v1,protocol_a_rollv2_cv3,1,2026,V2H-local-shuffle,False,shuffle_eeg_control,session_rank_eeg_base0p10,session_block_listwise,0.1,,,,user_center_alpha_2p0,V1-profile-dynamic-gated_cross_attention,0.6471571906354515,0.6583379847665564,0.6471571906354515,0.6927309145880575,598,35,28,0.6347263681592039,0.633133739606954,0.6153766053453661,28
V2-O,V2M-two_stage_user_local_reranker-v1,protocol_a_rollv2_cv3,1,2026,V2H-local-shuffle,False,shuffle_eeg_control,session_z_eeg_base0p05,session_block_listwise,0.05,,,,user_center_alpha_2p0,V1-profile-dynamic-gated_cross_attention,0.6471571906354515,0.6545350747136462,0.6471571906354515,0.6835774754346183,598,35,28,0.6467449548792832,0.6452607280285853,0.6288788615064215,28
V2-O,V2M-two_stage_user_local_reranker-v1,protocol_a_rollv2_cv3,1,2026,V2H-local-shuffle,False,shuffle_eeg_control,session_z_eeg_base0p10,session_block_listwise,0.1,,,,user_center_alpha_2p0,V1-profile-dynamic-gated_cross_attention,0.6488294314381271,0.6554279318565034,0.6488294314381271,0.6839516250944823,598,35,28,0.6444279683831923,0.6423270545591974,0.6293648038875391,28
V2-O,V2M-two_stage_user_local_reranker-v1,protocol_a_rollv2_cv3,1,2026,V2H-local-shuffle,False,shuffle_eeg_control,agreement_gate0p10_base0p05,eeg_base_agreement,0.05,,,0.1,user_center_alpha_2p0,V1-profile-dynamic-gated_cross_attention,0.6521739130434783,0.6605866620152335,0.6521739130434783,0.690618291761149,598,35,28,0.6420830910383148,0.6381493077028791,0.6042346407497396,28
V2-O,V2M-two_stage_user_local_reranker-v1,protocol_a_rollv2_cv3,1,2026,V2H-local-shuffle,False,shuffle_eeg_control,agreement_gate0p25_base0p05,eeg_base_agreement,0.05,,,0.25,user_center_alpha_2p0,V1-profile-dynamic-gated_cross_attention,0.6471571906354515,0.6537414239199955,0.6471571906354515,0.6835547996976569,598,35,28,0.6370665072903879,0.6334072442108155,0.6049635543214162,28
V2-O,V2M-two_stage_user_local_reranker-v1,protocol_a_rollv2_cv3,1,2026,V2H-local-shuffle,False,shuffle_eeg_control,sqrt_margin_eeg_base0p05,margin_shrinkage,0.05,,,,user_center_alpha_2p0,V1-profile-dynamic-gated_cross_attention,0.6471571906354515,0.6545350747136462,0.6471571906354515,0.6832373393801966,598,35,28,0.6367099567099568,0.6320183553219267,0.604581742450538,28
V2-O,V2M-two_stage_user_local_reranker-v1,protocol_a_rollv2_cv3,2,2026,V2H-local-shuffle,False,shuffle_eeg_control,eeg_only,baseline,0.0,,,,user_center_alpha_2p0,V1-profile-dynamic-gated_cross_attention,0.6164383561643836,0.6384615384615385,0.6164383561643836,0.6216666666666666,584,30,26,0.6169147952741703,0.6142728105228106,0.6478203340128026,26
V2-O,V2M-two_stage_user_local_reranker-v1,protocol_a_rollv2_cv3,2,2026,V2H-local-shuffle,False,shuffle_eeg_control,v2n_eeg_base_0p05,v2n_reference,0.05,,,,user_center_alpha_2p0,V1-profile-dynamic-gated_cross_attention,0.6198630136986302,0.6411858974358975,0.6198630136986302,0.6251388888888889,584,30,26,0.6230122655122655,0.6204083416583418,0.6484640417694811,26
V2-O,V2M-two_stage_user_local_reranker-v1,protocol_a_rollv2_cv3,2,2026,V2H-local-shuffle,False,shuffle_eeg_control,hist_gate_floor0p25_cap5_base0p05,history_reliability,0.05,0.25,5.0,,user_center_alpha_2p0,V1-profile-dynamic-gated_cross_attention,0.6198630136986302,0.6411858974358975,0.6198630136986302,0.6251388888888889,584,30,26,0.6230122655122655,0.6204083416583418,0.6484640417694811,26
V2-O,V2M-two_stage_user_local_reranker-v1,protocol_a_rollv2_cv3,2,2026,V2H-local-shuffle,False,shuffle_eeg_control,hist_gate_floor0p25_cap10_base0p05,history_reliability,0.05,0.25,10.0,,user_center_alpha_2p0,V1-profile-dynamic-gated_cross_attention,0.6198630136986302,0.6411858974358975,0.6198630136986302,0.6251388888888889,584,30,26,0.6230122655122655,0.6204083416583418,0.6484640417694811,26
V2-O,V2M-two_stage_user_local_reranker-v1,protocol_a_rollv2_cv3,2,2026,V2H-local-shuffle,False,shuffle_eeg_control,hist_gate_floor0p25_cap20_base0p05,history_reliability,0.05,0.25,20.0,,user_center_alpha_2p0,V1-profile-dynamic-gated_cross_attention,0.6198630136986302,0.6411858974358975,0.6198630136986302,0.6251388888888889,584,30,26,0.6230122655122655,0.6204083416583418,0.6484640417694811,26
V2-O,V2M-two_stage_user_local_reranker-v1,protocol_a_rollv2_cv3,2,2026,V2H-local-shuffle,False,shuffle_eeg_control,hist_gate_floor0p50_cap10_base0p05,history_reliability,0.05,0.5,10.0,,user_center_alpha_2p0,V1-profile-dynamic-gated_cross_attention,0.6198630136986302,0.6411858974358975,0.6198630136986302,0.6251388888888889,584,30,26,0.6230122655122655,0.6204083416583418,0.6484640417694811,26
V2-O,V2M-two_stage_user_local_reranker-v1,protocol_a_rollv2_cv3,2,2026,V2H-local-shuffle,False,shuffle_eeg_control,session_rank_eeg_base0p05,session_block_listwise,0.05,,,,user_center_alpha_2p0,V1-profile-dynamic-gated_cross_attention,0.6164383561643836,0.6384615384615385,0.6164383561643836,0.6216666666666666,584,30,26,0.636736562049062,0.6353775391275391,0.5839323391624647,26
V2-O,V2M-two_stage_user_local_reranker-v1,protocol_a_rollv2_cv3,2,2026,V2H-local-shuffle,False,shuffle_eeg_control,session_rank_eeg_base0p10,session_block_listwise,0.1,,,,user_center_alpha_2p0,V1-profile-dynamic-gated_cross_attention,0.6181506849315068,0.6392628205128207,0.6181506849315068,0.622361111111111,584,30,26,0.638496911075036,0.6369384781884782,0.5864177663340844,26
V2-O,V2M-two_stage_user_local_reranker-v1,protocol_a_rollv2_cv3,2,2026,V2H-local-shuffle,False,shuffle_eeg_control,session_z_eeg_base0p05,session_block_listwise,0.05,,,,user_center_alpha_2p0,V1-profile-dynamic-gated_cross_attention,0.6198630136986302,0.6420787545787547,0.6198630136986302,0.6259126984126984,584,30,26,0.6322301136363637,0.6300738150738149,0.5821263812895612,26
V2-O,V2M-two_stage_user_local_reranker-v1,protocol_a_rollv2_cv3,2,2026,V2H-local-shuffle,False,shuffle_eeg_control,session_z_eeg_base0p10,session_block_listwise,0.1,,,,user_center_alpha_2p0,V1-profile-dynamic-gated_cross_attention,0.6232876712328768,0.6445563695563697,0.6232876712328768,0.6280599647266315,584,30,26,0.6344239267676769,0.6318576793576793,0.584129027643672,26
V2-O,V2M-two_stage_user_local_reranker-v1,protocol_a_rollv2_cv3,2,2026,V2H-local-shuffle,False,shuffle_eeg_control,agreement_gate0p10_base0p05,eeg_base_agreement,0.05,,,0.1,user_center_alpha_2p0,V1-profile-dynamic-gated_cross_attention,0.6215753424657534,0.6301765364265365,0.6215753424657534,0.6155974426807761,584,30,26,0.6161147186147186,0.6108547471047471,0.6515752959267604,26
V2-O,V2M-two_stage_user_local_reranker-v1,protocol_a_rollv2_cv3,2,2026,V2H-local-shuffle,False,shuffle_eeg_control,agreement_gate0p25_base0p05,eeg_base_agreement,0.05,,,0.25,user_center_alpha_2p0,V1-profile-dynamic-gated_cross_attention,0.6215753424657534,0.6346750471750471,0.6215753424657534,0.619496151996152,584,30,26,0.6211037833694083,0.6169067044067045,0.6592282659228267,26
V2-O,V2M-two_stage_user_local_reranker-v1,protocol_a_rollv2_cv3,2,2026,V2H-local-shuffle,False,shuffle_eeg_control,sqrt_margin_eeg_base0p05,margin_shrinkage,0.05,,,,user_center_alpha_2p0,V1-profile-dynamic-gated_cross_attention,0.6301369863013698,0.6569037444037444,0.6301369863013698,0.6387610229276895,584,30,26,0.6400103715728716,0.6387549487549489,0.6501090727032149,26
V2-O,V2M-two_stage_user_local_reranker-v1,protocol_a_rollv2_cv3,3,2026,V2H-local-shuffle,False,shuffle_eeg_control,eeg_only,baseline,0.0,,,,user_center_alpha_2p0,V1-profile-dynamic-gated_cross_attention,0.6245954692556634,0.623670957734264,0.6245954692556634,0.639478811532383,618,28,24,0.6137238150350038,0.62022362668196,0.541529334212261,24
V2-O,V2M-two_stage_user_local_reranker-v1,protocol_a_rollv2_cv3,3,2026,V2H-local-shuffle,False,shuffle_eeg_control,v2n_eeg_base_0p05,v2n_reference,0.05,,,,user_center_alpha_2p0,V1-profile-dynamic-gated_cross_attention,0.6229773462783171,0.6258094381264209,0.6229773462783171,0.6421871448657164,618,28,24,0.6137432400544288,0.6209527933486267,0.542774481798872,24
V2-O,V2M-two_stage_user_local_reranker-v1,protocol_a_rollv2_cv3,3,2026,V2H-local-shuffle,False,shuffle_eeg_control,hist_gate_floor0p25_cap5_base0p05,history_reliability,0.05,0.25,5.0,,user_center_alpha_2p0,V1-profile-dynamic-gated_cross_attention,0.6229773462783171,0.6258094381264209,0.6229773462783171,0.6421871448657164,618,28,24,0.6137432400544288,0.6209527933486267,0.542774481798872,24
V2-O,V2M-two_stage_user_local_reranker-v1,protocol_a_rollv2_cv3,3,2026,V2H-local-shuffle,False,shuffle_eeg_control,hist_gate_floor0p25_cap10_base0p05,history_reliability,0.05,0.25,10.0,,user_center_alpha_2p0,V1-profile-dynamic-gated_cross_attention,0.6229773462783171,0.6258094381264209,0.6229773462783171,0.6421871448657164,618,28,24,0.6137432400544288,0.6209527933486267,0.542774481798872,24
V2-O,V2M-two_stage_user_local_reranker-v1,protocol_a_rollv2_cv3,3,2026,V2H-local-shuffle,False,shuffle_eeg_control,hist_gate_floor0p25_cap20_base0p05,history_reliability,0.05,0.25,20.0,,user_center_alpha_2p0,V1-profile-dynamic-gated_cross_attention,0.6229773462783171,0.6258094381264209,0.6229773462783171,0.6421871448657164,618,28,24,0.6137432400544288,0.6209527933486267,0.542774481798872,24
V2-O,V2M-two_stage_user_local_reranker-v1,protocol_a_rollv2_cv3,3,2026,V2H-local-shuffle,False,shuffle_eeg_control,hist_gate_floor0p50_cap10_base0p05,history_reliability,0.05,0.5,10.0,,user_center_alpha_2p0,V1-profile-dynamic-gated_cross_attention,0.6229773462783171,0.6258094381264209,0.6229773462783171,0.6421871448657164,618,28,24,0.6137432400544288,0.6209527933486267,0.542774481798872,24
V2-O,V2M-two_stage_user_local_reranker-v1,protocol_a_rollv2_cv3,3,2026,V2H-local-shuffle,False,shuffle_eeg_control,session_rank_eeg_base0p05,session_block_listwise,0.05,,,,user_center_alpha_2p0,V1-profile-dynamic-gated_cross_attention,0.6245954692556634,0.623670957734264,0.6245954692556634,0.639478811532383,618,28,24,0.6231893495005384,0.6288049758883093,0.5981652384091409,24
V2-O,V2M-two_stage_user_local_reranker-v1,protocol_a_rollv2_cv3,3,2026,V2H-local-shuffle,False,shuffle_eeg_control,session_rank_eeg_base0p10,session_block_listwise,0.1,,,,user_center_alpha_2p0,V1-profile-dynamic-gated_cross_attention,0.6245954692556634,0.623670957734264,0.6245954692556634,0.639478811532383,618,28,24,0.6241606004717893,0.6295765808265809,0.599758294880246,24
V2-O,V2M-two_stage_user_local_reranker-v1,protocol_a_rollv2_cv3,3,2026,V2H-local-shuffle,False,shuffle_eeg_control,session_z_eeg_base0p05,session_block_listwise,0.05,,,,user_center_alpha_2p0,V1-profile-dynamic-gated_cross_attention,0.6213592233009708,0.6246189619359447,0.6213592233009708,0.6411667367024511,618,28,24,0.6255827893939782,0.6317442395567395,0.6052882150443125,24
V2-O,V2M-two_stage_user_local_reranker-v1,protocol_a_rollv2_cv3,3,2026,V2H-local-shuffle,False,shuffle_eeg_control,session_z_eeg_base0p10,session_block_listwise,0.1,,,,user_center_alpha_2p0,V1-profile-dynamic-gated_cross_attention,0.6181229773462783,0.6231812329982157,0.6181229773462783,0.6399343976129691,618,28,24,0.6224773478269983,0.6273578774620442,0.6073390463634366,24
V2-O,V2M-two_stage_user_local_reranker-v1,protocol_a_rollv2_cv3,3,2026,V2H-local-shuffle,False,shuffle_eeg_control,agreement_gate0p10_base0p05,eeg_base_agreement,0.05,,,0.1,user_center_alpha_2p0,V1-profile-dynamic-gated_cross_attention,0.6213592233009708,0.6295564318734145,0.6213592233009708,0.6453988537917109,618,28,24,0.6157110954313751,0.625146215667049,0.5477184501574746,24
V2-O,V2M-two_stage_user_local_reranker-v1,protocol_a_rollv2_cv3,3,2026,V2H-local-shuffle,False,shuffle_eeg_control,agreement_gate0p25_base0p05,eeg_base_agreement,0.05,,,0.25,user_center_alpha_2p0,V1-profile-dynamic-gated_cross_attention,0.6375404530744336,0.6484685498838298,0.6375404530744336,0.6527138403924118,618,28,24,0.6283237353167422,0.6389162573537573,0.5557020435069215,24
V2-O,V2M-two_stage_user_local_reranker-v1,protocol_a_rollv2_cv3,3,2026,V2H-local-shuffle,False,shuffle_eeg_control,sqrt_margin_eeg_base0p05,margin_shrinkage,0.05,,,,user_center_alpha_2p0,V1-profile-dynamic-gated_cross_attention,0.6197411003236246,0.6290205287333448,0.6197411003236246,0.6449395082430797,618,28,24,0.6151082018214885,0.6234942410984078,0.54467882516663,24
V2-O,V2M-two_stage_user_local_reranker-v1,protocol_a_rollv2_cv3,1,2027,V2H-local-shuffle,False,shuffle_eeg_control,eeg_only,baseline,0.0,,,,user_center_alpha_2p0,V1-profile-dynamic-gated_cross_attention,0.6488294314381271,0.6671642246642246,0.6488294314381271,0.6977925170068028,598,35,28,0.6534999246193276,0.6545109900020615,0.5967719541825756,28
V2-O,V2M-two_stage_user_local_reranker-v1,protocol_a_rollv2_cv3,1,2027,V2H-local-shuffle,False,shuffle_eeg_control,v2n_eeg_base_0p05,v2n_reference,0.05,,,,user_center_alpha_2p0,V1-profile-dynamic-gated_cross_attention,0.6505016722408027,0.666975260189546,0.6505016722408027,0.6976413454270598,598,35,28,0.6555847386444402,0.6563061525115097,0.5968413745227352,28
V2-O,V2M-two_stage_user_local_reranker-v1,protocol_a_rollv2_cv3,1,2027,V2H-local-shuffle,False,shuffle_eeg_control,hist_gate_floor0p25_cap5_base0p05,history_reliability,0.05,0.25,5.0,,user_center_alpha_2p0,V1-profile-dynamic-gated_cross_attention,0.6505016722408027,0.666975260189546,0.6505016722408027,0.6976413454270598,598,35,28,0.6555847386444402,0.6563061525115097,0.5968413745227352,28
V2-O,V2M-two_stage_user_local_reranker-v1,protocol_a_rollv2_cv3,1,2027,V2H-local-shuffle,False,shuffle_eeg_control,hist_gate_floor0p25_cap10_base0p05,history_reliability,0.05,0.25,10.0,,user_center_alpha_2p0,V1-profile-dynamic-gated_cross_attention,0.6505016722408027,0.666975260189546,0.6505016722408027,0.6976413454270598,598,35,28,0.6555847386444402,0.6563061525115097,0.5968413745227352,28
V2-O,V2M-two_stage_user_local_reranker-v1,protocol_a_rollv2_cv3,1,2027,V2H-local-shuffle,False,shuffle_eeg_control,hist_gate_floor0p25_cap20_base0p05,history_reliability,0.05,0.25,20.0,,user_center_alpha_2p0,V1-profile-dynamic-gated_cross_attention,0.6505016722408027,0.666975260189546,0.6505016722408027,0.6976413454270598,598,35,28,0.6555847386444402,0.6563061525115097,0.5968413745227352,28
V2-O,V2M-two_stage_user_local_reranker-v1,protocol_a_rollv2_cv3,1,2027,V2H-local-shuffle,False,shuffle_eeg_control,hist_gate_floor0p50_cap10_base0p05,history_reliability,0.05,0.5,10.0,,user_center_alpha_2p0,V1-profile-dynamic-gated_cross_attention,0.6505016722408027,0.666975260189546,0.6505016722408027,0.6976413454270598,598,35,28,0.6555847386444402,0.6563061525115097,0.5968413745227352,28
V2-O,V2M-two_stage_user_local_reranker-v1,protocol_a_rollv2_cv3,1,2027,V2H-local-shuffle,False,shuffle_eeg_control,session_rank_eeg_base0p05,session_block_listwise,0.05,,,,user_center_alpha_2p0,V1-profile-dynamic-gated_cross_attention,0.6488294314381271,0.6671642246642246,0.6488294314381271,0.6977925170068028,598,35,28,0.6381000839956064,0.6371940708101421,0.6148559527941687,28
V2-O,V2M-two_stage_user_local_reranker-v1,protocol_a_rollv2_cv3,1,2027,V2H-local-shuffle,False,shuffle_eeg_control,session_rank_eeg_base0p10,session_block_listwise,0.1,,,,user_center_alpha_2p0,V1-profile-dynamic-gated_cross_attention,0.6471571906354515,0.6665028490028491,0.6471571906354515,0.6972634164777022,598,35,28,0.63653065839633,0.635432406548478,0.6149080180492884,28
V2-O,V2M-two_stage_user_local_reranker-v1,protocol_a_rollv2_cv3,1,2027,V2H-local-shuffle,False,shuffle_eeg_control,session_z_eeg_base0p05,session_block_listwise,0.05,,,,user_center_alpha_2p0,V1-profile-dynamic-gated_cross_attention,0.6488294314381271,0.6647431173324031,0.6488294314381271,0.6952603930461074,598,35,28,0.6589425168529647,0.6607831289081288,0.6290524123568206,28
V2-O,V2M-two_stage_user_local_reranker-v1,protocol_a_rollv2_cv3,1,2027,V2H-local-shuffle,False,shuffle_eeg_control,session_z_eeg_base0p10,session_block_listwise,0.1,,,,user_center_alpha_2p0,V1-profile-dynamic-gated_cross_attention,0.6521739130434783,0.6647360311646027,0.6521739130434783,0.6916832955404384,598,35,28,0.6593109129676293,0.660349455438741,0.627906976744186,28
V2-O,V2M-two_stage_user_local_reranker-v1,protocol_a_rollv2_cv3,1,2027,V2H-local-shuffle,False,shuffle_eeg_control,agreement_gate0p10_base0p05,eeg_base_agreement,0.05,,,0.1,user_center_alpha_2p0,V1-profile-dynamic-gated_cross_attention,0.6438127090301003,0.6563436464329321,0.6438127090301003,0.6836371882086169,598,35,28,0.6471435032629063,0.6490487786023501,0.5972578965636932,28
V2-O,V2M-two_stage_user_local_reranker-v1,protocol_a_rollv2_cv3,1,2027,V2H-local-shuffle,False,shuffle_eeg_control,agreement_gate0p25_base0p05,eeg_base_agreement,0.05,,,0.25,user_center_alpha_2p0,V1-profile-dynamic-gated_cross_attention,0.6471571906354515,0.6750249651142509,0.6471571906354515,0.6976054421768707,598,35,28,0.6515724408261722,0.6539755978148836,0.5984727525164873,28
V2-O,V2M-two_stage_user_local_reranker-v1,protocol_a_rollv2_cv3,1,2027,V2H-local-shuffle,False,shuffle_eeg_control,sqrt_margin_eeg_base0p05,margin_shrinkage,0.05,,,,user_center_alpha_2p0,V1-profile-dynamic-gated_cross_attention,0.6521739130434783,0.6623550787836503,0.6521739130434783,0.6897785336356765,598,35,28,0.6553490125131917,0.6548520708788566,0.5973273169038529,28
V2-O,V2M-two_stage_user_local_reranker-v1,protocol_a_rollv2_cv3,2,2027,V2H-local-shuffle,False,shuffle_eeg_control,eeg_only,baseline,0.0,,,,user_center_alpha_2p0,V1-profile-dynamic-gated_cross_attention,0.6164383561643836,0.6296141358641358,0.6164383561643836,0.6319751082251082,584,30,26,0.6074147727272727,0.6029717504717503,0.6441726567249579,26
V2-O,V2M-two_stage_user_local_reranker-v1,protocol_a_rollv2_cv3,2,2027,V2H-local-shuffle,False,shuffle_eeg_control,v2n_eeg_base_0p05,v2n_reference,0.05,,,,user_center_alpha_2p0,V1-profile-dynamic-gated_cross_attention,0.6198630136986302,0.637754144004144,0.6198630136986302,0.6371779300945968,584,30,26,0.615027619949495,0.6107530895030894,0.6451382183599756,26
V2-O,V2M-two_stage_user_local_reranker-v1,protocol_a_rollv2_cv3,2,2027,V2H-local-shuffle,False,shuffle_eeg_control,hist_gate_floor0p25_cap5_base0p05,history_reliability,0.05,0.25,5.0,,user_center_alpha_2p0,V1-profile-dynamic-gated_cross_attention,0.6198630136986302,0.637754144004144,0.6198630136986302,0.6371779300945968,584,30,26,0.615027619949495,0.6107530895030894,0.6451382183599756,26
V2-O,V2M-two_stage_user_local_reranker-v1,protocol_a_rollv2_cv3,2,2027,V2H-local-shuffle,False,shuffle_eeg_control,hist_gate_floor0p25_cap10_base0p05,history_reliability,0.05,0.25,10.0,,user_center_alpha_2p0,V1-profile-dynamic-gated_cross_attention,0.6198630136986302,0.637754144004144,0.6198630136986302,0.6371779300945968,584,30,26,0.615027619949495,0.6107530895030894,0.6451382183599756,26
V2-O,V2M-two_stage_user_local_reranker-v1,protocol_a_rollv2_cv3,2,2027,V2H-local-shuffle,False,shuffle_eeg_control,hist_gate_floor0p25_cap20_base0p05,history_reliability,0.05,0.25,20.0,,user_center_alpha_2p0,V1-profile-dynamic-gated_cross_attention,0.6198630136986302,0.637754144004144,0.6198630136986302,0.6371779300945968,584,30,26,0.615027619949495,0.6107530895030894,0.6451382183599756,26
V2-O,V2M-two_stage_user_local_reranker-v1,protocol_a_rollv2_cv3,2,2027,V2H-local-shuffle,False,shuffle_eeg_control,hist_gate_floor0p50_cap10_base0p05,history_reliability,0.05,0.5,10.0,,user_center_alpha_2p0,V1-profile-dynamic-gated_cross_attention,0.6198630136986302,0.637754144004144,0.6198630136986302,0.6371779300945968,584,30,26,0.615027619949495,0.6107530895030894,0.6451382183599756,26
V2-O,V2M-two_stage_user_local_reranker-v1,protocol_a_rollv2_cv3,2,2027,V2H-local-shuffle,False,shuffle_eeg_control,session_rank_eeg_base0p05,session_block_listwise,0.05,,,,user_center_alpha_2p0,V1-profile-dynamic-gated_cross_attention,0.6164383561643836,0.6296141358641358,0.6164383561643836,0.6319751082251082,584,30,26,0.6244784902597403,0.6221679709179709,0.5863104817079712,26
V2-O,V2M-two_stage_user_local_reranker-v1,protocol_a_rollv2_cv3,2,2027,V2H-local-shuffle,False,shuffle_eeg_control,session_rank_eeg_base0p10,session_block_listwise,0.1,,,,user_center_alpha_2p0,V1-profile-dynamic-gated_cross_attention,0.6164383561643836,0.6291333666333666,0.6164383561643836,0.6315584415584415,584,30,26,0.626980350378788,0.62507548007548,0.588778028108572,26
V2-O,V2M-two_stage_user_local_reranker-v1,protocol_a_rollv2_cv3,2,2027,V2H-local-shuffle,False,shuffle_eeg_control,session_z_eeg_base0p05,session_block_listwise,0.05,,,,user_center_alpha_2p0,V1-profile-dynamic-gated_cross_attention,0.6232876712328768,0.636746817996818,0.6232876712328768,0.636304914221581,584,30,26,0.6357792207792208,0.6326317663817663,0.584593927690162,26
V2-O,V2M-two_stage_user_local_reranker-v1,protocol_a_rollv2_cv3,2,2027,V2H-local-shuffle,False,shuffle_eeg_control,session_z_eeg_base0p10,session_block_listwise,0.1,,,,user_center_alpha_2p0,V1-profile-dynamic-gated_cross_attention,0.6267123287671232,0.6431989306989306,0.6267123287671232,0.6430078563411897,584,30,26,0.6389413104256854,0.6369700207200206,0.5871329971748382,26
V2-O,V2M-two_stage_user_local_reranker-v1,protocol_a_rollv2_cv3,2,2027,V2H-local-shuffle,False,shuffle_eeg_control,agreement_gate0p10_base0p05,eeg_base_agreement,0.05,,,0.1,user_center_alpha_2p0,V1-profile-dynamic-gated_cross_attention,0.613013698630137,0.615739121989122,0.613013698630137,0.6192093554593555,584,30,26,0.6022419507575758,0.5965964590964591,0.6487501341057826,26
V2-O,V2M-two_stage_user_local_reranker-v1,protocol_a_rollv2_cv3,2,2027,V2H-local-shuffle,False,shuffle_eeg_control,agreement_gate0p25_base0p05,eeg_base_agreement,0.05,,,0.25,user_center_alpha_2p0,V1-profile-dynamic-gated_cross_attention,0.625,0.6235891423391423,0.625,0.6254836059002726,584,30,26,0.6126871392496394,0.6072395197395197,0.6530772806923435,26
V2-O,V2M-two_stage_user_local_reranker-v1,protocol_a_rollv2_cv3,2,2027,V2H-local-shuffle,False,shuffle_eeg_control,sqrt_margin_eeg_base0p05,margin_shrinkage,0.05,,,,user_center_alpha_2p0,V1-profile-dynamic-gated_cross_attention,0.6284246575342466,0.6445496632996632,0.6284246575342466,0.6441784912618247,584,30,26,0.6227904040404041,0.6194862544862545,0.6475700032185387,26
V2-O,V2M-two_stage_user_local_reranker-v1,protocol_a_rollv2_cv3,3,2027,V2H-local-shuffle,False,shuffle_eeg_control,eeg_only,baseline,0.0,,,,user_center_alpha_2p0,V1-profile-dynamic-gated_cross_attention,0.6472491909385113,0.6536947806605636,0.6472491909385113,0.676905759584331,618,28,24,0.6329298615137775,0.6422608641358641,0.5684831172636051,24
V2-O,V2M-two_stage_user_local_reranker-v1,protocol_a_rollv2_cv3,3,2027,V2H-local-shuffle,False,shuffle_eeg_control,v2n_eeg_base_0p05,v2n_reference,0.05,,,,user_center_alpha_2p0,V1-profile-dynamic-gated_cross_attention,0.6472491909385113,0.6549447806605636,0.6472491909385113,0.6779771881557596,618,28,24,0.6339399625238785,0.6435108641358641,0.5691056910569106,24
V2-O,V2M-two_stage_user_local_reranker-v1,protocol_a_rollv2_cv3,3,2027,V2H-local-shuffle,False,shuffle_eeg_control,hist_gate_floor0p25_cap5_base0p05,history_reliability,0.05,0.25,5.0,,user_center_alpha_2p0,V1-profile-dynamic-gated_cross_attention,0.6472491909385113,0.6549447806605636,0.6472491909385113,0.6779771881557596,618,28,24,0.6339399625238785,0.6435108641358641,0.5691056910569106,24
V2-O,V2M-two_stage_user_local_reranker-v1,protocol_a_rollv2_cv3,3,2027,V2H-local-shuffle,False,shuffle_eeg_control,hist_gate_floor0p25_cap10_base0p05,history_reliability,0.05,0.25,10.0,,user_center_alpha_2p0,V1-profile-dynamic-gated_cross_attention,0.6472491909385113,0.6549447806605636,0.6472491909385113,0.6779771881557596,618,28,24,0.6339399625238785,0.6435108641358641,0.5691056910569106,24
V2-O,V2M-two_stage_user_local_reranker-v1,protocol_a_rollv2_cv3,3,2027,V2H-local-shuffle,False,shuffle_eeg_control,hist_gate_floor0p25_cap20_base0p05,history_reliability,0.05,0.25,20.0,,user_center_alpha_2p0,V1-profile-dynamic-gated_cross_attention,0.6472491909385113,0.6549447806605636,0.6472491909385113,0.6779771881557596,618,28,24,0.6339399625238785,0.6435108641358641,0.5691056910569106,24
V2-O,V2M-two_stage_user_local_reranker-v1,protocol_a_rollv2_cv3,3,2027,V2H-local-shuffle,False,shuffle_eeg_control,hist_gate_floor0p50_cap10_base0p05,history_reliability,0.05,0.5,10.0,,user_center_alpha_2p0,V1-profile-dynamic-gated_cross_attention,0.6472491909385113,0.6549447806605636,0.6472491909385113,0.6779771881557596,618,28,24,0.6339399625238785,0.6435108641358641,0.5691056910569106,24
V2-O,V2M-two_stage_user_local_reranker-v1,protocol_a_rollv2_cv3,3,2027,V2H-local-shuffle,False,shuffle_eeg_control,session_rank_eeg_base0p05,session_block_listwise,0.05,,,,user_center_alpha_2p0,V1-profile-dynamic-gated_cross_attention,0.6472491909385113,0.6536947806605636,0.6472491909385113,0.676905759584331,618,28,24,0.6465481876321036,0.6540801983510316,0.6194243023511316,24
V2-O,V2M-two_stage_user_local_reranker-v1,protocol_a_rollv2_cv3,3,2027,V2H-local-shuffle,False,shuffle_eeg_control,session_rank_eeg_base0p10,session_block_listwise,0.1,,,,user_center_alpha_2p0,V1-profile-dynamic-gated_cross_attention,0.6488673139158576,0.6546417503575334,0.6488673139158576,0.6777174478960193,618,28,24,0.6487114284317081,0.655798772986273,0.6205595839742181,24
V2-O,V2M-two_stage_user_local_reranker-v1,protocol_a_rollv2_cv3,3,2027,V2H-local-shuffle,False,shuffle_eeg_control,session_z_eeg_base0p05,session_block_listwise,0.05,,,,user_center_alpha_2p0,V1-profile-dynamic-gated_cross_attention,0.6407766990291263,0.6498079961487792,0.6407766990291263,0.6735742300028013,618,28,24,0.6453506477982003,0.654015614015614,0.6320222661686076,24
V2-O,V2M-two_stage_user_local_reranker-v1,protocol_a_rollv2_cv3,3,2027,V2H-local-shuffle,False,shuffle_eeg_control,session_z_eeg_base0p10,session_block_listwise,0.1,,,,user_center_alpha_2p0,V1-profile-dynamic-gated_cross_attention,0.6423948220064725,0.6541705317613148,0.6423948220064725,0.6765694986230699,618,28,24,0.651058615044629,0.6591497545664212,0.6321321321321322,24
V2-O,V2M-two_stage_user_local_reranker-v1,protocol_a_rollv2_cv3,3,2027,V2H-local-shuffle,False,shuffle_eeg_control,agreement_gate0p10_base0p05,eeg_base_agreement,0.05,,,0.1,user_center_alpha_2p0,V1-profile-dynamic-gated_cross_attention,0.6440129449838188,0.65441950914845,0.6440129449838188,0.676781043031043,618,28,24,0.6301881587720748,0.6403516930600264,0.5761371127224785,24
V2-O,V2M-two_stage_user_local_reranker-v1,protocol_a_rollv2_cv3,3,2027,V2H-local-shuffle,False,shuffle_eeg_control,agreement_gate0p25_base0p05,eeg_base_agreement,0.05,,,0.25,user_center_alpha_2p0,V1-profile-dynamic-gated_cross_attention,0.6699029126213593,0.6813098945556698,0.6699029126213593,0.6934755390112531,618,28,24,0.6617044959702303,0.6701405538905538,0.5851461217314875,24
V2-O,V2M-two_stage_user_local_reranker-v1,protocol_a_rollv2_cv3,3,2027,V2H-local-shuffle,False,shuffle_eeg_control,sqrt_margin_eeg_base0p05,margin_shrinkage,0.05,,,,user_center_alpha_2p0,V1-profile-dynamic-gated_cross_attention,0.6472491909385113,0.6596644591302421,0.6472491909385113,0.6805345316059601,618,28,24,0.6388362414586192,0.6496194314944315,0.5715227422544495,24
V2-O,V2M-two_stage_user_local_reranker-v1,protocol_a_rollv2_cv3,1,2028,V2H-local-shuffle,False,shuffle_eeg_control,eeg_only,baseline,0.0,,,,user_center_alpha_2p0,V1-profile-dynamic-gated_cross_attention,0.6421404682274248,0.6595483022268737,0.6421404682274248,0.6905245653817081,598,35,28,0.6351250242295019,0.630419479660551,0.5872613675807012,28
V2-O,V2M-two_stage_user_local_reranker-v1,protocol_a_rollv2_cv3,1,2028,V2H-local-shuffle,False,shuffle_eeg_control,v2n_eeg_base_0p05,v2n_reference,0.05,,,,user_center_alpha_2p0,V1-profile-dynamic-gated_cross_attention,0.6387959866220736,0.6541911593697307,0.6387959866220736,0.6826674225245654,598,35,28,0.6329608451250242,0.6280980510891225,0.5879555709822979,28
V2-O,V2M-two_stage_user_local_reranker-v1,protocol_a_rollv2_cv3,1,2028,V2H-local-shuffle,False,shuffle_eeg_control,hist_gate_floor0p25_cap5_base0p05,history_reliability,0.05,0.25,5.0,,user_center_alpha_2p0,V1-profile-dynamic-gated_cross_attention,0.6387959866220736,0.6541911593697307,0.6387959866220736,0.6826674225245654,598,35,28,0.6329608451250242,0.6280980510891225,0.5879555709822979,28
V2-O,V2M-two_stage_user_local_reranker-v1,protocol_a_rollv2_cv3,1,2028,V2H-local-shuffle,False,shuffle_eeg_control,hist_gate_floor0p25_cap10_base0p05,history_reliability,0.05,0.25,10.0,,user_center_alpha_2p0,V1-profile-dynamic-gated_cross_attention,0.6387959866220736,0.6541911593697307,0.6387959866220736,0.6826674225245654,598,35,28,0.6329608451250242,0.6280980510891225,0.5879555709822979,28
V2-O,V2M-two_stage_user_local_reranker-v1,protocol_a_rollv2_cv3,1,2028,V2H-local-shuffle,False,shuffle_eeg_control,hist_gate_floor0p25_cap20_base0p05,history_reliability,0.05,0.25,20.0,,user_center_alpha_2p0,V1-profile-dynamic-gated_cross_attention,0.6387959866220736,0.6541911593697307,0.6387959866220736,0.6826674225245654,598,35,28,0.6329608451250242,0.6280980510891225,0.5879555709822979,28
V2-O,V2M-two_stage_user_local_reranker-v1,protocol_a_rollv2_cv3,1,2028,V2H-local-shuffle,False,shuffle_eeg_control,hist_gate_floor0p50_cap10_base0p05,history_reliability,0.05,0.5,10.0,,user_center_alpha_2p0,V1-profile-dynamic-gated_cross_attention,0.6387959866220736,0.6541911593697307,0.6387959866220736,0.6826674225245654,598,35,28,0.6329608451250242,0.6280980510891225,0.5879555709822979,28
V2-O,V2M-two_stage_user_local_reranker-v1,protocol_a_rollv2_cv3,1,2028,V2H-local-shuffle,False,shuffle_eeg_control,session_rank_eeg_base0p05,session_block_listwise,0.05,,,,user_center_alpha_2p0,V1-profile-dynamic-gated_cross_attention,0.6421404682274248,0.6595483022268737,0.6421404682274248,0.6905245653817081,598,35,28,0.6311490168206586,0.6257017668178382,0.6107948628948282,28
V2-O,V2M-two_stage_user_local_reranker-v1,protocol_a_rollv2_cv3,1,2028,V2H-local-shuffle,False,shuffle_eeg_control,session_rank_eeg_base0p10,session_block_listwise,0.1,,,,user_center_alpha_2p0,V1-profile-dynamic-gated_cross_attention,0.6446488294314381,0.6605049348799349,0.6446488294314381,0.6912898715041572,598,35,28,0.6338990652796623,0.6281658206211777,0.6111766747657064,28
V2-O,V2M-two_stage_user_local_reranker-v1,protocol_a_rollv2_cv3,1,2028,V2H-local-shuffle,False,shuffle_eeg_control,session_z_eeg_base0p05,session_block_listwise,0.05,,,,user_center_alpha_2p0,V1-profile-dynamic-gated_cross_attention,0.6438127090301003,0.660976873655445,0.6438127090301003,0.6916674225245654,598,35,28,0.6413496370959058,0.635742931010788,0.6185352308226311,28
V2-O,V2M-two_stage_user_local_reranker-v1,protocol_a_rollv2_cv3,1,2028,V2H-local-shuffle,False,shuffle_eeg_control,session_z_eeg_base0p10,session_block_listwise,0.1,,,,user_center_alpha_2p0,V1-profile-dynamic-gated_cross_attention,0.6454849498327759,0.6629680868073724,0.6454849498327759,0.6896889644746788,598,35,28,0.6436595162714565,0.637505969559541,0.6199236376258244,28
V2-O,V2M-two_stage_user_local_reranker-v1,protocol_a_rollv2_cv3,1,2028,V2H-local-shuffle,False,shuffle_eeg_control,agreement_gate0p10_base0p05,eeg_base_agreement,0.05,,,0.1,user_center_alpha_2p0,V1-profile-dynamic-gated_cross_attention,0.6438127090301003,0.6593399688935403,0.6438127090301003,0.6862479213907785,598,35,28,0.6345161637698951,0.6307844173022745,0.5889621659146129,28
V2-O,V2M-two_stage_user_local_reranker-v1,protocol_a_rollv2_cv3,1,2028,V2H-local-shuffle,False,shuffle_eeg_control,agreement_gate0p25_base0p05,eeg_base_agreement,0.05,,,0.25,user_center_alpha_2p0,V1-profile-dynamic-gated_cross_attention,0.6421404682274248,0.653883619687191,0.6421404682274248,0.6802955404383976,598,35,28,0.6342898063793585,0.6303144111179825,0.5901076015272475,28
V2-O,V2M-two_stage_user_local_reranker-v1,protocol_a_rollv2_cv3,1,2028,V2H-local-shuffle,False,shuffle_eeg_control,sqrt_margin_eeg_base0p05,margin_shrinkage,0.05,,,,user_center_alpha_2p0,V1-profile-dynamic-gated_cross_attention,0.6438127090301003,0.6613807852200708,0.6438127090301003,0.6896095993953137,598,35,28,0.6348987745256401,0.6299121100460388,0.5889274557445332,28
V2-O,V2M-two_stage_user_local_reranker-v1,protocol_a_rollv2_cv3,2,2028,V2H-local-shuffle,False,shuffle_eeg_control,eeg_only,baseline,0.0,,,,user_center_alpha_2p0,V1-profile-dynamic-gated_cross_attention,0.6404109589041096,0.648462185962186,0.6404109589041096,0.6391037357704026,584,30,26,0.6267774846681096,0.6221640396640397,0.6458892107427672,26
V2-O,V2M-two_stage_user_local_reranker-v1,protocol_a_rollv2_cv3,2,2028,V2H-local-shuffle,False,shuffle_eeg_control,v2n_eeg_base_0p05,v2n_reference,0.05,,,,user_center_alpha_2p0,V1-profile-dynamic-gated_cross_attention,0.6404109589041096,0.648462185962186,0.6404109589041096,0.6391037357704026,584,30,26,0.6286240755772006,0.6239122914122915,0.646032256910918,26
V2-O,V2M-two_stage_user_local_reranker-v1,protocol_a_rollv2_cv3,2,2028,V2H-local-shuffle,False,shuffle_eeg_control,hist_gate_floor0p25_cap5_base0p05,history_reliability,0.05,0.25,5.0,,user_center_alpha_2p0,V1-profile-dynamic-gated_cross_attention,0.6404109589041096,0.648462185962186,0.6404109589041096,0.6391037357704026,584,30,26,0.6286240755772006,0.6239122914122915,0.646032256910918,26
V2-O,V2M-two_stage_user_local_reranker-v1,protocol_a_rollv2_cv3,2,2028,V2H-local-shuffle,False,shuffle_eeg_control,hist_gate_floor0p25_cap10_base0p05,history_reliability,0.05,0.25,10.0,,user_center_alpha_2p0,V1-profile-dynamic-gated_cross_attention,0.6404109589041096,0.648462185962186,0.6404109589041096,0.6391037357704026,584,30,26,0.6286240755772006,0.6239122914122915,0.646032256910918,26
V2-O,V2M-two_stage_user_local_reranker-v1,protocol_a_rollv2_cv3,2,2028,V2H-local-shuffle,False,shuffle_eeg_control,hist_gate_floor0p25_cap20_base0p05,history_reliability,0.05,0.25,20.0,,user_center_alpha_2p0,V1-profile-dynamic-gated_cross_attention,0.6404109589041096,0.648462185962186,0.6404109589041096,0.6391037357704026,584,30,26,0.6286240755772006,0.6239122914122915,0.646032256910918,26
V2-O,V2M-two_stage_user_local_reranker-v1,protocol_a_rollv2_cv3,2,2028,V2H-local-shuffle,False,shuffle_eeg_control,hist_gate_floor0p50_cap10_base0p05,history_reliability,0.05,0.5,10.0,,user_center_alpha_2p0,V1-profile-dynamic-gated_cross_attention,0.6404109589041096,0.648462185962186,0.6404109589041096,0.6391037357704026,584,30,26,0.6286240755772006,0.6239122914122915,0.646032256910918,26
V2-O,V2M-two_stage_user_local_reranker-v1,protocol_a_rollv2_cv3,2,2028,V2H-local-shuffle,False,shuffle_eeg_control,session_rank_eeg_base0p05,session_block_listwise,0.05,,,,user_center_alpha_2p0,V1-profile-dynamic-gated_cross_attention,0.6404109589041096,0.648462185962186,0.6404109589041096,0.6391037357704026,584,30,26,0.6442491883116883,0.6419264994264994,0.5994707291778422,26
V2-O,V2M-two_stage_user_local_reranker-v1,protocol_a_rollv2_cv3,2,2028,V2H-local-shuffle,False,shuffle_eeg_control,session_rank_eeg_base0p10,session_block_listwise,0.1,,,,user_center_alpha_2p0,V1-profile-dynamic-gated_cross_attention,0.6412671232876712,0.6485512173012175,0.6412671232876712,0.6391808962642295,584,30,26,0.647410770652958,0.6454038091538092,0.6010442370275006,26
V2-O,V2M-two_stage_user_local_reranker-v1,protocol_a_rollv2_cv3,2,2028,V2H-local-shuffle,False,shuffle_eeg_control,session_z_eeg_base0p05,session_block_listwise,0.05,,,,user_center_alpha_2p0,V1-profile-dynamic-gated_cross_attention,0.6386986301369864,0.6469868094868095,0.6386986301369864,0.6378250761584094,584,30,26,0.6463909181096681,0.6423321585821586,0.593784643993849,26
V2-O,V2M-two_stage_user_local_reranker-v1,protocol_a_rollv2_cv3,2,2028,V2H-local-shuffle,False,shuffle_eeg_control,session_z_eeg_base0p10,session_block_listwise,0.1,,,,user_center_alpha_2p0,V1-profile-dynamic-gated_cross_attention,0.6352739726027398,0.6433390683390685,0.6352739726027398,0.6281822190155524,584,30,26,0.6463165133477633,0.6418437580937582,0.5950005364231307,26
V2-O,V2M-two_stage_user_local_reranker-v1,protocol_a_rollv2_cv3,2,2028,V2H-local-shuffle,False,shuffle_eeg_control,agreement_gate0p10_base0p05,eeg_base_agreement,0.05,,,0.1,user_center_alpha_2p0,V1-profile-dynamic-gated_cross_attention,0.6318493150684932,0.6348709161209162,0.6318493150684932,0.6273246352413019,584,30,26,0.6185927353896103,0.6133769933769934,0.6499302649930265,26
V2-O,V2M-two_stage_user_local_reranker-v1,protocol_a_rollv2_cv3,2,2028,V2H-local-shuffle,False,shuffle_eeg_control,agreement_gate0p25_base0p05,eeg_base_agreement,0.05,,,0.25,user_center_alpha_2p0,V1-profile-dynamic-gated_cross_attention,0.6335616438356164,0.6328548766048766,0.6335616438356164,0.6190959195125862,584,30,26,0.6212217036435786,0.6155664705664705,0.6578693273253943,26
V2-O,V2M-two_stage_user_local_reranker-v1,protocol_a_rollv2_cv3,2,2028,V2H-local-shuffle,False,shuffle_eeg_control,sqrt_margin_eeg_base0p05,margin_shrinkage,0.05,,,,user_center_alpha_2p0,V1-profile-dynamic-gated_cross_attention,0.6404109589041096,0.6500800125800126,0.6404109589041096,0.6340243706910373,584,30,26,0.6312319624819624,0.6276668701668702,0.6477130493866896,26
V2-O,V2M-two_stage_user_local_reranker-v1,protocol_a_rollv2_cv3,3,2028,V2H-local-shuffle,False,shuffle_eeg_control,eeg_only,baseline,0.0,,,,user_center_alpha_2p0,V1-profile-dynamic-gated_cross_attention,0.6213592233009708,0.638309598378774,0.6213592233009708,0.6555644752073323,618,28,24,0.6220236736845128,0.6302661381828049,0.556251373324544,24
V2-O,V2M-two_stage_user_local_reranker-v1,protocol_a_rollv2_cv3,3,2028,V2H-local-shuffle,False,shuffle_eeg_control,v2n_eeg_base_0p05,v2n_reference,0.05,,,,user_center_alpha_2p0,V1-profile-dynamic-gated_cross_attention,0.6213592233009708,0.6362803775995532,0.6213592233009708,0.6538251431108574,618,28,24,0.6195151973124001,0.6272200523242191,0.556837325130008,24
V2-O,V2M-two_stage_user_local_reranker-v1,protocol_a_rollv2_cv3,3,2028,V2H-local-shuffle,False,shuffle_eeg_control,hist_gate_floor0p25_cap5_base0p05,history_reliability,0.05,0.25,5.0,,user_center_alpha_2p0,V1-profile-dynamic-gated_cross_attention,0.6213592233009708,0.6362803775995532,0.6213592233009708,0.6538251431108574,618,28,24,0.6195151973124001,0.6272200523242191,0.556837325130008,24
V2-O,V2M-two_stage_user_local_reranker-v1,protocol_a_rollv2_cv3,3,2028,V2H-local-shuffle,False,shuffle_eeg_control,hist_gate_floor0p25_cap10_base0p05,history_reliability,0.05,0.25,10.0,,user_center_alpha_2p0,V1-profile-dynamic-gated_cross_attention,0.6213592233009708,0.6362803775995532,0.6213592233009708,0.6538251431108574,618,28,24,0.6195151973124001,0.6272200523242191,0.556837325130008,24
V2-O,V2M-two_stage_user_local_reranker-v1,protocol_a_rollv2_cv3,3,2028,V2H-local-shuffle,False,shuffle_eeg_control,hist_gate_floor0p25_cap20_base0p05,history_reliability,0.05,0.25,20.0,,user_center_alpha_2p0,V1-profile-dynamic-gated_cross_attention,0.6213592233009708,0.6362803775995532,0.6213592233009708,0.6538251431108574,618,28,24,0.6195151973124001,0.6272200523242191,0.556837325130008,24
V2-O,V2M-two_stage_user_local_reranker-v1,protocol_a_rollv2_cv3,3,2028,V2H-local-shuffle,False,shuffle_eeg_control,hist_gate_floor0p50_cap10_base0p05,history_reliability,0.05,0.5,10.0,,user_center_alpha_2p0,V1-profile-dynamic-gated_cross_attention,0.6213592233009708,0.6362803775995532,0.6213592233009708,0.6538251431108574,618,28,24,0.6195151973124001,0.6272200523242191,0.556837325130008,24
V2-O,V2M-two_stage_user_local_reranker-v1,protocol_a_rollv2_cv3,3,2028,V2H-local-shuffle,False,shuffle_eeg_control,session_rank_eeg_base0p05,session_block_listwise,0.05,,,,user_center_alpha_2p0,V1-profile-dynamic-gated_cross_attention,0.6213592233009708,0.638309598378774,0.6213592233009708,0.6555644752073323,618,28,24,0.6341268482876875,0.6406965835090835,0.5990807881051783,24
V2-O,V2M-two_stage_user_local_reranker-v1,protocol_a_rollv2_cv3,3,2028,V2H-local-shuffle,False,shuffle_eeg_control,session_rank_eeg_base0p10,session_block_listwise,0.1,,,,user_center_alpha_2p0,V1-profile-dynamic-gated_cross_attention,0.6213592233009708,0.638309598378774,0.6213592233009708,0.6555644752073323,618,28,24,0.6341268482876875,0.6406965835090835,0.6000512707829782,24
V2-O,V2M-two_stage_user_local_reranker-v1,protocol_a_rollv2_cv3,3,2028,V2H-local-shuffle,False,shuffle_eeg_control,session_z_eeg_base0p05,session_block_listwise,0.05,,,,user_center_alpha_2p0,V1-profile-dynamic-gated_cross_attention,0.6229773462783171,0.6373220442662199,0.6229773462783171,0.6547180002537145,618,28,24,0.6368423146395175,0.6422470584970584,0.603640225591445,24
V2-O,V2M-two_stage_user_local_reranker-v1,protocol_a_rollv2_cv3,3,2028,V2H-local-shuffle,False,shuffle_eeg_control,session_z_eeg_base0p10,session_block_listwise,0.1,,,,user_center_alpha_2p0,V1-profile-dynamic-gated_cross_attention,0.6262135922330098,0.6392896368588126,0.6262135922330098,0.6564045081902224,618,28,24,0.6380175283147311,0.6431729844229844,0.6047388852266902,24
V2-O,V2M-two_stage_user_local_reranker-v1,protocol_a_rollv2_cv3,3,2028,V2H-local-shuffle,False,shuffle_eeg_control,agreement_gate0p10_base0p05,eeg_base_agreement,0.05,,,0.1,user_center_alpha_2p0,V1-profile-dynamic-gated_cross_attention,0.6262135922330098,0.6429444275230846,0.6262135922330098,0.6496888825460253,618,28,24,0.6219657770357071,0.63106670335837,0.5650406504065041,24
V2-O,V2M-two_stage_user_local_reranker-v1,protocol_a_rollv2_cv3,3,2028,V2H-local-shuffle,False,shuffle_eeg_control,agreement_gate0p25_base0p05,eeg_base_agreement,0.05,,,0.25,user_center_alpha_2p0,V1-profile-dynamic-gated_cross_attention,0.6407766990291263,0.6656565028502915,0.6407766990291263,0.6698929641786784,618,28,24,0.642861547931478,0.6533594723178057,0.5798725554823115,24
V2-O,V2M-two_stage_user_local_reranker-v1,protocol_a_rollv2_cv3,3,2028,V2H-local-shuffle,False,shuffle_eeg_control,sqrt_margin_eeg_base0p05,margin_shrinkage,0.05,,,,user_center_alpha_2p0,V1-profile-dynamic-gated_cross_attention,0.6197411003236246,0.6351229701921458,0.6197411003236246,0.6528330796187938,618,28,24,0.6156981809953839,0.623632089361256,0.5591445103640226,24
V2-O,V2M-two_stage_user_local_reranker-v1,protocol_a_rollv2_cv3,1,2029,V2H-local-shuffle,False,shuffle_eeg_control,eeg_only,baseline,0.0,,,,user_center_alpha_2p0,V1-profile-dynamic-gated_cross_attention,0.6387959866220736,0.6578523460666318,0.6387959866220736,0.6931927437641724,598,35,28,0.6413118390730331,0.6409292542774685,0.5824019437695245,28
V2-O,V2M-two_stage_user_local_reranker-v1,protocol_a_rollv2_cv3,1,2029,V2H-local-shuffle,False,shuffle_eeg_control,v2n_eeg_base_0p05,v2n_reference,0.05,,,,user_center_alpha_2p0,V1-profile-dynamic-gated_cross_attention,0.6387959866220736,0.6526865297401011,0.6387959866220736,0.6848934240362813,598,35,28,0.6397695505158192,0.6387523835291692,0.582714335300243,28
V2-O,V2M-two_stage_user_local_reranker-v1,protocol_a_rollv2_cv3,1,2029,V2H-local-shuffle,False,shuffle_eeg_control,hist_gate_floor0p25_cap5_base0p05,history_reliability,0.05,0.25,5.0,,user_center_alpha_2p0,V1-profile-dynamic-gated_cross_attention,0.6387959866220736,0.6526865297401011,0.6387959866220736,0.6848934240362813,598,35,28,0.6397695505158192,0.6387523835291692,0.582714335300243,28
V2-O,V2M-two_stage_user_local_reranker-v1,protocol_a_rollv2_cv3,1,2029,V2H-local-shuffle,False,shuffle_eeg_control,hist_gate_floor0p25_cap10_base0p05,history_reliability,0.05,0.25,10.0,,user_center_alpha_2p0,V1-profile-dynamic-gated_cross_attention,0.6387959866220736,0.6526865297401011,0.6387959866220736,0.6848934240362813,598,35,28,0.6397695505158192,0.6387523835291692,0.582714335300243,28
V2-O,V2M-two_stage_user_local_reranker-v1,protocol_a_rollv2_cv3,1,2029,V2H-local-shuffle,False,shuffle_eeg_control,hist_gate_floor0p25_cap20_base0p05,history_reliability,0.05,0.25,20.0,,user_center_alpha_2p0,V1-profile-dynamic-gated_cross_attention,0.6387959866220736,0.6526865297401011,0.6387959866220736,0.6848934240362813,598,35,28,0.6397695505158192,0.6387523835291692,0.582714335300243,28
V2-O,V2M-two_stage_user_local_reranker-v1,protocol_a_rollv2_cv3,1,2029,V2H-local-shuffle,False,shuffle_eeg_control,hist_gate_floor0p50_cap10_base0p05,history_reliability,0.05,0.5,10.0,,user_center_alpha_2p0,V1-profile-dynamic-gated_cross_attention,0.6387959866220736,0.6526865297401011,0.6387959866220736,0.6848934240362813,598,35,28,0.6397695505158192,0.6387523835291692,0.582714335300243,28
V2-O,V2M-two_stage_user_local_reranker-v1,protocol_a_rollv2_cv3,1,2029,V2H-local-shuffle,False,shuffle_eeg_control,session_rank_eeg_base0p05,session_block_listwise,0.05,,,,user_center_alpha_2p0,V1-profile-dynamic-gated_cross_attention,0.6387959866220736,0.6578523460666318,0.6387959866220736,0.6931927437641724,598,35,28,0.6325811419095001,0.6306710600907028,0.6105345366192294,28
V2-O,V2M-two_stage_user_local_reranker-v1,protocol_a_rollv2_cv3,1,2029,V2H-local-shuffle,False,shuffle_eeg_control,session_rank_eeg_base0p10,session_block_listwise,0.1,,,,user_center_alpha_2p0,V1-profile-dynamic-gated_cross_attention,0.6404682274247492,0.6587452032094889,0.6404682274247492,0.6939070294784582,598,35,28,0.6335512911632314,0.63156391723356,0.6115064213814648,28
V2-O,V2M-two_stage_user_local_reranker-v1,protocol_a_rollv2_cv3,1,2029,V2H-local-shuffle,False,shuffle_eeg_control,session_z_eeg_base0p05,session_block_listwise,0.05,,,,user_center_alpha_2p0,V1-profile-dynamic-gated_cross_attention,0.6421404682274248,0.6561892769928485,0.6421404682274248,0.6902902494331066,598,35,28,0.6467283711313563,0.6453559188827046,0.6161055189170427,28
V2-O,V2M-two_stage_user_local_reranker-v1,protocol_a_rollv2_cv3,1,2029,V2H-local-shuffle,False,shuffle_eeg_control,session_z_eeg_base0p10,session_block_listwise,0.1,,,,user_center_alpha_2p0,V1-profile-dynamic-gated_cross_attention,0.6421404682274248,0.6511127463806036,0.6421404682274248,0.6826575963718822,598,35,28,0.6424213348840214,0.640738571943929,0.615827837556404,28
V2-O,V2M-two_stage_user_local_reranker-v1,protocol_a_rollv2_cv3,1,2029,V2H-local-shuffle,False,shuffle_eeg_control,agreement_gate0p10_base0p05,eeg_base_agreement,0.05,,,0.1,user_center_alpha_2p0,V1-profile-dynamic-gated_cross_attention,0.637123745819398,0.6648202293738007,0.637123745819398,0.6922346938775511,598,35,28,0.6377450410286232,0.6378118558029272,0.5823325234293648,28
V2-O,V2M-two_stage_user_local_reranker-v1,protocol_a_rollv2_cv3,1,2029,V2H-local-shuffle,False,shuffle_eeg_control,agreement_gate0p25_base0p05,eeg_base_agreement,0.05,,,0.25,user_center_alpha_2p0,V1-profile-dynamic-gated_cross_attention,0.6321070234113713,0.6562955695098552,0.6321070234113713,0.681049886621315,598,35,28,0.631452693243738,0.6318516800659657,0.5827143353002431,28
V2-O,V2M-two_stage_user_local_reranker-v1,protocol_a_rollv2_cv3,1,2029,V2H-local-shuffle,False,shuffle_eeg_control,sqrt_margin_eeg_base0p05,margin_shrinkage,0.05,,,,user_center_alpha_2p0,V1-profile-dynamic-gated_cross_attention,0.6404682274247492,0.6679381432060003,0.6404682274247492,0.692546485260771,598,35,28,0.6417606771338116,0.6410778705421561,0.5828184658104825,28
V2-O,V2M-two_stage_user_local_reranker-v1,protocol_a_rollv2_cv3,2,2029,V2H-local-shuffle,False,shuffle_eeg_control,eeg_only,baseline,0.0,,,,user_center_alpha_2p0,V1-profile-dynamic-gated_cross_attention,0.6472602739726028,0.6557743182743182,0.6472602739726028,0.6419620811287478,584,30,26,0.6414720869408369,0.6385627798127799,0.6492150341522727,26
V2-O,V2M-two_stage_user_local_reranker-v1,protocol_a_rollv2_cv3,2,2029,V2H-local-shuffle,False,shuffle_eeg_control,v2n_eeg_base_0p05,v2n_reference,0.05,,,,user_center_alpha_2p0,V1-profile-dynamic-gated_cross_attention,0.648972602739726,0.6610398860398861,0.648972602739726,0.6562477954144621,584,30,26,0.6441246167027418,0.6415389702889703,0.6502163573293281,26
V2-O,V2M-two_stage_user_local_reranker-v1,protocol_a_rollv2_cv3,2,2029,V2H-local-shuffle,False,shuffle_eeg_control,hist_gate_floor0p25_cap5_base0p05,history_reliability,0.05,0.25,5.0,,user_center_alpha_2p0,V1-profile-dynamic-gated_cross_attention,0.648972602739726,0.6610398860398861,0.648972602739726,0.6562477954144621,584,30,26,0.6441246167027418,0.6415389702889703,0.6502163573293281,26
V2-O,V2M-two_stage_user_local_reranker-v1,protocol_a_rollv2_cv3,2,2029,V2H-local-shuffle,False,shuffle_eeg_control,hist_gate_floor0p25_cap10_base0p05,history_reliability,0.05,0.25,10.0,,user_center_alpha_2p0,V1-profile-dynamic-gated_cross_attention,0.648972602739726,0.6610398860398861,0.648972602739726,0.6562477954144621,584,30,26,0.6441246167027418,0.6415389702889703,0.6502163573293281,26
V2-O,V2M-two_stage_user_local_reranker-v1,protocol_a_rollv2_cv3,2,2029,V2H-local-shuffle,False,shuffle_eeg_control,hist_gate_floor0p25_cap20_base0p05,history_reliability,0.05,0.25,20.0,,user_center_alpha_2p0,V1-profile-dynamic-gated_cross_attention,0.648972602739726,0.6610398860398861,0.648972602739726,0.6562477954144621,584,30,26,0.6441246167027418,0.6415389702889703,0.6502163573293281,26
V2-O,V2M-two_stage_user_local_reranker-v1,protocol_a_rollv2_cv3,2,2029,V2H-local-shuffle,False,shuffle_eeg_control,hist_gate_floor0p50_cap10_base0p05,history_reliability,0.05,0.5,10.0,,user_center_alpha_2p0,V1-profile-dynamic-gated_cross_attention,0.648972602739726,0.6610398860398861,0.648972602739726,0.6562477954144621,584,30,26,0.6441246167027418,0.6415389702889703,0.6502163573293281,26
V2-O,V2M-two_stage_user_local_reranker-v1,protocol_a_rollv2_cv3,2,2029,V2H-local-shuffle,False,shuffle_eeg_control,session_rank_eeg_base0p05,session_block_listwise,0.05,,,,user_center_alpha_2p0,V1-profile-dynamic-gated_cross_attention,0.6472602739726028,0.6557743182743182,0.6472602739726028,0.6419620811287478,584,30,26,0.6502669552669553,0.6493791856291857,0.602868075671423,26
V2-O,V2M-two_stage_user_local_reranker-v1,protocol_a_rollv2_cv3,2,2029,V2H-local-shuffle,False,shuffle_eeg_control,session_rank_eeg_base0p10,session_block_listwise,0.1,,,,user_center_alpha_2p0,V1-profile-dynamic-gated_cross_attention,0.646404109589041,0.6550620675620676,0.646404109589041,0.6413447971781304,584,30,26,0.6556662608225108,0.6556113793613794,0.6045131066051569,26
V2-O,V2M-two_stage_user_local_reranker-v1,protocol_a_rollv2_cv3,2,2029,V2H-local-shuffle,False,shuffle_eeg_control,session_z_eeg_base0p05,session_block_listwise,0.05,,,,user_center_alpha_2p0,V1-profile-dynamic-gated_cross_attention,0.648972602739726,0.6624313186813188,0.648972602739726,0.6574537037037037,584,30,26,0.6498007981601732,0.6474333999333999,0.5910310052569467,26
V2-O,V2M-two_stage_user_local_reranker-v1,protocol_a_rollv2_cv3,2,2029,V2H-local-shuffle,False,shuffle_eeg_control,session_z_eeg_base0p10,session_block_listwise,0.1,,,,user_center_alpha_2p0,V1-profile-dynamic-gated_cross_attention,0.648972602739726,0.659653540903541,0.648972602739726,0.6550462962962964,584,30,26,0.6490392766955267,0.6471420246420246,0.5923899438543792,26
V2-O,V2M-two_stage_user_local_reranker-v1,protocol_a_rollv2_cv3,2,2029,V2H-local-shuffle,False,shuffle_eeg_control,agreement_gate0p10_base0p05,eeg_base_agreement,0.05,,,0.1,user_center_alpha_2p0,V1-profile-dynamic-gated_cross_attention,0.648972602739726,0.6479025604025606,0.648972602739726,0.6448621131954467,584,30,26,0.6342642947330448,0.6305023217523218,0.6545077423738511,26
V2-O,V2M-two_stage_user_local_reranker-v1,protocol_a_rollv2_cv3,2,2029,V2H-local-shuffle,False,shuffle_eeg_control,agreement_gate0p25_base0p05,eeg_base_agreement,0.05,,,0.25,user_center_alpha_2p0,V1-profile-dynamic-gated_cross_attention,0.636986301369863,0.6443514818514818,0.636986301369863,0.6412554112554113,584,30,26,0.63180284992785,0.629488566988567,0.6599077352215428,26
V2-O,V2M-two_stage_user_local_reranker-v1,protocol_a_rollv2_cv3,2,2029,V2H-local-shuffle,False,shuffle_eeg_control,sqrt_margin_eeg_base0p05,margin_shrinkage,0.05,,,,user_center_alpha_2p0,V1-profile-dynamic-gated_cross_attention,0.6558219178082192,0.6792149979649982,0.6558219178082192,0.6719995590828926,584,30,26,0.6599766639610389,0.65994301994302,0.6522547652254764,26
V2-O,V2M-two_stage_user_local_reranker-v1,protocol_a_rollv2_cv3,3,2029,V2H-local-shuffle,False,shuffle_eeg_control,eeg_only,baseline,0.0,,,,user_center_alpha_2p0,V1-profile-dynamic-gated_cross_attention,0.6359223300970874,0.658165041663655,0.6359223300970874,0.6754383843669558,618,28,24,0.637013607992629,0.647729812625646,0.5518201127957225,24
V2-O,V2M-two_stage_user_local_reranker-v1,protocol_a_rollv2_cv3,3,2029,V2H-local-shuffle,False,shuffle_eeg_control,v2n_eeg_base_0p05,v2n_reference,0.05,,,,user_center_alpha_2p0,V1-profile-dynamic-gated_cross_attention,0.6359223300970874,0.6596002268488401,0.6359223300970874,0.6766685430971144,618,28,24,0.6375575085365295,0.6488872200330534,0.5529187724309675,24
V2-O,V2M-two_stage_user_local_reranker-v1,protocol_a_rollv2_cv3,3,2029,V2H-local-shuffle,False,shuffle_eeg_control,hist_gate_floor0p25_cap5_base0p05,history_reliability,0.05,0.25,5.0,,user_center_alpha_2p0,V1-profile-dynamic-gated_cross_attention,0.6359223300970874,0.6596002268488401,0.6359223300970874,0.6766685430971144,618,28,24,0.6375575085365295,0.6488872200330534,0.5529187724309675,24
V2-O,V2M-two_stage_user_local_reranker-v1,protocol_a_rollv2_cv3,3,2029,V2H-local-shuffle,False,shuffle_eeg_control,hist_gate_floor0p25_cap10_base0p05,history_reliability,0.05,0.25,10.0,,user_center_alpha_2p0,V1-profile-dynamic-gated_cross_attention,0.6359223300970874,0.6596002268488401,0.6359223300970874,0.6766685430971144,618,28,24,0.6375575085365295,0.6488872200330534,0.5529187724309675,24
V2-O,V2M-two_stage_user_local_reranker-v1,protocol_a_rollv2_cv3,3,2029,V2H-local-shuffle,False,shuffle_eeg_control,hist_gate_floor0p25_cap20_base0p05,history_reliability,0.05,0.25,20.0,,user_center_alpha_2p0,V1-profile-dynamic-gated_cross_attention,0.6359223300970874,0.6596002268488401,0.6359223300970874,0.6766685430971144,618,28,24,0.6375575085365295,0.6488872200330534,0.5529187724309675,24
V2-O,V2M-two_stage_user_local_reranker-v1,protocol_a_rollv2_cv3,3,2029,V2H-local-shuffle,False,shuffle_eeg_control,hist_gate_floor0p50_cap10_base0p05,history_reliability,0.05,0.5,10.0,,user_center_alpha_2p0,V1-profile-dynamic-gated_cross_attention,0.6359223300970874,0.6596002268488401,0.6359223300970874,0.6766685430971144,618,28,24,0.6375575085365295,0.6488872200330534,0.5529187724309675,24
V2-O,V2M-two_stage_user_local_reranker-v1,protocol_a_rollv2_cv3,3,2029,V2H-local-shuffle,False,shuffle_eeg_control,session_rank_eeg_base0p05,session_block_listwise,0.05,,,,user_center_alpha_2p0,V1-profile-dynamic-gated_cross_attention,0.6359223300970874,0.658165041663655,0.6359223300970874,0.6754383843669558,618,28,24,0.6529129863920073,0.662698948428115,0.6110012451475866,24
V2-O,V2M-two_stage_user_local_reranker-v1,protocol_a_rollv2_cv3,3,2029,V2H-local-shuffle,False,shuffle_eeg_control,session_rank_eeg_base0p10,session_block_listwise,0.1,,,,user_center_alpha_2p0,V1-profile-dynamic-gated_cross_attention,0.6359223300970874,0.658165041663655,0.6359223300970874,0.6754383843669558,618,28,24,0.6548554883345092,0.6642421583046584,0.6112392880685564,24
V2-O,V2M-two_stage_user_local_reranker-v1,protocol_a_rollv2_cv3,3,2029,V2H-local-shuffle,False,shuffle_eeg_control,session_z_eeg_base0p05,session_block_listwise,0.05,,,,user_center_alpha_2p0,V1-profile-dynamic-gated_cross_attention,0.6343042071197411,0.6566240363726497,0.6343042071197411,0.6741175226889513,618,28,24,0.6543448878239089,0.663396148604482,0.6165311653116531,24
V2-O,V2M-two_stage_user_local_reranker-v1,protocol_a_rollv2_cv3,3,2029,V2H-local-shuffle,False,shuffle_eeg_control,session_z_eeg_base0p10,session_block_listwise,0.1,,,,user_center_alpha_2p0,V1-profile-dynamic-gated_cross_attention,0.6310679611650486,0.654752894397341,0.6310679611650486,0.6717696390910677,618,28,24,0.6526549111339321,0.6627402844069511,0.6171171171171171,24
V2-O,V2M-two_stage_user_local_reranker-v1,protocol_a_rollv2_cv3,3,2029,V2H-local-shuffle,False,shuffle_eeg_control,agreement_gate0p10_base0p05,eeg_base_agreement,0.05,,,0.1,user_center_alpha_2p0,V1-profile-dynamic-gated_cross_attention,0.6472491909385113,0.6725895657263369,0.6472491909385113,0.6864185946328802,618,28,24,0.6508295899904292,0.6631061955020288,0.5590346444004981,24
V2-O,V2M-two_stage_user_local_reranker-v1,protocol_a_rollv2_cv3,3,2029,V2H-local-shuffle,False,shuffle_eeg_control,agreement_gate0p25_base0p05,eeg_base_agreement,0.05,,,0.25,user_center_alpha_2p0,V1-profile-dynamic-gated_cross_attention,0.6472491909385113,0.6724607438294229,0.6472491909385113,0.6827242532599674,618,28,24,0.6513997269242024,0.6626982469690803,0.5696183988866915,24
V2-O,V2M-two_stage_user_local_reranker-v1,protocol_a_rollv2_cv3,3,2029,V2H-local-shuffle,False,shuffle_eeg_control,sqrt_margin_eeg_base0p05,margin_shrinkage,0.05,,,,user_center_alpha_2p0,V1-profile-dynamic-gated_cross_attention,0.6343042071197411,0.6602544085995131,0.6343042071197411,0.676589650428936,618,28,24,0.6389644349434559,0.6512422685339352,0.554859737786567,24
V2-O,V2M-two_stage_user_local_reranker-v1,protocol_a_rollv2_cv3,1,2030,V2H-local-shuffle,False,shuffle_eeg_control,eeg_only,baseline,0.0,,,,user_center_alpha_2p0,V1-profile-dynamic-gated_cross_attention,0.6254180602006689,0.6496283214140357,0.6254180602006689,0.691161753590325,598,35,28,0.6266294070771683,0.6260395193430908,0.5780284623394655,28
V2-O,V2M-two_stage_user_local_reranker-v1,protocol_a_rollv2_cv3,1,2030,V2H-local-shuffle,False,shuffle_eeg_control,v2n_eeg_base_0p05,v2n_reference,0.05,,,,user_center_alpha_2p0,V1-profile-dynamic-gated_cross_attention,0.6321070234113713,0.6530107855107855,0.6321070234113713,0.6938677248677249,598,35,28,0.6320475544356141,0.6314061104239675,0.5783061437001041,28
V2-O,V2M-two_stage_user_local_reranker-v1,protocol_a_rollv2_cv3,1,2030,V2H-local-shuffle,False,shuffle_eeg_control,hist_gate_floor0p25_cap5_base0p05,history_reliability,0.05,0.25,5.0,,user_center_alpha_2p0,V1-profile-dynamic-gated_cross_attention,0.6321070234113713,0.6530107855107855,0.6321070234113713,0.6938677248677249,598,35,28,0.6320475544356141,0.6314061104239675,0.5783061437001041,28
V2-O,V2M-two_stage_user_local_reranker-v1,protocol_a_rollv2_cv3,1,2030,V2H-local-shuffle,False,shuffle_eeg_control,hist_gate_floor0p25_cap10_base0p05,history_reliability,0.05,0.25,10.0,,user_center_alpha_2p0,V1-profile-dynamic-gated_cross_attention,0.6321070234113713,0.6530107855107855,0.6321070234113713,0.6938677248677249,598,35,28,0.6320475544356141,0.6314061104239675,0.5783061437001041,28
V2-O,V2M-two_stage_user_local_reranker-v1,protocol_a_rollv2_cv3,1,2030,V2H-local-shuffle,False,shuffle_eeg_control,hist_gate_floor0p25_cap20_base0p05,history_reliability,0.05,0.25,20.0,,user_center_alpha_2p0,V1-profile-dynamic-gated_cross_attention,0.6321070234113713,0.6530107855107855,0.6321070234113713,0.6938677248677249,598,35,28,0.6320475544356141,0.6314061104239675,0.5783061437001041,28
V2-O,V2M-two_stage_user_local_reranker-v1,protocol_a_rollv2_cv3,1,2030,V2H-local-shuffle,False,shuffle_eeg_control,hist_gate_floor0p50_cap10_base0p05,history_reliability,0.05,0.5,10.0,,user_center_alpha_2p0,V1-profile-dynamic-gated_cross_attention,0.6321070234113713,0.6530107855107855,0.6321070234113713,0.6938677248677249,598,35,28,0.6320475544356141,0.6314061104239675,0.5783061437001041,28
V2-O,V2M-two_stage_user_local_reranker-v1,protocol_a_rollv2_cv3,1,2030,V2H-local-shuffle,False,shuffle_eeg_control,session_rank_eeg_base0p05,session_block_listwise,0.05,,,,user_center_alpha_2p0,V1-profile-dynamic-gated_cross_attention,0.6254180602006689,0.6496283214140357,0.6254180602006689,0.691161753590325,598,35,28,0.6260332536451939,0.6244601413797841,0.6040958000694203,28
V2-O,V2M-two_stage_user_local_reranker-v1,protocol_a_rollv2_cv3,1,2030,V2H-local-shuffle,False,shuffle_eeg_control,session_rank_eeg_base0p10,session_block_listwise,0.1,,,,user_center_alpha_2p0,V1-profile-dynamic-gated_cross_attention,0.6270903010033445,0.650521178556893,0.6270903010033445,0.6918760393046106,598,35,28,0.6270034028989253,0.6253529985226413,0.6051891704269351,28
V2-O,V2M-two_stage_user_local_reranker-v1,protocol_a_rollv2_cv3,1,2030,V2H-local-shuffle,False,shuffle_eeg_control,session_z_eeg_base0p05,session_block_listwise,0.05,,,,user_center_alpha_2p0,V1-profile-dynamic-gated_cross_attention,0.6354515050167224,0.6558806834699692,0.6354515050167224,0.6961636432350717,598,35,28,0.6401828519738969,0.6381149075791933,0.6219368274904548,28
V2-O,V2M-two_stage_user_local_reranker-v1,protocol_a_rollv2_cv3,1,2030,V2H-local-shuffle,False,shuffle_eeg_control,session_z_eeg_base0p10,session_block_listwise,0.1,,,,user_center_alpha_2p0,V1-profile-dynamic-gated_cross_attention,0.637123745819398,0.6564352942031514,0.637123745819398,0.6966073318216175,598,35,28,0.6409505502789086,0.6385612932041506,0.6209302325581396,28
V2-O,V2M-two_stage_user_local_reranker-v1,protocol_a_rollv2_cv3,1,2030,V2H-local-shuffle,False,shuffle_eeg_control,agreement_gate0p10_base0p05,eeg_base_agreement,0.05,,,0.1,user_center_alpha_2p0,V1-profile-dynamic-gated_cross_attention,0.6321070234113713,0.6530107855107855,0.6321070234113713,0.6926772486772487,598,35,28,0.6318544722276066,0.6320048916031059,0.5786879555709823,28
V2-O,V2M-two_stage_user_local_reranker-v1,protocol_a_rollv2_cv3,1,2030,V2H-local-shuffle,False,shuffle_eeg_control,agreement_gate0p25_base0p05,eeg_base_agreement,0.05,,,0.25,user_center_alpha_2p0,V1-profile-dynamic-gated_cross_attention,0.6337792642140468,0.670064356939357,0.6337792642140468,0.7057248677248676,598,35,28,0.6322903878874028,0.6335751863876863,0.5790350572717807,28
V2-O,V2M-two_stage_user_local_reranker-v1,protocol_a_rollv2_cv3,1,2030,V2H-local-shuffle,False,shuffle_eeg_control,sqrt_margin_eeg_base0p05,margin_shrinkage,0.05,,,,user_center_alpha_2p0,V1-profile-dynamic-gated_cross_attention,0.6404682274247492,0.6599835746264319,0.6404682274247492,0.6994459561602419,598,35,28,0.6358523400314444,0.6348450276575275,0.5788962165914613,28
V2-O,V2M-two_stage_user_local_reranker-v1,protocol_a_rollv2_cv3,2,2030,V2H-local-shuffle,False,shuffle_eeg_control,eeg_only,baseline,0.0,,,,user_center_alpha_2p0,V1-profile-dynamic-gated_cross_attention,0.6147260273972602,0.6315258815258815,0.6147260273972602,0.6169652877986211,584,30,26,0.6189995941558442,0.6158122895622895,0.6630189893788221,26
V2-O,V2M-two_stage_user_local_reranker-v1,protocol_a_rollv2_cv3,2,2030,V2H-local-shuffle,False,shuffle_eeg_control,v2n_eeg_base_0p05,v2n_reference,0.05,,,,user_center_alpha_2p0,V1-profile-dynamic-gated_cross_attention,0.6147260273972602,0.6307245994745995,0.6147260273972602,0.6162708433541767,584,30,26,0.6161040088383838,0.6127597865097865,0.6638057433036513,26
V2-O,V2M-two_stage_user_local_reranker-v1,protocol_a_rollv2_cv3,2,2030,V2H-local-shuffle,False,shuffle_eeg_control,hist_gate_floor0p25_cap5_base0p05,history_reliability,0.05,0.25,5.0,,user_center_alpha_2p0,V1-profile-dynamic-gated_cross_attention,0.6147260273972602,0.6307245994745995,0.6147260273972602,0.6162708433541767,584,30,26,0.6161040088383838,0.6127597865097865,0.6638057433036513,26
V2-O,V2M-two_stage_user_local_reranker-v1,protocol_a_rollv2_cv3,2,2030,V2H-local-shuffle,False,shuffle_eeg_control,hist_gate_floor0p25_cap10_base0p05,history_reliability,0.05,0.25,10.0,,user_center_alpha_2p0,V1-profile-dynamic-gated_cross_attention,0.6147260273972602,0.6307245994745995,0.6147260273972602,0.6162708433541767,584,30,26,0.6161040088383838,0.6127597865097865,0.6638057433036513,26
V2-O,V2M-two_stage_user_local_reranker-v1,protocol_a_rollv2_cv3,2,2030,V2H-local-shuffle,False,shuffle_eeg_control,hist_gate_floor0p25_cap20_base0p05,history_reliability,0.05,0.25,20.0,,user_center_alpha_2p0,V1-profile-dynamic-gated_cross_attention,0.6147260273972602,0.6307245994745995,0.6147260273972602,0.6162708433541767,584,30,26,0.6161040088383838,0.6127597865097865,0.6638057433036513,26
V2-O,V2M-two_stage_user_local_reranker-v1,protocol_a_rollv2_cv3,2,2030,V2H-local-shuffle,False,shuffle_eeg_control,hist_gate_floor0p50_cap10_base0p05,history_reliability,0.05,0.5,10.0,,user_center_alpha_2p0,V1-profile-dynamic-gated_cross_attention,0.6147260273972602,0.6307245994745995,0.6147260273972602,0.6162708433541767,584,30,26,0.6161040088383838,0.6127597865097865,0.6638057433036513,26
V2-O,V2M-two_stage_user_local_reranker-v1,protocol_a_rollv2_cv3,2,2030,V2H-local-shuffle,False,shuffle_eeg_control,session_rank_eeg_base0p05,session_block_listwise,0.05,,,,user_center_alpha_2p0,V1-profile-dynamic-gated_cross_attention,0.6147260273972602,0.6315258815258815,0.6147260273972602,0.6169652877986211,584,30,26,0.6274159000721501,0.6267509342509343,0.5840396237885778,26
V2-O,V2M-two_stage_user_local_reranker-v1,protocol_a_rollv2_cv3,2,2030,V2H-local-shuffle,False,shuffle_eeg_control,session_rank_eeg_base0p10,session_block_listwise,0.1,,,,user_center_alpha_2p0,V1-profile-dynamic-gated_cross_attention,0.6164383561643836,0.6323271635771637,0.6164383561643836,0.6176597322430656,584,30,26,0.6291762490981242,0.6283118733118732,0.585523727783142,26
V2-O,V2M-two_stage_user_local_reranker-v1,protocol_a_rollv2_cv3,2,2030,V2H-local-shuffle,False,shuffle_eeg_control,session_z_eeg_base0p05,session_block_listwise,0.05,,,,user_center_alpha_2p0,V1-profile-dynamic-gated_cross_attention,0.6164383561643836,0.6308848558848559,0.6164383561643836,0.6164097322430656,584,30,26,0.6254651424963925,0.625166823916824,0.5808389657762043,26
V2-O,V2M-two_stage_user_local_reranker-v1,protocol_a_rollv2_cv3,2,2030,V2H-local-shuffle,False,shuffle_eeg_control,session_z_eeg_base0p10,session_block_listwise,0.1,,,,user_center_alpha_2p0,V1-profile-dynamic-gated_cross_attention,0.6147260273972602,0.6288345913345913,0.6147260273972602,0.6135217251883919,584,30,26,0.6240886544011545,0.6241620416620417,0.5830204198405036,26
V2-O,V2M-two_stage_user_local_reranker-v1,protocol_a_rollv2_cv3,2,2030,V2H-local-shuffle,False,shuffle_eeg_control,agreement_gate0p10_base0p05,eeg_base_agreement,0.05,,,0.1,user_center_alpha_2p0,V1-profile-dynamic-gated_cross_attention,0.613013698630137,0.6161031098531099,0.613013698630137,0.603598885682219,584,30,26,0.609796626984127,0.605551023051023,0.6686693130207775,26
V2-O,V2M-two_stage_user_local_reranker-v1,protocol_a_rollv2_cv3,2,2030,V2H-local-shuffle,False,shuffle_eeg_control,agreement_gate0p25_base0p05,eeg_base_agreement,0.05,,,0.25,user_center_alpha_2p0,V1-profile-dynamic-gated_cross_attention,0.6113013698630136,0.6139140951640951,0.6113013698630136,0.6009742263908932,584,30,26,0.6097978670634921,0.6052033614533615,0.6705646747487751,26
V2-O,V2M-two_stage_user_local_reranker-v1,protocol_a_rollv2_cv3,2,2030,V2H-local-shuffle,False,shuffle_eeg_control,sqrt_margin_eeg_base0p05,margin_shrinkage,0.05,,,,user_center_alpha_2p0,V1-profile-dynamic-gated_cross_attention,0.6198630136986302,0.6366642616642616,0.6198630136986302,0.6203074394741062,584,30,26,0.6242660984848485,0.622101602101602,0.6659514358259128,26
V2-O,V2M-two_stage_user_local_reranker-v1,protocol_a_rollv2_cv3,3,2030,V2H-local-shuffle,False,shuffle_eeg_control,eeg_only,baseline,0.0,,,,user_center_alpha_2p0,V1-profile-dynamic-gated_cross_attention,0.6181229773462783,0.6195545758516605,0.6181229773462783,0.623746841782556,618,28,24,0.6152388792248933,0.6223039653247987,0.5480480480480481,24
V2-O,V2M-two_stage_user_local_reranker-v1,protocol_a_rollv2_cv3,3,2030,V2H-local-shuffle,False,shuffle_eeg_control,v2n_eeg_base_0p05,v2n_reference,0.05,,,,user_center_alpha_2p0,V1-profile-dynamic-gated_cross_attention,0.6213592233009708,0.6241379091849938,0.6213592233009708,0.6276754132111274,618,28,24,0.617676719162733,0.6252900764359098,0.549512927561708,24
V2-O,V2M-two_stage_user_local_reranker-v1,protocol_a_rollv2_cv3,3,2030,V2H-local-shuffle,False,shuffle_eeg_control,hist_gate_floor0p25_cap5_base0p05,history_reliability,0.05,0.25,5.0,,user_center_alpha_2p0,V1-profile-dynamic-gated_cross_attention,0.6213592233009708,0.6241379091849938,0.6213592233009708,0.6276754132111274,618,28,24,0.617676719162733,0.6252900764359098,0.549512927561708,24
V2-O,V2M-two_stage_user_local_reranker-v1,protocol_a_rollv2_cv3,3,2030,V2H-local-shuffle,False,shuffle_eeg_control,hist_gate_floor0p25_cap10_base0p05,history_reliability,0.05,0.25,10.0,,user_center_alpha_2p0,V1-profile-dynamic-gated_cross_attention,0.6213592233009708,0.6241379091849938,0.6213592233009708,0.6276754132111274,618,28,24,0.617676719162733,0.6252900764359098,0.549512927561708,24
V2-O,V2M-two_stage_user_local_reranker-v1,protocol_a_rollv2_cv3,3,2030,V2H-local-shuffle,False,shuffle_eeg_control,hist_gate_floor0p25_cap20_base0p05,history_reliability,0.05,0.25,20.0,,user_center_alpha_2p0,V1-profile-dynamic-gated_cross_attention,0.6213592233009708,0.6241379091849938,0.6213592233009708,0.6276754132111274,618,28,24,0.617676719162733,0.6252900764359098,0.549512927561708,24
V2-O,V2M-two_stage_user_local_reranker-v1,protocol_a_rollv2_cv3,3,2030,V2H-local-shuffle,False,shuffle_eeg_control,hist_gate_floor0p50_cap10_base0p05,history_reliability,0.05,0.5,10.0,,user_center_alpha_2p0,V1-profile-dynamic-gated_cross_attention,0.6213592233009708,0.6241379091849938,0.6213592233009708,0.6276754132111274,618,28,24,0.617676719162733,0.6252900764359098,0.549512927561708,24
V2-O,V2M-two_stage_user_local_reranker-v1,protocol_a_rollv2_cv3,3,2030,V2H-local-shuffle,False,shuffle_eeg_control,session_rank_eeg_base0p05,session_block_listwise,0.05,,,,user_center_alpha_2p0,V1-profile-dynamic-gated_cross_attention,0.6181229773462783,0.6195545758516605,0.6181229773462783,0.623746841782556,618,28,24,0.6164584929445069,0.6238251293459627,0.5892660953636564,24
V2-O,V2M-two_stage_user_local_reranker-v1,protocol_a_rollv2_cv3,3,2030,V2H-local-shuffle,False,shuffle_eeg_control,session_rank_eeg_base0p10,session_block_listwise,0.1,,,,user_center_alpha_2p0,V1-profile-dynamic-gated_cross_attention,0.6181229773462783,0.6195545758516605,0.6181229773462783,0.623746841782556,618,28,24,0.6164584929445069,0.6238251293459627,0.5918662565004028,24
V2-O,V2M-two_stage_user_local_reranker-v1,protocol_a_rollv2_cv3,3,2030,V2H-local-shuffle,False,shuffle_eeg_control,session_z_eeg_base0p05,session_block_listwise,0.05,,,,user_center_alpha_2p0,V1-profile-dynamic-gated_cross_attention,0.6213592233009708,0.6233897279680626,0.6213592233009708,0.6271935538006966,618,28,24,0.6179583819443959,0.6259955438080438,0.587746282868234,24
V2-O,V2M-two_stage_user_local_reranker-v1,protocol_a_rollv2_cv3,3,2030,V2H-local-shuffle,False,shuffle_eeg_control,session_z_eeg_base0p10,session_block_listwise,0.1,,,,user_center_alpha_2p0,V1-profile-dynamic-gated_cross_attention,0.6245954692556634,0.6265229951638297,0.6245954692556634,0.630623259016116,618,28,24,0.6196525211385351,0.6275139520972854,0.5900168461144071,24
V2-O,V2M-two_stage_user_local_reranker-v1,protocol_a_rollv2_cv3,3,2030,V2H-local-shuffle,False,shuffle_eeg_control,agreement_gate0p10_base0p05,eeg_base_agreement,0.05,,,0.1,user_center_alpha_2p0,V1-profile-dynamic-gated_cross_attention,0.6294498381877023,0.634998073326408,0.6294498381877023,0.6299156729513872,618,28,24,0.627797280419658,0.6362094888136555,0.5605727678898411,24
V2-O,V2M-two_stage_user_local_reranker-v1,protocol_a_rollv2_cv3,3,2030,V2H-local-shuffle,False,shuffle_eeg_control,agreement_gate0p25_base0p05,eeg_base_agreement,0.05,,,0.25,user_center_alpha_2p0,V1-profile-dynamic-gated_cross_attention,0.627831715210356,0.6363197861888522,0.627831715210356,0.6259515418443989,618,28,24,0.6280294976973299,0.6377167238625572,0.5691056910569106,24
V2-O,V2M-two_stage_user_local_reranker-v1,protocol_a_rollv2_cv3,3,2030,V2H-local-shuffle,False,shuffle_eeg_control,sqrt_margin_eeg_base0p05,margin_shrinkage,0.05,,,,user_center_alpha_2p0,V1-profile-dynamic-gated_cross_attention,0.6294498381877023,0.6342969149169162,0.6294498381877023,0.6372866188044759,618,28,24,0.6274266914127054,0.6351170164711831,0.5533582362850655,24
V2-O,V2M-two_stage_user_local_reranker-v1,protocol_a_rollv2_cv3,1,2026,V2H-local-zero,False,zero_eeg_control,eeg_only,baseline,0.0,,,,user_center_alpha_2p0,V1-profile-dynamic-gated_cross_attention,0.6421404682274248,0.6213217338217338,0.6421404682274248,0.6304761904761905,598,35,28,0.6086026577071354,0.6069565553494124,0.6153418951752864,28
V2-O,V2M-two_stage_user_local_reranker-v1,protocol_a_rollv2_cv3,1,2026,V2H-local-zero,False,zero_eeg_control,v2n_eeg_base_0p05,v2n_reference,0.05,,,,user_center_alpha_2p0,V1-profile-dynamic-gated_cross_attention,0.6471571906354515,0.6259077727827728,0.6471571906354515,0.6335497835497836,598,35,28,0.6087911093881243,0.6052146464646465,0.6155848663658451,28
V2-O,V2M-two_stage_user_local_reranker-v1,protocol_a_rollv2_cv3,1,2026,V2H-local-zero,False,zero_eeg_control,hist_gate_floor0p25_cap5_base0p05,history_reliability,0.05,0.25,5.0,,user_center_alpha_2p0,V1-profile-dynamic-gated_cross_attention,0.6471571906354515,0.6259077727827728,0.6471571906354515,0.6335497835497836,598,35,28,0.6087911093881243,0.6052146464646465,0.6155848663658451,28
V2-O,V2M-two_stage_user_local_reranker-v1,protocol_a_rollv2_cv3,1,2026,V2H-local-zero,False,zero_eeg_control,hist_gate_floor0p25_cap10_base0p05,history_reliability,0.05,0.25,10.0,,user_center_alpha_2p0,V1-profile-dynamic-gated_cross_attention,0.6471571906354515,0.6259077727827728,0.6471571906354515,0.6335497835497836,598,35,28,0.6087911093881243,0.6052146464646465,0.6155848663658451,28
V2-O,V2M-two_stage_user_local_reranker-v1,protocol_a_rollv2_cv3,1,2026,V2H-local-zero,False,zero_eeg_control,hist_gate_floor0p25_cap20_base0p05,history_reliability,0.05,0.25,20.0,,user_center_alpha_2p0,V1-profile-dynamic-gated_cross_attention,0.6471571906354515,0.6259077727827728,0.6471571906354515,0.6335497835497836,598,35,28,0.6087911093881243,0.6052146464646465,0.6155848663658451,28
V2-O,V2M-two_stage_user_local_reranker-v1,protocol_a_rollv2_cv3,1,2026,V2H-local-zero,False,zero_eeg_control,hist_gate_floor0p50_cap10_base0p05,history_reliability,0.05,0.5,10.0,,user_center_alpha_2p0,V1-profile-dynamic-gated_cross_attention,0.6471571906354515,0.6259077727827728,0.6471571906354515,0.6335497835497836,598,35,28,0.6087911093881243,0.6052146464646465,0.6155848663658451,28
V2-O,V2M-two_stage_user_local_reranker-v1,protocol_a_rollv2_cv3,1,2026,V2H-local-zero,False,zero_eeg_control,session_rank_eeg_base0p05,session_block_listwise,0.05,,,,user_center_alpha_2p0,V1-profile-dynamic-gated_cross_attention,0.6421404682274248,0.6213217338217338,0.6421404682274248,0.6304761904761905,598,35,28,0.6132588141543366,0.6104834699031129,0.5978653245400902,28
V2-O,V2M-two_stage_user_local_reranker-v1,protocol_a_rollv2_cv3,1,2026,V2H-local-zero,False,zero_eeg_control,session_rank_eeg_base0p10,session_block_listwise,0.1,,,,user_center_alpha_2p0,V1-profile-dynamic-gated_cross_attention,0.6421404682274248,0.6213217338217338,0.6421404682274248,0.6304761904761905,598,35,28,0.6132588141543366,0.6104834699031129,0.5979000347101701,28
V2-O,V2M-two_stage_user_local_reranker-v1,protocol_a_rollv2_cv3,1,2026,V2H-local-zero,False,zero_eeg_control,session_z_eeg_base0p05,session_block_listwise,0.05,,,,user_center_alpha_2p0,V1-profile-dynamic-gated_cross_attention,0.6438127090301003,0.6274525573632717,0.6438127090301003,0.6347856112141826,598,35,28,0.6173636148263013,0.6114403602350029,0.603366886497744,28
V2-O,V2M-two_stage_user_local_reranker-v1,protocol_a_rollv2_cv3,1,2026,V2H-local-zero,False,zero_eeg_control,session_z_eeg_base0p10,session_block_listwise,0.1,,,,user_center_alpha_2p0,V1-profile-dynamic-gated_cross_attention,0.6438127090301003,0.6254684303791447,0.6438127090301003,0.6331983096268811,598,35,28,0.6166055006353515,0.610377435064935,0.6035057271780632,28
V2-O,V2M-two_stage_user_local_reranker-v1,protocol_a_rollv2_cv3,1,2026,V2H-local-zero,False,zero_eeg_control,agreement_gate0p10_base0p05,eeg_base_agreement,0.05,,,0.1,user_center_alpha_2p0,V1-profile-dynamic-gated_cross_attention,0.6438127090301003,0.6236260267510267,0.6438127090301003,0.6317243867243867,598,35,28,0.6086667312786715,0.6046194083694083,0.615619576535925,28
V2-O,V2M-two_stage_user_local_reranker-v1,protocol_a_rollv2_cv3,1,2026,V2H-local-zero,False,zero_eeg_control,agreement_gate0p25_base0p05,eeg_base_agreement,0.05,,,0.25,user_center_alpha_2p0,V1-profile-dynamic-gated_cross_attention,0.6488294314381271,0.6286855505605505,0.6488294314381271,0.6405339105339105,598,35,28,0.610909090909091,0.6064965342197485,0.616244359597362,28
V2-O,V2M-two_stage_user_local_reranker-v1,protocol_a_rollv2_cv3,1,2026,V2H-local-zero,False,zero_eeg_control,sqrt_margin_eeg_base0p05,margin_shrinkage,0.05,,,,user_center_alpha_2p0,V1-profile-dynamic-gated_cross_attention,0.6421404682274248,0.6244763668870812,0.6421404682274248,0.6324046588332303,598,35,28,0.6083859921173354,0.6044068233353947,0.6158972578965637,28
V2-O,V2M-two_stage_user_local_reranker-v1,protocol_a_rollv2_cv3,2,2026,V2H-local-zero,False,zero_eeg_control,eeg_only,baseline,0.0,,,,user_center_alpha_2p0,V1-profile-dynamic-gated_cross_attention,0.5753424657534246,0.5617710992710993,0.5753424657534246,0.5517492384159051,584,30,26,0.5578216314935065,0.5545817608317608,0.5732575188642134,26
V2-O,V2M-two_stage_user_local_reranker-v1,protocol_a_rollv2_cv3,2,2026,V2H-local-zero,False,zero_eeg_control,v2n_eeg_base_0p05,v2n_reference,0.05,,,,user_center_alpha_2p0,V1-profile-dynamic-gated_cross_attention,0.5821917808219178,0.5681457431457432,0.5821917808219178,0.5574723424723425,584,30,26,0.5654407918470419,0.5620636308136308,0.5745091728355327,26
V2-O,V2M-two_stage_user_local_reranker-v1,protocol_a_rollv2_cv3,2,2026,V2H-local-zero,False,zero_eeg_control,hist_gate_floor0p25_cap5_base0p05,history_reliability,0.05,0.25,5.0,,user_center_alpha_2p0,V1-profile-dynamic-gated_cross_attention,0.5821917808219178,0.5681457431457432,0.5821917808219178,0.5574723424723425,584,30,26,0.5654407918470419,0.5620636308136308,0.5745091728355327,26
V2-O,V2M-two_stage_user_local_reranker-v1,protocol_a_rollv2_cv3,2,2026,V2H-local-zero,False,zero_eeg_control,hist_gate_floor0p25_cap10_base0p05,history_reliability,0.05,0.25,10.0,,user_center_alpha_2p0,V1-profile-dynamic-gated_cross_attention,0.5821917808219178,0.5681457431457432,0.5821917808219178,0.5574723424723425,584,30,26,0.5654407918470419,0.5620636308136308,0.5745091728355327,26
V2-O,V2M-two_stage_user_local_reranker-v1,protocol_a_rollv2_cv3,2,2026,V2H-local-zero,False,zero_eeg_control,hist_gate_floor0p25_cap20_base0p05,history_reliability,0.05,0.25,20.0,,user_center_alpha_2p0,V1-profile-dynamic-gated_cross_attention,0.5821917808219178,0.5681457431457432,0.5821917808219178,0.5574723424723425,584,30,26,0.5654407918470419,0.5620636308136308,0.5745091728355327,26
V2-O,V2M-two_stage_user_local_reranker-v1,protocol_a_rollv2_cv3,2,2026,V2H-local-zero,False,zero_eeg_control,hist_gate_floor0p50_cap10_base0p05,history_reliability,0.05,0.5,10.0,,user_center_alpha_2p0,V1-profile-dynamic-gated_cross_attention,0.5821917808219178,0.5681457431457432,0.5821917808219178,0.5574723424723425,584,30,26,0.5654407918470419,0.5620636308136308,0.5745091728355327,26
V2-O,V2M-two_stage_user_local_reranker-v1,protocol_a_rollv2_cv3,2,2026,V2H-local-zero,False,zero_eeg_control,session_rank_eeg_base0p05,session_block_listwise,0.05,,,,user_center_alpha_2p0,V1-profile-dynamic-gated_cross_attention,0.5753424657534246,0.5617710992710993,0.5753424657534246,0.5517492384159051,584,30,26,0.5572832115800866,0.5538272375772375,0.5520330436648428,26
V2-O,V2M-two_stage_user_local_reranker-v1,protocol_a_rollv2_cv3,2,2026,V2H-local-zero,False,zero_eeg_control,session_rank_eeg_base0p10,session_block_listwise,0.1,,,,user_center_alpha_2p0,V1-profile-dynamic-gated_cross_attention,0.5753424657534246,0.5617710992710993,0.5753424657534246,0.5517492384159051,584,30,26,0.5607207115800865,0.5576733914233913,0.554464828523406,26
V2-O,V2M-two_stage_user_local_reranker-v1,protocol_a_rollv2_cv3,2,2026,V2H-local-zero,False,zero_eeg_control,session_z_eeg_base0p05,session_block_listwise,0.05,,,,user_center_alpha_2p0,V1-profile-dynamic-gated_cross_attention,0.583904109589041,0.5700688200688201,0.583904109589041,0.5616390091390091,584,30,26,0.5707307449494949,0.5672270784770784,0.5529807245288416,26
V2-O,V2M-two_stage_user_local_reranker-v1,protocol_a_rollv2_cv3,2,2026,V2H-local-zero,False,zero_eeg_control,session_z_eeg_base0p10,session_block_listwise,0.1,,,,user_center_alpha_2p0,V1-profile-dynamic-gated_cross_attention,0.5907534246575342,0.5753750878750878,0.5907534246575342,0.5662377745711079,584,30,26,0.5758871076839827,0.5715343452843452,0.5552694632192541,26
V2-O,V2M-two_stage_user_local_reranker-v1,protocol_a_rollv2_cv3,2,2026,V2H-local-zero,False,zero_eeg_control,agreement_gate0p10_base0p05,eeg_base_agreement,0.05,,,0.1,user_center_alpha_2p0,V1-profile-dynamic-gated_cross_attention,0.5821917808219178,0.5705673955673956,0.5821917808219178,0.5595711079044412,584,30,26,0.572985772907648,0.5691958504458504,0.5771555269463219,26
V2-O,V2M-two_stage_user_local_reranker-v1,protocol_a_rollv2_cv3,2,2026,V2H-local-zero,False,zero_eeg_control,agreement_gate0p25_base0p05,eeg_base_agreement,0.05,,,0.25,user_center_alpha_2p0,V1-profile-dynamic-gated_cross_attention,0.589041095890411,0.5855780793280793,0.589041095890411,0.579987774571108,584,30,26,0.5832054924242425,0.5807967495467494,0.5845224046060865,26
V2-O,V2M-two_stage_user_local_reranker-v1,protocol_a_rollv2_cv3,2,2026,V2H-local-zero,False,zero_eeg_control,sqrt_margin_eeg_base0p05,margin_shrinkage,0.05,,,,user_center_alpha_2p0,V1-profile-dynamic-gated_cross_attention,0.5924657534246576,0.5774584212084212,0.5924657534246576,0.5655433301266635,584,30,26,0.5776757530663781,0.5738738113738113,0.5752244036762866,26
V2-O,V2M-two_stage_user_local_reranker-v1,protocol_a_rollv2_cv3,3,2026,V2H-local-zero,False,zero_eeg_control,eeg_only,baseline,0.0,,,,user_center_alpha_2p0,V1-profile-dynamic-gated_cross_attention,0.5728155339805825,0.601893419367297,0.5728155339805825,0.5849311006453863,618,28,24,0.5790397636551483,0.5991028184778185,0.6111843550867941,24
V2-O,V2M-two_stage_user_local_reranker-v1,protocol_a_rollv2_cv3,3,2026,V2H-local-zero,False,zero_eeg_control,v2n_eeg_base_0p05,v2n_reference,0.05,,,,user_center_alpha_2p0,V1-profile-dynamic-gated_cross_attention,0.5711974110032363,0.6000163149901927,0.5711974110032363,0.5833221540364397,618,28,24,0.576482724734473,0.5961917634834302,0.6128689665275032,24
V2-O,V2M-two_stage_user_local_reranker-v1,protocol_a_rollv2_cv3,3,2026,V2H-local-zero,False,zero_eeg_control,hist_gate_floor0p25_cap5_base0p05,history_reliability,0.05,0.25,5.0,,user_center_alpha_2p0,V1-profile-dynamic-gated_cross_attention,0.5711974110032363,0.6000163149901927,0.5711974110032363,0.5833221540364397,618,28,24,0.576482724734473,0.5961917634834302,0.6128689665275032,24
V2-O,V2M-two_stage_user_local_reranker-v1,protocol_a_rollv2_cv3,3,2026,V2H-local-zero,False,zero_eeg_control,hist_gate_floor0p25_cap10_base0p05,history_reliability,0.05,0.25,10.0,,user_center_alpha_2p0,V1-profile-dynamic-gated_cross_attention,0.5711974110032363,0.6000163149901927,0.5711974110032363,0.5833221540364397,618,28,24,0.576482724734473,0.5961917634834302,0.6128689665275032,24
V2-O,V2M-two_stage_user_local_reranker-v1,protocol_a_rollv2_cv3,3,2026,V2H-local-zero,False,zero_eeg_control,hist_gate_floor0p25_cap20_base0p05,history_reliability,0.05,0.25,20.0,,user_center_alpha_2p0,V1-profile-dynamic-gated_cross_attention,0.5711974110032363,0.6000163149901927,0.5711974110032363,0.5833221540364397,618,28,24,0.576482724734473,0.5961917634834302,0.6128689665275032,24
V2-O,V2M-two_stage_user_local_reranker-v1,protocol_a_rollv2_cv3,3,2026,V2H-local-zero,False,zero_eeg_control,hist_gate_floor0p50_cap10_base0p05,history_reliability,0.05,0.5,10.0,,user_center_alpha_2p0,V1-profile-dynamic-gated_cross_attention,0.5711974110032363,0.6000163149901927,0.5711974110032363,0.5833221540364397,618,28,24,0.576482724734473,0.5961917634834302,0.6128689665275032,24
V2-O,V2M-two_stage_user_local_reranker-v1,protocol_a_rollv2_cv3,3,2026,V2H-local-zero,False,zero_eeg_control,session_rank_eeg_base0p05,session_block_listwise,0.05,,,,user_center_alpha_2p0,V1-profile-dynamic-gated_cross_attention,0.5728155339805825,0.601893419367297,0.5728155339805825,0.5849311006453863,618,28,24,0.5821186292340139,0.6018613061321395,0.5570936790448985,24
V2-O,V2M-two_stage_user_local_reranker-v1,protocol_a_rollv2_cv3,3,2026,V2H-local-zero,False,zero_eeg_control,session_rank_eeg_base0p10,session_block_listwise,0.1,,,,user_center_alpha_2p0,V1-profile-dynamic-gated_cross_attention,0.5720064724919094,0.6014304564043341,0.5720064724919094,0.5845342752485608,618,28,24,0.5806034777188623,0.6006267382309048,0.559620596205962,24
V2-O,V2M-two_stage_user_local_reranker-v1,protocol_a_rollv2_cv3,3,2026,V2H-local-zero,False,zero_eeg_control,session_z_eeg_base0p05,session_block_listwise,0.05,,,,user_center_alpha_2p0,V1-profile-dynamic-gated_cross_attention,0.5728155339805825,0.6029925054663832,0.5728155339805825,0.5858731744446031,618,28,24,0.5858441965959449,0.6067489724781391,0.5619644034278181,24
V2-O,V2M-two_stage_user_local_reranker-v1,protocol_a_rollv2_cv3,3,2026,V2H-local-zero,False,zero_eeg_control,session_z_eeg_base0p10,session_block_listwise,0.1,,,,user_center_alpha_2p0,V1-profile-dynamic-gated_cross_attention,0.5744336569579288,0.6038162939464217,0.5744336569579288,0.5871638876996019,618,28,24,0.5867350986232106,0.6069822076072077,0.5643082106496742,24
V2-O,V2M-two_stage_user_local_reranker-v1,protocol_a_rollv2_cv3,3,2026,V2H-local-zero,False,zero_eeg_control,agreement_gate0p10_base0p05,eeg_base_agreement,0.05,,,0.1,user_center_alpha_2p0,V1-profile-dynamic-gated_cross_attention,0.5792880258899676,0.6082781375007574,0.5792880258899676,0.5920725306439591,618,28,24,0.5839256217752721,0.6036833845167179,0.6178495568739472,24
V2-O,V2M-two_stage_user_local_reranker-v1,protocol_a_rollv2_cv3,3,2026,V2H-local-zero,False,zero_eeg_control,agreement_gate0p25_base0p05,eeg_base_agreement,0.05,,,0.25,user_center_alpha_2p0,V1-profile-dynamic-gated_cross_attention,0.5841423948220065,0.6158434581199674,0.5841423948220065,0.599219252969253,618,28,24,0.5889720904581045,0.6089761434553101,0.6244781366732587,24
V2-O,V2M-two_stage_user_local_reranker-v1,protocol_a_rollv2_cv3,3,2026,V2H-local-zero,False,zero_eeg_control,sqrt_margin_eeg_base0p05,margin_shrinkage,0.05,,,,user_center_alpha_2p0,V1-profile-dynamic-gated_cross_attention,0.5776699029126213,0.607759746327374,0.5776699029126213,0.5905439897404182,618,28,24,0.5824865693746814,0.6025041432333099,0.6162015674210797,24
V2-O,V2M-two_stage_user_local_reranker-v1,protocol_a_rollv2_cv3,1,2027,V2H-local-zero,False,zero_eeg_control,eeg_only,baseline,0.0,,,,user_center_alpha_2p0,V1-profile-dynamic-gated_cross_attention,0.6438127090301003,0.6195013518227804,0.6438127090301003,0.6232811791383219,598,35,28,0.6017191100773189,0.5971356421356422,0.6102742103436308,28
V2-O,V2M-two_stage_user_local_reranker-v1,protocol_a_rollv2_cv3,1,2027,V2H-local-zero,False,zero_eeg_control,v2n_eeg_base_0p05,v2n_reference,0.05,,,,user_center_alpha_2p0,V1-profile-dynamic-gated_cross_attention,0.6471571906354515,0.6232215899180186,0.6471571906354515,0.6268526077097505,598,35,28,0.6033431328207446,0.5987087713873428,0.6107948628948281,28
V2-O,V2M-two_stage_user_local_reranker-v1,protocol_a_rollv2_cv3,1,2027,V2H-local-zero,False,zero_eeg_control,hist_gate_floor0p25_cap5_base0p05,history_reliability,0.05,0.25,5.0,,user_center_alpha_2p0,V1-profile-dynamic-gated_cross_attention,0.6471571906354515,0.6232215899180186,0.6471571906354515,0.6268526077097505,598,35,28,0.6033431328207446,0.5987087713873428,0.6107948628948281,28
V2-O,V2M-two_stage_user_local_reranker-v1,protocol_a_rollv2_cv3,1,2027,V2H-local-zero,False,zero_eeg_control,hist_gate_floor0p25_cap10_base0p05,history_reliability,0.05,0.25,10.0,,user_center_alpha_2p0,V1-profile-dynamic-gated_cross_attention,0.6471571906354515,0.6232215899180186,0.6471571906354515,0.6268526077097505,598,35,28,0.6033431328207446,0.5987087713873428,0.6107948628948281,28
V2-O,V2M-two_stage_user_local_reranker-v1,protocol_a_rollv2_cv3,1,2027,V2H-local-zero,False,zero_eeg_control,hist_gate_floor0p25_cap20_base0p05,history_reliability,0.05,0.25,20.0,,user_center_alpha_2p0,V1-profile-dynamic-gated_cross_attention,0.6471571906354515,0.6232215899180186,0.6471571906354515,0.6268526077097505,598,35,28,0.6033431328207446,0.5987087713873428,0.6107948628948281,28
V2-O,V2M-two_stage_user_local_reranker-v1,protocol_a_rollv2_cv3,1,2027,V2H-local-zero,False,zero_eeg_control,hist_gate_floor0p50_cap10_base0p05,history_reliability,0.05,0.5,10.0,,user_center_alpha_2p0,V1-profile-dynamic-gated_cross_attention,0.6471571906354515,0.6232215899180186,0.6471571906354515,0.6268526077097505,598,35,28,0.6033431328207446,0.5987087713873428,0.6107948628948281,28
V2-O,V2M-two_stage_user_local_reranker-v1,protocol_a_rollv2_cv3,1,2027,V2H-local-zero,False,zero_eeg_control,session_rank_eeg_base0p05,session_block_listwise,0.05,,,,user_center_alpha_2p0,V1-profile-dynamic-gated_cross_attention,0.6438127090301003,0.6195013518227804,0.6438127090301003,0.6232811791383219,598,35,28,0.6092774224117508,0.607607001133787,0.5972752516487331,28
V2-O,V2M-two_stage_user_local_reranker-v1,protocol_a_rollv2_cv3,1,2027,V2H-local-zero,False,zero_eeg_control,session_rank_eeg_base0p10,session_block_listwise,0.1,,,,user_center_alpha_2p0,V1-profile-dynamic-gated_cross_attention,0.6438127090301003,0.6195013518227804,0.6438127090301003,0.6232811791383219,598,35,28,0.6092774224117508,0.607607001133787,0.5972405414786532,28
V2-O,V2M-two_stage_user_local_reranker-v1,protocol_a_rollv2_cv3,1,2027,V2H-local-zero,False,zero_eeg_control,session_z_eeg_base0p05,session_block_listwise,0.05,,,,user_center_alpha_2p0,V1-profile-dynamic-gated_cross_attention,0.6454849498327759,0.6195840237804525,0.6454849498327759,0.6239425547996976,598,35,28,0.6063563136697465,0.6024182728647015,0.5997223186393613,28
V2-O,V2M-two_stage_user_local_reranker-v1,protocol_a_rollv2_cv3,1,2027,V2H-local-zero,False,zero_eeg_control,session_z_eeg_base0p10,session_block_listwise,0.1,,,,user_center_alpha_2p0,V1-profile-dynamic-gated_cross_attention,0.6538461538461539,0.6275536005000291,0.6538461538461539,0.630318216175359,598,35,28,0.6138142620232172,0.6093001228269087,0.5993752169385629,28
V2-O,V2M-two_stage_user_local_reranker-v1,protocol_a_rollv2_cv3,1,2027,V2H-local-zero,False,zero_eeg_control,agreement_gate0p10_base0p05,eeg_base_agreement,0.05,,,0.1,user_center_alpha_2p0,V1-profile-dynamic-gated_cross_attention,0.6505016722408027,0.6256025422989709,0.6505016722408027,0.6287573696145123,598,35,28,0.6060427300725807,0.6003633915687487,0.6117667476570636,28
V2-O,V2M-two_stage_user_local_reranker-v1,protocol_a_rollv2_cv3,1,2027,V2H-local-zero,False,zero_eeg_control,agreement_gate0p25_base0p05,eeg_base_agreement,0.05,,,0.25,user_center_alpha_2p0,V1-profile-dynamic-gated_cross_attention,0.6538461538461539,0.6277850819815106,0.6538461538461539,0.6305034013605441,598,35,28,0.6061256488122159,0.6009983122036694,0.6118361679972232,28
V2-O,V2M-two_stage_user_local_reranker-v1,protocol_a_rollv2_cv3,1,2027,V2H-local-zero,False,zero_eeg_control,sqrt_margin_eeg_base0p05,margin_shrinkage,0.05,,,,user_center_alpha_2p0,V1-profile-dynamic-gated_cross_attention,0.6488294314381271,0.6247427539391825,0.6488294314381271,0.6280695389266817,598,35,28,0.605921905623398,0.6003539433450148,0.6116973273169038,28
V2-O,V2M-two_stage_user_local_reranker-v1,protocol_a_rollv2_cv3,2,2027,V2H-local-zero,False,zero_eeg_control,eeg_only,baseline,0.0,,,,user_center_alpha_2p0,V1-profile-dynamic-gated_cross_attention,0.5582191780821918,0.5499375624375624,0.5582191780821918,0.5432924482924483,584,30,26,0.5456742649711399,0.5423611111111112,0.5746522190036835,26
V2-O,V2M-two_stage_user_local_reranker-v1,protocol_a_rollv2_cv3,2,2027,V2H-local-zero,False,zero_eeg_control,v2n_eeg_base_0p05,v2n_reference,0.05,,,,user_center_alpha_2p0,V1-profile-dynamic-gated_cross_attention,0.5565068493150684,0.547177590927591,0.5565068493150684,0.5403713724547058,584,30,26,0.5439939574314574,0.5405550468050468,0.5752959267603619,26
V2-O,V2M-two_stage_user_local_reranker-v1,protocol_a_rollv2_cv3,2,2027,V2H-local-zero,False,zero_eeg_control,hist_gate_floor0p25_cap5_base0p05,history_reliability,0.05,0.25,5.0,,user_center_alpha_2p0,V1-profile-dynamic-gated_cross_attention,0.5565068493150684,0.547177590927591,0.5565068493150684,0.5403713724547058,584,30,26,0.5439939574314574,0.5405550468050468,0.5752959267603619,26
V2-O,V2M-two_stage_user_local_reranker-v1,protocol_a_rollv2_cv3,2,2027,V2H-local-zero,False,zero_eeg_control,hist_gate_floor0p25_cap10_base0p05,history_reliability,0.05,0.25,10.0,,user_center_alpha_2p0,V1-profile-dynamic-gated_cross_attention,0.5565068493150684,0.547177590927591,0.5565068493150684,0.5403713724547058,584,30,26,0.5439939574314574,0.5405550468050468,0.5752959267603619,26
V2-O,V2M-two_stage_user_local_reranker-v1,protocol_a_rollv2_cv3,2,2027,V2H-local-zero,False,zero_eeg_control,hist_gate_floor0p25_cap20_base0p05,history_reliability,0.05,0.25,20.0,,user_center_alpha_2p0,V1-profile-dynamic-gated_cross_attention,0.5565068493150684,0.547177590927591,0.5565068493150684,0.5403713724547058,584,30,26,0.5439939574314574,0.5405550468050468,0.5752959267603619,26
V2-O,V2M-two_stage_user_local_reranker-v1,protocol_a_rollv2_cv3,2,2027,V2H-local-zero,False,zero_eeg_control,hist_gate_floor0p50_cap10_base0p05,history_reliability,0.05,0.5,10.0,,user_center_alpha_2p0,V1-profile-dynamic-gated_cross_attention,0.5565068493150684,0.547177590927591,0.5565068493150684,0.5403713724547058,584,30,26,0.5439939574314574,0.5405550468050468,0.5752959267603619,26
V2-O,V2M-two_stage_user_local_reranker-v1,protocol_a_rollv2_cv3,2,2027,V2H-local-zero,False,zero_eeg_control,session_rank_eeg_base0p05,session_block_listwise,0.05,,,,user_center_alpha_2p0,V1-profile-dynamic-gated_cross_attention,0.5582191780821918,0.5499375624375624,0.5582191780821918,0.5432924482924483,584,30,26,0.545152867965368,0.5417044067044068,0.5436112005149663,26
V2-O,V2M-two_stage_user_local_reranker-v1,protocol_a_rollv2_cv3,2,2027,V2H-local-zero,False,zero_eeg_control,session_rank_eeg_base0p10,session_block_listwise,0.1,,,,user_center_alpha_2p0,V1-profile-dynamic-gated_cross_attention,0.5590753424657534,0.5503382034632035,0.5590753424657534,0.5436396705146705,584,30,26,0.546246617965368,0.5426659451659451,0.5462396738547366,26
V2-O,V2M-two_stage_user_local_reranker-v1,protocol_a_rollv2_cv3,2,2027,V2H-local-zero,False,zero_eeg_control,session_z_eeg_base0p05,session_block_listwise,0.05,,,,user_center_alpha_2p0,V1-profile-dynamic-gated_cross_attention,0.5565068493150684,0.547177590927591,0.5565068493150684,0.5403713724547058,584,30,26,0.5452818362193361,0.5428180615680616,0.5513714551371456,26
V2-O,V2M-two_stage_user_local_reranker-v1,protocol_a_rollv2_cv3,2,2027,V2H-local-zero,False,zero_eeg_control,session_z_eeg_base0p10,session_block_listwise,0.1,,,,user_center_alpha_2p0,V1-profile-dynamic-gated_cross_attention,0.5616438356164384,0.5552743552743553,0.5616438356164384,0.5479705788039122,584,30,26,0.5522907647907649,0.5497548747548747,0.5533741014912563,26
V2-O,V2M-two_stage_user_local_reranker-v1,protocol_a_rollv2_cv3,2,2027,V2H-local-zero,False,zero_eeg_control,agreement_gate0p10_base0p05,eeg_base_agreement,0.05,,,0.1,user_center_alpha_2p0,V1-profile-dynamic-gated_cross_attention,0.559931506849315,0.5576400451400452,0.559931506849315,0.5563171396504729,584,30,26,0.5485053661616162,0.5470416157916158,0.5788363194220936,26
V2-O,V2M-two_stage_user_local_reranker-v1,protocol_a_rollv2_cv3,2,2027,V2H-local-zero,False,zero_eeg_control,agreement_gate0p25_base0p05,eeg_base_agreement,0.05,,,0.25,user_center_alpha_2p0,V1-profile-dynamic-gated_cross_attention,0.571917808219178,0.573029748029748,0.571917808219178,0.5696548821548822,584,30,26,0.5624340503246753,0.5619283494283495,0.5842720738118228,26
V2-O,V2M-two_stage_user_local_reranker-v1,protocol_a_rollv2_cv3,2,2027,V2H-local-zero,False,zero_eeg_control,sqrt_margin_eeg_base0p05,margin_shrinkage,0.05,,,,user_center_alpha_2p0,V1-profile-dynamic-gated_cross_attention,0.5547945205479452,0.5495738058238059,0.5547945205479452,0.5419189915023248,584,30,26,0.5463377074314574,0.5434396621896622,0.5764045345635304,26
V2-O,V2M-two_stage_user_local_reranker-v1,protocol_a_rollv2_cv3,3,2027,V2H-local-zero,False,zero_eeg_control,eeg_only,baseline,0.0,,,,user_center_alpha_2p0,V1-profile-dynamic-gated_cross_attention,0.5663430420711975,0.5907997789725086,0.5663430420711975,0.5772986306022021,618,28,24,0.5700384890944332,0.5882483141858142,0.5856588295612686,24
V2-O,V2M-two_stage_user_local_reranker-v1,protocol_a_rollv2_cv3,3,2027,V2H-local-zero,False,zero_eeg_control,v2n_eeg_base_0p05,v2n_reference,0.05,,,,user_center_alpha_2p0,V1-profile-dynamic-gated_cross_attention,0.56957928802589,0.5974859899350353,0.56957928802589,0.5832385240420955,618,28,24,0.5744312311620003,0.592483084045584,0.587819526843917,24
V2-O,V2M-two_stage_user_local_reranker-v1,protocol_a_rollv2_cv3,3,2027,V2H-local-zero,False,zero_eeg_control,hist_gate_floor0p25_cap5_base0p05,history_reliability,0.05,0.25,5.0,,user_center_alpha_2p0,V1-profile-dynamic-gated_cross_attention,0.56957928802589,0.5974859899350353,0.56957928802589,0.5832385240420955,618,28,24,0.5744312311620003,0.592483084045584,0.587819526843917,24
V2-O,V2M-two_stage_user_local_reranker-v1,protocol_a_rollv2_cv3,3,2027,V2H-local-zero,False,zero_eeg_control,hist_gate_floor0p25_cap10_base0p05,history_reliability,0.05,0.25,10.0,,user_center_alpha_2p0,V1-profile-dynamic-gated_cross_attention,0.56957928802589,0.5974859899350353,0.56957928802589,0.5832385240420955,618,28,24,0.5744312311620003,0.592483084045584,0.587819526843917,24
V2-O,V2M-two_stage_user_local_reranker-v1,protocol_a_rollv2_cv3,3,2027,V2H-local-zero,False,zero_eeg_control,hist_gate_floor0p25_cap20_base0p05,history_reliability,0.05,0.25,20.0,,user_center_alpha_2p0,V1-profile-dynamic-gated_cross_attention,0.56957928802589,0.5974859899350353,0.56957928802589,0.5832385240420955,618,28,24,0.5744312311620003,0.592483084045584,0.587819526843917,24
V2-O,V2M-two_stage_user_local_reranker-v1,protocol_a_rollv2_cv3,3,2027,V2H-local-zero,False,zero_eeg_control,hist_gate_floor0p50_cap10_base0p05,history_reliability,0.05,0.5,10.0,,user_center_alpha_2p0,V1-profile-dynamic-gated_cross_attention,0.56957928802589,0.5974859899350353,0.56957928802589,0.5832385240420955,618,28,24,0.5744312311620003,0.592483084045584,0.587819526843917,24
V2-O,V2M-two_stage_user_local_reranker-v1,protocol_a_rollv2_cv3,3,2027,V2H-local-zero,False,zero_eeg_control,session_rank_eeg_base0p05,session_block_listwise,0.05,,,,user_center_alpha_2p0,V1-profile-dynamic-gated_cross_attention,0.5663430420711975,0.5907997789725086,0.5663430420711975,0.5772986306022021,618,28,24,0.5712386777946219,0.5885734905526572,0.551710246832198,24
V2-O,V2M-two_stage_user_local_reranker-v1,protocol_a_rollv2_cv3,3,2027,V2H-local-zero,False,zero_eeg_control,session_rank_eeg_base0p10,session_block_listwise,0.1,,,,user_center_alpha_2p0,V1-profile-dynamic-gated_cross_attention,0.5679611650485437,0.5940049071776368,0.5679611650485437,0.5800458833494548,618,28,24,0.5719850468102217,0.5891343879885547,0.5535779682121146,24
V2-O,V2M-two_stage_user_local_reranker-v1,protocol_a_rollv2_cv3,3,2027,V2H-local-zero,False,zero_eeg_control,session_z_eeg_base0p05,session_block_listwise,0.05,,,,user_center_alpha_2p0,V1-profile-dynamic-gated_cross_attention,0.5631067961165048,0.5901590789074663,0.5631067961165048,0.5761098392348393,618,28,24,0.5710179777487471,0.5885644332519332,0.5598769501208526,24
V2-O,V2M-two_stage_user_local_reranker-v1,protocol_a_rollv2_cv3,3,2027,V2H-local-zero,False,zero_eeg_control,session_z_eeg_base0p10,session_block_listwise,0.1,,,,user_center_alpha_2p0,V1-profile-dynamic-gated_cross_attention,0.5711974110032363,0.5983511143939099,0.5711974110032363,0.5833954504490219,618,28,24,0.5779347983019311,0.595243325347492,0.5631729290265876,24
V2-O,V2M-two_stage_user_local_reranker-v1,protocol_a_rollv2_cv3,3,2027,V2H-local-zero,False,zero_eeg_control,agreement_gate0p10_base0p05,eeg_base_agreement,0.05,,,0.1,user_center_alpha_2p0,V1-profile-dynamic-gated_cross_attention,0.5711974110032363,0.5958320405812988,0.5711974110032363,0.5721051138015424,618,28,24,0.5763005351292064,0.5942207368249034,0.592507141287629,24
V2-O,V2M-two_stage_user_local_reranker-v1,protocol_a_rollv2_cv3,3,2027,V2H-local-zero,False,zero_eeg_control,agreement_gate0p25_base0p05,eeg_base_agreement,0.05,,,0.25,user_center_alpha_2p0,V1-profile-dynamic-gated_cross_attention,0.5841423948220065,0.6108597727223566,0.5841423948220065,0.5868142802964231,618,28,24,0.5861381722395708,0.6031583270124937,0.5991357210869406,24
V2-O,V2M-two_stage_user_local_reranker-v1,protocol_a_rollv2_cv3,3,2027,V2H-local-zero,False,zero_eeg_control,sqrt_margin_eeg_base0p05,margin_shrinkage,0.05,,,,user_center_alpha_2p0,V1-profile-dynamic-gated_cross_attention,0.5663430420711975,0.5934522173350864,0.5663430420711975,0.5739949402449402,618,28,24,0.5745021198692527,0.5926171128254462,0.5904563099685051,24
V2-O,V2M-two_stage_user_local_reranker-v1,protocol_a_rollv2_cv3,1,2028,V2H-local-zero,False,zero_eeg_control,eeg_only,baseline,0.0,,,,user_center_alpha_2p0,V1-profile-dynamic-gated_cross_attention,0.6555183946488294,0.6693733812483812,0.6555183946488294,0.6683222703222702,598,35,28,0.6328600503973638,0.635147091664949,0.6380423464074974,28
V2-O,V2M-two_stage_user_local_reranker-v1,protocol_a_rollv2_cv3,1,2028,V2H-local-zero,False,zero_eeg_control,v2n_eeg_base_0p05,v2n_reference,0.05,,,,user_center_alpha_2p0,V1-profile-dynamic-gated_cross_attention,0.6538461538461539,0.67024025577597,0.6538461538461539,0.6684205318491032,598,35,28,0.6342293941547674,0.6364037054215627,0.6382158972578965,28
V2-O,V2M-two_stage_user_local_reranker-v1,protocol_a_rollv2_cv3,1,2028,V2H-local-zero,False,zero_eeg_control,hist_gate_floor0p25_cap5_base0p05,history_reliability,0.05,0.25,5.0,,user_center_alpha_2p0,V1-profile-dynamic-gated_cross_attention,0.6538461538461539,0.67024025577597,0.6538461538461539,0.6684205318491032,598,35,28,0.6342293941547674,0.6364037054215627,0.6382158972578965,28
V2-O,V2M-two_stage_user_local_reranker-v1,protocol_a_rollv2_cv3,1,2028,V2H-local-zero,False,zero_eeg_control,hist_gate_floor0p25_cap10_base0p05,history_reliability,0.05,0.25,10.0,,user_center_alpha_2p0,V1-profile-dynamic-gated_cross_attention,0.6538461538461539,0.67024025577597,0.6538461538461539,0.6684205318491032,598,35,28,0.6342293941547674,0.6364037054215627,0.6382158972578965,28
V2-O,V2M-two_stage_user_local_reranker-v1,protocol_a_rollv2_cv3,1,2028,V2H-local-zero,False,zero_eeg_control,hist_gate_floor0p25_cap20_base0p05,history_reliability,0.05,0.25,20.0,,user_center_alpha_2p0,V1-profile-dynamic-gated_cross_attention,0.6538461538461539,0.67024025577597,0.6538461538461539,0.6684205318491032,598,35,28,0.6342293941547674,0.6364037054215627,0.6382158972578965,28
V2-O,V2M-two_stage_user_local_reranker-v1,protocol_a_rollv2_cv3,1,2028,V2H-local-zero,False,zero_eeg_control,hist_gate_floor0p50_cap10_base0p05,history_reliability,0.05,0.5,10.0,,user_center_alpha_2p0,V1-profile-dynamic-gated_cross_attention,0.6538461538461539,0.67024025577597,0.6538461538461539,0.6684205318491032,598,35,28,0.6342293941547674,0.6364037054215627,0.6382158972578965,28
V2-O,V2M-two_stage_user_local_reranker-v1,protocol_a_rollv2_cv3,1,2028,V2H-local-zero,False,zero_eeg_control,session_rank_eeg_base0p05,session_block_listwise,0.05,,,,user_center_alpha_2p0,V1-profile-dynamic-gated_cross_attention,0.6555183946488294,0.6693733812483812,0.6555183946488294,0.6683222703222702,598,35,28,0.6366620361396481,0.6381402245241531,0.6127559875043387,28
V2-O,V2M-two_stage_user_local_reranker-v1,protocol_a_rollv2_cv3,1,2028,V2H-local-zero,False,zero_eeg_control,session_rank_eeg_base0p10,session_block_listwise,0.1,,,,user_center_alpha_2p0,V1-profile-dynamic-gated_cross_attention,0.6555183946488294,0.6693733812483812,0.6555183946488294,0.6683222703222702,598,35,28,0.6355675087764641,0.6369497483336769,0.6127906976744186,28
V2-O,V2M-two_stage_user_local_reranker-v1,protocol_a_rollv2_cv3,1,2028,V2H-local-zero,False,zero_eeg_control,session_z_eeg_base0p05,session_block_listwise,0.05,,,,user_center_alpha_2p0,V1-profile-dynamic-gated_cross_attention,0.6555183946488294,0.6719834530548816,0.6555183946488294,0.6698150896722324,598,35,28,0.6405606168292737,0.6421587043908473,0.6117667476570635,28
V2-O,V2M-two_stage_user_local_reranker-v1,protocol_a_rollv2_cv3,1,2028,V2H-local-zero,False,zero_eeg_control,session_z_eeg_base0p10,session_block_listwise,0.1,,,,user_center_alpha_2p0,V1-profile-dynamic-gated_cross_attention,0.6555183946488294,0.6689177951677951,0.6555183946488294,0.6663857623857622,598,35,28,0.6406576425233143,0.6419485243592387,0.6111419645956265,28
V2-O,V2M-two_stage_user_local_reranker-v1,protocol_a_rollv2_cv3,1,2028,V2H-local-zero,False,zero_eeg_control,agreement_gate0p10_base0p05,eeg_base_agreement,0.05,,,0.1,user_center_alpha_2p0,V1-profile-dynamic-gated_cross_attention,0.6471571906354515,0.6584227082441367,0.6471571906354515,0.6579896928468357,598,35,28,0.6265794404600376,0.6280793908472482,0.6378340853870184,28
V2-O,V2M-two_stage_user_local_reranker-v1,protocol_a_rollv2_cv3,1,2028,V2H-local-zero,False,zero_eeg_control,agreement_gate0p25_base0p05,eeg_base_agreement,0.05,,,0.25,user_center_alpha_2p0,V1-profile-dynamic-gated_cross_attention,0.6438127090301003,0.6536376553340839,0.6438127090301003,0.6535664124235552,598,35,28,0.6251674527793931,0.6265752336288052,0.6374175633460604,28
V2-O,V2M-two_stage_user_local_reranker-v1,protocol_a_rollv2_cv3,1,2028,V2H-local-zero,False,zero_eeg_control,sqrt_margin_eeg_base0p05,margin_shrinkage,0.05,,,,user_center_alpha_2p0,V1-profile-dynamic-gated_cross_attention,0.6555183946488294,0.6665670771027913,0.6555183946488294,0.6645051879337592,598,35,28,0.6328883719928496,0.6343955284133856,0.638320027768136,28
V2-O,V2M-two_stage_user_local_reranker-v1,protocol_a_rollv2_cv3,2,2028,V2H-local-zero,False,zero_eeg_control,eeg_only,baseline,0.0,,,,user_center_alpha_2p0,V1-profile-dynamic-gated_cross_attention,0.5547945205479452,0.5439673752173753,0.5547945205479452,0.5369278098444764,584,30,26,0.551042794011544,0.5440700503200503,0.5924257053964167,26
V2-O,V2M-two_stage_user_local_reranker-v1,protocol_a_rollv2_cv3,2,2028,V2H-local-zero,False,zero_eeg_control,v2n_eeg_base_0p05,v2n_reference,0.05,,,,user_center_alpha_2p0,V1-profile-dynamic-gated_cross_attention,0.559931506849315,0.5530841843341844,0.559931506849315,0.5484401555234888,584,30,26,0.5565141369047619,0.5496008621008621,0.5943210671244143,26
V2-O,V2M-two_stage_user_local_reranker-v1,protocol_a_rollv2_cv3,2,2028,V2H-local-zero,False,zero_eeg_control,hist_gate_floor0p25_cap5_base0p05,history_reliability,0.05,0.25,5.0,,user_center_alpha_2p0,V1-profile-dynamic-gated_cross_attention,0.559931506849315,0.5530841843341844,0.559931506849315,0.5484401555234888,584,30,26,0.5565141369047619,0.5496008621008621,0.5943210671244143,26
V2-O,V2M-two_stage_user_local_reranker-v1,protocol_a_rollv2_cv3,2,2028,V2H-local-zero,False,zero_eeg_control,hist_gate_floor0p25_cap10_base0p05,history_reliability,0.05,0.25,10.0,,user_center_alpha_2p0,V1-profile-dynamic-gated_cross_attention,0.559931506849315,0.5530841843341844,0.559931506849315,0.5484401555234888,584,30,26,0.5565141369047619,0.5496008621008621,0.5943210671244143,26
V2-O,V2M-two_stage_user_local_reranker-v1,protocol_a_rollv2_cv3,2,2028,V2H-local-zero,False,zero_eeg_control,hist_gate_floor0p25_cap20_base0p05,history_reliability,0.05,0.25,20.0,,user_center_alpha_2p0,V1-profile-dynamic-gated_cross_attention,0.559931506849315,0.5530841843341844,0.559931506849315,0.5484401555234888,584,30,26,0.5565141369047619,0.5496008621008621,0.5943210671244143,26
V2-O,V2M-two_stage_user_local_reranker-v1,protocol_a_rollv2_cv3,2,2028,V2H-local-zero,False,zero_eeg_control,hist_gate_floor0p50_cap10_base0p05,history_reliability,0.05,0.5,10.0,,user_center_alpha_2p0,V1-profile-dynamic-gated_cross_attention,0.559931506849315,0.5530841843341844,0.559931506849315,0.5484401555234888,584,30,26,0.5565141369047619,0.5496008621008621,0.5943210671244143,26
V2-O,V2M-two_stage_user_local_reranker-v1,protocol_a_rollv2_cv3,2,2028,V2H-local-zero,False,zero_eeg_control,session_rank_eeg_base0p05,session_block_listwise,0.05,,,,user_center_alpha_2p0,V1-profile-dynamic-gated_cross_attention,0.5547945205479452,0.5439673752173753,0.5547945205479452,0.5369278098444764,584,30,26,0.5400935696248197,0.5331943981943982,0.5405535886707434,26
V2-O,V2M-two_stage_user_local_reranker-v1,protocol_a_rollv2_cv3,2,2028,V2H-local-zero,False,zero_eeg_control,session_rank_eeg_base0p10,session_block_listwise,0.1,,,,user_center_alpha_2p0,V1-profile-dynamic-gated_cross_attention,0.5547945205479452,0.5439673752173753,0.5547945205479452,0.5369278098444764,584,30,26,0.5435310696248197,0.537040552040552,0.5433251081786646,26
V2-O,V2M-two_stage_user_local_reranker-v1,protocol_a_rollv2_cv3,2,2028,V2H-local-zero,False,zero_eeg_control,session_z_eeg_base0p05,session_block_listwise,0.05,,,,user_center_alpha_2p0,V1-profile-dynamic-gated_cross_attention,0.559931506849315,0.5521811521811523,0.559931506849315,0.5476575276575276,584,30,26,0.5581877931096682,0.5525473137973138,0.557486678825591,26
V2-O,V2M-two_stage_user_local_reranker-v1,protocol_a_rollv2_cv3,2,2028,V2H-local-zero,False,zero_eeg_control,session_z_eeg_base0p10,session_block_listwise,0.1,,,,user_center_alpha_2p0,V1-profile-dynamic-gated_cross_attention,0.5513698630136986,0.5490447052947053,0.5513698630136986,0.5523466810966811,584,30,26,0.5527240034271284,0.547693833943834,0.5592032328434002,26
V2-O,V2M-two_stage_user_local_reranker-v1,protocol_a_rollv2_cv3,2,2028,V2H-local-zero,False,zero_eeg_control,agreement_gate0p10_base0p05,eeg_base_agreement,0.05,,,0.1,user_center_alpha_2p0,V1-profile-dynamic-gated_cross_attention,0.5616438356164384,0.5566149128649129,0.5616438356164384,0.5589075276575276,584,30,26,0.5578224206349206,0.5527881840381841,0.5972535135715051,26
V2-O,V2M-two_stage_user_local_reranker-v1,protocol_a_rollv2_cv3,2,2028,V2H-local-zero,False,zero_eeg_control,agreement_gate0p25_base0p05,eeg_base_agreement,0.05,,,0.25,user_center_alpha_2p0,V1-profile-dynamic-gated_cross_attention,0.5821917808219178,0.5750800125800126,0.5821917808219178,0.5738524130190796,584,30,26,0.5755892631673881,0.5712012524512524,0.602403175624933,26
V2-O,V2M-two_stage_user_local_reranker-v1,protocol_a_rollv2_cv3,2,2028,V2H-local-zero,False,zero_eeg_control,sqrt_margin_eeg_base0p05,margin_shrinkage,0.05,,,,user_center_alpha_2p0,V1-profile-dynamic-gated_cross_attention,0.5633561643835616,0.5609418359418359,0.5633561643835616,0.5626575276575276,584,30,26,0.5605381944444444,0.5550165112665113,0.5953223903014698,26
V2-O,V2M-two_stage_user_local_reranker-v1,protocol_a_rollv2_cv3,3,2028,V2H-local-zero,False,zero_eeg_control,eeg_only,baseline,0.0,,,,user_center_alpha_2p0,V1-profile-dynamic-gated_cross_attention,0.5760517799352751,0.60540916974418,0.5760517799352751,0.5810512734619877,618,28,24,0.5779798387315869,0.5995829671871339,0.6113674650260016,24
V2-O,V2M-two_stage_user_local_reranker-v1,protocol_a_rollv2_cv3,3,2028,V2H-local-zero,False,zero_eeg_control,v2n_eeg_base_0p05,v2n_reference,0.05,,,,user_center_alpha_2p0,V1-profile-dynamic-gated_cross_attention,0.580906148867314,0.6090381427699216,0.580906148867314,0.5850921829493257,618,28,24,0.5795438923935426,0.6016992575325909,0.6136746502600161,24
V2-O,V2M-two_stage_user_local_reranker-v1,protocol_a_rollv2_cv3,3,2028,V2H-local-zero,False,zero_eeg_control,hist_gate_floor0p25_cap5_base0p05,history_reliability,0.05,0.25,5.0,,user_center_alpha_2p0,V1-profile-dynamic-gated_cross_attention,0.580906148867314,0.6090381427699216,0.580906148867314,0.5850921829493257,618,28,24,0.5795438923935426,0.6016992575325909,0.6136746502600161,24
V2-O,V2M-two_stage_user_local_reranker-v1,protocol_a_rollv2_cv3,3,2028,V2H-local-zero,False,zero_eeg_control,hist_gate_floor0p25_cap10_base0p05,history_reliability,0.05,0.25,10.0,,user_center_alpha_2p0,V1-profile-dynamic-gated_cross_attention,0.580906148867314,0.6090381427699216,0.580906148867314,0.5850921829493257,618,28,24,0.5795438923935426,0.6016992575325909,0.6136746502600161,24
V2-O,V2M-two_stage_user_local_reranker-v1,protocol_a_rollv2_cv3,3,2028,V2H-local-zero,False,zero_eeg_control,hist_gate_floor0p25_cap20_base0p05,history_reliability,0.05,0.25,20.0,,user_center_alpha_2p0,V1-profile-dynamic-gated_cross_attention,0.580906148867314,0.6090381427699216,0.580906148867314,0.5850921829493257,618,28,24,0.5795438923935426,0.6016992575325909,0.6136746502600161,24
V2-O,V2M-two_stage_user_local_reranker-v1,protocol_a_rollv2_cv3,3,2028,V2H-local-zero,False,zero_eeg_control,hist_gate_floor0p50_cap10_base0p05,history_reliability,0.05,0.5,10.0,,user_center_alpha_2p0,V1-profile-dynamic-gated_cross_attention,0.580906148867314,0.6090381427699216,0.580906148867314,0.5850921829493257,618,28,24,0.5795438923935426,0.6016992575325909,0.6136746502600161,24
V2-O,V2M-two_stage_user_local_reranker-v1,protocol_a_rollv2_cv3,3,2028,V2H-local-zero,False,zero_eeg_control,session_rank_eeg_base0p05,session_block_listwise,0.05,,,,user_center_alpha_2p0,V1-profile-dynamic-gated_cross_attention,0.5760517799352751,0.60540916974418,0.5760517799352751,0.5810512734619877,618,28,24,0.582548880800629,0.6042925130425131,0.5594557972606753,24
V2-O,V2M-two_stage_user_local_reranker-v1,protocol_a_rollv2_cv3,3,2028,V2H-local-zero,False,zero_eeg_control,session_rank_eeg_base0p10,session_block_listwise,0.1,,,,user_center_alpha_2p0,V1-profile-dynamic-gated_cross_attention,0.5760517799352751,0.60540916974418,0.5760517799352751,0.5810512734619877,618,28,24,0.5814125171642653,0.6032508463758464,0.5617812934886106,24
V2-O,V2M-two_stage_user_local_reranker-v1,protocol_a_rollv2_cv3,3,2028,V2H-local-zero,False,zero_eeg_control,session_z_eeg_base0p05,session_block_listwise,0.05,,,,user_center_alpha_2p0,V1-profile-dynamic-gated_cross_attention,0.5841423948220065,0.6124216014165382,0.5841423948220065,0.588096718096718,618,28,24,0.5838493091989595,0.6065300555925556,0.5627334651724896,24
V2-O,V2M-two_stage_user_local_reranker-v1,protocol_a_rollv2_cv3,3,2028,V2H-local-zero,False,zero_eeg_control,session_z_eeg_base0p10,session_block_listwise,0.1,,,,user_center_alpha_2p0,V1-profile-dynamic-gated_cross_attention,0.587378640776699,0.6153771529110151,0.587378640776699,0.59036618143761,618,28,24,0.5875650379146884,0.6104431949223615,0.5651138943821871,24
V2-O,V2M-two_stage_user_local_reranker-v1,protocol_a_rollv2_cv3,3,2028,V2H-local-zero,False,zero_eeg_control,agreement_gate0p10_base0p05,eeg_base_agreement,0.05,,,0.1,user_center_alpha_2p0,V1-profile-dynamic-gated_cross_attention,0.5906148867313916,0.6202784687004889,0.5906148867313916,0.6033877233877234,618,28,24,0.5920133673630178,0.6135257566507567,0.6199003881930711,24
V2-O,V2M-two_stage_user_local_reranker-v1,protocol_a_rollv2_cv3,3,2028,V2H-local-zero,False,zero_eeg_control,agreement_gate0p25_base0p05,eeg_base_agreement,0.05,,,0.25,user_center_alpha_2p0,V1-profile-dynamic-gated_cross_attention,0.5922330097087378,0.6206302852311947,0.5922330097087378,0.6115793333650477,618,28,24,0.591648454498105,0.6119577451869119,0.6271881637735296,24
V2-O,V2M-two_stage_user_local_reranker-v1,protocol_a_rollv2_cv3,3,2028,V2H-local-zero,False,zero_eeg_control,sqrt_margin_eeg_base0p05,margin_shrinkage,0.05,,,,user_center_alpha_2p0,V1-profile-dynamic-gated_cross_attention,0.587378640776699,0.6181243496713698,0.587378640776699,0.5928253492539207,618,28,24,0.5927847308092064,0.6141709101084101,0.6175565809712151,24
V2-O,V2M-two_stage_user_local_reranker-v1,protocol_a_rollv2_cv3,1,2029,V2H-local-zero,False,zero_eeg_control,eeg_only,baseline,0.0,,,,user_center_alpha_2p0,V1-profile-dynamic-gated_cross_attention,0.6605351170568562,0.6568698398162683,0.6605351170568562,0.6583499622071051,598,35,28,0.6298461157416382,0.6330035473785474,0.6289829920166609,28
V2-O,V2M-two_stage_user_local_reranker-v1,protocol_a_rollv2_cv3,1,2029,V2H-local-zero,False,zero_eeg_control,v2n_eeg_base_0p05,v2n_reference,0.05,,,,user_center_alpha_2p0,V1-profile-dynamic-gated_cross_attention,0.6555183946488294,0.6480630216344502,0.6555183946488294,0.6507092695664124,598,35,28,0.6284472658353256,0.6309356747749606,0.629573064908018,28
V2-O,V2M-two_stage_user_local_reranker-v1,protocol_a_rollv2_cv3,1,2029,V2H-local-zero,False,zero_eeg_control,hist_gate_floor0p25_cap5_base0p05,history_reliability,0.05,0.25,5.0,,user_center_alpha_2p0,V1-profile-dynamic-gated_cross_attention,0.6555183946488294,0.6480630216344502,0.6555183946488294,0.6507092695664124,598,35,28,0.6284472658353256,0.6309356747749606,0.629573064908018,28
V2-O,V2M-two_stage_user_local_reranker-v1,protocol_a_rollv2_cv3,1,2029,V2H-local-zero,False,zero_eeg_control,hist_gate_floor0p25_cap10_base0p05,history_reliability,0.05,0.25,10.0,,user_center_alpha_2p0,V1-profile-dynamic-gated_cross_attention,0.6555183946488294,0.6480630216344502,0.6555183946488294,0.6507092695664124,598,35,28,0.6284472658353256,0.6309356747749606,0.629573064908018,28
V2-O,V2M-two_stage_user_local_reranker-v1,protocol_a_rollv2_cv3,1,2029,V2H-local-zero,False,zero_eeg_control,hist_gate_floor0p25_cap20_base0p05,history_reliability,0.05,0.25,20.0,,user_center_alpha_2p0,V1-profile-dynamic-gated_cross_attention,0.6555183946488294,0.6480630216344502,0.6555183946488294,0.6507092695664124,598,35,28,0.6284472658353256,0.6309356747749606,0.629573064908018,28
V2-O,V2M-two_stage_user_local_reranker-v1,protocol_a_rollv2_cv3,1,2029,V2H-local-zero,False,zero_eeg_control,hist_gate_floor0p50_cap10_base0p05,history_reliability,0.05,0.5,10.0,,user_center_alpha_2p0,V1-profile-dynamic-gated_cross_attention,0.6555183946488294,0.6480630216344502,0.6555183946488294,0.6507092695664124,598,35,28,0.6284472658353256,0.6309356747749606,0.629573064908018,28
V2-O,V2M-two_stage_user_local_reranker-v1,protocol_a_rollv2_cv3,1,2029,V2H-local-zero,False,zero_eeg_control,session_rank_eeg_base0p05,session_block_listwise,0.05,,,,user_center_alpha_2p0,V1-profile-dynamic-gated_cross_attention,0.6605351170568562,0.6568698398162683,0.6605351170568562,0.6583499622071051,598,35,28,0.634316189614697,0.6352228707139422,0.613519611246095,28
V2-O,V2M-two_stage_user_local_reranker-v1,protocol_a_rollv2_cv3,1,2029,V2H-local-zero,False,zero_eeg_control,session_rank_eeg_base0p10,session_block_listwise,0.1,,,,user_center_alpha_2p0,V1-profile-dynamic-gated_cross_attention,0.6605351170568562,0.6568698398162683,0.6605351170568562,0.6583499622071051,598,35,28,0.634316189614697,0.6352228707139422,0.6133634154807358,28
V2-O,V2M-two_stage_user_local_reranker-v1,protocol_a_rollv2_cv3,1,2029,V2H-local-zero,False,zero_eeg_control,session_z_eeg_base0p05,session_block_listwise,0.05,,,,user_center_alpha_2p0,V1-profile-dynamic-gated_cross_attention,0.6605351170568562,0.6510741705384563,0.6605351170568562,0.6531181886896172,598,35,28,0.6379839977601172,0.6367803889232461,0.6078097882679625,28
V2-O,V2M-two_stage_user_local_reranker-v1,protocol_a_rollv2_cv3,1,2029,V2H-local-zero,False,zero_eeg_control,session_z_eeg_base0p10,session_block_listwise,0.1,,,,user_center_alpha_2p0,V1-profile-dynamic-gated_cross_attention,0.657190635451505,0.6467678518571376,0.657190635451505,0.6540229505943792,598,35,28,0.6338737050677349,0.632548014155157,0.606872613675807,28
V2-O,V2M-two_stage_user_local_reranker-v1,protocol_a_rollv2_cv3,1,2029,V2H-local-zero,False,zero_eeg_control,agreement_gate0p10_base0p05,eeg_base_agreement,0.05,,,0.1,user_center_alpha_2p0,V1-profile-dynamic-gated_cross_attention,0.6555183946488294,0.660321619518048,0.6555183946488294,0.6599209097780525,598,35,28,0.6280255648166096,0.630531290799148,0.6289482818465811,28
V2-O,V2M-two_stage_user_local_reranker-v1,protocol_a_rollv2_cv3,1,2029,V2H-local-zero,False,zero_eeg_control,agreement_gate0p25_base0p05,eeg_base_agreement,0.05,,,0.25,user_center_alpha_2p0,V1-profile-dynamic-gated_cross_attention,0.6555183946488294,0.663026355258498,0.6555183946488294,0.6670297533154675,598,35,28,0.6283052271111973,0.6313017504981792,0.628531759805623,28
V2-O,V2M-two_stage_user_local_reranker-v1,protocol_a_rollv2_cv3,1,2029,V2H-local-zero,False,zero_eeg_control,sqrt_margin_eeg_base0p05,margin_shrinkage,0.05,,,,user_center_alpha_2p0,V1-profile-dynamic-gated_cross_attention,0.6638795986622074,0.6695690684976398,0.6638795986622074,0.6679141070569641,598,35,28,0.6339886067498008,0.6365687057651345,0.6295730649080181,28
V2-O,V2M-two_stage_user_local_reranker-v1,protocol_a_rollv2_cv3,2,2029,V2H-local-zero,False,zero_eeg_control,eeg_only,baseline,0.0,,,,user_center_alpha_2p0,V1-profile-dynamic-gated_cross_attention,0.5667808219178082,0.5582225644725645,0.5667808219178082,0.5593219897386564,584,30,26,0.5504902822871574,0.5461797461797461,0.5970747058613167,26
V2-O,V2M-two_stage_user_local_reranker-v1,protocol_a_rollv2_cv3,2,2029,V2H-local-zero,False,zero_eeg_control,v2n_eeg_base_0p05,v2n_reference,0.05,,,,user_center_alpha_2p0,V1-profile-dynamic-gated_cross_attention,0.5667808219178082,0.5588457838457838,0.5667808219178082,0.5598621131954465,584,30,26,0.5521705898268399,0.5479858104858105,0.5982905982905983,26
V2-O,V2M-two_stage_user_local_reranker-v1,protocol_a_rollv2_cv3,2,2029,V2H-local-zero,False,zero_eeg_control,hist_gate_floor0p25_cap5_base0p05,history_reliability,0.05,0.25,5.0,,user_center_alpha_2p0,V1-profile-dynamic-gated_cross_attention,0.5667808219178082,0.5588457838457838,0.5667808219178082,0.5598621131954465,584,30,26,0.5521705898268399,0.5479858104858105,0.5982905982905983,26
V2-O,V2M-two_stage_user_local_reranker-v1,protocol_a_rollv2_cv3,2,2029,V2H-local-zero,False,zero_eeg_control,hist_gate_floor0p25_cap10_base0p05,history_reliability,0.05,0.25,10.0,,user_center_alpha_2p0,V1-profile-dynamic-gated_cross_attention,0.5667808219178082,0.5588457838457838,0.5667808219178082,0.5598621131954465,584,30,26,0.5521705898268399,0.5479858104858105,0.5982905982905983,26
V2-O,V2M-two_stage_user_local_reranker-v1,protocol_a_rollv2_cv3,2,2029,V2H-local-zero,False,zero_eeg_control,hist_gate_floor0p25_cap20_base0p05,history_reliability,0.05,0.25,20.0,,user_center_alpha_2p0,V1-profile-dynamic-gated_cross_attention,0.5667808219178082,0.5588457838457838,0.5667808219178082,0.5598621131954465,584,30,26,0.5521705898268399,0.5479858104858105,0.5982905982905983,26
V2-O,V2M-two_stage_user_local_reranker-v1,protocol_a_rollv2_cv3,2,2029,V2H-local-zero,False,zero_eeg_control,hist_gate_floor0p50_cap10_base0p05,history_reliability,0.05,0.5,10.0,,user_center_alpha_2p0,V1-profile-dynamic-gated_cross_attention,0.5667808219178082,0.5588457838457838,0.5667808219178082,0.5598621131954465,584,30,26,0.5521705898268399,0.5479858104858105,0.5982905982905983,26
V2-O,V2M-two_stage_user_local_reranker-v1,protocol_a_rollv2_cv3,2,2029,V2H-local-zero,False,zero_eeg_control,session_rank_eeg_base0p05,session_block_listwise,0.05,,,,user_center_alpha_2p0,V1-profile-dynamic-gated_cross_attention,0.5667808219178082,0.5582225644725645,0.5667808219178082,0.5593219897386564,584,30,26,0.5545402687590189,0.5506304343804344,0.5507635089225047,26
V2-O,V2M-two_stage_user_local_reranker-v1,protocol_a_rollv2_cv3,2,2029,V2H-local-zero,False,zero_eeg_control,session_rank_eeg_base0p10,session_block_listwise,0.1,,,,user_center_alpha_2p0,V1-profile-dynamic-gated_cross_attention,0.5667808219178082,0.5582225644725645,0.5667808219178082,0.5593219897386564,584,30,26,0.5598243596681097,0.55622483997484,0.5533919822622752,26
V2-O,V2M-two_stage_user_local_reranker-v1,protocol_a_rollv2_cv3,2,2029,V2H-local-zero,False,zero_eeg_control,session_z_eeg_base0p05,session_block_listwise,0.05,,,,user_center_alpha_2p0,V1-profile-dynamic-gated_cross_attention,0.5684931506849316,0.559738640988641,0.5684931506849316,0.5631359227192562,584,30,26,0.5548106060606061,0.5519511507011508,0.5525158244823518,26
V2-O,V2M-two_stage_user_local_reranker-v1,protocol_a_rollv2_cv3,2,2029,V2H-local-zero,False,zero_eeg_control,session_z_eeg_base0p10,session_block_listwise,0.1,,,,user_center_alpha_2p0,V1-profile-dynamic-gated_cross_attention,0.5684931506849316,0.5591891904391905,0.5684931506849316,0.5626597322430656,584,30,26,0.5580894886363637,0.5546059958559959,0.5549476093409147,26
V2-O,V2M-two_stage_user_local_reranker-v1,protocol_a_rollv2_cv3,2,2029,V2H-local-zero,False,zero_eeg_control,agreement_gate0p10_base0p05,eeg_base_agreement,0.05,,,0.1,user_center_alpha_2p0,V1-profile-dynamic-gated_cross_attention,0.5736301369863014,0.5651186776186776,0.5736301369863014,0.5652986211319545,584,30,26,0.5596519886363637,0.555288924038924,0.604727675857383,26
V2-O,V2M-two_stage_user_local_reranker-v1,protocol_a_rollv2_cv3,2,2029,V2H-local-zero,False,zero_eeg_control,agreement_gate0p25_base0p05,eeg_base_agreement,0.05,,,0.25,user_center_alpha_2p0,V1-profile-dynamic-gated_cross_attention,0.5753424657534246,0.5723313723313723,0.5753424657534246,0.5715496232162899,584,30,26,0.564029356060606,0.5606548544048544,0.612416407395487,26
V2-O,V2M-two_stage_user_local_reranker-v1,protocol_a_rollv2_cv3,2,2029,V2H-local-zero,False,zero_eeg_control,sqrt_margin_eeg_base0p05,margin_shrinkage,0.05,,,,user_center_alpha_2p0,V1-profile-dynamic-gated_cross_attention,0.5702054794520548,0.5620509120509121,0.5702054794520548,0.5626398909732243,584,30,26,0.5553513933982683,0.5510764698264699,0.600185960018596,26
V2-O,V2M-two_stage_user_local_reranker-v1,protocol_a_rollv2_cv3,3,2029,V2H-local-zero,False,zero_eeg_control,eeg_only,baseline,0.0,,,,user_center_alpha_2p0,V1-profile-dynamic-gated_cross_attention,0.540453074433657,0.5620834829479372,0.540453074433657,0.5587927746856318,618,28,24,0.5391528925619834,0.557341019320186,0.6122097707463561,24
V2-O,V2M-two_stage_user_local_reranker-v1,protocol_a_rollv2_cv3,3,2029,V2H-local-zero,False,zero_eeg_control,v2n_eeg_base_0p05,v2n_reference,0.05,,,,user_center_alpha_2p0,V1-profile-dynamic-gated_cross_attention,0.5388349514563107,0.5595173419691286,0.5388349514563107,0.5514467807324951,618,28,24,0.5379152413243322,0.5567402697611031,0.614846553870944,24
V2-O,V2M-two_stage_user_local_reranker-v1,protocol_a_rollv2_cv3,3,2029,V2H-local-zero,False,zero_eeg_control,hist_gate_floor0p25_cap5_base0p05,history_reliability,0.05,0.25,5.0,,user_center_alpha_2p0,V1-profile-dynamic-gated_cross_attention,0.5388349514563107,0.5595173419691286,0.5388349514563107,0.5514467807324951,618,28,24,0.5379152413243322,0.5567402697611031,0.614846553870944,24
V2-O,V2M-two_stage_user_local_reranker-v1,protocol_a_rollv2_cv3,3,2029,V2H-local-zero,False,zero_eeg_control,hist_gate_floor0p25_cap10_base0p05,history_reliability,0.05,0.25,10.0,,user_center_alpha_2p0,V1-profile-dynamic-gated_cross_attention,0.5388349514563107,0.5595173419691286,0.5388349514563107,0.5514467807324951,618,28,24,0.5379152413243322,0.5567402697611031,0.614846553870944,24
V2-O,V2M-two_stage_user_local_reranker-v1,protocol_a_rollv2_cv3,3,2029,V2H-local-zero,False,zero_eeg_control,hist_gate_floor0p25_cap20_base0p05,history_reliability,0.05,0.25,20.0,,user_center_alpha_2p0,V1-profile-dynamic-gated_cross_attention,0.5388349514563107,0.5595173419691286,0.5388349514563107,0.5514467807324951,618,28,24,0.5379152413243322,0.5567402697611031,0.614846553870944,24
V2-O,V2M-two_stage_user_local_reranker-v1,protocol_a_rollv2_cv3,3,2029,V2H-local-zero,False,zero_eeg_control,hist_gate_floor0p50_cap10_base0p05,history_reliability,0.05,0.5,10.0,,user_center_alpha_2p0,V1-profile-dynamic-gated_cross_attention,0.5388349514563107,0.5595173419691286,0.5388349514563107,0.5514467807324951,618,28,24,0.5379152413243322,0.5567402697611031,0.614846553870944,24
V2-O,V2M-two_stage_user_local_reranker-v1,protocol_a_rollv2_cv3,3,2029,V2H-local-zero,False,zero_eeg_control,session_rank_eeg_base0p05,session_block_listwise,0.05,,,,user_center_alpha_2p0,V1-profile-dynamic-gated_cross_attention,0.540453074433657,0.5620834829479372,0.540453074433657,0.5587927746856318,618,28,24,0.542181808090899,0.5612238455988456,0.5390207280451182,24
V2-O,V2M-two_stage_user_local_reranker-v1,protocol_a_rollv2_cv3,3,2029,V2H-local-zero,False,zero_eeg_control,session_rank_eeg_base0p10,session_block_listwise,0.1,,,,user_center_alpha_2p0,V1-profile-dynamic-gated_cross_attention,0.540453074433657,0.5620834829479372,0.540453074433657,0.5587927746856318,618,28,24,0.5400741934832843,0.5594105739939074,0.5409433824067971,24
V2-O,V2M-two_stage_user_local_reranker-v1,protocol_a_rollv2_cv3,3,2029,V2H-local-zero,False,zero_eeg_control,session_z_eeg_base0p05,session_block_listwise,0.05,,,,user_center_alpha_2p0,V1-profile-dynamic-gated_cross_attention,0.540453074433657,0.5619683223612855,0.540453074433657,0.5585896378753522,618,28,24,0.542148508057599,0.5613947009780343,0.548853731780561,24
V2-O,V2M-two_stage_user_local_reranker-v1,protocol_a_rollv2_cv3,3,2029,V2H-local-zero,False,zero_eeg_control,session_z_eeg_base0p10,session_block_listwise,0.1,,,,user_center_alpha_2p0,V1-profile-dynamic-gated_cross_attention,0.5469255663430421,0.566742044350081,0.5469255663430421,0.5577988215488215,618,28,24,0.5476985136076046,0.5671415043290043,0.5520764667106131,24
V2-O,V2M-two_stage_user_local_reranker-v1,protocol_a_rollv2_cv3,3,2029,V2H-local-zero,False,zero_eeg_control,agreement_gate0p10_base0p05,eeg_base_agreement,0.05,,,0.1,user_center_alpha_2p0,V1-profile-dynamic-gated_cross_attention,0.5533980582524272,0.5708216008802954,0.5533980582524272,0.5617188895760324,618,28,24,0.5476596635687545,0.5656986030944364,0.6212187797553652,24
V2-O,V2M-two_stage_user_local_reranker-v1,protocol_a_rollv2_cv3,3,2029,V2H-local-zero,False,zero_eeg_control,agreement_gate0p25_base0p05,eeg_base_agreement,0.05,,,0.25,user_center_alpha_2p0,V1-profile-dynamic-gated_cross_attention,0.5631067961165048,0.5796306813587838,0.5631067961165048,0.5688956413956414,618,28,24,0.5543946341149139,0.5718228029686364,0.6303010327400572,24
V2-O,V2M-two_stage_user_local_reranker-v1,protocol_a_rollv2_cv3,3,2029,V2H-local-zero,False,zero_eeg_control,sqrt_margin_eeg_base0p05,margin_shrinkage,0.05,,,,user_center_alpha_2p0,V1-profile-dynamic-gated_cross_attention,0.5501618122977346,0.5726703868409234,0.5501618122977346,0.5631991355205641,618,28,24,0.5500140399615924,0.5683018794477128,0.6182890207280451,24
V2-O,V2M-two_stage_user_local_reranker-v1,protocol_a_rollv2_cv3,1,2030,V2H-local-zero,False,zero_eeg_control,eeg_only,baseline,0.0,,,,user_center_alpha_2p0,V1-profile-dynamic-gated_cross_attention,0.6605351170568562,0.6420815328851043,0.6605351170568562,0.6578135779564351,598,35,28,0.6311506321207814,0.6303394059644061,0.6259284970496356,28
V2-O,V2M-two_stage_user_local_reranker-v1,protocol_a_rollv2_cv3,1,2030,V2H-local-zero,False,zero_eeg_control,v2n_eeg_base_0p05,v2n_reference,0.05,,,,user_center_alpha_2p0,V1-profile-dynamic-gated_cross_attention,0.6588628762541806,0.6361556069591783,0.6588628762541806,0.6491045832474404,598,35,28,0.6270544463828047,0.6253630265237409,0.6266227004512324,28
V2-O,V2M-two_stage_user_local_reranker-v1,protocol_a_rollv2_cv3,1,2030,V2H-local-zero,False,zero_eeg_control,hist_gate_floor0p25_cap5_base0p05,history_reliability,0.05,0.25,5.0,,user_center_alpha_2p0,V1-profile-dynamic-gated_cross_attention,0.6588628762541806,0.6361556069591783,0.6588628762541806,0.6491045832474404,598,35,28,0.6270544463828047,0.6253630265237409,0.6266227004512324,28
V2-O,V2M-two_stage_user_local_reranker-v1,protocol_a_rollv2_cv3,1,2030,V2H-local-zero,False,zero_eeg_control,hist_gate_floor0p25_cap10_base0p05,history_reliability,0.05,0.25,10.0,,user_center_alpha_2p0,V1-profile-dynamic-gated_cross_attention,0.6588628762541806,0.6361556069591783,0.6588628762541806,0.6491045832474404,598,35,28,0.6270544463828047,0.6253630265237409,0.6266227004512324,28
V2-O,V2M-two_stage_user_local_reranker-v1,protocol_a_rollv2_cv3,1,2030,V2H-local-zero,False,zero_eeg_control,hist_gate_floor0p25_cap20_base0p05,history_reliability,0.05,0.25,20.0,,user_center_alpha_2p0,V1-profile-dynamic-gated_cross_attention,0.6588628762541806,0.6361556069591783,0.6588628762541806,0.6491045832474404,598,35,28,0.6270544463828047,0.6253630265237409,0.6266227004512324,28
V2-O,V2M-two_stage_user_local_reranker-v1,protocol_a_rollv2_cv3,1,2030,V2H-local-zero,False,zero_eeg_control,hist_gate_floor0p50_cap10_base0p05,history_reliability,0.05,0.5,10.0,,user_center_alpha_2p0,V1-profile-dynamic-gated_cross_attention,0.6588628762541806,0.6361556069591783,0.6588628762541806,0.6491045832474404,598,35,28,0.6270544463828047,0.6253630265237409,0.6266227004512324,28
V2-O,V2M-two_stage_user_local_reranker-v1,protocol_a_rollv2_cv3,1,2030,V2H-local-zero,False,zero_eeg_control,session_rank_eeg_base0p05,session_block_listwise,0.05,,,,user_center_alpha_2p0,V1-profile-dynamic-gated_cross_attention,0.6605351170568562,0.6420815328851043,0.6605351170568562,0.6578135779564351,598,35,28,0.6376227089659927,0.6340066266405554,0.6107775078097883,28
V2-O,V2M-two_stage_user_local_reranker-v1,protocol_a_rollv2_cv3,1,2030,V2H-local-zero,False,zero_eeg_control,session_rank_eeg_base0p10,session_block_listwise,0.1,,,,user_center_alpha_2p0,V1-profile-dynamic-gated_cross_attention,0.6605351170568562,0.6420815328851043,0.6605351170568562,0.6578135779564351,598,35,28,0.6358565398117638,0.631923293307222,0.6103436306837903,28
V2-O,V2M-two_stage_user_local_reranker-v1,protocol_a_rollv2_cv3,1,2030,V2H-local-zero,False,zero_eeg_control,session_z_eeg_base0p05,session_block_listwise,0.05,,,,user_center_alpha_2p0,V1-profile-dynamic-gated_cross_attention,0.6588628762541806,0.6370059470952327,0.6588628762541806,0.6497848553562839,598,35,28,0.6343688483986992,0.62899996993747,0.6111072544255467,28
V2-O,V2M-two_stage_user_local_reranker-v1,protocol_a_rollv2_cv3,1,2030,V2H-local-zero,False,zero_eeg_control,session_z_eeg_base0p10,session_block_listwise,0.1,,,,user_center_alpha_2p0,V1-profile-dynamic-gated_cross_attention,0.6555183946488294,0.634979303104303,0.6555183946488294,0.6481635401635402,598,35,28,0.631935775667119,0.6269733259465403,0.6104824713641097,28
V2-O,V2M-two_stage_user_local_reranker-v1,protocol_a_rollv2_cv3,1,2030,V2H-local-zero,False,zero_eeg_control,agreement_gate0p10_base0p05,eeg_base_agreement,0.05,,,0.1,user_center_alpha_2p0,V1-profile-dynamic-gated_cross_attention,0.6588628762541806,0.6361556069591783,0.6588628762541806,0.6491045832474404,598,35,28,0.6282484762335508,0.6267915979523123,0.6270739326622701,28
V2-O,V2M-two_stage_user_local_reranker-v1,protocol_a_rollv2_cv3,1,2030,V2H-local-zero,False,zero_eeg_control,agreement_gate0p25_base0p05,eeg_base_agreement,0.05,,,0.25,user_center_alpha_2p0,V1-profile-dynamic-gated_cross_attention,0.6555183946488294,0.651886899476185,0.6555183946488294,0.6616896172610458,598,35,28,0.6252053584889407,0.6234044097436955,0.6261714682401944,28
V2-O,V2M-two_stage_user_local_reranker-v1,protocol_a_rollv2_cv3,1,2030,V2H-local-zero,False,zero_eeg_control,sqrt_margin_eeg_base0p05,margin_shrinkage,0.05,,,,user_center_alpha_2p0,V1-profile-dynamic-gated_cross_attention,0.6555183946488294,0.6352202328095184,0.6555183946488294,0.6483562839277124,598,35,28,0.6268767633693009,0.6258562238026525,0.6265879902811524,28
V2-O,V2M-two_stage_user_local_reranker-v1,protocol_a_rollv2_cv3,2,2030,V2H-local-zero,False,zero_eeg_control,eeg_only,baseline,0.0,,,,user_center_alpha_2p0,V1-profile-dynamic-gated_cross_attention,0.5736301369863014,0.5679396991896992,0.5736301369863014,0.5474260461760461,584,30,26,0.5607620851370851,0.5551885614385614,0.6016879447841791,26
V2-O,V2M-two_stage_user_local_reranker-v1,protocol_a_rollv2_cv3,2,2030,V2H-local-zero,False,zero_eeg_control,v2n_eeg_base_0p05,v2n_reference,0.05,,,,user_center_alpha_2p0,V1-profile-dynamic-gated_cross_attention,0.5736301369863014,0.5680999555999556,0.5736301369863014,0.5475649350649351,584,30,26,0.5623208648989899,0.5562645687645688,0.6024746987090083,26
V2-O,V2M-two_stage_user_local_reranker-v1,protocol_a_rollv2_cv3,2,2030,V2H-local-zero,False,zero_eeg_control,hist_gate_floor0p25_cap5_base0p05,history_reliability,0.05,0.25,5.0,,user_center_alpha_2p0,V1-profile-dynamic-gated_cross_attention,0.5736301369863014,0.5680999555999556,0.5736301369863014,0.5475649350649351,584,30,26,0.5623208648989899,0.5562645687645688,0.6024746987090083,26
V2-O,V2M-two_stage_user_local_reranker-v1,protocol_a_rollv2_cv3,2,2030,V2H-local-zero,False,zero_eeg_control,hist_gate_floor0p25_cap10_base0p05,history_reliability,0.05,0.25,10.0,,user_center_alpha_2p0,V1-profile-dynamic-gated_cross_attention,0.5736301369863014,0.5680999555999556,0.5736301369863014,0.5475649350649351,584,30,26,0.5623208648989899,0.5562645687645688,0.6024746987090083,26
V2-O,V2M-two_stage_user_local_reranker-v1,protocol_a_rollv2_cv3,2,2030,V2H-local-zero,False,zero_eeg_control,hist_gate_floor0p25_cap20_base0p05,history_reliability,0.05,0.25,20.0,,user_center_alpha_2p0,V1-profile-dynamic-gated_cross_attention,0.5736301369863014,0.5680999555999556,0.5736301369863014,0.5475649350649351,584,30,26,0.5623208648989899,0.5562645687645688,0.6024746987090083,26
V2-O,V2M-two_stage_user_local_reranker-v1,protocol_a_rollv2_cv3,2,2030,V2H-local-zero,False,zero_eeg_control,hist_gate_floor0p50_cap10_base0p05,history_reliability,0.05,0.5,10.0,,user_center_alpha_2p0,V1-profile-dynamic-gated_cross_attention,0.5736301369863014,0.5680999555999556,0.5736301369863014,0.5475649350649351,584,30,26,0.5623208648989899,0.5562645687645688,0.6024746987090083,26
V2-O,V2M-two_stage_user_local_reranker-v1,protocol_a_rollv2_cv3,2,2030,V2H-local-zero,False,zero_eeg_control,session_rank_eeg_base0p05,session_block_listwise,0.05,,,,user_center_alpha_2p0,V1-profile-dynamic-gated_cross_attention,0.5736301369863014,0.5679396991896992,0.5736301369863014,0.5474260461760461,584,30,26,0.5664708468614719,0.5606590631590632,0.5512105281979759,26
V2-O,V2M-two_stage_user_local_reranker-v1,protocol_a_rollv2_cv3,2,2030,V2H-local-zero,False,zero_eeg_control,session_rank_eeg_base0p10,session_block_listwise,0.1,,,,user_center_alpha_2p0,V1-profile-dynamic-gated_cross_attention,0.5736301369863014,0.5679396991896992,0.5736301369863014,0.5474260461760461,584,30,26,0.5664708468614719,0.5606590631590632,0.5537317169116334,26
V2-O,V2M-two_stage_user_local_reranker-v1,protocol_a_rollv2_cv3,2,2030,V2H-local-zero,False,zero_eeg_control,session_z_eeg_base0p05,session_block_listwise,0.05,,,,user_center_alpha_2p0,V1-profile-dynamic-gated_cross_attention,0.5753424657534246,0.5700230325230324,0.5753424657534246,0.5517316017316017,584,30,26,0.5713293650793652,0.566948051948052,0.5603118406465688,26
V2-O,V2M-two_stage_user_local_reranker-v1,protocol_a_rollv2_cv3,2,2030,V2H-local-zero,False,zero_eeg_control,session_z_eeg_base0p10,session_block_listwise,0.1,,,,user_center_alpha_2p0,V1-profile-dynamic-gated_cross_attention,0.577054794520548,0.5683568746068746,0.577054794520548,0.5527875982042648,584,30,26,0.5714645337301587,0.5666921504421505,0.5622787254586418,26
V2-O,V2M-two_stage_user_local_reranker-v1,protocol_a_rollv2_cv3,2,2030,V2H-local-zero,False,zero_eeg_control,agreement_gate0p10_base0p05,eeg_base_agreement,0.05,,,0.1,user_center_alpha_2p0,V1-profile-dynamic-gated_cross_attention,0.571917808219178,0.5634754134754135,0.571917808219178,0.5460569985569985,584,30,26,0.560591066919192,0.5542200854700855,0.6069806530057577,26
V2-O,V2M-two_stage_user_local_reranker-v1,protocol_a_rollv2_cv3,2,2030,V2H-local-zero,False,zero_eeg_control,agreement_gate0p25_base0p05,eeg_base_agreement,0.05,,,0.25,user_center_alpha_2p0,V1-profile-dynamic-gated_cross_attention,0.6027397260273972,0.5925313112813112,0.6027397260273972,0.5712387766554433,584,30,26,0.5901138618326118,0.5841632904132904,0.6152773307585023,26
V2-O,V2M-two_stage_user_local_reranker-v1,protocol_a_rollv2_cv3,2,2030,V2H-local-zero,False,zero_eeg_control,sqrt_margin_eeg_base0p05,margin_shrinkage,0.05,,,,user_center_alpha_2p0,V1-profile-dynamic-gated_cross_attention,0.5702054794520548,0.5624451936951937,0.5702054794520548,0.5451641414141414,584,30,26,0.559450193903319,0.5529990842490842,0.6038693988484783,26
V2-O,V2M-two_stage_user_local_reranker-v1,protocol_a_rollv2_cv3,3,2030,V2H-local-zero,False,zero_eeg_control,eeg_only,baseline,0.0,,,,user_center_alpha_2p0,V1-profile-dynamic-gated_cross_attention,0.5598705501618123,0.5773235871932982,0.5598705501618123,0.5560055982377412,618,28,24,0.5697976945354568,0.5864697146988814,0.580788105178349,24
V2-O,V2M-two_stage_user_local_reranker-v1,protocol_a_rollv2_cv3,3,2030,V2H-local-zero,False,zero_eeg_control,v2n_eeg_base_0p05,v2n_reference,0.05,,,,user_center_alpha_2p0,V1-profile-dynamic-gated_cross_attention,0.5663430420711975,0.5835523390497913,0.5663430420711975,0.5616083949119663,618,28,24,0.5748953746331369,0.5914631009422676,0.5836446202299861,24
V2-O,V2M-two_stage_user_local_reranker-v1,protocol_a_rollv2_cv3,3,2030,V2H-local-zero,False,zero_eeg_control,hist_gate_floor0p25_cap5_base0p05,history_reliability,0.05,0.25,5.0,,user_center_alpha_2p0,V1-profile-dynamic-gated_cross_attention,0.5663430420711975,0.5835523390497913,0.5663430420711975,0.5616083949119663,618,28,24,0.5748953746331369,0.5914631009422676,0.5836446202299861,24
V2-O,V2M-two_stage_user_local_reranker-v1,protocol_a_rollv2_cv3,3,2030,V2H-local-zero,False,zero_eeg_control,hist_gate_floor0p25_cap10_base0p05,history_reliability,0.05,0.25,10.0,,user_center_alpha_2p0,V1-profile-dynamic-gated_cross_attention,0.5663430420711975,0.5835523390497913,0.5663430420711975,0.5616083949119663,618,28,24,0.5748953746331369,0.5914631009422676,0.5836446202299861,24
V2-O,V2M-two_stage_user_local_reranker-v1,protocol_a_rollv2_cv3,3,2030,V2H-local-zero,False,zero_eeg_control,hist_gate_floor0p25_cap20_base0p05,history_reliability,0.05,0.25,20.0,,user_center_alpha_2p0,V1-profile-dynamic-gated_cross_attention,0.5663430420711975,0.5835523390497913,0.5663430420711975,0.5616083949119663,618,28,24,0.5748953746331369,0.5914631009422676,0.5836446202299861,24
V2-O,V2M-two_stage_user_local_reranker-v1,protocol_a_rollv2_cv3,3,2030,V2H-local-zero,False,zero_eeg_control,hist_gate_floor0p50_cap10_base0p05,history_reliability,0.05,0.5,10.0,,user_center_alpha_2p0,V1-profile-dynamic-gated_cross_attention,0.5663430420711975,0.5835523390497913,0.5663430420711975,0.5616083949119663,618,28,24,0.5748953746331369,0.5914631009422676,0.5836446202299861,24
V2-O,V2M-two_stage_user_local_reranker-v1,protocol_a_rollv2_cv3,3,2030,V2H-local-zero,False,zero_eeg_control,session_rank_eeg_base0p05,session_block_listwise,0.05,,,,user_center_alpha_2p0,V1-profile-dynamic-gated_cross_attention,0.5598705501618123,0.5773235871932982,0.5598705501618123,0.5560055982377412,618,28,24,0.5602322599700222,0.577417135333802,0.5451732220024903,24
V2-O,V2M-two_stage_user_local_reranker-v1,protocol_a_rollv2_cv3,3,2030,V2H-local-zero,False,zero_eeg_control,session_rank_eeg_base0p10,session_block_listwise,0.1,,,,user_center_alpha_2p0,V1-profile-dynamic-gated_cross_attention,0.5598705501618123,0.5773235871932982,0.5598705501618123,0.5560055982377412,618,28,24,0.5590958963336585,0.5763754686671353,0.5480114260602066,24
V2-O,V2M-two_stage_user_local_reranker-v1,protocol_a_rollv2_cv3,3,2030,V2H-local-zero,False,zero_eeg_control,session_z_eeg_base0p05,session_block_listwise,0.05,,,,user_center_alpha_2p0,V1-profile-dynamic-gated_cross_attention,0.5647249190938511,0.581359356593651,0.5647249190938511,0.5596242679278393,618,28,24,0.5667035664413287,0.5838986168152835,0.5507214531604775,24
V2-O,V2M-two_stage_user_local_reranker-v1,protocol_a_rollv2_cv3,3,2030,V2H-local-zero,False,zero_eeg_control,session_z_eeg_base0p10,session_block_listwise,0.1,,,,user_center_alpha_2p0,V1-profile-dynamic-gated_cross_attention,0.5631067961165048,0.5807460770247793,0.5631067961165048,0.5593624662374663,618,28,24,0.5634955370969357,0.5807553287761621,0.554273785981103,24
V2-O,V2M-two_stage_user_local_reranker-v1,protocol_a_rollv2_cv3,3,2030,V2H-local-zero,False,zero_eeg_control,agreement_gate0p10_base0p05,eeg_base_agreement,0.05,,,0.1,user_center_alpha_2p0,V1-profile-dynamic-gated_cross_attention,0.5776699029126213,0.5924762313124994,0.5776699029126213,0.5697851784458927,618,28,24,0.5828320960313967,0.598919348398515,0.5902365780414561,24
V2-O,V2M-two_stage_user_local_reranker-v1,protocol_a_rollv2_cv3,3,2030,V2H-local-zero,False,zero_eeg_control,agreement_gate0p25_base0p05,eeg_base_agreement,0.05,,,0.25,user_center_alpha_2p0,V1-profile-dynamic-gated_cross_attention,0.587378640776699,0.6012192183449602,0.587378640776699,0.5775924505388791,618,28,24,0.5924697679942434,0.6088446314487982,0.5985497692814766,24
V2-O,V2M-two_stage_user_local_reranker-v1,protocol_a_rollv2_cv3,3,2030,V2H-local-zero,False,zero_eeg_control,sqrt_margin_eeg_base0p05,margin_shrinkage,0.05,,,,user_center_alpha_2p0,V1-profile-dynamic-gated_cross_attention,0.5631067961165048,0.58216329193706,0.5631067961165048,0.5606266385730672,618,28,24,0.5720897206911194,0.5890363032029698,0.5868307331721967,24
