fold,event_id,user_id,item_id,time,label,real_prediction,seen_item,session_mode,video_type,history_length,H2_E0_prediction,causal_shuffle_prediction,zero_prediction,eeg_correction_mean,eeg_correction_abs_mean,eeg_correction_abs_std,zero_sensitivity,shuffle_sensitivity,h2_sensitivity
1,evt_000073,0,74,1667724482202,0,0.3150948286056518,0,1,1,20,0.3139086961746216,0.3147614896297455,0.3187067210674286,0.00569141535,0.00569141535,0.005614785561034723,0.003611892461776789,0.00033333897590631656,0.001186132431030218
1,evt_000074,0,75,1667724513217,0,0.2823895215988159,0,1,1,20,0.2822454273700714,0.2824030220508575,0.2837865650653839,0.0007493026833333333,0.00132843325,0.0005020429318346339,0.0013970434665679932,1.3500452041570465e-05,0.00014409422874450684
1,evt_000075,0,76,1667724525109,0,0.4445719122886657,0,1,1,20,0.4441333711147308,0.4445951282978058,0.4461707174777984,0.00179694609,0.0019966258433333334,0.001200038106200248,0.0015988051891326904,2.321600914007016e-05,0.0004385411739349365
1,evt_000076,0,77,1667724567726,0,0.3304519653320312,0,1,1,20,0.3299560248851776,0.3305223286151886,0.3325027525424957,0.002290562056666667,0.002468396276666667,0.0019703476115273356,0.002050787210464533,7.036328315740414e-05,0.0004959404468535822
1,evt_000077,0,78,1667724573711,1,0.2326202094554901,0,1,1,20,0.2325220555067062,0.2326507121324539,0.2330845445394516,0.0005973914333333334,0.0009270984333333334,0.0004750665866788314,0.0004643350839614868,3.0502676963778397e-05,9.815394878390227e-05
1,evt_000078,0,79,1667724596753,1,0.3889334102471669,1,1,1,20,0.3890447616577148,0.3889613449573517,0.389171838760376,-0.0004844357333333333,0.0010196005333333333,0.000512196395431006,0.00023842851320909908,2.7934710184807088e-05,0.00011135141054791076
1,evt_000079,0,80,1667724641344,0,0.3036569158236186,0,1,1,20,0.3025867640972137,0.3034325838088989,0.3082127571105957,0.005171634552,0.005171634552,0.005920200001407161,0.004555841286977114,0.00022433201471966369,0.0010701517264048999
1,evt_000080,0,82,1667724672025,0,0.2794222633043925,0,1,1,20,0.2787001430988312,0.2796469032764435,0.2830198407173157,0.003712137766666667,0.0041578877000000005,0.004068714682417897,0.0035975774129231586,0.0002246399720509662,0.0007221202055613385
1,evt_000081,0,83,1667724675955,1,0.2896213928858439,0,1,1,20,0.2895548343658447,0.2896182239055633,0.2898924648761749,0.00033091577999999996,0.0007214200866666668,0.0006070650701090214,0.000271071990331051,3.168980280576772e-06,6.655851999914919e-05
1,evt_000082,0,84,1667724765858,1,0.2931972543398539,0,1,1,20,0.2926340997219085,0.2932909429073334,0.295381635427475,0.0027819779999999996,0.0030065304,0.002860545680172942,0.00218438108762109,9.36885674794885e-05,0.0005631546179453717
1,evt_000083,0,85,1667724789569,1,0.3205939332644145,0,1,1,20,0.3198383450508117,0.3204084038734436,0.3238885700702667,0.0035483785333333337,0.0037949512000000005,0.004078426400771007,0.0032946368058522357,0.0001855293909708844,0.0007555882136027758
1,evt_000084,0,86,1667724800808,0,0.4445987741152445,0,1,1,20,0.441633939743042,0.442082017660141,0.4443267285823822,0.012054432433333333,0.012054432433333333,0.015438233110795018,0.00027204553286230837,0.0025167564551035193,0.0029648343722025183
1,evt_000085,0,87,1667724806902,0,0.2517263342936833,0,1,1,20,0.2470900565385818,0.2480553835630417,0.2513563930988312,0.02493534936,0.02493534936,0.032339139615008804,0.0003699411948521192,0.003670950730641609,0.004636277755101503
1,evt_000086,0,88,1667724819511,0,0.4111255009969075,0,1,1,20,0.4090398550033569,0.4092139303684234,0.4108399450778961,0.008754153717666668,0.008776900389000001,0.011805685100288156,0.0002855559190113599,0.0019115706284840717,0.0020856459935506
1,evt_000087,0,89,1667724862888,1,0.2631584107875824,0,1,1,20,0.2620019912719726,0.2628486454486847,0.2653516232967376,0.006088409486666667,0.006272446513333334,0.00670871661748053,0.002193212509155218,0.0003097653388977051,0.0011564195156097967
1,evt_000200,1,204,1669102676979,0,0.2516706238190333,1,3,0,20,0.2512750327587127,0.2516333758831024,0.25138059258461,0.0022188188,0.0022188188,0.001831210166077242,0.000290031234423338,3.724793593090636e-05,0.0003955910603206103
1,evt_000201,1,205,1669102689765,0,0.2563888877630234,1,3,0,20,0.2551901638507843,0.2564342319965362,0.2558338344097137,0.006747425216666666,0.006747425216666666,0.007099302582486055,0.0005550533533096869,4.534423351282291e-05,0.0011987239122390747
1,evt_000202,1,206,1669102712490,0,0.245750273267428,1,3,0,20,0.2452767938375473,0.2457861453294754,0.2454513907432556,0.0026975387999999996,0.0026975387999999996,0.002186101210426466,0.00029888252417240024,3.587206204741511e-05,0.0004734794298806855
1,evt_000203,1,207,1669102727340,1,0.2336418231328328,0,3,1,20,0.2303798198699951,0.2339217215776443,0.2330421060323715,0.01830145132,0.01830145132,0.023716071219122493,0.0005997171004613056,0.00027989844481149384,0.0032620032628377094
1,evt_000204,1,208,1669102780192,0,0.2862059076627095,0,3,1,20,0.283601701259613,0.2864417433738708,0.285503476858139,0.012987122676666666,0.012987122676666666,0.016409024950450414,0.0007024308045704974,0.00023583571116131408,0.0026042064030964984
1,evt_000205,1,209,1669102795889,1,0.4202495316664378,0,3,1,20,0.4190159142017364,0.4203357696533203,0.4198046922683716,0.0051343377899999995,0.0051343377899999995,0.005510694283025926,0.0004448393980662213,8.623798688250917e-05,0.0012336174647014087
1,evt_000206,1,210,1669102838725,0,0.2379484176635742,1,3,0,20,0.2372177392244339,0.23793326318264,0.2375883609056472,0.004170856186666666,0.004170856186666666,0.004099662994779112,0.00036005675792699643,1.5154480934198578e-05,0.0007306784391402921
1,evt_000207,1,211,1669102852050,0,0.199355070789655,1,3,0,20,0.1992994546890258,0.1993405818939209,0.1992772817611694,0.00042081466666666663,0.00047842086666666667,0.0005297415867448099,7.778902848559754e-05,1.4488895734104945e-05,5.561610062920774e-05
1,evt_000208,1,212,1669102863702,0,0.1887737611929575,1,3,0,20,0.1885973066091537,0.1887524724006652,0.1885880827903747,0.00126730705,0.00126730705,0.0007193793487957321,0.0001856784025827951,2.1288792292295522e-05,0.0001764545838038034
1,evt_000209,1,213,1669102902236,1,0.4488360583782196,0,3,1,20,0.4475210607051849,0.4489457607269287,0.448289155960083,0.005345794809999999,0.005345794809999999,0.005708189615625876,0.0005469024181365967,0.00010970234870910645,0.0013149976730347235
1,evt_000210,1,214,1669102943387,1,0.2064642608165741,0,3,0,20,0.2060960382223129,0.2063699215650558,0.2062185257673263,0.00238550632,0.00238550632,0.0018085258262248798,0.0002457350492477972,9.433925151830502e-05,0.0003682225942611972
1,evt_000366,2,323,1669361364341,0,0.6468251943588257,0,3,1,20,0.646841287612915,0.6468698978424072,0.646878182888031,-6.512193333333331e-05,0.0007403193333333334,0.00019267017130412853,5.2988529205322266e-05,4.470348358154297e-05,1.609325408935547e-05
1,evt_000281,2,287,1669361383730,0,0.1784259130557378,0,3,1,20,0.1767994612455368,0.1783610731363296,0.1781262308359146,0.011762701746666666,0.011963584786666669,0.015825366914895642,0.000299682219823183,6.483991940819944e-05,0.0016264518102009906
1,evt_000274,2,280,1669361388711,1,0.3386565148830414,0,3,1,20,0.3341021537780761,0.3382652103900909,0.3379013538360595,0.020098348091666666,0.020125252841666667,0.027908854054139343,0.000755161046981867,0.00039130449295049496,0.0045543611049652655
1,evt_000381,2,338,1669361399957,0,0.4461270968119303,0,3,1,20,0.4460651874542236,0.4460325241088867,0.4461943209171295,0.0002623322233333333,0.0006191618233333333,0.00019195615890302595,6.722410519921507e-05,9.457270304358278e-05,6.190935770672423e-05
1,evt_000276,2,282,1669361406473,0,0.3473384380340576,0,3,1,20,0.3461543023586273,0.3472359478473663,0.3471055030822754,0.005503538255999999,0.005503538255999999,0.0072385961028556935,0.00023293495178222656,0.00010249018669133969,0.0011841356754302979
1,evt_000324,2,165,1669361423835,0,0.2573360254367192,1,3,0,20,0.2562402188777923,0.2573207318782806,0.257132738828659,0.005971448536666667,0.005971448536666667,0.008263441443546564,0.0002032866080601825,1.5293558438600474e-05,0.0010958065589268817
1,evt_000360,2,171,1669361429968,0,0.279693861802419,1,3,0,20,0.2796657383441925,0.2796540856361389,0.2797267138957977,0.00022204348666666668,0.00078864962,0.0005159020958725826,3.285209337866579e-05,3.977616628009217e-05,2.8123458226503306e-05
1,evt_000323,2,150,1669361436608,0,0.2177387923002243,1,3,0,20,0.2178262025117874,0.2177118062973022,0.2177942842245102,-0.00047440000666666666,0.00047440000666666666,0.00028441764711425825,5.549192428588867e-05,2.6986002922113617e-05,8.74102115630826e-05
1,evt_000358,2,166,1669361449883,0,0.3001711467901866,1,3,0,20,0.3001582324504852,0.3001951277256012,0.3002466857433319,0.00010247045999999998,0.00039186683999999994,0.00011035203000732185,7.553895314532655e-05,2.3980935414613658e-05,1.291433970140865e-05
1,evt_000333,2,164,1669361506576,0,0.242613340417544,1,3,0,20,0.2427244037389755,0.2426194548606872,0.2426778525114059,-0.0005873373766666667,0.0005873373766666667,0.000206228580350135,6.451209386187928e-05,6.114443143190318e-06,0.00011106332143148712
1,evt_000394,2,351,1669362099164,0,0.4813446799914042,0,3,1,20,0.4787658154964447,0.4811663925647735,0.4810077250003814,0.010372595153333332,0.010589521579999999,0.01389029572057059,0.00033695499102276427,0.00017828742663067443,0.0025788644949594763
1,evt_000363,2,320,1669362148229,1,0.5001952946186066,0,3,1,20,0.4976426064968109,0.5003567934036255,0.4999067783355713,0.010364393809,0.010398092057666666,0.013623458830415545,0.0002885162830352783,0.0001614987850189209,0.0025526881217956543
1,evt_000359,2,211,1669362188201,0,0.1754717131455739,1,3,0,20,0.175558403134346,0.1754816323518753,0.1755381077528,-0.0005645446433333334,0.0005645446433333334,0.00030021198634730693,6.639460722610013e-05,9.919206301417516e-06,8.668998877212064e-05
1,evt_000387,2,344,1669362192576,1,0.3861749370892842,0,3,1,20,0.3821913301944732,0.3895126283168793,0.3883283138275146,0.016303689433333334,0.016644643833333334,0.022059617621202225,0.002153376738230406,0.0033376912275950854,0.003983606894810976
1,evt_000452,3,361,1669619270320,0,0.2486922740936279,0,3,1,20,0.2464316338300705,0.2487116456031799,0.2480233758687973,0.01211022008,0.01211022008,0.01506872870681177,0.0006688982248305997,1.9371509552001953e-05,0.0022606402635574063
1,evt_000453,3,362,1669619337785,0,0.3033361136913299,0,3,1,20,0.3017267882823944,0.3033615052700043,0.3026969730854034,0.007762372266666667,0.007762372266666667,0.008508787877203784,0.0006391406059265137,2.5391578674371917e-05,0.0016093254089354914
1,evt_000454,3,363,1669619379026,1,0.3895618418852488,0,3,1,20,0.3846196234226227,0.3898056745529175,0.3887400329113006,0.020656969166666667,0.020656969166666667,0.02575315788751912,0.0008218089739481793,0.0002438326676686975,0.004942218462626102
1,evt_000455,3,364,1669621191644,1,0.3303673962752024,0,1,1,20,0.3255997598171234,0.3303218185901642,0.3294312953948974,0.022405350066666666,0.022405350066666666,0.027756607667172438,0.0009361008803049908,4.557768503821169e-05,0.004767636458078983
1,evt_000456,3,365,1669621206308,1,0.4015288750330607,0,1,1,20,0.3997197151184082,0.4015713036060333,0.4007917940616607,0.007650700716666667,0.007650700716666667,0.008004502826686162,0.0007370809713999615,4.242857297265257e-05,0.0018091599146524695
1,evt_000457,3,366,1669621283283,1,0.3884052137533824,0,1,1,20,0.3808087408542633,0.3883893191814422,0.3870873749256134,0.03254670993333333,0.03254670993333333,0.04146749859347969,0.00131783882776898,1.589457194017818e-05,0.007596472899119078
1,evt_000458,3,368,1669621342095,1,0.4124984343846639,0,1,1,20,0.4089949131011963,0.4125983417034149,0.4116388261318207,0.014465031593333332,0.014465031593333332,0.018509686467223417,0.0008596082528432025,9.990731875103576e-05,0.003503521283467592
1,evt_000459,3,369,1669621381905,1,0.3257546027501424,0,1,1,20,0.3227146565914154,0.3257238566875458,0.3249305784702301,0.01402082682,0.01402082682,0.018158232502783405,0.0008240242799122943,3.0746062596620494e-05,0.0030399461587269916
1,evt_000460,3,370,1669621414783,1,0.3849940697352091,1,1,1,20,0.3803827464580536,0.3851449191570282,0.3842381238937378,0.019509926133333334,0.019509926133333334,0.02398384880470089,0.0007559458414713172,0.00015084942181908811,0.004611323277155521
1,evt_000461,3,52,1669621434556,1,0.3847373525301615,1,1,1,20,0.3792203664779663,0.3846016824245453,0.3836356699466705,0.023179306966666664,0.023179306966666664,0.029657751698547077,0.001101682583491026,0.00013567010561621462,0.005516986052195194
1,evt_000462,3,371,1669621477370,1,0.3654908935228984,0,1,1,20,0.3589321672916412,0.3654652833938598,0.364277571439743,0.02862555948333333,0.02862555948333333,0.036876568890999176,0.0012133220831553881,2.5610129038566853e-05,0.006558726231257195
1,evt_000582,4,205,1669793170736,1,0.2542861104011535,1,3,0,20,0.2536306083202362,0.2541198432445526,0.254272311925888,0.0037573693899999997,0.003963260676666667,0.00458534388564155,1.379847526550293e-05,0.00016626715660089664,0.0006555020809173029
1,evt_000583,4,435,1669793204513,1,0.5252047578493754,0,3,1,20,0.5240497589111328,0.5251821875572205,0.5257787108421326,0.004626323021666667,0.004706999378333333,0.004737387699979806,0.0005739529927571985,2.257029215491091e-05,0.0011549989382425574
1,evt_000584,4,206,1669793258524,1,0.2492083062728246,1,3,0,20,0.2491404563188552,0.2493879795074463,0.2493175268173217,0.0003731920933333333,0.00060524064,0.0006152127951448949,0.00010922054449710727,0.00017967323462170226,6.784995396938442e-05
1,evt_000585,4,204,1669793291748,0,0.2457799365123113,1,3,0,20,0.245713010430336,0.2459559440612793,0.2458174973726272,0.00037254351666666667,0.00037254351666666667,0.00032452448642065253,3.7560860315893896e-05,0.00017600754896798798,6.692608197531036e-05
1,evt_000586,4,436,1669793297186,1,0.3120581110318501,0,3,1,20,0.3118444979190826,0.3122276067733764,0.3120385706424713,0.0010412568233333333,0.0010412568233333333,0.0003870096872450022,1.9540389378791545e-05,0.0001694957415263043,0.00021361311276751893
1,evt_000587,4,226,1669793328232,1,0.1797895381848017,1,3,0,20,0.1797403544187545,0.1798667162656784,0.1797906309366226,0.0004230765326666667,0.0004230765326666667,0.00045522202869012506,1.0927518208914133e-06,7.71780808767053e-05,4.918376604720609e-05
1,evt_000588,4,212,1669793447926,0,0.1865095148483912,1,3,0,20,0.1864444464445114,0.1866068989038467,0.1864344626665115,0.0005345391443333334,0.0005420635356666667,0.0004700813761429022,7.505218187969787e-05,9.738405545550721e-05,6.506840387979218e-05
1,evt_000589,4,437,1669793451466,1,0.2600100090106328,0,3,1,20,0.2595045268535614,0.2598895132541656,0.2599090039730072,0.0027967542100000003,0.0029109435233333337,0.0022301681008216456,0.00010100503762561219,0.00012049575646722044,0.000505482157071413
1,evt_000590,4,438,1669793506499,1,0.3629077871640523,0,3,1,20,0.3586505949497223,0.3640886545181274,0.3631142079830169,0.019218090713333334,0.019218090713333334,0.02359472280006636,0.0002064208189646033,0.001180867354075077,0.004257192214330019
1,evt_000591,4,439,1669793560794,1,0.2864263753096263,0,3,1,20,0.2835868299007416,0.2867598235607147,0.286492258310318,0.014032324233333332,0.014032324233333332,0.017759215151944074,6.588300069171327e-05,0.0003334482510884418,0.0028395454088847027
1,evt_000592,4,211,1669793598327,0,0.2035665313402811,1,3,0,20,0.2035323530435562,0.2034706324338913,0.2035085707902908,0.00030147733500000004,0.000572448465,0.0005469998058857034,5.796054999029909e-05,9.589890638980747e-05,3.417829672489048e-05
1,evt_000593,4,440,1669793607185,1,0.3388381898403168,0,3,1,20,0.333925724029541,0.3387167453765869,0.3386241495609283,0.022499087153333337,0.022499087153333337,0.02787363243201616,0.00021404027938848325,0.0001214444637298584,0.004912465810775757
1,evt_000594,4,441,1669793657689,1,0.5374003748099009,0,3,1,20,0.5342119336128235,0.5393189191818237,0.5383387207984924,0.012862517193683335,0.012862517193683335,0.0147737891921488,0.000938345988591549,0.0019185443719228479,0.0031884411970773963
1,evt_000595,4,203,1669793700438,0,0.2735638618469238,1,3,0,20,0.2719596922397613,0.2728996276855469,0.2729250490665436,0.0083807699,0.0083807699,0.00934792675566346,0.0006388127803801935,0.0006642341613768976,0.0016041696071624756
1,evt_000720,5,303,1669963779066,1,0.3545076946417491,1,0,0,20,0.3530747592449188,0.354161262512207,0.3541164100170135,0.0067829432200000005,0.00679463658,0.007845518746771949,0.00039128462473558834,0.0003464321295421069,0.0014329353968302594
1,evt_000721,5,174,1669963801403,1,0.3612094422181447,1,0,0,20,0.3565596640110016,0.361040323972702,0.3608603775501251,0.021201500611333333,0.021201500611333333,0.026988481127507825,0.0003490646680195941,0.00016911824544268983,0.004649778207143129
1,evt_000722,5,306,1669963834736,1,0.3442017237345378,1,0,0,20,0.3436162769794464,0.3439336121082306,0.3440866470336914,0.0026586003283333333,0.0026586003283333333,0.0031644486118140923,0.00011507670084637267,0.0002681116263071881,0.0005854467550913678
1,evt_000723,5,527,1669965034544,0,0.3124267359574635,0,1,1,20,0.3101026117801666,0.3119529187679291,0.3119101226329803,0.011687976078333334,0.011687976078333334,0.013848896238960622,0.0005166133244832172,0.0004738171895344312,0.0023241241772968824
1,evt_000724,5,528,1669965079301,0,0.3539933264255523,0,1,1,20,0.3533261716365814,0.3540350496768951,0.353765994310379,0.0031026378779999996,0.0031026378779999996,0.0030310363807243834,0.00022733211517333984,4.172325134277344e-05,0.0006671547889708918
1,evt_000725,5,529,1669965121061,1,0.4384351174036662,0,1,1,20,0.4310981035232544,0.4374732971191406,0.4371496438980102,0.029468007313333332,0.029468007313333332,0.0399775835167492,0.0012854735056559985,0.0009618202845255719,0.007337013880411802
1,evt_000726,5,530,1669965157267,1,0.4091111620267232,0,1,1,20,0.403272271156311,0.4082495272159576,0.4082376658916473,0.024784686113333333,0.02513462215333333,0.031207433607410157,0.000873496135075924,0.0008616348107656213,0.005838890870412228
1,evt_000727,5,531,1669965194566,0,0.372445007165273,0,1,1,20,0.3668163120746612,0.372389405965805,0.3716113865375519,0.024285422166666668,0.0243792749,0.031773436454198306,0.0008336206277211322,5.5601199468013895e-05,0.005628695090611813
1,evt_000728,5,532,1669965309245,1,0.333058883746465,0,1,1,20,0.3324423730373382,0.3330627381801605,0.3328814506530761,0.0029454016866666665,0.0031915133799999998,0.0029713132189224784,0.00017743309338885682,3.854433695549275e-06,0.0006165107091267719
1,evt_000729,5,533,1669965352684,1,0.3724678556124369,0,1,1,20,0.3661216199398041,0.3704937994480133,0.3713393211364746,0.02733242187,0.02733242187,0.035139455063283816,0.001128534475962284,0.0019740561644235877,0.006346235672632816
1,evt_000730,5,534,1669965392665,0,0.4353300134340922,0,1,1,20,0.4312848746776581,0.4325465857982635,0.4346069395542145,0.016513044449,0.016513044449,0.021783528863874642,0.0007230738798777447,0.002783427635828728,0.004045138756434141
1,evt_000731,5,535,1669965415628,0,0.3561061024665832,0,1,1,20,0.3491701185703277,0.3548782765865326,0.3548207283020019,0.030810857183333335,0.030810857183333335,0.03992281565689112,0.0012853741645812988,0.0012278258800506037,0.006935983896255493
1,evt_000805,6,315,1670137247245,0,0.2215368847052256,1,0,0,20,0.2214225530624389,0.2215723246335983,0.2215827703475952,0.0007945782333333333,0.0011636206333333335,0.001255828357424149,4.588564236959747e-05,3.543992837271026e-05,0.00011433164278668029
1,evt_000806,6,256,1670137257753,0,0.186281532049179,1,0,0,20,0.1863475888967514,0.1862743943929672,0.1863304823637008,-0.00031621426666666666,0.0007418052666666666,9.645360777031044e-05,4.8950314521817306e-05,7.137656211797516e-06,6.605684757240993e-05
1,evt_000807,6,172,1670137268647,0,0.1533276637395223,1,0,0,20,0.1534182131290435,0.1533013731241226,0.1533722877502441,-0.0005011222433333333,0.00092208371,0.0002262087305856007,4.462401072180544e-05,2.6290615399715556e-05,9.05493895211884e-05
1,evt_000808,6,313,1670137295233,0,0.1998921235402425,1,0,0,20,0.1999663561582565,0.1998884230852127,0.1999965161085128,-0.0004378309333333333,0.0012224937333333334,0.0002844212786805907,0.00010439256827030063,3.7004550297869976e-06,7.423261801400849e-05
1,evt_000890,7,605,1670155947898,0,0.3192431231339772,0,3,1,20,0.3144001066684723,0.3192653656005859,0.3190962672233581,0.023046905766666667,0.023046905766666667,0.028205616376410815,0.00014685591061908143,2.2242466608701772e-05,0.00484301646550489
1,evt_000891,7,606,1670155983387,0,0.3334358036518097,0,3,1,20,0.3275234401226043,0.3319797217845917,0.3323096334934234,0.027340028466666666,0.027340028466666666,0.03412093271025938,0.001126170158386286,0.0014560818672180176,0.005912363529205378
1,evt_000892,7,513,1670156026133,1,0.3062919278939565,1,3,1,20,0.3012908697128296,0.3072799146175384,0.3065305054187774,0.024069008166666666,0.024069008166666666,0.031858488948229485,0.00023857752482092653,0.0009879867235819129,0.005001058181126894
1,evt_000893,7,607,1670156079011,0,0.2961347599824269,0,3,1,20,0.290817379951477,0.2958746254444122,0.2955198287963867,0.026321298886666667,0.026321298886666667,0.03325539321645147,0.0006149311860401685,0.0002601345380147113,0.005317380030949892
1,evt_000894,7,608,1670156105771,0,0.2233281085888544,0,3,1,20,0.2206315249204635,0.2231973856687545,0.2227454781532287,0.015920082210000002,0.015920082210000002,0.020612977724806084,0.0005826304356257028,0.0001307229200999127,0.0026965836683909006
1,evt_000895,7,610,1670156162381,1,0.2717889746030171,0,3,1,20,0.2667810022830963,0.2719879448413849,0.2713182270526886,0.026245564433333337,0.026245564433333337,0.033139012964308066,0.0004707475503284986,0.00019897023836779049,0.005007972319920784
1,evt_000896,7,611,1670156210892,0,0.3336450656255086,0,3,1,20,0.3286080062389374,0.3346505165100097,0.3339116871356964,0.023306336876666667,0.023306336876666667,0.029669913976135998,0.00026662151018780333,0.0010054508845011023,0.00503705938657123
1,evt_000897,7,612,1670156222265,0,0.2856394350528717,0,3,1,20,0.2807351350784302,0.2848784029483795,0.2847415208816528,0.024927495833333337,0.024927495833333337,0.033729740390660755,0.0008979141712189276,0.0007610321044921875,0.004904299974441528
1,evt_000898,7,613,1670156268143,0,0.2613608539104461,0,3,1,20,0.2563552558422088,0.2612710297107696,0.2607155740261078,0.026917141749600002,0.02691813111706667,0.03653019343057613,0.0006452798843383234,8.982419967651367e-05,0.005005598068237305
1,evt_000899,7,614,1670156287465,0,0.2868381838003794,0,3,1,20,0.2861569821834564,0.2869259417057037,0.2866320312023163,0.0034514429099999997,0.0034514429099999997,0.004529837174695959,0.00020615259806311403,8.775790532428163e-05,0.0006812016169229773
1,evt_000900,7,615,1670156312999,1,0.2852847079435984,0,3,1,20,0.2800891697406769,0.2847186326980591,0.2843823432922363,0.026392394700000002,0.026392394700000002,0.035916413615652495,0.0009023646513621197,0.0005660752455393103,0.0051955382029215125
1,evt_000901,7,616,1670156345414,1,0.2723211745421092,1,3,1,20,0.267858475446701,0.2718923985958099,0.2716123163700104,0.02329214278,0.02329214278,0.03168093048856069,0.0007088581720988141,0.00042877594629930904,0.004462699095408196
1,evt_000902,7,617,1670156385250,1,0.3008608520030975,0,3,1,20,0.298467755317688,0.3008159399032593,0.3003722429275512,0.011854477549999999,0.011972951216666665,0.016654998915836834,0.0004886090755462646,4.4912099838201325e-05,0.0023930966854094904
1,evt_001020,8,681,1670398021943,1,0.3203657567501068,0,3,1,20,0.3159202635288238,0.3208792507648468,0.3198960125446319,0.020177107566666668,0.020177107566666668,0.025367868875022997,0.000469744205474909,0.0005134940147399902,0.0044454932212830145
1,evt_001021,8,196,1670398067990,1,0.3072717289129893,1,3,0,20,0.3069063127040863,0.3073420822620392,0.307039350271225,0.00181465782,0.00181465782,0.0012303964025547217,0.00023237864176434142,7.035334904986756e-05,0.0003654162089030133
1,evt_001022,8,682,1670398102041,1,0.3899174531300862,0,3,1,20,0.3883302211761474,0.3904792368412018,0.3897055089473724,0.006686037616666667,0.006686037616666667,0.007405888029444511,0.000211944182713808,0.0005617837111155932,0.0015872319539387836
1,evt_001023,8,683,1670398159821,1,0.4014839629332224,0,3,1,20,0.3944456577301025,0.398971289396286,0.4007346928119659,0.028926954733333333,0.028926954733333333,0.03806488017564882,0.0007492701212565289,0.002512673536936405,0.007038305203119932
1,evt_001024,8,684,1670398205331,0,0.4801807701587677,0,3,1,20,0.4788430035114288,0.4802912771701813,0.4797283113002777,0.0053808592,0.0053808592,0.0048506444144719085,0.00045245885848999023,0.00011050701141357422,0.0013377666473389227
1,evt_001025,8,685,1670398239861,1,0.5263271530469259,0,3,1,20,0.5241052508354187,0.5257998108863831,0.5255483984947205,0.008897468413333333,0.008897468413333333,0.00956659788268165,0.0007787545522054407,0.000527342160542843,0.0022219022115071985
1,evt_001026,8,182,1670398291529,1,0.2876320580641429,1,3,0,20,0.2871372401714325,0.2876701354980469,0.2872986793518066,0.00253518106,0.00253518106,0.0018587341747108503,0.00033337871233629635,3.807743390399354e-05,0.0004948178927103863
1,evt_001027,8,686,1670398344098,0,0.3506997625033061,0,3,1,20,0.3458023071289062,0.3505611717700958,0.3495413362979889,0.021967824233333332,0.021967824233333332,0.027486112052343574,0.0011584262053171979,0.00013859073321026427,0.004897455374399895
1,evt_001028,8,687,1670399017463,0,0.5309427579243978,0,3,1,20,0.5293114185333252,0.5314669013023376,0.5308904647827148,0.006537584100833334,0.0065426720324999995,0.007806553714964268,5.2293141682979716e-05,0.000524143377939823,0.0016313393910726282
1,evt_001029,8,688,1670399051059,1,0.3440564274787903,0,3,1,20,0.3396190404891968,0.3441446125507355,0.3430661261081695,0.019896650833333335,0.019896650833333335,0.025220921647951776,0.000990301370620783,8.818507194519043e-05,0.004437386989593506
1,evt_001030,8,211,1670399101433,0,0.2119324306646982,1,3,0,20,0.2118367701768875,0.2119314670562744,0.2118144035339355,0.0006372997533333333,0.0006372997533333333,0.0006649603259795633,0.000118027130762699,9.63608423804052e-07,9.566048781067815e-05
1,evt_001031,8,218,1670399114667,0,0.2453887561957041,1,3,0,20,0.2451612502336502,0.245379164814949,0.2451645880937576,0.0012988072333333333,0.0012988072333333333,0.0005018605618367605,0.0002241681019465036,9.591380755097356e-06,0.00022750596205389773
1,evt_001032,8,205,1670399150245,0,0.2556694895029068,1,3,0,20,0.2544814348220825,0.2557043433189392,0.2551289796829223,0.006635528633333333,0.006635528633333333,0.0066695593372987265,0.0005405098199844915,3.485381603240967e-05,0.0011880546808242798
1,evt_001139,9,783,1670415469474,0,0.3257091542085011,0,1,1,20,0.3248120844364166,0.325637936592102,0.3254114389419555,0.004111000576666667,0.004111000576666667,0.004899278966799903,0.0002977152665455951,7.121761639911073e-05,0.00089706977208448
1,evt_001140,9,784,1670415517604,0,0.3347144623597463,0,1,1,20,0.3272758424282074,0.3346734046936035,0.3332607746124267,0.034699049233333334,0.034699049233333334,0.045683336300663055,0.0014536877473195764,4.105766614276307e-05,0.007438619931538881
1,evt_001141,9,785,1670415561157,0,0.3751046558221181,0,1,1,20,0.3740778863430023,0.3750767707824707,0.3747321367263794,0.004414240226666667,0.004414240226666667,0.0045958381970524435,0.00037251909573871034,2.7885039647401744e-05,0.0010267694791157855
1,evt_001142,9,786,1670415605083,0,0.2968174815177917,0,1,1,20,0.2954670786857605,0.2967950105667114,0.2963541746139526,0.006494441229999999,0.006494441229999999,0.007624373874334566,0.00046330690383911133,2.2470951080266754e-05,0.0013504028320311945
1,evt_001143,9,787,1670415658588,1,0.3582005500793457,0,1,1,20,0.3522017002105713,0.3580938577651977,0.3569539785385132,0.026944096433333332,0.026944096433333332,0.0357494690878522,0.0012465715408325195,0.00010669231414800473,0.005998849868774414
1,evt_001144,9,159,1670416522576,0,0.298535813887914,1,0,0,20,0.2985167205333709,0.2985136806964874,0.2984746992588043,9.177258000000002e-05,0.00058869322,0.00033136301402641105,6.111462910968202e-05,2.213319142657655e-05,1.9093354543087138e-05
1,evt_001145,9,155,1670416539131,0,0.2385591367880503,1,0,0,20,0.2383070588111877,0.2385615855455398,0.2384361028671264,0.0013919493900000001,0.0013919493900000001,0.0015074951371211983,0.00012303392092388732,2.4487574895037945e-06,0.000252077976862608
1,evt_001146,9,163,1670416548144,1,0.417903075615565,1,0,0,20,0.4174964427947998,0.4178101718425751,0.4176971912384033,0.001668885213,0.001668885213,0.001380448460985868,0.0002058843771616803,9.290377298992736e-05,0.0004066328207651959
1,evt_001147,9,168,1670416592087,0,0.3457537194093068,1,0,0,20,0.3455353081226349,0.3457409143447876,0.3455989360809326,0.00097738339,0.0012847842766666665,0.0010266695320524887,0.00015478332837420838,1.2805064519227916e-05,0.00021841128667193788
1,evt_001148,9,153,1670416634556,1,0.3056962589422862,1,0,0,20,0.3054923713207245,0.3056810200214386,0.3055488169193268,0.0009616122916666667,0.0009616122916666667,0.0006356880636318546,0.00014744202295940978,1.5238920847593374e-05,0.0002038876215617047
1,evt_001149,9,157,1670416689363,0,0.2717213928699493,1,0,0,20,0.2714081704616546,0.2716950178146362,0.2715253531932831,0.0015655682999999997,0.0017596153666666666,0.0018897936469656261,0.00019603967666620425,2.637505531311035e-05,0.00031322240829467773
1,evt_001253,10,846,1670487566979,1,0.2998903095722198,0,1,1,20,0.2942662537097931,0.2994450032711029,0.2986043989658355,0.027243172366666665,0.027243172366666665,0.03564152152071178,0.0012859106063842773,0.00044530630111688785,0.005624055862426702
1,evt_001254,10,847,1670488843955,1,0.3793708781401316,0,1,1,20,0.3773441314697265,0.3793946504592895,0.3785430490970611,0.008728963566666668,0.008728963566666668,0.009696095282003771,0.0008278290430704938,2.377231915789979e-05,0.0020267466704050885
1,evt_001255,10,848,1670488895051,1,0.4507569869359334,0,1,1,20,0.4495800733566284,0.4506431519985199,0.4502629339694977,0.00478281551,0.00478281551,0.004780444504629806,0.0004940529664357318,0.00011383493741351502,0.0011769135793049945
1,evt_001256,10,849,1670488932236,0,0.2661560773849487,0,1,1,20,0.2611371278762817,0.2663078606128692,0.2652846872806549,0.026197675599999998,0.026197675599999998,0.031830127373458215,0.0008713901042937677,0.00015178322792053223,0.005018949508666992
1,evt_001257,10,850,1670488956849,1,0.3313291072845459,0,1,1,20,0.3262970149517059,0.3313275575637817,0.3302538096904754,0.02310608163333333,0.02310608163333333,0.03008648483041964,0.00107529759407049,1.5497207642156674e-06,0.005032092332840021
1,evt_001258,10,851,1670489000102,0,0.2932064930597941,0,1,1,20,0.2888453602790832,0.2929409444332123,0.2921898066997528,0.021375976190000003,0.021375976190000003,0.027452337510855657,0.001016686360041319,0.0002655486265818463,0.00436113278071093
1,evt_001259,10,852,1670489032998,1,0.3587174316247304,0,1,1,20,0.3560625612735748,0.3582020998001098,0.3578689992427826,0.011565457926666668,0.011565457926666668,0.014761560088965278,0.0008484323819478168,0.0005153318246206018,0.002654870351155636
1,evt_001260,10,407,1670489065739,1,0.3367160061995188,0,1,1,20,0.3356278836727142,0.3367551267147064,0.3362748324871063,0.004918133676666666,0.004918133676666666,0.004464497099136462,0.00044117371241247927,3.912051518761839e-05,0.0010881225268046246
1,evt_001261,10,853,1670489108954,1,0.4589818517367045,0,1,1,20,0.4572330415248871,0.4588134586811065,0.4582705497741699,0.007068261200000001,0.007068261200000001,0.0069110933122887375,0.0007113019625346051,0.0001683930555980151,0.001748810211817442
1,evt_001262,10,854,1670489148475,1,0.3341744840145111,0,1,1,20,0.3302375674247741,0.3339825570583343,0.3331842422485351,0.0180623884,0.0180623884,0.022655283508966735,0.0009902417659760077,0.00019192695617681332,0.003936916589736994
1,evt_001263,10,855,1670489202080,1,0.3544212480386098,0,1,1,20,0.3532806932926178,0.3542070686817169,0.3539141118526459,0.005018990936666666,0.005018990936666666,0.005179327452337283,0.0005071361859639301,0.00021417935689288514,0.0011405547459920062
1,evt_001378,11,919,1670591695198,1,0.4023218254248301,0,3,1,20,0.3964695632457733,0.4021863043308258,0.4010746479034424,0.02435207053333333,0.02435207053333333,0.03153945535541746,0.001247177521387699,0.00013552109400427614,0.005852262179056766
1,evt_001379,11,920,1670591745886,1,0.3269847532113393,0,3,1,20,0.3227268159389496,0.3271644115447998,0.3260582983493805,0.019545477500000002,0.019545477500000002,0.025196663084209116,0.0009264548619588031,0.0001796583334605084,0.004257937272389711
1,evt_001380,11,204,1670591799450,1,0.2500213980674743,1,3,0,20,0.2496779114007949,0.2500292062759399,0.249785304069519,0.0019015993866666667,0.0019015993866666667,0.0015459298349134018,0.00023609399795532227,7.808208465576172e-06,0.0003434866666794101
1,evt_001381,11,921,1670592613125,1,0.3383118708928426,0,1,1,20,0.3328622281551361,0.3385696411132812,0.3373628556728363,0.024062919033333335,0.024062919033333335,0.03193071142413911,0.0009490152200062885,0.0002577702204386023,0.005449642737706484
1,evt_001382,11,922,1670592650381,1,0.3471342623233795,1,1,1,20,0.341456800699234,0.347448319196701,0.3461360037326813,0.025994475700000002,0.025994475700000002,0.03293680656644701,0.0009982585906982422,0.0003140568733214777,0.005677461624145508
1,evt_001383,11,923,1670592692370,1,0.4064106444517771,0,1,1,20,0.4042543470859527,0.4067274332046509,0.4058984816074371,0.009137896983333333,0.009137896983333333,0.010490450997348627,0.000512162844340025,0.0003167887528737756,0.0021562973658244
1,evt_001384,11,924,1670592747474,1,0.5495088696479797,0,1,1,20,0.5462067723274231,0.5490543246269226,0.5486431121826172,0.013292708566666667,0.013292708566666667,0.016078543777328303,0.0008657574653625488,0.0004545450210571289,0.0033020973205566406
1,evt_001385,11,925,1670592801942,1,0.3592916627724965,0,1,1,20,0.3580837249755859,0.3591908514499664,0.3588305413722992,0.0052803437666666675,0.0052803437666666675,0.0057538558206388386,0.0004611214001973285,0.00010081132253014768,0.0012079377969106408
1,evt_001386,11,926,1670592853827,1,0.2814455032348633,0,1,1,20,0.2785327732563019,0.2810592353343963,0.2806391716003418,0.01455306518,0.01455306518,0.019227470105893426,0.0008063316345214844,0.00038626790046697446,0.0029127299785614014
1,evt_001387,11,927,1670592865692,0,0.2999833524227142,0,1,1,20,0.2942179143428802,0.2995185256004333,0.2987714111804962,0.02771456020666667,0.02771456020666667,0.036694245108596125,0.001211941242217962,0.0004648268222808838,0.005765438079833984
1,evt_001388,11,928,1670592918204,1,0.3799657622973124,0,1,1,20,0.3783099353313446,0.3800623416900635,0.3794068098068237,0.007121892946666667,0.007121892946666667,0.008174673180249224,0.0005589524904887067,9.657939275109495e-05,0.0016558269659677771
1,evt_001389,11,929,1670592971507,1,0.3262111246585846,0,1,1,20,0.3219620287418365,0.3264285624027252,0.3254134654998779,0.019890222333333332,0.019890222333333332,0.0250470006317914,0.0007976591587067206,0.000217437744140625,0.004249095916748102
1,evt_001390,11,930,1670593016467,1,0.3736859460671742,0,1,1,20,0.3688559234142303,0.3738790452480316,0.3726174533367157,0.020957327166666664,0.020957327166666664,0.02739038344765627,0.0010684927304585035,0.0001930991808574145,0.0048300226529439105
1,evt_001505,12,205,1670744876901,0,0.2487153311570485,1,3,0,20,0.2478526830673217,0.2487647980451584,0.2484768182039261,0.005091539817999999,0.005172836915333333,0.006379187621426496,0.0002385129531224106,4.9466888109889195e-05,0.000862648089726803
1,evt_001506,12,998,1670744887694,0,0.3583707908789317,0,3,1,20,0.351517766714096,0.3581466376781463,0.3572244644165039,0.029607045563333333,0.02971905797,0.04059063034232618,0.0011463264624277936,0.00022415320078539303,0.006853024164835686
1,evt_001507,12,999,1670744900828,0,0.2011041988929112,0,3,1,20,0.1983456164598465,0.2003092765808105,0.2005379945039749,0.017542267686666665,0.017542267686666665,0.02435528030376406,0.0005662043889363144,0.0007949223121007098,0.0027585824330647046
1,evt_001508,12,1000,1670744909870,1,0.4913876156012217,0,3,1,20,0.4902375638484955,0.4903476238250732,0.4911789894104004,0.004635630123333333,0.004797376676666667,0.005664066348246678,0.00020862619082129275,0.0010399917761484967,0.0011500517527262
1,evt_001509,12,1001,1670744928565,0,0.4446834921836853,0,3,1,20,0.440504789352417,0.4437104761600494,0.4439866542816162,0.017066823656666667,0.017328648076666668,0.022939925954998656,0.0006968379020690918,0.0009730160236359198,0.0041787028312683105
1,evt_001510,12,210,1670744938717,0,0.2357331116994222,1,3,0,20,0.2353318184614181,0.2353367805480957,0.235699251294136,0.00234110506,0.0026720127000000003,0.0029023289958342003,3.386040528621792e-05,0.00039633115132650665,0.00040129323800411343
1,evt_001511,12,1002,1670744944710,1,0.6063181757926941,0,3,1,20,0.6055712699890137,0.6062431931495667,0.6063259840011597,0.0030978012966666663,0.0031945419700000004,0.003944731336493246,7.808208465576172e-06,7.49826431274414e-05,0.0007469058036804199
1,evt_001512,12,222,1670744955798,0,0.2907920926809311,1,3,0,20,0.290866494178772,0.290807157754898,0.2908329665660858,-0.00035973996666666667,0.00035973996666666667,5.2937131290904775e-05,4.087388515472412e-05,1.506507396692447e-05,7.440149784088135e-05
1,evt_001513,12,1003,1670744964128,0,0.3738439083099365,0,3,1,20,0.3735731542110443,0.3738285005092621,0.3738667964935303,0.001196039868,0.0015431473613333336,0.0018146417684559981,2.288818359375e-05,1.5407800674438477e-05,0.0002707540988922119
1,evt_001514,12,1004,1670745730463,1,0.3356641034285227,0,1,1,20,0.3284110128879547,0.3337903022766113,0.3350197076797485,0.03310717407666667,0.033327090456666666,0.04423144658752245,0.0006443957487742291,0.0018738011519114361,0.007253090540567997
1,evt_001515,12,1005,1670745751065,0,0.3554417888323466,0,1,1,20,0.3516984283924103,0.3550589978694916,0.3550653755664825,0.016333597986666667,0.016626000813333337,0.022402741465603556,0.0003764132658641284,0.00038279096285503966,0.0037433604399363385
1,evt_001516,12,1006,1670745764491,1,0.2431344091892242,0,1,1,20,0.2409820556640625,0.2425179928541183,0.2430344820022583,0.012787722472000001,0.012787722472000001,0.015510926082061968,9.992718696588687e-05,0.000616416335105896,0.0021523535251616877
1,evt_001634,13,1121,1672733233124,0,0.4435094793637593,0,1,1,20,0.4430467188358307,0.4431426525115967,0.4432623386383056,0.0018991368193333332,0.0019285470473333335,0.001352760423029279,0.00024714072545367616,0.000366826852162605,0.00046276052792859623
1,evt_001635,13,1122,1672733256678,1,0.4171488682428996,0,1,1,20,0.416553258895874,0.4165590703487396,0.4169032573699951,0.0024954952,0.0024954952,0.0021845649250327457,0.00024561087290447814,0.0005897978941599713,0.0005956093470255719
1,evt_001636,13,1123,1672733257835,0,0.2376650124788284,0,1,1,20,0.2365109324455261,0.23747318983078,0.2373326271772384,0.0067662144000000006,0.0067662144000000006,0.006925438856904911,0.0003323853015899936,0.00019182264804840088,0.0011540800333023071
1,evt_001637,13,1124,1672733268908,0,0.346212774515152,0,1,1,20,0.3458684384822845,0.3460048735141754,0.345991849899292,0.0015545761499999998,0.00161195085,0.0011517453763395802,0.00022092461585998535,0.0002079010009765625,0.00034433603286748715
1,evt_001638,13,1125,1672733293014,1,0.3785836001237233,0,1,1,20,0.3780903816223144,0.3781191408634186,0.3782299757003784,0.00213940806,0.00213940806,0.001325986681895078,0.000353624423344856,0.00046445926030469487,0.0004932185014088764
1,evt_001639,13,1126,1672733392020,0,0.2983688513437907,0,1,1,20,0.2956879436969757,0.2965441048145294,0.2975771427154541,0.012926293696666667,0.012926293696666667,0.015882210418379866,0.000791708628336607,0.0018247465292612897,0.0026809076468150006
1,evt_001640,13,1127,1672733397907,0,0.5578965346018473,0,1,1,20,0.5571618676185608,0.557503879070282,0.5575066208839417,0.0029571692833333333,0.0029571692833333333,0.0020642375927117404,0.00038991371790564333,0.0003926555315653113,0.0007346669832865027
1,evt_001641,13,1128,1672733437986,0,0.339156558116277,0,1,1,20,0.3338954448699951,0.3374596834182739,0.3379493653774261,0.023407956866666663,0.023407956866666663,0.029548786901280412,0.001207192738850893,0.0016968746980030591,0.005261113246281868
1,evt_001642,13,1129,1672733451833,0,0.3270615041255951,0,1,1,20,0.3237981498241424,0.3246513307094574,0.326167494058609,0.01483124601,0.01483124601,0.0193030547653534,0.000894010066986084,0.0024101734161376953,0.0032633543014526922
1,evt_001643,13,1130,1672733460843,0,0.4160506725311279,0,1,1,20,0.4097906053066253,0.4157010614871979,0.4149529933929443,0.025584656033333333,0.025584656033333333,0.032920988960978156,0.0010976791381835938,0.0003496110439299982,0.0062600672245025635
1,evt_001644,13,1131,1672733462361,0,0.4598668813705444,0,1,1,20,0.4595266878604889,0.4596559703350067,0.4596363008022308,0.0013800985749999998,0.0013931524249999998,0.0012092722109400772,0.00023058056831359863,0.00021091103553766422,0.0003401935100554865
1,evt_001645,13,1132,1672733491068,1,0.6353476246198019,0,1,1,20,0.6350988745689392,0.635013997554779,0.6351626515388489,0.0010601908666666667,0.0010744046333333334,0.0009380004336947881,0.00018497308095299925,0.00033362706502282347,0.0002487500508626672
1,evt_001646,13,1133,1672733622331,0,0.3899932305018107,0,1,1,20,0.3897837102413177,0.3898086249828338,0.3898643553256988,0.0009106576166666666,0.0010990555166666665,0.0006607397432536938,0.0001288751761118756,0.00018460551897686583,0.00020952026049297912
1,evt_001761,14,1207,1672836297393,0,0.3084015945593516,0,3,1,20,0.3081214427947998,0.3083242774009704,0.3085344731807709,0.0013754827266666666,0.0016410644733333335,0.001630279320476328,0.00013287862141925233,7.731715838121822e-05,0.000280151764551817
1,evt_001762,14,205,1672836329053,0,0.2510330428679784,1,3,0,20,0.2503863573074341,0.2510304450988769,0.2510216832160949,0.003766881886666667,0.003972785646666667,0.004869788871312091,1.1359651883480204e-05,2.597769101497782e-06,0.0006466855605443134
1,evt_001763,14,210,1672836352679,0,0.2323546608289083,1,3,0,20,0.2321598380804062,0.232389748096466,0.232524037361145,0.0011623373466666668,0.0015995385466666668,0.0015658429375666862,0.00016937653223669802,3.5087267557715185e-05,0.0001948227485021048
1,evt_001764,14,1208,1672836357273,1,0.23218534886837,0,3,1,20,0.2316582947969436,0.2322309017181396,0.2322203069925308,0.0031088746,0.003368531933333333,0.0040961644084366216,3.495812416079436e-05,4.5552849769592285e-05,0.0005270540714263916
1,evt_001765,14,211,1672836536260,0,0.1930441011985143,1,3,0,20,0.1931649893522262,0.1930564194917678,0.1931425333023071,-0.0007793008666666666,0.0007793008666666666,7.1870185859585e-05,9.843210379278933e-05,1.231829325348821e-05,0.00012088815371188999
1,evt_001766,14,222,1672836538375,0,0.274696409702301,1,3,0,20,0.2748316526412964,0.2747239470481872,0.2747990190982818,-0.0007010864233333333,0.0007010864233333333,0.00010340935524056366,0.00010260939598077945,2.7537345886174958e-05,0.00013524293899536133
1,evt_001767,14,1209,1672837066019,1,0.3499685227870941,0,1,1,20,0.3462853133678436,0.3504440784454345,0.3500501215457916,0.016544507733333335,0.016796452,0.022244068132199823,8.159875869750977e-05,0.0004755556583403986,0.003683209419250544
1,evt_001768,14,1210,1672837124168,1,0.2282700091600418,0,1,1,20,0.2273064106702804,0.228299394249916,0.2283163070678711,0.005370273273333333,0.005627262726666668,0.007685850637036538,4.629790782928467e-05,2.938508987418431e-05,0.000963598489761408
1,evt_001769,14,1211,1672837163998,1,0.3796708087126414,0,1,1,20,0.3793773353099823,0.3796845972537994,0.3798734247684479,0.0013033513733333333,0.00156826476,0.0012484487073996103,0.00020261605580645936,1.378854115796635e-05,0.0002934734026591168
1,evt_001770,14,1212,1672837201189,1,0.2982486685117085,0,1,1,20,0.2973945438861847,0.2982640564441681,0.2983131110668182,0.00428882988,0.00496946288,0.006239031221233369,6.444255510967833e-05,1.538793245958736e-05,0.0008541246255238111
1,evt_001771,14,1213,1672837254276,0,0.2866318424542745,0,1,1,20,0.2834840714931488,0.2872406244277954,0.2869802713394165,0.01507706118333333,0.015496573916666666,0.021181057336643706,0.00034842888514202697,0.0006087819735209332,0.0031477709611256732
1,evt_001895,15,212,1672887093975,0,0.2110121697187423,1,3,0,20,0.2109245508909225,0.2110143452882766,0.2109172493219375,0.0005734088223333333,0.0005734088223333333,0.00047888222786582487,9.492039680478181e-05,2.175569534301758e-06,8.761882781979646e-05
1,evt_001896,15,203,1672887102370,0,0.2767473061879476,1,3,0,20,0.2752363681793213,0.2768189609050751,0.2762154936790466,0.0077947796,0.0077947796,0.00916907433744397,0.0005318125089009973,7.16547171275006e-05,0.0015109380086262836
1,evt_001897,15,1285,1672887132053,0,0.4420769214630127,0,3,1,20,0.4397605359554291,0.4419946372509002,0.4412915706634521,0.009480970773333333,0.009480970773333333,0.011236562352132494,0.0007853507995606024,8.228421211248227e-05,0.002316385507583618
1,evt_001898,15,211,1672887159738,1,0.2192281285921732,1,3,0,20,0.2191827297210693,0.219205304980278,0.2191597372293472,0.000307102516,0.00048720679600000003,0.000472911604024021,6.839136282599245e-05,2.282361189520632e-05,4.539887110388552e-05
1,evt_001899,15,226,1672887173296,0,0.1952801942825317,1,3,0,20,0.1951016634702682,0.1953126341104507,0.1951557397842407,0.0012184464233333332,0.0012184464233333332,0.0007723650787983903,0.00012445449829101562,3.243982791897859e-05,0.00017853081226351653
1,evt_001900,15,218,1672887182681,0,0.2513196319341659,1,3,0,20,0.2512407600879669,0.2513700723648071,0.2512440979480743,0.0004460846633333333,0.0004460846633333333,0.0004143710105355804,7.553398609161377e-05,5.0440430641174316e-05,7.887184619898013e-05
1,evt_001901,15,221,1672887199566,0,0.3225231269995371,1,3,0,20,0.3220167458057403,0.3226646482944488,0.3223419785499573,0.00234049044,0.00234049044,0.0022370299143050854,0.00018114844957983767,0.00014152129491168397,0.0005063811937968121
1,evt_001902,15,1286,1672887207384,1,0.2813383142153422,0,3,1,20,0.2787968814373016,0.2813250720500946,0.2804934084415436,0.012986468900000001,0.012986468900000001,0.016120685516472555,0.0008449057737986432,1.3242165247617788e-05,0.002541432778040642
1,evt_001903,15,1287,1672887246600,0,0.3977969586849212,0,3,1,20,0.3966444730758667,0.3978058397769928,0.3973632752895355,0.00486753942,0.00486753942,0.005439420788144918,0.0004336833953856867,8.881092071588714e-06,0.00115248560905451
1,evt_001904,15,1288,1672887279621,1,0.313905914624532,0,3,1,20,0.3104190528392792,0.3138637840747833,0.3128939867019653,0.016462644566666667,0.016462644566666667,0.021394184025348817,0.0010119279225667133,4.213054974866459e-05,0.003486861785252815
1,evt_001905,15,205,1672887323515,1,0.2534952312707901,1,3,0,20,0.2522985935211181,0.2534756362438202,0.2529416382312774,0.0067560148499999995,0.0067560148499999995,0.007209763223391987,0.0005535930395126898,1.9595026969909668e-05,0.0011966377496719915
1,evt_001906,15,222,1672887357250,0,0.2988278766473134,1,3,0,20,0.2987562417984009,0.2988194227218628,0.2987231314182281,0.00037538552000000003,0.0005064938533333334,0.0002502329573165327,0.00010474522908532347,8.4539254506244e-06,7.163484891253846e-05
1,evt_001907,15,1289,1672887414544,1,0.4022895197073619,0,3,1,20,0.3973091542720794,0.4019992649555206,0.401060551404953,0.02069592137,0.02078511743,0.02748224489061579,0.0012289683024088727,0.00029025475184130123,0.004980365435282463
1,evt_001908,15,1290,1672887471061,1,0.2865933279196421,0,3,1,20,0.2856362760066986,0.286552757024765,0.2861715853214264,0.004994344733333334,0.004994344733333334,0.0050485732803880615,0.0004217425982157019,4.057089487707888e-05,0.0009570519129434851
1,evt_001909,15,1291,1672887526234,1,0.3212351401646932,0,3,1,20,0.316998153924942,0.3212704360485077,0.3202930092811584,0.01955707204666667,0.01955707204666667,0.025189897321366585,0.0009421308835347864,3.529588381451232e-05,0.0042369862397511615
1,evt_002024,16,1408,1672906177854,0,0.4228965938091278,0,1,1,20,0.4230103194713592,0.4233101904392242,0.4237403571605682,-0.00046640009999999993,0.0006811057666666667,0.0003273289449700849,0.0008437633514403742,0.00041359663009638004,0.0001137256622313898
1,evt_002025,16,1409,1672906195544,0,0.2924311359723409,0,1,1,20,0.2913097143173218,0.2926652729511261,0.2926545143127441,0.005719750066666667,0.006160095599999999,0.007800776304069916,0.00022337834040320192,0.00023413697878521544,0.0011214216550191058
1,evt_002026,16,1410,1672906207295,0,0.450801541407903,0,1,1,20,0.4457089006900787,0.4502116441726684,0.4500519037246704,0.020610887523333333,0.020698349743333334,0.028012541138770726,0.0007496376832326068,0.0005898972352346155,0.005092640717824337
1,evt_002027,16,1412,1672906269256,1,0.268889124194781,0,1,1,20,0.2646105587482452,0.2701390087604522,0.2694490551948547,0.022171946409199995,0.022171946409199995,0.028884694883808196,0.0005599310000736768,0.001249884565671211,0.00427856544653582
1,evt_002028,16,1413,1672906305163,0,0.4477683703104655,0,1,1,20,0.4477090835571289,0.4495266377925873,0.4493376016616821,0.00024245201666666662,0.00069845755,0.00040112616772606803,0.00156923135121656,0.001758267482121767,5.9286753336607045e-05
1,evt_002029,16,1414,1672906999194,1,0.2576255351305008,0,1,1,20,0.2559364736080169,0.2581962049007416,0.2578342258930206,0.008947921853333334,0.009105677386666667,0.01220241499252979,0.00020869076251978091,0.0005706697702407837,0.0016890615224838812
1,evt_002030,16,1415,1672907039872,1,0.3553216954072316,0,1,1,20,0.3517736196517944,0.3557322919368744,0.355398565530777,0.015529621373333332,0.015648728626666667,0.02036491484569558,7.687012354540279e-05,0.0004105965296428149,0.0035480757554371967
1,evt_002031,16,1416,1672907078452,0,0.2843448867400487,0,1,1,20,0.2802665531635284,0.2855953276157379,0.2851708829402923,0.02044980463,0.02056726337,0.02712027095202503,0.000825996200243595,0.0012504408756892071,0.004078333576520321
1,evt_002032,16,1417,1672907592063,1,0.2908103863398234,0,1,1,20,0.2901720702648163,0.2941381633281708,0.2936016619205475,0.0032095375100000003,0.0034612506233333332,0.0032781760859353377,0.002791275580724062,0.003327776988347353,0.0006383160750071393
1,evt_002033,16,1418,1672907642147,1,0.3193872272968292,0,1,1,20,0.3193275928497314,0.3202509582042694,0.3202115595340729,0.0002766193866666667,0.0007611012266666668,0.00035907559521464275,0.0008243322372436523,0.0008637309074401855,5.963444709783383e-05
1,evt_002144,17,212,1672992927533,0,0.1921719561020533,1,3,0,20,0.1922721415758133,0.1921602934598922,0.1922637373208999,-0.0006665606066666666,0.0006665606066666666,0.00016013177315701908,9.17812188466205e-05,1.1662642161097692e-05,0.00010018547376000608
1,evt_002145,17,1474,1672992932779,1,0.3376031617323557,0,3,1,20,0.3344798386096954,0.3377843797206878,0.3376525342464447,0.013840403776666668,0.013970821583333334,0.019492787235706476,4.9372514088985575e-05,0.00018121798833209413,0.0031233231226603375
1,evt_002146,17,1475,1672992957446,1,0.3567182223002116,0,3,1,20,0.356177419424057,0.3569032251834869,0.3572478592395782,0.0024002340199999997,0.0027839152466666663,0.0032715980259992524,0.0005296369393665845,0.00018500288327527592,0.0005408028761546002
1,evt_002147,17,204,1672993000495,0,0.2406031688054402,1,3,0,20,0.2405809015035629,0.2404084950685501,0.2406837940216064,0.00015724007666666662,0.0006829915233333332,0.0004131963566482289,8.062521616619689e-05,0.00019467373689008305,2.2267301877293422e-05
1,evt_002148,17,221,1672993011072,0,0.3076880474885304,1,3,0,20,0.3074972331523895,0.3074971139431,0.3078166544437408,0.0008743642266666666,0.0013157895066666665,0.0014004524386688091,0.00012860695521038634,0.0001909335454304273,0.0001908143361408765
1,evt_002149,17,205,1672993017824,1,0.2487330238024393,1,3,0,20,0.248012363910675,0.2486411482095718,0.2486418485641479,0.004228188743333333,0.004307649123333333,0.005422124220312056,9.117523829141327e-05,9.187559286749636e-05,0.0007206598917643137
1,evt_002150,17,1476,1672993051270,1,0.4107160766919454,0,3,1,20,0.4048538208007812,0.4104755818843841,0.4100328981876373,0.02446132794,0.02470487906,0.032790692094787965,0.0006831785043081018,0.00024049480756127561,0.005862255891164181
1,evt_002151,17,1477,1672993095040,0,0.3373219966888428,0,3,1,20,0.3332537114620209,0.3370735645294189,0.3368313014507293,0.01909977209333333,0.01909977209333333,0.02566959664444519,0.0004906952381134588,0.00024843215942388364,0.004068285226821899
1,evt_002152,17,203,1672993101149,0,0.2726986606915791,1,3,0,20,0.2716407477855682,0.2726741731166839,0.272613376379013,0.005517731018,0.005551172148666667,0.007608437415446753,8.528431256610292e-05,2.4487574895204478e-05,0.0010579129060109271
1,evt_002153,17,211,1672993130219,0,0.2156080851952234,1,3,0,20,0.2157327383756637,0.2156062573194503,0.2157093286514282,-0.0007403103566666668,0.0007403103566666668,3.9375681957426756e-05,0.00010124345620479702,1.8278757731027273e-06,0.00012465318044030393
1,evt_002154,17,1478,1672993138098,0,0.3859846591949463,0,3,1,20,0.3819654285907745,0.3859282433986664,0.3857741355895996,0.016873109726666665,0.017175671673333334,0.023690257097724654,0.0002105236053466797,5.6415796279907227e-05,0.0040192306041718084
1,evt_002155,17,210,1672993160863,0,0.237222080429395,1,3,0,20,0.2370029240846634,0.237308070063591,0.2373736351728439,0.0012805698000000001,0.0017575980666666667,0.0016329113222585242,0.00015155474344891173,8.59896341960098e-05,0.0002191563447316025
1,evt_002156,17,218,1672993178210,0,0.2476980288823445,1,3,0,20,0.2478268593549728,0.2477128952741623,0.2478299587965011,-0.0007009610299999999,0.0007009610299999999,0.0001925554932049493,0.00013192991415661437,1.4866391817802693e-05,0.0001288304726283218
1,evt_002157,17,1243,1672993184585,0,0.4039240380128224,0,3,1,20,0.4011781513690948,0.4039484560489654,0.403876930475235,0.011493375556666666,0.011754438643333332,0.01593504338623337,4.710753758740971e-05,2.441803614300353e-05,0.002745886643727602
1,evt_002279,18,1384,1673009829447,1,0.2861606180667877,1,1,1,20,0.2816595733165741,0.2859335243701935,0.2860061824321747,0.02201852341666666,0.02231866565,0.030131635026809458,0.0001544356346130371,0.00022709369659423828,0.004501044750213623
1,evt_002280,18,1547,1673009878162,1,0.2915566762288411,0,1,1,20,0.2911288440227508,0.2915426194667816,0.29169562458992,0.00218020728,0.00257414508,0.0029818168263886073,0.0001389483610788611,1.4056762059511119e-05,0.00042783220609032835
1,evt_002281,18,1548,1673010009380,1,0.4047764440377553,0,1,1,20,0.4037186801433563,0.4050021171569824,0.4050037860870361,0.004463172653333333,0.004917819693333333,0.006269387245963556,0.0002273420492807654,0.00022567311922710998,0.0010577638943989887
1,evt_002282,18,1549,1673010047847,0,0.275573194026947,0,1,1,20,0.2748730480670929,0.275564581155777,0.2756555080413818,0.0036153005766666672,0.003985483216666667,0.0052161455420756675,8.231401443475894e-05,8.612871170043945e-06,0.000700145959854126
1,evt_002283,18,1550,1673010059745,0,0.231264516711235,0,1,1,20,0.2298208028078079,0.2312583178281784,0.2312502712011337,0.008491854926666665,0.008710831139999998,0.011725509339656917,1.4245510101290604e-05,6.198883056585114e-06,0.0014437139034270963
1,evt_002284,18,1551,1673010110780,0,0.2654115557670593,0,1,1,20,0.2614686787128448,0.2654992341995239,0.265179306268692,0.02068779294666667,0.02068779294666667,0.02891519380125727,0.00023224949836730957,8.767843246459961e-05,0.003942877054214533
1,evt_002285,18,1307,1673010141652,0,0.3471916317939758,0,1,1,20,0.3425140380859375,0.347074955701828,0.3470259606838226,0.0210845966,0.021244636400000003,0.02864454597759662,0.00016567111015319824,0.00011667609214777164,0.004677593708038275
1,evt_002286,18,1552,1673010151105,1,0.259046345949173,0,1,1,20,0.2567643225193023,0.2589702606201172,0.2589745223522186,0.012057657026666663,0.012314289193333333,0.017053893382154336,7.182359695440121e-05,7.608532905578613e-05,0.002282023429870661
1,evt_002287,18,1553,1673010180986,0,0.32549716035525,0,1,1,20,0.3218342959880829,0.3255555927753448,0.3254781663417816,0.016692583923333334,0.016862369576666664,0.023171223296058443,1.8994013468387472e-05,5.843242009478944e-05,0.003662864367167118
1,evt_002288,18,1554,1673010194961,1,0.3390624125798543,0,1,1,20,0.3386464416980743,0.3391243517398834,0.3392012119293213,0.0018882950933333334,0.0021670563933333335,0.0025937112188137547,0.00013879934946697814,6.193916002911193e-05,0.0004159708817800256
1,evt_002289,18,1555,1673010223056,0,0.357469230890274,0,1,1,20,0.3555918931961059,0.3575495183467865,0.3575561046600342,0.008201866006666668,0.008640227326666666,0.011756336113398928,8.687376976018735e-05,8.028745651250668e-05,0.0018773376941680908
1,evt_002290,18,1480,1673010232893,0,0.3480605284372965,0,1,1,20,0.3455168306827545,0.3481815159320831,0.3481521606445312,0.011502584133333334,0.011874707333333333,0.015415982006470996,9.163220723468202e-05,0.0001209874947865619,0.002543697754541996
1,evt_002291,18,1556,1673010241722,0,0.4377843737602234,0,1,1,20,0.4376273155212402,0.4378686249256134,0.4379582107067108,0.0006543611566666666,0.0011331629566666667,0.0010440809375849272,0.00017383694648742676,8.425116539001465e-05,0.0001570582389832098
1,evt_002400,19,218,1673250991667,0,0.2347527891397476,1,3,0,20,0.2348770350217819,0.2347840070724487,0.234879657626152,-0.0006448197166666666,0.0009156553166666668,0.0004940807486804971,0.00012686848640441895,3.121793270111084e-05,0.00012424588203430176
1,evt_002401,19,1624,1673251003945,0,0.3488208850224812,0,3,1,20,0.3471288383007049,0.3521440923213959,0.3532279431819916,0.007552434133333333,0.007974372333333332,0.00792322836206158,0.004407058159510369,0.0033232072989146655,0.001692046721776308
1,evt_002402,19,1625,1673251041014,0,0.3435270984967549,0,3,1,20,0.342449277639389,0.3460576832294464,0.3474185466766357,0.0048677069066666665,0.005142144426666667,0.004888422487565603,0.0038914481798807965,0.002530584732691521,0.0010778208573659076
1,evt_002403,19,212,1673251062161,0,0.1873549620310465,1,3,0,20,0.1874635815620422,0.1873414516448974,0.1874526590108871,-0.0005867101,0.0010458104333333333,0.00047111996345446404,9.769697984057801e-05,1.3510386149107045e-05,0.0001086195309956961
1,evt_002404,19,210,1673251069895,0,0.2344780912001927,1,3,0,20,0.2345000505447387,0.2346044331789016,0.2348676919937133,-0.00011685886666666667,0.0011616776,0.0003660425796193752,0.0003896007935206003,0.00012634197870889374,2.195934454599091e-05
1,evt_002405,19,1626,1673251079823,1,0.2652893761793772,0,3,1,20,0.2617330551147461,0.2625220119953155,0.2655009329319,0.018224752983333332,0.018224752983333332,0.024694166419946022,0.00021155675252282347,0.0027673641840617047,0.003556321064631107
1,evt_002406,19,206,1673251110536,1,0.248206615447998,1,3,0,20,0.2479763776063919,0.2479447126388549,0.2481552958488464,0.0013027158866666666,0.0014551774466666668,0.0010924811141695763,5.131959915158357e-05,0.00026190280914309416,0.00023023784160608463
1,evt_002407,19,1627,1673251144057,0,0.2710488835970561,0,3,1,20,0.2689772844314575,0.2701052725315094,0.2718535959720611,0.010666323033333334,0.0108365327,0.013972742074126783,0.0008047123750050122,0.00094361106554669,0.00207159916559857
1,evt_002408,19,1470,1673251152174,0,0.4076847930749257,1,3,1,20,0.4050750434398651,0.4099012911319732,0.4092406332492828,0.010935303276666667,0.011252327323333332,0.013915281626443244,0.0015558401743570593,0.002216498057047489,0.0026097496350606098
1,evt_002409,19,205,1673251163606,0,0.2533706873655319,1,3,0,20,0.2530642449855804,0.2536292374134063,0.2537119090557098,0.0016765909433333335,0.0018937739900000002,0.0012189553051322657,0.00034122169017786197,0.00025855004787439517,0.00030644237995153256
1,evt_002410,19,204,1673251176054,1,0.2432781110207239,1,3,0,20,0.2434509247541427,0.2433287650346756,0.2435564249753952,-0.0009595877273333333,0.0009675783393333334,0.0009959709350479326,0.0002783139546713165,5.0654013951711985e-05,0.00017281373341881956
1,evt_002514,20,1429,1673337976876,0,0.2921817203362782,0,3,1,20,0.2886139154434204,0.2918899953365326,0.2912012040615082,0.017300458933333335,0.017300458933333335,0.02231508603048904,0.000980516274770027,0.00029172499974561283,0.0035678048928577955
1,evt_002515,20,1673,1673338129610,0,0.3590402702490489,0,3,1,20,0.3533076345920563,0.3587479889392853,0.3579271733760834,0.025471934,0.025471934,0.03208725510269214,0.0011130968729655133,0.000292281309763609,0.005732635656992613
1,evt_002516,20,1674,1673338140431,0,0.3190057575702667,0,3,1,20,0.3158881962299347,0.318854957818985,0.3183089196681976,0.01452694331,0.01452694331,0.01814933432986679,0.0006968379020691473,0.00015079975128173828,0.0031175613403320312
1,evt_002517,20,1675,1673338190606,0,0.3357118268807729,0,3,1,20,0.3337389528751373,0.3356777131557464,0.3351315557956695,0.009153343493333334,0.009153343493333334,0.009394053761520733,0.0005802710851033899,3.4113725026485575e-05,0.0019728740056356164
1,evt_002518,20,1676,1673338198751,1,0.3407699763774872,0,3,1,20,0.3392151594161987,0.3411754667758941,0.340438574552536,0.007085711866666667,0.007085711866666667,0.0076310017806229995,0.0003314018249511719,0.0004054903984069269,0.0015548169612885077
1,evt_002519,20,1678,1673338254100,0,0.2548924287160237,0,3,1,20,0.2542507946491241,0.2549879550933838,0.2545895874500274,0.0035045311933333332,0.0035045311933333332,0.002833720587367972,0.0003028412659962787,9.552637736010006e-05,0.000641634066899599
1,evt_002520,20,1679,1673338271176,0,0.319748838742574,0,3,1,20,0.3188898265361786,0.3201927244663238,0.3196206986904144,0.00402836408,0.00402836408,0.0038777175521394177,0.00012814005215960877,0.00044388572374981505,0.0008590122063953931
1,evt_002521,20,312,1673338281102,0,0.2470886806646982,1,3,0,20,0.2464492470026016,0.2471586614847183,0.2467590123414993,0.0035843528666666667,0.0035843528666666667,0.0028886070323104205,0.0003296683231988895,6.998082002010464e-05,0.0006394336620965946
1,evt_002522,20,174,1673338290777,0,0.3066945075988769,1,3,0,20,0.3030597865581512,0.3079473674297333,0.307088702917099,0.017717194510000003,0.017717194510000003,0.021234948536003107,0.0003941953182221014,0.0012528598308563788,0.003634721040725708
1,evt_002523,20,315,1673338323187,0,0.2808557649453481,1,3,0,20,0.2803996503353119,0.2808800041675567,0.2805977761745453,0.00230963782,0.00230963782,0.001848614332210128,0.00025798877080279725,2.4239222208621847e-05,0.0004561146100361957
1,evt_002524,20,257,1673338336134,0,0.3257700105508168,1,3,0,20,0.3254915475845337,0.3258587419986725,0.3255544006824493,0.00129063972,0.00129063972,0.0007259171257893678,0.00021560986836749452,8.873144785570553e-05,0.0002784629662830884
1,evt_002525,20,1680,1673339243953,1,0.3207941055297851,0,1,1,20,0.3152700960636139,0.3213523626327514,0.3201472759246826,0.025747296633333333,0.025747296633333333,0.03320794923716702,0.0006468296051024836,0.0005582571029663086,0.005524009466171209
1,evt_002644,21,1796,1677661723380,0,0.2857597668965657,0,1,1,20,0.2845214903354645,0.2857613265514374,0.285281091928482,0.00614808018,0.00614808018,0.006209937891817268,0.00047867496808368104,1.5596548716967362e-06,0.0012382765611012037
1,evt_002645,21,1797,1677661769555,0,0.3465328613917033,0,1,1,20,0.3400516510009765,0.3466503918170929,0.3455528318881988,0.0294049623,0.0294049623,0.038954785480531835,0.0009800295035045092,0.00011753042538958924,0.006481210390726799
1,evt_002646,21,1798,1677661789063,0,0.3257094621658325,0,1,1,20,0.3227589130401611,0.3257913887500763,0.3248532712459564,0.013788813746666665,0.013788813746666665,0.01682174533366722,0.0008561909198760986,8.192658424377441e-05,0.0029505491256714422
1,evt_002647,21,1799,1677661796505,0,0.2513990153868993,0,1,1,20,0.2477191239595413,0.2514173686504364,0.2505470514297485,0.019978447923333333,0.019978447923333333,0.025612926387095784,0.0008519639571508142,1.8353263537107534e-05,0.003679891427358001
1,evt_002648,21,1800,1677661814740,0,0.1882023016611735,0,1,1,20,0.1876361221075058,0.1881851702928543,0.18787781894207,0.003806453756666667,0.003806453756666667,0.003098616272085921,0.00032448271910348603,1.713136831918427e-05,0.000566179553667695
1,evt_002649,21,1801,1677661840723,1,0.474863310654958,0,1,1,20,0.4724831581115722,0.474888801574707,0.4741128385066986,0.009570228646666666,0.009570228646666666,0.009895057552916944,0.0007504721482594068,2.549091974896056e-05,0.002380152543385805
1,evt_002650,21,1802,1677661924792,1,0.266650840640068,1,1,1,20,0.2625859975814819,0.2665929198265075,0.2658544480800628,0.02125927033333333,0.02125927033333333,0.027493127005613655,0.000796392560005188,5.792081356048584e-05,0.004064843058586121
1,evt_002651,21,1803,1677661970953,1,0.3448265194892883,0,1,1,20,0.3423488140106201,0.3447876870632171,0.3441498577594757,0.011169728553333334,0.011169728553333334,0.013678615246648006,0.0006766617298125666,3.883242607116699e-05,0.0024777054786681574
1,evt_002652,21,1804,1677662030404,0,0.249039739370346,0,1,1,20,0.2464817762374878,0.2489957809448242,0.248265266418457,0.014105302699999997,0.014105302699999997,0.017644985632552318,0.0007744729518890103,4.395842552182283e-05,0.002557963132858221
1,evt_002653,21,1805,1677662041560,0,0.3966063857078552,0,1,1,20,0.390535444021225,0.3964388370513916,0.3955061435699463,0.025729073733333333,0.025729073733333333,0.032913208335893125,0.0011002421379089355,0.00016754865646362305,0.006070941686630249
1,evt_002654,21,1806,1677662080421,1,0.3647869527339935,0,1,1,20,0.3625276982784271,0.3646875321865082,0.3640711307525635,0.009974418499999999,0.009974418499999999,0.011531591310470485,0.0007158219814299982,9.942054748529605e-05,0.0022592544555663507
1,evt_002655,21,1807,1677662132360,0,0.3036105831464131,0,1,1,20,0.300468772649765,0.3035863637924194,0.3027765452861786,0.014921062598,0.014921062598,0.01943051416386506,0.0008340378602345044,2.421935399371522e-05,0.0031418104966480787
1,evt_002656,21,1808,1677662173456,0,0.2966424326101939,0,1,1,20,0.2933962345123291,0.2966307401657104,0.2957748472690582,0.015675575100000002,0.015675575100000002,0.019331904175765597,0.0008675853411356793,1.1692444483513142e-05,0.0032461980978648053
1,evt_002765,22,1915,1677849007135,0,0.2718407015005747,0,2,2,20,0.2697445154190063,0.2704010903835296,0.271488755941391,0.010701689629999999,0.010857103456666668,0.01481540307695183,0.0003519455591837195,0.0014396111170451031,0.0020961860815684186
1,evt_002766,22,1916,1677849043824,0,0.3416760563850403,0,2,2,20,0.3412733972072601,0.3414297997951507,0.3415634632110595,0.0018156789,0.0019926295000000003,0.0021087440184772563,0.0001125931739807684,0.0002462565898895819,0.0004026591777802069
1,evt_002767,22,1917,1677849068257,0,0.3964900970458984,0,2,2,20,0.3948387801647186,0.3961580097675323,0.3962270319461822,0.006934788323333333,0.0070971965033333325,0.009311307262588539,0.0002630650997161865,0.00033208727836608887,0.0016513168811798096
1,evt_002768,22,1918,1677849184656,0,0.2068707545598348,0,2,2,20,0.2052260637283325,0.2057196646928787,0.2065585702657699,0.010093772570666668,0.010093772570666668,0.013826689882706742,0.00031218429406490444,0.001151089866956112,0.0016446908315023157
1,evt_002769,22,1919,1677849279173,0,0.4431613783041636,0,2,2,20,0.4425190985202789,0.4425043165683746,0.4430727064609527,0.0026214645433333336,0.00275415409,0.003166686254969898,8.867184321087462e-05,0.0006570617357889996,0.0006422797838847027
1,evt_002770,22,1920,1677849307815,0,0.3630294799804687,0,2,2,20,0.3619558811187744,0.3619307577610016,0.3628809452056885,0.004686213103333334,0.004862762136666666,0.006315230415591714,0.00014853477478021793,0.0010987222194671076,0.0010735988616942804
1,evt_002771,22,1921,1677849323701,1,0.3224011758963267,0,2,2,20,0.3222332298755646,0.3223456442356109,0.322368323802948,0.0007786985200000001,0.00101441248,0.0004672864165368682,3.28520933787213e-05,5.553166071581295e-05,0.00016794602076214415
1,evt_002772,22,1922,1677849381306,0,0.2371152192354202,0,2,2,20,0.2363937944173813,0.2371449619531631,0.237004816532135,0.004061443013333333,0.00415266312,0.005069916515249795,0.00011040270328518953,2.9742717742892166e-05,0.0007214248180389127
1,evt_002773,22,1923,1677849386279,0,0.5421604712804159,0,2,2,20,0.5421093106269836,0.5421133041381836,0.5422279238700867,0.00020470898333333333,0.0007366467833333333,0.00022574757266392452,6.745258967078005e-05,4.716714223229612e-05,5.1160653432247294e-05
1,evt_002774,22,1924,1677849402882,0,0.3306343058745066,0,2,2,20,0.3307076692581177,0.3306321203708648,0.3306940495967865,-0.0003380227433333333,0.00058393579,0.00018561488568557982,5.9743722279903544e-05,2.1855036417828266e-06,7.33633836110803e-05
1,evt_002861,23,1901,1677832862747,1,0.2698148836692174,1,1,1,20,0.2653270959854126,0.2696718275547027,0.2689997255802154,0.023268899933333333,0.023268899933333333,0.028979741387014906,0.0008151580890020105,0.0001430561145147058,0.004487787683804811
1,evt_002862,23,2009,1677832914969,0,0.3981461425622304,0,1,1,20,0.3935707807540893,0.3981951773166656,0.3972168266773224,0.019492354899999998,0.019492354899999998,0.02454900221167972,0.0009293158849080219,4.903475443518435e-05,0.00457536180814111
1,evt_002863,23,2010,1677832973240,0,0.2419942120711008,0,1,1,20,0.2376490831375122,0.2418864220380783,0.2411402910947799,0.02381532784333333,0.02381532784333333,0.029487724834865572,0.0008539209763208933,0.0001077900330224979,0.004345128933588599
1,evt_002864,23,2011,1677834040107,0,0.2982448041439056,0,1,1,20,0.2961232364177704,0.2982250452041626,0.297523558139801,0.010211465233333333,0.010211465233333333,0.011759447962685896,0.0007212460041045587,1.975893974298648e-05,0.0021215677261351984
1,evt_002865,23,2012,1677834191603,0,0.3389894962310791,0,1,1,20,0.3361749649047851,0.3391027450561523,0.3382011651992798,0.012734538833333335,0.012734538833333335,0.015654214393721704,0.0007883310317993164,0.00011324882507318668,0.002814531326294001
1,evt_002866,23,2013,1677834219392,0,0.3908829589684804,0,1,1,20,0.3873447179794311,0.3909637033939361,0.3899389207363128,0.015026292686666665,0.015026292686666665,0.018336928369609,0.0009440382321675989,8.074442545569216e-05,0.0035382409890493127
1,evt_002867,23,2014,1677834272832,0,0.2632476687431335,0,1,1,20,0.2583650052547455,0.263201355934143,0.2624421715736389,0.02570722893333333,0.02570722893333333,0.03360240234823149,0.0008054971694945734,4.6312808990478516e-05,0.004882663488388006
1,evt_002868,23,2015,1677834310372,0,0.3646076917648315,0,1,1,20,0.3609354496002197,0.3647422790527344,0.3638657033443451,0.016297920733333332,0.016297920733333332,0.019889783482422936,0.0007419884204863947,0.00013458728790288754,0.003672242164611761
1,evt_002869,23,2016,1677834405862,0,0.3819350302219391,0,1,1,20,0.3796726763248443,0.3819296360015869,0.3812055587768554,0.00965532805,0.00965532805,0.011441641742501757,0.0007294714450836737,5.3942203521728516e-06,0.002262353897094782
1,evt_002952,24,2098,1678006799320,0,0.3215217590332031,0,1,1,20,0.3214046955108642,0.3214789032936096,0.3231140673160553,0.00058402408,0.0011647777866666666,0.0002111096484287704,0.0015923082828521729,4.285573959350586e-05,0.0001170635223389227
1,evt_002953,24,1781,1678006814964,0,0.3246656060218811,1,1,1,20,0.3244813084602356,0.3247270882129669,0.3267368078231811,0.0008861987766666667,0.0014205426233333332,0.0009016074873241268,0.0020712018012999933,6.148219108581543e-05,0.0001842975616455078
1,evt_002954,24,2099,1678006893306,1,0.2345523585875829,0,1,1,20,0.2337459176778793,0.2352135926485061,0.2386343032121658,0.004763506866666667,0.0050850098,0.0048052051859123306,0.004081944624582917,0.0006612340609232215,0.0008064409097035818
1,evt_002955,24,2100,1678006924571,0,0.2797484596570332,0,1,1,20,0.2795279026031494,0.2797847688198089,0.2822591364383697,0.0011428508433333332,0.0013816137566666665,0.0010394572095588752,0.002510676781336485,3.630916277569396e-05,0.00022055705388379643
1,evt_002956,24,2101,1678007048340,1,0.3674868444601695,0,1,1,20,0.3674892485141754,0.3674981892108917,0.3679019510746002,-2.435190000000031e-06,0.0011675505233333333,0.0004125398386396572,0.00041510661443072694,1.1344750722230845e-05,2.4040540059222515e-06
1,evt_002957,24,2102,1678007129708,0,0.2638236731290817,0,1,1,20,0.2633757889270782,0.2638514935970306,0.2667368054389953,0.002413275046666667,0.0028341489533333336,0.0021608700786009518,0.0029131323099135797,2.7820467948858063e-05,0.0004478842020035345
1,evt_002958,24,2103,1678007156119,0,0.3891997039318084,0,1,1,20,0.3887695968151092,0.3892735540866852,0.3920817375183105,0.0018489772200000001,0.0022888867800000003,0.0015906910694174542,0.002882033586502075,7.38501548767645e-05,0.00043010711669921875
1,evt_002959,24,2104,1678007188449,0,0.3816794256369273,0,1,1,20,0.3815940320491791,0.3817214965820312,0.3827167451381683,0.0003763933233333334,0.0009307369700000001,0.00029117209454222536,0.0010373195012409742,4.20709451038892e-05,8.539358774822814e-05
1,evt_002960,24,2105,1678007910286,0,0.3048830827077229,0,2,2,20,0.3049847781658172,0.3049091100692749,0.3050453662872314,-0.0004805488,0.0012260834,0.00032306536921930626,0.00016228357950848205,2.6027361551994588e-05,0.00010169545809429748
1,evt_003046,25,2191,1678181612116,0,0.4716176589330037,0,1,1,20,0.4686029851436615,0.471292644739151,0.4711083471775055,0.012134779153333336,0.012134779153333336,0.014056645056155089,0.0005093117554982318,0.000325014193852724,0.003014673789342226
1,evt_003047,25,2192,1678181710760,0,0.3573834002017975,0,1,1,20,0.3563792705535888,0.3580195009708404,0.3575085699558258,0.004405248746666666,0.004405248746666666,0.004785569540834593,0.0001251697540283203,0.0006361007690429132,0.0010041296482086737
1,evt_003048,25,2193,1678181719125,0,0.3583401640256246,0,1,1,20,0.3557601869106293,0.357765793800354,0.3576039969921112,0.0113765033,0.0113765033,0.013486416674294418,0.0007361670335133685,0.0005743702252705707,0.002579977114995302
1,evt_003049,25,2194,1678181758254,0,0.3389003872871399,0,1,1,20,0.3370354473590851,0.3383779525756836,0.3382940292358398,0.008479643466666667,0.008479643466666667,0.009168559211294338,0.0006063580513001043,0.0005224347114562988,0.0018649399280548096
1,evt_003050,25,2195,1678181801555,0,0.3462327520052592,0,1,1,20,0.3425312340259552,0.3461406230926513,0.3455758094787597,0.016598046533333334,0.016598046533333334,0.020355686996218543,0.0006569425264995044,9.212891260790279e-05,0.0037015179793040143
1,evt_003051,25,2196,1678181825934,0,0.418390800555547,0,1,1,20,0.4178890287876129,0.4186250865459442,0.4184857904911041,0.002072722820666667,0.002072722820666667,0.0014402699356421366,9.498993555712154e-05,0.00023428599039720943,0.0005017717679340894
1,evt_003052,25,1802,1678181882850,0,0.2674568245808283,1,1,1,20,0.2637448012828827,0.2668158113956451,0.2670627534389496,0.019167444466666666,0.019167444466666666,0.024520492552276157,0.00039407114187872683,0.0006410131851832257,0.0037120232979456214
1,evt_003053,25,2197,1678181897143,0,0.2660163740317027,0,1,1,20,0.2627939283847809,0.2681501805782318,0.2677798569202423,0.01674487926666667,0.01674487926666667,0.019653474744321855,0.0017634828885396137,0.0021338065465291156,0.003222445646921812
1,evt_003054,25,2198,1678181948397,0,0.3698484102884928,0,1,1,20,0.3658963441848755,0.3673612177371979,0.3691765367984772,0.017009274603333333,0.017100641396666668,0.022569818353842,0.0006718734900156287,0.0024871925512949256,0.003952066103617313
1,evt_003055,25,1545,1678181998735,0,0.2849066654841105,1,1,1,20,0.281441330909729,0.2854215204715729,0.2845638692378998,0.0175039201,0.0175039201,0.02222895409163442,0.00034279624621069704,0.0005148549874623987,0.0034653345743814734
1,evt_003158,26,2303,1678263416273,0,0.2809539238611857,0,2,2,20,0.280924916267395,0.2809905707836151,0.2811018824577331,0.0001581490333333333,0.0006503877,9.907991240816881e-05,0.00014795859654742616,3.664692242943968e-05,2.9007593790653097e-05
1,evt_003159,26,2304,1678263431576,0,0.3707075317700704,0,2,2,20,0.3706804811954498,0.3707098066806793,0.3709491193294525,0.0001222572,0.0007979815333333334,0.0004267445976541185,0.00024158755938213927,2.2749106089459126e-06,2.7050574620601786e-05
1,evt_003160,26,2305,1678263437843,0,0.2604331523180008,0,2,2,20,0.2585457265377044,0.2595847845077514,0.2605178654193878,0.00977714866,0.010334812006666668,0.014025160225157004,8.471310138702393e-05,0.0008483678102493841,0.0018874257802963812
1,evt_003161,26,2306,1678263508334,0,0.4280309379100799,0,2,2,20,0.4281236231327057,0.4280275106430053,0.4281859397888183,-0.0003780510766666667,0.00076279901,0.0001687937852167397,0.00015500187873840332,3.427267074584961e-06,9.268522262578793e-05
1,evt_003162,26,2307,1678263538804,0,0.6024964849154154,0,2,2,20,0.6026080846786499,0.6025182604789734,0.6026363968849182,-0.00046772381,0.0008758136100000001,0.00029262739682425304,0.00013991196950280393,2.1775563557979716e-05,0.00011159976323449339
1,evt_003163,26,2308,1678263629640,0,0.2523962358633677,0,2,2,20,0.2492645978927612,0.252686858177185,0.2523962557315826,0.016644920866666666,0.017081293333333334,0.02311128371090245,1.986821490662649e-08,0.0002906223138173236,0.0031316379706064768
1,evt_003164,26,2309,1678263645774,0,0.3664905031522115,0,2,2,20,0.3666175305843353,0.3664900064468384,0.3666201531887054,-0.0005504084766666666,0.00075391183,0.000342100063438245,0.00012965003649390017,4.967053731097515e-07,0.0001270274321238385
1,evt_003165,26,2310,1678263675759,0,0.5033196608225504,0,2,2,20,0.5027186274528503,0.5033522248268127,0.503502607345581,0.0024045736133333335,0.00264869848,0.0030239029341064473,0.00018294652303063597,3.256400426232542e-05,0.0006010333697000769
1,evt_003166,26,2311,1678263703601,0,0.3744802077611287,0,2,2,20,0.3743231296539306,0.3745228946208954,0.3746297061443329,0.0006910761700000002,0.0011346760366666667,0.0010237690337081525,0.00014949838320416076,4.2686859766660756e-05,0.00015707810719811643
1,evt_003167,26,2312,1678263718824,1,0.2888338665167491,0,2,2,20,0.2886177599430084,0.288710206747055,0.2889436483383178,0.0010641435666666667,0.0018802206333333332,0.0017934531591586261,0.00010978182156873295,0.00012365976969408443,0.00021610657374065978
1,evt_003168,26,2313,1678263739172,0,0.2615636438131332,0,2,2,20,0.2615460157394409,0.2615374028682709,0.2616862952709198,0.00012252078333333338,0.00060413575,0.0003604940979970843,0.00012265145778661557,2.624094486231021e-05,1.7628073692266266e-05
1,evt_003169,26,2314,1678263761419,0,0.2896748185157776,0,2,2,20,0.2895742058753967,0.2896697521209717,0.2897489070892334,0.0005394396333333333,0.0009649349000000001,0.0007136469850193627,7.408857345581055e-05,5.066394805908203e-06,0.00010061264038091489
1,evt_003272,27,2413,1678434493552,0,0.2728333473205566,0,1,1,20,0.2680906355381012,0.271769642829895,0.2719274759292602,0.02465185025,0.024726689949999995,0.031240753921683705,0.0009058713912963867,0.0010637044906615656,0.004742711782455389
1,evt_003273,27,2414,1678434524376,1,0.3615215222040812,0,1,1,20,0.3610873222351074,0.3619177341461181,0.3616989850997925,0.0018816074333333334,0.002237601566666667,0.0015650337089446699,0.00017746289571130003,0.0003962119420369281,0.00043419996897375857
1,evt_003274,27,2415,1678434562377,1,0.4474684496720632,0,1,1,20,0.441771537065506,0.447477787733078,0.4465725719928741,0.023188654599999997,0.0234307538,0.029897302960820625,0.0008958776791890832,9.338061014829702e-06,0.005696912606557192
1,evt_003275,27,2416,1678434690698,0,0.2563633074363072,0,1,1,20,0.2519897520542145,0.2546515464782715,0.2555823624134063,0.02371902036333333,0.02371902036333333,0.03198448992130807,0.0007809450229008807,0.001711760958035713,0.00437355538209272
1,evt_003276,27,2417,1678434706102,0,0.2605606416861216,0,1,1,20,0.2580242156982422,0.2601750195026397,0.2603750228881836,0.013583659966666667,0.013797321433333334,0.018330626989978855,0.00018561879793799196,0.0003856221834818707,0.002536425987879398
1,evt_003277,27,2418,1678434742837,0,0.4248026510079701,0,1,1,20,0.4237600564956665,0.4248600006103515,0.4245412647724151,0.0043079357183333335,0.004365596348333333,0.005382961765358776,0.0002613862355549945,5.734960238140685e-05,0.0010425945123035962
1,evt_003278,27,2419,1678434754704,1,0.374833623568217,0,1,1,20,0.3706071078777313,0.3773888051509857,0.376253992319107,0.018416159066666663,0.018511786399999997,0.02415046148045005,0.001420368750890022,0.0025551815827687396,0.004226515690485655
1,evt_003279,27,2420,1678434798163,1,0.4741294980049133,0,1,1,20,0.4719299376010895,0.474466472864151,0.4739522635936737,0.008828688213333333,0.00907636092,0.011852981301096615,0.0001772344112395685,0.0003369748592377264,0.002199560403823797
1,evt_003280,27,2421,1678434842720,0,0.2555017719666163,0,1,1,20,0.2512522637844085,0.2561545372009277,0.2559637129306793,0.023160476686666667,0.023231961979999997,0.029467070834187238,0.00046194096406304563,0.0006527652343114032,0.004249508182207762
1,evt_003281,27,2422,1678434858181,1,0.2892519036928813,0,1,1,20,0.2841533422470093,0.2897851765155792,0.2895901203155517,0.02587870072133333,0.02587870072133333,0.03410109284934985,0.0003382166226704175,0.0005332728226979389,0.0050985614458720074
1,evt_003395,28,2530,1678519939406,1,0.2779541313648224,0,1,1,20,0.2771725654602051,0.2777789235115051,0.2775385677814483,0.004000012483333333,0.004000012483333333,0.004422903669986777,0.00041556358337407895,0.00017520785331726074,0.0007815659046173096
1,evt_003396,28,2531,1678519988772,0,0.2983400026957194,0,1,1,20,0.2936708927154541,0.2973743379116058,0.2974157333374023,0.02278943544333333,0.02278943544333333,0.03013238043083728,0.0009242693583171313,0.0009656647841136401,0.004669109980265318
1,evt_003397,28,2532,1678519991299,0,0.315542201201121,0,1,1,20,0.3141868412494659,0.3156873881816864,0.3155572712421417,0.006426266866666666,0.006610282666666666,0.008398885505947728,1.507004102074827e-05,0.000145186980565426,0.0013553599516550885
1,evt_003398,28,2176,1678520043973,0,0.3188235859076182,1,1,1,20,0.3152821958065033,0.3173448741436004,0.317971408367157,0.016691223733333333,0.016691223733333333,0.02278636823811264,0.0008521775404612408,0.001478711764017815,0.0035413901011149274
1,evt_003399,28,2533,1678521017033,0,0.4710053702195485,0,2,2,20,0.4704161882400512,0.4708882868289947,0.4708081781864166,0.002369499928333333,0.002369499928333333,0.0026466923588580275,0.00019719203313189881,0.00011708339055382933,0.0005891819794973108
1,evt_003400,28,2534,1678521059822,0,0.5622450908025106,0,2,2,20,0.5621333122253418,0.5620993971824646,0.5621858835220337,0.00045163180333333337,0.0006616187366666667,0.00026465891530216905,5.920728047692503e-05,0.00014569362004601683,0.00011177857716881956
1,evt_003401,28,2535,1678521069842,0,0.6151875456174215,0,2,2,20,0.615216076374054,0.6152331233024597,0.6152516603469849,-0.00012104774666666664,0.0005743284133333333,7.907266659061793e-05,6.411472956335817e-05,4.557768503821169e-05,2.8530756632449972e-05
1,evt_003402,28,2536,1678521074108,1,0.3168592055638631,0,2,2,20,0.3166783154010772,0.3168751895427704,0.3168627321720123,0.0008496367999999999,0.001216312,0.0010190529166184093,3.5266081491736045e-06,1.5983978907285756e-05,0.000180890162785885
1,evt_003403,28,2537,1678521154430,0,0.3735348482926686,0,2,2,20,0.373629093170166,0.3736042976379394,0.373605340719223,-0.00039932141666666667,0.00039932141666666667,0.00028004553224609,7.0492426554436e-05,6.944934527081115e-05,9.424487749742916e-05
1,evt_003404,28,2538,1678521169896,0,0.2412975629170735,0,2,2,20,0.2393165379762649,0.2409650832414627,0.2411846369504928,0.010928850706333334,0.010928850706333334,0.015191253484220627,0.00011292596658069032,0.0003324796756107862,0.0019810249408085956
1,evt_003405,28,2539,1678521181271,0,0.4641676942507426,0,2,2,20,0.4641491174697876,0.4642803966999054,0.4642155468463897,7.325567333333336e-05,0.0007051063933333334,0.0003336117954393549,4.785259564710209e-05,0.0001127024491627826,1.857678095501525e-05
1,evt_003406,28,2540,1678521189170,0,0.2062520583470662,0,2,2,20,0.2042846083641052,0.2054094076156616,0.2058842331171035,0.011993195178666665,0.012057673541333332,0.01680958326774744,0.00036782522996270384,0.0008426507314046039,0.0019674499829610004
1,evt_003407,28,2541,1678521195696,0,0.3625947336355845,0,2,2,20,0.3621785342693329,0.3627642095088959,0.3625476658344269,0.0018432559199999998,0.00198754388,0.002392527892762192,4.7067801157596456e-05,0.00016947587331139768,0.0004161993662515906
1,evt_003408,28,2542,1678521202397,0,0.5539149244626363,0,2,2,20,0.5539794564247131,0.5541801452636719,0.5540279746055603,-0.00026455528,0.0005203621,0.0001113152351152315,0.00011305014292395388,0.00026522080103552614,6.453196207678591e-05
1,evt_003512,29,2640,1678610522371,1,0.3544485668341319,0,1,1,20,0.3522703945636749,0.3543829619884491,0.3540274202823639,0.009560906156666667,0.009848160576666667,0.012554891731644816,0.00042114655176800353,6.560484568279845e-05,0.0021781722704569684
1,evt_003513,29,2641,1678610582420,1,0.3600255648295085,0,1,1,20,0.3552843630313873,0.3598281443119049,0.3592499196529388,0.021410534556666666,0.02181536297666667,0.029005799630366494,0.0007756451765696948,0.00019742051760357482,0.0047412017981212085
1,evt_003514,29,1837,1678610637806,1,0.3213431040445964,0,1,1,20,0.3167874217033386,0.3213231861591339,0.3205905258655548,0.021636624839999997,0.021636624839999997,0.02932395411988193,0.0007525781790415631,1.9917885462461538e-05,0.00455568234125775
1,evt_003515,29,2642,1678611559029,1,0.2704633176326751,0,2,2,20,0.2681017816066742,0.2704000771045685,0.2700595259666443,0.011974917983333333,0.01208237895,0.01607385250125276,0.0004037916660308283,6.324052810663394e-05,0.002361536026000921
1,evt_003516,29,2643,1678611584524,0,0.3672007918357849,0,2,2,20,0.3666387498378753,0.3672229051589966,0.3671372234821319,0.0024035614,0.002879618066666666,0.002433534744457131,6.356835365300961e-05,2.2113323211669922e-05,0.0005620419979096014
1,evt_003517,29,2644,1678611588005,1,0.3604557613531748,0,2,2,20,0.3599628508090973,0.3605192601680755,0.3603810369968414,0.0021487665,0.0024405971666666667,0.0025967449086243778,7.472435633343322e-05,6.349881490069764e-05,0.0004929105440775183
1,evt_003518,29,2645,1678611655493,0,0.353442629178365,0,2,2,20,0.3533536493778229,0.3534636795520782,0.3534274995326996,0.00037118143999999997,0.0008177735066666666,0.000424354602233984,1.5129645665412639e-05,2.105037371319396e-05,8.897980054212162e-05
1,evt_003519,29,2646,1678611740650,0,0.4518036444981892,0,2,2,20,0.45023313164711,0.4519287645816803,0.4515365660190582,0.0063640779,0.006891170500000001,0.008011872366654151,0.0002670784791309888,0.0001251200834910815,0.001570512851079231
1,evt_003520,29,2647,1678611788927,0,0.2867277959982554,0,2,2,20,0.2849504649639129,0.28678098320961,0.2864257097244262,0.008758554353333335,0.008913448313333334,0.011573981295763088,0.00030208627382916076,5.3187211354610575e-05,0.0017773310343424664
2,evt_000088,0,90,1667724875989,1,0.1909351895252863,0,1,1,20,0.2151734679937362,0.1633047312498092,0.1808877438306808,-0.15535878666666667,0.15535878666666667,0.05054699320954138,0.0100474456946055,0.027630458275477082,0.02423827846844992
2,evt_000089,0,91,1667724882215,1,0.2938426782687505,0,1,1,20,0.3583956956863403,0.3183001577854156,0.3206594884395599,-0.37145005189999997,0.37145005189999997,0.4178200319153061,0.02681681017080939,0.024457479516665104,0.06455301741758979
2,evt_000090,0,93,1667724902258,0,0.2307048092285792,0,1,1,20,0.2782065272331238,0.220364972949028,0.2447027415037155,-0.326622055,0.326622055,0.346507520712629,0.013997932275136293,0.010339836279551207,0.047501718004544585
2,evt_000091,0,94,1667724914826,0,0.234320138891538,0,1,1,20,0.2719732224941253,0.2215087413787841,0.2437152117490768,-0.27503442666666666,0.27503442666666666,0.3422902828191939,0.009395072857538794,0.012811397512753897,0.03765308360258732
2,evt_000092,0,95,1667724943758,0,0.5052396257718405,0,1,1,20,0.4571436941623688,0.3911157548427582,0.3931351602077484,0.19496740233333332,0.2950140356666667,0.28874624085485195,0.11210446556409204,0.11412387092908227,0.048095931609471676
2,evt_000093,0,96,1667724960138,0,0.2820146878560384,0,1,1,20,0.3394517600536346,0.2834995687007904,0.3033463656902313,-0.3343665453333334,0.3343665453333334,0.33983927998084773,0.02133167783419293,0.0014848808447520123,0.057437072197596195
2,evt_000094,0,97,1667724976238,0,0.2445866167545318,0,1,1,20,0.2828938066959381,0.2440376132726669,0.2564504444599151,-0.2403563403333333,0.2403563403333333,0.24505883072031637,0.0118638277053833,0.0005490034818649014,0.038307189941406306
2,evt_000095,0,98,1667724986319,0,0.2982543557882309,0,1,1,20,0.3283924758434295,0.2825279235839844,0.2953837215900421,-0.150138838,0.150138838,0.10100305852922849,0.0028706341981887817,0.01572643220424652,0.030138120055198614
2,evt_000096,0,99,1667726433882,1,0.2746729080875714,0,1,1,20,0.3516127169132232,0.2797219455242157,0.2985017001628876,-0.4613591166666667,0.4613591166666667,0.49772331104644496,0.023828792075316185,0.00504903743664431,0.07693980882565182
2,evt_000097,0,100,1667726473674,0,0.2524369706710179,0,1,1,20,0.2929787635803222,0.2467817515134811,0.2548485994338989,-0.24525428333333332,0.24525428333333332,0.2583078267254372,0.002411628762881035,0.005655219157536778,0.04054179290930432
2,evt_000098,0,101,1667726482555,1,0.2862530002991358,0,1,1,20,0.2957301735877991,0.2533810436725616,0.2639981210231781,-0.04678773666666667,0.11563150333333333,0.026911074338185667,0.022254879275957706,0.03287195662657422,0.009477173288663265
2,evt_000099,0,102,1667726532700,1,0.3203645447889964,0,1,1,20,0.3747521638870239,0.2938481271266937,0.3194017708301544,-0.267639262,0.267639262,0.2015852668759995,0.0009627739588419781,0.02651641766230267,0.05438761909802753
2,evt_000100,0,103,1667726609128,0,0.2377691840132077,0,1,1,20,0.29014852643013,0.260090559720993,0.2538266181945801,-0.35820023100000004,0.35820023100000004,0.42620435355680647,0.01605743418137237,0.02232137570778528,0.0523793424169223
2,evt_000101,0,104,1667726623566,1,0.295614297191302,1,1,1,20,0.3075306117534637,0.2674792110919952,0.282655268907547,-0.059632048,0.12878687200000002,0.020255171634045655,0.012959028283755003,0.028135086099306816,0.01191631456216169
2,evt_000211,1,215,1669102997160,1,0.4133457839488983,0,3,1,20,0.3692686855792999,0.4256161749362945,0.3195905983448028,0.185797816,0.185797816,0.11327758689446371,0.09375518560409551,0.012270390987396185,0.04407709836959839
2,evt_000212,1,216,1669103032465,0,0.3700992663701375,0,3,1,20,0.335672378540039,0.4494076669216156,0.2769930362701416,0.155289562,0.155289562,0.11175145378658448,0.09310623009999591,0.07930840055147809,0.03442688783009851
2,evt_000213,1,217,1669103067988,1,0.4185348351796468,0,3,1,20,0.3562189042568207,0.4230664074420929,0.2730527818202972,0.26324660333333333,0.26324660333333333,0.18543588438755687,0.1454820533593496,0.004531572262446104,0.06231593092282611
2,evt_000214,1,218,1669103111257,0,0.2912461658318837,1,3,0,20,0.2594118416309356,0.2900904715061188,0.1842683106660843,0.16672552633333335,0.18445759366666667,0.13695343899221865,0.10697785516579938,0.0011556943257649,0.03183432420094806
2,evt_000215,1,219,1669103127953,1,0.4122301141421,0,3,1,20,0.3516110181808471,0.4298409521579742,0.294857382774353,0.25686121833333336,0.25686121833333336,0.17277511377796265,0.11737273136774695,0.01761083801587421,0.06061909596125287
2,evt_000216,1,220,1669103168957,1,0.346089243888855,0,3,1,20,0.2903229296207428,0.3857220709323883,0.2099563628435135,0.259211831,0.259211831,0.18887382119546034,0.1361328810453415,0.039632827043533325,0.05576631426811218
2,evt_000217,1,221,1669103206140,0,0.3600745300451914,1,3,0,20,0.325159341096878,0.3708521425724029,0.2526490688323974,0.15971455666666667,0.17364367,0.11145550838644121,0.107425461212794,0.010777612527211489,0.034915188948313414
2,evt_000218,1,222,1669103224329,0,0.3334274192651112,1,3,0,20,0.2945819199085235,0.2821963131427765,0.2200422435998916,0.19044424633333334,0.1924936203333333,0.15591728608022834,0.1133851756652196,0.051231106122334724,0.03884549935658771
2,evt_000219,1,223,1669103278969,0,0.7116826176643372,0,3,1,20,0.6393103003501892,0.6952523589134216,0.548010528087616,0.34463843666666666,0.34463843666666666,0.2771800341742628,0.1636720895767212,0.016430258750915527,0.07237231731414795
2,evt_000220,1,224,1669103294529,1,0.4138336976369222,0,3,1,20,0.3718327283859253,0.4024115800857544,0.3105460405349731,0.17789325666666667,0.17789325666666667,0.11127216045063992,0.10328765710194909,0.011422117551167787,0.04200096925099689
2,evt_000221,1,225,1669103330221,1,0.3672996163368225,0,3,1,20,0.299215704202652,0.3524493277072906,0.2606603503227234,0.3008952733333334,0.3008952733333334,0.19328413877990805,0.10663926601409912,0.014850288629531916,0.06808391213417053
2,evt_000367,2,324,1669362228638,0,0.454484760761261,0,3,1,20,0.3933497965335846,0.3841997683048248,0.3586330413818359,0.25600450533333335,0.25971534133333335,0.2802570201781393,0.0958517193794251,0.07028499245643621,0.06113496422767639
2,evt_000334,2,218,1669362242827,0,0.1652416301270326,1,3,0,20,0.2332373410463333,0.2172064781188964,0.1695920974016189,-0.6353764666666667,0.6353764666666667,0.5695157631901034,0.004350467274586295,0.051964847991863794,0.0679957109193007
2,evt_000392,2,349,1669362246086,1,0.2173696557680765,0,3,1,20,0.2427453994750976,0.1961106806993484,0.1865429878234863,-0.18415792666666664,0.31121947333333333,0.24479419131912983,0.030826667944590186,0.021258975068728092,0.025375743707021114
2,evt_000386,2,343,1669362286052,0,0.3337318251530329,0,3,1,20,0.4076214730739593,0.4314691722393036,0.3369119465351105,-0.34247089633333333,0.34247089633333333,0.3548665266056301,0.003180121382077572,0.09773734708627069,0.0738896479209264
2,evt_000292,2,210,1669362292100,0,0.2107359816630681,1,3,0,20,0.2414657473564148,0.2232525944709777,0.1917342096567154,-0.18532382833333336,0.18532382833333336,0.09430557035140628,0.019001772006352696,0.01251661280790961,0.030729765693346706
2,evt_000372,2,329,1669362325939,0,0.255982294678688,0,3,1,20,0.3040405213832855,0.2639254033565521,0.2472604513168335,-0.31291044,0.36139354000000007,0.39329061877990285,0.008721843361854498,0.00794310867786413,0.04805822670459753
2,evt_000285,2,291,1669362344709,0,0.4661379555861155,0,3,1,20,0.4560222327709198,0.3703756034374237,0.371904045343399,0.03877400433333333,0.152019149,0.10585385405330702,0.09423391024271649,0.09576235214869178,0.010115722815195682
2,evt_000267,2,272,1669362359224,0,0.3838954965273539,0,3,1,20,0.3656185865402221,0.4205399453639984,0.3294226229190826,0.077633374,0.14557222333333333,0.06320004991783086,0.0544728736082713,0.03664444883664453,0.018276909987131773
2,evt_000259,2,264,1669362369339,0,0.4505419035752614,0,3,1,20,0.3874618113040924,0.4226072132587433,0.3446672856807709,0.25729205699999996,0.271980123,0.29471265110923894,0.10587461789449054,0.02793469031651813,0.06308009227116901
2,evt_000342,2,204,1669362383633,0,0.200181263188521,1,3,0,20,0.2547990977764129,0.1888566762208938,0.1904505938291549,-0.39594265000000006,0.39594265000000006,0.38789268646090685,0.00973066935936609,0.011324586967627198,0.054617834587891906
2,evt_000331,2,214,1669362389721,0,0.1874469419320424,1,3,0,20,0.224565252661705,0.2461613863706588,0.1650659292936325,-0.31367959366666665,0.34468722366666665,0.3989119884278222,0.022381012638409886,0.0587144444386164,0.037118310729662596
2,evt_000305,2,212,1669362420798,0,0.1463903163870175,1,3,0,20,0.2125740051269531,0.1537913084030151,0.154265746474266,-0.7074083183333334,0.7074083183333334,0.6335936295801302,0.007875430087248503,0.007400992015997615,0.0661836887399356
2,evt_000338,2,206,1669362430532,0,0.1971435820062955,1,3,0,20,0.2629471123218536,0.2921642065048218,0.1927847266197204,-0.4411038223333333,0.4411038223333333,0.3663270156584737,0.0043588553865751,0.09502062449852627,0.06580353031555808
2,evt_000282,2,288,1669362464030,1,0.517642060915629,0,3,1,20,0.5527525544166565,0.4719411432743072,0.4659083783626556,-0.14150464333333335,0.14150464333333335,0.04145197222041056,0.05173368255297345,0.04570091764132184,0.03511049350102746
2,evt_000463,3,372,1669621507983,1,0.3381599287192027,0,1,1,20,0.3285841643810272,0.3371295630931854,0.2828837633132934,0.04463726333333332,0.15775829666666666,0.11012761857099254,0.055276165405909294,0.001030365626017271,0.009575764338175474
2,evt_000464,3,373,1669621561870,1,0.3586774567763011,0,1,1,20,0.3504770696163177,0.3622450828552246,0.2949404716491699,0.035419620000000006,0.17310839999999997,0.10326370710964848,0.06373698512713116,0.003567626078923525,0.008200387159983391
2,evt_000465,3,374,1669621626471,1,0.3569070001443227,0,1,1,20,0.3457657992839813,0.3555796146392822,0.3134201467037201,0.05101050566666667,0.14996564766666667,0.11514446577588425,0.0434868534406026,0.0013273855050404681,0.011141200860341371
2,evt_000466,3,375,1669621631835,1,0.2467234035332997,0,1,1,20,0.2366513460874557,0.2514748275279999,0.1851207613945007,0.056121688333333336,0.13720057833333332,0.10828076122415085,0.061602642138798985,0.004751423994700188,0.010072057445843996
2,evt_000467,3,376,1669621650280,1,0.4226662516593933,0,1,1,20,0.3971690237522125,0.4216125905513763,0.3166465759277344,0.10646193433333333,0.13639828766666665,0.12788437429459748,0.10601967573165894,0.0010536611080170233,0.025497227907180786
2,evt_000468,3,378,1669621723665,0,0.3737435142199198,0,1,1,20,0.3631182610988617,0.3778905868530273,0.3166774809360504,0.04393991666666667,0.18767079666666667,0.11621184487943885,0.05706603328386939,0.004147072633107485,0.01062525312105811
2,evt_000469,3,379,1669621729491,0,0.3294473489125569,0,1,1,20,0.3247709572315216,0.340604305267334,0.289794385433197,0.019488441333333346,0.17257555866666666,0.10327716908775326,0.03965296347935987,0.011156956354777092,0.004676391681035286
2,evt_000470,3,380,1669621745929,1,0.3862273593743642,0,1,1,20,0.3663215935230255,0.3992862999439239,0.2955737113952636,0.084956572,0.131561928,0.1376943588701801,0.09065364797910058,0.013058940569559696,0.019905765851338686
2,evt_000471,3,381,1669621781674,0,0.2581336547931035,0,1,1,20,0.2482978850603103,0.2625733315944671,0.2199846059083938,0.052801924666666666,0.13877874199999998,0.10964460466133859,0.03814904888470971,0.00443967680136359,0.00983576973279321
2,evt_000472,3,382,1669621785839,1,0.4245486557483673,0,1,1,20,0.4355551898479461,0.4547412097454071,0.3935182392597198,-0.046811201999999996,0.18574056866666666,0.10091037816840528,0.031030416488647516,0.030192553997039795,0.011006534099578802
2,evt_000473,3,383,1669621819742,1,0.3494663933912913,0,1,1,20,0.3425924777984619,0.3561562001705169,0.3006353676319122,0.028294291666666666,0.16876744166666666,0.11467009915265722,0.04883102575937914,0.006689806779225593,0.006873915592829405
2,evt_000596,4,442,1669793705167,1,0.3886724611123403,0,3,1,20,0.3508377969264984,0.4021704494953155,0.3044705092906952,0.16583025066666668,0.16583025066666668,0.09687050676855057,0.08420195182164508,0.013497988382975223,0.03783466418584186
2,evt_000597,4,443,1669793739354,1,0.4658688902854919,0,3,1,20,0.4075969159603119,0.4763121604919433,0.3320223987102508,0.23757346566666668,0.23757346566666668,0.16430139079900025,0.1338464915752411,0.010443270206451416,0.05827197432518
2,evt_000598,4,218,1669793782509,0,0.2934160232543945,1,3,0,20,0.265652596950531,0.2939027845859527,0.1883572787046432,0.14267198344666665,0.14321198988666664,0.1362170833163285,0.10505874454975128,0.00048676133155822754,0.02776342630386347
2,evt_000599,4,444,1669793785125,1,0.3198227882385254,0,3,1,20,0.2868776619434356,0.3502005338668823,0.2468091249465942,0.15827817666666666,0.15827817666666666,0.09728368959871615,0.07301366329193118,0.030377745628356934,0.03294512629508978
2,evt_000600,4,210,1669793837936,0,0.2877426048119862,1,3,0,20,0.2501008808612823,0.297039121389389,0.1989870071411132,0.192645017,0.192645017,0.13268330512218493,0.08875559767087302,0.00929651657740277,0.03764172395070392
2,evt_000601,4,214,1669793840875,0,0.2857479304075241,1,3,0,20,0.2330968976020813,0.2848008573055267,0.1702712178230285,0.2734661786666666,0.2734661786666666,0.28143750369270476,0.1154767125844956,0.000947073101997431,0.05265103280544281
2,evt_000602,4,445,1669793847248,1,0.4117943843205769,0,3,1,20,0.369451493024826,0.4282155036926269,0.3185933530330658,0.180082848,0.180082848,0.1076119550137223,0.09320103128751112,0.016421119372049986,0.04234289129575092
2,evt_000603,4,446,1669793892670,1,0.402119775613149,0,3,1,20,0.3513946831226349,0.42110475897789,0.3045747578144073,0.21645022333333333,0.21645022333333333,0.11864943897573117,0.0975450177987417,0.018984983364741026,0.0507250924905141
2,evt_000604,4,222,1669793925500,0,0.3333542644977569,1,3,0,20,0.299103319644928,0.325952410697937,0.223216637969017,0.1666158849,0.1666158849,0.1286421430499238,0.1101376265287399,0.007401853799819891,0.034250944852828924
2,evt_000605,4,447,1669793928722,1,0.4449174602826436,0,3,1,20,0.4014220535755157,0.4528199434280395,0.3121210038661957,0.1793825085,0.1793825085,0.12664252538034487,0.13279645641644794,0.007902483145395878,0.043495406707127926
2,evt_000606,4,448,1669793986841,0,0.5213316679000854,0,3,1,20,0.4787474572658539,0.5251750349998474,0.3985495567321777,0.1714990339,0.1714990339,0.12484856623841224,0.12278211116790777,0.003843367099761963,0.04258421063423157
2,evt_000607,4,449,1669794610065,1,0.3589977125326792,0,1,1,20,0.3239876329898834,0.2783176004886627,0.2835365533828735,0.15863822733333333,0.15863822733333333,0.10628006075837863,0.07546115914980572,0.08068011204401648,0.03501007954279578
2,evt_000608,4,450,1669794632612,1,0.2843356182177861,0,1,1,20,0.3334483802318573,0.384200245141983,0.2695459127426147,-0.25723121266666665,0.2954475873333333,0.3175780140667113,0.014789705475171389,0.0998646269241969,0.04911276201407122
2,evt_000609,4,451,1669794685806,1,0.377740482489268,0,1,1,20,0.3178168833255768,0.361851304769516,0.2590130567550659,0.26287117,0.26287117,0.1777883504361601,0.11872742573420209,0.015889177719752012,0.05992359916369122
2,evt_000610,4,452,1669794737276,1,0.3515060444672902,0,1,1,20,0.2904702425003052,0.3648929595947265,0.2319756746292114,0.28021720666666666,0.28021720666666666,0.18465390276787805,0.11953036983807883,0.013386915127436283,0.06103580196698505
2,evt_000732,5,536,1669965485064,0,0.4027239382266998,0,1,1,20,0.3007313907146454,0.4143428802490234,0.2628994882106781,0.4346058116666667,0.4346058116666667,0.3982270731317381,0.13982445001602167,0.011618942022323608,0.10199254751205439
2,evt_000733,5,537,1669965489164,0,0.3426477213700612,0,1,1,20,0.3327356278896332,0.4647556245326996,0.2887210547924042,0.04558301833333334,0.176725205,0.08956790676964277,0.053926666577657045,0.12210790316263836,0.009912093480428041
2,evt_000734,5,538,1669965920431,1,0.5112346510092417,0,1,1,20,0.4004544913768768,0.5153664946556091,0.3533686101436615,0.4607009553333334,0.4607009553333334,0.4474897219771862,0.1578660408655802,0.004131843646367428,0.11078015963236493
2,evt_000735,5,539,1669966002551,0,0.4431208670139313,0,1,1,20,0.3479199409484863,0.4692506492137909,0.2874501347541809,0.39499578499999993,0.39499578499999993,0.4200780132431094,0.15567073225975037,0.02612978219985962,0.095200926065445
2,evt_000736,5,540,1669966012453,1,0.5166101257006327,0,1,1,20,0.4173349440097809,0.5406833291053772,0.3562928736209869,0.40593108733333333,0.40593108733333333,0.36178784848750395,0.1603172520796458,0.024073203404744503,0.09927518169085181
2,evt_000737,5,541,1669966050729,0,0.4619096120198567,0,1,1,20,0.3721287548542022,0.5025632381439209,0.3228839933872223,0.36862190766666664,0.36862190766666664,0.3318506463420261,0.1390256186326344,0.0406536261240642,0.08978085716565448
2,evt_000738,5,542,1669966063300,1,0.4952419598897298,0,1,1,20,0.3862622082233429,0.5147091746330261,0.3532906472682953,0.4490206346666667,0.4490206346666667,0.4012804666874403,0.1419513126214345,0.019467214743296324,0.1089797516663869
2,evt_000739,5,543,1669966313793,0,0.4503423273563385,0,1,1,20,0.3593978881835937,0.4701848030090332,0.3082248866558075,0.37573555200000003,0.37573555200000003,0.3607059146915887,0.142117440700531,0.019842475652694702,0.0909444391727448
2,evt_000740,5,544,1669966342634,0,0.419682910044988,0,1,1,20,0.2942773997783661,0.4014365673065185,0.247509554028511,0.5400704653333334,0.5400704653333334,0.5149674695098841,0.17217335601647699,0.01824634273846948,0.1254055102666219
2,evt_000741,5,545,1669966452974,0,0.486051340897878,0,1,1,20,0.3493213951587677,0.4626221358776092,0.3217761218547821,0.5726279633333333,0.5726279633333333,0.5536363001449617,0.1642752190430959,0.023429205020268795,0.1367299457391103
2,evt_000742,5,546,1669966461750,0,0.433993399143219,0,1,1,20,0.3244957327842712,0.3359500467777252,0.295939564704895,0.46307663,0.46307663,0.41080804186499775,0.13805383443832397,0.09804335236549377,0.10949766635894781
2,evt_000743,5,547,1669966513297,1,0.4571664730707804,0,1,1,20,0.3488116264343261,0.4543637931346893,0.2855633795261383,0.4501354833333333,0.4501354833333333,0.41469012124668964,0.1716030935446421,0.0028026799360911236,0.10835484663645428
2,evt_000744,5,548,1669966559091,0,0.4633311132589976,1,1,1,20,0.3542501628398895,0.4892483651638031,0.3179925382137298,0.4534731876666667,0.4534731876666667,0.41474905225186426,0.14533857504526781,0.025917251904805483,0.10908095041910809
2,evt_000809,6,303,1670137324289,0,0.2603834569454193,1,0,0,20,0.3394508361816406,0.2600326836109161,0.2852248847484588,-0.39064480333333335,0.39064480333333335,0.34620249983808676,0.024841427803039495,0.00035077333450322934,0.07906737923622131
2,evt_000810,6,316,1670137335103,0,0.1144611686468124,1,0,0,20,0.1653124094009399,0.1104975566267967,0.1223588213324546,-0.6315051166666668,0.6315051166666668,0.40831110376165447,0.0078976526856422,0.003963612020015703,0.050851240754127516
2,evt_000811,6,308,1670137348385,0,0.1151072063172857,1,0,0,20,0.1604689806699752,0.1135902404785156,0.1233329176902771,-0.7830448033333334,0.7830448033333334,0.5966679785053991,0.008225711372991398,0.001516965838770104,0.045361774352689496
2,evt_000812,6,307,1670137359361,0,0.1241454798728227,1,0,0,20,0.17298124730587,0.1230535134673118,0.1326363086700439,-0.6947636066666667,0.6947636066666667,0.5319400731580329,0.008490828797221184,0.0010919664055109024,0.048835767433047295
2,evt_000903,7,619,1670156397770,0,0.3057894905408223,0,3,1,20,0.2902959585189819,0.3291565179824829,0.2405388802289962,0.07693458599999999,0.08491332066666667,0.060939520824084055,0.06525061031182608,0.023367027441660637,0.015493532021840395
2,evt_000904,7,620,1670156414478,1,0.3622505267461141,0,3,1,20,0.3228959143161773,0.3522284030914306,0.2655610740184784,0.17686188266666666,0.21185257066666666,0.11397128633141486,0.09668945272763568,0.010022123654683468,0.039354612429936764
2,evt_000905,7,621,1670156447213,0,0.3102065026760101,0,3,1,20,0.2976455688476562,0.320048451423645,0.2508016526699066,0.06513198533333334,0.10989140800000001,0.04809368249178217,0.05940485000610346,0.009841948747634943,0.012560933828353882
2,evt_000906,7,622,1670156462155,1,0.3387358784675598,0,3,1,20,0.3655176162719726,0.2928800284862518,0.302280068397522,-0.11771510666666667,0.11771510666666667,0.019903697836248634,0.03645581007003784,0.04585584998130804,0.026781737804412786
2,evt_000907,7,623,1670156512818,0,0.2912718753019969,0,3,1,20,0.3045743703842163,0.3202309012413025,0.2770759165287018,-0.06508404066666668,0.09947711,0.03408995008656556,0.014195958773295103,0.028959025939305605,0.013302495082219423
2,evt_000908,7,624,1670156525760,0,0.3620081841945648,1,3,1,20,0.3581957519054413,0.3333130776882171,0.3255181014537811,0.022041524666666663,0.09596863133333333,0.036710923375913286,0.03649008274078375,0.028695106506347712,0.003812432289123535
2,evt_000909,7,625,1670156538510,0,0.2596793919801712,0,3,1,20,0.2794875204563141,0.2803435027599334,0.2528093159198761,-0.10787089833333334,0.14464370833333332,0.06607058447071364,0.006870076060295105,0.020664110779762213,0.019808128476142883
2,evt_000910,7,371,1670156547986,0,0.3041962832212448,1,3,1,20,0.3124319314956665,0.3267924785614013,0.2858796417713165,-0.029137328333333334,0.07654473833333333,0.0631197797563498,0.01831664144992834,0.0225961953401565,0.008235648274421692
2,evt_000911,7,626,1670157344846,0,0.2059301038583119,0,1,1,20,0.2369240075349807,0.2401653379201889,0.2088706493377685,-0.19362471466666667,0.19362471466666667,0.09456513386453709,0.002940545479456602,0.03423523406187701,0.030993903676668794
2,evt_000912,7,627,1670157378036,0,0.2590174525976181,0,1,1,20,0.2850737571716308,0.3014914393424988,0.2499383687973022,-0.14014036933333332,0.156185104,0.09762295657794713,0.009079083800315912,0.042473986744880676,0.0260563045740127
2,evt_000913,7,628,1670157390384,0,0.2083596388498942,0,1,1,20,0.2681037187576294,0.2917236983776092,0.221791923046112,-0.39568258333333334,0.39568258333333334,0.37548163996468364,0.013432284196217809,0.083364059527715,0.0597440799077352
2,evt_000914,7,515,1670157443168,0,0.239069864153862,1,1,1,20,0.2750722467899322,0.2936303615570068,0.2457816749811172,-0.21398253999999997,0.2180589066666667,0.18903551435574328,0.0067118108272551935,0.05456049740314478,0.036002382636070196
2,evt_000915,7,630,1670157483693,0,0.2278575003147125,0,1,1,20,0.2676784694194793,0.277502179145813,0.2338364869356155,-0.26129093766666667,0.26129093766666667,0.2636049183846894,0.005978986620903015,0.04964467883110049,0.03982096910476682
2,evt_001033,8,222,1670399180148,0,0.3334728976090749,1,3,0,20,0.302521288394928,0.33241668343544,0.2253598123788833,0.15005159866666665,0.1677742613333333,0.10824782904710475,0.10811308523019159,0.001056214173634884,0.030951609214146913
2,evt_001034,8,210,1670399205236,0,0.2493569155534108,1,3,0,20,0.249522790312767,0.2820984423160553,0.198263332247734,0.0008340046666666656,0.11720559533333334,0.06488035435537318,0.051093583305676815,0.032741526762644496,0.00016587475935619933
2,evt_001035,8,689,1670399237691,0,0.3319788475831349,0,3,1,20,0.3024135231971741,0.3448018133640289,0.2675309479236603,0.13954236666666667,0.13954236666666667,0.11721647420987158,0.06444789965947462,0.01282296578089398,0.029565324385960823
2,evt_001036,8,690,1670399291497,1,0.4409833947817485,0,3,1,20,0.3768713474273681,0.4162646830081939,0.3415782451629638,0.26652576833333336,0.26652576833333336,0.15699173491527563,0.09940514961878466,0.024718711773554558,0.06411204735438036
2,evt_001037,8,691,1670399337765,1,0.3322724401950836,0,3,1,20,0.2706888616085052,0.3112469613552093,0.2038232535123825,0.2922306236666667,0.2922306236666667,0.22614632853280425,0.1284491866827011,0.021025478839874323,0.061583578586578425
2,evt_001038,8,221,1670399381334,0,0.3747547566890716,1,3,0,20,0.3289693892002105,0.3673210144042969,0.2552220523357391,0.20465508316666667,0.20624295683333335,0.16399726341793647,0.11953270435333252,0.007433742284774725,0.045785367488861084
2,evt_001039,8,692,1670399437123,0,0.4943678081035614,0,3,1,20,0.4505333006381988,0.4883600175380707,0.4128389656543731,0.17643225733333331,0.17643225733333331,0.10480934980938579,0.08152884244918829,0.006007790565490723,0.043834507465362604
2,evt_001040,8,693,1670399468642,0,0.5008478065331777,0,3,1,20,0.4355000257492065,0.4612174034118652,0.355816513299942,0.26621138299999997,0.26621138299999997,0.1980289193900696,0.14503129323323571,0.03963040312131255,0.06534778078397124
2,evt_001041,8,203,1670399520537,0,0.3469657798608144,1,3,0,20,0.2952699363231659,0.3288018107414245,0.2343185991048813,0.2369876426666667,0.2369876426666667,0.15646033565186054,0.11264718075593311,0.01816396911938989,0.0516958435376485
2,evt_001042,8,204,1670399531526,1,0.3212429483731587,1,3,0,20,0.2637595236301422,0.3041927516460418,0.1950393915176391,0.2801955839,0.2801955839,0.24942603636700353,0.1262035568555196,0.017050196727116884,0.05748342474301649
2,evt_001043,8,694,1670399577879,0,0.4609107474486033,0,3,1,20,0.403772234916687,0.4428598582744598,0.3355846703052521,0.2334645856666667,0.2334645856666667,0.15227921433853564,0.1253260771433512,0.018050889174143492,0.05713851253191626
2,evt_001044,8,206,1670399624981,0,0.3272725443045298,1,3,0,20,0.2692185342311859,0.3079235553741455,0.1966150850057602,0.27778828033333336,0.27778828033333336,0.22431734754726027,0.1306574592987696,0.01934898893038428,0.058054010073343876
2,evt_001045,8,695,1670399648874,1,0.5028425057729086,0,3,1,20,0.4213595688343048,0.4553161561489105,0.3856712579727173,0.3337234633333333,0.3337234633333333,0.2529631730282146,0.11717124780019128,0.04752634962399804,0.08148293693860376
2,evt_001150,9,162,1670416713759,0,0.3118077119191487,1,0,0,20,0.2938973605632782,0.2895011901855469,0.2048625349998474,0.08437275933333332,0.09681304733333333,0.0835709284495392,0.10694517691930128,0.022306521733601814,0.01791035135587049
2,evt_001151,9,170,1670416780854,0,0.3893145620822906,1,0,0,20,0.337259292602539,0.43148073554039,0.2580263316631317,0.22537443566666668,0.22537443566666668,0.14299033987593013,0.13128823041915888,0.04216617345809942,0.05205526947975159
2,evt_001152,9,150,1670416871483,0,0.315057764450709,1,0,0,20,0.280467540025711,0.3092421591281891,0.1947091817855835,0.16977546,0.16977546,0.10924233169127524,0.12034858266512549,0.005815605322519901,0.034590224424997984
2,evt_001153,9,317,1670416886153,0,0.4252057373523712,1,0,0,20,0.4086486995220184,0.5047091245651245,0.3295722901821136,0.06793228899999999,0.14200183833333332,0.12391480950156152,0.09563344717025762,0.0795033872127533,0.01655703783035284
2,evt_001154,9,171,1670416924239,1,0.310627023379008,1,0,0,20,0.2936137914657593,0.3711203336715698,0.2170562893152237,0.07929927090000001,0.10215274243333333,0.1206613451102398,0.0935707340637843,0.06049331029256183,0.017013231913248716
2,evt_001155,9,152,1670416952839,0,0.3141371111075083,1,0,0,20,0.2774824798107147,0.342889666557312,0.2003406137228012,0.17735361666666669,0.17735361666666669,0.15202469596792148,0.1137964973847071,0.028752555449803707,0.03665463129679358
2,evt_001156,9,156,1670417026842,1,0.3448616663614909,1,0,0,20,0.2871027886867523,0.3564573228359222,0.2182959765195846,0.26477251100000004,0.26477251100000004,0.24106291861507095,0.1265656898419063,0.011595656474431282,0.057758877674738585
2,evt_001157,9,166,1670417060906,0,0.4122769236564636,1,0,0,20,0.3663995265960693,0.3861432373523712,0.2652014195919037,0.19507448346666667,0.19507448346666667,0.1819237791560355,0.14707550406455994,0.026133686304092407,0.04587739706039434
2,evt_001158,9,167,1670417080117,0,0.271438534061114,1,0,0,20,0.2600400447845459,0.2573417127132416,0.1846974641084671,0.05960095366666666,0.05960095366666666,0.06955467014249343,0.08674106995264691,0.014096821347872435,0.011398489276568113
2,evt_001159,9,158,1670417094894,0,0.2703104019165039,1,0,0,20,0.2633790075778961,0.2851662933826446,0.1902844309806823,0.02758964966666667,0.07712832633333334,0.049199275345246984,0.08002597093582162,0.014855891466140692,0.006931394338607788
2,evt_001160,9,161,1670417122345,1,0.4112533330917358,1,0,0,20,0.3206473886966705,0.3877167999744415,0.2726253271102905,0.38347651066666666,0.38347651066666666,0.33911881984938097,0.13862800598144526,0.02353653311729431,0.09060594439506531
2,evt_001264,10,122,1670489247842,1,0.4344990948836009,0,1,1,20,0.383981853723526,0.4270653426647186,0.3155800998210907,0.20806704333333337,0.22519710333333331,0.14290927995377636,0.11891899506251019,0.007433752218882317,0.05051724116007489
2,evt_001265,10,856,1670489300183,1,0.3267018099625905,0,1,1,20,0.2753901779651642,0.2799587547779083,0.2299876660108566,0.24749163100000002,0.24749163100000002,0.15131435705061025,0.09671414395173392,0.04674305518468219,0.05131163199742633
2,evt_001266,10,857,1670489355638,1,0.3914323846499125,0,1,1,20,0.3419174253940582,0.4057327508926391,0.2507757842540741,0.21349306666666668,0.22035757333333336,0.1505381742024362,0.14065660039583838,0.014300366242726625,0.04951495925585425
2,evt_001267,10,858,1670489388023,1,0.3463823497295379,0,1,1,20,0.3127835690975189,0.3456295430660248,0.283080905675888,0.15499523266666668,0.15499523266666668,0.10499877770645233,0.0633014440536499,0.0007528066635131281,0.03359878063201899
2,evt_001268,10,859,1670489422625,1,0.4732246001561482,0,1,1,20,0.4291361272335052,0.4545848667621612,0.348186731338501,0.17859875700000002,0.18623572300000002,0.13670163562203125,0.12503786881764722,0.018639733393987,0.04408847292264301
2,evt_001269,10,860,1670489466048,1,0.273311177889506,0,1,1,20,0.2456535100936889,0.2799743711948395,0.1994224786758422,0.14396377833333335,0.14997504166666667,0.12760485958282927,0.07388869921366378,0.006663193305333492,0.027657667795817076
2,evt_001270,10,861,1670489519577,0,0.437613586584727,0,1,1,20,0.4119967520236969,0.4472289085388183,0.3549094200134277,0.10419615856666666,0.12726612143333332,0.15611013917257038,0.08270416657129931,0.009615321954091316,0.02561683456103009
2,evt_001271,10,862,1670489525143,1,0.3404512107372284,0,1,1,20,0.3213908970355987,0.3812301456928253,0.2482248097658157,0.08812888600000002,0.10514048466666669,0.11426923886756231,0.09222640097141269,0.040778934955596924,0.019060313701629694
2,evt_001272,10,863,1670489573794,1,0.5510738293329874,0,1,1,20,0.5251829028129578,0.5849606394767761,0.4395352602005005,0.10414828933333335,0.13474375066666666,0.10279932130761364,0.11153856913248694,0.03388681014378869,0.025890926520029667
2,evt_001273,10,864,1670489630487,1,0.5624238848686218,0,1,1,20,0.5386336445808411,0.5533692240715027,0.4577274024486542,0.09569081133333333,0.11957923133333333,0.08864364709322432,0.10469648241996765,0.00905466079711914,0.02379024028778076
2,evt_001274,10,865,1670489668078,1,0.3697414298852284,0,1,1,20,0.3427962958812713,0.3803260326385498,0.2976105511188507,0.11726636066666667,0.13902142066666667,0.14352023225927346,0.07213087876637769,0.010584602753321404,0.026945134003957094
2,evt_001275,10,866,1670490185399,1,0.4564704398314158,0,1,1,20,0.4035284221172333,0.4610810279846191,0.3278092443943023,0.21606076200000002,0.22121531800000002,0.15154685097809917,0.12866119543711346,0.00461058815320331,0.0529420177141825
2,evt_001391,11,931,1670593055702,1,0.4393341243267059,0,1,1,20,0.3052871227264404,0.4295055866241455,0.2643176317214966,0.5735935833333333,0.5735935833333333,0.5775998965386887,0.1750164926052093,0.00982853770256037,0.1340470016002655
2,evt_001392,11,932,1670593089050,1,0.5398159325122833,0,1,1,20,0.4263834655284881,0.5453053116798401,0.3621903359889984,0.47366772333333335,0.47366772333333335,0.4578955725357407,0.1776255965232849,0.005489379167556763,0.11343246698379522
2,evt_001393,11,933,1670593150644,1,0.4596202770868937,0,1,1,20,0.3384207189083099,0.4579589068889618,0.2892235219478607,0.5086723200000001,0.5086723200000001,0.46985902454906225,0.17039675513903296,0.0016613701979318884,0.1211995581785838
2,evt_001394,11,934,1670593178683,1,0.4679027895132701,0,1,1,20,0.3303141891956329,0.4606124460697174,0.2847905158996582,0.58125468,0.58125468,0.5551393131327986,0.18311227361361188,0.0072903434435526715,0.1375886003176372
2,evt_001395,11,935,1670593231692,0,0.5113347470760345,0,1,1,20,0.3878963887691498,0.3685123920440674,0.3334552049636841,0.5134153113333334,0.5134153113333334,0.46458387423217873,0.17787954211235046,0.14282235503196716,0.12343835830688477
2,evt_001396,11,936,1670593276512,0,0.4878774285316467,0,1,1,20,0.3777415752410888,0.4863699972629547,0.3450600206851959,0.45447622000000004,0.45447622000000004,0.3985620167316102,0.14281740784645075,0.001507431268691961,0.11013585329055786
2,evt_001397,11,937,1670593319555,1,0.5082382361094157,0,1,1,20,0.4276933968067169,0.4767700135707855,0.3333007395267486,0.3279062343333333,0.3279062343333333,0.27121667635390967,0.17493749658266705,0.03146822253863013,0.08054483930269873
2,evt_001398,11,938,1670593388706,0,0.5125127931435903,0,1,1,20,0.3899822533130646,0.511918306350708,0.3372837603092193,0.5097446013333333,0.5097446013333333,0.458190347192489,0.17522903283437102,0.0005944867928823205,0.12253053983052575
2,evt_001399,11,939,1670593398863,1,0.4638422131538391,0,1,1,20,0.3510455191135406,0.4740829169750213,0.3037013113498688,0.47043180000000007,0.47043180000000007,0.404006560527174,0.16014090180397034,0.010240703821182195,0.11279669404029852
2,evt_001400,11,940,1670593450200,1,0.4656818906466166,0,1,1,20,0.3360168039798736,0.4555405676364898,0.280504822731018,0.5449464833333333,0.5449464833333333,0.5057322112226064,0.18517706791559857,0.010141323010126768,0.12966508666674298
2,evt_001401,11,941,1670593457981,1,0.4967188239097595,0,1,1,20,0.3956712782382965,0.520609974861145,0.3308959305286407,0.41278104466666665,0.41278104466666665,0.33639345118943254,0.16582289338111883,0.023891150951385498,0.10104754567146301
2,evt_001402,11,942,1670593678966,1,0.4516709049542745,0,1,1,20,0.3375162184238434,0.4378350675106048,0.2735690772533417,0.47937074333333335,0.47937074333333335,0.42202451700617294,0.1781018277009328,0.013835837443669674,0.1141546865304311
2,evt_001403,11,676,1670593731723,1,0.4612708389759063,1,1,1,20,0.3448266983032226,0.4714032113552093,0.3057380616664886,0.485789218,0.485789218,0.43876407369582004,0.15553277730941772,0.010132372379302979,0.11644414067268372
2,evt_001517,12,672,1670745796228,0,0.2954200009504954,1,1,1,20,0.3065212666988373,0.4030166566371918,0.2560314834117889,-0.05343994299999999,0.05343994299999999,0.02372445530460748,0.039388517538706536,0.10759665568669635,0.01110126574834186
2,evt_001518,12,1007,1670745816164,0,0.3634011745452881,0,1,1,20,0.3252867758274078,0.2842259705066681,0.2949734628200531,0.163572361,0.18091906566666668,0.22100842363828874,0.06842771172523499,0.07917520403862,0.038114398717880305
2,evt_001519,12,1009,1670745856694,1,0.4013963937759399,0,1,1,20,0.3379192352294922,0.3751267492771148,0.3006123304367065,0.265080459,0.265080459,0.32707244698430654,0.1007840633392334,0.026269644498825073,0.0634771585464477
2,evt_001520,12,904,1670745898709,1,0.4299601117769877,1,1,1,20,0.3927822411060333,0.3582853376865387,0.3636148869991302,0.15138170689,0.15156649444333334,0.20479894781413785,0.06634522477785748,0.07167477409044898,0.03717787067095435
2,evt_001521,12,1010,1670745955433,0,0.3576538364092509,0,1,1,20,0.306102991104126,0.3874551355838775,0.2746687233448028,0.22579263853333334,0.22703598946666667,0.2886367454007075,0.08298511306444811,0.029801299174626594,0.05155084530512494
2,evt_001522,12,1011,1670745964157,0,0.3849085966746012,0,1,1,20,0.3414560854434967,0.3547519743442535,0.3018445968627929,0.18222927300000002,0.19942246033333333,0.26380320818637637,0.08306399981180829,0.030156622330347715,0.043452511231104496
2,evt_001523,12,1013,1670745990376,0,0.525320291519165,0,1,1,20,0.4513937532901764,0.5175831913948059,0.3948062658309936,0.300127235,0.32254461166666665,0.3094047511515063,0.13051402568817144,0.007737100124359131,0.07392653822898865
2,evt_001524,12,1014,1670746005488,0,0.3547807335853576,0,1,1,20,0.2920399606227875,0.4026837348937988,0.2613523304462433,0.282804306,0.282804306,0.36001781095758956,0.09342840313911432,0.04790300130844116,0.06274077296257013
2,evt_001525,12,804,1670746016951,1,0.3657142917315165,1,1,1,20,0.3405287265777588,0.3064330518245697,0.3024038970470428,0.10775744999999999,0.20458617,0.18665515730038695,0.06331039468447369,0.05928123990694678,0.025185565153757694
2,evt_001526,12,1015,1670746051000,0,0.3471723596254985,0,1,1,20,0.3060798346996307,0.3343398571014404,0.2539609372615814,0.18046549,0.2348046033333333,0.2750109894616543,0.09321142236391705,0.012832502524058098,0.04109252492586779
2,evt_001527,12,1016,1670746095405,0,0.3794890741507212,0,1,1,20,0.3251054584980011,0.3509813845157623,0.2906440794467926,0.23987109591133335,0.23987109591133335,0.28246753499029853,0.08884499470392859,0.02850768963495892,0.054383615652720096
2,evt_001528,12,1017,1670746108574,0,0.3821496268113454,0,1,1,20,0.3430880010128021,0.3003486096858978,0.3019084632396698,0.16898687933333334,0.18453630066666668,0.233535030599769,0.0802411635716756,0.08180101712544757,0.039061625798543276
2,evt_001647,13,1134,1672734138943,0,0.2209748973449071,0,1,1,20,0.2188313752412796,0.2414135187864303,0.1658376306295395,0.013154403333333333,0.13342194333333335,0.064813943157397,0.05513726671536762,0.020438621441523197,0.0021435221036275043
2,evt_001648,13,1135,1672734207544,1,0.4821842908859253,0,1,1,20,0.4000948965549469,0.3903416097164154,0.3160587251186371,0.3353479893333333,0.36149054399999997,0.29449794516412525,0.1661255657672882,0.09184268116950989,0.0820893943309784
2,evt_001649,13,1136,1672734280367,0,0.3509259571631749,0,1,1,20,0.4276538789272308,0.3767789900302887,0.3537466824054718,-0.3873751156666667,0.410467321,0.5150361548698242,0.0028207252422969287,0.025853032867113823,0.0767279217640559
2,evt_001650,13,1137,1672734293087,0,0.1818701525529225,0,1,1,20,0.2192391157150268,0.1579103469848632,0.1712308377027511,-0.40044836100000003,0.4492583343333334,0.5508125067540037,0.010639314850171389,0.023959805568059295,0.03736896316210431
2,evt_001651,13,1139,1672734324848,0,0.4395750761032104,0,1,1,20,0.4881552457809448,0.4172578752040863,0.4182250797748565,-0.20699731899999999,0.3057311323333333,0.30410286782331947,0.021349996328353882,0.02231720089912409,0.04858016967773443
2,evt_001652,13,1140,1672734339017,0,0.3523658613363902,0,1,1,20,0.3313545882701874,0.3192885220050812,0.2596243619918823,0.09386862766666666,0.11846663233333334,0.08225808442519397,0.09274149934450787,0.03307733933130902,0.021011273066202818
2,evt_001653,13,1141,1672734350106,0,0.5164933105309805,0,1,1,20,0.4874534904956817,0.517331063747406,0.4024015367031097,0.11635210933333333,0.12355521733333334,0.09784124921343935,0.11409177382787078,0.0008377532164255408,0.029039820035298758
2,evt_001654,13,1142,1672734358939,0,0.4552337129910787,0,1,1,20,0.4260294139385223,0.3255743980407715,0.3445146083831787,0.11885789043333334,0.12347976623333334,0.1119537143156525,0.11071910460789997,0.1296593149503072,0.029204299052556393
2,evt_001655,13,1143,1672734384238,0,0.4324608941872914,0,1,1,20,0.3758094012737274,0.2874772846698761,0.2943744659423828,0.23954912533333336,0.2541876746666667,0.1802961138859011,0.13808642824490858,0.1449836095174153,0.05665149291356397
2,evt_001656,13,1144,1672734395230,0,0.347650408744812,0,1,1,20,0.2978042066097259,0.3277922570705414,0.2321196347475052,0.2358516953333333,0.24794999800000003,0.17833066077468349,0.11553077399730682,0.01985815167427063,0.049846202135086115
2,evt_001657,13,1145,1672734416127,1,0.4886630177497864,0,1,1,20,0.445746511220932,0.4022917449474334,0.3848849236965179,0.17249647833333334,0.17249647833333334,0.10523923982370884,0.10377809405326849,0.08637127280235296,0.04291650652885437
2,evt_001658,13,1147,1672734435330,1,0.4117212891578674,0,1,1,20,0.3721577227115631,0.3872018754482269,0.2919735610485077,0.16933080266666667,0.17202409066666666,0.12044800352854831,0.11974772810935969,0.024519413709640503,0.039563566446304266
2,evt_001659,13,1148,1672734607449,1,0.2905642489592234,0,1,1,20,0.2466282844543457,0.2693804502487182,0.1892144829034805,0.23063146533333334,0.23954116133333334,0.1669526249643731,0.10134976605574289,0.021183798710505186,0.04393596450487769
2,evt_001660,13,1150,1672734740299,0,0.3164233068625132,0,1,1,20,0.3382560014724731,0.2768835723400116,0.2694641649723053,-0.12870161566666669,0.23619278433333332,0.22468598852425514,0.04695914189020789,0.03953973452250159,0.021832694609959902
2,evt_001772,14,1214,1672837277769,0,0.3649816314379374,0,1,1,20,0.3970543444156647,0.4055052697658539,0.3349641561508178,-0.13622249133333333,0.13622249133333333,0.031965886820047876,0.030017475287119566,0.0405236383279165,0.03207271297772729
2,evt_001773,14,1216,1672837333541,1,0.3161268631617228,0,1,1,20,0.3708922564983368,0.368364006280899,0.2981002628803253,-0.24798377000000005,0.24798377000000005,0.08747622299356819,0.018026600281397465,0.05223714311917621,0.05476539333661401
2,evt_001774,14,1217,1672837391551,0,0.3361856838067372,0,1,1,20,0.3285246789455414,0.3552707135677337,0.2820020020008087,0.031161868333333332,0.14095644833333332,0.018903459308016582,0.054183681805928474,0.01908502976099652,0.007661004861195808
2,evt_001775,14,1218,1672837415982,0,0.2843194007873535,0,1,1,20,0.3673917353153229,0.3367327153682709,0.2820127010345459,-0.39979695333333337,0.39979695333333337,0.22385536487662747,0.002306699752807617,0.05241331458091736,0.08307233452796936
2,evt_001776,14,1219,1672837467878,1,0.4081172247727712,0,1,1,20,0.4573967158794403,0.3774134814739227,0.3740294873714447,-0.20240963,0.20240963,0.011069562164819345,0.03408773740132648,0.030703743298848507,0.04927949110666913
2,evt_001777,14,1220,1672837504474,0,0.2520866890748341,0,1,1,20,0.3096776306629181,0.2710521519184112,0.2529638707637787,-0.2924756766666667,0.2924756766666667,0.17044487777949216,0.0008771816889445727,0.018965462843577086,0.05759094158808398
2,evt_001778,14,1221,1672837522187,1,0.2541128943363825,0,1,1,20,0.3200695216655731,0.2847145497798919,0.25155109167099,-0.33197033666666664,0.33197033666666664,0.16161646658804427,0.0025618026653925208,0.0306016554435094,0.06595662732919061
2,evt_001779,14,1222,1672837584553,0,0.3137784699598948,0,1,1,20,0.3305847942829132,0.3562656939029693,0.2915337085723877,-0.07599737666666667,0.12220831,0.060017958081268204,0.022244761387507084,0.042487223943074526,0.01680632432301843
2,evt_001780,14,1223,1672837598036,0,0.3261129260063171,0,1,1,20,0.3640957772731781,0.363527774810791,0.3117761313915252,-0.16703296,0.16703296,0.08372099580841634,0.01433679461479187,0.03741484880447393,0.03798285126686102
2,evt_001781,14,1224,1672837619724,0,0.3323725859324137,0,1,1,20,0.3946943283081054,0.4096370637416839,0.3202827870845794,-0.27141759666666665,0.27141759666666665,0.08579251132202055,0.012089798847834288,0.0772644778092702,0.06232174237569171
2,evt_001782,14,1225,1672837651345,0,0.2924475272496541,0,1,1,20,0.3123588562011719,0.3204072415828705,0.2609642446041107,-0.09213469333333334,0.13395988,0.05388950921046012,0.0314832826455434,0.027959714333216368,0.01991132895151776
2,evt_001783,14,1226,1672837685493,0,0.3452143371105194,0,1,1,20,0.4513126909732818,0.4478344917297363,0.3476206064224243,-0.46532622000000007,0.46532622000000007,0.286028094983246,0.0024062693119049072,0.10262015461921686,0.1060983538627624
2,evt_001910,15,1292,1672887576327,1,0.4315236111481984,1,3,1,20,0.3283895850181579,0.326304942369461,0.2886973619461059,0.4337226076666667,0.4337226076666667,0.3774379373733375,0.14282624920209253,0.10521866877873742,0.10313402613004052
2,evt_001911,15,1294,1672888509152,0,0.355508029460907,0,1,1,20,0.2935798466205597,0.27568319439888,0.2238479405641555,0.28619192899999996,0.28619192899999996,0.19247512311211792,0.1316600888967515,0.07982483506202698,0.06192818284034729
2,evt_001912,15,1295,1672888542269,1,0.2859075566132863,0,1,1,20,0.3141785860061645,0.3477959334850311,0.2617242038249969,-0.14916858666666666,0.21146705333333335,0.23340409415508606,0.024183352788289425,0.061888376871744755,0.028271029392878178
2,evt_001913,15,1296,1672888594295,0,0.3916806777318318,0,1,1,20,0.3249863386154175,0.2917623221874237,0.2836514413356781,0.28922740133333336,0.28922740133333336,0.19051816110259792,0.1080292363961537,0.09991835554440809,0.06669433911641431
2,evt_001914,15,1297,1672888646443,1,0.4103633761405945,0,1,1,20,0.3312918543815613,0.3647469580173492,0.2961556613445282,0.33660366999999997,0.33660366999999997,0.2498270839385563,0.11420771479606628,0.045616418123245295,0.0790715217590332
2,evt_001915,15,852,1672888682493,1,0.4971446394920349,1,1,1,20,0.4199052155017853,0.4376643598079681,0.3549860715866089,0.3147142213333333,0.3264440653333333,0.2513212746133687,0.14215856790542603,0.05948027968406683,0.07723942399024963
2,evt_001916,15,1298,1672888717254,0,0.470916340748469,0,1,1,20,0.4257660210132599,0.4490363895893097,0.3956619203090668,0.18369014433333333,0.18369014433333333,0.12237059860522499,0.07525442043940223,0.021879951159159305,0.04515031973520911
2,evt_001917,15,1299,1672888737915,0,0.3436235785484314,0,1,1,20,0.33951535820961,0.3256497383117676,0.3014001548290252,0.018182929333333334,0.10891306266666667,0.06738728809153777,0.04222342371940618,0.01797384023666382,0.004108220338821411
2,evt_001918,15,1300,1672888759175,0,0.3158213198184967,0,1,1,20,0.32473886013031,0.2999458014965057,0.2823752164840698,-0.04392169000000001,0.23713824333333333,0.15374104789876306,0.03344610333442688,0.015875518321991022,0.008917540311813299
2,evt_001919,15,1301,1672888781893,1,0.3512568970521291,0,1,1,20,0.3328906297683716,0.3338660299777984,0.2993450462818146,0.08359524299999999,0.155835367,0.10755805541318876,0.051911850770314516,0.017390867074330685,0.01836626728375751
2,evt_001920,15,1302,1672888818054,1,0.5608917077382406,0,1,1,20,0.4896032512187958,0.5047313570976257,0.4025111198425293,0.28943321666666666,0.28943321666666666,0.21934408895426277,0.1583805878957113,0.056160350640614864,0.07128845651944482
2,evt_001921,15,1303,1672888855055,1,0.4134252965450287,0,1,1,20,0.331326812505722,0.318604439496994,0.2879588901996612,0.34923208499999997,0.34923208499999997,0.2680898501133705,0.1254664063453675,0.09482085704803467,0.0820984840393067
2,evt_001922,15,1304,1672888885251,0,0.4408783415953318,0,1,1,20,0.3916505873203277,0.4141519367694855,0.3558621704578399,0.20407111999999997,0.20407111999999997,0.12072652371670692,0.08501617113749188,0.026726404825846317,0.04922775427500409
2,evt_001923,15,1305,1672888920663,0,0.4013878107070923,0,1,1,20,0.3793444633483886,0.3265850841999054,0.2887455224990845,0.09429431966666667,0.11489986366666667,0.11257415954537395,0.11264228820800781,0.07480272650718689,0.02204334735870367
2,evt_001924,15,1306,1672888945774,0,0.4860541919867198,1,1,1,20,0.4452722072601318,0.3865855932235718,0.3855813443660736,0.16420166233333333,0.17002797766666666,0.12504940591449423,0.10047284762064618,0.09946859876314801,0.040781984726588005
2,evt_002034,16,1419,1672907688262,0,0.3101967573165893,0,1,1,20,0.2890535593032837,0.2582931518554687,0.250210165977478,0.10727544333333332,0.21895512333333333,0.043093914402528126,0.05998659133911127,0.051903605461120605,0.02114319801330561
2,evt_002035,16,1420,1672907707129,1,0.2293349057435989,0,1,1,20,0.3000184595584869,0.2611382305622101,0.2444536238908767,-0.43281314666666665,0.43281314666666665,0.46261352766345815,0.015118718147277777,0.03180332481861117,0.07068355381488797
2,evt_002036,16,1421,1672907764150,1,0.3644226491451263,0,1,1,20,0.337626188993454,0.3573329746723175,0.2960593402385711,0.11917916133333334,0.19937578533333333,0.06604245475136644,0.06836330890655518,0.007089674472808782,0.026796460151672308
2,evt_002037,16,1422,1672907810263,1,0.3201803863048553,0,1,1,20,0.3696188926696777,0.3842490613460541,0.3235864341259002,-0.23770751166666668,0.23770751166666668,0.24244771217405126,0.003406047821044922,0.06406867504119879,0.04943850636482239
2,evt_002038,16,1423,1672907871270,1,0.31729456782341,0,1,1,20,0.286358505487442,0.2880038321018219,0.2425795793533325,0.15246405666666668,0.23749577666666669,0.07777060864953904,0.07471498847007749,0.02929073572158808,0.030936062335967962
2,evt_002039,16,1424,1672907930425,1,0.332459290822347,0,1,1,20,0.314722865819931,0.3092270195484161,0.2798900604248047,0.08322341,0.14031685666666668,0.08795279014598734,0.0525692303975423,0.023232271273930905,0.017736425002416012
2,evt_002040,16,1425,1672907954628,1,0.3582672675450642,0,1,1,20,0.3555760383605957,0.3741068840026855,0.3079478442668915,0.012101634333333333,0.028172039,0.02341189379137537,0.05031942327817274,0.015839616457621275,0.0026912291844685132
2,evt_002041,16,1426,1672907977399,1,0.4587065478165944,0,1,1,20,0.4021554887294769,0.4001985788345337,0.3441683053970337,0.22989443,0.26056636333333333,0.1624244483564389,0.11453824241956073,0.05850796898206073,0.05655105908711755
2,evt_002042,16,1427,1672908712571,1,0.3089727858702342,0,1,1,20,0.2334779053926468,0.1990103125572204,0.1886608749628067,0.36800459343333336,0.36800459343333336,0.3676820809719075,0.12031191090742749,0.10996247331301379,0.0754948804775874
2,evt_002043,16,1428,1672908741800,1,0.5662933190663656,0,1,1,20,0.4882245361804962,0.4730875492095947,0.4022337198257446,0.3180967833333333,0.3446171633333333,0.26094139728528526,0.16405959924062102,0.09320576985677087,0.07806878288586938
2,evt_002044,16,1429,1672908778051,1,0.3710861404736836,1,1,1,20,0.3214194774627685,0.2674500942230224,0.2763624191284179,0.22213467799999997,0.234395162,0.1592016928631204,0.09472372134526569,0.1036360462506612,0.0496666630109151
2,evt_002158,17,1479,1672993193375,0,0.3723744054635365,0,3,1,20,0.3571836948394775,0.3216977119445801,0.3219656944274902,0.060120396666666666,0.17995015,0.09839061526909193,0.05040871103604633,0.05067669351895643,0.015190710624059023
2,evt_002159,17,1480,1672993200503,0,0.3182726502418518,1,3,1,20,0.3247612416744232,0.270271897315979,0.2781005799770355,-0.03269706666666667,0.1303501,0.060271108229333785,0.040172070264816284,0.0480007529258728,0.006488591432571411
2,evt_002160,17,1481,1672993211854,1,0.2903206845124562,0,3,1,20,0.2958945333957672,0.2679620087146759,0.26582071185112,-0.027121716666666667,0.10807590333333333,0.06702288518265251,0.02449997266133619,0.02235867579778028,0.005573848883311028
2,evt_002161,17,1482,1672993254342,0,0.173514870305856,0,3,1,20,0.2131484299898147,0.1787509471178054,0.1730435043573379,-0.27598922,0.27598922,0.21103815655558023,0.00047136594851809877,0.005236076811949403,0.03963355968395871
2,evt_002162,17,1483,1672993260821,0,0.2579267472028732,0,3,1,20,0.2952525317668915,0.2517164647579193,0.241745576262474,-0.1882074433333333,0.1882074433333333,0.032048908269680924,0.01618117094039917,0.006210282444953863,0.037325784564018305
2,evt_002163,17,222,1672993268628,0,0.2277103811502456,1,3,0,20,0.3222700655460357,0.2275727987289428,0.2372966259717941,-0.5207886633333333,0.5207886633333333,0.3105717838504679,0.00958624482154849,0.00013758242130282317,0.0945596843957901
2,evt_002164,17,206,1672993275719,0,0.2182569056749344,1,3,0,20,0.273628294467926,0.1960183233022689,0.1996715515851974,-0.31495563,0.31495563,0.12172860627865333,0.018585354089736994,0.02223858237266549,0.05537138879299164
2,evt_002165,17,1484,1672993282500,0,0.3495066960652669,0,3,1,20,0.4013616144657135,0.3336242139339447,0.3365913331508636,-0.22452124333333331,0.22452124333333331,0.12139588749488299,0.012915362914403317,0.015882482131322206,0.05185491840044659
2,evt_002166,17,1485,1672993312603,1,0.2774305194616318,0,3,1,20,0.3737928569316864,0.2758209407329559,0.2878219783306122,-0.47248934000000004,0.47248934000000004,0.3157529846887039,0.010391458868980408,0.0016095787286758978,0.09636233747005463
2,evt_002167,17,1486,1672994276526,0,0.3098056813081105,0,1,1,20,0.3480146825313568,0.3016727864742279,0.2993656396865845,-0.17712912266666667,0.17712912266666667,0.1371209160734063,0.010440041621526008,0.008132894833882576,0.03820900122324633
2,evt_002168,17,1487,1672994314719,1,0.2997876902421315,0,1,1,20,0.3631987273693084,0.2916512191295624,0.3035138249397278,-0.31847250060000004,0.32167123940000003,0.32046202004289615,0.003726134697596306,0.0081364711125691,0.06341103712717694
2,evt_002169,17,1488,1672994327205,1,0.2631649772326151,0,1,1,20,0.2924583554267883,0.2481914311647415,0.251334011554718,-0.144659025,0.144659025,0.052850091245772855,0.011830965677897098,0.014973546067873628,0.02929337819417316
2,evt_002170,17,1489,1672994681282,0,0.2933126091957092,0,1,1,20,0.3264051377773285,0.2791182994842529,0.2677527368068695,-0.15422406333333333,0.15422406333333333,0.04290212303087912,0.025559872388839666,0.014194309711456299,0.03309252858161932
2,evt_002292,18,1557,1673010257119,0,0.2215595518549283,0,1,1,20,0.3168149292469024,0.2230683118104934,0.241154745221138,-0.55083084,0.55083084,0.4324438285191817,0.019595193366209712,0.0015087599555651254,0.09525537739197412
2,evt_002293,18,1558,1673010298084,0,0.3356980085372925,0,1,1,20,0.38853320479393,0.3386984169483185,0.3482643663883209,-0.23124840333333332,0.23124840333333332,0.17961483896191432,0.012566357851028442,0.003000408411026001,0.05283519625663752
2,evt_002294,18,1559,1673010312140,0,0.2538193414608637,0,1,1,20,0.3602896630764007,0.2627327740192413,0.2734269797801971,-0.5409837733333333,0.5409837733333333,0.3727374854922001,0.019607638319333376,0.008913432558377565,0.10647032161553699
2,evt_002295,18,1560,1673010321245,0,0.3397637903690338,0,1,1,20,0.3760205805301666,0.3363419473171234,0.3438175618648529,-0.1568199113333333,0.1568199113333333,0.09709362032430537,0.004053771495819092,0.0034218430519104004,0.03625679016113281
2,evt_002296,18,1504,1673010374448,0,0.3876570761203766,0,1,1,20,0.4423137903213501,0.3839267194271087,0.3967398703098297,-0.22641970999999997,0.22641970999999997,0.1492274781766622,0.009082794189453125,0.0037303566932678778,0.05465671420097351
2,evt_002297,18,1561,1673010404366,1,0.3748396535714467,0,1,1,20,0.4122583568096161,0.3791968524456024,0.3831885159015655,-0.15717449766666666,0.15717449766666666,0.10682237841716218,0.008348862330118778,0.004357198874155699,0.03741870323816937
2,evt_002298,18,1562,1673010449485,0,0.2446761578321457,0,1,1,20,0.3025054037570953,0.244969442486763,0.256916344165802,-0.30544257999999996,0.30544257999999996,0.21204684329084095,0.012240186333656311,0.00029328465461730957,0.05782924592494959
2,evt_002299,18,1563,1673010464440,0,0.3125289281209309,0,1,1,20,0.3983247280120849,0.3132853806018829,0.3292231857776642,-0.3961243333333333,0.3961243333333333,0.30296487264321875,0.01669425765673327,0.0007564524809519635,0.08579579989115399
2,evt_002300,18,1564,1673010550571,0,0.3808533648649851,0,1,1,20,0.4310636520385742,0.3779394924640655,0.3906629979610443,-0.21237946333333335,0.21237946333333335,0.13589447285701758,0.0098096330960592,0.002913872400919615,0.05021028717358911
2,evt_002301,18,1565,1673010561200,1,0.2488196094830831,0,1,1,20,0.2872415482997894,0.2490052729845047,0.2548332512378692,-0.20196075500000002,0.20196075500000002,0.11848104857770217,0.006013641754786109,0.00018566350142160126,0.038421938816706275
2,evt_002302,18,1566,1673010587660,0,0.2911279946565628,0,1,1,20,0.3405770361423492,0.2873989641666412,0.2987251579761505,-0.24369678766666666,0.24369678766666666,0.2064318505065823,0.0075971633195877075,0.0037290304899216253,0.04944904148578638
2,evt_002303,18,1567,1673010602029,0,0.3568432033061981,0,1,1,20,0.4761240780353546,0.368641048669815,0.3858366310596466,-0.52343214,0.52343214,0.45804744601604674,0.028993427753448486,0.011797845363616888,0.1192808747291565
2,evt_002304,18,1210,1673010613356,0,0.1983103156089782,1,1,1,20,0.2662046253681183,0.2034839242696762,0.2146673947572708,-0.43819287,0.43819287,0.38229177666249803,0.016357079148292625,0.00517360866069802,0.0678943097591401
2,evt_002305,18,1568,1673010626294,0,0.3729470670223236,0,1,1,20,0.4702451527118683,0.3658252954483032,0.3885609805583954,-0.41554700333333333,0.41554700333333333,0.28570806162498485,0.015613913536071777,0.007121771574020386,0.09729808568954468
2,evt_002411,19,226,1673251221576,0,0.1537490040063858,1,3,0,20,0.2133740931749344,0.1568638682365417,0.1574021726846695,-0.5421928,0.5421928,0.46836574657569624,0.0036531686782836914,0.0031148642301558893,0.059625089168548584
2,evt_002412,19,1628,1673251229596,0,0.2048362741867701,0,3,1,20,0.2672460079193115,0.1992124766111374,0.2172127366065979,-0.4425201,0.4425201,0.4785797001980866,0.012376462419827788,0.005623797575632722,0.06240973373254141
2,evt_002413,19,221,1673251247925,0,0.2500272095203399,1,3,0,20,0.3292045295238495,0.2528708875179291,0.255302220582962,-0.4348957866666667,0.4348957866666667,0.32370044291603284,0.00527501106262207,0.002843677997589167,0.07917732000350958
2,evt_002414,19,211,1673251259758,0,0.1547170678774515,1,3,0,20,0.229838028550148,0.1741253584623336,0.162193089723587,-0.6595871233333334,0.6595871233333334,0.5473644714234317,0.007476021846135522,0.01940829058488211,0.07512096067269652
2,evt_002415,19,203,1673251270455,0,0.2364994436502456,1,3,0,20,0.2868466675281524,0.2122299522161483,0.228248044848442,-0.27229105666666664,0.27229105666666664,0.16235855605456406,0.008251398801803617,0.024269491434097318,0.0503472238779068
2,evt_002416,19,1629,1673251277639,0,0.3558937013149261,0,3,1,20,0.4536961317062378,0.3604921102523803,0.3907043933868408,-0.43439211666666666,0.43439211666666666,0.41341200124090155,0.03481069207191473,0.004598408937454224,0.0978024303913117
2,evt_002417,19,222,1673251289785,1,0.2202778806289037,1,3,0,20,0.3112023472785949,0.2430385798215866,0.2303323745727539,-0.5443296166666667,0.5443296166666667,0.3954858595400227,0.010054493943850218,0.02276069919268292,0.09092446664969123
2,evt_002418,19,1630,1673251392557,1,0.2544675916433334,0,3,1,20,0.3242621719837188,0.2941872179508209,0.2862867414951324,-0.363878734,0.363878734,0.3661972392214843,0.03181914985179901,0.03971962630748754,0.06979458034038544
2,evt_002419,19,1631,1673252035933,0,0.2801361481348673,0,1,1,20,0.3601178228855133,0.3028049767017364,0.3125183284282684,-0.42028647,0.42028647,0.4754384579263425,0.032382180293401064,0.02266882856686908,0.07998167475064599
2,evt_002420,19,1306,1673252045921,0,0.3483050614595413,1,1,1,20,0.4391206204891205,0.3497059047222137,0.3800874054431915,-0.4212646566666667,0.4212646566666667,0.43948164461509304,0.03178234398365015,0.0014008432626723688,0.09081555902957916
2,evt_002421,19,1516,1673252054232,0,0.520370622475942,1,1,1,20,0.4494131505489349,0.4879293143749237,0.4012901782989502,0.3020925,0.37356083333333334,0.4525548026608629,0.11908044417699182,0.03244130810101831,0.07095747192700713
2,evt_002526,20,1681,1673339291215,0,0.3561754524707794,0,1,1,20,0.3397437334060669,0.3977824747562408,0.3069223463535309,0.07304589433333335,0.142309561,0.09835849367341666,0.049253106117248535,0.04160702228546137,0.016431719064712524
2,evt_002527,20,1682,1673339331657,0,0.346445769071579,0,1,1,20,0.3240133821964264,0.3388470113277435,0.2793636620044708,0.10005318366666667,0.11861536766666668,0.13647693013842796,0.06708210706710815,0.007598757743835505,0.022432386875152588
2,evt_002528,20,1684,1673339375583,0,0.3769379556179046,0,1,1,20,0.3514256179332733,0.339645504951477,0.3006557524204254,0.11136577133333332,0.126509502,0.10625933241070562,0.07628220319747919,0.03729245066642761,0.025512337684631292
2,evt_002529,20,1685,1673339401208,0,0.2353830238183339,0,1,1,20,0.2290828675031662,0.2809792160987854,0.1773432344198227,0.03153226533333333,0.147734372,0.1045586637673613,0.058039789398511205,0.0455961922804515,0.006300156315167699
2,evt_002530,20,1686,1673339410694,1,0.3363131831089656,0,1,1,20,0.3617328107357025,0.3877705037593841,0.2843835055828094,-0.13007503166666667,0.288776165,0.21296931470829103,0.05192967752615618,0.051457320650418525,0.02541962762673694
2,evt_002531,20,1687,1673339462710,0,0.4405651291211446,0,1,1,20,0.4476495683193207,0.4508191049098968,0.4073663651943207,-0.030367476000000004,0.19151470266666668,0.10278047355284439,0.033198763926823915,0.010253975788752201,0.007084439198176085
2,evt_002532,20,1688,1673339475348,0,0.3165444085995356,0,1,1,20,0.3458541333675384,0.3952776491641998,0.2975627481937408,-0.154408515,0.31749594166666667,0.24859247921819533,0.018981660405794798,0.07873324056466419,0.02930972476800281
2,evt_002533,20,1689,1673339500301,0,0.2307882755994796,0,1,1,20,0.2422894984483719,0.3003026247024536,0.2004232853651046,-0.08040795166666667,0.23694047833333334,0.15615929955032545,0.030364990234375,0.06951434910297402,0.011501222848892295
2,evt_002534,20,1690,1673339510654,0,0.2814341733853022,0,1,1,20,0.337200790643692,0.4029541015625,0.2807517051696777,-0.3101677963333333,0.3268540283333333,0.40279949024822803,0.0006824682156245099,0.12151992817719781,0.05576661725838983
2,evt_002535,20,1691,1673339520019,0,0.32588625450929,0,1,1,20,0.3551391661167145,0.4446648061275482,0.3114876449108124,-0.15318411666666665,0.29820761,0.18206105602046196,0.014398609598477607,0.11877855161825823,0.029252911607424492
2,evt_002536,20,1692,1673339527734,0,0.2778326173623403,0,1,1,20,0.3316960334777832,0.3820669651031494,0.2829869091510772,-0.29347318,0.3259483066666667,0.33217769106776196,0.005154291788736942,0.10423434774080914,0.05386341611544293
2,evt_002537,20,1693,1673339536729,0,0.248275359471639,0,1,1,20,0.2897672653198242,0.3450244665145874,0.2471151202917099,-0.2621404466666667,0.34210977333333337,0.3147043612763052,0.0011602391799291067,0.0967491070429484,0.04149190584818521
2,evt_002657,21,1809,1677662222008,0,0.3203996221224467,0,1,1,20,0.3125393092632293,0.3229632675647735,0.2591336071491241,0.03223799833333333,0.180118335,0.10018160557293913,0.061266014973322624,0.0025636454423267896,0.0078603128592174
2,evt_002658,21,1810,1677662264598,1,0.3892937699953715,1,1,1,20,0.3883037567138672,0.3945982158184051,0.3165692985057831,0.0024611116666666635,0.17220066166666667,0.07164378029176832,0.07272447148958844,0.005304445823033577,0.0009900132815043317
2,evt_002659,21,1811,1677662303042,0,0.3159830719232559,0,1,1,20,0.3081209361553192,0.3166803121566772,0.2811184823513031,0.026823805000000006,0.18298887500000002,0.10447510249302391,0.03486458957195282,0.0006972402334212702,0.007862135767936707
2,evt_002660,21,1812,1677662314586,0,0.3947200775146484,0,1,1,20,0.3876972496509552,0.3952690362930298,0.3232674598693847,0.026774499999999996,0.17967358,0.1074215252758909,0.07145261764526367,0.0005489587783814032,0.007022827863693182
2,evt_002661,21,1813,1677662995502,0,0.3551777799924214,0,1,1,20,0.3483854830265045,0.3547952473163605,0.315580815076828,0.023437314666666664,0.17358688533333333,0.09793922844919967,0.03959696491559339,0.00038253267606092045,0.0067922969659168775
2,evt_002662,21,1814,1677663029790,0,0.3244378368059794,0,1,1,20,0.3134247064590454,0.3253148794174194,0.2772904336452484,0.046621688333333335,0.14492751166666668,0.11129810471855532,0.04714740316073096,0.0008770426114400043,0.011013130346933964
2,evt_002663,21,1815,1677663057675,1,0.4270216226577759,0,1,1,20,0.4179474413394928,0.4225221574306488,0.3564484119415283,0.03430314133333332,0.18477255866666664,0.11047419719162982,0.07057321071624756,0.004499465227127075,0.009074181318283081
2,evt_002664,21,1816,1677663095286,0,0.3530141313870747,1,1,1,20,0.3362555503845215,0.3532580435276031,0.2892537415027618,0.07093313066666668,0.15196463600000001,0.13277702602759286,0.06376038988431293,0.0002439121405283795,0.01675858100255323
2,evt_002665,21,1817,1677663135037,0,0.3713841835657755,0,1,1,20,0.3540166914463043,0.3704722225666046,0.3064797818660736,0.07474794666666668,0.13714938666666668,0.12803996160360517,0.06490440169970191,0.0009119609991709021,0.017367492119471195
2,evt_002666,21,1818,1677663181345,1,0.5493213931719462,0,1,1,20,0.5437970161437988,0.53620845079422,0.4488574266433716,0.022886267666666665,0.158359999,0.10125790361223941,0.10046396652857459,0.0131129423777262,0.0055243770281473425
2,evt_002667,21,1819,1677663213235,1,0.4532313148180644,0,1,1,20,0.4235595762729645,0.4299443662166595,0.345228761434555,0.120360024,0.13121903066666665,0.14606067703678943,0.10800255338350939,0.0232869486014049,0.029671738545099913
2,evt_002668,21,1820,1677663253164,0,0.3092807432015736,0,1,1,20,0.2899967432022095,0.2982873022556305,0.2570691704750061,0.09033999133333333,0.12253158333333332,0.11952287150972955,0.05221157272656751,0.010993440945943123,0.019283999999364143
2,evt_002669,21,1821,1677663274810,0,0.3867190380891164,0,1,1,20,0.3699550926685333,0.3839654922485351,0.3322189748287201,0.06870717333333333,0.14796014,0.12599276877581056,0.0545000632603963,0.002753545840581295,0.01676394542058307
2,evt_002670,21,1822,1677663327870,0,0.4282841881116231,0,1,1,20,0.3938125371932983,0.4252196252346039,0.3173114955425262,0.14231252666666666,0.17202598666666669,0.12702620171746518,0.11097269256909692,0.003064562877019228,0.034471650918324825
2,evt_002775,22,1925,1677849419319,1,0.2776816785335541,0,2,2,20,0.3475011885166168,0.3852318823337555,0.2712820768356323,-0.35762697666666665,0.35762697666666665,0.2715452478164293,0.006399601697921753,0.10755020380020142,0.06981950998306274
2,evt_002776,22,1926,1677849447619,0,0.2586161295572917,0,2,2,20,0.3388471603393554,0.3969297111034393,0.2797915935516357,-0.44108083333333337,0.44108083333333337,0.45107004688569957,0.021175463994344,0.1383135815461476,0.08023103078206373
2,evt_002777,22,1927,1677849453754,1,0.3673861026763916,0,2,2,20,0.4306724071502685,0.3274867832660675,0.3591268956661224,-0.26588686333333333,0.26588686333333333,0.17967231964996544,0.00825920701026922,0.0398993194103241,0.0632863044738769
2,evt_002778,22,1928,1677849477667,0,0.2331521436572075,0,2,2,20,0.3244182765483856,0.3623469173908233,0.2610734701156616,-0.5386212266666667,0.5386212266666667,0.4636309227350947,0.027921326458454132,0.12919477373361582,0.09126613289117813
2,evt_002779,22,1929,1677849483296,0,0.1523087744911511,0,2,2,20,0.2228061705827713,0.2557021081447601,0.1653815507888794,-0.6666177246666667,0.6666177246666667,0.6516319161114467,0.013072776297728295,0.10339333365360898,0.0704973960916202
2,evt_002780,22,1930,1677849509432,0,0.1938008541862169,0,2,2,20,0.2824564576148987,0.3299339711666107,0.2107961326837539,-0.7151350386666667,0.7151350386666667,0.7038333338109242,0.016995278497537014,0.13613311698039382,0.08865560342868178
2,evt_002781,22,1931,1677849514336,0,0.2038320551315943,0,2,2,20,0.2826780378818512,0.2103342860937118,0.2228373885154724,-0.56431731,0.56431731,0.5490940342033479,0.01900533338387811,0.0065022309621174945,0.0788459827502569
2,evt_002782,22,1932,1677849521630,0,0.1921430403987566,0,2,2,20,0.2528450191020965,0.217050015926361,0.2119197100400924,-0.4011858466666667,0.4011858466666667,0.35807889384867886,0.019776669641335815,0.024906975527604402,0.060701978703339904
2,evt_002783,22,1934,1677849556597,0,0.2527772486209869,0,2,2,20,0.3487692773342132,0.3812943994998932,0.280877023935318,-0.5018644066666667,0.5018644066666667,0.43275038836347907,0.02809977531433111,0.1285171508789063,0.09599202871322632
2,evt_002784,22,1935,1677849576706,0,0.3054691950480143,0,2,2,20,0.4089109897613525,0.313789039850235,0.3330009281635284,-0.5012315033333333,0.5012315033333333,0.428914116953973,0.0275317331155141,0.0083198448022207,0.1034417947133382
2,evt_002870,23,2017,1677834452530,0,0.3870137830575307,0,1,1,20,0.3672925531864166,0.3829870223999023,0.3036946654319763,0.08460646131333333,0.12237039931333334,0.13457585651761353,0.08331911762555438,0.004026760657628414,0.019721229871114077
2,evt_002871,23,2018,1677834492184,0,0.2905999372402827,0,1,1,20,0.2843668460845947,0.2901695966720581,0.2538727819919586,0.014170579666666683,0.18508382033333334,0.11641102391361588,0.036727155248324095,0.00043034056822460753,0.0062330911556879864
2,evt_002872,23,2019,1677834531419,1,0.3941528002421061,0,1,1,20,0.3816052675247192,0.3934961259365082,0.3349020779132843,0.04860894999999999,0.16726707,0.11944379087738326,0.05925072232882178,0.0006566743055979041,0.0125475327173869
2,evt_002873,23,2020,1677834577421,0,0.3112633228302002,0,1,1,20,0.3056247234344482,0.3114828169345855,0.2534410655498504,0.016249202,0.19238193133333334,0.1025732253823817,0.05782225728034979,0.00021949410438532047,0.005638599395752009
2,evt_002874,23,2021,1677834633638,0,0.4810400207837422,0,1,1,20,0.4710605144500732,0.4789300858974457,0.4327386915683746,0.03858592133333333,0.14903030533333333,0.09804787951685626,0.04830132921536762,0.002109934886296516,0.009979506333669008
2,evt_002875,23,2022,1677834679386,0,0.3000736633936564,0,1,1,20,0.2946852445602417,0.3003810942173004,0.2654608786106109,0.00754285766666668,0.18498870899999997,0.1169467763197541,0.03461278478304547,0.0003074308236440393,0.0053884188334146765
2,evt_002876,23,2023,1677834732013,0,0.3611935675144195,0,1,1,20,0.3452480733394623,0.3639512062072754,0.288113921880722,0.06735773666666667,0.14950867666666667,0.12562399482046263,0.07307964563369751,0.0027576386928558905,0.01594549417495722
2,evt_002877,23,2024,1677834781280,0,0.3564523855845133,0,1,1,20,0.3461887538433075,0.3584992885589599,0.3082808554172516,0.037390716,0.1731305506666667,0.11721009928448442,0.04817153016726172,0.002046902974446596,0.010263631741205814
2,evt_002878,23,2025,1677834829366,0,0.331205666065216,0,1,1,20,0.3232410848140716,0.3318803310394287,0.2835011482238769,0.022078353333333318,0.20316326666666665,0.11783392637076312,0.04770451784133911,0.000674664974212702,0.00796458125114441
2,evt_002961,24,2106,1678007921451,0,0.1653053338328997,0,2,2,20,0.2378999143838882,0.2266286611557006,0.1640186458826065,-0.4805293433333333,0.4805293433333333,0.4193101586643986,0.001286687950293186,0.06132332732280091,0.0725945805509885
2,evt_002962,24,2107,1678007933536,0,0.1910772969325383,0,2,2,20,0.2938202917575836,0.2189337164163589,0.2118119597434997,-0.6866519333333333,0.6866519333333333,0.69031571331278,0.020734662810961396,0.027856419483820588,0.10274299482504531
2,evt_002963,24,2108,1678008039421,0,0.2758562515179316,0,2,2,20,0.3368071019649505,0.2732391655445099,0.2956273853778839,-0.31958549166666667,0.31958549166666667,0.29819939071281815,0.019771133859952328,0.0026170859734216956,0.06095085044701892
2,evt_002964,24,2109,1678008052689,0,0.1847112849354744,0,2,2,20,0.2606079578399658,0.1888999491930008,0.1911256909370422,-0.4830621333333333,0.4830621333333333,0.35228850930254196,0.006414406001567813,0.004188664257526398,0.07589667290449142
2,evt_002965,24,2110,1678008067706,0,0.2346952483057975,0,2,2,20,0.3356192111968994,0.2453795224428177,0.2640288770198822,-0.5715607566666666,0.5715607566666666,0.5267483266381765,0.02933362871408471,0.010684274137020194,0.10092396289110192
2,evt_002966,24,2111,1678008079197,0,0.2832601169745127,0,2,2,20,0.3176086246967315,0.2651971280574798,0.245782658457756,-0.16389727666666667,0.16389727666666667,0.026640842672853944,0.03747745851675671,0.018062988917032896,0.03434850772221881
2,evt_002967,24,2112,1678008101016,0,0.1731132765611013,0,2,2,20,0.2692265510559082,0.174528494477272,0.189713105559349,-0.7204141000000001,0.7204141000000001,0.6693931121501177,0.016599828998247718,0.001415217916170719,0.09611327449480692
2,evt_002968,24,2113,1678008109116,0,0.1988456423083941,0,2,2,20,0.2834509313106537,0.1918637901544571,0.2016250342130661,-0.51841607,0.51841607,0.3386207160706274,0.002779391904671996,0.006981852153937013,0.08460528900225958
2,evt_002969,24,2114,1678008120228,0,0.2169412126143773,0,2,2,20,0.2730421721935272,0.2212325781583786,0.2293054610490799,-0.3349235133333333,0.3349235133333333,0.3177003307357702,0.012364248434702602,0.004291365544001308,0.05610095957914993
2,evt_003056,25,2199,1678182000588,0,0.4432004491488139,0,1,1,20,0.4209359586238861,0.3798779547214508,0.3589564561843872,0.09065134633333334,0.10344174566666668,0.1222990753498975,0.0842439929644267,0.0633224944273631,0.022264490524927794
2,evt_003057,25,2200,1678182043340,0,0.2743073056141535,0,1,1,20,0.3071587383747101,0.3194917440414428,0.2609326839447021,-0.21502102599999998,0.27690184066666673,0.32778084882680975,0.013374621669451414,0.04518443842728931,0.032851432760556576
2,evt_003058,25,2007,1678182079553,0,0.4623236457506816,1,1,1,20,0.4512380063533783,0.4603203535079956,0.4148215353488922,0.04258288233333332,0.14257038433333333,0.09658651230279962,0.047502110401789366,0.0020032922426859723,0.011085639397303282
2,evt_003059,25,2201,1678182771670,0,0.3286530077457428,0,1,1,20,0.3328834772109985,0.2765518128871918,0.265216052532196,-0.02721299433333334,0.18375782766666668,0.10044215925398975,0.06343695521354681,0.052101194858551025,0.004230469465255682
2,evt_003060,25,2202,1678182874187,0,0.3458817104498545,0,1,1,20,0.3474731743335724,0.3934342861175537,0.270333856344223,-0.009531068333333328,0.15956496833333333,0.06455667031603218,0.07554785410563147,0.047552575667699215,0.0015914638837178918
2,evt_003061,25,2203,1678182929548,0,0.3051428695519765,0,1,1,20,0.2705065608024597,0.314240962266922,0.2108094692230224,0.1631416383333333,0.21845328833333333,0.10061688618423237,0.0943334003289541,0.009098092714945494,0.034636308749516787
2,evt_003062,25,2204,1678183200400,0,0.2834798942009608,0,1,1,20,0.2771124839782715,0.2805988490581512,0.2380583137273788,0.01955617923333332,0.16665882076666666,0.11709805552966357,0.045421580473582024,0.002881045142809624,0.006367410222689329
2,evt_003063,25,2205,1678183210208,0,0.2996038993199666,0,1,1,20,0.2890238463878631,0.3047581017017364,0.2614900767803192,0.039976076500000006,0.15789191016666668,0.1158332166190184,0.0381138225396474,0.005154202381769779,0.010580052932103512
2,evt_003064,25,2206,1678183246603,0,0.4039807418982188,0,1,1,20,0.389264702796936,0.4343868792057037,0.3389148712158203,0.05893928700000001,0.13781699966666666,0.11505664210305733,0.0650658706823985,0.03040613730748487,0.01471603910128283
2,evt_003065,25,2207,1678183312143,0,0.003964555527394,0,1,1,20,0.0043534557335078,0.003148695686832,0.0031043775379657,-0.09548204233333334,0.108816191,0.09831833810895366,0.0008601779894282999,0.0008158598405619997,0.0003889002061137998
2,evt_003170,26,2315,1678263769920,0,0.2082898616790771,0,2,2,20,0.2703526318073272,0.1918293237686157,0.2109123915433883,-0.38351925,0.38351925,0.3335524790938854,0.0026225298643112183,0.016460537910461398,0.06206277012825012
2,evt_003171,26,2316,1678263776723,0,0.2787737995386123,0,2,2,20,0.3849733173847198,0.2715999782085418,0.2987834811210632,-0.5729791833333333,0.5729791833333333,0.48439989710713,0.020009681582450867,0.007173821330070496,0.10619951784610748
2,evt_003172,26,2317,1678263787522,0,0.1988884632786115,0,2,2,20,0.291605144739151,0.2039706259965896,0.2185445576906204,-0.6544156766666666,0.6544156766666666,0.547952752370292,0.019656094412008884,0.005082162717978095,0.09271668146053949
2,evt_003173,26,2318,1678263794255,0,0.2184180455903212,0,2,2,20,0.3025693893432617,0.2190608978271484,0.2387182712554931,-0.6457512833333333,0.6457512833333333,0.6391129347327619,0.020300225665171895,0.0006428522368271961,0.0841513437529405
2,evt_003174,26,2319,1678263804989,0,0.1992260714371999,0,2,2,20,0.2789373397827148,0.1988435834646225,0.2192572355270385,-0.5521130799999999,0.5521130799999999,0.48314734748519583,0.0200311640898386,0.0003824879725773944,0.0797112683455149
2,evt_003175,26,2320,1678263814718,0,0.220507800579071,0,2,2,20,0.3123231530189514,0.2155042737722396,0.2417683601379394,-0.5199875399999999,0.5199875399999999,0.337728438679671,0.021260559558868408,0.005003526806831388,0.09181535243988043
2,evt_003176,26,2321,1678263830391,0,0.1691735883553823,0,2,2,20,0.2531361877918243,0.1851495653390884,0.190008208155632,-0.61407665,0.61407665,0.44772269644957846,0.0208346198002497,0.01597597698370612,0.08396259943644199
2,evt_003177,26,2322,1678263854445,0,0.1928790186842282,0,2,2,20,0.2713952362537384,0.19767926633358,0.2137518376111984,-0.5558701266666667,0.5558701266666667,0.4327277265565439,0.02087281892697021,0.004800247649351802,0.07851621756951022
2,evt_003178,26,2323,1678263863982,0,0.1870772416392962,0,2,2,20,0.2621679604053497,0.1910567283630371,0.2046815603971481,-0.6719957633333333,0.6719957633333333,0.6426965124474637,0.0176043187578519,0.003979486723740905,0.07509071876605347
2,evt_003179,26,2324,1678263885650,0,0.1203522185484568,0,2,2,20,0.168936014175415,0.1208180487155914,0.1319079399108886,-0.7111113266666668,0.7111113266666668,0.6995081001327493,0.011555721362431784,0.00046583016713459824,0.04858379562695821
2,evt_003180,26,2325,1678263894228,0,0.1489846023420492,0,2,2,20,0.2115819454193115,0.1502318084239959,0.1631048917770385,-0.6719497366666666,0.6719497366666666,0.6091053072807912,0.014120289434989303,0.0012472060819467001,0.06259734307726231
2,evt_003181,26,2326,1678263905400,0,0.1569288248817126,0,2,2,20,0.2368618845939636,0.1556579321622848,0.1751883774995803,-0.5962883866666667,0.5962883866666667,0.37913799377610763,0.018259552617867714,0.0012708927194277908,0.07993305971225101
2,evt_003182,26,2327,1678263914439,0,0.1879785358905792,0,2,2,20,0.2717560231685638,0.1953478008508682,0.2083417624235153,-0.53953945,0.53953945,0.38337206333493445,0.020363226532936096,0.0073692649602890015,0.08377748727798459
2,evt_003282,27,2423,1678435806087,0,0.3891266385714213,0,2,2,20,0.3274775147438049,0.3894943296909332,0.2600728273391723,0.26282258533333336,0.28489256133333335,0.20884679970820594,0.12905381123224902,0.0003676911195119037,0.06164912382761645
2,evt_003283,27,2424,1678435815229,1,0.3289188245932261,0,2,2,20,0.2831740379333496,0.3275052607059479,0.2275256961584091,0.20968175,0.20968175,0.1878127692149995,0.10139312843481699,0.001413563887278202,0.04574478665987647
2,evt_003284,27,2425,1678435832157,1,0.4188881516456604,0,2,2,20,0.3500166237354278,0.282316654920578,0.2732115089893341,0.2909646066666666,0.2909646066666666,0.20119529038718728,0.1456766426563263,0.1365714967250824,0.0688715279102326
2,evt_003285,27,2426,1678435857214,0,0.4326965113480885,0,2,2,20,0.3569574058055877,0.2802933752536773,0.2778548300266266,0.31281122,0.31281122,0.2688261244758989,0.15484168132146192,0.1524031360944112,0.0757391055425008
2,evt_003286,27,2428,1678435875395,0,0.40211883187294,0,2,2,20,0.3377463519573211,0.4038338661193847,0.2494819909334182,0.26841401066666665,0.27708998933333334,0.26603343440588106,0.15263684093952182,0.0017150342464447021,0.0643724799156189
2,evt_003287,27,2429,1678435885930,0,0.2872250030438105,0,2,2,20,0.2569264471530914,0.2966857254505157,0.1829894781112671,0.144034951,0.151520933,0.15264583115510005,0.1042355249325434,0.009460722406705202,0.030298555890719114
2,evt_003288,27,2430,1678435897904,1,0.3055942406256993,0,2,2,20,0.2691815197467804,0.3052490055561065,0.1999606490135193,0.16295539476666665,0.20422984276666667,0.24294533470737803,0.10563359161218,0.0003452350695927753,0.03641272087891889
2,evt_003289,27,2431,1678435920376,0,0.5152231852213541,0,2,2,20,0.4847667515277862,0.4161186218261719,0.3735200464725494,0.12273101583333335,0.12828595783333333,0.17041589765442533,0.14170313874880475,0.09910456339518225,0.03045643369356793
2,evt_003290,27,2432,1678435929145,0,0.1564378440380096,0,2,2,20,0.1900219768285751,0.22355417907238,0.1588961035013198,-0.29331066133333333,0.3007242506666667,0.39364984348841564,0.002458259463310214,0.06711633503437042,0.03358413279056552
2,evt_003291,27,2433,1678435935936,0,0.3668419917424519,0,2,2,20,0.334057480096817,0.3615946471691131,0.2636222541332245,0.14064961366666667,0.14064961366666667,0.18605001314642333,0.10321973760922742,0.005247344573338808,0.032784511645634895
2,evt_003409,28,2543,1678521209301,0,0.2178403536478678,0,2,2,20,0.2681359052658081,0.3246320486068725,0.2004714459180832,-0.30031271333333337,0.30031271333333337,0.22474298213626237,0.01736890772978461,0.1067916949590047,0.050295551617940304
2,evt_003410,28,2544,1678521284301,0,0.1524585634469986,0,2,2,20,0.2157106399536132,0.2423816919326782,0.1663462668657302,-0.50448108,0.50448108,0.39754590600573014,0.013887703418731606,0.0899231284856796,0.0632520765066146
2,evt_003411,28,2545,1678521290831,0,0.3406064808368683,0,2,2,20,0.3439160585403442,0.4247624576091766,0.2959779500961303,-0.01605746666666667,0.08941452666666667,0.04549370694904394,0.04462853074073797,0.0841559767723083,0.0033095777034758966
2,evt_003412,28,2546,1678521300606,0,0.2308539052804311,0,2,2,20,0.2780015766620636,0.2152018994092941,0.2004658430814743,-0.25853927666666665,0.25853927666666665,0.06282631273470499,0.03038806219895679,0.015652005871136992,0.047147671381632505
2,evt_003413,28,2430,1678521309282,0,0.2010196397701899,0,2,2,20,0.2449728697538375,0.2773810923099518,0.1835061162710189,-0.26412992333333335,0.26412992333333335,0.09871259711867794,0.017513523499171013,0.07636145253976187,0.04395322998364759
2,evt_003414,28,2547,1678521324353,1,0.3083739082018534,0,2,2,20,0.3042052984237671,0.3273330628871918,0.2514273822307586,0.019002308,0.12550423466666666,0.024217913370606553,0.056946525971094786,0.018959154685338375,0.004168609778086307
2,evt_003415,28,2548,1678521343798,1,0.2413211365540822,0,2,2,20,0.2469301372766494,0.2789963185787201,0.2031100392341613,-0.03004950933333333,0.08479692266666666,0.04630045478190311,0.038211097319920895,0.037675182024637904,0.005609000722567203
2,evt_003416,28,2549,1678521358065,0,0.2298243145147959,0,2,2,20,0.2758703231811523,0.2181178480386734,0.2083295583724975,-0.25204972,0.25204972,0.06742003609881314,0.0214947561422984,0.011706466476122501,0.046046008666356386
2,evt_003417,28,2550,1678521366074,0,0.366534819205602,0,2,2,20,0.4075473546981811,0.4453370571136474,0.3149690926074981,-0.17442939333333332,0.17442939333333332,0.09245117222088799,0.05156572659810388,0.07880223790804541,0.041012535492579105
2,evt_003418,28,2551,1678521393032,0,0.2283863375584284,0,2,2,20,0.2805962264537811,0.3080154955387115,0.2145328074693679,-0.28642074666666667,0.28642074666666667,0.09725687735135934,0.013853530089060512,0.07962915798028308,0.05220988889535266
2,evt_003419,28,2552,1678521400630,0,0.3839709560076396,0,2,2,20,0.444375067949295,0.4947404861450195,0.3524590730667114,-0.25706685333333334,0.25706685333333334,0.09786441529662057,0.03151188294092816,0.11076953013737989,0.0604041119416554
2,evt_003420,28,2553,1678521405646,0,0.240018700559934,0,2,2,20,0.2981438636779785,0.3273489773273468,0.2240017801523208,-0.33149165333333336,0.33149165333333336,0.18307603082680837,0.016016920407613183,0.08733027676741281,0.058125163118044526
2,evt_003421,28,2554,1678521414306,0,0.1937545041243235,0,2,2,20,0.2148382663726806,0.2397581338882446,0.1750952005386352,-0.13157830566666667,0.13157830566666667,0.06163432613794468,0.01865930358568829,0.04600362976392111,0.02108376224835712
2,evt_003422,28,2555,1678521421226,0,0.2102850327889124,0,2,2,20,0.2645334303379059,0.2760277986526489,0.2071736603975296,-0.31601087666666666,0.31601087666666666,0.15201111722240498,0.0031113723913827884,0.06574276586373654,0.05424839754899349
2,evt_003521,29,2648,1678611803045,1,0.3864273329575856,0,2,2,20,0.3183029890060425,0.3890799582004547,0.2469068616628646,0.28545924333333333,0.34168159000000004,0.3160869611200921,0.13952047129472098,0.0026526252428691333,0.0681243439515431
2,evt_003522,29,2649,1678611904443,0,0.3877138992150624,0,2,2,20,0.3404605686664581,0.4021401405334472,0.2441105395555496,0.19326913866666665,0.250474092,0.26590157230380435,0.1436033596595128,0.014426241318384825,0.04725333054860431
2,evt_003523,29,2461,1678611975115,0,0.3539594908555348,0,2,2,20,0.3084829151630401,0.3331057131290436,0.2253416031599044,0.19474245333333332,0.24808296,0.21673776834470054,0.1286178876956304,0.02085377772649122,0.04547657569249469
2,evt_003524,29,2650,1678611987584,0,0.0027673793956637,0,2,2,20,0.0026989767793565,0.003281146287918,0.0019156603375449,0.02712250333333333,0.08281307666666667,0.04214251633454773,0.0008517190581188,0.0005137668922543001,6.840261630720011e-05
2,evt_003525,29,2651,1678612756650,0,0.2921080787976582,0,2,2,20,0.2769794166088104,0.2848279476165771,0.20931077003479,0.07916045866666667,0.1309172186666667,0.04797686683613541,0.0827973087628682,0.0072801311810811176,0.015128662188847786
2,evt_003526,29,2653,1678612842209,1,0.2579804857571919,0,2,2,20,0.204244315624237,0.2846033275127411,0.1595509499311447,0.26675946,0.3218073666666667,0.29377686962239286,0.09842953582604722,0.026622841755549187,0.0537361701329549
2,evt_003527,29,2654,1678612857699,0,0.4423783322175343,0,2,2,20,0.3920525312423706,0.3856285810470581,0.291462630033493,0.20525715666666666,0.2561375633333333,0.22731629399514344,0.15091570218404132,0.056749751170476204,0.050325800975163704
2,evt_003528,29,2655,1678612871756,1,0.4591420292854309,0,2,2,20,0.4029069244861603,0.4420877993106842,0.314930111169815,0.22780818466666666,0.267938522,0.28517824845835527,0.1442119181156159,0.017054229974746704,0.05623510479927063
2,evt_003529,29,2656,1678612884871,0,0.3921720286210378,0,2,2,20,0.3187287151813507,0.3784728944301605,0.2543730735778808,0.3131519606666667,0.3371165993333333,0.34040398759101603,0.13779895504315698,0.01369913419087726,0.07344331343968707
3,evt_000102,0,105,1667726628260,1,0.3654390076796214,0,1,1,20,0.4315837919712066,0.3511861860752105,0.3674201965332031,-0.2884045570866667,0.28903318958,0.21795667449763956,0.001981188853581728,0.014252821604410881,0.06614478429158521
3,evt_000103,0,106,1667726651191,0,0.3274624745051066,0,1,1,20,0.3887781202793121,0.3240903913974762,0.3242320120334625,-0.2775962009626667,0.27762746570400004,0.21037373605786444,0.003230462471644102,0.0033720831076304303,0.06131564577420545
3,evt_000104,0,107,1667726663101,1,0.2803349594275157,0,1,1,20,0.3414734303951263,0.2742302417755127,0.2815897166728973,-0.2972425573,0.2972425573,0.22562398912722287,0.0012547572453815992,0.006104717652002989,0.0611384709676106
3,evt_000105,0,108,1667726674668,0,0.3493074576059977,0,1,1,20,0.4215956926345825,0.331089973449707,0.344577819108963,-0.31349645496666667,0.31392538503333334,0.2269903631738644,0.004729638497034672,0.01821748415629071,0.07228823502858484
3,evt_000106,0,109,1667726689190,1,0.3367882172266642,0,1,1,20,0.4093811213970184,0.3276511132717132,0.3365271985530853,-0.322498170335,0.322498170335,0.24023924979953137,0.0002610186735788611,0.009137103954950987,0.07259290417035419
3,evt_000107,0,110,1667726702303,0,0.347078005472819,0,1,1,20,0.4186001718044281,0.3327220678329468,0.347146987915039,-0.31751875783333333,0.3179758555,0.23958863943428169,6.898244222003358e-05,0.014355937639872196,0.07152216633160913
3,evt_000108,0,111,1667726717523,0,0.344218631585439,0,1,1,20,0.4118761718273163,0.3378595113754272,0.3345149457454681,-0.2973277751666667,0.2974821781666666,0.2118902915082596,0.009703685839970944,0.006359120210011837,0.06765754024187726
3,evt_000109,0,112,1667726735000,0,0.347361962000529,0,1,1,20,0.4179744720458984,0.33805713057518,0.3467163145542145,-0.3104368934333333,0.3113023732333333,0.2302270604641875,0.0006456474463145123,0.009304831425348992,0.07061251004536939
3,evt_000110,0,113,1667726750638,0,0.3380347887674967,0,1,1,20,0.4039833545684814,0.3129234313964844,0.3289034366607666,-0.2934741603,0.2942572597,0.21320032203244388,0.009131352106730106,0.025111357371012333,0.06594856580098468
3,evt_000111,0,114,1667726760824,0,0.31439870595932,0,1,1,20,0.3792564868927002,0.2941232025623321,0.3064939081668854,-0.2977087701,0.29835046989999997,0.2224433739860373,0.007904797792434637,0.020275503396987915,0.06485778093338018
3,evt_000112,0,115,1667726802264,0,0.3008571912844975,0,1,1,20,0.3729753792285919,0.298548012971878,0.302465409040451,-0.3412806954333334,0.3418480379,0.2716379201095508,0.0016082177559534894,0.0023091783126195087,0.07211818794409441
3,evt_000113,0,116,1667726831191,1,0.3180157244205475,0,1,1,20,0.3664435446262359,0.3017029762268066,0.3116976916790008,-0.217877695,0.217877695,0.16376229076156285,0.006318032741546686,0.0163127481937409,0.04842782020568842
3,evt_000114,0,117,1667726853757,0,0.2609808345635732,0,1,1,20,0.3165845572948456,0.2583112418651581,0.2633402049541473,-0.2816875557533333,0.2816875557533333,0.2196821580639026,0.0023593703905741004,0.002669592698415102,0.0556037227312724
3,evt_000115,0,118,1667726872781,0,0.3072115828593572,0,1,1,20,0.3832408487796783,0.300368994474411,0.3117804527282715,-0.35950142586666667,0.3604998608,0.2842666510257696,0.004568869868914305,0.006842588384946169,0.07602926592032111
3,evt_000116,0,119,1667726888277,0,0.3133343408505122,0,1,1,20,0.389580637216568,0.3160306513309479,0.3216952085494995,-0.35873011546666667,0.3596155645333334,0.2866695163669477,0.008360867698987307,0.002696310480435671,0.07624629636605579
3,evt_000222,1,226,1669103374591,0,0.303989181915919,1,3,0,20,0.3034268915653229,0.3358633518218994,0.2474875599145889,-0.0051939191666666535,0.18550031916666665,0.1300811773017985,0.056501622001330104,0.03187416990598041,0.0005622903505961285
3,evt_000223,1,227,1669105739830,1,0.5103842516740164,0,3,1,20,0.4628991186618805,0.5171259641647339,0.3890800476074219,0.1929983585666667,0.24622455190000003,0.29305897930782887,0.12130420406659448,0.006741712490717533,0.04748513301213586
3,evt_000224,1,228,1669105779625,1,0.4219664633274078,0,3,1,20,0.3540925085544586,0.4273354709148407,0.2864708602428436,0.27581775589999996,0.34191632256666665,0.41363419048278877,0.1354956030845642,0.005369007587432917,0.06787395477294916
3,evt_000225,1,229,1669105824526,0,0.3570521374543507,1,3,1,20,0.3338994681835174,0.3933131992816925,0.2672118842601776,0.09485516556666668,0.22029923890000003,0.19208089450922022,0.0898402531941731,0.03626106182734179,0.023152669270833315
3,evt_000226,1,230,1669105833852,0,0.373514990011851,0,3,1,20,0.3483405113220215,0.3960542976856231,0.2832543551921844,0.09933549259999996,0.2594244059333333,0.2186423801794189,0.09026063481966662,0.022539307673772102,0.025174478689829527
3,evt_000227,1,231,1669105850381,1,0.4767747024695078,0,3,1,20,0.4672420024871826,0.494835764169693,0.3912830352783203,0.03774610916666667,0.17636764916666667,0.13147308103484942,0.0854916671911875,0.018061061700185177,0.009532699982325199
3,evt_000228,1,232,1669105885760,0,0.3491065204143524,0,3,1,20,0.3628810942173004,0.3904942572116852,0.2964980602264404,-0.06374670383333335,0.12470919616666666,0.11731531866191289,0.05260846018791204,0.041387736797332764,0.013774573802947998
3,evt_000229,1,233,1669105929301,0,0.3707221945126851,0,3,1,20,0.3647914826869964,0.3973912894725799,0.3006503283977508,0.02122995666666667,0.16463597,0.11839239839479421,0.07007186611493432,0.02666909495989478,0.005930711825688717
3,evt_000230,1,234,1669105936050,1,0.3548587063948313,0,3,1,20,0.3736762702465057,0.4455711543560028,0.3019691705703735,-0.08270984856666667,0.08426569943333333,0.089444490069954,0.05288953582445782,0.0907124479611715,0.01881756385167438
3,evt_000231,1,235,1669105992502,0,0.4288836022218068,0,3,1,20,0.3948694169521332,0.4010726511478424,0.3271801471710205,0.13596929913333336,0.2573246724666667,0.24580578196534192,0.10170345505078632,0.02781095107396442,0.03401418526967365
3,evt_000232,1,236,1669106002414,1,0.3379403948783874,0,3,1,20,0.3322095572948456,0.393038272857666,0.26666459441185,0.015964884866666678,0.2167651515333333,0.1523468765825435,0.07127580046653742,0.05509787797927862,0.005730837583541815
3,evt_000355,2,203,1669362491082,0,0.2799439032872517,1,3,0,20,0.3392236530780792,0.2792935073375702,0.2813811600208282,-0.2924133086,0.2924133086,0.2205649838816545,0.0014372567335764752,0.0006503959496815259,0.05927974979082751
3,evt_000258,2,263,1669362504211,0,0.3302655418713887,0,3,1,20,0.3929460346698761,0.4212150871753692,0.3289394080638885,-0.2836503965333333,0.2836503965333333,0.22823199130551725,0.001326133807500185,0.09094954530398053,0.06268049279848742
3,evt_000287,2,293,1669362510098,1,0.2721057186524073,0,3,1,20,0.3133244216442108,0.3238305747509002,0.252110093832016,-0.20292390456666665,0.20292390456666665,0.15316503165257395,0.0199956248203913,0.05172485609849292,0.041218702991803524
3,evt_000278,2,284,1669362552415,0,0.3447401821613312,0,3,1,20,0.3986088037490845,0.346924751996994,0.3320762813091278,-0.2435853158,0.2435853158,0.22294639940284608,0.01266390085220337,0.002184569835662842,0.053868621587753296
3,evt_000368,2,325,1669362607196,1,0.3735111653804779,0,3,1,20,0.4314670264720917,0.3810244500637054,0.3709161281585693,-0.24592566453333334,0.24592566453333334,0.21376099479138055,0.002595037221908625,0.0075132846832274836,0.05795586109161377
3,evt_000260,2,265,1669362646995,0,0.2063350131114324,0,3,1,20,0.2522680461406708,0.2102012634277343,0.1999472379684448,-0.28132829779999996,0.28132829779999996,0.2432447218705118,0.006387775142987606,0.003866250316301889,0.045933033029238374
3,evt_000271,2,277,1669362661768,0,0.3485160072644551,0,3,1,20,0.4108355939388275,0.3420419692993164,0.3403314054012298,-0.27527088483333334,0.27527088483333334,0.23274248098104422,0.008184601863225283,0.006474037965138679,0.06231958667437243
3,evt_000383,2,340,1669362677298,0,0.2911218007405599,0,3,1,20,0.3433806002140045,0.3250304758548736,0.2748753130435943,-0.2547828080566667,0.2547828080566667,0.2148762070475121,0.016246487696965572,0.033908675114313724,0.05225879947344464
3,evt_000373,2,330,1669362692589,0,0.3014273395140965,0,3,1,20,0.354592353105545,0.3049333393573761,0.2840152084827423,-0.25349350223333333,0.25349350223333333,0.20447545396738118,0.017412131031354194,0.0035059998432795947,0.053165013591448484
3,evt_000374,2,331,1669362739153,1,0.3072829494873683,0,3,1,20,0.3734852969646454,0.2977508306503296,0.3050720691680908,-0.3094563411,0.3094563411,0.24707505267377214,0.002210880319277464,0.009532118837038694,0.0662023474772771
3,evt_000376,2,333,1669362788403,0,0.3156530757745107,0,3,1,20,0.367139458656311,0.3604035079479217,0.3137246072292328,-0.2339366816,0.2339366816,0.18035937252573359,0.001928468545277895,0.044750432173411014,0.0514863828818003
3,evt_000261,2,266,1669362791463,0,0.2410103380680084,0,3,1,20,0.287283331155777,0.2407236099243164,0.2339744120836258,-0.24377475936666668,0.24377475936666668,0.18920102136834382,0.007035925984382602,0.00028672814369198885,0.04627299308776858
3,evt_000283,2,289,1669362826957,0,0.2929414759079615,0,3,1,20,0.3577225506305694,0.3642383515834808,0.2878182530403137,-0.31421612623333334,0.31421612623333334,0.25173420193317664,0.00512322286764777,0.07129687567551929,0.06478107472260791
3,evt_000388,2,345,1669362847228,1,0.3564500212669372,0,3,1,20,0.4145952463150024,0.4393301010131836,0.3515357077121734,-0.25010202913333335,0.25010202913333335,0.19661878473225577,0.004914313554763794,0.0828800797462464,0.058145225048065186
3,evt_000474,3,384,1669621849449,1,0.3886052966117859,0,1,1,20,0.4260279834270477,0.3816585540771484,0.3538300991058349,-0.1578585981,0.15861563523333333,0.11141256249374624,0.03477519750595098,0.006946742534637507,0.037422686815261785
3,evt_000475,3,385,1669621875898,0,0.3509227136770884,0,1,1,20,0.3770012855529785,0.3455225229263305,0.3108820915222168,-0.11607399813333334,0.11735562186666666,0.08541528738304109,0.040040622154871586,0.005400190750757872,0.026078571875890133
3,evt_000476,3,386,1669621892256,1,0.2867725988229115,0,1,1,20,0.3236236870288849,0.2935164272785187,0.2640679776668548,-0.17849007244666668,0.17849007244666668,0.12635679609963765,0.022704621156056704,0.00674382845560717,0.03685108820597338
3,evt_000477,3,387,1669621917519,1,0.3512571950753529,0,1,1,20,0.3690779209136963,0.3372057676315307,0.2979341745376587,-0.0790425954,0.0801020206,0.08826137558958552,0.05332302053769422,0.014051427443822206,0.017820725838343376
3,evt_000478,3,388,1669621930188,0,0.4113213717937469,0,1,1,20,0.4282051622867584,0.4036784470081329,0.357156366109848,-0.07091885516666667,0.0718464915,0.0782899812204364,0.05416500568389887,0.007642924785614014,0.01688379049301153
3,evt_000479,3,389,1669621937476,1,0.3581518630186717,0,1,1,20,0.3800545632839203,0.3567418754100799,0.307138442993164,-0.0975240391,0.09909864556666666,0.10934478992590395,0.05101342002550768,0.0014099876085917895,0.021902700265248598
3,evt_000480,3,390,1669621969364,1,0.3510118921597798,0,1,1,20,0.3875430524349212,0.348778486251831,0.3281010091304779,-0.16005816272133333,0.160066670612,0.1189424164162057,0.022910883029301887,0.0022334059079487933,0.03653116027514142
3,evt_000481,3,391,1669622012221,1,0.3610665301481883,0,1,1,20,0.4125044643878937,0.36601722240448,0.3449942171573639,-0.22936970071333332,0.23001207262,0.2050792196017984,0.0160723129908244,0.004950692256291689,0.051437934239705385
3,evt_000482,3,392,1669622050393,1,0.4215332468350728,0,1,1,20,0.4225932657718658,0.3817863464355469,0.3608134686946869,-0.005695380199999998,0.0960113802,0.06774068531551991,0.06071977814038593,0.03974690039952594,0.0010600189367929724
3,evt_000483,3,109,1669622099500,1,0.4241602023442586,0,1,1,20,0.4135802686214447,0.3816280364990234,0.3405384123325348,0.04292855489,0.11247448155666666,0.09468263815690858,0.08362179001172382,0.042532165845235226,0.010579933722813906
3,evt_000484,3,393,1669622114495,1,0.4485561450322469,0,1,1,20,0.4523729383945465,0.3926261365413666,0.3788768053054809,-0.01680897656666666,0.10228489010000001,0.0740956737488355,0.06967933972676599,0.05593000849088031,0.0038167933622996197
3,evt_000611,4,453,1669794768638,1,0.4363191723823547,0,1,1,20,0.3598181307315826,0.3470578193664551,0.2959419190883636,0.31815963783333334,0.31815963783333334,0.34477106491668724,0.1403772532939911,0.0892613530158996,0.0765010416507721
3,evt_000612,4,454,1669794810449,1,0.5037776231765747,0,1,1,20,0.421919971704483,0.4095098078250885,0.3475282192230224,0.33184284746666665,0.33184284746666665,0.31428371290843204,0.1562494039535523,0.0942678153514862,0.08185765147209173
3,evt_000613,4,455,1669794841501,0,0.4451799591382344,0,1,1,20,0.3710067570209503,0.3778823912143707,0.3022755980491638,0.3083337955,0.3083337955,0.32405989763854504,0.14290436108907056,0.06729756792386365,0.07417320211728406
3,evt_000614,4,456,1669794848202,1,0.4798027873039245,0,1,1,20,0.4224860668182373,0.4066721200942993,0.3541669845581054,0.23310736541666666,0.23310736541666666,0.20324613354606774,0.1256358027458191,0.07313066720962519,0.0573167204856872
3,evt_000615,4,457,1669794888121,1,0.4767322341601054,0,1,1,20,0.4199422597885132,0.4147991836071014,0.353996992111206,0.23046953021666663,0.23101773645,0.24929477886684226,0.1227352420488994,0.06193305055300402,0.05678997437159222
3,evt_000616,4,458,1669794921060,1,0.464957187573115,0,1,1,20,0.4093652963638305,0.4226754605770111,0.3404633998870849,0.22663391860666668,0.22663391860666668,0.239421449103398,0.12449378768603009,0.042281726996103886,0.05559189120928448
3,evt_000617,4,459,1669794955635,1,0.4553110400835673,0,1,1,20,0.3852405250072479,0.3659226894378662,0.3129868805408478,0.2882275798,0.2882275798,0.3225130601547324,0.14232415954271954,0.08938835064570111,0.0700705150763194
3,evt_000618,4,460,1669795003412,1,0.4223311245441437,0,1,1,20,0.3724603354930877,0.4289216101169586,0.3009256422519684,0.20762792723333334,0.20762792723333334,0.25136670170949554,0.12140548229217529,0.006590485572814941,0.049870789051055964
3,evt_000619,4,461,1669795053023,0,0.5822077393531799,0,1,1,20,0.5629952549934387,0.5981286764144897,0.494559496641159,0.08303563186666668,0.14954520813333333,0.1464253015953983,0.08764824271202093,0.015920937061309814,0.01921248435974121
3,evt_000620,4,462,1669795066353,1,0.417757640282313,1,1,1,20,0.3773169219493866,0.3723387420177459,0.3184728920459747,0.17237411693333335,0.17237411693333335,0.16480442973165763,0.09928474823633832,0.045418898264567076,0.040440718332926395
3,evt_000621,4,463,1669795122919,0,0.4498669405778249,0,1,1,20,0.3823094666004181,0.4319535195827484,0.3120333850383758,0.2778111017166667,0.2778111017166667,0.346969728043478,0.1378335555394491,0.01791342099507648,0.0675574739774068
3,evt_000622,4,464,1669795159179,0,0.455242395401001,0,1,1,20,0.414268285036087,0.3974077999591827,0.3407615125179291,0.16456221073333335,0.2198247892666667,0.2541878506845412,0.1144808828830719,0.05783459544181829,0.040974110364913996
3,evt_000623,4,465,1669795175271,1,0.4524378975232442,0,1,1,20,0.4227268695831299,0.4239940643310547,0.3555261194705963,0.11981680416666667,0.15431687583333334,0.18281218230600768,0.09691177805264789,0.028443833192189516,0.02971102794011432
3,evt_000624,4,466,1669795214724,0,0.4600802262624104,0,1,1,20,0.3950408399105072,0.3651534616947174,0.3274877071380615,0.26614771704333334,0.26652781628999994,0.3133843639411509,0.13259251912434888,0.094926764567693,0.0650393863519032
3,evt_000625,4,467,1669795226173,1,0.4134030044078827,0,1,1,20,0.3801744282245636,0.3884913921356201,0.3122659027576446,0.13727813093333333,0.1749664824,0.20864060471999327,0.10113710165023809,0.024911612272262573,0.03322857618331909
3,evt_000745,5,549,1669966567467,1,0.424952487150828,0,1,1,20,0.3384986221790313,0.4222199022769928,0.2712091505527496,0.3626027218666667,0.3626027218666667,0.3988220645944434,0.15374333659807843,0.0027325848738352088,0.08645386497179669
3,evt_000746,5,550,1669966617480,1,0.4341782033443451,0,1,1,20,0.3737422525882721,0.4462691247463226,0.3050450980663299,0.2502992705,0.2502992705,0.30715525395079163,0.1291331052780152,0.012090921401977484,0.060435950756073
3,evt_000747,5,551,1669966650926,0,0.4933520356814067,0,1,1,20,0.4162915647029876,0.4965637922286987,0.3446981906890869,0.3130909220666667,0.3130909220666667,0.37678349584574383,0.14865384499231976,0.0032117565472919996,0.07706047097841906
3,evt_000748,5,552,1669966665293,1,0.4301006495952606,0,1,1,20,0.3805910646915436,0.4458555281162262,0.3097926676273346,0.20011012143733334,0.230193268104,0.2941888122847544,0.12030798196792603,0.015754878520965576,0.04950958490371704
3,evt_000749,5,364,1669966715870,1,0.4130654533704122,1,1,1,20,0.3571317195892334,0.4035447835922241,0.2888008654117584,0.23394393396666666,0.23394393396666666,0.27657954321786926,0.12426458795865375,0.009520669778188051,0.055933733781178774
3,evt_000750,5,553,1669966819014,1,0.4234827955563863,0,1,1,20,0.351954847574234,0.4479641020298004,0.286672443151474,0.29847806178499997,0.2984857248816667,0.33932922960113293,0.1368103524049123,0.02448130647341412,0.07152794798215228
3,evt_000751,5,554,1669967158460,0,0.4147480726242065,0,1,1,20,0.4079640805721283,0.4672300815582275,0.3427747189998626,0.02461347533333333,0.114898002,0.08555162504964375,0.07197335362434387,0.052482008934020996,0.0067839920520781916
3,evt_000752,5,555,1669967304947,0,0.4627195298671722,0,1,1,20,0.4109685122966766,0.4937621653079986,0.3438473641872406,0.21226223596666668,0.21226223596666668,0.15304424176693238,0.11887216567993159,0.031042635440826416,0.051751017570495605
3,evt_000753,5,556,1669967318304,0,0.440752774477005,0,1,1,20,0.3630613088607788,0.4415915906429291,0.2951512038707733,0.32118144916,0.32118144916,0.3347162536998966,0.1456015706062317,0.0008388161659240723,0.0776914656162262
3,evt_000754,5,557,1669967329090,1,0.543109138806661,0,1,1,20,0.4567471742630005,0.5443304181098938,0.3827863931655884,0.3536116569,0.3536116569,0.3865339434501929,0.16032274564107263,0.0012212793032327918,0.08636196454366052
3,evt_000755,5,558,1669967381551,1,0.5225201447804769,0,1,1,20,0.4711734354496002,0.5478427410125732,0.3963868319988251,0.20660242729333334,0.20664989937333336,0.2501774426928016,0.12613331278165185,0.025322596232096317,0.051346709330876705
3,evt_000756,5,559,1669967426225,1,0.5427764455477396,0,1,1,20,0.4544192552566528,0.5361756682395935,0.3820486962795257,0.36057124599999996,0.36128482733333334,0.3796178541039006,0.16072774926821393,0.006600777308146122,0.08835719029108685
3,evt_000757,5,560,1669967460380,0,0.5001441737016042,0,1,1,20,0.4350768327713012,0.5123657584190369,0.3625119030475616,0.26305347918666666,0.26324500748,0.28980771223367013,0.13763227065404265,0.012221584717432621,0.06506734093030303
3,evt_000813,6,297,1670137371760,1,0.2831992606321971,1,0,0,20,0.344491571187973,0.273227334022522,0.2830459177494049,-0.2953281644066667,0.29560590226,0.22209889707558442,0.00015334288279217345,0.009971926609675108,0.06129231055577594
3,evt_000814,6,254,1670137407952,0,0.2236599127451578,1,0,0,20,0.2902423441410064,0.2226343005895614,0.2326044589281082,-0.3679607727,0.3679607727,0.29698950171888394,0.008944546182950375,0.001025612155596406,0.0665824313958486
3,evt_000815,6,255,1670137422123,1,0.2425647974014282,1,0,0,20,0.3036036789417267,0.2369741946458816,0.2458859086036682,-0.32369190061,0.32369190061,0.25165131695248427,0.003321111202240018,0.005590602755546598,0.06103888154029849
3,evt_000816,6,174,1670137467480,1,0.2451341698567072,1,0,0,20,0.3081825971603393,0.239261582493782,0.248673141002655,-0.32791528033333334,0.32791528033333334,0.2463874953579667,0.0035389711459478113,0.005872587362925202,0.06304842730363211
3,evt_000916,7,631,1670157505640,0,0.3391289015611012,0,1,1,20,0.4087575376033783,0.3902488648891449,0.3387663662433624,-0.3141635624533334,0.31445424421333334,0.23794010481046352,0.0003625353177387769,0.051119963328043694,0.06962863604227709
3,evt_000917,7,632,1670157541098,0,0.299447367588679,0,1,1,20,0.345672607421875,0.4062892496585846,0.2787320613861084,-0.21570732532,0.21570732532,0.15233927711969436,0.020715306202570616,0.10684188206990558,0.046225239833195986
3,evt_000918,7,633,1670157588069,0,0.325388212998708,0,1,1,20,0.3577452600002289,0.3904992043972015,0.2918654680252075,-0.1498512108,0.15065655586666668,0.15253589454581004,0.033522744973500496,0.06511099139849347,0.03235704700152087
3,evt_000919,7,634,1670157655144,0,0.4152821103731791,0,1,1,20,0.4454136788845062,0.3711244761943817,0.3672854602336883,-0.12477441643333333,0.1256087729,0.1602544879802173,0.04799665013949078,0.04415763417879737,0.030131568511327145
3,evt_000920,7,635,1670157664118,0,0.3544426560401916,0,1,1,20,0.3715138435363769,0.3865424692630768,0.3025778234004974,-0.07813347633333333,0.14487773699999998,0.13980392355267346,0.051864832639694214,0.03209981322288519,0.017071187496185303
3,evt_000921,7,636,1670157673191,0,0.2597149560848872,0,1,1,20,0.2850795984268188,0.2615099847316742,0.2270423918962478,-0.137509486768,0.13756532656533335,0.14419340566071975,0.0326725641886394,0.0017950286467869891,0.025364642341931587
3,evt_000922,7,637,1670157696603,0,0.4650709132353465,0,1,1,20,0.4813445508480072,0.4164427518844604,0.4073895514011383,-0.06598099386666666,0.11656380613333332,0.11522577052940756,0.05768136183420819,0.0486281613508861,0.016273637612660707
3,evt_000923,7,89,1670157758059,0,0.3239279488722483,1,1,1,20,0.3494805991649627,0.3250143527984619,0.2805006504058838,-0.11889732113333333,0.11955494353333333,0.1531040840994919,0.043427298466364506,0.0010864039262136194,0.02555265029271442
3,evt_000924,7,638,1670157818037,0,0.2815370907386144,0,1,1,20,0.3054472208023071,0.3419297635555267,0.2522678673267364,-0.12107931043333332,0.12219793223333332,0.14782591064870398,0.029269223411877987,0.060392672816912296,0.02391013006369269
3,evt_000925,7,639,1670157876966,0,0.3603217303752899,0,1,1,20,0.3811159133911133,0.3655377924442291,0.3073723316192627,-0.09360340926666666,0.12217739073333334,0.1434154329502167,0.05294939875602722,0.005216062068939209,0.020794183015823364
3,evt_000926,7,640,1670157886386,0,0.2945444285869598,0,1,1,20,0.3140747249126434,0.3110752403736114,0.2499491721391677,-0.09877957403333333,0.12050732596666665,0.1478950279984462,0.04459525644779208,0.01653081178665161,0.019530296325683594
3,evt_000927,7,641,1670157919898,0,0.420797715584437,0,1,1,20,0.4384825527667999,0.4023985862731933,0.3593650162220001,-0.0747568092,0.1539665241333333,0.14190566468365884,0.06143269936243689,0.01839912931124371,0.01768483718236291
3,evt_000928,7,642,1670157987044,0,0.2525104135274887,0,1,1,20,0.271706223487854,0.3091768324375152,0.2204990833997726,-0.10469095502666666,0.10745169164000001,0.14903752926198027,0.03201133012771612,0.056666418910026495,0.019195809960365295
3,evt_001046,8,212,1670399708253,0,0.2927668790022532,1,3,0,20,0.2734545767307281,0.2480177879333496,0.2219291478395462,0.08593735666666667,0.13305445666666665,0.14079584781188834,0.07083773116270697,0.04474909106890357,0.019312302271525084
3,evt_001047,8,226,1670399761056,0,0.3333892623583476,1,3,0,20,0.3080567121505737,0.2715204954147339,0.2519276142120361,0.1146950117,0.11598070303333334,0.1606525405598738,0.08146164814631152,0.06186876694361371,0.02533255020777392
3,evt_001048,8,696,1670399769029,0,0.4551066954930623,0,3,1,20,0.4075255393981933,0.3805587291717529,0.3406847715377807,0.1925650454,0.1925650454,0.23383853673805272,0.11442192395528161,0.07454796632130944,0.047581156094869015
3,evt_001049,8,697,1670399784256,0,0.4674970706303914,0,3,1,20,0.3940505087375641,0.397214263677597,0.3207887709140777,0.29899430913333336,0.29899430913333336,0.3569805066079901,0.14670829971631372,0.07028280695279443,0.07344656189282733
3,evt_001050,8,698,1670399837744,1,0.4082089364528656,0,3,1,20,0.3369790017604828,0.3662285506725311,0.2724824249744415,0.3012830552666667,0.3012830552666667,0.3226104916971115,0.13572651147842413,0.04198038578033453,0.07122993469238281
3,evt_001051,8,641,1670400510585,0,0.4977099597454071,0,1,1,20,0.4175282418727875,0.3935067653656006,0.3405950963497162,0.3253435283333333,0.3253435283333333,0.3480802625645506,0.15711486339569092,0.10420319437980652,0.08018171787261963
3,evt_001052,8,699,1670400540951,0,0.3033338089783986,0,1,1,20,0.2725675106048584,0.2624386847019195,0.2220825552940368,0.1483505888,0.1483505888,0.20147263893723497,0.08125125368436181,0.04089512427647912,0.030766298373540224
3,evt_001053,8,700,1670400571945,0,0.4096914331118266,0,1,1,20,0.4264793395996094,0.4157278835773468,0.3591153621673584,-0.06993665892333334,0.07019677441000001,0.07585018418139937,0.0505760709444682,0.0060364504655202045,0.016787906487782778
3,evt_001054,8,701,1670400602187,1,0.3941058814525604,0,1,1,20,0.4028309285640716,0.3420533239841461,0.3383844792842865,-0.03875567121,0.08643259787666667,0.07725156413248051,0.055721402168273926,0.05205255746841431,0.008725047111511175
3,evt_001055,8,702,1670400634407,0,0.3707700272401174,0,1,1,20,0.383544772863388,0.3665112257003784,0.3128432631492615,-0.05912833266666667,0.10704300733333333,0.10438153003617713,0.0579267640908559,0.0042588015397389545,0.012774745623270634
3,evt_001056,8,703,1670400726106,0,0.371184637149175,0,1,1,20,0.3759335577487945,0.3685719668865204,0.3050332069396972,-0.02119954533333333,0.06707228133333333,0.05324878153174828,0.06615143020947778,0.002612670262654604,0.0047489205996195105
3,evt_001057,8,704,1670400742314,0,0.3790721595287323,0,1,1,20,0.3785523474216461,0.3824444711208343,0.3134545087814331,0.000609671433333329,0.08885723143333334,0.06206803720439684,0.0656176507472992,0.0033723115921019953,0.0005198121070861816
3,evt_001058,8,705,1670400797130,1,0.4259214699268341,0,1,1,20,0.424273133277893,0.4487084448337555,0.3510907888412475,0.006170799899999996,0.08309517323333333,0.05844698322283568,0.0748306810855866,0.022786974906921387,0.0016483366489410956
3,evt_001161,9,149,1670417157654,1,0.3246805568536122,1,0,0,20,0.3140656948089599,0.32476806640625,0.2671814262866974,0.047820209999999995,0.050544976666666665,0.03294379076937092,0.0574991305669148,8.750955263781002e-05,0.010614862044652285
3,evt_001162,9,164,1670417203411,0,0.3475376764933268,1,0,0,20,0.331055998802185,0.347512274980545,0.2736839354038238,0.070771395,0.072838217,0.09380847700092082,0.07385374108950299,2.5401512781797475e-05,0.016481677691141783
3,evt_001163,9,255,1670417771602,0,0.3894665439923604,1,0,0,20,0.3328820765018463,0.390589565038681,0.273112416267395,0.24319381076666668,0.24382744256666666,0.2291051130380889,0.1163541277249654,0.0011230210463205603,0.0565844674905141
3,evt_001164,9,301,1670417794620,0,0.3165950576464335,1,0,0,20,0.2823130190372467,0.3185534179210663,0.2296394854784011,0.15258926973333334,0.15799783693333333,0.21770685344742002,0.08695557216803237,0.001958360274632809,0.03428203860918677
3,evt_001165,9,258,1670417866157,0,0.3577325244744618,1,0,0,20,0.3328248560428619,0.3589517176151275,0.2747058570384979,0.10524055833333333,0.11745115500000002,0.15318069202836207,0.08302666743596387,0.0012191931406657086,0.024907668431599916
3,evt_001166,9,295,1670417883604,0,0.4092869758605957,1,0,0,20,0.3374718725681305,0.4031310975551605,0.2761312127113342,0.30389158882666667,0.3041344045066667,0.28333451035047624,0.13315576314926153,0.006155878305435181,0.07181510329246521
3,evt_001167,9,307,1670417894019,0,0.2885611752669016,1,0,0,20,0.2724959552288055,0.2880216538906097,0.225290909409523,0.0757591693,0.07753021263333333,0.10706298058629311,0.0632702658573786,0.0005395213762919293,0.01606522003809613
3,evt_001168,9,172,1670417952705,1,0.3241247336069743,1,0,0,20,0.3017764091491699,0.3226344883441925,0.247951790690422,0.1006838056,0.1029876884,0.13581754875045088,0.0761729429165523,0.0014902452627817975,0.02234832445780438
3,evt_001169,9,315,1670418011357,0,0.3213081161181132,1,0,0,20,0.2957737743854522,0.3216005265712738,0.2470570057630539,0.11793624816666666,0.11912466250000002,0.1144031086987138,0.07425111035505932,0.00029241045316058534,0.025534341732661003
3,evt_001170,9,298,1670418055635,1,0.2844080328941345,1,0,0,20,0.2618844211101532,0.2843528389930725,0.2181854248046875,0.1112266185,0.11259012149999999,0.10223570963746796,0.06622260808944702,5.519390106201172e-05,0.022523611783981323
3,evt_001171,9,303,1670418114682,1,0.3960613509019215,1,0,0,20,0.3397508561611175,0.3882807195186615,0.280092716217041,0.23934420383333332,0.2402788895,0.21853832385304933,0.1159686346848805,0.007780631383260017,0.05631049474080402
3,evt_001276,10,867,1670490243308,1,0.473581572373708,0,1,1,20,0.4990619421005249,0.5151443481445312,0.4296943843364715,-0.10264775990000001,0.1027996241,0.08073397676780172,0.04388718803723651,0.041562775770823235,0.025480369726816887
3,evt_001277,10,868,1670490266346,1,0.3844166298707326,0,1,1,20,0.4035257399082184,0.4407506883144378,0.3355706036090851,-0.08107681499000001,0.08169111501,0.08835591649099353,0.048846026261647524,0.056334058443705204,0.019109110037485777
3,evt_001278,10,869,1670490319829,0,0.4003613293170929,0,1,1,20,0.4253478050231933,0.4665088951587677,0.348027229309082,-0.10661721049999999,0.10789215149999999,0.11674787238744799,0.05233410000801092,0.0661475658416748,0.02498647570610041
3,evt_001279,10,870,1670490334435,0,0.3280113935470581,0,1,1,20,0.3499897718429565,0.3714450299739837,0.2942096292972564,-0.10015318557666668,0.10015318557666668,0.0860848902169923,0.03380176424980169,0.043433636426925604,0.021978378295898382
3,evt_001280,10,871,1670490365753,1,0.3865777750809987,0,1,1,20,0.4162342250347137,0.4307521879673004,0.3520554006099701,-0.12536175642333333,0.12566550357666664,0.091231932063405,0.03452237447102863,0.044174412886301695,0.02965644995371497
3,evt_001281,10,872,1670490391174,0,0.3410053253173828,0,1,1,20,0.3534564077854156,0.3323283493518829,0.2894833385944366,-0.05705160576666666,0.08939079423333333,0.09404848324228432,0.05152198672294622,0.008676975965499933,0.012451082468032781
3,evt_001282,10,873,1670490398205,1,0.3171641031901042,0,1,1,20,0.3461823463439941,0.3738256692886352,0.2799141407012939,-0.1363567274666667,0.13750617253333333,0.10005777288061281,0.037249962488810295,0.05666156609853101,0.0290182431538899
3,evt_001283,10,874,1670490428382,0,0.4040147264798482,0,1,1,20,0.4412886202335357,0.462151437997818,0.3688470125198364,-0.15651935676666665,0.1568354099,0.1149951432988927,0.03516771396001178,0.058136711517969786,0.037273893753687504
3,evt_001284,10,115,1670490432091,1,0.35458904504776,0,1,1,20,0.3782228529453277,0.4038622379302978,0.3076780140399933,-0.10431698760000001,0.10507328973333334,0.08933789320709895,0.046911031007766724,0.049273192882537786,0.023633807897567694
3,evt_001285,10,875,1670490667751,0,0.4120250642299652,0,1,1,20,0.4350366592407226,0.4637385308742523,0.3613377809524536,-0.09585311150000002,0.09672903916666668,0.07295665872897097,0.0506872832775116,0.05171346664428711,0.02301159501075739
3,evt_001286,10,876,1670490722560,1,0.3658990164597829,0,1,1,20,0.3900167047977447,0.3881874978542328,0.3253688216209411,-0.10415756088666667,0.10415756088666667,0.08991699893503988,0.04053019483884179,0.02228848139444989,0.024117688337961796
3,evt_001287,10,877,1670490771487,1,0.3672619163990021,0,1,1,20,0.3898336589336395,0.4138383567333221,0.32868292927742,-0.09916432702333333,0.09938621297666667,0.10045850176869173,0.03857898712158209,0.04657644033432001,0.02257174253463745
3,evt_001404,11,943,1670593790560,1,0.5125795702139536,0,1,1,20,0.4193262159824371,0.5129137635231018,0.3495291471481323,0.3808825594,0.3808825594,0.4170350169314425,0.1630504230658213,0.0003341933091481897,0.09325335423151654
3,evt_001405,11,944,1670594714148,0,0.4086534281571706,0,1,1,20,0.3608223497867584,0.4143483340740204,0.3026364743709564,0.19501874792666665,0.20053515874000002,0.277766626905113,0.10601695378621417,0.005694905916849791,0.04783107837041217
3,evt_001406,11,945,1670594737866,1,0.5128670930862427,0,1,1,20,0.4047935009002685,0.5167233943939209,0.333566814661026,0.44123777603333325,0.44123777603333325,0.4281931171561876,0.17930027842521667,0.0038563013076782227,0.10807359218597418
3,evt_001407,11,946,1670594795578,0,0.3671371142069499,0,1,1,20,0.2918310463428497,0.3721822202205658,0.2342346310615539,0.3207450433833333,0.3209240032833333,0.38093743382507517,0.132902483145396,0.005045106013615908,0.07530606786410021
3,evt_001408,11,947,1670594798977,0,0.5322361389795939,0,1,1,20,0.4470994472503662,0.5182388424873352,0.379906415939331,0.3445976968,0.3445976968,0.3414285316041451,0.15232972304026288,0.01399729649225867,0.08513669172922766
3,evt_001409,11,948,1670594844392,1,0.541531890630722,0,1,1,20,0.4440418779850006,0.54278564453125,0.3675765693187713,0.3985744098,0.3985744098,0.429677397225481,0.17395532131195074,0.001253753900527954,0.09749001264572144
3,evt_001410,11,949,1670594892086,1,0.5346707304318746,0,1,1,20,0.4902565479278564,0.5680316686630249,0.4137816131114959,0.17803723083333334,0.17803723083333334,0.13292344877450227,0.12088911732037871,0.03336093823115027,0.04441418250401824
3,evt_001411,11,950,1670594913275,0,0.4572254916032155,0,1,1,20,0.383613109588623,0.4335348904132843,0.3182389438152313,0.3000182753733333,0.3000182753733333,0.34756015403881985,0.1389865477879842,0.023690601189931215,0.07361238201459253
3,evt_001412,11,951,1670594926450,1,0.4970025916894277,0,1,1,20,0.3956532180309295,0.4597513675689697,0.3232191503047943,0.41576908486666664,0.41576908486666664,0.44139583540729166,0.17378344138463336,0.03725122412045795,0.10134937365849817
3,evt_001413,11,952,1670594975246,1,0.5915488203366598,0,1,1,20,0.4960294067859649,0.5849592089653015,0.4177844226360321,0.39432035893333334,0.39432035893333334,0.38080853971145057,0.17376439770062768,0.006589611371358273,0.09551941355069488
3,evt_001414,11,953,1670595013007,1,0.3810732165972392,0,1,1,20,0.359177678823471,0.4049812853336334,0.3016318380832672,0.09174854998999998,0.09205222267666667,0.11355108730098437,0.07944137851397198,0.023908068736394228,0.02189553777376818
3,evt_001415,11,954,1670595056228,1,0.5071913500626882,0,1,1,20,0.3957641422748565,0.4936271607875824,0.3242481052875519,0.45743994400000004,0.45743994400000004,0.4725297715581593,0.18294324477513635,0.013564189275105831,0.11142720778783172
3,evt_001416,11,955,1670595095590,0,0.43209969997406,0,1,1,20,0.3238520324230194,0.4281854331493377,0.2600671947002411,0.45813451666666666,0.45813451666666666,0.47368241927943755,0.17203250527381891,0.00391426682472229,0.1082476675510406
3,evt_001529,12,1018,1670746119411,0,0.4403176208337148,0,1,1,20,0.450609803199768,0.424261599779129,0.3837246000766754,-0.044472407533333334,0.17181237420000003,0.1309155376872167,0.05659302075703937,0.016056021054585812,0.010292182366053226
3,evt_001530,12,1019,1670746130059,1,0.4395476579666137,0,1,1,20,0.3896497786045074,0.4407565593719482,0.3184736669063568,0.1968877194433333,0.37525986611,0.35800770783253716,0.1210739910602569,0.0012089014053344727,0.04989787936210632
3,evt_001531,12,1020,1670746151979,0,0.5086665153503418,0,1,1,20,0.4820492565631866,0.5122191309928894,0.4067685604095459,0.10826245898333332,0.2905989076833333,0.2443807625350801,0.1018979549407959,0.0035526156425476074,0.026617258787155207
3,evt_001532,12,1021,1670746167034,0,0.4001121620337168,0,1,1,20,0.3733739852905273,0.3682880401611328,0.3027442991733551,0.10078451833333331,0.30265627166666664,0.24649512156277772,0.0973678628603617,0.03182412187258399,0.026738176743189512
3,evt_001533,12,1022,1670746177961,1,0.5634297728538513,0,1,1,20,0.5733382701873779,0.5540513396263123,0.4986545145511627,-0.03890488166000001,0.14843938166,0.11526149428978107,0.0647752583026886,0.009378433227539062,0.009908497333526611
3,evt_001534,12,754,1670746204312,0,0.3500378131866455,1,1,1,20,0.3734198808670044,0.3508749902248382,0.3100922703742981,-0.10560336433333332,0.12413689366666665,0.15471640937031847,0.03994554281234741,0.0008371770381926935,0.023382067680358887
3,evt_001535,12,442,1670746213880,1,0.361824909845988,1,1,1,20,0.357192724943161,0.4044285714626312,0.2880949974060058,0.009694743856666688,0.23792309719000002,0.16856802829229645,0.07372991243998217,0.04260366161664325,0.0046321849028269635
3,evt_001536,12,1023,1670746246832,0,0.4076048831144969,0,1,1,20,0.4311093389987945,0.4279697239398956,0.3696964681148529,-0.0994361609,0.1006964407,0.13954202255248624,0.03790841499964398,0.02036484082539869,0.023504455884297615
3,evt_001537,12,1024,1670746258817,0,0.4008761445681254,0,1,1,20,0.3817164599895477,0.3988021612167358,0.3184323608875274,0.07211065306666666,0.2517121469333334,0.19832804688482777,0.08244378368059802,0.002073983351389641,0.01915968457857775
3,evt_001538,12,944,1670746269810,0,0.3220448791980743,0,1,1,20,0.3534781038761139,0.3680927753448486,0.2957874536514282,-0.14444556266666667,0.14444556266666667,0.1308923989079001,0.026257425546646063,0.04604789614677429,0.031433224678039606
3,evt_001539,12,839,1670746284875,0,0.3780013124148051,1,1,1,20,0.3305143117904663,0.3178963661193847,0.2641297876834869,0.1813988947666667,0.38051888143333334,0.34847497181109394,0.11387152473131823,0.0601049462954204,0.047487000624338804
3,evt_001540,12,1025,1670746295970,0,0.3819516102472941,1,1,1,20,0.3460074663162231,0.3203681707382202,0.2800372540950775,0.13954405145,0.32158465145000004,0.2838245193615206,0.10191435615221661,0.06158343950907391,0.03594414393107104
3,evt_001661,13,1151,1672734747993,0,0.2480549464623133,0,1,1,20,0.2369343042373657,0.2452892214059829,0.1996209174394607,0.057206981999999997,0.08915701133333333,0.09393955789027297,0.0484340290228526,0.002765725056330409,0.011120642224947602
3,evt_001662,13,1152,1672734755834,0,0.2865905066331227,0,1,1,20,0.2998534739017486,0.3071329295635223,0.2561599612236023,-0.0646205129,0.0646205129,0.04564409157320333,0.030430545409520393,0.020542422930399595,0.013262967268625914
3,evt_001663,13,1153,1672734826091,0,0.3530917465686798,0,1,1,20,0.3251509964466095,0.3019122779369354,0.2776642739772796,0.12152732333333333,0.12244273133333333,0.158454622726813,0.0754274725914002,0.051179468631744385,0.027940750122070312
3,evt_001664,13,1154,1672734835650,0,0.2595670819282532,0,1,1,20,0.2468501925468444,0.2542506158351898,0.2097139358520507,0.06557916039999999,0.07496985293333333,0.09615297392979519,0.049853146076202476,0.0053164660930633545,0.012716889381408775
3,evt_001665,13,1155,1672734921172,0,0.1154808799425761,0,1,1,20,0.1075719371438026,0.1093649640679359,0.0897268578410148,0.07720504066666667,0.078714402,0.10198877936202452,0.02575402210156129,0.006115915874640193,0.007908942798773494
3,evt_001666,13,1156,1672734941935,0,0.5115063985188802,0,1,1,20,0.4908187091350555,0.505023717880249,0.4282918870449066,0.08310034706666668,0.10099435959999999,0.12424899571712963,0.08321451147397363,0.006482680638631222,0.02068768938382476
3,evt_001667,13,1157,1672735003619,0,0.243537018696467,0,1,1,20,0.2257813960313797,0.2231923788785934,0.187284842133522,0.09479647386666666,0.11276781946666668,0.14072139280298632,0.05625217656294498,0.0203446398178736,0.01775562266508729
3,evt_001668,13,1158,1672735036091,0,0.3072406947612762,0,1,1,20,0.3023250997066498,0.3080648183822632,0.2585404217243194,0.02041073719999999,0.10374412946666667,0.07634146280339514,0.04870027303695679,0.000824123620986994,0.004915595054626409
3,evt_001669,13,1159,1672735046445,0,0.4802801211675008,0,1,1,20,0.4282086193561554,0.3847180902957916,0.3579402863979339,0.2110391901533333,0.2670928765133333,0.32005035639352164,0.12233983476956689,0.09556203087170917,0.0520715018113454
3,evt_001670,13,1160,1672735071144,1,0.2746789008378982,0,1,1,20,0.2480463534593582,0.2432317286729812,0.2043049335479736,0.12825698056666668,0.16850325943333333,0.1968145331322218,0.0703739672899246,0.03144717216491699,0.02663254737854001
3,evt_001671,13,1161,1672735108396,0,0.28401979804039,0,1,1,20,0.2875070869922638,0.2988221347332001,0.2413863688707351,-0.019980502599999995,0.10102101593333333,0.07343882333608527,0.0426334291696549,0.014802336692810059,0.0034872889518737793
3,evt_001672,13,1162,1672735118810,0,0.2129459728797277,0,1,1,20,0.2083632498979568,0.21123568713665,0.1769873648881912,0.023335575799999998,0.11470163753333333,0.08433460970000385,0.035958607991536495,0.0017102857430776885,0.004582722981770898
3,evt_001673,13,1163,1672735124274,0,0.3016168673833211,0,1,1,20,0.3358196914196014,0.295991986989975,0.2891973555088043,-0.16353824409999998,0.16353824409999998,0.11962784269848546,0.012419511874516787,0.005624880393346132,0.03420282403628028
3,evt_001674,13,1164,1672735138017,0,0.289004514614741,0,1,1,20,0.2813735008239746,0.2672348618507385,0.2412688732147216,0.03416535886666667,0.11982406779999999,0.09341028585755735,0.04773564140001943,0.0217696527640025,0.007631013790766417
3,evt_001784,14,1227,1672838201057,0,0.2766286681095759,0,1,1,20,0.3547488152980804,0.2741499245166778,0.2834334671497345,-0.3920870351433334,0.3920870351433334,0.33357322998117694,0.006804799040158571,0.002478743592898125,0.07812014718850446
3,evt_001785,14,1228,1672838249193,1,0.2536127169926961,0,1,1,20,0.3242876827716827,0.2542798221111297,0.2636564970016479,-0.3742599294333333,0.3742599294333333,0.3086173434882074,0.010043780008951786,0.0006671051184335974,0.07067496577898658
3,evt_001786,14,1229,1672838298530,0,0.299993281563123,0,1,1,20,0.3746731281280517,0.325538158416748,0.3107420206069946,-0.35824047256666663,0.35824047256666663,0.31175076552725967,0.01074873904387158,0.025544876853624998,0.07467984656492871
3,evt_001787,14,1230,1672838307766,0,0.3219966441392898,0,1,1,20,0.4096425473690033,0.3279663622379303,0.3348170518875122,-0.41002836936,0.41009719730666666,0.35800553532871865,0.012820407748222407,0.005969718098640497,0.0876459032297135
3,evt_001788,14,1231,1672838394743,1,0.2385472456614176,0,1,1,20,0.3115779757499695,0.240608811378479,0.2491122633218765,-0.3996644242333333,0.3996644242333333,0.352910028348806,0.010565017660458892,0.0020615657170613977,0.07303073008855188
3,evt_001789,14,1232,1672838454621,0,0.2908203651507695,0,1,1,20,0.3684903383255005,0.2914952337741852,0.2983908951282501,-0.37929893541000004,0.37929893541000004,0.31725741884176545,0.0075705299774806445,0.0006748686234157031,0.07766997317473101
3,evt_001790,14,1233,1672838530519,1,0.3475210765997569,0,1,1,20,0.4241239130496979,0.3429660499095917,0.3537162244319916,-0.3403724976,0.3403724976,0.2787622727935572,0.006195147832234682,0.00455502669016522,0.07660283644994098
3,evt_001791,14,1234,1672838566444,1,0.2655057509740193,0,1,1,20,0.3451549708843231,0.2702066600322723,0.2773933112621307,-0.41124391730000004,0.41124391730000004,0.34174108843834383,0.011887560288111387,0.004700909058252989,0.07964921991030383
3,evt_001792,14,1235,1672838622549,1,0.5001817842324575,0,1,1,20,0.5768972039222717,0.4996991455554962,0.5067451596260071,-0.309552361,0.309552361,0.25709422999068815,0.006563375393549564,0.00048263867696130003,0.07671541968981421
3,evt_001793,14,1236,1672838687115,1,0.2651015768448512,0,1,1,20,0.3347298800945282,0.2593864500522613,0.2701356709003448,-0.3589794951333333,0.3589794951333333,0.2799073878306898,0.005034094055493599,0.005715126792589897,0.069628303249677
3,evt_001794,14,1237,1672838719145,0,0.2807934780915578,0,1,1,20,0.3601069152355194,0.2857103645801544,0.2931807339191437,-0.4052842768666667,0.4052842768666667,0.3349419511660658,0.012387255827585875,0.004916886488596617,0.07931343714396161
3,evt_001795,14,1238,1672838730876,0,0.285388578971227,0,1,1,20,0.3583179712295532,0.2925531566143036,0.2952292859554291,-0.357281975,0.357281975,0.29916507291755823,0.009840706984202086,0.007164577643076597,0.07292939225832623
3,evt_001925,15,1307,1672888957643,1,0.3910571038722992,1,1,1,20,0.4070584774017334,0.4408377707004547,0.3315300047397613,-0.0697830146,0.1095961854,0.11489321959960998,0.0595270991325379,0.04978066682815552,0.016001373529434204
3,evt_001926,15,1308,1672888995604,0,0.3915183444817861,0,1,1,20,0.4171186983585357,0.3476152420043945,0.3544855415821075,-0.1066913713,0.10752689536666667,0.08765954860942839,0.037032802899678585,0.0439031024773916,0.025600353876749637
3,evt_001927,15,1309,1672889039119,0,0.3479847510655721,0,1,1,20,0.3816399872303009,0.3026854693889618,0.3111518025398254,-0.1505163591333333,0.15231606753333335,0.11241647189402604,0.0368329485257467,0.04529928167661029,0.03365523616472882
3,evt_001928,15,1310,1672889087146,0,0.3597152332464854,0,1,1,20,0.3676035702228546,0.357774943113327,0.2999613285064697,-0.03938040036666667,0.15269991963333332,0.11709895128670281,0.059753904740015684,0.0019402901331583844,0.007888336976369204
3,evt_001929,15,1311,1672889113933,0,0.3658033311367035,0,1,1,20,0.3878470659255981,0.3457383215427398,0.3159019649028778,-0.09847303223333333,0.10135338776666665,0.14028047301585747,0.049901366233825684,0.02006500959396368,0.022043734788894598
3,evt_001930,15,1312,1672889146754,1,0.3750056525071462,0,1,1,20,0.3844364583492279,0.3709889948368072,0.3113606870174408,-0.043727132999999994,0.12990026699999999,0.10546212211500793,0.06364496548970539,0.004016657670338986,0.009430805842081724
3,evt_001931,15,1313,1672889192052,0,0.4476726949214935,0,1,1,20,0.4460617005825043,0.3757543861865997,0.3745169937610626,0.00417231383333333,0.1466142205,0.10306714464076647,0.07315570116043085,0.0719183087348938,0.0016109943389892023
3,evt_001932,15,1314,1672889211274,1,0.4091584185759226,0,1,1,20,0.4200727939605713,0.3447771072387695,0.3485712707042694,-0.0463971496,0.04818587506666667,0.03961480143442694,0.0605871478716532,0.06438131133715314,0.010914375384648678
3,evt_001933,15,1315,1672889243570,0,0.4419836600621541,0,1,1,20,0.4465115964412689,0.3906118869781494,0.3796850144863128,-0.020623565086666667,0.14023027842,0.10200727943874911,0.062298645575841305,0.0513717730840047,0.004527936379114805
3,evt_001934,15,1317,1672889328314,0,0.4437146186828613,0,1,1,20,0.4965642690658569,0.4195950925350189,0.4263381659984588,-0.2150287286,0.21585328473333332,0.16065377227865962,0.017376452684402466,0.02411952614784235,0.052849650382995605
3,evt_001935,15,1318,1672889350964,1,0.5320733785629272,0,1,1,20,0.5090340971946716,0.4860378801822662,0.4348249137401581,0.09366885323333334,0.17864011323333331,0.16929058823421306,0.09724846482276917,0.046035498380661066,0.023039281368255615
3,evt_001936,15,1319,1672890199077,0,0.4880380133787791,0,1,1,20,0.4398187398910522,0.3935616314411163,0.3627146482467651,0.1939577975333333,0.2629198002,0.2994557113551599,0.12532336513201403,0.09447638193766283,0.04821927348772692
3,evt_001937,15,1320,1672890243956,0,0.464804192384084,0,1,1,20,0.4196296632289886,0.3867708146572113,0.3529159128665924,0.184489771,0.184489771,0.20958229094475397,0.11188827951749158,0.07803337772687269,0.0451745291550954
3,evt_001938,15,1321,1672890285183,1,0.4877696832021077,0,1,1,20,0.4419735968112945,0.410787969827652,0.3714388310909271,0.18449066574999998,0.21878338108333337,0.2732181301856516,0.11633085211118055,0.0769817133744557,0.04579608639081317
3,evt_001939,15,1322,1672890314778,1,0.5111609598000845,0,1,1,20,0.4621757268905639,0.3883191645145416,0.3897196352481842,0.19888889516666666,0.27368393516666667,0.30916527759554807,0.12144132455190026,0.12284179528554284,0.04898523290952056
3,evt_002045,16,1430,1672908811245,0,0.3678261935710907,0,1,1,20,0.3402844965457916,0.2806827127933502,0.2798893451690674,0.12247884766666667,0.12247884766666667,0.17037546729373787,0.08793684840202332,0.08714348077774048,0.027541697025299072
3,evt_002046,16,1431,1672908829642,1,0.69208292166392,0,1,1,20,0.6742274165153503,0.6751372218132019,0.6107393503189087,0.09632470433333333,0.17639429566666667,0.17128186180727817,0.08134357134501136,0.016945699850718143,0.017855505148569706
3,evt_002047,16,1432,1672908864220,1,0.5646213789780935,0,1,1,20,0.522075891494751,0.4988871812820434,0.4563891887664795,0.17752329252333335,0.19162892052333333,0.25612944100143137,0.10823219021161401,0.0657341976960501,0.042545487483342526
3,evt_002048,16,1433,1672908905415,1,0.4105720619360606,0,1,1,20,0.365409642457962,0.3048245012760162,0.299607366323471,0.18956770990000002,0.18956770990000002,0.2000309265242256,0.11096469561258959,0.10574756066004443,0.045162419478098625
3,evt_002049,16,1434,1672908941422,1,0.4160619874795278,0,1,1,20,0.4142229855060577,0.3784491717815399,0.3542901575565338,0.005394589966666659,0.0930959567,0.06546044124635275,0.06177182992299396,0.037612815697987856,0.001839001973470089
3,evt_002050,16,1435,1672909400025,1,0.3497609794139862,0,1,1,20,0.3559086322784424,0.3530489504337311,0.298252671957016,-0.0288651486,0.06630060859999999,0.058066991698818377,0.051508307456970215,0.003287971019744873,0.006147652864456177
3,evt_002051,16,1436,1672909441722,1,0.3680225511391957,0,1,1,20,0.3315523564815521,0.3230644464492798,0.2690893113613128,0.15972938903333334,0.15972938903333334,0.1907629923334998,0.09893323977788288,0.0449581046899159,0.03647019465764356
3,evt_002052,16,1437,1672909473805,0,0.4144632617632548,0,1,1,20,0.3710699081420898,0.2982819974422455,0.3006685972213745,0.18049426693333334,0.18049426693333334,0.2123223343498435,0.11379466454188031,0.11618126432100934,0.04339335362116503
3,evt_002053,16,1438,1672909528007,0,0.332453986008962,0,1,1,20,0.3074213564395904,0.2912116944789886,0.243993267416954,0.11164684197666669,0.11164684197666669,0.13731824708557896,0.08846071859200796,0.041242291529973385,0.02503262956937158
3,evt_002054,16,1439,1672909573175,0,0.4751677016417185,0,1,1,20,0.4700418412685394,0.4260213673114776,0.4049343764781952,0.020302117199999997,0.06491381613333333,0.05189710326175151,0.07023332516352332,0.049146334330240904,0.005125860373179136
3,evt_002055,16,1440,1672909625069,1,0.4632351199785868,0,1,1,20,0.43152916431427,0.4417406022548675,0.3546943664550781,0.12896240293333333,0.12896240293333333,0.1414745093690277,0.10854075352350867,0.021494517723719297,0.031705955664316776
3,evt_002171,17,1490,1672994689474,0,0.3444156150023142,0,1,1,20,0.422736644744873,0.3423824608325958,0.355268269777298,-0.3474532680333333,0.3474532680333333,0.29632286757386456,0.010852654774983761,0.0020331541697183875,0.07832102974255878
3,evt_002172,17,1491,1672994723630,1,0.311937615275383,0,1,1,20,0.3868801891803741,0.3062024414539337,0.318035751581192,-0.3538749351333334,0.3538749351333334,0.2992130437174059,0.006098136305809021,0.00573517382144928,0.0749425739049911
3,evt_002173,17,1492,1672994736424,0,0.271458754936854,0,1,1,20,0.3439486920833587,0.2719494104385376,0.2808128595352173,-0.3703719029333333,0.3703719029333333,0.3164773265721844,0.009354104598363278,0.0004906555016835901,0.0724899371465047
3,evt_002174,17,1493,1672994743734,0,0.2902258038520813,0,1,1,20,0.3570751845836639,0.2983412742614746,0.3004616796970367,-0.3277115831833333,0.3277115831833333,0.26041290667321704,0.010235875844955389,0.00811547040939331,0.06684938073158259
3,evt_002175,17,1494,1672994751320,1,0.2470430682102839,0,1,1,20,0.3206424415111542,0.2464643269777298,0.2557371258735657,-0.39978471796666665,0.39978471796666665,0.3426297810193366,0.008694057663281768,0.0005787412325541086,0.07359937330087027
3,evt_002176,17,1495,1672994760362,0,0.9999999,0,1,1,20,0.9999999,0.9999999,0.9999999,-0.3164460866666667,0.3164460866666667,0.24555033215304292,0.0,0.0,0.0
3,evt_002177,17,1496,1672994791165,1,0.3127711713314056,0,1,1,20,0.3884741961956024,0.3130317628383636,0.3233841359615326,-0.34997359899999997,0.34997359899999997,0.31213901123650534,0.010612964630127009,0.0002605915069580078,0.07570302486419683
3,evt_002178,17,1497,1672994828058,1,0.2256886710723241,0,1,1,20,0.2881492674350738,0.2283869832754135,0.2347447127103805,-0.3624491998333334,0.3624491998333334,0.30516888053997127,0.0090560416380564,0.0026983122030894147,0.0624605963627497
3,evt_002179,17,1498,1672994898916,0,0.2617969165245692,0,1,1,20,0.3315566480159759,0.2626426219940185,0.2721366584300995,-0.3569298842333333,0.3569298842333333,0.3112375648701299,0.010339741905530275,0.0008457054694492872,0.06975973149140668
3,evt_002180,17,1499,1672994904768,0,0.3007524808247884,0,1,1,20,0.3772575855255127,0.2991366684436798,0.3117634057998657,-0.3618269155666667,0.3618269155666667,0.32461337765096226,0.01101092497507733,0.0016158123811085834,0.0765051047007243
3,evt_002181,17,1500,1672994912232,0,0.3282560110092163,0,1,1,20,0.4040610492229461,0.3233982622623443,0.3358812034130096,-0.34256875233333334,0.34256875233333334,0.292586976368347,0.0076251924037932794,0.004857748746872004,0.0758050382137298
3,evt_002182,17,1501,1672994921954,0,0.3015021830797195,0,1,1,20,0.381626158952713,0.3055485785007477,0.3141609728336334,-0.38562911068,0.38562911068,0.33965401504256537,0.012658789753913935,0.004046395421028193,0.08012397587299352
3,evt_002183,17,1502,1672994971629,1,0.254017228881518,1,1,1,20,0.324739545583725,0.2543298304080963,0.2636782228946686,-0.3731174535333333,0.3731174535333333,0.3205652120033496,0.00966099401315057,0.0003126015265783044,0.07072231670220697
3,evt_002184,17,1503,1672995028785,0,0.3553199072678883,0,1,1,20,0.4422224760055542,0.3611473143100738,0.3689497411251068,-0.3854291677333333,0.3854291677333333,0.32541392985882767,0.013629833857218498,0.005827407042185484,0.08690256873766589
3,evt_002306,18,1569,1673010633343,0,0.3188978532950083,0,1,1,20,0.3937025964260101,0.3185091018676758,0.3281537592411041,-0.3449093282,0.3449093282,0.2977885135233167,0.009255905946095822,0.0003887514273325232,0.07480474313100177
3,evt_002307,18,1570,1673010650464,0,0.3163033823172251,0,1,1,20,0.3937978744506836,0.3120417296886444,0.3256175220012665,-0.36226236421999997,0.36226236421999997,0.2972655639939887,0.009314139684041378,0.004261652628580692,0.07749449213345849
3,evt_002308,18,1571,1673010664422,0,0.2171310037374496,0,1,1,20,0.285792738199234,0.2160406708717346,0.2269923537969589,-0.41506102110866666,0.4150762188913333,0.36246207090558946,0.009861350059509305,0.001090332865714999,0.06866173446178442
3,evt_002309,18,1572,1673010675561,0,0.2410005976756414,0,1,1,20,0.3106443881988525,0.2398109883069992,0.2511263787746429,-0.3778113190666667,0.3778113190666667,0.33393581843961356,0.010125781099001502,0.0011896093686421805,0.0696437905232111
3,evt_002310,18,1573,1673011375825,0,0.3716506361961365,0,1,1,20,0.4632395207881927,0.3815808594226837,0.386164903640747,-0.3975666955333333,0.3975666955333333,0.3420127756836841,0.01451426744461054,0.009930223226547241,0.09158888459205622
3,evt_002311,18,1574,1673011385442,0,0.2142502069473266,0,1,1,20,0.2683770060539245,0.2082694768905639,0.2176810503005981,-0.3240940830166667,0.3240940830166667,0.2529385619822778,0.0034308433532714844,0.005980730056762695,0.0541267991065979
3,evt_002312,18,1575,1673011396908,0,0.4150873323281606,0,1,1,20,0.4987141788005829,0.4105891287326813,0.423783928155899,-0.345523218,0.345523218,0.2740072650767292,0.008696595827738407,0.004498203595479311,0.0836268464724223
3,evt_002313,18,1576,1673011408325,0,0.2955823391675949,0,1,1,20,0.3728933036327362,0.2886910140514374,0.3022607266902923,-0.3734629271866667,0.3734629271866667,0.32386166664505467,0.006678387522697393,0.006891325116157532,0.0773109644651413
3,evt_002314,18,1577,1673011421049,0,0.3810724417368571,0,1,1,20,0.4601458311080932,0.3754715621471405,0.388844221830368,-0.3381283264333333,0.3381283264333333,0.27669501096172855,0.007771780093510872,0.005600879589716612,0.07907338937123609
3,evt_002315,18,1578,1673011445550,0,0.3219306667645772,0,1,1,20,0.3972956836223602,0.3230287730693817,0.3306587040424347,-0.34210911283333334,0.34210911283333334,0.2734945305748243,0.008728037277857481,0.0010981063048045026,0.07536501685778296
3,evt_002316,18,1579,1673011454893,0,0.2763940493265788,0,1,1,20,0.3411231338977813,0.2699304819107055,0.2811619341373443,-0.31873050926666663,0.31873050926666663,0.2763896800687729,0.00476788481076551,0.006463567415873284,0.06472908457120252
3,evt_002317,18,1580,1673011470314,0,0.4626905421415965,0,1,1,20,0.5516168475151062,0.4556921422481537,0.4716949462890625,-0.36114188436666667,0.36114188436666667,0.30325473653770907,0.009004404147466005,0.006998399893442808,0.0889263053735097
3,evt_002318,18,1581,1673011488186,0,0.2775150338808695,0,1,1,20,0.3539609014987945,0.2836410701274872,0.288879930973053,-0.38018091133333337,0.38018091133333337,0.3284686850377128,0.011364897092183468,0.006126036246617672,0.07644586761792499
3,evt_002422,19,1632,1673252060452,0,0.3223044872283935,0,1,1,20,0.3760957717895508,0.2895356118679046,0.3038726449012756,-0.24525314629999997,0.24596492036666665,0.17398566917884514,0.01843184232711792,0.03276887536048889,0.05379128456115728
3,evt_002423,19,624,1673252123830,0,0.3069869826237361,1,1,1,20,0.3909868001937866,0.3050393760204315,0.3208833038806915,-0.39862107573333333,0.39862107573333333,0.3475991909088741,0.01389632125695539,0.0019476066033045636,0.08399981757005054
3,evt_002424,19,1633,1673252129689,0,0.337317223350207,0,1,1,20,0.4200397729873657,0.3400116860866546,0.3512855768203735,-0.3738713948666667,0.3738713948666667,0.3129029681351161,0.013968353470166506,0.0026944627364476337,0.08272254963715875
3,evt_002425,19,1634,1673252178358,1,0.3139552175998688,0,1,1,20,0.3838628232479095,0.3107158839702606,0.313264936208725,-0.3260342615333333,0.3260342615333333,0.265683593583424,0.0006902813911437988,0.0032393336296081543,0.06990760564804072
3,evt_002426,19,1635,1673252219138,0,0.3145010471343994,0,1,1,20,0.3943289816379547,0.3240503668785095,0.3253463506698608,-0.3717955924333333,0.3717955924333333,0.3078102287280043,0.01084530353546137,0.009549319744110107,0.0798279345035553
3,evt_002427,19,1636,1673252228685,0,0.2189390808343887,0,1,1,20,0.2866688072681427,0.2179730385541916,0.2289481163024902,-0.3981574476666667,0.3981574476666667,0.3450420247959184,0.010009035468101501,0.0009660422801971158,0.067729726433754
3,evt_002428,19,1637,1673252235372,0,0.3412281572818756,0,1,1,20,0.3327832520008087,0.2570351064205169,0.2671853005886078,0.02722803392333334,0.21508500725666665,0.1553517750339977,0.07404285669326782,0.0841930508613587,0.008444905281066895
3,evt_002429,19,1638,1673252243522,0,0.2415280689795812,0,1,1,20,0.3063063323497772,0.2429414242506027,0.2501801252365112,-0.3498689429,0.3498689429,0.3198771697607784,0.008652056256929969,0.001413355271021488,0.06477826337019602
3,evt_002430,19,1639,1673252250651,0,0.1771449595689773,0,1,1,20,0.2363343387842178,0.1838823556900024,0.1855924725532531,-0.39838378706666666,0.39838378706666666,0.3421602561668784,0.00844751298427579,0.006737396121025113,0.059189379215240506
3,evt_002431,19,1640,1673252258798,0,0.2752968221902847,0,1,1,20,0.3546820878982544,0.2783099710941314,0.2871848046779632,-0.4003511474333334,0.4003511474333334,0.32123009502816474,0.011887982487678528,0.0030131489038467407,0.07938526570796972
3,evt_002432,19,1641,1673252267293,1,0.3605166474978129,0,1,1,20,0.4155769348144531,0.3233379125595093,0.3379922807216644,-0.23637003193333336,0.23637003193333336,0.16773450925956557,0.022524366776148552,0.03717873493830365,0.0550602873166402
3,evt_002538,20,1694,1673339551559,0,0.3181147625048955,0,1,1,20,0.3956966400146484,0.3976832926273346,0.3270610272884369,-0.36277750243333334,0.3640906175666667,0.3197913256298005,0.00894626478354138,0.07956853012243909,0.07758187750975287
3,evt_002539,20,1387,1673339564226,0,0.2873487621545791,1,1,1,20,0.3675154149532318,0.3185613751411438,0.2976029813289642,-0.3971388216666667,0.39869161833333333,0.33527586117305186,0.01025421917438507,0.031212612986564692,0.0801666527986527
3,evt_002540,20,1695,1673339573699,0,0.3573864499727885,0,1,1,20,0.4360909461975097,0.4007424116134643,0.3650831878185272,-0.34077588914999996,0.3408752441833333,0.3053904414892977,0.00769673784573871,0.04335596164067579,0.0787044962247212
3,evt_002541,20,1696,1673339580688,0,0.2038350154956182,0,1,1,20,0.2632753551006317,0.2054919749498367,0.2114897519350052,-0.36988358336666666,0.37087046996666667,0.3014569636897018,0.007654736439386994,0.0016569594542185095,0.05944033960501352
3,evt_002542,20,1697,1673339587515,1,0.3317241768042246,0,1,1,20,0.4140166342258453,0.333583265542984,0.3429495394229889,-0.3781139333333334,0.3788486866666667,0.3139955591128412,0.011225362618764279,0.0018590887387593957,0.08229245742162067
3,evt_002543,20,1698,1673339627365,0,0.3094508548577626,0,1,1,20,0.3942551910877228,0.4334243834018707,0.319947212934494,-0.40235903323333333,0.40359004010000005,0.33933154869935944,0.010496358076731438,0.12397352854410815,0.0848043362299602
3,evt_002544,20,1699,1673339633414,1,0.3391001870234807,0,1,1,20,0.4172135293483734,0.3443323075771332,0.3490009307861328,-0.3542367381866667,0.35464554848,0.28731381845818477,0.009900743762652098,0.005232120553652464,0.0781133423248927
3,evt_002545,20,1700,1673339664116,0,0.3089944819609324,0,1,1,20,0.382110983133316,0.3186438083648681,0.3172400295734405,-0.3414198234533334,0.34173086321333335,0.2843698362525629,0.00824554761250812,0.009649326403935732,0.07311650117238361
3,evt_002546,20,1701,1673339714696,0,0.2616841395696004,0,1,1,20,0.3294573128223419,0.3048858940601349,0.2707350552082062,-0.35389349616666665,0.3546645371666666,0.29084070707953874,0.009050915638605772,0.04320175449053448,0.06777317325274151
3,evt_002547,20,1702,1673339724853,0,0.3783480525016784,0,1,1,20,0.4611347615718841,0.4039476811885834,0.3888438045978546,-0.35758474283333336,0.3583111905,0.32757533609204365,0.010495752096176203,0.025599628686904963,0.08278670907020569
3,evt_002548,20,1703,1673339815655,0,0.2962687214215596,0,1,1,20,0.373372882604599,0.3430676460266113,0.3064053952693939,-0.37474452636666666,0.37546471363333334,0.31650083679561597,0.010136673847834343,0.046798924605051695,0.07710416118303942
3,evt_002549,20,1704,1673339823735,0,0.3337896466255188,0,1,1,20,0.4066071510314941,0.3692593276500702,0.3435416221618652,-0.3280291725666667,0.3280291725666667,0.26165981443838887,0.00975197553634638,0.03546968102455139,0.07281750440597529
3,evt_002671,21,1823,1677663354133,0,0.3378347754478454,0,1,1,20,0.3951503038406372,0.3395595252513885,0.3358345925807953,-0.25259884893333334,0.25259884893333334,0.19906517101170182,0.0020001828670501154,0.0017247498035430908,0.057315528392791804
3,evt_002672,21,1824,1677663568296,0,0.347059706846873,0,1,1,20,0.3837997019290924,0.3374296724796295,0.3170655965805053,-0.1656199972,0.16694254946666667,0.12521778158653254,0.02999411026636767,0.009630034367243467,0.03673999508221942
3,evt_002673,21,1825,1677663704116,1,0.4069028397401174,0,1,1,20,0.4672181606292724,0.4178698062896728,0.4001326560974121,-0.2508339867766667,0.2508339867766667,0.23565631810461535,0.006770183642705263,0.010966966549555424,0.06031532088915503
3,evt_002674,21,1826,1677663754694,1,0.4189913868904114,0,1,1,20,0.4721037447452545,0.4055589139461517,0.3963509500026703,-0.22019251731333334,0.22062871601999998,0.22432602720728861,0.02264043688774109,0.013432472944259699,0.05311235785484314
3,evt_002675,21,1827,1677663791295,0,0.2975250085194905,0,1,1,20,0.3390806913375854,0.2896138429641723,0.2871716320514679,-0.19554168949999998,0.19554168949999998,0.1549136541857571,0.01035337646802259,0.007911165555318178,0.04155568281809491
3,evt_002676,21,1828,1677663841366,0,0.3158944646517436,0,1,1,20,0.3641552925109863,0.3124395906925201,0.3033703565597534,-0.22498864866666668,0.22554403133333334,0.19253869600756615,0.012524108091990171,0.0034548739592235034,0.04826082785924268
3,evt_002677,21,1829,1677663850454,0,0.2708249936501185,0,1,1,20,0.3082863688468933,0.2599387466907501,0.2541103363037109,-0.2034226541666667,0.20447180583333333,0.22872656840323496,0.01671465734640759,0.01088624695936835,0.03746137519677484
3,evt_002678,21,1830,1677663908776,0,0.4335223038991292,0,1,1,20,0.4596647322177887,0.3922884464263916,0.38637575507164,-0.10809363856666666,0.10877584143333334,0.09594171620720983,0.0471465488274892,0.04123385747273761,0.026142428318659483
3,evt_002679,21,1831,1677663940261,0,0.4249887863794963,1,1,1,20,0.4364660680294037,0.3849251568317413,0.3601103723049164,-0.047465741400000004,0.05584318526666667,0.07016996660760025,0.0648784140745799,0.040063629547755,0.011477281649907412
3,evt_002680,21,1832,1677663966634,0,0.4190850555896759,0,1,1,20,0.4252071380615234,0.3782375752925873,0.3502753674983978,-0.025312225533333333,0.05396070113333334,0.04877687430888084,0.06880968809127808,0.04084748029708862,0.006122082471847479
3,evt_002681,21,1833,1677663985302,0,0.4045156637827555,0,1,1,20,0.4243737161159515,0.3650477230548858,0.3527379035949707,-0.08245512263333334,0.08325557736666667,0.05815481750993493,0.051777760187784794,0.03946794072786969,0.019858052333195986
3,evt_002682,21,1834,1677664029695,0,0.297456552584966,0,1,1,20,0.3245004415512085,0.2764813601970672,0.2731740474700928,-0.1287504025,0.1287504025,0.09279312522324419,0.024282505114873232,0.0209751923878988,0.02704388896624249
3,evt_002683,21,1835,1677664042563,0,0.3623766303062439,1,1,1,20,0.3736723661422729,0.324003666639328,0.3020102083683014,-0.04966121333333334,0.051482932,0.059621173407083436,0.060366421937942505,0.038372963666915894,0.011295735836028997
3,evt_002684,21,1836,1677664089445,0,0.3655205468336741,0,1,1,20,0.3683870136737823,0.3206513822078705,0.2986277043819427,-0.013873534999999998,0.078037865,0.05636631831209323,0.06689284245173138,0.04486916462580359,0.002866466840108217
3,evt_002785,22,1936,1677849615960,0,0.4583688080310821,0,2,2,20,0.5242301821708679,0.4540715217590332,0.4540787637233734,-0.26541354266666667,0.26541354266666667,0.21856538390336627,0.004290044307708685,0.004297286272048895,0.06586137413978582
3,evt_002786,22,1937,1677849621021,0,0.2244616448879242,0,2,2,20,0.2815671563148498,0.281220018863678,0.2330178469419479,-0.31712612553333336,0.31712612553333336,0.24498186356981852,0.008556202054023715,0.056758373975753784,0.057105511426925604
3,evt_002787,22,1938,1677849636365,0,0.2645090768734614,0,2,2,20,0.3115915656089782,0.2622795104980469,0.2568316757678985,-0.23455719686666665,0.23455719686666665,0.16388249165442034,0.00767740110556292,0.002229566375414549,0.04708248873551679
3,evt_002788,22,1939,1677849653579,0,0.150162639717261,0,2,2,20,0.1858029514551162,0.1622925400733947,0.1518815755844116,-0.26839697263333334,0.26839697263333334,0.2078470630015238,0.001718935867150606,0.012129900356133705,0.0356403117378552
3,evt_002789,22,1940,1677849681310,1,0.3273758192857106,0,2,2,20,0.3903065621852875,0.3953066766262054,0.3264870643615722,-0.2819103355,0.2819103355,0.23194314142106223,0.0008887549241383685,0.06793085734049481,0.0629307428995769
3,evt_002790,22,1941,1677849711953,0,0.2308852026859919,0,2,2,20,0.2865122258663177,0.2465980499982834,0.2380827665328979,-0.306696702,0.306696702,0.24792842322142677,0.00719756384690598,0.015712847312291472,0.05562702318032578
3,evt_002791,22,1942,1677849753397,0,0.2649566382169723,0,2,2,20,0.3144426643848419,0.2580826878547668,0.2580369114875793,-0.246515885,0.246515885,0.17771756444409778,0.006919726729393005,0.006873950362205505,0.04948602616786962
3,evt_002792,22,1943,1677849774705,0,0.1558274452884992,0,2,2,20,0.1895879060029983,0.1600029468536377,0.158401533961296,-0.25163344033333335,0.25163344033333335,0.2051554748540101,0.0025740886727967927,0.00417550156513849,0.03376046071449909
3,evt_002793,22,1944,1677849783935,1,0.3079457283020019,0,2,2,20,0.3677299916744232,0.3099341690540313,0.3094082176685333,-0.27637197583333334,0.27637197583333334,0.22169918167967784,0.0014624893665314276,0.001988440752029419,0.05978426337242132
3,evt_002794,22,1945,1677849850046,0,0.2428447008132934,0,2,2,20,0.2857749760150909,0.238718494772911,0.2368924766778946,-0.2282677545,0.2282677545,0.16620011125523393,0.005952224135398809,0.004126206040382413,0.042930275201797485
3,evt_002879,23,2026,1677834865551,0,0.3191083470980326,0,1,1,20,0.3695303201675415,0.315697431564331,0.3020413815975189,-0.23462078196666666,0.2355634847,0.1769140242319946,0.017066965500513676,0.0034109155337015973,0.05042197306950891
3,evt_002880,23,2027,1677834899465,0,0.3479049404462178,0,1,1,20,0.4082720279693603,0.3501468598842621,0.3404158651828766,-0.26901470437,0.26917403563000003,0.20657829741169972,0.007489075263341194,0.002241919438044304,0.060367087523142515
3,evt_002881,23,2028,1677834932988,0,0.4716684321562449,1,1,1,20,0.5337018370628357,0.4718803465366363,0.4529565274715423,-0.24998935739999997,0.2511021092666667,0.18932107649266602,0.018711904684702574,0.0002119143803914203,0.06203340490659082
3,evt_002882,23,2029,1677835875726,0,0.3343688249588012,0,2,2,20,0.3846682012081146,0.3338781893253326,0.3245044648647308,-0.2200728965333333,0.2200728965333333,0.16598812834429666,0.009864360094070435,0.0004906356334686279,0.05029937624931341
3,evt_002883,23,2030,1677835954063,0,0.3752300242582957,0,2,2,20,0.4387904703617096,0.3753412067890167,0.3683963119983673,-0.26765547156666664,0.26765547156666664,0.21482992640435672,0.006833712259928404,0.00011118253072101014,0.06356044610341388
3,evt_002884,23,2031,1677835963023,0,0.1806982060273488,0,2,2,20,0.2154080122709274,0.1816991567611694,0.1761915534734726,-0.2020877055,0.2020877055,0.1559515769292307,0.004506652553876195,0.0010009507338206158,0.03470980624357861
3,evt_002885,23,2032,1677836101489,0,0.270887146393458,0,2,2,20,0.325888842344284,0.2704722583293915,0.2670513391494751,-0.2799201397,0.28013307363333334,0.21093945629439637,0.003835807243982914,0.000414888064066532,0.05500169595082599
3,evt_002886,23,2033,1677836141358,0,0.2741725593805313,0,2,2,20,0.3331367075443268,0.2759183943271637,0.2709020674228668,-0.2852640292,0.2852640292,0.20579622272148818,0.0032704919576644897,0.0017458349466323853,0.05896414816379547
3,evt_002887,23,2034,1677836149661,0,0.2763530810674031,0,2,2,20,0.3242699801921844,0.2723671793937683,0.2701441347599029,-0.22932128986666667,0.22932128986666667,0.1668218655746695,0.006208946307500185,0.003985901673634773,0.04791689912478131
3,evt_002970,24,2116,1678008151527,0,0.2151414801677068,0,2,2,20,0.2781439423561096,0.2157705873250961,0.2259967774152755,-0.35262082186666666,0.35262082186666666,0.2903959617184701,0.010855297247568702,0.0006291071573893137,0.06300246218840283
3,evt_002971,24,2117,1678008223710,0,0.2288769682248433,0,2,2,20,0.2807117104530334,0.2307207584381103,0.2381991297006607,-0.2800547905,0.2800547905,0.2550755867003163,0.009322161475817409,0.0018437902132669992,0.051834742228190095
3,evt_002972,24,2118,1678008241659,0,0.2188182125488917,0,2,2,20,0.2785637378692627,0.2176222205162048,0.2280354499816894,-0.3332519271666667,0.3332519271666667,0.287815830242573,0.009217237432797704,0.0011959920326868878,0.059745525320371
3,evt_002973,24,2119,1678008255744,0,0.3342485229174296,0,2,2,20,0.4101548492908478,0.3326770961284637,0.3481439054012298,-0.3377814440333333,0.3377814440333333,0.26067946554319765,0.013895382483800178,0.001571426788965935,0.07590632637341815
3,evt_002974,24,2120,1678008277242,0,0.1284884189565976,0,2,2,20,0.1518254727125167,0.1208747625350952,0.1261641383171081,-0.1904852344,0.1904852344,0.15023763805627058,0.002324280639489501,0.007613656421502399,0.0233370537559191
3,evt_002975,24,2121,1678008293456,0,0.3003114511569341,0,2,2,20,0.3687430620193481,0.2984443306922912,0.3115861117839813,-0.3228832689666667,0.3228832689666667,0.25513833535295594,0.01127466062704724,0.0018671204646428796,0.068431610862414
3,evt_002976,24,2122,1678008306584,0,0.2011199444532394,0,2,2,20,0.2637418508529663,0.2079395055770874,0.2108971625566482,-0.379672354,0.379672354,0.3452296515740057,0.009777218103408786,0.006819561123847989,0.0626219063997269
3,evt_002977,24,2123,1678008320577,0,0.2848747223615646,0,2,2,20,0.3509056866168976,0.2806031405925751,0.2931373119354248,-0.3202284040666667,0.3202284040666667,0.26025523360352115,0.008262589573860224,0.0042715817689895075,0.066030964255333
3,evt_002978,24,2124,1678008338459,0,0.2403138081232706,0,2,2,20,0.3120744228363037,0.2413190454244613,0.2518917620182037,-0.37859265403333336,0.37859265403333336,0.2992081310416529,0.011577953894933074,0.0010052373011907034,0.0717606147130331
3,evt_003066,25,2208,1678183550369,0,0.3254601409037908,0,1,1,20,0.3911351263523102,0.3315358459949493,0.3212028443813324,-0.3018042482,0.3032881784666666,0.24146826394287327,0.004257296522458376,0.006075705091158512,0.06567498544851941
3,evt_003067,25,2209,1678184366911,0,0.2550236036380132,0,2,2,20,0.3005521893501282,0.2451004236936569,0.2434075027704239,-0.23530584389999998,0.23530584389999998,0.23253894791127006,0.011616100867589296,0.009923179944356292,0.04552858571211499
3,evt_003068,25,2210,1678184376435,1,0.2473645905653635,0,2,2,20,0.2364431172609329,0.2003787755966186,0.1920407563447952,0.050134240733333335,0.13035195926666668,0.11022949093587328,0.0553238342205683,0.046985814968744904,0.010921473304430607
3,evt_003069,25,2211,1678184568769,0,0.3342260917027791,0,2,2,20,0.3865406513214111,0.3226190507411957,0.3255715072154999,-0.22778701256666667,0.22778701256666667,0.21172202266989662,0.008654584487279238,0.011607040961583437,0.05231455961863196
3,evt_003070,25,2213,1678184640040,0,0.3255089322725932,0,2,2,20,0.3505750894546509,0.3074160516262054,0.2976035475730896,-0.10968798243333333,0.10968798243333333,0.0783350215729753,0.0279053846995036,0.01809288064638781,0.02506615718205768
3,evt_003071,25,2214,1678184647900,1,0.2173957576354344,0,2,2,20,0.2578133642673492,0.2102559953927993,0.2118256837129593,-0.213027042,0.213027042,0.1599531122697757,0.005570073922475105,0.0071397622426351,0.04041760663191479
3,evt_003072,25,2215,1678184865014,0,0.3170848389466603,0,2,2,20,0.3489207029342651,0.3074550926685333,0.2900404632091522,-0.14235258686666666,0.14235258686666666,0.09992409310630904,0.027044375737508064,0.00962974627812696,0.031835863987604796
3,evt_003073,25,2216,1678184871670,0,0.2595588266849518,0,2,2,20,0.2878613471984863,0.2461341619491577,0.2366179227828979,-0.14553290953333334,0.14553290953333334,0.11505300989862687,0.02294090390205389,0.013424664735794095,0.02830252051353449
3,evt_003074,25,2217,1678184875817,0,0.1836491127808888,0,2,2,20,0.2164387553930282,0.177830770611763,0.1770330220460891,-0.19565282483333335,0.19565282483333335,0.14856556451547445,0.006616090734799712,0.005818342169125801,0.0327896426121394
3,evt_003075,25,2218,1678184900251,0,0.299037645260493,0,2,2,20,0.3264805674552917,0.2850394546985626,0.2728230059146881,-0.12963250805333335,0.12963250805333335,0.09271432645665126,0.02621463934580487,0.013998190561930357,0.027442922194798713
3,evt_003183,26,2328,1678263923747,0,0.2596409320831299,0,2,2,20,0.3278850018978119,0.2612984180450439,0.2713328301906585,-0.35030327299999997,0.35030327299999997,0.30666123114504684,0.011691898107528631,0.001657485961914007,0.068244069814682
3,evt_003184,26,2329,1678263973355,0,0.3175269862016042,0,2,2,20,0.3919084966182709,0.3159390985965729,0.3284355700016022,-0.3388781092,0.3388781092,0.2930805882962424,0.010908583799997984,0.0015878876050313129,0.07438151041666669
3,evt_003185,26,2330,1678263983210,0,0.2347361445426941,0,2,2,20,0.2866999804973602,0.2314960956573486,0.2400202304124832,-0.2919551458333333,0.2919551458333333,0.24747322782696526,0.005284085869789096,0.0032400488853454867,0.05196383595466608
3,evt_003186,26,2331,1678264004234,0,0.3542596201101939,0,2,2,20,0.4178513586521148,0.3556546866893768,0.3642415106296539,-0.28311363543333334,0.28311363543333334,0.25698790788545134,0.009981890519459968,0.0013950665791828687,0.0635917385419209
3,evt_003187,26,2332,1678264010867,0,0.4575996696949005,0,2,2,20,0.5419144630432129,0.4617683589458465,0.4691955149173736,-0.34209370643333337,0.34209370643333337,0.3132552352097848,0.011595845222473089,0.004168689250945989,0.08431479334831238
3,evt_003188,26,2333,1678264018184,0,0.3104453384876251,0,2,2,20,0.3903892040252685,0.3122231066226959,0.3239501714706421,-0.36059716266666664,0.36059716266666664,0.2752259501547697,0.013504832983016968,0.0017777681350708008,0.07994386553764338
3,evt_003189,26,2334,1678264041118,0,0.3168382942676544,0,2,2,20,0.3892308175563812,0.321271687746048,0.3288414180278778,-0.33330083376666664,0.33330083376666664,0.2843711266378289,0.012003123760223389,0.004433393478393555,0.0723925232887268
3,evt_003190,26,2336,1678264071968,0,0.3179952800273895,0,2,2,20,0.3802962005138397,0.3193012475967407,0.3304773271083832,-0.28236768186666666,0.28236768186666666,0.2070628309734525,0.012482047080993652,0.0013059675693511963,0.062300920486450195
3,evt_003191,26,2337,1678264084554,0,0.2299826840559641,0,2,2,20,0.2898009121417999,0.2297348976135254,0.238313540816307,-0.3272599092333333,0.3272599092333333,0.28107636634018357,0.008330856760342925,0.00024778644243869663,0.05981822808583584
3,evt_003192,26,2339,1678264101756,0,0.1810355832179387,0,2,2,20,0.2347387224435806,0.1839092969894409,0.1875805258750915,-0.35296898813333333,0.35296898813333333,0.3052817771258217,0.0065449426571528024,0.0028737137715021954,0.053703139225641905
3,evt_003193,26,2340,1678264162097,0,0.2213939130306244,0,2,2,20,0.2827951610088348,0.2209126204252243,0.2314274311065673,-0.3483000579333333,0.3483000579333333,0.2950670508045768,0.01003351807594291,0.00048129260540008545,0.061401247978210394
3,evt_003194,26,2341,1678264169532,0,0.3801551063855489,0,2,2,20,0.4567681849002838,0.37733855843544,0.3897787034511566,-0.32534538616666664,0.32534538616666664,0.2958920278813216,0.009623597065607725,0.002816547950108883,0.07661307851473492
3,evt_003195,26,2342,1678264183700,0,0.203400433063507,0,2,2,20,0.2615396678447723,0.1994391679763794,0.2094524502754211,-0.33640101666666666,0.33640101666666666,0.2656759072462866,0.00605201721191409,0.003961265087127602,0.05813923478126529
3,evt_003292,27,2434,1678435949041,1,0.4922428826491038,0,2,2,20,0.5639991164207458,0.5466093420982361,0.4920379221439361,-0.2892162272,0.2892162272,0.2653656204237347,0.00020496050516771724,0.054366459449132265,0.07175623377164203
3,evt_003293,27,2435,1678435968111,1,0.2210840682188669,0,2,2,20,0.2669961750507355,0.2740624248981476,0.2215874642133712,-0.2658211061333333,0.2658211061333333,0.2099495053965663,0.0005033959945043021,0.05297835667928069,0.04591210683186858
3,evt_003294,27,2436,1678435982276,0,0.2193675239880879,0,2,2,20,0.2733228802680969,0.2911984026432037,0.2237224727869033,-0.2893554854,0.2893554854,0.2517989716150235,0.0043549487988154,0.07183087865511578,0.053955356280009026
3,evt_003295,27,2437,1678436001655,0,0.1771701077620188,0,2,2,20,0.222001314163208,0.1817467659711837,0.1800460964441299,-0.30106614956666666,0.30106614956666666,0.2557498245992993,0.002875988682111086,0.004576658209164891,0.044831206401189205
3,evt_003296,27,2438,1678436011585,1,0.2871197412411372,0,2,2,20,0.3519749641418457,0.3124741315841675,0.2902901768684387,-0.3157820362666667,0.3157820362666667,0.2550359161748142,0.0031704356273015155,0.025354390343030275,0.0648552229007085
3,evt_003297,27,2439,1678436035221,0,0.3266281187534332,0,2,2,20,0.3973379135131836,0.3965395390987396,0.3350489139556885,-0.3161999330333333,0.3161999330333333,0.26734685730489743,0.008420795202255249,0.0699114203453064,0.07070979475975037
3,evt_003298,27,2440,1678436050656,1,0.1349919761220614,0,2,2,20,0.1652865409851074,0.143179640173912,0.1361031681299209,-0.2648264023333333,0.2648264023333333,0.21677172162514322,0.0011111920078595017,0.00818766405185059,0.030294564863045992
3,evt_003299,27,2441,1678436329105,0,0.2625614007314046,0,2,2,20,0.3222339153289795,0.3204437792301178,0.269435852766037,-0.3112915666,0.3112915666,0.2615147889378361,0.006874452034632383,0.057882378498713194,0.05967251459757489
3,evt_003300,27,2442,1678436336949,0,0.2481718709071477,0,2,2,20,0.3129481971263885,0.2756792306900024,0.2552802860736847,-0.35285715343333335,0.35285715343333335,0.2969846653932182,0.0071084151665369855,0.02750735978285468,0.06477632621924079
3,evt_003301,27,2443,1678436344724,1,0.2494866102933883,0,2,2,20,0.3182909488677978,0.3404127359390259,0.2572523653507232,-0.3587403283333333,0.3587403283333333,0.297301073165878,0.0077657550573349,0.09092612564563757,0.06880433857440948
3,evt_003423,28,2556,1678521427919,0,0.2745607693990071,0,2,2,20,0.3428463637828827,0.2966909408569336,0.2828582227230072,-0.3330953417333333,0.3330953417333333,0.2540468372101334,0.008297453324000115,0.022130171457926506,0.0682855943838756
3,evt_003424,28,2557,1678521435392,0,0.2195767859617869,0,2,2,20,0.2657135426998138,0.263049453496933,0.2247883230447769,-0.2629186654,0.2629186654,0.21478810255846442,0.005211537082989992,0.04347266753514609,0.04613675673802689
3,evt_003425,28,2558,1678521442988,0,0.2587686429421107,0,2,2,20,0.3288423120975494,0.3205916583538055,0.2673899531364441,-0.3538173031333333,0.3538173031333333,0.27586539764709467,0.008621310194333376,0.06182301541169477,0.07007366915543867
3,evt_003426,28,2559,1678521451825,0,0.3674982686837514,0,2,2,20,0.4363168776035309,0.441041350364685,0.3756520450115204,-0.29756130616666665,0.29756130616666665,0.28035782172927576,0.00815377632776898,0.0735430816809336,0.06881860891977948
3,evt_003427,28,2560,1678521460058,0,0.278522898753484,0,2,2,20,0.3409573137760162,0.3451329171657562,0.2881962656974792,-0.30573810376666666,0.30573810376666666,0.24416156900771227,0.009673366943995176,0.06661001841227221,0.062434415022532164
3,evt_003428,28,2561,1678521467720,0,0.2009638845920562,0,2,2,20,0.2534622550010681,0.2133883684873581,0.2094871550798416,-0.31863006033333335,0.31863006033333335,0.23777622048712355,0.008523270487785423,0.012424483895301902,0.052498370409011924
3,evt_003429,28,2562,1678521475921,0,0.1891670823097229,0,2,2,20,0.2315960526466369,0.1947831958532333,0.1952800899744033,-0.28240427486666664,0.28240427486666664,0.23448549264786075,0.006113007664680398,0.005616113543510409,0.04242897033691401
3,evt_003430,28,2563,1678521483166,0,0.3024595628182093,0,2,2,20,0.3666197061538696,0.3673491477966308,0.3114019930362701,-0.3089412268666667,0.3089412268666667,0.2562482689764552,0.008942430218060793,0.06488958497842151,0.06416014333566028
3,evt_003431,28,2564,1678521489938,0,0.25100739300251,0,2,2,20,0.3170515298843384,0.2669456601142883,0.2610730826854706,-0.33759376319999995,0.33759376319999995,0.28477138558293963,0.010065689682960566,0.01593826711177826,0.06604413688182836
3,evt_003432,28,2565,1678521497685,0,0.1455524638295173,0,2,2,20,0.1792507171630859,0.1794652193784713,0.1514812260866165,-0.2775618352,0.2775618352,0.23747663205557332,0.005928762257099179,0.03391275554895398,0.0336982533335686
3,evt_003433,28,2566,1678521544104,0,0.2932314127683639,0,2,2,20,0.3534483909606933,0.3482603132724762,0.3045554757118225,-0.2912488998,0.2912488998,0.23489916522504412,0.011324062943458613,0.0550289005041123,0.06021697819232941
3,evt_003434,28,2306,1678521552477,0,0.2522618770599365,1,2,2,20,0.3005138635635376,0.2688343226909637,0.2602433860301971,-0.26307747119999997,0.26307747119999997,0.23225766084655491,0.007981508970260565,0.016572445631027166,0.048251986503601074
3,evt_003435,28,2567,1678521558144,0,0.2697406361500422,0,2,2,20,0.3393530547618866,0.3336133062839508,0.2768997251987457,-0.3408310601666667,0.3408310601666667,0.2636867971285795,0.0071590890487035486,0.06387267013390863,0.06961241861184442
3,evt_003436,28,2568,1678521564777,0,0.2328255126873652,0,2,2,20,0.2813013195991516,0.238100528717041,0.2404753714799881,-0.27772748873333336,0.27772748873333336,0.22778741522850382,0.007649858792622893,0.005275016029675783,0.04847580691178641
3,evt_003530,29,2657,1678612902843,1,0.3593347171942393,0,2,2,20,0.3514566719532013,0.3582290709018707,0.2946371436119079,0.03228623813333334,0.11909799520000001,0.09148968095412129,0.06469757358233141,0.0011056462923685895,0.007878045241038023
3,evt_003531,29,2658,1678612966606,1,0.3340938786665599,0,2,2,20,0.3147657811641693,0.3301222622394562,0.2616322934627533,0.08235523106666665,0.1143917356,0.12895680456196545,0.07246158520380658,0.003971616427103697,0.019328097502390562
3,evt_003532,29,2659,1678613511446,0,0.3040055831273396,0,2,2,20,0.2904413640499115,0.3008959293365478,0.2373051196336746,0.058801821633333334,0.12918554503333335,0.11524183810492114,0.06670046349366501,0.003109653790791811,0.013564219077428108
3,evt_003533,29,2660,1678613579561,1,0.4805276691913605,0,2,2,20,0.4465024471282959,0.481713205575943,0.3741234838962555,0.13666077443333333,0.23302980556666672,0.2340258566944324,0.10640418529510498,0.0011855363845825195,0.034025222063064575
3,evt_003534,29,2554,1678613592745,0,0.2719199458758036,1,2,2,20,0.2562671899795532,0.2678371667861938,0.2140957713127136,0.0812304952,0.09937233146666669,0.12158744991695568,0.05782417456309,0.0040827790896098,0.01565275589625037
3,evt_003535,29,2661,1678613594930,0,0.3562320272127787,0,2,2,20,0.3322869539260864,0.3579504489898681,0.2762769162654876,0.1058952647,0.12615133529999997,0.15734701028113868,0.07995511094729107,0.0017184217770894183,0.023945073286692264
3,evt_003536,29,2662,1678613622251,0,0.2409657388925552,0,2,2,20,0.2114825099706649,0.2425202578306198,0.1681785732507705,0.1420037713333333,0.21779279533333332,0.23167588723808233,0.0727871656417847,0.001554518938064603,0.029483228921890314
3,evt_003537,29,2663,1678613639358,0,0.1522450670599937,0,2,2,20,0.1461231112480163,0.1526430696249008,0.1184943094849586,0.03729525786666666,0.10658982880000001,0.08686653423071587,0.033750757575035095,0.00039800256490710173,0.0061219558119773865
3,evt_003538,29,2664,1678614192002,0,0.2411863505840301,0,2,2,20,0.2313489466905594,0.2439973801374435,0.190640702843666,0.044839051966666654,0.11506856803333333,0.09708564891600698,0.0505456477403641,0.002811029553413391,0.009837403893470709
