fold,event_id,user_id,item_id,time,label,pred::V1-profile-dynamic-gated_cross_attention,pred::V1-profile-dynamic-gated,pred::U2-profile-gated,pred::V2-average-v1-top2,pred::V2-average-v1-u2,pred::V2-weighted-0p50-0p30-0p20,pred::V2-oof-logistic-blender,pred::V2-oof-ridge-blender
1,evt_000073,0,74,1667724482202,0,0.2326676249504089,0.3095765809218089,0.2500947763522466,0.2711221029361089,0.26411299407482147,0.25922574202219645,0.19433375717014167,0.5415717451550814
1,evt_000074,0,75,1667724513217,0,0.2167833174268404,0.2766605317592621,0.2221141556898752,0.24672192459305126,0.23851933495865926,0.23581264937917387,0.17873056897170597,0.5419717220358008
1,evt_000075,0,76,1667724525109,0,0.3462148855129878,0.4412286380926768,0.3655080795288086,0.3937217618028323,0.3843172010448244,0.3785776500900586,0.2963482701013292,0.5553194036892921
1,evt_000076,0,77,1667724567726,0,0.2504630188147227,0.322951873143514,0.2574976782004038,0.28670744597911835,0.27697085671954685,0.2736166069904963,0.20819961605335832,0.5454029723700046
1,evt_000077,0,78,1667724573711,1,0.1724583903948465,0.2328304996093113,0.1778170963128407,0.2026444450020789,0.19436866210566617,0.19164176434278477,0.14051748741781708,0.5325727527189393
1,evt_000078,0,79,1667724596753,1,0.3111018985509872,0.3866148789723714,0.3040874600410461,0.3488583887616793,0.3339347458548016,0.33235290497541425,0.2596486524210389,0.5538313049550043
1,evt_000079,0,80,1667724641344,0,0.2316002349058786,0.2959380050500234,0.2440708925326665,0.263769119977951,0.25720304416285616,0.2533956974744796,0.19287674706062463,0.5438212800799374
1,evt_000080,0,82,1667724672025,0,0.2058221002419789,0.2720081756512324,0.2159285520513852,0.23891513794660565,0.23125294264819884,0.22769921322663622,0.1699010492323188,0.5385823861576667
1,evt_000081,0,83,1667724675955,1,0.2294682413339615,0.2935360173384349,0.2255202929178873,0.2615021293361982,0.2495081838634279,0.2478989844520887,0.18790036456270054,0.5433262894191564
1,evt_000082,0,84,1667724765858,1,0.2260131736596425,0.2880416909853617,0.2312899132569631,0.2570274323225021,0.24844825930065575,0.24567707677682238,0.186706172446257,0.5432184337765531
1,evt_000083,0,85,1667724789569,1,0.2497425079345702,0.312733123699824,0.2568193227052688,0.2812378158171971,0.273098318113221,0.270055055618286,0.2078812074529152,0.5471135990479651
1,evt_000084,0,86,1667724800808,0,0.4091543058554331,0.4920153220494588,0.3744235932826996,0.450584813952446,0.42519774039586383,0.4270664681990941,0.34447960899122065,0.5643068489411864
1,evt_000085,0,87,1667724806902,0,0.2248035619656244,0.3281602462132771,0.2116450717051823,0.2764819040894507,0.2548696266280279,0.2531788691878318,0.18084910710863286,0.5346667368265935
1,evt_000086,0,88,1667724819511,0,0.3791084388891856,0.4614619016647339,0.3545080920060475,0.4202851702769598,0.398359477519989,0.39889440834522244,0.31839349361272007,0.5610754624839899
1,evt_000087,0,89,1667724862888,1,0.2100330690542856,0.2606444756189981,0.2207208077112833,0.23533877233664185,0.23046611746152235,0.22735403875509888,0.17415167196178094,0.5427389368908141
1,evt_000200,1,204,1669102676979,0,0.2832400997479756,0.2869571596384048,0.2962087988853454,0.2850986296931902,0.28880201942390865,0.2869489575425783,0.2410209354438294,0.5637338698290949
1,evt_000201,1,205,1669102689765,0,0.2669156392415364,0.3060147762298584,0.3178963462511697,0.2864652077356974,0.2969422539075215,0.28884152173995964,0.2321644211636519,0.5548185508062409
1,evt_000202,1,206,1669102712490,0,0.2413929154475529,0.2821010599533716,0.2837856610616048,0.26174698770046223,0.2690932121541764,0.2620839079221089,0.20777094321517928,0.5505507023248605
1,evt_000203,1,207,1669102727340,1,0.2346599946419397,0.2897806614637375,0.3129228353500365,0.26222032805283857,0.2791211638185712,0.2668487628300984,0.2075264717962884,0.5468229265756045
1,evt_000204,1,208,1669102780192,0,0.2838012774785359,0.354627788066864,0.3535765012105306,0.31921453277269995,0.3306685222519768,0.3190042754014333,0.2496967763150661,0.5514601618551159
1,evt_000205,1,209,1669102795889,1,0.4450692137082417,0.4918952385584513,0.526739497979482,0.4684822261333465,0.487901316748725,0.47545107801755265,0.40497347628059704,0.574945937082698
1,evt_000206,1,210,1669102838725,0,0.2324751118818918,0.2806759675343831,0.3025697221358617,0.25657553970813746,0.27190693385071224,0.26095429062843317,0.20443268135941214,0.5478002887346065
1,evt_000207,1,211,1669102852050,0,0.2091118246316909,0.2139675021171569,0.2256942292054493,0.2115396633744239,0.2162578519847657,0.2138850087920824,0.17601089127782993,0.5532171360898008
1,evt_000208,1,212,1669102863702,0,0.1906087746222813,0.2188355028629302,0.2055693119764327,0.20472213874260575,0.20500452982054806,0.20206890056530624,0.1588439235181884,0.5442542216085158
1,evt_000209,1,213,1669102902236,1,0.466047724088033,0.5177927414576212,0.5178041557470957,0.49192023277282715,0.5005482070975833,0.49192251563072203,0.4189077595047592,0.5760538211687871
1,evt_000210,1,214,1669102943387,1,0.2266185830036799,0.2395690629879633,0.2645895431439082,0.2330938229958216,0.24359239637851715,0.2380979190270106,0.19491497665676072,0.5542102199645867
1,evt_000366,2,323,1669361364341,0,0.6192393898963928,0.6163266102472941,0.6284298300743103,0.6177830000718434,0.6213319434059991,0.6202036440372467,0.5671380900647024,0.6001116457957272
1,evt_000281,2,287,1669361383730,0,0.1901524364948272,0.2081157912810643,0.2213705529769261,0.19913411388794575,0.20654626025093922,0.20178506622711812,0.16168729867256815,0.5469037274362308
1,evt_000274,2,280,1669361388711,1,0.3362740874290466,0.3971166511376698,0.4181843002637227,0.3666953692833582,0.38385834627681303,0.3709088991085688,0.30058077875001676,0.5603939241098684
1,evt_000381,2,338,1669361399957,0,0.4295872847239176,0.4365366299947102,0.4574896295865376,0.4330619573593139,0.44120451476838846,0.4372525572776794,0.3802258947436538,0.5795533917647341
1,evt_000276,2,282,1669361406473,0,0.3391762971878052,0.3693746825059255,0.3796801964441935,0.3542754898468653,0.36274372537930805,0.35633659263451894,0.29644043206098997,0.5658010208112205
1,evt_000324,2,165,1669361423835,0,0.2703108340501785,0.2898177802562713,0.3022415240605672,0.2800643071532249,0.2874567127890057,0.2825490559140841,0.23241789435006527,0.5590236884232155
1,evt_000360,2,171,1669361429968,0,0.292973130941391,0.2974741160869598,0.2610891113678613,0.2952236235141754,0.28384545279873735,0.2879466225703557,0.24071692908976494,0.5643738701170598
1,evt_000323,2,150,1669361436608,0,0.2223164488871891,0.2206670741240183,0.1892641186714172,0.22149176150560368,0.2107492138942082,0.21521117041508347,0.17800715862930572,0.5562387155038404
1,evt_000358,2,166,1669361449883,0,0.2872668802738189,0.295292466878891,0.2837802320718765,0.291279673576355,0.2887798597415288,0.28897722661495207,0.24124564027121853,0.5632266720484553
1,evt_000333,2,164,1669361506576,0,0.2167111734549204,0.2246978829304377,0.1954247231284777,0.22070452819267905,0.21227792650461194,0.21484989623228704,0.17520574748935042,0.5532172367192816
1,evt_000394,2,351,1669362099164,0,0.4716855585575104,0.5233627259731293,0.5211293995380402,0.4975241422653198,0.5053925613562266,0.49707747697830196,0.4239537801259397,0.5766149954129318
1,evt_000363,2,320,1669362148229,1,0.5014330943425497,0.5640917221705118,0.5528700351715088,0.5327624082565308,0.5394649505615234,0.5305180708567301,0.45339854760511095,0.5777462826696258
1,evt_000359,2,211,1669362188201,0,0.164171998699506,0.1690956776340802,0.1475224296251932,0.1666338381667931,0.16026336865292648,0.1623191885650157,0.13101027970901008,0.5450112795930554
1,evt_000387,2,344,1669362192576,1,0.3665466010570526,0.4568118949731191,0.4745000600814819,0.4116792480150858,0.43261951870388454,0.4152168810367584,0.3329743589588193,0.5592933792800552
1,evt_000452,3,361,1669619270320,0,0.2278754512468973,0.2831733574469884,0.2552350461483001,0.25552440434694285,0.2554279516140619,0.24993674208720518,0.19263738900019456,0.5451516760223377
1,evt_000453,3,362,1669619337785,0,0.3010170757770538,0.3586812416712443,0.338243027528127,0.32984915872414905,0.3326471149921417,0.3257615158955256,0.25976096078500815,0.5560099158528562
1,evt_000454,3,363,1669619379026,1,0.3839599390824635,0.43416561683019,0.3984490931034088,0.40906277795632673,0.4055248830053541,0.4019194732109705,0.33226096780490505,0.5673260255966731
1,evt_000455,3,364,1669621191644,1,0.3063090244928996,0.3758009771505992,0.3310175438721974,0.3410550008217494,0.33770918183856535,0.33209831416606905,0.26175263427899154,0.5545107970987249
1,evt_000456,3,365,1669621206308,1,0.3945504128932953,0.4621664782365163,0.4106814662615458,0.42835844556490577,0.42246611913045246,0.4180614431699117,0.3419086531327235,0.5656140755900312
1,evt_000457,3,366,1669621283283,1,0.3749367992083232,0.436679591735204,0.3946928183237712,0.4058081954717636,0.40210306975576615,0.3974108407894771,0.3244146972366774,0.564396647768974
1,evt_000458,3,368,1669621342095,1,0.3932011127471924,0.465017686287562,0.3925724824269612,0.4291093995173772,0.4169304271539052,0.41462035874525704,0.3370124604851856,0.564634278704852
1,evt_000459,3,369,1669621381905,1,0.2959566513697306,0.3739217122395833,0.3087377448876698,0.334939181804657,0.3262053694989946,0.32190238833427426,0.24976804297070174,0.5514539273824024
1,evt_000460,3,370,1669621414783,1,0.3567915757497151,0.4246655205885569,0.3927169938882192,0.390728548169136,0.3913913634088304,0.38433884282906844,0.31047069687035134,0.5613478774782567
1,evt_000461,3,52,1669621434556,1,0.3717980782190959,0.4352893531322479,0.3796089986960093,0.40354371567567193,0.39556547668245107,0.39240764478842416,0.3189795436909577,0.5636448787387166
1,evt_000462,3,371,1669621477370,1,0.3443892796834309,0.4091382126013438,0.3583933711051941,0.3767637461423874,0.3706402877966563,0.36661477784315744,0.2947164119086728,0.5601953835912824
1,evt_000582,4,205,1669793170736,1,0.2344634532928466,0.2504165669282277,0.228148286541303,0.24244001011053717,0.2376761022541258,0.23798635403315221,0.19343510473362702,0.554278313909205
1,evt_000583,4,435,1669793204513,1,0.5038272639115652,0.5482187469800314,0.5275896986325582,0.5260230054457983,0.5265452365080515,0.5218971957763037,0.45046563175568044,0.5808132861592638
1,evt_000584,4,206,1669793258524,1,0.2013473212718963,0.2592509935299555,0.2118343859910964,0.2302991574009259,0.22414423359764943,0.22081583589315412,0.16635143893156135,0.5394698096826633
1,evt_000585,4,204,1669793291748,0,0.2183003326257069,0.2714212387800216,0.2108000914255777,0.24486078570286424,0.23350722094376875,0.23273655623197545,0.1778131099614102,0.5435297457901721
1,evt_000586,4,436,1669793297186,1,0.2986753781636556,0.3581996162732442,0.3183324734369913,0.3284374972184499,0.3250691559579637,0.3204640686511993,0.2542033636415793,0.555204169817736
1,evt_000587,4,226,1669793328232,1,0.1517239784200985,0.195028136173884,0.1587547262509663,0.17337605729699124,0.1685022802816496,0.1661213753124077,0.12370902428091735,0.5317510599306162
1,evt_000588,4,212,1669793447926,0,0.1612808182835578,0.214858368039131,0.1464408288399378,0.18806959316134442,0.17419333838754222,0.17438608532150576,0.12738939652587916,0.5312090251830396
1,evt_000589,4,437,1669793451466,1,0.2507586032152176,0.3178332149982452,0.2653819024562835,0.2842959091067314,0.2779912402232488,0.27380564659833906,0.21007617694335073,0.546563543959766
1,evt_000590,4,438,1669793506499,1,0.3664517601331075,0.4283463656902313,0.3883325656255086,0.3973990629116694,0.39437689714961577,0.38939630289872484,0.31689874349531194,0.5633998421777492
1,evt_000591,4,439,1669793560794,1,0.2760248283545176,0.3482083976268768,0.2991934319337209,0.31211661299069715,0.307808885971705,0.302313619852066,0.23402534515041226,0.5496595537825477
1,evt_000592,4,211,1669793598327,0,0.180578276515007,0.2256527890761692,0.1764295920729637,0.20311553279558808,0.19422021922137997,0.193270893394947,0.14614166626094702,0.5379140265340825
1,evt_000593,4,440,1669793607185,1,0.3342847327391307,0.4057360688845317,0.3622441788514455,0.3700104008118312,0.3674216601583693,0.36131202280521396,0.2879150151585989,0.5578878290395521
1,evt_000594,4,441,1669793657689,1,0.5125629901885986,0.5731290678183237,0.559670607248942,0.5428460290034611,0.5484542217519547,0.5401543368895848,0.4636542097433093,0.579140807547036
1,evt_000595,4,203,1669793700438,0,0.290929302573204,0.323835164308548,0.296304389834404,0.307382233440876,0.3036896189053853,0.3018760785460472,0.2453761117199052,0.5589518902398605
1,evt_000720,5,303,1669963779066,1,0.4025919139385223,0.4170347948869069,0.4442664881547292,0.4098133544127146,0.42129773232671947,0.4152596930662791,0.35690577250101657,0.5755965199182055
1,evt_000721,5,174,1669963801403,1,0.388556162516276,0.4129721422990163,0.477511465549469,0.4007641524076462,0.4263465901215871,0.4136720170577367,0.35274323841251753,0.5727555506579247
1,evt_000722,5,306,1669963834736,1,0.3947540322939555,0.3489277064800262,0.4346769650777181,0.37184086938699085,0.3927862346172333,0.3889907211065292,0.3515971927160332,0.5852762341295616
1,evt_000723,5,527,1669965034544,0,0.3545428464810052,0.3746419052282968,0.4155287742614746,0.364592375854651,0.3815711753235922,0.37276974966128656,0.3151634895062909,0.5695268963959026
1,evt_000724,5,528,1669965079301,0,0.4178571403026581,0.4226556619008382,0.4316817621390025,0.4202564011017481,0.42406485478083294,0.422061621149381,0.3661012881253547,0.5786059398277567
1,evt_000725,5,529,1669965121061,1,0.4823104838530223,0.5321169594923655,0.5718950231870016,0.5072137216726939,0.5287741555107964,0.5151693344116212,0.44336354307667264,0.5782831366389357
1,evt_000726,5,530,1669965157267,1,0.4406424860159556,0.4958777030309041,0.5369855662186941,0.46826009452342987,0.49116858508851796,0.47648166716098783,0.4034304533686929,0.5732113225972593
1,evt_000727,5,531,1669965194566,0,0.4178942441940307,0.4648850361506144,0.5158584813276926,0.4413896401723225,0.4662125872241125,0.45158432920773817,0.3819350554332271,0.5721945487484873
1,evt_000728,5,532,1669965309245,1,0.3945747017860412,0.3987656235694885,0.4119457105795542,0.3966701626777649,0.4017620119783613,0.39930618007977803,0.3446998105131589,0.5763161673612383
1,evt_000729,5,533,1669965352684,1,0.4055077334245046,0.444522609313329,0.5085829198360443,0.42501517136891676,0.45287108752462596,0.43782723347345986,0.37132999270496864,0.5722332087915285
1,evt_000730,5,534,1669965392665,0,0.4785473843415578,0.4909814000129699,0.5343176325162252,0.48476439217726386,0.5012821389569176,0.49343163867791495,0.4337560013897003,0.5837925133643419
1,evt_000731,5,535,1669965415628,0,0.3972245156764983,0.4437831441561381,0.4907243450482686,0.4205038299163182,0.44391066829363496,0.42989207009474434,0.3610797535566906,0.5700028293419599
1,evt_000805,6,315,1670137247245,0,0.162018726269404,0.2202559113502502,0.1302241260806719,0.1911373188098271,0.17083292123344204,0.17313096175591142,0.12441891209551287,0.5299797663623826
1,evt_000806,6,256,1670137257753,0,0.125870774189631,0.1706872880458831,0.0840844263633092,0.14827903111775703,0.12688082953294108,0.13095845878124227,0.0920094324608912,0.5230236305794684
1,evt_000807,6,172,1670137268647,0,0.0956064524749914,0.1406339034438132,0.0680822034676869,0.1181201779594023,0.1014408531288305,0.10360983796417705,0.07008373918218928,0.5119315272240137
1,evt_000808,6,313,1670137295233,0,0.129006544748942,0.1870530073841413,0.1154065454999605,0.15802977606654164,0.14382203254434792,0.14370048368970548,0.10037301062461046,0.5208506848083546
1,evt_000890,7,605,1670155947898,0,0.2662886182467143,0.325413425763448,0.3229710062344869,0.2958510220050812,0.3048910167482164,0.2953625380992889,0.23192241040005998,0.5509136199298594
1,evt_000891,7,606,1670155983387,0,0.2923652182022729,0.3806151350339253,0.3340521752834319,0.3364901766180991,0.33567750950654335,0.3271775846680004,0.251678198796231,0.5493567680572913
1,evt_000892,7,513,1670156026133,1,0.2778874138991037,0.3517304360866546,0.3017735779285431,0.31480892499287916,0.31046380930476714,0.3048175533612568,0.23577508126422336,0.549642761789553
1,evt_000893,7,607,1670156079011,0,0.2688614378372828,0.3473018606503804,0.3098007937272389,0.3080816492438316,0.30865469740496737,0.30058143585920327,0.2307055738017042,0.5475648869228428
1,evt_000894,7,608,1670156105771,0,0.184419756134351,0.2705998917420705,0.2115493069092432,0.22750982393821073,0.22218965159522155,0.21569970697164528,0.15387907265232154,0.5299023078028309
1,evt_000895,7,610,1670156162381,1,0.2205811391274133,0.2904260456562041,0.2751793960730235,0.2555035923918087,0.2620621936188803,0.25245426247517255,0.1905418333854692,0.5411230949669297
1,evt_000896,7,611,1670156210892,0,0.3175933758417764,0.3216389218966165,0.3610217074553172,0.3196161488691964,0.3334180017312367,0.3274927059809366,0.27811956059751053,0.5680695374326449
1,evt_000897,7,612,1670156222265,0,0.2970127463340759,0.3615087568759918,0.3035943806171417,0.3292607516050339,0.3207052946090698,0.3176778763532639,0.2499788070765196,0.5539615469605708
1,evt_000898,7,613,1670156268143,0,0.2756096571683883,0.2919497440258661,0.2948770821094512,0.2837797005971272,0.28747882776790185,0.2843651682138442,0.2348961565839911,0.5602607510840867
1,evt_000899,7,614,1670156287465,0,0.3250111043453216,0.3437972664833069,0.3200258513291676,0.33440418541431427,0.32961140738593203,0.3296499023834864,0.27479760198402187,0.5658001667592156
1,evt_000900,7,615,1670156312999,1,0.3149932026863097,0.3319379885991414,0.340963860352834,0.3234655956427256,0.3292983505460951,0.32527076999346405,0.2718528663637046,0.5651930501223041
1,evt_000901,7,616,1670156345414,1,0.2864456127087275,0.2867913842201232,0.316196213165919,0.28661849846442533,0.29647773669825656,0.2924994642535845,0.24726880011954613,0.5649599327938588
1,evt_000902,7,617,1670156385250,1,0.3306683997313182,0.3373281359672546,0.3256635963916778,0.3339982678492864,0.3312200440300835,0.33166535993417107,0.280444879579632,0.5686972947520903
1,evt_001020,8,681,1670398021943,1,0.3193562825520833,0.3790515859921773,0.3642443120479584,0.3492039342721303,0.3542173935307396,0.34624247948328657,0.27790408913513553,0.5581508495833093
1,evt_001021,8,196,1670398067990,1,0.2934100727240245,0.3603704869747162,0.3345977266629537,0.32689027984937036,0.32945942878723145,0.32173572778701787,0.25327227014037923,0.5533071158903301
1,evt_001022,8,682,1670398102041,1,0.3918233811855316,0.4549825688203175,0.4409802556037903,0.42340297500292456,0.42926206853654647,0.42060251235961915,0.3462472722834536,0.566302197322939
1,evt_001023,8,683,1670398159821,1,0.4177007377147674,0.461527407169342,0.4524214168389638,0.4396140724420547,0.44388318724102444,0.437792874375979,0.3687254668933406,0.5722305313912247
1,evt_001024,8,684,1670398205331,0,0.4967592557271321,0.5466914276281992,0.5462469359238943,0.5217253416776657,0.5298992064264086,0.5216364433368047,0.4488581933706791,0.5793919996936554
1,evt_001025,8,685,1670398239861,1,0.5437580943107605,0.5927673975626627,0.5808830459912618,0.5682627459367116,0.5724695126215616,0.5658858756224314,0.4933787712368417,0.5840060985955394
1,evt_001026,8,182,1670398291529,1,0.2779529690742492,0.3334653973579407,0.3215132157007853,0.30570918321609497,0.31097719404432506,0.30331874688466387,0.2401490456150211,0.5532152037403734
1,evt_001027,8,686,1670398344098,0,0.3860846360524495,0.4188917676607768,0.4241760770479838,0.40248820185661316,0.40971749358707005,0.4035450637340546,0.3397601789707197,0.5706812877269534
1,evt_001028,8,687,1670399017463,0,0.5192041198412577,0.5691811641057333,0.5661160747210184,0.5441926419734955,0.5515004528893365,0.5435796240965526,0.47073930000073155,0.5815542258423702
1,evt_001029,8,688,1670399051059,1,0.3826865553855896,0.4052559634049733,0.4213929971059163,0.39397125939528144,0.4031118386321597,0.39719866613547006,0.3370805958447129,0.572056829864346
1,evt_001030,8,211,1670399101433,0,0.2080808927615483,0.2407860507567723,0.2362124820550283,0.22443347175916029,0.22835980852444962,0.22351875801881152,0.17620952882532095,0.5465507064880415
1,evt_001031,8,218,1670399114667,0,0.2506651580333709,0.2745380649964015,0.2692051927248637,0.2626016115148862,0.26480280525154537,0.2615350370605786,0.2122172757651827,0.5552343461345862
1,evt_001032,8,205,1670399150245,0,0.2603716949621836,0.3031903902689615,0.2987192968527476,0.2817810426155726,0.2874271273612976,0.2808868239323298,0.22386009755916952,0.5530142044868218
1,evt_001139,9,783,1670415469474,0,0.3821844756603241,0.3997732202212016,0.4563153286774953,0.3909788479407629,0.412757674853007,0.4022872696320216,0.34395444065627356,0.5731215839322505
1,evt_001140,9,784,1670415517604,0,0.4039365351200104,0.4241203963756561,0.5064187546571096,0.41402846574783325,0.44482522871759206,0.43048813740412395,0.37045924356019677,0.5752189517074129
1,evt_001141,9,785,1670415561157,0,0.4416908025741577,0.4457331796487172,0.5169593791166941,0.44371199111143744,0.4681277871131897,0.4579572310050328,0.4020843377207186,0.5816154516292237
1,evt_001142,9,786,1670415605083,0,0.3549700677394867,0.3736194769541422,0.4297371606032054,0.36429477234681445,0.3861089017656114,0.3755183090766271,0.3183259334162945,0.5699352376469247
1,evt_001143,9,787,1670415658588,1,0.4252545734246571,0.437017023563385,0.51523890097936,0.43113579849402106,0.459170165989134,0.44678017397721603,0.38886041080523814,0.5787632147946034
1,evt_001144,9,159,1670416522576,0,0.3476849397023518,0.3356385330359141,0.359993855158488,0.341661736369133,0.3477724426322513,0.34653280079364773,0.30038802730200737,0.5741840665181742
1,evt_001145,9,155,1670416539131,0,0.2920463234186172,0.2889943619569142,0.3389984766642253,0.2905203426877657,0.30667972067991894,0.3005211656292279,0.25573156468713815,0.566468302581372
1,evt_001146,9,163,1670416548144,1,0.4684042731920878,0.4859268466631571,0.5245123704274496,0.47716555992762244,0.49294783009423143,0.48488266468048097,0.42360217618057855,0.5819457556137905
1,evt_001147,9,168,1670416592087,0,0.4036279916763305,0.3949182132879893,0.4472515781720479,0.3992731024821599,0.4152659277121226,0.4097397754589716,0.3592451205275116,0.5796647038203493
1,evt_001148,9,153,1670416634556,1,0.3566986819108327,0.3567894001801808,0.3909611701965332,0.3567440410455067,0.36814975076251555,0.3635783950487772,0.3126854028818608,0.573119921793244
1,evt_001149,9,157,1670416689363,0,0.3403297265370686,0.3254823386669159,0.3770457108815511,0.33290603260199225,0.3476192586951785,0.3432187070449193,0.2985528862199715,0.5741125123377032
1,evt_001253,10,846,1670487566979,1,0.332749605178833,0.3734947144985199,0.4093782504399617,0.35312215983867645,0.3718741900391049,0.36029886702696484,0.297055874519265,0.5634374905784499
1,evt_001254,10,847,1670488843955,1,0.3957417706648509,0.4535487492879231,0.4906426072120666,0.424645259976387,0.4466443757216136,0.43206403156121576,0.35949142523183597,0.5679714998864731
1,evt_001255,10,848,1670488895051,1,0.4868325491746266,0.523229976495107,0.5636506776014963,0.5050312628348668,0.5245710677570766,0.5131154030561447,0.4456014899111438,0.5808458122931927
1,evt_001256,10,849,1670488932236,0,0.2985174308220545,0.3387642900149027,0.3828880041837692,0.3186408604184786,0.34005657500690883,0.32746560325225194,0.26690183300553283,0.5592421209617164
1,evt_001257,10,850,1670488956849,1,0.3746875127156575,0.4043280283610026,0.4548992315928141,0.3895077705383301,0.41130492422315806,0.3996220111846923,0.33757098477194397,0.5702760732638894
1,evt_001258,10,851,1670489000102,0,0.3189024329185485,0.3608095943927765,0.3913479646046956,0.3398560136556625,0.35701999730534023,0.3459636876980463,0.2833866962261221,0.5614788286977712
1,evt_001259,10,852,1670489032998,1,0.3477619489034017,0.4260887304941813,0.422663927078247,0.3869253396987915,0.39883820215861004,0.38624037901560465,0.3092927903051414,0.5587710372601293
1,evt_001260,10,407,1670489065739,1,0.3519731561342875,0.4061067501703898,0.419940580924352,0.3790399531523386,0.39267349574300975,0.3818067193031311,0.3128001437302196,0.5633621686379588
1,evt_001261,10,853,1670489108954,1,0.4903985857963562,0.5320001741250356,0.5621157387892405,0.511199379960696,0.5281714995702108,0.517222492893537,0.4478011059024,0.5803054520451383
1,evt_001262,10,854,1670489148475,1,0.366307000319163,0.4043664435545603,0.4312052925427754,0.38533672193686164,0.40062624547216624,0.39070449173450467,0.32627404627415374,0.5677731096376694
1,evt_001263,10,855,1670489202080,1,0.3627253274122874,0.4218529363473256,0.4103608926137288,0.3922891318798065,0.3983130521244473,0.3899907231330872,0.3186701968748493,0.5636299928565186
1,evt_001378,11,919,1670591695198,1,0.4623094002405802,0.4915041327476501,0.5420750081539154,0.4769067664941151,0.49862951371404857,0.48702094157536824,0.4222374809310203,0.579590497129063
1,evt_001379,11,920,1670591745886,1,0.3708439767360687,0.4077147742112477,0.4494868914286296,0.3892793754736582,0.4093485474586487,0.3976337989171346,0.3333305263501831,0.5685951944066966
1,evt_001380,11,204,1670591799450,1,0.2875676850477853,0.2818568547566731,0.3078315804402033,0.2847122699022292,0.29241870674822057,0.28990721503893524,0.24670220469015777,0.5662458431983269
1,evt_001381,11,921,1670592613125,1,0.3985917270183563,0.4333758652210235,0.4894362191359202,0.41598379611968994,0.4404679371251001,0.42719586690266925,0.36232506584098584,0.5721051247642377
1,evt_001382,11,922,1670592650381,1,0.4061333040396372,0.4315454761187235,0.4921283324559529,0.41883939007918036,0.44326903753810454,0.43095596134662617,0.3689635634325221,0.5744511028763198
1,evt_001383,11,923,1670592692370,1,0.4539910356203715,0.4868611494700114,0.534408281246821,0.47042609254519147,0.491753488779068,0.4799355189005534,0.41403469627973905,0.5781473059953788
1,evt_001384,11,924,1670592747474,1,0.5960952838261923,0.6217843095461527,0.6554878354072571,0.6089397966861725,0.6244558095932007,0.6156805018583933,0.553544301572589,0.593238746357704
1,evt_001385,11,925,1670592801942,1,0.4070007105668385,0.4330712755521138,0.4647019406159718,0.42003599305947614,0.4349246422449747,0.42636212607224777,0.3639446456090271,0.5742236501619554
1,evt_001386,11,926,1670592853827,1,0.3241090774536133,0.3536513149738312,0.3913358151912689,0.33888019621372223,0.3563654025395711,0.34641709625720973,0.2876817823154726,0.5643160639246257
1,evt_001387,11,927,1670592865692,0,0.3431774477163951,0.383127361536026,0.4271590809027354,0.36315240462621057,0.3844879633850522,0.3719587484995524,0.30822413613917393,0.564892198921753
1,evt_001388,11,928,1670592918204,1,0.4236089487870534,0.4528988103071849,0.5000094970067342,0.43825387954711914,0.45883908536699086,0.447676016887029,0.3836890223599003,0.5755747929043543
1,evt_001389,11,929,1670592971507,1,0.3799289166927337,0.4071713189284007,0.4600058098634084,0.3935501178105672,0.4157020151615143,0.4041170159975688,0.3426161262872269,0.5712656107598039
1,evt_001390,11,930,1670593016467,1,0.4302514096101125,0.4539016286532084,0.506992111603419,0.44207651913166046,0.46371504995557994,0.45269461572170255,0.3904364419179523,0.577204115585867
1,evt_001505,12,205,1670744876901,0,0.2529928882916768,0.250813290476799,0.2122167299191157,0.2519030893842379,0.2386743028958638,0.24418377727270124,0.20336975728088347,0.5605458416854792
1,evt_001506,12,998,1670744887694,0,0.3740412294864654,0.4292757213115692,0.3744356135527293,0.40165847539901733,0.39258418811692136,0.3906904538472493,0.3198725982058386,0.5652393004366952
1,evt_001507,12,999,1670744900828,0,0.1971233536799748,0.2331389486789703,0.1991721938053766,0.21513115117947257,0.20981149872144056,0.20833780020475381,0.16182755534786258,0.5434834082742895
1,evt_001508,12,1000,1670744909870,1,0.5081096390883127,0.5307778318723043,0.4704370995362599,0.5194437354803085,0.5031081901656257,0.5073755890130996,0.44219892930079935,0.5843656303161987
1,evt_001509,12,1001,1670744928565,0,0.4529093503952026,0.4838832716147105,0.4790297547976176,0.46839631100495654,0.4719407922691769,0.467425607641538,0.40143988416372256,0.5779490137780585
1,evt_001510,12,210,1670744938717,0,0.1991813778877258,0.2232318421204885,0.2024989426136016,0.21120661000410715,0.20830405420727197,0.20706003010272975,0.1642440793186956,0.5467171433154823
1,evt_001511,12,1002,1670744944710,1,0.5945377747217814,0.6220494707425436,0.5801710486412048,0.6082936227321625,0.5989194313685099,0.5999179383118947,0.5346610961115378,0.592200042409647
1,evt_001512,12,222,1670744955798,0,0.2724969287713368,0.2880878746509552,0.2292722711960474,0.280292401711146,0.2632856915394465,0.26852928102016443,0.21954090566965923,0.5593917299027314
1,evt_001513,12,1003,1670744964128,0,0.3432408670584361,0.3604939778645833,0.344025194644928,0.3518674224615097,0.3492533465226491,0.34857366581757865,0.29278512769130227,0.5682677288135431
1,evt_001514,12,1004,1670745730463,1,0.3037872314453124,0.3473163743813832,0.3608399232228597,0.3255518029133478,0.3373145096831851,0.32825651268164313,0.266544457774333,0.5591150362765341
1,evt_001515,12,1005,1670745751065,0,0.3202069948116938,0.3821348547935486,0.3455959657828013,0.3511709248026212,0.34931260512934786,0.3438631470004717,0.27483362933547706,0.5577097580033934
1,evt_001516,12,1006,1670745764491,1,0.2235144724448521,0.2386475453774134,0.2344845086336135,0.23108100891113276,0.23221550881862632,0.23024840156237278,0.18717493513996616,0.5529638216752036
1,evt_001634,13,1121,1672733233124,0,0.4284752508004506,0.5023739536603292,0.429050733645757,0.46542460223038995,0.45329997936884564,0.4507599582274755,0.3706962920576695,0.568144715362555
1,evt_001635,13,1122,1672733256678,1,0.4207918842633565,0.4745098253091176,0.4541017214457194,0.44765085478623706,0.44980114367273116,0.4435692340135574,0.3709973911352344,0.5709102067233718
1,evt_001636,13,1123,1672733257835,0,0.232734074195226,0.2946939170360565,0.2696945269902547,0.26371399561564124,0.2657075060738457,0.2587141176064809,0.19842025037946384,0.5447374322361687
1,evt_001637,13,1124,1672733268908,0,0.3256643911202748,0.3891934355099996,0.3571622967720032,0.35742891331513715,0.3573400411340925,0.35102268556753785,0.28096848002529945,0.5581863107250576
1,evt_001638,13,1125,1672733293014,1,0.3534651398658752,0.4331106742223103,0.3997314572334289,0.3932879070440928,0.39543575710720485,0.38661206364631645,0.30897421930763574,0.5590298300843091
1,evt_001639,13,1126,1672733392020,0,0.2777497172355652,0.3717572093009949,0.3747849365075429,0.32475346326828003,0.34143062101470095,0.3253590087095896,0.248259997696168,0.5465896281316887
1,evt_001640,13,1127,1672733397907,0,0.5325729052225748,0.6185163259506226,0.6048549016316732,0.5755446155865986,0.5853147109349569,0.5728123307228089,0.48841707569492493,0.5768812440968197
1,evt_001641,13,1128,1672733437986,0,0.3341471155484517,0.42679230372111,0.4389539659023285,0.3804697096347809,0.39996446172396344,0.3829020420710245,0.30176070239779684,0.5548404554618187
1,evt_001642,13,1129,1672733451833,0,0.2889577498038609,0.4004718363285064,0.3690390189488728,0.3447147930661837,0.3528228683604134,0.338428229590257,0.254841736862854,0.5450839918096052
1,evt_001643,13,1130,1672733460843,0,0.3793136477470398,0.4977711538473765,0.5016612410545349,0.4385424007972082,0.4595820142163171,0.4393204182386398,0.34690839290325287,0.556214233654799
1,evt_001644,13,1131,1672733462361,0,0.4109257161617278,0.4773900906244914,0.483204980691274,0.44415790339310957,0.457173595825831,0.4453208814064661,0.3690864337423937,0.5680292323735764
1,evt_001645,13,1132,1672733491068,1,0.6234937906265259,0.6264531413714091,0.6445366144180298,0.6249734659989674,0.6314945154719882,0.6285901606082916,0.5741193525640064,0.5996394482577034
1,evt_001646,13,1133,1672733622331,0,0.3995409210522969,0.4043676257133484,0.4026281535625458,0.40195427338282264,0.402178900109397,0.40160637895266216,0.34641862831667464,0.5766190815578567
1,evt_001761,14,1207,1672836297393,0,0.2722038875023524,0.2989969154198964,0.2711427708466847,0.2856004014611244,0.2807811912563112,0.2800295725464821,0.2275207470383553,0.5575264681099112
1,evt_001762,14,205,1672836329053,0,0.2125538140535354,0.238202765583992,0.205617994070053,0.2253782898187637,0.21879152456919346,0.2188613355159759,0.17382579437053897,0.5485656630013169
1,evt_001763,14,210,1672836352679,0,0.1794945672154425,0.2188405444224674,0.1874277194341023,0.19916755581895496,0.19525427702400408,0.1928849908212819,0.14764310805499556,0.5392223466874437
1,evt_001764,14,1208,1672836357273,1,0.193455750743548,0.2200272629658381,0.1958755602439244,0.20674150685469306,0.2031195246511035,0.2019111663103103,0.15904372868446942,0.5450479617558636
1,evt_001765,14,211,1672836536260,0,0.1450036913156509,0.1787173300981521,0.1310975849628448,0.1618605107069015,0.15160620212554926,0.15233656167984005,0.11439560996945691,0.532349998636285
1,evt_001766,14,222,1672836538375,0,0.2163125276565551,0.2741260627905527,0.2144160469373066,0.2452192952235539,0.23495154579480482,0.23327729205290465,0.17701542932465655,0.5422370467941906
1,evt_001767,14,1209,1672837066019,1,0.2841216872135798,0.3427721063296,0.3297860225041707,0.3134468967715899,0.3188932720157835,0.31084968000650404,0.24599502678712717,0.5535395957264462
1,evt_001768,14,1210,1672837124168,1,0.186787391702334,0.2192899336417516,0.2099071443080901,0.2030386626720428,0.20532815655072523,0.20116210480531047,0.15686172797307493,0.5425628367666241
1,evt_001769,14,1211,1672837163998,1,0.3254698465267817,0.363296369711558,0.3297662138938904,0.34438310811916983,0.3395108100440767,0.3376770769556363,0.2763710012349637,0.5624835424653779
1,evt_001770,14,1212,1672837201189,1,0.2694329023361206,0.2925371627012889,0.2481650362412134,0.28098503251870477,0.270045033759541,0.27211060722668967,0.2211319504573902,0.5576818551399513
1,evt_001771,14,1213,1672837254276,0,0.2255143150687217,0.2774451573689778,0.2663377424081166,0.2514797362188497,0.25643240494860536,0.2492582532266775,0.1930785723214511,0.5455665596816349
1,evt_001895,15,212,1672887093975,0,0.1684352854887644,0.2008292277654011,0.1709223588307698,0.18463225662708277,0.18006229069497845,0.1786508828401565,0.1374077343840051,0.5385275187136056
1,evt_001896,15,203,1672887102370,0,0.2589798867702484,0.2942904730637868,0.2781242032845815,0.2766351799170176,0.27713152103953886,0.2734019259611766,0.2193130924206762,0.5541248559853591
1,evt_001897,15,1285,1672887132053,0,0.4453522463639577,0.5122534334659576,0.4489712615807851,0.47880283991495765,0.46885898047023344,0.46614640553792314,0.38785442352941835,0.571087659791229
1,evt_001898,15,211,1672887159738,1,0.1825166990359624,0.2242237528165181,0.1720809638500213,0.20337022592624027,0.19294047190083394,0.1929416681329409,0.1466974435730129,0.5390535969498461
1,evt_001899,15,226,1672887173296,0,0.154720311363538,0.1984738061825433,0.1689677834510803,0.17659705877304066,0.17405396699905387,0.17069585422674804,0.12751360772831502,0.532489668799041
1,evt_001900,15,218,1672887182681,0,0.1998840669790903,0.2507211367289225,0.204534704486529,0.2253026018540064,0.2183799693981806,0.2160653154055277,0.164225975903076,0.5406692919085955
1,evt_001901,15,221,1672887199566,0,0.276282067100207,0.3516151309013366,0.3242218295733134,0.31394859900077177,0.317373009191619,0.30846993873516715,0.2387614198342236,0.5493367809457961
1,evt_001902,15,1286,1672887207384,1,0.2436206887165705,0.326219379901886,0.2855839729309082,0.28492003430922824,0.28514134718312156,0.2767929529150327,0.20826451349761732,0.5426449166357429
1,evt_001903,15,1287,1672887246600,0,0.3971390624841054,0.4466923375924428,0.4219324290752411,0.4219157000382741,0.42192127638392973,0.41696371833483376,0.3468472939504789,0.5689798527561134
1,evt_001904,15,1288,1672887279621,1,0.3042809963226318,0.3810889720916748,0.3412946065266927,0.3426849842071533,0.3422215249803331,0.3347261110941569,0.2620077955658554,0.5530391594265297
1,evt_001905,15,205,1672887323515,1,0.2375969588756561,0.2922099729379018,0.245075578490893,0.26490346590677893,0.25829417010148364,0.2554765870173772,0.19752260211204706,0.5467604261388681
1,evt_001906,15,222,1672887357250,0,0.2656318694353103,0.3120445112387339,0.2640944719314574,0.28883819033702207,0.28059028420183385,0.2792481824755668,0.2208722844898908,0.5527288584033515
1,evt_001907,15,1289,1672887414544,1,0.3747731546560923,0.4822281301021576,0.4239030381043752,0.42850064237912494,0.42696810762087506,0.4168356239795684,0.32843051466597956,0.5569613040965556
1,evt_001908,15,1290,1672887471061,1,0.2662226458390553,0.3165379265944163,0.3097736934820811,0.29138028621673584,0.29751142197185093,0.29002743959426874,0.22978675069273405,0.5524744023904006
1,evt_001909,15,1291,1672887526234,1,0.3084768851598103,0.3989919424057007,0.3549894293149312,0.3537344137827555,0.3541527522934807,0.3449339111646016,0.26715035078811644,0.5513016299693828
1,evt_002024,16,1408,1672906177854,0,0.3433113743861516,0.410108466943105,0.3827247321605682,0.3767099206646283,0.3787148578299416,0.3712331737081209,0.29867344217345254,0.5599130252782303
1,evt_002025,16,1409,1672906195544,0,0.2578071306149164,0.2800016601880391,0.2894419829050699,0.26890439540147776,0.27575025790267516,0.2707924599448839,0.22107589846854486,0.5567348025192734
1,evt_002026,16,1410,1672906207295,0,0.4394793212413788,0.4869807064533233,0.4490043818950653,0.4632300138473511,0.4584881365299225,0.45563474893569944,0.384229449367863,0.5737232082430151
1,evt_002027,16,1412,1672906269256,1,0.2537431269884109,0.271981418132782,0.3064455191294352,0.26286227256059647,0.277390021416876,0.2697550927599271,0.22143275457562636,0.5571682387265807
1,evt_002028,16,1413,1672906305163,0,0.3722736289103825,0.4350197315216064,0.4111373126506805,0.4036466802159945,0.40614355769422317,0.3988701964418093,0.3257333467462879,0.5640667513885491
1,evt_002029,16,1414,1672906999194,1,0.2220053027073541,0.2454146097103754,0.2507755557696025,0.23370995620886476,0.23939848939577732,0.23478214542071016,0.18882797060582182,0.5510254013224679
1,evt_002030,16,1415,1672907039872,1,0.3441727459430694,0.3677720924218495,0.3704877992471059,0.3559724191824595,0.3608108792040083,0.3565155605475107,0.2985253185676571,0.567448513217951
1,evt_002031,16,1416,1672907078452,0,0.2653757234414418,0.2985374281803767,0.3062894841035207,0.28195657581090927,0.29006754524177975,0.28350698699553806,0.22915630394971542,0.5556803220118726
1,evt_002032,16,1417,1672907592063,1,0.2199998845656712,0.27860027551651,0.3198484281698863,0.2493000800410906,0.2728161960840225,0.25754971057176584,0.1979049727451824,0.5437317044804347
1,evt_002033,16,1418,1672907642147,1,0.2925384491682052,0.3358365396658579,0.3104063173135121,0.31418749441703153,0.3129271020491917,0.3091014499465624,0.24888586568963936,0.5573257795913891
1,evt_002144,17,212,1672992927533,0,0.1526199678579965,0.1778853585322697,0.129372755686442,0.1652526631951331,0.15329269402556941,0.15555014262596756,0.11919926849699149,0.5364967612858029
1,evt_002145,17,1474,1672992932779,1,0.2801645994186401,0.33334681391716,0.3032374382019043,0.30675570666790003,0.3055829505125681,0.3007338315248489,0.23837986949058929,0.5537936618824959
1,evt_002146,17,1475,1672992957446,1,0.2911032338937123,0.343541959921519,0.2992922564347585,0.31732259690761566,0.31131248341666323,0.30847265621026354,0.24538422261165185,0.5553488001479249
1,evt_002147,17,204,1672993000495,0,0.1865100810925165,0.2200300445159276,0.1749871422847111,0.20327006280422205,0.19384242263105175,0.19426148235797874,0.15016817524062262,0.5418414153173838
1,evt_002148,17,221,1672993011072,0,0.2719013939301173,0.3115434944629669,0.2695382138093312,0.29172244419654214,0.2843277007341385,0.28332138806581497,0.2265367813609926,0.5549521508453137
1,evt_002149,17,205,1672993017824,1,0.225689465800921,0.2405386219422022,0.2003079752127329,0.2331140438715616,0.22217868765195203,0.22506791452566774,0.18196181560388155,0.5529688330909349
1,evt_002150,17,1476,1672993051270,1,0.3758612076441447,0.4253990054130554,0.4064393440882365,0.4006301065286001,0.4025665190484789,0.39683817426363627,0.3279444689342481,0.5666459844063159
1,evt_002151,17,1477,1672993095040,0,0.3019963105519612,0.328080266714096,0.3142120440800984,0.31503828863302863,0.31476287378205187,0.3122646441062291,0.2569804135910601,0.561746919993194
1,evt_002152,17,203,1672993101149,0,0.2257696340481439,0.2618659685055414,0.2349773397048314,0.24381780127684266,0.2408709807528389,0.23844007551670066,0.18808641153733316,0.5486517946861116
1,evt_002153,17,211,1672993130219,0,0.167782445748647,0.200530504186948,0.1495909541845321,0.18415647496779752,0.17263463470670906,0.1739685649673143,0.13286305968852252,0.5380027066688998
1,evt_002154,17,1478,1672993138098,0,0.3302228848139444,0.3737811843554179,0.3582272032896678,0.35200203458468116,0.3540770908196767,0.34889123837153113,0.2852157177815012,0.5622467427436585
1,evt_002155,17,210,1672993160863,0,0.1829893166820207,0.2252262632052103,0.1898237615823745,0.2041077899436155,0.19934644715653516,0.19702728961904833,0.15034823024670835,0.5392441426551922
1,evt_002156,17,218,1672993178210,0,0.1866365025440851,0.2318663746118545,0.1778032183647155,0.2092514385779698,0.19876869850688503,0.19843880732854197,0.15043186668514513,0.5391004446490277
1,evt_002157,17,1243,1672993184585,0,0.3551826725403468,0.4046579400698344,0.3910040855407715,0.3799203063050906,0.38361489938365095,0.377189535399278,0.3096486528411817,0.5642971204816033
1,evt_002279,18,1384,1673009829447,1,0.2144486233592033,0.2753265698750813,0.257167155543963,0.24488759661714232,0.24898078292608253,0.24125571375091864,0.1834009023974414,0.5417098160773589
1,evt_002280,18,1547,1673009878162,1,0.2282646869619687,0.2749618589878081,0.2258274455865223,0.2516132729748884,0.24301799717876635,0.24178639029463123,0.18769932634310107,0.5466989455592601
1,evt_002281,18,1548,1673010009380,1,0.3242520491282145,0.3916688462098439,0.3246609518925348,0.3579604476690292,0.34686061574353105,0.34455886880556735,0.2733981490039986,0.5570669608286303
1,evt_002282,18,1549,1673010047847,0,0.2139777094125747,0.2610980172952015,0.2104916324218114,0.2375378633538881,0.22852245304319588,0.22741658637921008,0.1750204253668896,0.5440690279822821
1,evt_002283,18,1550,1673010059745,0,0.1825539047519365,0.2179620265960693,0.1853055258591969,0.2002579656740029,0.19527381906906757,0.19372666552662843,0.1494362765451423,0.5407602662079596
1,evt_002284,18,1551,1673010110780,0,0.2080162490407625,0.2535817921161651,0.2278847942749658,0.2307990205784638,0.22982761181063113,0.22565962101022394,0.1742408480656937,0.5435650840938976
1,evt_002285,18,1307,1673010141652,0,0.2631993194421132,0.3337374130884806,0.3072020212809245,0.29846836626529694,0.30137958460383946,0.2931612879037857,0.22646309103528992,0.5481725233300435
1,evt_002286,18,1552,1673010151105,1,0.2030739535888036,0.2501690785090129,0.2142125815153121,0.22662151604890823,0.2224852045377095,0.21943021665016807,0.16830780528053577,0.5421971058255933
1,evt_002287,18,1553,1673010180986,0,0.248808500667413,0.3171023428440094,0.2844180216391881,0.2829554217557112,0.2834429550502035,0.2764185575147469,0.21218799143506895,0.5462042515294712
1,evt_002288,18,1554,1673010194961,1,0.2749776939551034,0.3255559504032135,0.272534742951393,0.30026682217915845,0.2910227957699033,0.28966258068879436,0.22888869457257077,0.553300350576653
1,evt_002289,18,1555,1673010223056,0,0.283745805422465,0.3502863347530365,0.3096703191598256,0.3170160700877508,0.31456748644510907,0.3088928669691086,0.24167678694658445,0.5518649771861235
1,evt_002290,18,1480,1673010232893,0,0.2722100963195165,0.3378930985927582,0.3025625149408976,0.3050515974561373,0.30422190328439075,0.2979854807257652,0.23217861613740795,0.5503491594383957
1,evt_002291,18,1556,1673010241722,0,0.3404183238744735,0.4177744388580322,0.3448513845602671,0.3790963813662529,0.36768138243092424,0.36451177050669986,0.2886737111959697,0.5574619507792888
1,evt_002400,19,218,1673250991667,0,0.16305340329806,0.2194903145233789,0.1396172742048898,0.19127185891071946,0.17405366400877623,0.17529725084702164,0.12708858012934232,0.5308164414029164
1,evt_002401,19,1624,1673251003945,0,0.2638910338282584,0.3398917615413665,0.2798426126440366,0.30189139768481243,0.2945418026712205,0.28988156790534647,0.2216915305166564,0.5470084503808832
1,evt_002402,19,1625,1673251041014,0,0.2796118209759393,0.3351124127705892,0.2793225919206937,0.3073621168732642,0.29801560855574066,0.29620415270328515,0.2332893955322658,0.5530689717060474
1,evt_002403,19,212,1673251062161,0,0.1334695741534232,0.1787707110246022,0.1160937721530596,0.1561201425890127,0.14277801911036167,0.14358475481470417,0.10369127885241002,0.5257617718742563
1,evt_002404,19,210,1673251069895,0,0.1838913510243097,0.2205609083175658,0.1648062119881311,0.20222612967093775,0.18975282377666888,0.19107519040505083,0.14632370401521547,0.5404430622865231
1,evt_002405,19,1626,1673251079823,1,0.2104919403791427,0.2643950184186299,0.2100551724433899,0.2374434793988863,0.2283140437470542,0.22657551020383832,0.17235916686654393,0.5419913258319966
1,evt_002406,19,206,1673251110536,1,0.1985890914996465,0.2633430610100428,0.16691022614638,0.23096607625484464,0.20961412621868977,0.2116795092821121,0.15553112724724868,0.53690402808006
1,evt_002407,19,1627,1673251144057,0,0.2024657304088274,0.2644414007663727,0.2048218622803687,0.23345356558760005,0.2239096644851896,0.22152965789039922,0.16568312449654576,0.5387199586628539
1,evt_002408,19,1470,1673251152174,0,0.3282327055931091,0.3905520538489024,0.3230327715476354,0.35939237972100574,0.3472725103298823,0.34588852326075237,0.2760925492456784,0.5584233892075345
1,evt_002409,19,205,1673251163606,0,0.1971318100889523,0.2394446333249409,0.1786143655578294,0.21828822170694662,0.20506360299057422,0.2061221681535243,0.15764444989795665,0.541774724091573
1,evt_002410,19,204,1673251176054,1,0.1626187587777773,0.2213466266791025,0.146636813879013,0.19198269272843987,0.1768673997786309,0.177040730168422,0.12815348126020196,0.5302617967394784
1,evt_002514,20,1429,1673337976876,0,0.3130558232466379,0.3671801686286926,0.3668098449707031,0.34011799593766523,0.34901527894867784,0.34004393120606735,0.2740180447525275,0.5583889558672082
1,evt_002515,20,1673,1673338129610,0,0.3999003668626149,0.4377712806065877,0.4714669585227966,0.41883582373460126,0.43637953533066637,0.42557495931784306,0.3595138857059158,0.5715863573481909
1,evt_002516,20,1674,1673338140431,0,0.3364602526028951,0.3857016166051228,0.4118961890538533,0.3610809346040089,0.37801935275395704,0.36631984909375503,0.29995483237439113,0.5623874906882317
1,evt_002517,20,1675,1673338190606,0,0.3385427991549174,0.4036101798216502,0.428968866666158,0.3710764894882838,0.39037394854757523,0.3761482268571854,0.3041656191802441,0.5600113640432403
1,evt_002518,20,1676,1673338198751,1,0.3641631106535594,0.408468355735143,0.4535253544648488,0.3863157331943512,0.40871894028451705,0.3953271329402923,0.32883961088801444,0.5666402552985215
1,evt_002519,20,1678,1673338254100,0,0.2633582055568694,0.3106227318445841,0.3236254900693893,0.28699046870072675,0.29920214249028093,0.2895910203456878,0.23035105706740652,0.552781008824242
1,evt_002520,20,1679,1673338271176,0,0.3112536172072093,0.3713876108328501,0.3982697129249573,0.34132061402002967,0.3603036469883389,0.3466970344384511,0.27836902588050966,0.5573415592674333
1,evt_002521,20,312,1673338281102,0,0.2598570237557093,0.2907524605592091,0.3159276495377223,0.2753047421574592,0.28884571128421355,0.28033977995316184,0.22704526435090985,0.5554704571812904
1,evt_002522,20,174,1673338290777,0,0.3072540958722432,0.3684155841668446,0.3965783913930257,0.3378348400195439,0.3574160238107045,0.3434674014647801,0.2750694485493957,0.5566427598282568
1,evt_002523,20,315,1673338323187,0,0.2981129984060923,0.3291498819986979,0.3356057206789652,0.3136314402023951,0.3209562003612518,0.31492260793844856,0.2581459763292482,0.5605288760895726
1,evt_002524,20,257,1673338336134,0,0.3316787580649058,0.3691246708234151,0.3887701531251271,0.35040171444416046,0.3631911940044827,0.3543308109045028,0.2924416458646884,0.5637412412227133
1,evt_002525,20,1680,1673339243953,1,0.3400985499223073,0.3950027128060658,0.427975962559382,0.36755063136418653,0.3876924084292517,0.3741452813148498,0.30551794759885487,0.5619422591625429
1,evt_002644,21,1796,1677661723380,0,0.2569016814231872,0.3357766171296437,0.2739892502625783,0.29633914927641547,0.2888891829384697,0.2839816759030024,0.21559848465099785,0.5453547803926073
1,evt_002645,21,1797,1677661769555,0,0.3110331694285075,0.3814039329687754,0.3249599933624267,0.3462185511986414,0.33913236525323653,0.33492976327737173,0.26392068897519627,0.5549075882074234
1,evt_002646,21,1798,1677661789063,0,0.2982959647973378,0.3634167611598968,0.3074383735656738,0.3308563629786173,0.32305036650763613,0.31966068545977266,0.2516182557480256,0.5540507388086235
1,evt_002647,21,1799,1677661796505,0,0.2203711420297622,0.2847075412670771,0.2323648333549498,0.2525393416484196,0.24581450555059636,0.2420708000659942,0.18296130912627342,0.5417864942770331
1,evt_002648,21,1800,1677661814740,0,0.171808049082756,0.2158646831909815,0.177180250485738,0.19383636613686875,0.18828432758649183,0.18609947959582004,0.1404522231260569,0.5363533930513097
1,evt_002649,21,1801,1677661840723,1,0.4273135364055633,0.5198410749435425,0.4550315837065379,0.4735773056745529,0.46739539835188126,0.46061540742715196,0.3745255891137989,0.5651415908524605
1,evt_002650,21,1802,1677661924792,1,0.2318660120169321,0.2963884025812148,0.2404009054104487,0.26412720729907346,0.2562184400028652,0.2529297078649202,0.19236624902990768,0.5437910317605021
1,evt_002651,21,1803,1677661970953,1,0.3093427121639251,0.3888285358746846,0.3251367310682932,0.3490856240193049,0.341102659702301,0.3363472630580266,0.262427703464792,0.5530905018591721
1,evt_002652,21,1804,1677662030404,0,0.2276141246159871,0.2939267655213674,0.2365258187055587,0.26077044506867725,0.25268890294763774,0.2492902557055155,0.18865471744329593,0.5426768512378081
1,evt_002653,21,1805,1677662041560,0,0.3608324031035105,0.4355002641677856,0.373563955227534,0.398166333635648,0.3899655408329434,0.38577907184759774,0.3093332642050281,0.560501706033174
1,evt_002654,21,1806,1677662080421,1,0.3415044943491618,0.415728360414505,0.3634432554244995,0.37861642738183343,0.37355870339605546,0.3681594063838323,0.2932830323626216,0.5582766195436114
1,evt_002655,21,1807,1677662132360,0,0.2629916022221247,0.3447359104951222,0.2745068520307541,0.30386375635862345,0.294078121582667,0.28981794466574984,0.2198597091538831,0.5457580848427649
1,evt_002656,21,1808,1677662173456,0,0.2597754796346028,0.3287107149759928,0.274210254351298,0.2942430973052978,0.28756548298729784,0.2833430051803588,0.21797733820420573,0.5476645843982485
1,evt_002765,22,1915,1677849007135,0,0.2445899347464243,0.2603786438703537,0.2736627260843913,0.252484289308389,0.2595437682337231,0.25514110575119653,0.20908279634562965,0.5561638786045624
1,evt_002766,22,1916,1677849043824,0,0.3501873215039571,0.3988793989022572,0.3527937630812327,0.3745333602031071,0.367286827829149,0.36531623303890226,0.29838036002096535,0.5635735694125962
1,evt_002767,22,1917,1677849068257,0,0.3825775682926178,0.3933974901835124,0.4180641571680705,0.3879875292380651,0.3980130718814003,0.3929208626349767,0.3367950715969724,0.5740394428289834
1,evt_002768,22,1918,1677849184656,0,0.2115807731946308,0.2548086543877919,0.2132309277852375,0.23319471379121134,0.22654011845588673,0.22487916847070047,0.17404331469435447,0.544538605094641
1,evt_002769,22,1919,1677849279173,0,0.429323802391688,0.4439445932706197,0.4446086386839549,0.43663419783115387,0.43929234478208756,0.43676700691382087,0.3770047786030943,0.5781543312979376
1,evt_002770,22,1920,1677849307815,0,0.3710707823435465,0.411842405796051,0.3576049606005351,0.39145659406979877,0.38017271624671084,0.3806091050306956,0.3147881111320787,0.567243679063157
1,evt_002771,22,1921,1677849323701,1,0.3288617829481761,0.3426341513792674,0.2894891649484634,0.33574796716372174,0.32032836642530227,0.32511896987756095,0.2713789949985839,0.5668773799620254
1,evt_002772,22,1922,1677849381306,0,0.2267293731371561,0.230592668056488,0.2232476224501927,0.22866102059682206,0.2268565545479456,0.22719201147556298,0.18764271403120977,0.5559097949771624
1,evt_002773,22,1923,1677849386279,0,0.5186126530170441,0.5272900064786276,0.4878952801227569,0.5229513297478359,0.5112659798728095,0.5150723844766617,0.4547691205617836,0.58774943154803
1,evt_002774,22,1924,1677849402882,0,0.3200492064158121,0.314693401257197,0.297283723950386,0.3173713038365046,0.31067544387446505,0.31388936837514236,0.2675486435777709,0.5695868346177385
1,evt_002861,23,1901,1677832862747,1,0.2684931556383768,0.3155360817909241,0.2854936222235362,0.2920146187146504,0.28984095321761233,0.2860061268011729,0.22697996984056407,0.5532047601577675
1,evt_002862,23,2009,1677832914969,0,0.3784537514050801,0.4383427500724792,0.3985138634840647,0.40839825073877967,0.40510345498720807,0.4004324734210968,0.32784739417526815,0.5651152454814711
1,evt_002863,23,2010,1677832973240,0,0.2204625705877939,0.2952850212653478,0.2536013474067051,0.25787379592657084,0.2564496464199489,0.2495370611548423,0.18654347630849918,0.539888545790301
1,evt_002864,23,2011,1677834040107,0,0.2945186595122019,0.3643165230751037,0.3328439593315124,0.3294175912936528,0.3305597139729393,0.32312307854493455,0.25363825776408894,0.552928733971833
1,evt_002865,23,2012,1677834191603,0,0.3191180328528086,0.3872351845105489,0.3432137469450633,0.35317660868167877,0.3498556547694736,0.34437232116858163,0.2733614932267841,0.5564694826081402
1,evt_002866,23,2013,1677834219392,0,0.3680273791154225,0.4344882170359294,0.4040975371996562,0.40125779807567596,0.4022043777836694,0.39517966210842126,0.3210491611027216,0.5629234744332613
1,evt_002867,23,2014,1677834272832,0,0.2412467648585637,0.3033922612667083,0.269749641418457,0.272319513062636,0.271462889181243,0.26559098909298573,0.2044004762163076,0.546076370919654
1,evt_002868,23,2015,1677834310372,0,0.3530425826708476,0.401123156150182,0.3842211167017619,0.37708286941051483,0.3794622851742639,0.3737024615208308,0.30678682626923254,0.5642473029816721
1,evt_002869,23,2016,1677834405862,0,0.3600884278615315,0.4327747126420339,0.3932909270127614,0.39643157025178266,0.3953846891721089,0.3885348131259282,0.3128208200165362,0.5609078937222338
1,evt_002952,24,2098,1678006799320,0,0.2572778761386871,0.3427140315373738,0.2813190917174021,0.29999595383803046,0.29377033313115436,0.2877169658740361,0.21701934531786532,0.5442588343708086
1,evt_002953,24,1781,1678006814964,0,0.2595972269773483,0.31592990954717,0.2790132761001587,0.28776356826225913,0.28484680420822567,0.2803802415728569,0.219183472955436,0.5500896571091207
1,evt_002954,24,2099,1678006893306,1,0.1641313880681991,0.2258718013763427,0.2060366223255793,0.1950015947222709,0.19867993725670705,0.1910345589121182,0.1396547122256877,0.5306678936148902
1,evt_002955,24,2100,1678006924571,0,0.2156445657213528,0.2678856303294499,0.2439090361197789,0.24176509802540136,0.24247974405686054,0.23696977918346715,0.18218335719097034,0.5436126797320745
1,evt_002956,24,2101,1678007048340,1,0.2866623948017756,0.3605977396170298,0.3161113758881886,0.3236300672094027,0.321123836768998,0.31473279446363445,0.24471626639301036,0.5509766996832218
1,evt_002957,24,2102,1678007129708,0,0.1955057134230931,0.2583141575256983,0.228028451402982,0.2269099354743957,0.2272827741172578,0.22085279424985246,0.16507234283141184,0.5374493992342847
1,evt_002958,24,2103,1678007156119,0,0.2980089684327443,0.3738651772340138,0.3470562597115834,0.33593707283337904,0.33964346845944715,0.33057528932889296,0.2586077650712495,0.5524282152462496
1,evt_002959,24,2104,1678007188449,0,0.3097166717052459,0.3748150169849395,0.3289779424667358,0.3422658443450927,0.3378365437189737,0.33309842944145196,0.2639521859115642,0.5557074957435594
1,evt_002960,24,2105,1678007910286,0,0.2459201067686081,0.2962469557921092,0.2536954929431279,0.27108353128035867,0.26528751850128174,0.2625732387105624,0.20505813830899042,0.5489949515435807
1,evt_003046,25,2191,1678181612116,0,0.4502259790897369,0.5427974959214529,0.4953990976015727,0.49651173750559485,0.49614085753758747,0.48703205784161885,0.4003316152646294,0.5676412170918256
1,evt_003047,25,2192,1678181710760,0,0.3012037028868993,0.3852467934290568,0.3553100923697154,0.34322524815797806,0.34725352956189054,0.33723790794610975,0.2621736485846713,0.5514730961790628
1,evt_003048,25,2193,1678181719125,0,0.3629534542560577,0.4266976316769917,0.3861568371454875,0.3948255429665247,0.39193597435951233,0.3867173840602238,0.3138294194345823,0.5626845480952303
1,evt_003049,25,2194,1678181758254,0,0.3353502154350281,0.3984973728656769,0.3598904212315877,0.3669237941503525,0.3645793365107642,0.35920240382353463,0.2885287248787913,0.5594296938738095
1,evt_003050,25,2195,1678181801555,0,0.352496733268102,0.4055602848529815,0.3812022805213928,0.37902850906054175,0.3797530995474921,0.374156908194224,0.3055980738429225,0.5633051099087699
1,evt_003051,25,2196,1678181825934,0,0.3675993879636128,0.4325758616129557,0.425601065158844,0.40008762478828425,0.4085921049118042,0.3986926654974619,0.3250762865264547,0.5632914049458025
1,evt_003052,25,1802,1678181882850,0,0.2513318061828613,0.321371242403984,0.2680986225605011,0.28635152429342264,0.2802672237157821,0.27569700032472605,0.21088915916358528,0.5461090718704836
1,evt_003053,25,2197,1678181897143,0,0.2158355861902236,0.2557699431975682,0.281821995973587,0.23580276469389588,0.2511425084537929,0.24101317524909965,0.1892869282888081,0.5466713278944353
1,evt_003054,25,2198,1678181948397,0,0.3385481536388397,0.4310761392116546,0.3587318162123361,0.3848121464252472,0.37611870302094347,0.37034328182538345,0.28954366174476065,0.5547693517653499
1,evt_003055,25,1545,1678181998735,0,0.2654557128747303,0.33505313595136,0.2983085413773854,0.3002544244130452,0.2996057967344919,0.29290550549825023,0.22646545042680896,0.548603385627654
1,evt_003158,26,2303,1678263416273,0,0.2245810329914093,0.2718430012464523,0.2127402573823928,0.2482120171189308,0.23638809720675147,0.2363914683461189,0.18262711436574774,0.5458398612379545
1,evt_003159,26,2304,1678263431576,0,0.2912972817818324,0.3572754363218943,0.2967960933844248,0.3242863590518633,0.31512293716271716,0.3121904904643695,0.24455958615670675,0.5528765053502649
1,evt_003160,26,2305,1678263437843,0,0.1981091896692911,0.2514775246381759,0.2120857338110605,0.2247933571537335,0.2205574827061758,0.2169149989883104,0.164329722093563,0.5398590518186034
1,evt_003161,26,2306,1678263508334,0,0.3547124514977137,0.4131863713264465,0.3432346284389495,0.38394941141208005,0.37037781708770323,0.3699590628345807,0.2993257401872559,0.5623202830809889
1,evt_003162,26,2307,1678263538804,0,0.5140996476014456,0.5833128492037455,0.5070926944414774,0.5487062484025955,0.5348350637488894,0.533462217450142,0.45285718509092765,0.5774312370683491
1,evt_003163,26,2308,1678263629640,0,0.1860299433271089,0.242651030421257,0.2111927072207132,0.21434048687418294,0.21329122698969302,0.20804882223407417,0.15579633245703053,0.5367436656458722
1,evt_003164,26,2309,1678263645774,0,0.2934596190849939,0.3486367464065552,0.2852167040109634,0.3210481827457745,0.3091043565008375,0.3083641742666562,0.24416199790331403,0.5550258133884515
1,evt_003165,26,2310,1678263675759,0,0.4271128376324971,0.4950916270414988,0.4486754735310872,0.46110223233699793,0.45695997940169436,0.4518190016349156,0.37403507947183834,0.5691364885365472
1,evt_003166,26,2311,1678263703601,0,0.307277316848437,0.3668062090873718,0.3114606936772664,0.33704176296790445,0.3285147398710251,0.32597265988588336,0.2589743893852565,0.5562422979309067
1,evt_003167,26,2312,1678263718824,1,0.2339011927445729,0.2824880878130595,0.229302113254865,0.2581946402788162,0.24856379793749914,0.24755744536717733,0.19215753207690783,0.5472416625481101
1,evt_003168,26,2313,1678263739172,0,0.2130345702171325,0.2494659523169199,0.2169892887274424,0.2312502612670262,0.2264966037538316,0.2247549285491307,0.17596749554241986,0.5463306891048881
1,evt_003169,26,2314,1678263761419,0,0.2480889459451039,0.2933859527111053,0.2364296068747838,0.2707374493281046,0.25930150184366435,0.25934618016084027,0.20336401236373078,0.5501540072530269
1,evt_003272,27,2413,1678434493552,0,0.3034965395927428,0.348888764778773,0.3553175628185272,0.3261926521857579,0.33590095573001433,0.3274784117937088,0.26522706136677804,0.5586934481789086
1,evt_003273,27,2414,1678434524376,1,0.3478030165036519,0.422622541586558,0.3896954456965129,0.385212779045105,0.38670700126224095,0.37862735986709595,0.3030280708644057,0.5591177596144126
1,evt_003274,27,2415,1678434562377,1,0.4477579991022746,0.5076616605122884,0.5149977107842764,0.4777098298072815,0.4901391234662798,0.47917703986167914,0.40397831311645654,0.5729613931478467
1,evt_003275,27,2416,1678434690698,0,0.271553302804629,0.3321760743856429,0.3219593713680903,0.30186468859513593,0.3085629161861207,0.2998213479916254,0.23546575288270938,0.5513711948045986
1,evt_003276,27,2417,1678434706102,0,0.2496399581432342,0.3136459589004516,0.2984798848628998,0.2816429585218429,0.2872552673021952,0.2786097437143325,0.2154537093902537,0.5472895185136231
1,evt_003277,27,2418,1678434742837,0,0.4332383771737416,0.4849452277024587,0.4775747855504353,0.4590918024381001,0.4652527968088785,0.45761771400769546,0.3853676240352595,0.5726375684223866
1,evt_003278,27,2419,1678434754704,1,0.3419422705968221,0.440575232108434,0.4301969110965729,0.39125875135262805,0.404238137933943,0.3891830871502558,0.30567055724125175,0.5547032066633658
1,evt_003279,27,2420,1678434798163,1,0.4493140776952107,0.5248360633850098,0.4856064319610595,0.48707507054011023,0.48658552434709335,0.4792291442553202,0.3982667249728254,0.5703127879247126
1,evt_003280,27,2421,1678434842720,0,0.2441648989915847,0.3129927068948746,0.3084144492944081,0.2785788029432296,0.28852401839362246,0.27766315142313636,0.21312959070557932,0.5455838226971662
1,evt_003281,27,2422,1678434858181,1,0.2831458946069081,0.3589792797962824,0.3566070397694905,0.32106258720159525,0.33291073805756033,0.32058813919623685,0.2495929260014035,0.5504846341658045
1,evt_003395,28,2530,1678519939406,1,0.3026763101418813,0.342995544274648,0.3065548737843831,0.32283592720826465,0.31740890940030414,0.3155477931102117,0.25543137186903364,0.559113100158462
1,evt_003396,28,2531,1678519988772,0,0.3224220375219981,0.3720038632551829,0.3646974166234333,0.3472129503885905,0.35304110580020476,0.34575166106224064,0.28059126456535605,0.5603147699888568
1,evt_003397,28,2532,1678519991299,0,0.3286653260389963,0.3122800588607787,0.358650545279185,0.3204726924498875,0.3331986433929867,0.32974678973356875,0.2865109501251114,0.5730985926109646
1,evt_003398,28,2176,1678520043973,0,0.3572639425595601,0.3886971473693847,0.3746129671732585,0.3729805449644724,0.37352468570073444,0.37016370892524714,0.30858495521141993,0.5675150719270815
1,evt_003399,28,2533,1678521017033,0,0.5010988712310791,0.4961551129817962,0.4662098189194997,0.4986269921064377,0.48782126771079165,0.4926379332939783,0.4370335560077502,0.5882091676952961
1,evt_003400,28,2534,1678521059822,0,0.5890885988871256,0.5848548213640848,0.520375519990921,0.5869717101256052,0.5647729800807105,0.5740758498509725,0.5183405527855505,0.5966446451208571
1,evt_003401,28,2535,1678521069842,0,0.6056346694628397,0.5952301422754923,0.5681146879990896,0.600432405869166,0.5896598332458072,0.5950093150138854,0.542650166050481,0.5996086219484927
1,evt_003402,28,2536,1678521074108,1,0.3323330481847127,0.3240329921245574,0.2870399554570516,0.3281830201546351,0.31446866525544054,0.3207844128211339,0.2741407333600055,0.5713256041241073
1,evt_003403,28,2537,1678521154430,0,0.3629140754540761,0.3599722186724345,0.3290616969267527,0.3614431470632553,0.35064933035108775,0.3552610427141189,0.30461063804593813,0.5737898000591743
1,evt_003404,28,2538,1678521169896,0,0.2254170527060826,0.2346659352382024,0.2478548089663187,0.2300414939721425,0.23597926563686789,0.23267926871776579,0.19118534965898035,0.5547280012380983
1,evt_003405,28,2539,1678521181271,0,0.4607621431350708,0.453348954518636,0.403808315594991,0.4570555488268534,0.4393064710828993,0.4471474210421244,0.392773714430115,0.5844437000142576
1,evt_003406,28,2540,1678521189170,0,0.2037309904893239,0.2226686129967371,0.191064695517222,0.2131998017430305,0.20582143300109434,0.20687901824712748,0.16527663919747393,0.5485611744987466
1,evt_003407,28,2541,1678521195696,0,0.3596242467562358,0.3637457191944122,0.3263035515944163,0.361684982975324,0.3498911725150214,0.3541965494553248,0.3013891219838412,0.5721753430763108
1,evt_003408,28,2542,1678521202397,0,0.5251729389031728,0.5329465866088867,0.4799082676569621,0.5290597627560298,0.5126759310563406,0.5184520989656449,0.45816180429884484,0.5884402570824355
1,evt_003512,29,2640,1678610522371,1,0.3825648228327433,0.4270327190558116,0.4496857424577077,0.4047987709442774,0.4197610947820875,0.40932937562465666,0.34183074913086803,0.568536042154705
1,evt_003513,29,2641,1678610582420,1,0.4034846524397532,0.4354459643363952,0.4890046020348866,0.41946530838807417,0.44264507293701166,0.43017703592777246,0.36605037816855446,0.5730663518272112
1,evt_003514,29,1837,1678610637806,1,0.3636978268623352,0.3937513132890065,0.4482649465401967,0.37872457007567084,0.4019046955638461,0.3896272967259089,0.3280178838069452,0.5690037678468431
1,evt_003515,29,2642,1678611559029,1,0.3045269548892974,0.3423586984475453,0.374982198079427,0.32344282666842133,0.3406226171387566,0.32996752659479767,0.2699376877904613,0.5603655915919746
1,evt_003516,29,2643,1678611584524,0,0.4072058200836181,0.4322826166947682,0.4523667991161346,0.4197442183891932,0.43061841196484035,0.4237610548734664,0.3615979904148368,0.574319014566931
1,evt_003517,29,2644,1678611588005,1,0.37676935394605,0.390836089849472,0.4563843607902527,0.383802721897761,0.4079966015285916,0.3969123760859171,0.34005370774209553,0.5731824498194649
1,evt_003518,29,2645,1678611655493,0,0.3851757248242695,0.4046961069107055,0.4104440907637278,0.3949359158674875,0.4001053074995676,0.39608551263809194,0.3368181184432109,0.572747178143311
1,evt_003519,29,2646,1678611740650,0,0.4815667967001597,0.5119035740693411,0.5422927836577097,0.49673518538475037,0.5119210514757367,0.5028130273024242,0.43707340658589683,0.5811967219874837
1,evt_003520,29,2647,1678611788927,0,0.3063197533289591,0.3440515200297038,0.3816877702871957,0.3251856366793314,0.3440196812152862,0.3327128867308298,0.27250092500811685,0.5606547380015258
2,evt_000088,0,90,1667724875989,1,0.1831911504268646,0.1879507352908452,0.2255007078250249,0.1855709428588549,0.1988808645142449,0.19308093736569082,0.3345479953526244,0.6063810628086397
2,evt_000089,0,91,1667724882215,1,0.2972731441259384,0.3110017528136571,0.3778914014498393,0.30413744846979773,0.32872209946314496,0.31751537819703424,0.4469681041314397,0.6230438643834918
2,evt_000090,0,93,1667724902258,0,0.2308544864257176,0.234499787290891,0.2957449257373809,0.2326771368583043,0.2536997331513298,0.2449261645476023,0.3974061555218564,0.6184143210951827
2,evt_000091,0,94,1667724914826,0,0.2288489739100138,0.2418282926082611,0.2905431389808655,0.23533863325913745,0.2537401351663801,0.24508160253365832,0.38480866775634437,0.6139445177094857
2,evt_000092,0,95,1667724943758,0,0.4496035277843475,0.5301877657572428,0.4831037024656932,0.4898956467707951,0.48763166533576113,0.4804788341124852,0.4264663012874374,0.5943374297657463
2,evt_000093,0,96,1667724960138,0,0.2889468073844909,0.2982060809930165,0.3603072166442871,0.2935764441887537,0.31582003500726485,0.3059966713190078,0.43213955726335,0.620155087433227
2,evt_000094,0,97,1667724976238,0,0.2352103888988494,0.2507512817780177,0.2964369555314382,0.24298083533843357,0.2607995420694351,0.2521179700891176,0.3855891462151779,0.6129911346782376
2,evt_000095,0,98,1667724986319,0,0.2812611957391103,0.2923565606276193,0.3519467612107594,0.28680887818336476,0.308521505859163,0.2987269182999928,0.42615056445204874,0.6192304613331957
2,evt_000096,0,99,1667726433882,1,0.2941341400146484,0.2898078064123788,0.371285617351532,0.2919709732135136,0.3184091879261864,0.30826653540134424,0.45176775518501755,0.6263936305602629
2,evt_000097,0,100,1667726473674,0,0.2382233242193857,0.2535950789848962,0.3077435791492461,0.24590920160214094,0.26652066078450937,0.2567389016350109,0.400132200106372,0.6169900008409888
2,evt_000098,0,101,1667726482555,1,0.2585083444913228,0.2814922481775284,0.3124622305234273,0.27000029633442557,0.28415427439742613,0.2761942928036054,0.38190364990554526,0.6078634774912606
2,evt_000099,0,102,1667726532700,1,0.3245653957128525,0.3149877289930979,0.3984319468339284,0.3197765623529752,0.3459950238466263,0.33646540592114127,0.46507136991237685,0.6268449849996749
2,evt_000100,0,103,1667726609128,0,0.2277266730864842,0.2441441615422566,0.3013401925563812,0.2359354173143704,0.2577370090617073,0.24737462351719533,0.40062864818465155,0.618573018518983
2,evt_000101,0,104,1667726623566,1,0.2715021024147669,0.284071793158849,0.3257689674695332,0.27778694778680796,0.2937809543477164,0.2861263826489448,0.3958165653873269,0.6113105558968067
2,evt_000211,1,215,1669102997160,1,0.518367608388265,0.4424339632193247,0.4372437099615733,0.48040078580379486,0.4660150938563877,0.4793627351522446,0.391699949698246,0.5878113145082536
2,evt_000212,1,216,1669103032465,0,0.4654531180858612,0.3959793150424957,0.394675463438034,0.43071621656417847,0.418702632188797,0.43045544624328613,0.37301946949375037,0.5874092028484176
2,evt_000213,1,217,1669103067988,1,0.4939997494220733,0.4364523192246755,0.4178300400575002,0.4652260343233744,0.449427369568083,0.46150157848993933,0.37549913053040107,0.5840482404132948
2,evt_000214,1,218,1669103111257,0,0.3042750855286916,0.2906643152236938,0.2854155500729878,0.2974697003761927,0.2934516502751244,0.2964199473460515,0.32143195966515176,0.5854448048489677
2,evt_000215,1,219,1669103127953,1,0.4778616726398468,0.4113364020983378,0.4125384589036305,0.44459903736909234,0.43391217788060504,0.44483944873015085,0.3857035004482127,0.5897653602183144
2,evt_000216,1,220,1669103168957,1,0.4045944412549336,0.3542014261086781,0.3377403815587361,0.37939793368180585,0.3655120829741159,0.3761057247718175,0.3336674609646558,0.5801560286114407
2,evt_000217,1,221,1669103206140,0,0.4399864077568054,0.378496656815211,0.4047047396500905,0.40924153228600824,0.40772926807403564,0.4144831488529841,0.40291624954081445,0.5990019599629628
2,evt_000218,1,222,1669103224329,0,0.390144020318985,0.3500009675820668,0.3528916935125987,0.3700724939505259,0.36434556047121686,0.37065063913663227,0.3606482893726925,0.5898923836873644
2,evt_000219,1,223,1669103278969,0,0.7828739484151205,0.7265066703160604,0.6976578235626221,0.7546903093655905,0.7356794807646011,0.7489205400149028,0.5172199256568908,0.5921559123072199
2,evt_000220,1,224,1669103294529,1,0.5261393189430237,0.4382790029048919,0.4416153331597646,0.4822091609239578,0.4686778850025601,0.4828764269749323,0.3975768085338152,0.5896723982874107
2,evt_000221,1,225,1669103330221,1,0.4655425548553467,0.3890379269917806,0.3423489530881246,0.4272902409235636,0.3989764783117506,0.41795244614283245,0.3071581961215155,0.5659743816669578
2,evt_000367,2,324,1669362228638,0,0.5452476541201273,0.4511135121186574,0.4238617519537608,0.4981805831193924,0.47340763939751523,0.492730231086413,0.36249309003851715,0.5769222544081481
2,evt_000334,2,218,1669362242827,0,0.1905966574947039,0.1669495229919751,0.2041811024149258,0.17877309024333948,0.18724242763386825,0.18621940612792964,0.31036103563152106,0.6005008066155171
2,evt_000392,2,349,1669362246086,1,0.2645994822184245,0.2329925149679183,0.2512710293134053,0.24879599859317142,0.24962100883324936,0.2524517014622688,0.31617482837002664,0.5909931190457772
2,evt_000386,2,343,1669362286052,0,0.4053158760070801,0.3670941193898518,0.4573087890942891,0.38620499769846595,0.40990626149707365,0.4042479316393534,0.49205896756021705,0.6273831314875442
2,evt_000292,2,210,1669362292100,0,0.2874542872111001,0.2317468424638112,0.2349306941032409,0.25960056483745564,0.2513772745927174,0.2602373351653416,0.28450746963648343,0.5788921673695208
2,evt_000372,2,329,1669362325939,0,0.2757758051156997,0.2520945320526758,0.3248963753382364,0.26393516858418775,0.28425557083553726,0.2784955372412999,0.41403537428443304,0.6195848420935656
2,evt_000285,2,291,1669362344709,0,0.4995022614796956,0.4348396956920624,0.4520770907402038,0.46717097858587897,0.4621396826373206,0.4706184575955073,0.4207454568688207,0.5979589176630736
2,evt_000267,2,272,1669362359224,0,0.4297359585762024,0.3948024014631907,0.4010029832522074,0.41226918001969654,0.40851378109720016,0.4135092963774999,0.39187597727554246,0.5946969582598197
2,evt_000259,2,264,1669362369339,0,0.4949127733707428,0.4311475753784179,0.4148777921994527,0.4630301743745804,0.4469793803162045,0.4597762177387873,0.3740466464704738,0.5839599029093449
2,evt_000342,2,204,1669362383633,0,0.2331104626258213,0.1928005913893381,0.2357799907525379,0.2129555270075797,0.22056368158923242,0.22155140688021968,0.32940642179695967,0.601422197944903
2,evt_000331,2,214,1669362389721,0,0.2102265606323877,0.1805935750404993,0.2124380618333815,0.1954100678364435,0.20108606583542285,0.20177896519501995,0.30681158487801274,0.5964265278413212
2,evt_000305,2,212,1669362420798,0,0.1553759512801964,0.142352948586146,0.1992871363957722,0.14886444993317122,0.16567201208737156,0.16025128749509646,0.33857980931962345,0.6155363308294803
2,evt_000338,2,206,1669362430532,0,0.2341434905926386,0.1987480918566385,0.2432306011517842,0.21644579122463853,0.22537406120035375,0.22534229308366768,0.3370571299009674,0.603197346883138
2,evt_000282,2,288,1669362464030,1,0.5802354017893473,0.534921407699585,0.5714934468269348,0.5575784047444661,0.562216752105289,0.5648928125699362,0.5084116872921086,0.6135092121024336
2,evt_000463,3,372,1669621507983,1,0.424360324939092,0.3657149871190388,0.3738027215003967,0.3950376560290654,0.38795934451950914,0.39665520290533696,0.3717086247985407,0.5908795327542982
2,evt_000464,3,373,1669621561870,1,0.4503007531166076,0.4005776047706604,0.4031834602355957,0.42543917894363403,0.4180206060409546,0.4259603500366211,0.38616347457108796,0.5917297144484452
2,evt_000465,3,374,1669621626471,1,0.450909823179245,0.3904034197330475,0.3911519845326741,0.42065662145614624,0.41082174248165554,0.42080633441607157,0.37506940092372304,0.5890186475568513
2,evt_000466,3,375,1669621631835,1,0.3192612628142039,0.2673390259345372,0.2714842508236567,0.2933001443743706,0.2860281798574659,0.29412918935219445,0.3099524692057884,0.5830448626433227
2,evt_000467,3,376,1669621650280,1,0.5003590881824493,0.4483074247837066,0.446793645620346,0.474333256483078,0.4651533861955007,0.47403050065040586,0.40631119873171534,0.5925213842445003
2,evt_000468,3,378,1669621723665,0,0.4674653311570485,0.403146614631017,0.4167246123154958,0.4353059728940327,0.4291121860345204,0.4380215724309285,0.3984912245851508,0.5947361815892996
2,evt_000469,3,379,1669621729491,0,0.4255406657854716,0.3528094391028086,0.3720483581225077,0.3891750524441401,0.3834661543369293,0.3930228362480799,0.3759875669906511,0.5932345116997788
2,evt_000470,3,380,1669621745929,1,0.45809272925059,0.4023756285508473,0.4184781312942505,0.4302341789007187,0.4263154963652293,0.4334546794493993,0.40384751435866767,0.5967742695860202
2,evt_000471,3,381,1669621781674,0,0.3358037968476613,0.282451331615448,0.2879154086112976,0.30912756423155463,0.30205684569146896,0.3102203796307246,0.3208335493581752,0.5846977457014249
2,evt_000472,3,382,1669621785839,1,0.5127586821715037,0.4537089268366496,0.504116048415502,0.4832338045040766,0.4901945524745517,0.4933152288198471,0.4778872441350264,0.6129886266203027
2,evt_000473,3,383,1669621819742,1,0.4241629640261332,0.3681146403153737,0.3932863672574361,0.3961388021707535,0.395187990532981,0.4011731475591659,0.3972715773538115,0.598666776856209
2,evt_000596,4,442,1669793705167,1,0.4701254367828369,0.4081444442272186,0.4088691870371501,0.43913494050502777,0.4290463560157352,0.4392798890670141,0.3845160693279975,0.5899172195808157
2,evt_000597,4,443,1669793739354,1,0.5534259974956512,0.4994157751401265,0.4738921523094177,0.5264208863178889,0.5089113083150651,0.5213161617517472,0.40151871420653834,0.5853078270514781
2,evt_000598,4,218,1669793782509,0,0.34283114473025,0.308571845293045,0.2859793404738108,0.32570149501164747,0.31246077683236856,0.3211829940478007,0.30176435857292583,0.5754193964727857
2,evt_000599,4,444,1669793785125,1,0.3968330522378285,0.3364073137442271,0.3329639136791229,0.36662018299102783,0.3554014265537262,0.365931502978007,0.338519859856537,0.5835454588893288
2,evt_000600,4,210,1669793837936,0,0.3623198370138804,0.3169859250386556,0.2921023865540822,0.339652881026268,0.3238027162022061,0.3346761733293533,0.3008992490079607,0.573603471857884
2,evt_000601,4,214,1669793840875,0,0.3248887658119201,0.2899142056703567,0.2668169041474659,0.3074014857411384,0.2938732918765809,0.30278202543656024,0.288986291651204,0.5732314652767311
2,evt_000602,4,445,1669793847248,1,0.4728882809480031,0.4219541549682617,0.4260366062323252,0.4474212179581324,0.44029301404953003,0.4482377082109451,0.3996626494249535,0.5934573005376179
2,evt_000603,4,446,1669793892670,1,0.5082883338133494,0.4359595080216725,0.40153369307518,0.47212392091751093,0.44859384497006727,0.46523875792821245,0.3505835591901158,0.5755340391436101
2,evt_000604,4,222,1669793925500,0,0.4054802457491556,0.3515394528706868,0.3519372443358102,0.37850984930992115,0.36965231431855083,0.37858940760294585,0.354336497059358,0.587157436297757
2,evt_000605,4,447,1669793928722,1,0.5263718167940775,0.4730339646339416,0.4660466114679972,0.49970289071400953,0.4884841309653387,0.4983054200808207,0.41212781075126226,0.5915161094141076
2,evt_000606,4,448,1669793986841,0,0.604458083709081,0.5616811116536459,0.5331224699815115,0.5830695976813635,0.5664205551147461,0.5773578693469366,0.43388659683949365,0.588628431893411
2,evt_000607,4,449,1669794610065,1,0.4614940981070201,0.4062532782554626,0.3719969689846039,0.43387368818124133,0.4132481151156955,0.4270224263270696,0.338587613046756,0.5755494227574987
2,evt_000608,4,450,1669794632612,1,0.3280927737553914,0.3667158186435699,0.3899105489253998,0.34740429619948066,0.3615730471081204,0.35204324225584666,0.4214623338116284,0.6097263566820312
2,evt_000609,4,451,1669794685806,1,0.4286159475644429,0.4028383394082387,0.381320705016454,0.41572714348634077,0.4042583306630452,0.4114236166079839,0.3613013239823632,0.584459620577494
2,evt_000610,4,452,1669794737276,1,0.3887972931067149,0.3787313799063365,0.3422209819157918,0.3837643365065257,0.36991655164294773,0.3764622569084167,0.3313729249908943,0.5779870023145759
2,evt_000732,5,536,1669965485064,0,0.4974412322044372,0.4219167431195577,0.3704735338687897,0.45967898766199744,0.42994383639759487,0.4493903458118439,0.3199827330542903,0.5667091102538824
2,evt_000733,5,537,1669965489164,0,0.485166331132253,0.3779350022474925,0.4026345610618591,0.43155066668987274,0.4219119648138682,0.4364905784527461,0.38809072525543475,0.5928612060770938
2,evt_000734,5,538,1669965920431,1,0.5947411954402924,0.4721687336762746,0.4752628902594248,0.5334549645582835,0.5140576064586639,0.5340737958749135,0.4058557575349974,0.5871795626062662
2,evt_000735,5,539,1669966002551,0,0.4665981233119964,0.4391891161600749,0.403773824373881,0.45289361973603565,0.4365203546153174,0.4458105613787968,0.36275390513671896,0.5807476627547452
2,evt_000736,5,540,1669966012453,1,0.6047357320785522,0.5370659927527109,0.4759452641010284,0.5709008624156315,0.5392489963107638,0.5586767166852951,0.3709657926303616,0.5709449453991294
2,evt_000737,5,541,1669966050729,0,0.5671148399511973,0.4807652632395426,0.4448438187440236,0.5239400515953699,0.49757464064492113,0.5167557626962661,0.3691482227955844,0.5760210543435129
2,evt_000738,5,542,1669966063300,1,0.5927439530690511,0.4875935018062591,0.4606997072696686,0.5401687274376551,0.5136790540483263,0.534789968530337,0.3793631800148913,0.5778187860783508
2,evt_000739,5,543,1669966313793,0,0.541245033343633,0.4556483527024587,0.422189195950826,0.4984466930230459,0.4730275273323059,0.4917548616727193,0.3591173923560501,0.5756279048168846
2,evt_000740,5,544,1669966342634,0,0.5042092204093933,0.408116082350413,0.3439245720704396,0.4561626513799032,0.41874995827674866,0.44332434932390846,0.29106966763145237,0.5572700151959245
2,evt_000741,5,545,1669966452974,0,0.5827684501806895,0.4831225176652272,0.41876486937205,0.5329454839229584,0.4948852790726556,0.5200739542643229,0.3306484859434188,0.5625492119995137
2,evt_000742,5,546,1669966461750,0,0.5360232492287954,0.4496064484119415,0.391580581665039,0.4928148488203684,0.4590700931019253,0.4812096754709879,0.3241642329069952,0.5646120706190105
2,evt_000743,5,547,1669966513297,1,0.5349151194095612,0.4565581679344177,0.4093380371729533,0.49573664367198944,0.46693710817231077,0.48629261751969655,0.3437314569311806,0.5707315725871988
2,evt_000744,5,548,1669966559091,0,0.5591784516970316,0.4802077313264211,0.4204143087069192,0.5196930915117264,0.486600163910124,0.507734406987826,0.3401910708012131,0.566864985937456
2,evt_000809,6,303,1670137324289,0,0.2952227592468261,0.2606433530648549,0.330924113591512,0.2779330561558405,0.295596741967731,0.2919892082611719,0.4108030603054048,0.6169741532788482
2,evt_000810,6,316,1670137335103,0,0.1082935258746147,0.1120276767760515,0.1499181836843489,0.11016060132533309,0.12341312877833836,0.11773870270699258,0.2933323645707376,0.6089641580490107
2,evt_000811,6,308,1670137348385,0,0.1086274841800331,0.1140049789100885,0.143477588891983,0.11131623154506079,0.12203668399403485,0.1172107535414397,0.27657054398726605,0.6025538753668757
2,evt_000812,6,307,1670137359361,0,0.117558538292845,0.1243749534090359,0.152097454915444,0.12096674585094044,0.13134364887244163,0.12651124615222206,0.27980646559439293,0.6011198603961726
2,evt_000903,7,619,1670156397770,0,0.3325216273466746,0.3526442448298136,0.3452832102775574,0.3425829360882441,0.34348302748468185,0.3411107291777929,0.3649315315031669,0.5932726050760114
2,evt_000904,7,620,1670156414478,1,0.3969536821047465,0.3934376041094462,0.3707128365834554,0.3951956431070964,0.38703470759921604,0.3906506896018982,0.3603255455329306,0.5860495565439993
2,evt_000905,7,621,1670156447213,0,0.3453543186187744,0.3420102298259735,0.344476838906606,0.34368227422237396,0.34394712911711794,0.34417559603850045,0.36584806186589564,0.5939298570762318
2,evt_000906,7,622,1670156462155,1,0.3762757182121277,0.3777862290541331,0.4176884492238362,0.37703097363313043,0.39058346549669903,0.385011417667071,0.4394962961659766,0.6123579318580438
2,evt_000907,7,623,1670156512818,0,0.303719699382782,0.3245994548002878,0.3573351403077443,0.31415957709153486,0.328551431496938,0.3207067141930262,0.40691091101853655,0.6097727533419152
2,evt_000908,7,624,1670156525760,0,0.3588503996531169,0.3807961146036784,0.4153873721758525,0.36982325712839764,0.38501129547754925,0.37674150864283246,0.4398322520739781,0.612878073905813
2,evt_000909,7,625,1670156538510,0,0.2947010993957519,0.3035831252733866,0.3256116310755412,0.2991421123345692,0.3079652852482266,0.30354781349500015,0.37600521343429605,0.6024648301074402
2,evt_000910,7,371,1670156547986,0,0.2920463383197784,0.3086290061473846,0.3641310830911,0.3003376722335815,0.321602142519421,0.3114380876223246,0.43021449110124144,0.618559611904797
2,evt_000911,7,626,1670157344846,0,0.2116300960381825,0.2213389426469802,0.2693283756573995,0.21648451934258134,0.2340991381141874,0.22608240594466522,0.37191171064265116,0.612950360450218
2,evt_000912,7,627,1670157378036,0,0.2595812380313873,0.2891867955525716,0.3258683085441589,0.27438401679197943,0.29154544737603927,0.2817203193902969,0.39690590797335745,0.6117175660323048
2,evt_000913,7,628,1670157390384,0,0.2126457691192626,0.208339661359787,0.2901554306348164,0.21049271523952479,0.237046953704622,0.22685586909453068,0.41523770640734264,0.6274006478592307
2,evt_000914,7,515,1670157443168,0,0.2312101672093073,0.2414208004872004,0.3112860023975372,0.23631548384825385,0.261305656698015,0.2502885242303212,0.416748987395334,0.623478444885934
2,evt_000915,7,630,1670157483693,0,0.2385469128688175,0.2335475583871205,0.3042761882146199,0.23604723562796898,0.2587902198235193,0.2501929615934689,0.4086139189084185,0.6214996341180772
2,evt_001033,8,222,1670399180148,0,0.4074430565039317,0.3559025724728902,0.3623034954071045,0.38167281448841095,0.37521637479464215,0.38295299907525376,0.3657626540753905,0.5904038839634893
2,evt_001034,8,210,1670399205236,0,0.3334895670413971,0.2895308335622151,0.2932665050029754,0.3115102003018061,0.3054289685355292,0.31225733458995814,0.3252312190612909,0.5856349638395482
2,evt_001035,8,689,1670399237691,0,0.4186487992604573,0.3556455671787262,0.3576469421386719,0.38714718321959174,0.3773137695259518,0.3875474582115809,0.3564709598814063,0.5870269525534179
2,evt_001036,8,690,1670399291497,1,0.532511830329895,0.4845507343610127,0.4460856815179189,0.5085312823454539,0.48771608206960887,0.500838271776835,0.3781325123066821,0.5798591039802051
2,evt_001037,8,691,1670399337765,1,0.4043426314989726,0.3664588431517283,0.327119509379069,0.3854007373253504,0.36597366134325665,0.3775328705708186,0.31311691787991236,0.572138667260171
2,evt_001038,8,221,1670399381334,0,0.4665794471899668,0.4115076164404551,0.410388042529424,0.43904353181521094,0.42949170205328197,0.4388196170330047,0.38575602252170815,0.5901720230036227
2,evt_001039,8,692,1670399437123,0,0.5854972501595815,0.5135707855224609,0.526302844285965,0.5495340178410213,0.5417902933226691,0.552080429593722,0.4556470310286412,0.5994429529988675
2,evt_001040,8,693,1670399468642,0,0.5873680114746094,0.5388145943482717,0.4978900551795959,0.5630913029114406,0.5413575536674924,0.5549063950777053,0.40357128019823274,0.5817371000535093
2,evt_001041,8,203,1670399520537,0,0.4272548258304596,0.3750774661699931,0.3427278796831767,0.4011661460002264,0.38168672389454317,0.3946962287028631,0.3239549389232372,0.5743298086709907
2,evt_001042,8,204,1670399531526,1,0.3817023734251657,0.3336341977119446,0.3034396668275197,0.3576682855685551,0.3395920793215433,0.35162937939167016,0.3031214331823284,0.5722108868788014
2,evt_001043,8,694,1670399577879,0,0.5590391755104065,0.5031883915265402,0.4763739903767903,0.5311137835184734,0.512867185804579,0.5257509032885234,0.40132308999527594,0.5847608646531899
2,evt_001044,8,206,1670399624981,0,0.3815194368362427,0.3445430696010589,0.3034250537554422,0.3630312532186508,0.3431625200642479,0.35480765004952747,0.29768043891737317,0.5693545495914347
2,evt_001045,8,695,1670399648874,1,0.5925468603769938,0.5259289344151815,0.4893197417259216,0.5592378973960876,0.5359318455060323,0.5519160588582357,0.39743729410041956,0.5806147470580998
2,evt_001150,9,162,1670416713759,0,0.352093756198883,0.3260461091995239,0.3014211853345234,0.3390699326992035,0.32652035024431014,0.33414494792620336,0.31191050864548353,0.5770961921985526
2,evt_001151,9,170,1670416780854,0,0.5001907646656036,0.4473156929016113,0.3660441438357035,0.4737532287836075,0.43785020046763945,0.4574989189704259,0.3018726691316994,0.5582739247578967
2,evt_001152,9,150,1670416871483,0,0.3146562278270721,0.3364126582940419,0.2831915368636448,0.325534443060557,0.3114201409949196,0.3148902187744776,0.29116795477940466,0.570354703202689
2,evt_001153,9,317,1670416886153,0,0.5809291203816732,0.5109390417734782,0.4569909075895945,0.5459340810775757,0.516286356581582,0.5351444542407989,0.3661163945096761,0.5722549808092553
2,evt_001154,9,171,1670416924239,1,0.3902574976285298,0.368678480386734,0.3120626310507456,0.3794679890076319,0.3569995363553365,0.36814481914043423,0.29540511119009477,0.5662065524421412
2,evt_001155,9,152,1670416952839,0,0.3667972385883331,0.3257850706577301,0.2919194201628367,0.3462911546230316,0.32816724313629997,0.3395180245240529,0.29499063970438655,0.570548884143338
2,evt_001156,9,156,1670417026842,1,0.3772334853808085,0.3661937216917674,0.3133737941582997,0.3717136035362879,0.35226700041029185,0.36114961802959444,0.30162184599884334,0.569137948536241
2,evt_001157,9,166,1670417060906,0,0.4669285813967387,0.4303133289019267,0.3877278566360473,0.4486209551493327,0.4283232556449042,0.4401038606961568,0.34597261300716675,0.5759394477608922
2,evt_001158,9,167,1670417080117,0,0.275897001226743,0.2809958408276239,0.2601691385110219,0.2784464210271834,0.27235399352179623,0.274281080563863,0.29776314530956194,0.5793222480601634
2,evt_001159,9,158,1670417094894,0,0.2827583104372024,0.2801290651162465,0.2691930532455444,0.28144368777672446,0.27736014293299777,0.279256485402584,0.3096923025909767,0.5833009913539069
2,evt_001160,9,161,1670417122345,1,0.4792122940222422,0.4225949943065643,0.374775230884552,0.4509036441644032,0.4255275064044528,0.44133969148000074,0.32973491913882824,0.5706549490151239
2,evt_001264,10,122,1670489247842,1,0.5268735289573669,0.4660262167453766,0.4544692138830821,0.49644987285137177,0.4824563198619419,0.4941384722789129,0.40015938165294845,0.5883487375685056
2,evt_001265,10,856,1670489300183,1,0.4195524752140045,0.3621568381786346,0.3333552877108256,0.3908546566963196,0.37168820036782163,0.38509434660275776,0.31980703461443044,0.574240351058876
2,evt_001266,10,857,1670489355638,1,0.4691788852214813,0.4148215750853221,0.402570366859436,0.44200023015340173,0.4288569423887465,0.43954998850822447,0.3728502443022807,0.585756957712497
2,evt_001267,10,858,1670489388023,1,0.4423769911130269,0.3907552659511566,0.3749341368675232,0.41656612853209174,0.40268879797723556,0.4134019027153651,0.355274803919754,0.5829563313801149
2,evt_001268,10,859,1670489422625,1,0.5675169825553894,0.5164353251457214,0.498989850282669,0.5419761538505554,0.5276473859945933,0.5384870588779449,0.42225134535121484,0.5898728330383367
2,evt_001269,10,860,1670489466048,1,0.3616710305213928,0.3102203011512756,0.3012999395529428,0.33594566583633423,0.3243970904085371,0.33416159351666763,0.31760279767646216,0.5800660563521616
2,evt_001270,10,861,1670489519577,0,0.5362715125083923,0.4708332419395447,0.4864892860253652,0.5035523772239685,0.49786468015776736,0.5066835860411326,0.4380722775321734,0.5991593099733186
2,evt_001271,10,862,1670489525143,1,0.4425629774729411,0.3766336639722188,0.3815768758455912,0.40959832072257996,0.400257839096917,0.4105869630972544,0.371593424418049,0.589308069304433
2,evt_001272,10,863,1670489573794,1,0.6426117221514384,0.5819917917251587,0.5959411859512329,0.6123017569382985,0.6068482332759433,0.6150916357835134,0.4988816070456217,0.6049100817737075
2,evt_001273,10,864,1670489630487,1,0.6600111524264017,0.5966111024220785,0.6072399218877157,0.6283111274242401,0.6212873922453986,0.6304368913173675,0.5015974026589514,0.6039143196399034
2,evt_001274,10,865,1670489668078,1,0.4638858040173848,0.4061115781466166,0.4148821632067362,0.4349986910820007,0.42829318179024584,0.4367528080940246,0.3953944838629493,0.5936796898523735
2,evt_001275,10,866,1670490185399,1,0.5420043468475342,0.4881263176600138,0.4657570620377858,0.5150653322537739,0.4986292421817779,0.5105914811293284,0.39966316318477546,0.5859927750350536
2,evt_001391,11,931,1670593055702,1,0.5000681082407633,0.4292486508687337,0.3577195505301158,0.46465837955474854,0.4290121032132043,0.45035255948702496,0.2997244167021696,0.5589055564374424
2,evt_001392,11,932,1670593089050,1,0.6286232272783915,0.5457160572210947,0.4941939115524292,0.5871696422497431,0.5561777320173051,0.57686521311601,0.38347658658876665,0.573365796001625
2,evt_001393,11,933,1670593150644,1,0.5498608152071635,0.4602212309837341,0.3922978341579437,0.5050410230954487,0.4674599601162804,0.4914563437302907,0.3166480341133838,0.5606920533229135
2,evt_001394,11,934,1670593178683,1,0.559106687704722,0.459075778722763,0.3901368876298268,0.5090912332137425,0.4694397846857706,0.49530345499515527,0.3122064630128644,0.5588855496826713
2,evt_001395,11,935,1670593231692,0,0.60197913646698,0.5191344022750854,0.4522578418254852,0.5605567693710327,0.5244571268558502,0.5471814572811127,0.35038279884664675,0.5657073285693968
2,evt_001396,11,936,1670593276512,0,0.5866200029850006,0.5068929493427277,0.4472175439198811,0.5467564761638641,0.5135768320825365,0.5348213950792948,0.35408061334090046,0.5684311521407127
2,evt_001397,11,937,1670593319555,1,0.599107950925827,0.5364936888217926,0.488589475552241,0.5678008198738098,0.5413970384332869,0.5582199772198995,0.3892285578833045,0.577003297018587
2,evt_001398,11,938,1670593388706,0,0.5804269313812256,0.5179216961065928,0.4523855447769165,0.5491743137439091,0.5169113907549115,0.5360670834779739,0.35690755053011697,0.5687514035680136
2,evt_001399,11,939,1670593398863,1,0.5623468259970347,0.4848329623540242,0.4172351956367492,0.5235898941755295,0.4881383279959361,0.5100703408320745,0.3331565351168005,0.5640272216434324
2,evt_001400,11,940,1670593450200,1,0.5528687735398611,0.47096053759257,0.3972173730532328,0.5119146555662155,0.4736822280618879,0.4971660226583481,0.3170393538998971,0.5598964240189388
2,evt_001401,11,941,1670593457981,1,0.5856085419654846,0.5179480115572611,0.4696123401323954,0.5517782767613728,0.5243896312183803,0.5421111424763997,0.3776461820689582,0.5752472631140326
2,evt_001402,11,942,1670593678966,1,0.5461723307768503,0.4553061326344808,0.3960253894329071,0.5007392317056656,0.4658346176147461,0.48888308306535083,0.32454617037867717,0.5639359552703143
2,evt_001403,11,676,1670593731723,1,0.5566186408201853,0.4741343855857849,0.4119759500026703,0.515376513202985,0.4809096588028801,0.5029448260863622,0.333087011023864,0.5650284167778474
2,evt_001517,12,672,1670745796228,0,0.3849416772524516,0.2673467049996058,0.344946136077245,0.32614419112602866,0.33241150610976744,0.34166407734155657,0.399747386633933,0.6095027272229234
2,evt_001518,12,1007,1670745816164,0,0.4540483951568603,0.3341962893803914,0.3829227685928345,0.39412234226862586,0.3903891510433621,0.4038676381111145,0.39374170312942197,0.5992712818463362
2,evt_001519,12,1009,1670745856694,1,0.4896152516206105,0.3717580735683441,0.4003661771615346,0.4306866625944773,0.4205798341168297,0.43640828331311543,0.3871568734080121,0.5929037247667615
2,evt_001520,12,904,1670745898709,1,0.5502864619096121,0.4155467649300893,0.451329360405604,0.4829166134198507,0.4723875290817685,0.4900731325149536,0.4159663828665123,0.596173351961099
2,evt_001521,12,1010,1670745955433,0,0.4674628277619679,0.3187465369701385,0.3567700088024139,0.3931046823660532,0.3809931245115068,0.4007093767325083,0.3626917087479272,0.5903543372244551
2,evt_001522,12,1011,1670745964157,0,0.5070095558961233,0.3857387999693553,0.3962709407011668,0.44637417793273926,0.42967309885554844,0.4484806060791016,0.3695321013191063,0.5856187834135893
2,evt_001523,12,1013,1670745990376,0,0.6022790372371674,0.4975906610488891,0.5106969177722931,0.5499348491430283,0.5368555386861166,0.5525561004877091,0.43797762051424677,0.5947488911401722
2,evt_001524,12,1014,1670746005488,0,0.4810023903846741,0.3444284399350484,0.3464475572109222,0.4127154151598612,0.39062612917688155,0.41311923861503597,0.3310848941219819,0.5773099163842725
2,evt_001525,12,804,1670746016951,1,0.5028366645177206,0.3512330750624339,0.3985365529855092,0.4270348697900772,0.4175354308552212,0.4364955653746923,0.39240715546041194,0.5957201515422182
2,evt_001526,12,1015,1670746051000,0,0.4576946198940277,0.3221772710482279,0.3490414023399353,0.3899359454711278,0.3763044310940636,0.3953087717294693,0.3526202489856576,0.5871603598806168
2,evt_001527,12,1016,1670746095405,0,0.4970451295375824,0.3804445266723633,0.3791074057420094,0.43874482810497284,0.4188656873173184,0.43847740391890205,0.3519649713668928,0.5807265593913549
2,evt_001528,12,1017,1670746108574,0,0.5113188624382019,0.3544045289357503,0.3934944669405619,0.4328616956869761,0.41973928610483807,0.44067968328793844,0.3814920248585384,0.5917616126327985
2,evt_001647,13,1134,1672734138943,0,0.2067496925592421,0.2087660878896713,0.2649220277865727,0.2077578902244567,0.22681260274516202,0.21898907820383698,0.3759402238457145,0.615819716927242
2,evt_001648,13,1135,1672734207544,1,0.531698743502299,0.5058292249838511,0.4674983620643616,0.518763984243075,0.5016754435168372,0.5110978116591771,0.3957118474769628,0.583808813695651
2,evt_001649,13,1136,1672734280367,0,0.3996955056985219,0.4001179734865824,0.4963791966438293,0.3999067395925522,0.4320642252763112,0.41915898422400155,0.5288832064378953,0.6355745297444856
2,evt_001650,13,1137,1672734293087,0,0.203896664083004,0.1989607860644658,0.2573977808157602,0.20142872507373488,0.2200850769877433,0.21311612402399377,0.37210311446540284,0.6158895495922653
2,evt_001651,13,1139,1672734324848,0,0.5527504483858744,0.4913832743962605,0.5659382939338684,0.5220668613910675,0.5366906722386678,0.536977865298589,0.5318008841714319,0.6244265365049837
2,evt_001652,13,1140,1672734339017,0,0.3732709983984629,0.3844150900840759,0.3885682821273803,0.3788430442412694,0.3820847902033064,0.3796736826499303,0.39625806012576975,0.5989467742694808
2,evt_001653,13,1141,1672734350106,0,0.585577925046285,0.5691170891125997,0.5520251592000326,0.5773475070794424,0.5689067244529724,0.573929121096929,0.46126327261310257,0.5969456136445066
2,evt_001654,13,1142,1672734358939,0,0.5524546106656393,0.5371008912722269,0.5041347444057465,0.5447777509689331,0.5312300821145376,0.538184521595637,0.4225669010917044,0.5889634245268103
2,evt_001655,13,1143,1672734384238,0,0.4533158739407857,0.4539842108885447,0.4337975780169169,0.4536500424146652,0.4470325542820824,0.44961271584033957,0.39876643195144534,0.5914530085109093
2,evt_001656,13,1144,1672734395230,0,0.3712388277053833,0.3674860000610351,0.3478655914465586,0.36936241388320923,0.36219680640432567,0.3654383321603139,0.34958901645226925,0.5856026464263012
2,evt_001657,13,1145,1672734416127,1,0.585873027642568,0.534277081489563,0.5199026962121328,0.5600750545660655,0.546684268448088,0.5572001775105795,0.43586323067992055,0.5919791467877838
2,evt_001658,13,1147,1672734435330,1,0.4907048145929972,0.4486265083154042,0.4358274936676025,0.4696656614542007,0.4583862721920013,0.46710585852464037,0.3940875690340098,0.5890720065358105
2,evt_001659,13,1148,1672734607449,1,0.3160303334395091,0.2993022203445434,0.2895146012306213,0.30766627689202625,0.3016157183382246,0.30570875306924183,0.319205519967522,0.5834133082423876
2,evt_001660,13,1150,1672734740299,0,0.416819969813029,0.4151094953219096,0.4114285409450531,0.4159647325674693,0.4144526686933306,0.415228541692098,0.3988974309518598,0.5957641474581767
2,evt_001772,14,1214,1672837277769,0,0.4342852135499318,0.3969543774922688,0.3992318610350291,0.4156197955211003,0.41015715069240993,0.41607529222965234,0.38707218310758645,0.5928726484523666
2,evt_001773,14,1216,1672837333541,1,0.3520829677581787,0.3316334585348765,0.3539345860481261,0.34185821314652765,0.3458836707803938,0.3463184386491775,0.38310353544310527,0.5999577286677933
2,evt_001774,14,1217,1672837391551,0,0.3901106119155884,0.3626943528652191,0.3184426923592885,0.37640248239040375,0.357082552380032,0.3675521502892176,0.30689637640238626,0.5708020598153261
2,evt_001775,14,1218,1672837415982,0,0.3349941571553548,0.3069832424322764,0.3529113531112671,0.3209886997938156,0.3316295842329661,0.3301743219296137,0.401197839175514,0.6082804702266617
2,evt_001776,14,1219,1672837467878,1,0.492911289135615,0.4599710603555043,0.4367786447207133,0.47644117474555964,0.4632203314039442,0.47180269161860144,0.3889334036318903,0.5865316394884534
2,evt_001777,14,1220,1672837504474,0,0.3313255409399668,0.2928647845983505,0.3120183746019998,0.31209516276915866,0.31206956671343905,0.3159258807698885,0.3512629291123003,0.5940368187131262
2,evt_001778,14,1221,1672837522187,1,0.2715701262156168,0.2482768595218657,0.3050920267899831,0.2599234928687413,0.27497967084248853,0.2712865263223647,0.387770504190934,0.6122190798676768
2,evt_001779,14,1222,1672837584553,0,0.3770729303359985,0.3597880701224009,0.3331688245137532,0.36843050022919965,0.35667660832405085,0.36310665110747015,0.33178383840126396,0.5801029945318086
2,evt_001780,14,1223,1672837598036,0,0.327034056186676,0.320130298535029,0.3687867621580759,0.3235821773608525,0.3386503722932603,0.3333134700854619,0.41865899466714807,0.6127288579144438
2,evt_001781,14,1224,1672837619724,0,0.3779047628243764,0.353214830160141,0.3835000693798065,0.36555979649225867,0.3715398874547746,0.3716168443361918,0.4050605706671533,0.60394589812988
2,evt_001782,14,1225,1672837651345,0,0.3583349585533142,0.3377976914246877,0.3127103646596272,0.3480663249890009,0.3362810048792097,0.34304885963598886,0.31989184258483694,0.5786106912584965
2,evt_001783,14,1226,1672837685493,0,0.3781071205933888,0.359113077322642,0.4295659760634104,0.36861009895801544,0.3889287246598137,0.3827006787061691,0.46614612542727857,0.6215389981106598
2,evt_001910,15,1292,1672887576327,1,0.476442406574885,0.4465978940327962,0.3865636090437571,0.46152015030384064,0.4365346365504794,0.4495132933060328,0.33410193167784025,0.570382813031608
2,evt_001911,15,1294,1672888509152,0,0.3816169003645579,0.3777262270450592,0.3348121643066406,0.3796715637048086,0.3647184305720859,0.37108875115712486,0.3237440597171406,0.5757519328261719
2,evt_001912,15,1295,1672888542269,1,0.3536537985006968,0.3381868700186412,0.3656612038612366,0.34592033425966895,0.3525006241268582,0.3514152010281881,0.39554752652875824,0.603193082197822
2,evt_001913,15,1296,1672888594295,0,0.4474762578805287,0.4083269238471985,0.3842850625514983,0.4279015908638636,0.4133627480930751,0.4230932186047236,0.3574801882335043,0.5821108061656828
2,evt_001914,15,1297,1672888646443,1,0.4997809727986653,0.4329272309939067,0.395382285118103,0.466354101896286,0.44269682963689166,0.4588451127211252,0.3462549644571094,0.5746469950370705
2,evt_001915,15,852,1672888682493,1,0.5620724360148112,0.5133358438809713,0.4780485332012176,0.5377041399478912,0.517818937699,0.5306466778119404,0.397496478031515,0.5827016438239664
2,evt_001916,15,1298,1672888717254,0,0.5532007416089376,0.5034828980763754,0.4971647560596466,0.5283418198426565,0.5179494652483199,0.5270781914393107,0.4305931115717397,0.5938797200177128
2,evt_001917,15,1299,1672888737915,0,0.4248690803845723,0.3359312017758687,0.406728724638621,0.38040014108022047,0.3891763355996873,0.3945596456527709,0.43408643591108553,0.6123358179488076
2,evt_001918,15,1300,1672888759175,0,0.4293609360853831,0.3667950729529063,0.3830110629399617,0.3980780045191447,0.393055690659417,0.4013212025165558,0.38241108339172275,0.5939793110923793
2,evt_001919,15,1301,1672888781893,1,0.451277196407318,0.3769709964593251,0.3951191206773122,0.41412409643332154,0.4077891045146518,0.41775372127691895,0.38752573708780946,0.5939722082250538
2,evt_001920,15,1302,1672888818054,1,0.5931819478670756,0.5844011704126993,0.5464311639467875,0.5887915591398875,0.5746714274088541,0.581197557846705,0.44307666510647903,0.5900758670200297
2,evt_001921,15,1303,1672888855055,1,0.4490941365559895,0.4090741574764251,0.3833382328351338,0.42908414701620734,0.4138355089558495,0.42393696208794907,0.3554135834600436,0.5813229158534173
2,evt_001922,15,1304,1672888885251,0,0.5224427779515585,0.4441025455792745,0.4658004840215047,0.4832726617654165,0.47744860251744586,0.4876122494538625,0.42805556271355305,0.5986494954944965
2,evt_001923,15,1305,1672888920663,0,0.4335753520329793,0.4045194884141286,0.4350922107696532,0.41904742022355396,0.4243956837389204,0.42516196469465883,0.4322369006920227,0.6060522120635148
2,evt_001924,15,1306,1672888945774,0,0.5717383225758871,0.5096863706906637,0.5255685448646545,0.5407123466332754,0.5356644127104018,0.5438887814680735,0.46066866076099655,0.6017154363822492
2,evt_002034,16,1419,1672907688262,0,0.316094825665156,0.3266822397708893,0.3212644457817077,0.32138853271802265,0.32134717040591765,0.3203049739201863,0.34986744283304055,0.5912502728994539
2,evt_002035,16,1420,1672907707129,1,0.2672368089358012,0.2419393708308538,0.3084663351376851,0.2545880898833275,0.27254750496811336,0.26789348274469377,0.3988308481130999,0.6164007323931373
2,evt_002036,16,1421,1672907764150,1,0.4012957413991292,0.3928965429464976,0.3701345423857371,0.3970961421728134,0.388108942243788,0.39254374206066134,0.35863967554808773,0.5853862914279387
2,evt_002037,16,1422,1672907810263,1,0.3664093315601349,0.3502540588378906,0.4158622523148854,0.35833169519901276,0.3775085475709703,0.3714533338944117,0.4556168106581873,0.6196225337031204
2,evt_002038,16,1423,1672907871270,1,0.3266785045464833,0.3301887214183807,0.3177160521348317,0.328433612982432,0.32486109269989855,0.3259390791257222,0.33977538496952286,0.5872099145467773
2,evt_002039,16,1424,1672907930425,1,0.3904044727484385,0.364426702260971,0.3591444790363312,0.3774155875047047,0.37132521801524687,0.3763591428597768,0.3614828686468275,0.5889758071447723
2,evt_002040,16,1425,1672907954628,1,0.3885217408339182,0.3727332254250844,0.3997566600640614,0.38062748312950134,0.3870038754410214,0.38603217005729673,0.4137672450134636,0.6046265040147156
2,evt_002041,16,1426,1672907977399,1,0.4906711379686991,0.484612375497818,0.4552494386831919,0.48764175673325855,0.47684431738323635,0.4817691693703333,0.40148172671048205,0.5886552854523839
2,evt_002042,16,1427,1672908712571,1,0.3158781131108601,0.2944959302743276,0.2662928402423858,0.3051870216925938,0.2922222945425245,0.2995464036862055,0.28820336870940705,0.5729000844459006
2,evt_002043,16,1428,1672908741800,1,0.5990267395973206,0.5852052966753641,0.5312578280766805,0.5921160181363423,0.5718299547831217,0.5813265244166056,0.42035858370964685,0.5829204684430974
2,evt_002044,16,1429,1672908778051,1,0.4066576858361562,0.3992872734864552,0.3713383078575134,0.40297247966130567,0.39242775572670824,0.39738268653551734,0.3555440969963599,0.5836831962864678
2,evt_002158,17,1479,1672993193375,0,0.4372091193993886,0.4057648678620656,0.3669541776180267,0.4214869936307271,0.40330938829316026,0.4137248555819193,0.33838499358523205,0.5764032637330744
2,evt_002159,17,1480,1672993200503,0,0.3879415690898895,0.3539341886838277,0.3352226515611012,0.3709378788868586,0.3590328031116061,0.3671955714623133,0.33473931958090736,0.5811616109300624
2,evt_002160,17,1481,1672993211854,1,0.3547614763180415,0.3378115594387054,0.3118698795636495,0.34628651787837345,0.3348143051067988,0.3410981819033623,0.31967280733338,0.5786742730017015
2,evt_002161,17,1482,1672993254342,0,0.1717611600955327,0.1672124688824018,0.208755259712537,0.16948681448896724,0.18257629623015714,0.1777953726549943,0.326272851438031,0.606957452220469
2,evt_002162,17,1483,1672993260821,0,0.3035614093144734,0.2712251096963882,0.2992137670516968,0.2873932595054308,0.2913334286875195,0.2929909909764925,0.3536422740424935,0.5979314516385301
2,evt_002163,17,222,1672993268628,0,0.2596718966960907,0.2328547537326812,0.2930393517017364,0.24626332521438593,0.26185533404350275,0.258300244808197,0.3838161385602479,0.6130881748092936
2,evt_002164,17,206,1672993275719,0,0.2619011451800663,0.2288057307402292,0.2372153053681055,0.24535343796014775,0.24264072709613368,0.24703535288572304,0.2974214780404581,0.5850171320517719
2,evt_002165,17,1484,1672993282500,0,0.4415598511695862,0.4181396166483561,0.4125222265720367,0.42984973390897113,0.42407389812999297,0.4287262558937073,0.3919555541593136,0.5924907544420106
2,evt_002166,17,1485,1672993312603,1,0.2955502520004908,0.2806977778673171,0.3570791979630788,0.28812401493390394,0.31110907594362885,0.30340029895305626,0.4363579009854052,0.6226628109501817
2,evt_002167,17,1486,1672994276526,0,0.3477867543697357,0.3203602532545725,0.3400319615999858,0.3340735038121541,0.336059656408098,0.33800784548123675,0.3709798029937544,0.5972802771927969
2,evt_002168,17,1487,1672994314719,1,0.3058733294407527,0.3041850328445434,0.3737181524435679,0.30502918114264804,0.3279255049096213,0.31893580506245295,0.44229710732220523,0.6219105616118643
2,evt_002169,17,1488,1672994327205,1,0.2673296531041463,0.2592874765396118,0.2975985606511434,0.26330856482187903,0.2747385634316338,0.27097078164418537,0.37037254858840535,0.6059496133440462
2,evt_002170,17,1489,1672994681282,0,0.371021032333374,0.3313662509123484,0.3266816437244415,0.3511936416228612,0.3430229756567213,0.3502567201852798,0.33939801396478364,0.5852390018041674
2,evt_002292,18,1557,1673010257119,0,0.2524336725473403,0.2307137300570805,0.2961946328481038,0.2415737013022104,0.2597806784841749,0.25466988186041506,0.39285592056400903,0.6163992793590944
2,evt_002293,18,1558,1673010298084,0,0.3380646506945292,0.349387377500534,0.3919163842995961,0.34372601409753156,0.35978947083155305,0.35223181545734406,0.43104264530276304,0.6135661637538317
2,evt_002294,18,1559,1673010312140,0,0.3008499691883723,0.2680391917626062,0.3368051747481028,0.28444458047548926,0.3018981118996938,0.29819777707258854,0.41284459684801345,0.616655253912177
2,evt_002295,18,1560,1673010321245,0,0.3726772765318553,0.3512365221977234,0.3745175401369731,0.36195689936478936,0.366143779622184,0.36661310295263927,0.3950903890829539,0.6012574244984554
2,evt_002296,18,1504,1673010374448,0,0.4103612502415975,0.4059297343095143,0.4442626933256785,0.40814549227555585,0.42018455929226345,0.4158120840787887,0.45072843661696405,0.6122464694746919
2,evt_002297,18,1561,1673010404366,1,0.3798995912075043,0.3856931130091349,0.4160660902659098,0.3827963521083196,0.3938862648275163,0.38887094755967455,0.4317660249282808,0.6093193140007603
2,evt_002298,18,1562,1673010449485,0,0.2707716524600982,0.2608128041028976,0.3028321067492166,0.2657922282814979,0.27813885443740416,0.27419608881076174,0.3762372947796568,0.6074809415705651
2,evt_002299,18,1563,1673010464440,0,0.3348418871561686,0.3183992505073547,0.3868356645107269,0.3266205688317616,0.34669226739141673,0.34030785163243604,0.44314651644077135,0.6197982414489303
2,evt_002300,18,1564,1673010550571,0,0.3874679505825043,0.3951348761717478,0.4357999861240387,0.39130141337712604,0.4061342709594302,0.39943443536758416,0.4516744113058813,0.6141822711973797
2,evt_002301,18,1565,1673010561200,1,0.2796329160531361,0.2646392385164897,0.2892905175685882,0.2721360772848129,0.27785422404607135,0.27706633309523265,0.3502263996005232,0.5984791271056327
2,evt_002302,18,1566,1673010587660,0,0.3128603895505269,0.310235599676768,0.3447495698928833,0.31154799461364746,0.32261518637339276,0.3184507886568705,0.3942633240016167,0.6067744567906534
2,evt_002303,18,1567,1673010602029,0,0.388368676106135,0.3786955773830414,0.45278200507164,0.3835321267445882,0.4066154195202721,0.3983494122823079,0.48416890302230614,0.6248332217982588
2,evt_002304,18,1210,1673010613356,0,0.2047091374794641,0.201515883207321,0.2618902424971263,0.20311251034339256,0.22270508772797046,0.2151873822013536,0.37730404882977786,0.6171612801344408
2,evt_002305,18,1568,1673010626294,0,0.4097816050052643,0.3895719647407531,0.4577006200949351,0.39967678487300873,0.41901806328031754,0.4133025159438451,0.4785347368159104,0.6216040573856514
2,evt_002411,19,226,1673251221576,0,0.1544774460295835,0.152723970512549,0.2077416678269703,0.15360070827106626,0.1716476947897009,0.1646042477339505,0.34523848041496036,0.6162317764461719
2,evt_002412,19,1628,1673251229596,0,0.2053994139035543,0.2051489402850468,0.2709845751523971,0.20527417709430054,0.22717764311366606,0.21844130406777063,0.38931346851785936,0.6203850114784748
2,evt_002413,19,221,1673251247925,0,0.2767409880956014,0.2621721525986989,0.3497629364331563,0.26945657034715015,0.29622535904248554,0.28697472711404165,0.44427146849403626,0.627458896923002
2,evt_002414,19,211,1673251259758,0,0.1634945596257845,0.1556852683424949,0.2169965207576751,0.1595899139841397,0.17872544957531813,0.17185216446717572,0.35545148041750024,0.6184757027768272
2,evt_002415,19,203,1673251270455,0,0.3155020177364349,0.2786734749873479,0.2817726234594981,0.2970877463618914,0.291982705394427,0.2977075760563214,0.31968002181702015,0.5854820051882434
2,evt_002416,19,1629,1673251277639,0,0.3909776012102763,0.4030953049659729,0.4789916078249613,0.39703645308812463,0.4243548380004036,0.41221571365992227,0.5059123800166193,0.6291155213290623
2,evt_002417,19,222,1673251289785,1,0.2319478740294773,0.2414773354927698,0.3103515406449635,0.23671260476112355,0.26125891672240353,0.2504874457915623,0.41496666279322436,0.6229095025518454
2,evt_002418,19,1630,1673251392557,1,0.2746285001436869,0.2751879096031189,0.3348122338453929,0.2749082048734029,0.29487621453073287,0.2868330697218577,0.41396679922949925,0.6174447150601159
2,evt_002419,19,1631,1673252035933,0,0.3014287153879801,0.3020670562982559,0.3729560673236847,0.301747885843118,0.32548394633664024,0.31592568804820376,0.4439818306325931,0.6227659103897812
2,evt_002420,19,1306,1673252045921,0,0.3725887934366862,0.378348171710968,0.4642775058746337,0.37546848257382714,0.4050714903407626,0.39265434940656024,0.5050159205183732,0.6314008186121394
2,evt_002421,19,1516,1673252054232,0,0.5275339782238007,0.4986711740493774,0.4640447994073232,0.513102576136589,0.4967499838935004,0.5061773012081782,0.39593811345379043,0.5845661877400223
2,evt_002526,20,1681,1673339291215,0,0.4057685136795044,0.3683993419011434,0.4170813858509063,0.38708392779032386,0.3970830804771847,0.3968203365802765,0.43530120355205926,0.6107703748070253
2,evt_002527,20,1682,1673339331657,0,0.3693332572778066,0.3288889825344085,0.3947621385256449,0.34911111990610755,0.36432812611262005,0.36228575110435485,0.4375677456636028,0.6159717425025111
2,evt_002528,20,1684,1673339375583,0,0.4081809024016061,0.353473037481308,0.4201887349287669,0.38082696994145704,0.3939475582705603,0.3941701094309488,0.44745960679546026,0.6154503428910235
2,evt_002529,20,1685,1673339401208,0,0.2495434482892354,0.222086876630783,0.2750963220993678,0.2358151624600092,0.24890888233979538,0.24641705155372615,0.3665875319205373,0.6093332293303704
2,evt_002530,20,1686,1673339410694,1,0.3506699204444885,0.3438678284486134,0.4223705033461253,0.34726887444655097,0.3723027507464091,0.3629694094260533,0.4733230043055354,0.6258469816094243
2,evt_002531,20,1687,1673339462710,0,0.4794113934040069,0.4401415586471557,0.5250137746334076,0.4597764760255813,0.4815222422281901,0.4767509192228317,0.5233967435620669,0.6282741428814876
2,evt_002532,20,1688,1673339475348,0,0.3418941646814346,0.3253553807735442,0.4092419644196828,0.33362477272748936,0.3588305032915538,0.35040208945671714,0.46861032946165815,0.6263299404902414
2,evt_002533,20,1689,1673339500301,0,0.2536830008029937,0.2294309884309768,0.3019155363241831,0.24155699461698527,0.26167650851938457,0.2560539041956265,0.4023236869216566,0.6193313691454619
2,evt_002534,20,1690,1673339510654,0,0.3372489313284556,0.2916374156872431,0.4022285342216491,0.31444317350784934,0.3437049604124493,0.33656139721473055,0.4811754244443616,0.6329551763152094
2,evt_002535,20,1691,1673339520019,0,0.3684404591719309,0.3305840988953908,0.4351505835851033,0.3495122790336609,0.37805838055080837,0.37042557597160336,0.49371858202925323,0.6320909112220969
2,evt_002536,20,1692,1673339527734,0,0.3139257530371348,0.2866214911142985,0.397625207901001,0.3002736220757167,0.3327241506841448,0.32247436543305713,0.4853536571375336,0.6354890356925023
2,evt_002537,20,1693,1673339536729,0,0.2795264075199763,0.2507671316464742,0.3493793308734894,0.26514676958322525,0.2932242900133133,0.28486920942862826,0.45063020835259676,0.6302560329796271
2,evt_002657,21,1809,1677662222008,0,0.3749384681383769,0.3419640660285949,0.3624184131622314,0.3584512670834859,0.35977364910973436,0.36254213651021316,0.38264814699942107,0.5980832646602733
2,evt_002658,21,1810,1677662264598,1,0.4587403039137522,0.4172283510367076,0.4407746493816376,0.43798432747522986,0.43891443477736575,0.44269358714421586,0.42607831788715195,0.6023440371258896
2,evt_002659,21,1811,1677662303042,0,0.3550153374671936,0.3293860455354054,0.356656014919281,0.3422006915012995,0.34701913264062667,0.34765468537807465,0.3873984876755555,0.6013643537132843
2,evt_002660,21,1812,1677662314586,0,0.4514721135298411,0.4156108399232228,0.4280044436454773,0.433541476726532,0.4316957990328471,0.43602019747098286,0.41156533822145613,0.5983464985743763
2,evt_002661,21,1813,1677662995502,0,0.3984945317109425,0.370107889175415,0.3942488431930542,0.3843012104431788,0.3876170880264706,0.3891294012467066,0.404712060394266,0.6017212163387364
2,evt_002662,21,1814,1677663029790,0,0.37484277288119,0.3397839963436126,0.3591794967651367,0.3573133846124013,0.3579354219966464,0.3611924846967062,0.37934351534171196,0.5972355885209593
2,evt_002663,21,1815,1677663057675,1,0.4750321805477142,0.4453384081522624,0.473392645517985,0.4601852943499883,0.4645877447393205,0.4657961418231328,0.45094880948075056,0.6070440309042255
2,evt_002664,21,1816,1677663095286,0,0.4307204683621724,0.3731815119584401,0.3928866485754649,0.4019509901603063,0.39892954296535915,0.4058920174837113,0.39213628558607644,0.5964432499137134
2,evt_002665,21,1817,1677663135037,0,0.4406493703524272,0.3908117711544037,0.4093333085378011,0.41573057075341546,0.4135981500148773,0.4194348782300949,0.40238827886565387,0.5978505298051882
2,evt_002666,21,1818,1677663181345,1,0.6423670848210653,0.5889105796813965,0.6011085708936056,0.615638832251231,0.6107954117986892,0.6180784304936727,0.5025413943866649,0.6054640372536807
2,evt_002667,21,1819,1677663213235,1,0.5457338591416677,0.488007644812266,0.4890376329421997,0.5168707519769669,0.5075930456320444,0.5170767496029536,0.429834846379505,0.5950724759209328
2,evt_002668,21,1820,1677663253164,0,0.380885233481725,0.3261703054110209,0.3434570133686065,0.35352776944637293,0.3501708507537841,0.35698511103789005,0.3631459207001448,0.5930291769201483
2,evt_002669,21,1821,1677663274810,0,0.4547614554564158,0.4117120206356048,0.436166912317276,0.43323673804601026,0.43421346280309886,0.43812771638234455,0.4238666647005942,0.6022425267853504
2,evt_002670,21,1822,1677663327870,0,0.5058625042438507,0.452684998512268,0.4500041007995605,0.4792737513780594,0.46951720118522644,0.47873757183551785,0.4068346826451779,0.5921560065686483
2,evt_002775,22,1925,1677849419319,1,0.360222429037094,0.3076160252094269,0.3485919535160064,0.33391922712326044,0.3388101359208424,0.3421144127845763,0.3870708966595598,0.6029200398743716
2,evt_002776,22,1926,1677849447619,0,0.2745686421791712,0.2777485648790995,0.3403627177079518,0.27615860352913535,0.29755997492207414,0.2886814340949058,0.4206237859317791,0.6191919908224037
2,evt_002777,22,1927,1677849453754,1,0.4618053336938222,0.4285511076450348,0.4231087168057759,0.44517822066942847,0.4378217193815443,0.44408974250157673,0.3952788838404744,0.5919970042881177
2,evt_002778,22,1928,1677849477667,0,0.2514178256193797,0.2483619352181752,0.3393602172533671,0.24988988041877747,0.27971332603030735,0.2680895368258158,0.4473294697827541,0.6307737117319433
2,evt_002779,22,1929,1677849483296,0,0.1643661881486574,0.1570509920517603,0.2042704075574875,0.16070859010020883,0.17522919591930172,0.1701524732013543,0.3300906567456101,0.6100618273185657
2,evt_002780,22,1930,1677849509432,0,0.2119933639963467,0.2019019971291224,0.2720924317836761,0.20694768056273455,0.22866259763638172,0.22098576749364526,0.39100422118800937,0.6209152286572571
2,evt_002781,22,1931,1677849514336,0,0.2162855515877405,0.2149515450000763,0.2960845828056335,0.2156185482939084,0.24244055979781676,0.23184515585501986,0.4181689889042536,0.6273618966920004
2,evt_002782,22,1932,1677849521630,0,0.2232610682646433,0.2087766528129577,0.2604675889015197,0.21601886053880048,0.23083510332637358,0.22635704775651289,0.3621204048505513,0.6106533834686222
2,evt_002783,22,1934,1677849556597,0,0.2682310144106546,0.2644343078136444,0.3362826108932495,0.2663326611121495,0.28964931103918284,0.2807023217280705,0.42551001988974474,0.6221388661026498
2,evt_002784,22,1935,1677849576706,0,0.3542145291964213,0.3518066008885701,0.4072483479976654,0.3530105650424957,0.3710898260275523,0.3640989144643148,0.44631187054852695,0.6172431863488987
2,evt_002870,23,2017,1677834452530,0,0.474208652973175,0.41689200202624,0.4201773703098297,0.44555032749970747,0.43709267510308153,0.44620740115642543,0.3940615873627355,0.5920685654388993
2,evt_002871,23,2018,1677834492184,0,0.3576286435127258,0.3152903715769449,0.3345549603303273,0.33645950754483533,0.33582465847333265,0.34031242529551176,0.3632201008436521,0.5948709413689993
2,evt_002872,23,2019,1677834531419,1,0.4627067546049754,0.4215473234653473,0.433416485786438,0.4421270390351614,0.4392235212855869,0.4445008714993795,0.4126568687610787,0.5978240698491347
2,evt_002873,23,2020,1677834577421,0,0.3782523175080617,0.3442521293958028,0.3611078957716624,0.36125222345193225,0.3612041142251756,0.36462337672710415,0.3785874244991986,0.5965010604473969
2,evt_002874,23,2021,1677834633638,0,0.5591185887654623,0.5129641393820444,0.5370786388715109,0.5360413640737534,0.5363871223396726,0.5408642639716467,0.47837328260344664,0.607129267527839
2,evt_002875,23,2022,1677834679386,0,0.3575317362944285,0.3208042979240417,0.3434034486611684,0.3391680171092351,0.3405798276265462,0.34368784725666046,0.3727178609469905,0.5974120500232648
2,evt_002876,23,2023,1677834732013,0,0.4308425486087799,0.3875185052553813,0.3972358405590057,0.4091805269320806,0.40519896480772233,0.41112399399280547,0.39032000128925154,0.594744315161329
2,evt_002877,23,2024,1677834781280,0,0.4272283514340718,0.3887987236181895,0.3992400169372558,0.4080135375261307,0.4050890306631724,0.4101017961899439,0.393369129863239,0.5957187302921263
2,evt_002878,23,2025,1677834829366,0,0.3977651000022888,0.3576513429482778,0.3824422061443328,0.37770822147528327,0.3792862163649664,0.3826663941144943,0.3954154994934225,0.5999012256101112
2,evt_002961,24,2106,1678007921451,0,0.1737411071856816,0.1654823695619901,0.219814176360766,0.16961173837383586,0.18634588436947927,0.18047809973359102,0.34705650641282004,0.6138426234766865
2,evt_002962,24,2107,1678007933536,0,0.2223584478100141,0.2144852926333745,0.2820703387260437,0.2184218702216943,0.23963802638981077,0.23193887944022815,0.39349520277610595,0.6197502102389645
2,evt_002963,24,2108,1678008039421,0,0.2912054508924483,0.303030788898468,0.3456387321154276,0.29711811989545817,0.31329165730211467,0.3056397085388501,0.40689226220081637,0.6121315928226501
2,evt_002964,24,2109,1678008052689,0,0.1987455934286116,0.1908537099758783,0.2535813997189204,0.19479965170224495,0.2143935677078034,0.20734518965085336,0.37422883635060045,0.6177696641173553
2,evt_002965,24,2110,1678008067706,0,0.2693933397531509,0.2607312500476837,0.335394412279129,0.26506229490041733,0.28850633402665454,0.2799949273467064,0.42626079199317246,0.622655863523981
2,evt_002966,24,2111,1678008079197,0,0.2606881459554035,0.2842480142911274,0.3179201185703277,0.27246808012326545,0.2876187596056195,0.2792025009791055,0.38765692551198694,0.6092863867684272
2,evt_002967,24,2112,1678008101016,0,0.200406365096569,0.1853140940268834,0.2548647721608479,0.19286022956172622,0.2135284104281001,0.2067703651885191,0.38027907419316725,0.6201998835113833
2,evt_002968,24,2113,1678008109116,0,0.2166796873013178,0.191099651157856,0.274502083659172,0.2038896692295869,0.22742714070611525,0.22057015572985011,0.4018616903752775,0.6251790419366501
2,evt_002969,24,2114,1678008120228,0,0.223360851407051,0.2188454717397689,0.2743611633777618,0.22110316157340995,0.23885582884152723,0.23220629990100852,0.3773512323952346,0.6142995828869335
2,evt_003056,25,2199,1678182000588,0,0.5183836619059244,0.4693409502506256,0.5020201106866201,0.493862306078275,0.4965815742810567,0.500398138165474,0.4650499452293966,0.6078846897497371
2,evt_003057,25,2200,1678182043340,0,0.2945603827635447,0.3175378143787384,0.3815523286660512,0.30604909857114154,0.33121684193611145,0.3188520014286041,0.4491569473451162,0.6232425377228575
2,evt_003058,25,2007,1678182079553,0,0.5046050349871317,0.4815963407357533,0.5433482925097147,0.4931006878614425,0.5098498894108666,0.5054510782162348,0.5193025868604934,0.6232073362270506
2,evt_003059,25,2201,1678182771670,0,0.4285156627496083,0.3653803169727325,0.4035157958666484,0.3969479898611704,0.3991372585296631,0.4045750856399536,0.41171099713915005,0.6031292668732587
2,evt_003060,25,2202,1678182874187,0,0.3853558798631032,0.3651065230369568,0.4136203825473785,0.37523120145002997,0.38802759514914614,0.3849339733521144,0.4382881280965791,0.6126607003911347
2,evt_003061,25,2203,1678182929548,0,0.339830994606018,0.3224195539951324,0.3290872573852538,0.3311252743005752,0.3304459353288014,0.33245881497859947,0.356476312167255,0.5927938419152576
2,evt_003062,25,2204,1678183200400,0,0.3618524074554443,0.3160573740800221,0.3373722732067108,0.3389548907677332,0.33842735158072573,0.34321787059307096,0.3656009589783353,0.5954003368510188
2,evt_003063,25,2205,1678183210208,0,0.3866518835226695,0.3319068551063537,0.3526452978452046,0.3592793693145116,0.357068012158076,0.3634270578622818,0.37125520888317426,0.594905175204894
2,evt_003064,25,2206,1678183246603,0,0.5008393228054047,0.4430698454380035,0.4581843217213948,0.4719545841217041,0.46736449665493435,0.47497747937838236,0.42428195666762036,0.5983575090956817
2,evt_003065,25,2207,1678183312143,0,0.0039423396034786,0.0043987187867363,0.0054474898303548,0.00417052919510745,0.0045961827401899006,0.00438028340383115,0.05247148351422638,0.5526485503127301
2,evt_003170,26,2315,1678263769920,0,0.3096824040015538,0.2290419191122055,0.2572568853696186,0.26936216155687964,0.26532706949445933,0.27500515480836224,0.3146357595244605,0.5889148898943343
2,evt_003171,26,2316,1678263776723,0,0.3136576861143112,0.2894798070192336,0.3656946917374928,0.3015687465667724,0.3229440616236792,0.31681172351042425,0.43736989495523043,0.6214355419098724
2,evt_003172,26,2317,1678263787522,0,0.2186298022667566,0.2049997722109158,0.2732495317856471,0.2118147872388362,0.2322930354211065,0.22546473915378246,0.3878398507465206,0.6192665162414369
2,evt_003173,26,2318,1678263794255,0,0.2320900484919548,0.2234877770145733,0.2849441170692443,0.22778891275326407,0.24684064752525747,0.24008018076419826,0.387696286988804,0.6165476153160206
2,evt_003174,26,2319,1678263804989,0,0.2095573519666989,0.2033625294764836,0.2592961241801579,0.20645994072159124,0.22407200187444679,0.2176466596623261,0.36958730273532486,0.6143058165474201
2,evt_003175,26,2320,1678263814718,0,0.2314576258261998,0.2180127302805582,0.2889162898063659,0.224735178053379,0.2461288819710413,0.23891588995854054,0.39836235046117924,0.6203888891144483
2,evt_003176,26,2321,1678263830391,0,0.1909280071655908,0.1750141282876332,0.2425712595383326,0.182971067726612,0.20283779833051888,0.1964824939767519,0.3717931225706126,0.6193834179050601
2,evt_003177,26,2322,1678263854445,0,0.2031386246283849,0.1951666499177614,0.2726707110802331,0.19915263727307314,0.2236586618754598,0.2146534495055675,0.40101884356683415,0.625159936070803
2,evt_003178,26,2323,1678263863982,0,0.1971449851989746,0.1882164279619852,0.2441283762454986,0.19268070658047992,0.2098299298021528,0.2038630962371826,0.3608586615127674,0.6140052453799251
2,evt_003179,26,2324,1678263885650,0,0.1290918247153361,0.1201545111835002,0.1582848330338795,0.12462316794941815,0.13584372297757194,0.132249232319494,0.291170743141952,0.6049892073604163
2,evt_003180,26,2325,1678263894228,0,0.1576035507023334,0.1490497502187887,0.1951815038919448,0.15332665046056104,0.1672782682710223,0.16255300119519225,0.3232620877944822,0.6093741636943215
2,evt_003181,26,2326,1678263905400,0,0.1695219775040944,0.1611406728625297,0.226812332868576,0.16533132518331206,0.1858249944117334,0.17846565718452131,0.3656012316269273,0.6205304253181136
2,evt_003182,26,2327,1678263914439,0,0.1996214042107264,0.1988337039947509,0.2601310561100642,0.19922755410273865,0.21952872143851385,0.21148702452580131,0.37855885188332244,0.6181273111308889
2,evt_003282,27,2423,1678435806087,0,0.3868240813414256,0.3925920724868774,0.3706960876782735,0.3897080769141515,0.3833707471688588,0.38532887995243076,0.36351810840725535,0.5875219072850094
2,evt_003283,27,2424,1678435815229,1,0.3037650088469187,0.3000885645548503,0.3221016526222229,0.30192678670088446,0.3086517420079973,0.306329404314359,0.370061511604935,0.6005252283081474
2,evt_003284,27,2425,1678435832157,1,0.3914826611677806,0.4284817278385162,0.3906393945217132,0.4099821945031484,0.40353459450933665,0.40241372783978774,0.3708389227012965,0.586906124788324
2,evt_003285,27,2426,1678435857214,0,0.4493478337923686,0.4310236871242523,0.3992611567179362,0.4401857604583105,0.42654422587818575,0.4338332543770473,0.36543888959338083,0.5828590182941773
2,evt_003286,27,2428,1678435875395,0,0.3440058430035909,0.3562936683495839,0.3753880163033803,0.3501497556765874,0.35856250921885174,0.3539686252673467,0.40194280928763404,0.6040445082406997
2,evt_003287,27,2429,1678435885930,0,0.2399159967899321,0.2411794910828271,0.2834711919228235,0.24054774393637962,0.25485555993186093,0.24900608410437888,0.3699862173151304,0.6088807191723815
2,evt_003288,27,2430,1678435897904,1,0.2894450227419535,0.2844004531701405,0.3048803408940633,0.286922737956047,0.29290860560205245,0.2910187155008316,0.35846175940568453,0.5988577723071118
2,evt_003289,27,2431,1678435920376,0,0.4699670473734538,0.4728930095831552,0.5191224018732706,0.4714300284783045,0.4873274862766266,0.4806759069363276,0.5003336598428852,0.619575811359296
2,evt_003290,27,2432,1678435929145,0,0.206427976489067,0.1727804293235142,0.2246908942858377,0.1896042029062906,0.20129976669947294,0.19998629589875527,0.3360007076432211,0.6074463022462556
2,evt_003291,27,2433,1678435935936,0,0.3610390226046244,0.3383801877498626,0.3798925677935282,0.3497096051772435,0.35977059271600503,0.35801208118597666,0.4134053048117724,0.6083153063576736
2,evt_003409,28,2543,1678521209301,0,0.2352622946103414,0.2532069037357966,0.2721777160962422,0.244234599173069,0.2535489714807934,0.24802876164515808,0.34593323107430923,0.600251065203601
2,evt_003410,28,2544,1678521284301,0,0.1672984187801678,0.1556494211157162,0.2346827685832977,0.161473919947942,0.18587686949306056,0.1772805894414583,0.3861210250514865,0.6276977522311302
2,evt_003411,28,2545,1678521290831,0,0.3284510374069213,0.3308336436748504,0.3703509171803792,0.3296423405408858,0.3432118660873836,0.33754579524199163,0.41412859600985685,0.6104218572736138
2,evt_003412,28,2546,1678521300606,0,0.2741428017616271,0.2647416790326436,0.2753149817387262,0.2694422403971354,0.2713998208443323,0.2715569009383519,0.3306078833978101,0.5922672699693312
2,evt_003413,28,2430,1678521309282,0,0.2372738768657048,0.2223263929287592,0.2509904901186625,0.229800134897232,0.23686358663770882,0.23553295433521265,0.33184213602781587,0.5986931189069481
2,evt_003414,28,2547,1678521324353,1,0.3571608364582061,0.342772901058197,0.336298664410909,0.3499668687582016,0.3454108006424374,0.348672021428744,0.3505470726972463,0.5884800674976376
2,evt_003415,28,2548,1678521343798,1,0.2431694467862446,0.2437853068113326,0.2747649848461151,0.24347737679878861,0.2539065794812308,0.24967331240574508,0.35334027587449407,0.6031917277404885
2,evt_003416,28,2549,1678521358065,0,0.2374886820713678,0.2337833742300669,0.2714032232761382,0.23563602815071735,0.2475584265258576,0.2431599979599316,0.35675821711939726,0.6055751464583239
2,evt_003417,28,2550,1678521366074,0,0.4120896756649017,0.4087548355261485,0.4373955825964609,0.4104222555955251,0.41941336459583706,0.41615040500958755,0.439223819427962,0.6085772720500253
2,evt_003418,28,2551,1678521393032,0,0.2673726727565129,0.2534943620363871,0.2814266184965769,0.26043351739645,0.267431217763159,0.26601996868848793,0.34919468094667827,0.5997691319319978
2,evt_003419,28,2552,1678521400630,0,0.4491317967573802,0.4257505933443705,0.4459528625011444,0.4374411950508753,0.44027841753429836,0.4414816488822301,0.4312571582644679,0.6035892756554567
2,evt_003420,28,2553,1678521405646,0,0.2808264046907424,0.2639139493306477,0.2816374848286311,0.27237017701069505,0.2754592796166737,0.27591488411029175,0.3386483763049229,0.5947177236155755
2,evt_003421,28,2554,1678521414306,0,0.2415727724631626,0.2187584290901819,0.2109224100907643,0.23016560077667225,0.2237512038813696,0.22859839697678871,0.2677058127771699,0.5761388016586566
2,evt_003422,28,2555,1678521421226,0,0.2444028556346892,0.2318521042664846,0.2718158861001332,0.2381274799505869,0.24935694866710234,0.2461202363173166,0.35628737581045,0.6052918811584446
2,evt_003521,29,2648,1678611803045,1,0.41117724776268,0.3950449426968892,0.3142276108264923,0.4031110952297846,0.37348326709535384,0.3869476288557052,0.2809404503997087,0.5579769319832969
2,evt_003522,29,2649,1678611904443,0,0.3938051064809163,0.3974176446596781,0.3212217390537262,0.39561137557029724,0.37081483006477356,0.3803721944491068,0.2931183449834242,0.5629323453507172
2,evt_003523,29,2461,1678611975115,0,0.3671310047308603,0.3632592856884002,0.2920793990294139,0.36519514520963026,0.3408232298162248,0.350959167877833,0.2770073485567236,0.5607579864774084
2,evt_003524,29,2650,1678611987584,0,0.003287259566908,0.0031722462736069,0.0027108476497232,0.00322975292025745,0.003056784496746033,0.00313747319548071,0.025827795554126738,0.5044874777703081
2,evt_003525,29,2651,1678612756650,0,0.3090650141239166,0.3138652642567952,0.2885261674722035,0.3114651391903559,0.3038188152843051,0.30639731983343754,0.31185119230648917,0.5798789434853958
2,evt_003526,29,2653,1678612842209,1,0.2901507665713628,0.2516521463791529,0.198871816198031,0.2709014564752579,0.2468915763828489,0.2603453904390335,0.2181520195267369,0.5500547390016801
2,evt_003527,29,2654,1678612857699,0,0.4635724226633708,0.4570417106151581,0.3816194832324981,0.46030706663926446,0.4340778721703424,0.4452226211627325,0.3259974726881446,0.5672983754291909
2,evt_003528,29,2655,1678612871756,1,0.5300846497217814,0.4807933370272318,0.4102276265621185,0.5054389933745066,0.4737018711037106,0.4913258512814839,0.3344381362794004,0.5659470924761011
2,evt_003529,29,2656,1678612884871,0,0.454789678255717,0.3919315934181213,0.312980184952418,0.42336063583691913,0.3865671522087521,0.40757035414377846,0.2706939057096481,0.5527301125953
3,evt_000102,0,105,1667726628260,1,0.4915306170781453,0.3132335692644119,0.3634195228417714,0.4023820931712786,0.38939456972810954,0.41241928388675053,0.29502561839901226,0.5744157860581948
3,evt_000103,0,106,1667726651191,0,0.4244193732738495,0.2929178575674692,0.3296062399943669,0.3586686154206593,0.3489811569452285,0.3660062919060389,0.27298845411848777,0.5706881605422709
3,evt_000104,0,107,1667726663101,1,0.3744733830293019,0.2499247988065083,0.2875054876009623,0.3121990909179051,0.3039678898122575,0.31971522867679586,0.22305426689837632,0.5586949615324052
3,evt_000105,0,108,1667726674668,0,0.4879476527372996,0.3015874872605006,0.3845138847827911,0.3947675699989001,0.39134967492686373,0.4113528495033582,0.2755811259729557,0.5678761059791685
3,evt_000106,0,109,1667726689190,1,0.4205131431420644,0.2876989046732585,0.3549221456050872,0.35410602390766144,0.35437806447347003,0.36755067209402714,0.2614912341564592,0.5658567136193037
3,evt_000107,0,110,1667726702303,0,0.4729885856310526,0.2997273604075114,0.3604666392008464,0.386357973019282,0.3777275284131368,0.39850582877794904,0.2771242295600895,0.5697911117690018
3,evt_000108,0,111,1667726717523,0,0.4315277139345805,0.3077883025010426,0.3386886765559514,0.3696580082178116,0.3593348976638582,0.3758380830287933,0.2915156783366908,0.575155126074909
3,evt_000109,0,112,1667726735000,0,0.485762745141983,0.3034648448228836,0.383677214384079,0.3946137949824333,0.3909682681163152,0.4106562688946723,0.27820303031095656,0.5686575192939843
3,evt_000110,0,113,1667726750638,0,0.4253876507282257,0.2962786604960759,0.327231615781784,0.3608331556121508,0.3496326423353619,0.3670237466692924,0.27797037858923224,0.5722187436383438
3,evt_000111,0,114,1667726760824,0,0.4036246836185455,0.2763661742210387,0.3099132279555003,0.33999542891979206,0.3299680285983615,0.3467048396666844,0.25418258928769416,0.5666449662733809
3,evt_000112,0,115,1667726802264,0,0.3925701876481374,0.2667418171962102,0.302833432952563,0.3296560024221738,0.3207151459323035,0.3368743255734444,0.24257536575325006,0.5636902691620166
3,evt_000113,0,116,1667726831191,1,0.4112105270226796,0.3299581011136372,0.2954826752344766,0.3705843140681584,0.3455504344569311,0.3636892288923263,0.3306853989456379,0.5880600505659362
3,evt_000114,0,117,1667726853757,0,0.3098830084005992,0.2410703351100285,0.222335860133171,0.2754766717553139,0.25776306788126624,0.27172977675994237,0.22289789849537214,0.5636992718881599
3,evt_000115,0,118,1667726872781,0,0.2936464548110961,0.2454552352428436,0.2350706358750661,0.26955084502696985,0.2580574419763353,0.26747392515341434,0.22597425584007141,0.5637096383423918
3,evt_000116,0,119,1667726888277,0,0.2854573279619217,0.2564717282851537,0.2651126931111018,0.27096452812353766,0.2690139164527257,0.27269272108872733,0.23467628409076702,0.5641979373231668
3,evt_000222,1,226,1669103374591,0,0.2848745038112004,0.29925603667895,0.2711968223253885,0.2920652702450752,0.285109120938513,0.2864534273743629,0.2914095532296121,0.5800034618174459
3,evt_000223,1,227,1669105739830,1,0.5766839782396952,0.5048585534095764,0.5290860732396444,0.5407712658246357,0.5368762016296387,0.5456167697906494,0.531331562919555,0.6190142853210946
3,evt_000224,1,228,1669105779625,1,0.5108078320821127,0.3825393915176391,0.4991519053777059,0.44667361179987586,0.4641663763258192,0.4699961145718893,0.3650635239657645,0.584063915409423
3,evt_000225,1,229,1669105824526,0,0.4355240066846211,0.3162521918614705,0.4375231862068176,0.3758880992730458,0.3964331282509697,0.40014229814211527,0.2854487137630033,0.5676292594197875
3,evt_000226,1,230,1669105833852,0,0.4185992379983266,0.3284455935160319,0.4543517629305522,0.37352241575717926,0.40046553148163694,0.3987036496400833,0.29858850724193764,0.5702359548677449
3,evt_000227,1,231,1669105850381,1,0.5420980453491211,0.4519077638785044,0.5502896110216776,0.49700290461381275,0.514765140083101,0.5166792740424474,0.4521128516368196,0.6008555955366679
3,evt_000228,1,232,1669105885760,0,0.390404313802719,0.3171958823998769,0.4155300656954446,0.353800098101298,0.3743767539660135,0.3734669347604115,0.2899311104671161,0.5702247975719422
3,evt_000229,1,233,1669105929301,0,0.4167697528998057,0.3445177773634593,0.4327167471249898,0.3806437651316325,0.39800142579608494,0.39828355908393864,0.32406477778843124,0.5780410063196028
3,evt_000230,1,234,1669105936050,1,0.4797271390755971,0.3505408366521199,0.479339192310969,0.41513398786385847,0.4365357226795619,0.4408936589956283,0.3246133101440213,0.5753833181036023
3,evt_000231,1,235,1669105992502,0,0.5015326340993246,0.432425578435262,0.4810019433498382,0.46697910626729333,0.4716533852948083,0.4766943792502086,0.43814177256825476,0.6017164851798825
3,evt_000232,1,236,1669106002414,1,0.4067794779936471,0.3191126088301341,0.414003054300944,0.36294604341189063,0.37996504704157513,0.38192413250605256,0.2929532758688606,0.5710812221699089
3,evt_000355,2,203,1669362491082,0,0.2364249130090077,0.2479435702164968,0.2357122600078582,0.24218424161275226,0.2400269144111209,0.23973797957102452,0.22843321562585456,0.5646216417363821
3,evt_000258,2,263,1669362504211,0,0.3417783677577972,0.2908201366662979,0.2918969591458638,0.3162992522120476,0.30816515452331966,0.31651461670796077,0.276336482096779,0.5743135289542307
3,evt_000287,2,293,1669362510098,1,0.3112376332283019,0.2334423611561457,0.2770712325970332,0.2723399971922238,0.2739170756604936,0.2810657714804013,0.2029934072012418,0.5529209324575662
3,evt_000278,2,284,1669362552415,0,0.3765316406885783,0.2943800141414006,0.3213029106458027,0.33545582741498947,0.3307381884919272,0.34084040671586985,0.27594503465342834,0.5721663231951649
3,evt_000368,2,325,1669362607196,1,0.3762836158275604,0.3404176632563273,0.3546520868937174,0.35835063954194385,0.3571177886592017,0.36119752426942187,0.33264302953054675,0.5848691112323219
3,evt_000260,2,265,1669362646995,0,0.1760602394739786,0.1737310588359832,0.1625716338555017,0.1748956491549809,0.17078764405515448,0.1726637641588846,0.14683002826714744,0.541122430727913
3,evt_000271,2,277,1669362661768,0,0.352770447731018,0.3044560154279073,0.3139907469352086,0.32861323157946265,0.323739070031378,0.3305201778809229,0.2907496995061745,0.5767326391755501
3,evt_000383,2,340,1669362677298,0,0.3055006265640259,0.2416073779265085,0.2869152675072351,0.27355400224526716,0.2780077573325898,0.2826155801614125,0.21170999371422075,0.5552095861952351
3,evt_000373,2,330,1669362692589,0,0.3607333997885386,0.247991328438123,0.2873481214046478,0.3043623641133308,0.29869094987710315,0.31223372270663574,0.2204341119734779,0.5578966634160958
3,evt_000374,2,331,1669362739153,1,0.2927830268939336,0.2639876902103423,0.2720789114634196,0.278385358552138,0.2762832095225652,0.2800036028027534,0.2434251408594082,0.5663465270344983
3,evt_000376,2,333,1669362788403,0,0.3235789835453033,0.2892452081044515,0.2618047147989272,0.3064120958248774,0.2915429688162273,0.3009239971637725,0.28010687818670965,0.5775113688015544
3,evt_000261,2,266,1669362791463,0,0.245316872994105,0.2159063567717869,0.1911284724871317,0.23061161488294596,0.21745056741767455,0.22565603802601492,0.1954270288817981,0.5573417815707463
3,evt_000283,2,289,1669362826957,0,0.3222588201363881,0.2380188951889673,0.2509104361136754,0.2801388576626777,0.27039605047967696,0.28271716584761936,0.213516630341041,0.5583619622327716
3,evt_000388,2,345,1669362847228,1,0.3197776724894841,0.3219771981239318,0.2898352295160293,0.3208774353067079,0.3105300333764817,0.31444904158512743,0.3195120100532675,0.5858933110877161
3,evt_000474,3,384,1669621849449,1,0.4488005141417185,0.3535407980283101,0.4147451221942901,0.40117065608501434,0.40569547812143963,0.4134115209182103,0.34016117410024255,0.5829844633607149
3,evt_000475,3,385,1669621875898,0,0.3740682502587636,0.2998221516609191,0.3721167544523875,0.3369452009598414,0.34866905212402344,0.35140412151813505,0.27408654252076126,0.5684941348749424
3,evt_000476,3,386,1669621892256,1,0.3241468171278636,0.2663110345602035,0.321952333052953,0.29522892584403354,0.3041367282470067,0.30635718554258345,0.2379465634349727,0.5612076173219919
3,evt_000477,3,387,1669621917519,1,0.3574197391668955,0.3081133862336476,0.3690720200538635,0.33276656270027155,0.34486838181813556,0.3449582894643147,0.28551235037921435,0.5718635604823168
3,evt_000478,3,388,1669621930188,0,0.4540177186330159,0.3695100943247477,0.4274737238883972,0.4117639064788818,0.41700051228205365,0.42335663239161164,0.35991057469015914,0.5870072081347566
3,evt_000479,3,389,1669621937476,1,0.377272496620814,0.3095602989196777,0.3777529696623484,0.34341639777024585,0.35486192173428005,0.35705493191878,0.28615341625003454,0.571462273187193
3,evt_000480,3,390,1669621969364,1,0.3934188783168793,0.3531441986560821,0.3811852931976318,0.3732815384864807,0.37591612339019775,0.3788897573947906,0.3453363246155782,0.5863405609339543
3,evt_000481,3,391,1669622012221,1,0.3980321685473124,0.3761760890483856,0.4312860866387685,0.387104128797849,0.4018314480781555,0.3981261283159256,0.36770964221721975,0.5887769085383298
3,evt_000482,3,392,1669622050393,1,0.4556922117869059,0.4760957062244415,0.4471429586410522,0.46589395900567365,0.45964362555079985,0.4601034094889958,0.5060139435585513,0.6183524897711211
3,evt_000483,3,109,1669622099500,1,0.4214193522930145,0.4315906763076782,0.4627229670683543,0.4265050143003464,0.4385776652230157,0.4327314724524816,0.43954608628453634,0.6032310613517804
3,evt_000484,3,393,1669622114495,1,0.4539410571257273,0.4075529177983601,0.4634113907814026,0.4307469874620437,0.44163512190183,0.44191868205865215,0.40603242138579254,0.5956566694577797
3,evt_000611,4,453,1669794768638,1,0.4980348646640777,0.4205682575702667,0.4784968892733256,0.45930156111717224,0.46570000383589005,0.470887287457784,0.42190956924905004,0.5982707658747731
3,evt_000612,4,454,1669794810449,1,0.5865733325481415,0.4584350089232127,0.5729752977689108,0.5225041707356771,0.539327879746755,0.5454122285048167,0.45724241238402213,0.6005969084329981
3,evt_000613,4,455,1669794841501,0,0.4799397786458333,0.3934006790320078,0.4478569527467091,0.4366702288389206,0.44039913680818343,0.4475614835818608,0.3896092025367064,0.5927248755478411
3,evt_000614,4,456,1669794848202,1,0.5653239289919535,0.4438084463278453,0.545879065990448,0.5045661876598994,0.5183371471034156,0.5249803115924199,0.44196053492191867,0.5988156650331152
3,evt_000615,4,457,1669794888121,1,0.537719339132309,0.461682120958964,0.4782505134741465,0.4997007300456365,0.4925506578551398,0.503014408548673,0.48046213096788115,0.6109781443870239
3,evt_000616,4,458,1669794921060,1,0.5464491148789724,0.4154522518316905,0.5253309706846873,0.4809506833553314,0.4957441124651167,0.5029264271259308,0.40612932729778817,0.592014473575612
3,evt_000617,4,459,1669794955635,1,0.5178441802660624,0.384453813234965,0.5453705390294393,0.4511489967505137,0.4825561775101555,0.48333234190940855,0.3590555522206962,0.5800256804386742
3,evt_000618,4,460,1669795003412,1,0.4759456614653269,0.3519729971885681,0.5185601015885671,0.4139593293269475,0.44882625341415405,0.4472767502069473,0.31951139342316287,0.5718956430301821
3,evt_000619,4,461,1669795053023,0,0.6652391155560812,0.5771108865737915,0.6574355761210123,0.6211750010649364,0.6332618594169617,0.6372399389743806,0.606106759206786,0.627777114264799
3,evt_000620,4,462,1669795066353,1,0.4776021838188171,0.3720222810904185,0.4485808710257212,0.4248122324546178,0.43273511197831893,0.4401239504416783,0.3596706284070065,0.5856967450548447
3,evt_000621,4,463,1669795122919,0,0.4870532751083374,0.3871465623378753,0.5125117003917694,0.4370999187231064,0.4622371792793274,0.46217294633388517,0.3685766932041532,0.5842071310478739
3,evt_000622,4,464,1669795159179,0,0.5499585270881653,0.4317112465699513,0.552378366390864,0.4908348868290583,0.5113493800163269,0.5149683107932408,0.42349327758436217,0.594398260418791
3,evt_000623,4,465,1669795175271,1,0.5505089660485586,0.433187872171402,0.521427591641744,0.4918484191099803,0.5017081432872349,0.5094963630040488,0.43177916349333734,0.5979611303161787
3,evt_000624,4,466,1669795214724,0,0.5139298439025879,0.4245310326417287,0.5062362253665924,0.46923043827215827,0.48156570063696963,0.4855714768171311,0.42216988264551386,0.5967562113958094
3,evt_000625,4,467,1669795226173,1,0.4740565717220306,0.3874798913796742,0.4562894900639851,0.4307682315508524,0.43927531772189665,0.44453015128771456,0.3796211374037483,0.5899618238937706
3,evt_000745,5,549,1669966567467,1,0.4283856848875682,0.4079205393791199,0.340683251619339,0.41815311213334405,0.3923298252953424,0.4047056545813878,0.4316737659278668,0.6084936435028848
3,evt_000746,5,550,1669966617480,1,0.4610172808170318,0.4122691253821054,0.3382610380649566,0.4366432030995686,0.4038491480880313,0.4218415856361389,0.43886936952428146,0.6101363911572978
3,evt_000747,5,551,1669966650926,0,0.5089368720849355,0.4797923664251963,0.4399905304114024,0.4943646192550659,0.47623992297384476,0.48640425205230714,0.5134266940417839,0.6201977871195183
3,evt_000748,5,552,1669966665293,1,0.3844620287418365,0.4065120220184325,0.3756310145060221,0.39548702538013447,0.3888683550887637,0.3893108238776524,0.42147153224952333,0.6042683290211388
3,evt_000749,5,364,1669966715870,1,0.3924423555533091,0.3945777912934621,0.343386818965276,0.3935100734233856,0.3768023219373491,0.3832718789577484,0.4115576898448841,0.6039677743636771
3,evt_000750,5,553,1669966819014,1,0.4756513138612111,0.4130770961443583,0.3554094433784485,0.44436420500278473,0.41471261779467267,0.4328306744496027,0.4364248263834114,0.6085311228817885
3,evt_000751,5,554,1669967158460,0,0.4850899577140808,0.393974502881368,0.3541228473186493,0.43953223029772437,0.411062435971366,0.4315618991851806,0.4096307005111678,0.6026576413998647
3,evt_000752,5,555,1669967304947,0,0.5289486447970072,0.4547720650831858,0.4115895330905914,0.4918603549400965,0.4651034143235948,0.48322384854157757,0.48433458272241736,0.6155142044155356
3,evt_000753,5,556,1669967318304,0,0.4412363171577453,0.4367325107256571,0.3176059772570928,0.4389844139417012,0.3985249350468317,0.4151591072479883,0.47824061365553067,0.6199492428143212
3,evt_000754,5,557,1669967329090,1,0.5180585185686747,0.5298934777577718,0.4492496848106384,0.5239759981632233,0.499067227045695,0.5078472395737966,0.5813437369042089,0.6341814126272254
3,evt_000755,5,558,1669967381551,1,0.4162560204664866,0.4451661705970764,0.4716541767120361,0.4307110955317815,0.444358789258533,0.43600869675477344,0.45681623711706326,0.6065237291786929
3,evt_000756,5,559,1669967426225,1,0.5937284032503763,0.5188738703727722,0.4850894510746002,0.5563011368115742,0.5325639082325829,0.5495442529519399,0.5599929797809823,0.6274851985875172
3,evt_000757,5,560,1669967460380,0,0.4150720785061518,0.4492019017537434,0.4136249224344889,0.4321369901299476,0.42596630089812804,0.42502159426609676,0.4744420807092727,0.6135539902423311
3,evt_000813,6,297,1670137371760,1,0.2284941871960958,0.2633105367422104,0.2099216034015019,0.2459023619691531,0.23390877577993605,0.2352245753010114,0.25464774179820693,0.574682694015853
3,evt_000814,6,254,1670137407952,0,0.1362077556550502,0.2128759026527404,0.0987301468849181,0.1745418291538953,0.14927126839756957,0.15171267800033084,0.21521792971454948,0.5753738977699279
3,evt_000815,6,255,1670137422123,1,0.1607197585205236,0.2402021139860153,0.1278604492545127,0.20046093625326944,0.17626077392035053,0.17799260330696892,0.24393680271034301,0.5801313727779004
3,evt_000816,6,174,1670137467480,1,0.3308368225892384,0.2608420054117839,0.2512202834089596,0.29583941400051117,0.280966370469994,0.2939150695999463,0.2437271084577623,0.5678500929788957
3,evt_000916,7,631,1670157505640,0,0.3025299807389577,0.2743962804476419,0.2699702034393946,0.2884631305932998,0.2822988215419981,0.2875779151916504,0.25790975555785595,0.570744062421209
3,evt_000917,7,632,1670157541098,0,0.2789184004068374,0.2569105575482051,0.2123365451892216,0.26791447897752124,0.24938850104808805,0.25899967650572453,0.2460217702618145,0.5717713533663319
3,evt_000918,7,633,1670157588069,0,0.3353400528430938,0.2683177292346954,0.2313140829404194,0.3018288910388946,0.27832395500606955,0.2944281617800394,0.25808515409911514,0.5735995076650797
3,evt_000919,7,634,1670157655144,0,0.4486229121685027,0.3750653266906738,0.2835642943779627,0.4118441194295882,0.36908417774571306,0.39354391296704605,0.3981114005747664,0.604638561276741
3,evt_000920,7,635,1670157664118,0,0.4006092051664988,0.3581495483716329,0.2102521806955337,0.37937937676906586,0.3230036447445552,0.349799903233846,0.39231884928856453,0.6088865157062635
3,evt_000921,7,636,1670157673191,0,0.3222342530886332,0.256803219517072,0.1761019180218378,0.28951873630285263,0.251713130209181,0.27337847600380577,0.255290974003039,0.5776283460884093
3,evt_000922,7,637,1670157696603,0,0.5145818293094635,0.469027429819107,0.3584968149662018,0.4918046295642853,0.44736869136492413,0.4696985065937042,0.515699919292021,0.6252656806809317
3,evt_000923,7,89,1670157758059,0,0.3765490551789601,0.3143529196580251,0.2336203902959823,0.34545098741849256,0.3081741217109892,0.32930448154608405,0.322468129056392,0.5905418460569991
3,evt_000924,7,638,1670157818037,0,0.3291987578074137,0.290937066078186,0.183755134542783,0.3100679119427998,0.2679636528094609,0.28863152563571925,0.30165520190403494,0.5895800650073847
3,evt_000925,7,639,1670157876966,0,0.3814672927061717,0.3554638624191284,0.2642198900381723,0.3684655775626501,0.3337170150544908,0.3502167830864588,0.37376452396323046,0.6005840453648021
3,evt_000926,7,640,1670157886386,0,0.322525014479955,0.290449450413386,0.1888036280870437,0.30648723244667053,0.2672593643267949,0.28615806798140203,0.29944197723446137,0.5885595720947613
3,evt_000927,7,641,1670157919898,0,0.4617963234583537,0.417714516321818,0.323868786295255,0.4397554198900858,0.4011265420251422,0.4209862738847732,0.44992741596609104,0.6134254623394658
3,evt_000928,7,642,1670157987044,0,0.2760881284872691,0.2632144788901011,0.1806141485770543,0.26965130368868506,0.23997225198480812,0.25313123762607576,0.26248108602395215,0.5793989309405991
3,evt_001046,8,212,1670399708253,0,0.2646656284729639,0.3072606921195983,0.2171541800101597,0.2859631602962811,0.26302683353424067,0.2679418578743934,0.31499193174936707,0.5902887697516471
3,evt_001047,8,226,1670399761056,0,0.3163715898990631,0.337337851524353,0.2661214719216029,0.32685472071170807,0.3066103044483397,0.31261144479115804,0.34648795380295716,0.5941879703833354
3,evt_001048,8,696,1670399769029,0,0.5679908394813538,0.4626336495081584,0.4635489284992218,0.5153122444947561,0.498057805829578,0.5154953002929688,0.4852299606743093,0.6127341850467652
3,evt_001049,8,697,1670399784256,0,0.4973627428213755,0.4547909796237945,0.4766139686107635,0.47607686122258497,0.4762558970186445,0.4804414590199788,0.47051565502915627,0.6090211055123608
3,evt_001050,8,698,1670399837744,1,0.4746857583522796,0.3777476052443186,0.4641356666882832,0.4262166817982991,0.43885634342829377,0.443494294087092,0.3646076044504442,0.5860020126191255
3,evt_001051,8,641,1670400510585,0,0.5613535741964976,0.461013784011205,0.5339438915252686,0.5111836791038513,0.5187704165776571,0.525769700606664,0.4685177569166573,0.6052868129814037
3,evt_001052,8,699,1670400540951,0,0.3461358447869618,0.2954567074775696,0.3357407251993814,0.3207962761322657,0.3257777591546376,0.328853079676628,0.2743717999305319,0.5708908874975581
3,evt_001053,8,700,1670400571945,0,0.3720694084962209,0.3926030099391937,0.4877312779426574,0.3823362092177073,0.4174678987926907,0.40136186281840003,0.3793213017255713,0.5883952735828759
3,evt_001054,8,701,1670400602187,1,0.366724560658137,0.3774015108744303,0.4710985422134399,0.37206303576628363,0.4050748712486691,0.39080244203408554,0.36138915515778663,0.5851230263907343
3,evt_001055,8,702,1670400634407,0,0.3635862370332082,0.3421004712581634,0.4400761624177297,0.3528433541456858,0.38192095690303374,0.372438492377599,0.3187758777831042,0.5764228151958448
3,evt_001056,8,703,1670400726106,0,0.4039034744103749,0.3321975469589233,0.4677169223626454,0.3680505106846491,0.4012726479106479,0.3951543857653935,0.3011120315522697,0.5701822379741931
3,evt_001057,8,704,1670400742314,0,0.3868400752544403,0.3656618992487589,0.4497385223706563,0.3762509872515996,0.4007468322912852,0.39306631187597907,0.3494979513535289,0.5834205033561176
3,evt_001058,8,705,1670400797130,1,0.4227199256420135,0.4171644647916158,0.4861142635345459,0.41994219521681464,0.44199955132272506,0.4337321549654007,0.4145970058576344,0.596401061826692
3,evt_001161,9,149,1670417157654,1,0.3035170882940292,0.3652891119321187,0.3247542083263396,0.33440310011307395,0.3311868028508292,0.3262961193919181,0.37271995663177027,0.5965208951611931
3,evt_001162,9,164,1670417203411,0,0.306710143884023,0.3989571432272593,0.3542850315570831,0.3528336435556412,0.3533174395561218,0.34389922122160593,0.4141483442091299,0.604116245809596
3,evt_001163,9,255,1670417771602,0,0.4104483326276143,0.4004173477490743,0.4199475546677907,0.4054328401883443,0.4102710783481598,0.4093388815720876,0.40407246023500826,0.5977610398792882
3,evt_001164,9,301,1670417794620,0,0.247268259525299,0.3503658672173818,0.2918107012907664,0.2988170633713404,0.2964816093444824,0.2871060301860173,0.3579696151337845,0.5953699365309165
3,evt_001165,9,258,1670417866157,0,0.2816088745991389,0.399613082408905,0.349816175798575,0.34061097850402194,0.3436793776022063,0.3306515971819559,0.415643837569767,0.6047917005414455
3,evt_001166,9,295,1670417883604,0,0.4693892896175384,0.4170063336690267,0.452484240134557,0.44319781164328254,0.4462932878070407,0.4502933929363886,0.42170730255951966,0.5997387500412511
3,evt_001167,9,307,1670417894019,0,0.2595247725645701,0.3285275399684906,0.2887891282637914,0.2940261562665304,0.29228048026561737,0.2860784739255905,0.32802744305701725,0.5882760565988558
3,evt_001168,9,172,1670417952705,1,0.2745516449213028,0.3553270399570465,0.3088348557551701,0.31493934243917465,0.3129045135445065,0.30564090559879936,0.36164552457594007,0.5950306469760942
3,evt_001169,9,315,1670418011357,0,0.349907378355662,0.3493048151334126,0.3389142453670501,0.3496060967445373,0.3460421462853749,0.3475279827912648,0.3478667886050361,0.5896225641101613
3,evt_001170,9,298,1670418055635,1,0.3665429353713989,0.3138795395692189,0.3133312712113063,0.3402112374703089,0.33125124871730804,0.34010158379872635,0.3039987558291357,0.5802334944369748
3,evt_001171,9,303,1670418114682,1,0.5348618924617767,0.4147023657957712,0.4955704609553019,0.47478212912877393,0.48171157307094986,0.4909557481606801,0.4107906018544869,0.5947463515562728
3,evt_001276,10,867,1670490243308,1,0.5745580196380615,0.4593001902103424,0.566545287768046,0.516929104924202,0.5334678325388166,0.5383781244357426,0.4596149299195918,0.6015062104926663
3,evt_001277,10,868,1670490266346,1,0.4337571461995442,0.3523888786633808,0.4474921623865763,0.39307301243146253,0.4112127290831671,0.4120936691761016,0.33231763766598177,0.5792207444926465
3,evt_001278,10,869,1670490319829,0,0.4745653072992961,0.3626463909943898,0.468701700369517,0.41860584914684296,0.43530446622106767,0.4398169110218684,0.34295839968511144,0.5805428245064921
3,evt_001279,10,870,1670490334435,0,0.4061578710873921,0.3414792319138844,0.3943959971268971,0.37381855150063825,0.38067770004272455,0.3844019045432408,0.32684678904135417,0.5809791923301126
3,evt_001280,10,871,1670490365753,1,0.4933434029420216,0.3722457488377889,0.4609694977601369,0.4327945758899052,0.44218621651331574,0.4505393256743749,0.3578378443158873,0.5845239449681324
3,evt_001281,10,872,1670490391174,0,0.4031887352466583,0.3111804326375325,0.3966320355733235,0.3571845839420954,0.3703337344858381,0.3742749045292536,0.2853209169834655,0.5700485775328685
3,evt_001282,10,873,1670490398205,1,0.3660692274570465,0.2815474967161814,0.3541396558284759,0.32380836208661395,0.33391879333390123,0.33832679390907283,0.2529153858056869,0.5635536818192226
3,evt_001283,10,874,1670490428382,0,0.4787164529164632,0.3979405164718628,0.4660027623176574,0.43832848469416297,0.44755324390199447,0.4519409338633219,0.39239372132414224,0.5923516165032163
3,evt_001284,10,115,1670490432091,1,0.419862429300944,0.3524885475635528,0.4142685532569885,0.38617548843224836,0.3955398433738284,0.39853148957093554,0.33843526382785694,0.5826616033763784
3,evt_001285,10,875,1670490667751,0,0.4610286553700765,0.3866333365440368,0.4716743926207224,0.42383099595705664,0.43977879484494525,0.4408392071723938,0.3753113102489386,0.5881302360859252
3,evt_001286,10,876,1670490722560,1,0.4685205519199371,0.3607519865036011,0.4382950762907664,0.4146362692117691,0.42252253823810154,0.43014488716920213,0.34592740628588253,0.5829963506204807
3,evt_001287,10,877,1670490771487,1,0.4625776509443919,0.356182187795639,0.4164798160394032,0.40937991937001544,0.4117465515931447,0.4214394450187683,0.343652384638492,0.5837027807402587
3,evt_001404,11,943,1670593790560,1,0.6039728621641794,0.4944262007872264,0.6059456964333853,0.5491995314757029,0.5681149197949303,0.5715034306049347,0.501124318748396,0.6081887666058987
3,evt_001405,11,944,1670594714148,0,0.5233096778392792,0.4378597338994344,0.5080961187680563,0.48058470586935675,0.4897551768355899,0.49463198284308113,0.44064519405104147,0.600720831154523
3,evt_001406,11,945,1670594737866,1,0.6051752666632334,0.4675579170385996,0.5796851416428884,0.5363665918509165,0.5508061084482404,0.5587920367717742,0.4689279946151832,0.60271740434929
3,evt_001407,11,946,1670594795578,0,0.3770204385121663,0.3729413648446401,0.4113197326660156,0.3749809016784032,0.38709384534094066,0.3826565752426783,0.3667972826339974,0.5897554318850109
3,evt_001408,11,947,1670594798977,0,0.5705506304899851,0.5067849854628245,0.5696734488010406,0.5386678079764048,0.5490030215846168,0.551245500644048,0.5256127457176407,0.6155776598933231
3,evt_001409,11,948,1670594844392,1,0.592626541852951,0.5076851745446523,0.6053175131479899,0.5501558581988018,0.5685430765151978,0.5696823259194692,0.5197068509743609,0.6122511930129321
3,evt_001410,11,949,1670594892086,1,0.6310091416041056,0.5439081092675527,0.6325129767258962,0.5874586254358292,0.6024767425325183,0.6051795989274978,0.5650588836692534,0.6203595116909193
3,evt_001411,11,950,1670594913275,0,0.5151663025220236,0.4755455752213796,0.5418183406194051,0.4953559388717016,0.510843406120936,0.5086104919513067,0.4867147987144371,0.6088977879366908
3,evt_001412,11,951,1670594926450,1,0.5880807439486185,0.4667113224665324,0.5390542050202688,0.5273960332075754,0.5312820904784732,0.5418646097183227,0.4758696264552325,0.60653055173433
3,evt_001413,11,952,1670594975246,1,0.6842229962348938,0.564729909102122,0.6391726831595103,0.6244764526685078,0.6293751961655086,0.6393650074799855,0.5932732752954015,0.6259758857870872
3,evt_001414,11,953,1670595013007,1,0.490795483191808,0.4277235666910807,0.4677352507909139,0.45925952494144434,0.46208476689126754,0.46726186176141093,0.43403688073548863,0.6015710637616426
3,evt_001415,11,954,1670595056228,1,0.5729007522265116,0.479206383228302,0.5424324572086334,0.5260535677274067,0.5315131975544823,0.5386987825234731,0.49254331286828085,0.6099777920201741
3,evt_001416,11,955,1670595095590,0,0.4795410235722859,0.3986669182777405,0.4499370257059733,0.4391039709250132,0.44271498918533325,0.44935799241065977,0.39657179458189423,0.5942007494465632
3,evt_001529,12,1018,1670746119411,0,0.3427887757619222,0.3908604482809703,0.3383767853180567,0.36682461202144623,0.35734200312031633,0.3563278794288635,0.4066497847278692,0.6033063834937963
3,evt_001530,12,1019,1670746130059,1,0.3884152472019195,0.3350043098131814,0.2877329389254251,0.3617097785075505,0.3370508319801753,0.3522555043299992,0.33920851416022424,0.590732953786914
3,evt_001531,12,1020,1670746151979,0,0.3893243769804637,0.4184318085511525,0.3659154772758484,0.4038780927658081,0.3912238876024882,0.3933748265107473,0.4405610515226588,0.6090254055154246
3,evt_001532,12,1021,1670746167034,0,0.3077648083368937,0.2900954335927962,0.2686357597510019,0.29893012096484495,0.28883200056023056,0.2946381861964861,0.27963283499936253,0.5769356015179914
3,evt_001533,12,1022,1670746177961,1,0.4463253915309906,0.4824529488881429,0.4448617001374562,0.4643891702095667,0.4578800135188632,0.45687092045942934,0.515292572036174,0.6204786011501876
3,evt_001534,12,754,1670746204312,0,0.2558864057064056,0.2834172695875167,0.2682732194662094,0.2696518376469611,0.2691922982533772,0.2666230276226997,0.2698633522212029,0.5744139334811627
3,evt_001535,12,442,1670746213880,1,0.2511522124210993,0.267006645600001,0.2595391422510146,0.25907942901055014,0.2592326667573716,0.2575859283407529,0.249352917424939,0.5691546179973737
3,evt_001536,12,1023,1670746246832,0,0.3541384239991506,0.3650540908177693,0.2999411076307296,0.3595962574084599,0.33971120748254985,0.346573660771052,0.37865419324939154,0.5993514496929727
3,evt_001537,12,1024,1670746258817,0,0.3001053382953008,0.3217514952023824,0.3039340376853942,0.3109284167488416,0.3085969570610258,0.30736492524544395,0.31593767405385703,0.584103204561032
3,evt_001538,12,944,1670746269810,0,0.2330269267161687,0.2780865530172984,0.2537319709857304,0.25555673986673355,0.2549484835730658,0.25068582346041995,0.26527329276792855,0.5742557227795102
3,evt_001539,12,839,1670746284875,0,0.2446444382270177,0.2748927374680837,0.2326193352540334,0.2597685878475507,0.2507188369830449,0.25131390740474063,0.26563371997787033,0.5759293101910168
3,evt_001540,12,1025,1670746295970,0,0.2399321297804514,0.2711445341507593,0.2437018305063247,0.2555383319656053,0.25159283147917844,0.25004979123671844,0.2580336157314331,0.5729146140721976
3,evt_001661,13,1151,1672734747993,0,0.2883855650822321,0.2675015131632487,0.1793761799732843,0.2779435391227404,0.24508775273958835,0.26031847248474754,0.26900443373272864,0.5813189872706102
3,evt_001662,13,1152,1672734755834,0,0.3156996667385101,0.2927254339059194,0.2294105788071949,0.3042125503222147,0.2792785598172081,0.29154957930246983,0.2921269867376373,0.5832221765002418
3,evt_001663,13,1153,1672734826091,0,0.3447899421056111,0.3703273435433705,0.2496823122104009,0.3575586428244908,0.3215998659531275,0.33342963655789687,0.3983172674459917,0.6073285581178456
3,evt_001664,13,1154,1672734835650,0,0.2555902202924092,0.2564895053704579,0.1850727995236714,0.25603986283143354,0.23238417506217948,0.24175652166207623,0.2516645684902866,0.5759226164758883
3,evt_001665,13,1155,1672734921172,0,0.112548475464185,0.1176379124323526,0.0730994480351606,0.11509319394826881,0.1010952786438994,0.1061855010688304,0.09769065903063777,0.5282667616725876
3,evt_001666,13,1156,1672734941935,0,0.5622426370779673,0.5123625298341116,0.4340706964333852,0.5373025834560394,0.502891954448488,0.5216442167758941,0.5608541021464922,0.6305024242625877
3,evt_001667,13,1157,1672735003619,0,0.2857610881328583,0.243598535656929,0.1745295921961466,0.26467981189489365,0.23462973866197798,0.25086602320273715,0.23692223559756764,0.5724182278942577
3,evt_001668,13,1158,1672735036091,0,0.2759400755167007,0.2812004089355469,0.2295039147138594,0.2785702422261238,0.26221479972203565,0.26823094338178627,0.2754915897922181,0.5788291427732992
3,evt_001669,13,1159,1672735046445,0,0.499709814786911,0.4744610289732615,0.4158535401026408,0.48708542188008624,0.4633414612876044,0.4753639241059621,0.5108213847031213,0.6209989174978564
3,evt_001670,13,1160,1672735071144,1,0.3170939038197199,0.2774920960267384,0.2236862530310948,0.29729299992322916,0.27275741762585104,0.28653183132410043,0.27223531261612655,0.5782693955702434
3,evt_001671,13,1161,1672735108396,0,0.2417497138182321,0.25518133242925,0.2229076325893401,0.24846552312374104,0.23994622627894072,0.24201078315575908,0.24085132878988746,0.5694630045299506
3,evt_001672,13,1162,1672735118810,0,0.1800514111916223,0.2144816170136133,0.1356023202339807,0.1972665141026178,0.1767117828130721,0.18149065474669127,0.20604540483664602,0.5670608734733267
3,evt_001673,13,1163,1672735124274,0,0.2037849525610605,0.270952820777893,0.2527861297130584,0.23736888666947675,0.24250796768400398,0.23373554845650985,0.25532769294348107,0.5715758774284867
3,evt_001674,13,1164,1672735138017,0,0.1996274093786875,0.2724881072839101,0.2201969772577285,0.2360577583312988,0.23077083130677536,0.22559953232606247,0.26443669559327243,0.5767473404355545
3,evt_001784,14,1227,1672838201057,0,0.4458782076835632,0.2395438502232233,0.3072001288334529,0.3427110289533932,0.3308740622467465,0.35624228467543917,0.2071875432899438,0.5519252422772469
3,evt_001785,14,1228,1672838249193,1,0.3695425689220428,0.2186178316672643,0.2766088197628656,0.29408020029465354,0.28825640678405756,0.3056783979137738,0.1850252990830976,0.54635783952941
3,evt_001786,14,1229,1672838298530,0,0.3775680859883626,0.2644322663545608,0.2862878193457921,0.3210001761714617,0.30942939056290514,0.32537128676970795,0.24234081763664692,0.5647838062200925
3,evt_001787,14,1230,1672838307766,0,0.4128307898839314,0.2743825366099675,0.3593543370564778,0.34360666324694944,0.34885588785012556,0.3606010233362515,0.24320805690791802,0.5602134055134546
3,evt_001788,14,1231,1672838394743,1,0.3005616863568623,0.2037039399147032,0.2381423860788345,0.25213281313578273,0.24746933745013333,0.259020502368609,0.17197828427246803,0.5444364521262154
3,evt_001789,14,1232,1672838454621,0,0.4303616086641947,0.2502912084261576,0.2990657438834508,0.34032640854517615,0.32657285365793437,0.3500813156366348,0.2221189163251533,0.5574575467229945
3,evt_001790,14,1233,1672838530519,1,0.4968867798646291,0.307685688138008,0.3356287777423858,0.4022862340013186,0.38006708191500765,0.40787485192219414,0.29270504466545244,0.5755015446489526
3,evt_001791,14,1234,1672838566444,1,0.3119149506092071,0.2207101037104924,0.2647774964570999,0.26631252715984977,0.26580085025893313,0.27512600570917123,0.18894774010065285,0.5488173441299762
3,evt_001792,14,1235,1672838622549,1,0.6248582998911539,0.4758333464463551,0.4828038314978282,0.5503458231687546,0.5278318259451125,0.5517399201790492,0.5007170250155841,0.614859553775376
3,evt_001793,14,1236,1672838687115,1,0.3909044067064921,0.2244901110728581,0.2500544836123784,0.30769725888967514,0.28848300046390957,0.31281013339757924,0.19691629645609285,0.5525560017597997
3,evt_001794,14,1237,1672838719145,0,0.29373533030351,0.2235970894495646,0.268962487578392,0.2586662098765373,0.2620983024438222,0.2677392895023028,0.19170829655294727,0.5495696844223621
3,evt_001795,14,1238,1672838730876,0,0.3782127896944682,0.2550507287184397,0.2720726976792018,0.3166317592064539,0.3017787386973699,0.3200361529986064,0.23254726155960243,0.5627734654308382
3,evt_001925,15,1307,1672888957643,1,0.3316296339035034,0.3210077087084452,0.4465053876241048,0.3263186713059743,0.3663809100786845,0.3514182070891062,0.28897767078377845,0.568347116999585
3,evt_001926,15,1308,1672888995604,0,0.3131574690341949,0.3483148614565531,0.4371252457300822,0.33073616524537397,0.36619919207361007,0.34849824210007985,0.32706968668966546,0.5788223727221211
3,evt_001927,15,1309,1672889039119,0,0.3301812758048375,0.281822050611178,0.4141824940840403,0.30600166320800776,0.3420619401666853,0.3324737519025802,0.24320251573931723,0.5571556900572172
3,evt_001928,15,1310,1672889087146,0,0.343860000371933,0.3081046144167581,0.3995825250943501,0.3259823073943455,0.35051571329434705,0.344277889529864,0.28000303935368903,0.5685798940221354
3,evt_001929,15,1311,1672889113933,0,0.3453092475732167,0.3132021327813466,0.3824129501978556,0.3292556901772816,0.34697477685080624,0.3430978536605835,0.2898252172682767,0.5722612010844803
3,evt_001930,15,1312,1672889146754,1,0.3933415909608205,0.3363063136736552,0.3712379535039266,0.36482395231723785,0.36696195271280074,0.3718102802832921,0.3239519422413696,0.5816575828372091
3,evt_001931,15,1313,1672889192052,0,0.5117509067058563,0.4518613417943318,0.4664010405540466,0.48180612425009406,0.4766710963514116,0.48471406400203704,0.46865887744911805,0.6091457409592196
3,evt_001932,15,1314,1672889211274,1,0.5146026909351349,0.398256907860438,0.4110991060733795,0.45642979939778644,0.44131956828965074,0.45899823904037473,0.40421431604785846,0.5980393638661877
3,evt_001933,15,1315,1672889243570,0,0.5038527548313141,0.4556984305381775,0.459262082974116,0.4797755926847458,0.47293775611453587,0.48048832317193346,0.47542635936155586,0.6110172324115775
3,evt_001934,15,1317,1672889328314,0,0.4693425595760345,0.3922334810098012,0.4939350187778473,0.43078802029291785,0.4518370197878943,0.45112832784652707,0.3789218394893732,0.5877103405424776
3,evt_001935,15,1318,1672889350964,1,0.5183677872021993,0.4857152104377746,0.515776664018631,0.5020414988199869,0.506619887219535,0.5080537895361583,0.5063850448564606,0.6145408850251164
3,evt_001936,15,1319,1672890199077,0,0.4783049027125041,0.410582701365153,0.4143690566221873,0.44444380203882855,0.4344188868999481,0.4452010730902354,0.42047552672075517,0.6015829490715939
3,evt_001937,15,1320,1672890243956,0,0.5191449820995331,0.4149367709954579,0.4007012148698171,0.4670408765474955,0.44492765598826933,0.46419376532236734,0.4300128028846008,0.6043734481507211
3,evt_001938,15,1321,1672890285183,1,0.5169541736443838,0.463285893201828,0.4514914949735005,0.4901200334231059,0.47724385393990404,0.4877611537774404,0.487912619772712,0.6140955751719995
3,evt_001939,15,1322,1672890314778,1,0.5025214354197184,0.4581763446331024,0.4647378226121266,0.4803488900264104,0.47514520088831586,0.4816611856222152,0.477786472514221,0.6112278568777204
3,evt_002045,16,1430,1672908811245,0,0.4818049470583598,0.3708517452081044,0.4831959307193756,0.4263283461332321,0.4452842076619466,0.44879718323548634,0.3516123590637844,0.5818125805412174
3,evt_002046,16,1431,1672908829642,1,0.7831629514694214,0.7378397186597189,0.7673951387405396,0.7605013350645702,0.7627992696232266,0.7664124190807343,0.793376991723861,0.6674605720940291
3,evt_002047,16,1432,1672908864220,1,0.6572514176368713,0.6017293334007263,0.6337538560231527,0.6294903755187988,0.6309115356869168,0.6358952800432841,0.6443920216154014,0.6377667053861301
3,evt_002048,16,1433,1672908905415,1,0.5009313424428304,0.4389407038688659,0.5242523948351542,0.46993602315584815,0.4880414803822835,0.4869983613491058,0.43861132241010764,0.5994356954698741
3,evt_002049,16,1434,1672908941422,1,0.562891831000646,0.4661579330762227,0.5243947406609853,0.5145248820384344,0.517814834912618,0.5261722435553869,0.4777278857202124,0.6078013861941147
3,evt_002050,16,1435,1672909400025,1,0.4985831379890442,0.4123258491357167,0.4721378982067108,0.45545449356238044,0.4610156284438239,0.46741690337657926,0.411601981845491,0.5963163473335872
3,evt_002051,16,1436,1672909441722,1,0.4833103617032369,0.3778759638468424,0.486912449200948,0.4305931627750397,0.44936625825034243,0.45240045984586075,0.36059356117596914,0.5837535972822916
3,evt_002052,16,1437,1672909473805,0,0.4921532571315765,0.4362893899281819,0.5019427041212717,0.4642213235298792,0.47679511706034344,0.4773519863684971,0.43924780424592147,0.6008285702155345
3,evt_002053,16,1438,1672909528007,0,0.4318477610747019,0.3731495936711629,0.43955593307813,0.40249867737293243,0.4148510959413316,0.4157799452543258,0.3623624450724091,0.5869596218517528
3,evt_002054,16,1439,1672909573175,0,0.6150439381599426,0.5435155431429545,0.5976904630661011,0.5792797406514485,0.5854166481229993,0.5901147246360778,0.5716395966319362,0.6238129215191763
3,evt_002055,16,1440,1672909625069,1,0.5720920860767365,0.4736373623212178,0.5692834953467051,0.5228647241989771,0.5383376479148865,0.5419939508040745,0.47916290899472525,0.6056039500950554
3,evt_002171,17,1490,1672994689474,0,0.4447718660036723,0.3142722795406977,0.3122852245966593,0.37952207277218497,0.35710979004700977,0.3791246617833773,0.3057043748433883,0.5805433136280849
3,evt_002172,17,1491,1672994723630,1,0.4566239714622497,0.2681563595930735,0.3039274911085765,0.36239016552766157,0.3429026073879666,0.3695443918307622,0.24491916969410085,0.5641597569953826
3,evt_002173,17,1492,1672994736424,0,0.3593548436959584,0.2370844235022862,0.2511830776929855,0.2982196335991223,0.28254078163041,0.30103936443726215,0.21263520830078703,0.5579448652481224
3,evt_002174,17,1493,1672994743734,0,0.3664536376794179,0.2564273327589034,0.2309698164463043,0.3114404852191607,0.2846169289615419,0.30634898195664084,0.24232848777473037,0.5688912626887669
3,evt_002175,17,1494,1672994751320,1,0.3457341492176055,0.2075892637173334,0.2211436380942662,0.27666170646746946,0.2581556836764017,0.27937258134285603,0.18007752695402998,0.5488029189110445
3,evt_002176,17,1495,1672994760362,0,0.9999999,0.9999999,0.9999999,0.9999999,0.9999999,0.9999999000000002,0.999999,0.969361372832238
3,evt_002177,17,1496,1672994791165,1,0.3657350937525431,0.2880787998437881,0.282138372461001,0.32690694679816557,0.31198408868577737,0.3257188613216082,0.274828788577425,0.574500904547317
3,evt_002178,17,1497,1672994828058,1,0.2721059670050939,0.189851423104604,0.1828632603089014,0.23097869505484894,0.21494021680619976,0.22958106249570842,0.16401816884290055,0.5460923804534523
3,evt_002179,17,1498,1672994898916,0,0.2884710778792699,0.2375144759813943,0.2222334494193394,0.2629927769303321,0.24940633442666785,0.25993657161792116,0.2179618153414721,0.5621741360473581
3,evt_002180,17,1499,1672994904768,0,0.3675923744837443,0.2712049335241318,0.2623733729124068,0.3193986540039381,0.30039022697342765,0.31763234188159306,0.2558823690155816,0.5705211980633437
3,evt_002181,17,1500,1672994912232,0,0.4434806903203328,0.2965268492698669,0.2841769407192866,0.37000376979509986,0.3413948267698288,0.3675337880849838,0.28690235742902326,0.577459145349495
3,evt_002182,17,1501,1672994921954,0,0.3512331942717233,0.2588068296511968,0.2842047810554504,0.30502001196146,0.2980816016594568,0.31009960224231076,0.2350022940874917,0.5627542562648322
3,evt_002183,17,1502,1672994971629,1,0.2864917616049449,0.2199127326409021,0.2072783013184864,0.2532022471229235,0.23789426518811116,0.25067536085844033,0.19784357099149602,0.5566267135317886
3,evt_002184,17,1503,1672995028785,0,0.3686981201171875,0.3130687822898229,0.3065442740917206,0.34088345120350516,0.3294370588329103,0.3395785495638848,0.30427468232093,0.5807434703504419
3,evt_002306,18,1569,1673010633343,0,0.351327379544576,0.2855511307716369,0.2647313475608825,0.31843925515810645,0.30053661929236514,0.3142752985159556,0.2747566410071745,0.5757500916430623
3,evt_002307,18,1570,1673010650464,0,0.3872699836889903,0.2699677099784215,0.2672171046336491,0.3286188468337059,0.308151599433687,0.32806872576475143,0.2534687704063238,0.5694142933977167
3,evt_002308,18,1571,1673010664422,0,0.2248321374257405,0.1725684752066929,0.174813409646352,0.1987003063162167,0.19073800742626182,0.19914929320414854,0.14372898611110743,0.5382810718438482
3,evt_002309,18,1572,1673010675561,0,0.2270368188619613,0.2157530784606933,0.1888611142834027,0.2213949486613273,0.2105503372020191,0.21601655582586915,0.19547872895950405,0.5576324553257285
3,evt_002310,18,1573,1673011375825,0,0.3398645122845967,0.3258461703856785,0.3065261046091715,0.3328553413351376,0.3240789290931489,0.32899132817983623,0.32164938509221896,0.5852633474504811
3,evt_002311,18,1574,1673011385442,0,0.283311903476715,0.1768168012301126,0.1543925528724987,0.23006435235341377,0.20484041919310872,0.22557950268189103,0.1533324848599232,0.5444686342390057
3,evt_002312,18,1575,1673011396908,0,0.4955960611502329,0.3721393644809723,0.3548197348912557,0.4338677128156026,0.4075183868408203,0.4304037868976593,0.3786418720147026,0.5955427953369741
3,evt_002313,18,1576,1673011408325,0,0.3459895650545756,0.2485691259304682,0.2340328097343444,0.2972793454925219,0.27619716690646273,0.29437208225329714,0.23091318806953565,0.5651977336903019
3,evt_002314,18,1577,1673011421049,0,0.4184843798478444,0.3335257569948832,0.2948511441548665,0.37600506842136383,0.3489537603325314,0.3682701458533605,0.33593711999624803,0.5893771808682572
3,evt_002315,18,1578,1673011445550,0,0.3384426633516947,0.2882692615191141,0.2475710064172744,0.3133559624354044,0.2914276437626944,0.30521631141503647,0.28203398861041645,0.5790461631387891
3,evt_002316,18,1579,1673011454893,0,0.3302724262078603,0.2485247403383255,0.2181312243143716,0.28939858327309287,0.2656427969535191,0.2833198800683021,0.2339855015228339,0.5674801089388798
3,evt_002317,18,1580,1673011470314,0,0.5192829072475433,0.4204155504703522,0.420916199684143,0.46984922885894775,0.4535382191340129,0.46994935870170595,0.43360032251019776,0.6040158614660058
3,evt_002318,18,1581,1673011488186,0,0.2473117262125015,0.2402815024058023,0.2548965861399968,0.2437966143091519,0.2474966049194335,0.24671963105599082,0.21487238608694198,0.5587435580205657
3,evt_002422,19,1632,1673252060452,0,0.4634864330291748,0.2526262899239858,0.2062927981217702,0.35805636147658026,0.3074685070249769,0.3487896631161372,0.24359235923715217,0.5710577914420053
3,evt_002423,19,624,1673252123830,0,0.2849337160587311,0.2569076170523961,0.2382418463627497,0.27092066655556357,0.2600277264912923,0.26718751241763433,0.240521045711527,0.5680055943844389
3,evt_002424,19,1633,1673252129689,0,0.2860054224729538,0.2809299230575561,0.2539894928534825,0.283467672765255,0.27364161279466415,0.2780795867244402,0.26985381355979865,0.5753560829836519
3,evt_002425,19,1634,1673252178358,1,0.4937205413977305,0.2622675200303395,0.2358586688836415,0.377994030714035,0.33061557677057046,0.37271226048469536,0.2505649463753502,0.5706384937470608
3,evt_002426,19,1635,1673252219138,0,0.4558634757995605,0.2691208720207214,0.2375440374016761,0.36249217391014094,0.320842795073986,0.35617680698633186,0.25917369573350785,0.5731103398740004
3,evt_002427,19,1636,1673252228685,0,0.2523171777526538,0.1830705453952153,0.1710957288742065,0.21769386157393456,0.2021611506740252,0.21529889826973278,0.15757795303185054,0.5446331799589087
3,evt_002428,19,1637,1673252235372,0,0.4075121680895487,0.2338286091883977,0.1946729943156242,0.32067038863897324,0.2786712571978569,0.3128392656644185,0.2201250307870987,0.5649097225109655
3,evt_002429,19,1638,1673252243522,0,0.184799201786518,0.2173608640829722,0.1766556873917579,0.2010800329347451,0.19293858442041603,0.19293899759650224,0.19966146577845778,0.5604223700165206
3,evt_002430,19,1639,1673252250651,0,0.1387397572398185,0.1487997223933538,0.1315303271015484,0.14376973981658614,0.13968993557824025,0.14031586075822508,0.12214241082731522,0.5328998457563242
3,evt_002431,19,1640,1673252258798,0,0.2300812005996704,0.2264545261859893,0.1978920424977938,0.22826786339282984,0.21814258976115117,0.22255536665519074,0.20766221935007081,0.5610199176953967
3,evt_002432,19,1641,1673252267293,1,0.4402801891167958,0.2784626185894012,0.2706936697165171,0.3593714038530985,0.3298121591409047,0.3578176140785217,0.26486626520264145,0.5723164213741945
3,evt_002538,20,1694,1673339551559,0,0.2464482014377911,0.2634339531262715,0.239087422688802,0.2549410772820313,0.24965652575095487,0.2500717711945374,0.2486389212233011,0.5704982421016781
3,evt_002539,20,1387,1673339564226,0,0.2227122212449709,0.2354688694079716,0.1977260609467824,0.22909054532647125,0.2186357171999083,0.22154198363423339,0.21957205395090776,0.565004144352567
3,evt_002540,20,1695,1673339573699,0,0.2493507812420527,0.3202521999677022,0.263530229528745,0.28480149060487747,0.27771107024616665,0.273457096517086,0.32188322404830044,0.5885348519613219
3,evt_002541,20,1696,1673339580688,0,0.1341981304188569,0.1664666905999182,0.1205822005867957,0.15033241050938756,0.1404156738685236,0.14115551250676306,0.14609673461282163,0.5459518216578079
3,evt_002542,20,1697,1673339587515,1,0.2379332457979519,0.2806118180354436,0.2240404436985651,0.25927253191669775,0.24752850251065353,0.24795825704932206,0.27539200243006184,0.5793614297884327
3,evt_002543,20,1698,1673339627365,0,0.2257189179460207,0.257119874159495,0.1979568401972452,0.24141939605275786,0.2269318774342536,0.22958678926030787,0.24892784792966458,0.5740501485245162
3,evt_002544,20,1699,1673339633414,1,0.2372109790643055,0.2930484761794407,0.2168741722901661,0.2651297276218731,0.24904454251130406,0.24989486684401815,0.2945059191332125,0.5851051455518524
3,evt_002545,20,1700,1673339664116,0,0.2068902154763539,0.2706010440985361,0.2029534727334975,0.23874562978744499,0.2268149107694625,0.22521611551443727,0.2660533818378838,0.5786263527738951
3,evt_002546,20,1701,1673339714696,0,0.1570800095796584,0.218545377254486,0.1562028353412946,0.18781269341707219,0.17727607405847964,0.1753441850344339,0.20565986924886412,0.5646960419448922
3,evt_002547,20,1702,1673339724853,0,0.3093339875340461,0.3241326461235682,0.2564119199911753,0.3167333168288071,0.2966261845495965,0.3031891716023286,0.32992931574045975,0.5908683042969416
3,evt_002548,20,1703,1673339815655,0,0.2304984480142593,0.2438391596078872,0.1770167301098505,0.23716880381107325,0.21711811257733235,0.2238043179114659,0.23589936110274048,0.5720433594589843
3,evt_002549,20,1704,1673339823735,0,0.2122564862171808,0.2907703816890716,0.2151361356178918,0.2515134339531262,0.2393876678413814,0.23638658473889024,0.2913228299347916,0.5844933399745303
3,evt_002671,21,1823,1677663354133,0,0.3877258996168772,0.3365085025628407,0.3737343351046244,0.36211720108985895,0.36598957909478075,0.36956236759821565,0.323682516340404,0.5814551884757022
3,evt_002672,21,1824,1677663568296,0,0.3745016952355702,0.3059405932823816,0.3617387910683949,0.34022114425897587,0.3473936931954489,0.3513807838161786,0.28411092862216636,0.5718818606841295
3,evt_002673,21,1825,1677663704116,1,0.469694177309672,0.4260159234205881,0.4812288284301758,0.44785505036513007,0.45897964305347866,0.4588976313670476,0.4286409056950738,0.5996841720287335
3,evt_002674,21,1826,1677663754694,1,0.4753715793291728,0.4478963613510132,0.5074195663134257,0.461633970340093,0.47689583566453725,0.47353861133257547,0.4542492185612309,0.603853964272208
3,evt_002675,21,1827,1677663791295,0,0.3303447961807251,0.3458531300226847,0.3335649669170379,0.3380989631017049,0.3365876310401492,0.33564133048057554,0.3438628016276248,0.5890413567854739
3,evt_002676,21,1828,1677663841366,0,0.3763108253479004,0.3227373709281285,0.3619102636973062,0.34952409813801444,0.3536528199911117,0.35735867669185,0.30688177095709196,0.5779105320596457
3,evt_002677,21,1829,1677663850454,0,0.342743585507075,0.2731564491987228,0.315876414378484,0.3079500173528989,0.3105921496947606,0.3164940103888511,0.24818688141682332,0.5646460827296628
3,evt_002678,21,1830,1677663908776,0,0.4400047163168589,0.4080022374788919,0.4755197366078694,0.42400347689787543,0.4411755634678734,0.4375069767236709,0.40408692092105425,0.5945785776978312
3,evt_002679,21,1831,1677663940261,0,0.4496171375115712,0.3750986357529958,0.4758414526780446,0.41235788663228345,0.4335190753142038,0.43250645001729326,0.35841722003971416,0.5839371852987439
3,evt_002680,21,1832,1677663966634,0,0.4297725657622019,0.3803033828735351,0.4492850502332051,0.4050379743178685,0.41978699962298066,0.4188343077898025,0.3704042949366456,0.5883135516754363
3,evt_002681,21,1833,1677663985302,0,0.4117041230201721,0.3761601746082306,0.4481704135735829,0.39393214881420135,0.4120115704006619,0.4083341966072718,0.36462822047414783,0.5870610526306004
3,evt_002682,21,1834,1677664029695,0,0.3397483726342519,0.3169380625089009,0.3132233122984568,0.32834321757157636,0.32330324914720315,0.32760026752948757,0.3079000937081152,0.5813241319696166
3,evt_002683,21,1835,1677664042563,0,0.352579653263092,0.3123521606127421,0.3938360909620921,0.33246590693791706,0.35292263494597537,0.34876269300778706,0.28676540562108166,0.5707391691056725
3,evt_002684,21,1836,1677664089445,0,0.3679276804129283,0.3245678544044494,0.3900290826956431,0.34624776740868884,0.3608415391710069,0.3593400130669276,0.30408494316390666,0.5755241241865704
3,evt_002785,22,1936,1677849615960,0,0.3671468545993169,0.4567182958126068,0.3365736256043116,0.4119325752059618,0.3868129253387451,0.3879036411643028,0.5011644180170343,0.623845129377548
3,evt_002786,22,1937,1677849621021,0,0.1454312323282162,0.210956240693728,0.1230348125100135,0.1781937365109721,0.15980742851065255,0.1606094508742292,0.20436087054540747,0.5682216872286083
3,evt_002787,22,1938,1677849636365,0,0.2013723676403363,0.269021933277448,0.1076419204473495,0.23519715045889217,0.19267874045504463,0.20292114789287247,0.294375532936332,0.596740287184519
3,evt_002788,22,1939,1677849653579,0,0.104404347638289,0.1397139852245648,0.0791494138538837,0.12205916643142689,0.10775591557224583,0.10994625215729067,0.12295561164271343,0.5416192166340926
3,evt_002789,22,1940,1677849681310,1,0.253049224615097,0.313385859131813,0.215273564060529,0.283217541873455,0.2605695492691463,0.2635950828591982,0.32404021111550463,0.5927527174787135
3,evt_002790,22,1941,1677849711953,0,0.1438553022841612,0.2192205737034479,0.1265826523303985,0.18153793799380458,0.16321950943933589,0.16301035371919467,0.21461998080600833,0.5712050208111309
3,evt_002791,22,1942,1677849753397,0,0.227747805416584,0.2476662248373031,0.1387141620119412,0.23770701512694353,0.20470939742194275,0.21591660256187117,0.25207818897772427,0.5809519375617831
3,evt_002792,22,1943,1677849774705,0,0.0991445500403642,0.1483481749892234,0.0741841085255145,0.12374636251479379,0.10722561118503403,0.10891354922205203,0.13553833183709751,0.5489246088052072
3,evt_002793,22,1944,1677849783935,1,0.2263778348763783,0.3045737445354461,0.1844725683331489,0.26547578970591224,0.23847471591499114,0.24145555446545275,0.3195266808149223,0.5943883476725151
3,evt_002794,22,1945,1677849850046,0,0.2552675927678743,0.2325608283281326,0.128586525718371,0.24391421054800344,0.20547164893812597,0.22311935002605116,0.23434332941391986,0.5767735898299919
3,evt_002879,23,2026,1677834865551,0,0.3570543527603149,0.2735654811064402,0.3208396236101786,0.3153099169333775,0.3171531524923112,0.32476474543412526,0.24801923497838868,0.5642338188450161
3,evt_002880,23,2027,1677834899465,0,0.3952562312285105,0.3179079492886861,0.3523757755756378,0.3565820902585983,0.35517998536427814,0.36347565551598865,0.30230977036113726,0.5772527952970704
3,evt_002881,23,2028,1677834932988,0,0.5511325597763062,0.4296381870905558,0.5077188412348429,0.49038537343343097,0.49616319603390163,0.5060015042622884,0.42954682343232525,0.5982228784912828
3,evt_002882,23,2029,1677835875726,0,0.4762394825617472,0.3409986793994903,0.3805092175801595,0.4086190809806187,0.39924912651379896,0.4165211886167526,0.3296821209430216,0.5823282829394912
3,evt_002883,23,2030,1677835954063,0,0.5040117502212524,0.3653121888637543,0.43509641289711,0.43466196954250336,0.4348067839940389,0.4486188143491745,0.3532739329123117,0.5848642841589773
3,evt_002884,23,2031,1677835963023,0,0.2656707366307576,0.2086154868205388,0.2332117805878321,0.23714311172564817,0.2358326680130428,0.24206237047910686,0.17853222239825178,0.5474752587082911
3,evt_002885,23,2032,1677836101489,0,0.3345117568969726,0.2440273016691208,0.2721719046433766,0.2892695292830467,0.28357032106982333,0.2948984498778979,0.2176522848808009,0.5581300132556446
3,evt_002886,23,2033,1677836141358,0,0.3489596645037333,0.2676403770844141,0.2864399552345276,0.3083000207940737,0.301013332274225,0.3120599364240964,0.2462568183083058,0.5660285742137251
3,evt_002887,23,2034,1677836149661,0,0.3240598539511362,0.2834700644016266,0.2737948248783747,0.30376495917638136,0.2937749144103791,0.30182991127173103,0.26971837081275385,0.5737742535599373
3,evt_002970,24,2116,1678008151527,0,0.15055396904548,0.2059879104296366,0.1450504263242085,0.1782709397375583,0.1671974352664417,0.16608344291647267,0.1915907829143742,0.5610431045559231
3,evt_002971,24,2117,1678008223710,0,0.1582880343000093,0.2306675066550572,0.154921402533849,0.19447777047753323,0.18129231449630515,0.1793285496532916,0.2224571049259708,0.5703686120052194
3,evt_002972,24,2118,1678008241659,0,0.1479726781447728,0.2140473673741022,0.1252973626057306,0.1810100227594375,0.1624391360415352,0.16326002180576318,0.20795846314862118,0.569134522316836
3,evt_002973,24,2119,1678008255744,0,0.3208910475174585,0.3130504886309305,0.2494922031958897,0.3169707680741945,0.29447791311475957,0.30425911098718633,0.3160466912881067,0.5878714830508652
3,evt_002974,24,2120,1678008277242,0,0.1570304731527964,0.1402572418252626,0.0712817187110583,0.1486438574890295,0.12285647789637244,0.13484875286618864,0.1268780011828417,0.5449497548376778
3,evt_002975,24,2121,1678008293456,0,0.2803727140029271,0.2831476777791976,0.200347438454628,0.2817601958910624,0.25462261007891757,0.26520014802614844,0.2853908742714395,0.5839329875912126
3,evt_002976,24,2122,1678008306584,0,0.1445251827438672,0.1870007365942001,0.116318533817927,0.16576295966903365,0.14928148438533143,0.15162651911377903,0.1739838358831993,0.5580968311635912
3,evt_002977,24,2123,1678008320577,0,0.2873751868804295,0.2636123647292455,0.1896890898545582,0.27549377580483747,0.24689221382141105,0.26070912082990005,0.26081820239995473,0.5780474759701208
3,evt_002978,24,2124,1678008338459,0,0.1667471813658873,0.2271906038125355,0.128391238550345,0.1969688925892114,0.17410967457625595,0.17720901953677332,0.22554597866169862,0.574388755450394
3,evt_003066,25,2208,1678183550369,0,0.394450177748998,0.3550145824750264,0.3388918538888295,0.37473238011201215,0.3627855380376179,0.3715078343947728,0.35649200671563447,0.5915727767705681
3,evt_003067,25,2209,1678184366911,0,0.3437200784683227,0.2700978020826975,0.3137287000815074,0.3069089402755101,0.30918219354417587,0.31563511987527204,0.24454355822775925,0.5636935303335135
3,evt_003068,25,2210,1678184376435,1,0.2911622375249862,0.2782323559125264,0.2230512698491414,0.2846972967187563,0.2641486210955513,0.27366107950607926,0.2730746191999419,0.5786298710767013
3,evt_003069,25,2211,1678184568769,0,0.3199193278948466,0.3607337872187297,0.3715937832991282,0.34032655755678815,0.3507489661375682,0.34249855677286783,0.3568004596990978,0.5898621182340906
3,evt_003070,25,2213,1678184640040,0,0.3369097312291463,0.3478481570879618,0.3425940076510111,0.3423789441585541,0.34245063198937303,0.34132811427116394,0.3448909878171304,0.5887111855714487
3,evt_003071,25,2214,1678184647900,1,0.1832223186890283,0.2460068315267563,0.2517945021390914,0.21461457510789228,0.22700788411829198,0.21577210923035933,0.2220011708591087,0.5615400110780121
3,evt_003072,25,2215,1678184865014,0,0.318731019894282,0.3249179720878601,0.3224982321262359,0.32182449599107105,0.32204907470279265,0.32134054799874623,0.31679019908695466,0.5830608001161752
3,evt_003073,25,2216,1678184871670,0,0.2625679224729537,0.2743680675824483,0.2241321702798207,0.268467995027701,0.2536893867784076,0.2584208155671755,0.26708473121025206,0.576955895994781
3,evt_003074,25,2217,1678184875817,0,0.1723774721225102,0.2129050642251968,0.1945646951595941,0.19264126817385352,0.1932824105024337,0.18897319436073295,0.18987825871911174,0.5553176600661501
3,evt_003075,25,2218,1678184900251,0,0.3178034573793411,0.3296274344126383,0.2508467634518941,0.3237154458959897,0.2994258850812912,0.30795931170384083,0.33919183212800713,0.5935230141955931
3,evt_003183,26,2328,1678263923747,0,0.1916506687800089,0.2451234559218088,0.170279324054718,0.21838706235090885,0.2023511495855119,0.20341823597749067,0.2388138299714083,0.5737391926280173
3,evt_003184,26,2329,1678263973355,0,0.2283575957020123,0.3050059229135513,0.2038448750972747,0.2666817593077818,0.24573613123761276,0.24644954974452649,0.31471350914161006,0.5914509773939202
3,evt_003185,26,2330,1678263983210,0,0.1852173483930527,0.2098791549603144,0.0931179436544576,0.19754825167668355,0.16273814900260822,0.1741960094155122,0.2140378825376608,0.5756687774030936
3,evt_003186,26,2331,1678264004234,0,0.2387281203021605,0.3238803744316101,0.1649905939896901,0.2813042473668853,0.24253302957448689,0.2495262912785013,0.35398187499507694,0.6045876483864473
3,evt_003187,26,2332,1678264010867,0,0.3189362573126952,0.440478503704071,0.2776098201672235,0.3797073805083831,0.3456748603946633,0.3471336438010136,0.4915211601930111,0.6256693920735231
3,evt_003188,26,2333,1678264018184,0,0.2230403336385885,0.3057215809822082,0.1788565615812936,0.26438095731039835,0.23587282540069676,0.23900795343021541,0.32280478014751945,0.5957419135136974
3,evt_003189,26,2334,1678264041118,0,0.2030559118526677,0.2954068730274836,0.1299486830830573,0.24923139244007564,0.20947048932106951,0.21613975445119038,0.3241880389721052,0.6013661392678614
3,evt_003190,26,2336,1678264071968,0,0.2245703898370266,0.2984589934349059,0.1762315382560093,0.26151469163596625,0.23308697384264723,0.23706920060018694,0.3131344020647825,0.5935560375954525
3,evt_003191,26,2337,1678264084554,0,0.1776642240583896,0.2208828975756963,0.1344950472315152,0.19927356081704295,0.17768072295520035,0.18199599074820674,0.21510389002967997,0.5702259115729498
3,evt_003192,26,2339,1678264101756,0,0.1310481509814659,0.171130155523618,0.0747824038068453,0.15108915325254196,0.1256535701039764,0.13181960290918743,0.1663733108398385,0.5620692863847153
3,evt_003193,26,2340,1678264162097,0,0.1533078948656717,0.2086347490549087,0.1056347812215486,0.1809713219602902,0.155859141714043,0.16037132839361817,0.2070181764260196,0.5715079179438523
3,evt_003194,26,2341,1678264169532,0,0.2945788353681564,0.3595063388347626,0.2013219644625981,0.3270425871014595,0.2851357128885057,0.2954057122270266,0.3954021022859595,0.6106124782830068
3,evt_003195,26,2342,1678264183700,0,0.2251152905325094,0.2020203669865925,0.1226259941856065,0.21356782875955094,0.18325388390156946,0.19768895419935373,0.19345855621478625,0.5641425260805155
3,evt_003292,27,2434,1678435949041,1,0.3471866796414057,0.4505888521671295,0.4180481235186259,0.3988877659042676,0.40527455177572036,0.3923796201745669,0.4744851996133856,0.6134889761136976
3,evt_003293,27,2435,1678435968111,1,0.1449807484944661,0.2034971068302789,0.1398428107301393,0.1742389276623725,0.1627735553516281,0.16150806844234458,0.18952263854694307,0.5609276767438234
3,evt_003294,27,2436,1678435982276,0,0.1445731595158576,0.2326698650916417,0.1526240954796473,0.18862151230374966,0.1766223733623822,0.17261235838135078,0.22557205063990668,0.5716755976649726
3,evt_003295,27,2437,1678436001655,0,0.1140434940656025,0.1594281668464342,0.1015157550573348,0.13673583045601836,0.12499580532312383,0.12515334809819847,0.14171043889567483,0.5468302914947704
3,evt_003296,27,2438,1678436011585,1,0.2313194622596105,0.2583533624807994,0.2045175110300382,0.24483641237020493,0.23139677859014937,0.2340692420800527,0.24914793550527697,0.5735219924615751
3,evt_003297,27,2439,1678436035221,0,0.2126700679461161,0.3113685796658198,0.2210957258939742,0.26201932380596793,0.24837812450197003,0.24396475305159881,0.3189629377911086,0.5911474106902512
3,evt_003298,27,2440,1678436050656,1,0.085706149538358,0.1202895989020664,0.0757504565020402,0.1029978742202122,0.0939154016474882,0.09409004574020696,0.09978273902090967,0.5292312224189395
3,evt_003299,27,2441,1678436329105,0,0.154310718178749,0.2310836712519327,0.1491419672966003,0.19269719471534086,0.1781787855757607,0.17630885392427437,0.22454144158018252,0.5716832293055477
3,evt_003300,27,2442,1678436336949,0,0.1550817390282948,0.2087861895561217,0.153676725924015,0.18193396429220826,0.17251488483614383,0.17091207156578692,0.19323066045497728,0.5606477985207687
3,evt_003301,27,2443,1678436344724,1,0.1467769170800844,0.2262291858593622,0.1499522998929023,0.1865030514697233,0.17431946761078296,0.1712476742764313,0.21752251969220138,0.5693725244395466
3,evt_003423,28,2556,1678521427919,0,0.2495227207740148,0.2674182752768198,0.1615544805924097,0.2584704980254173,0.22616515888108144,0.23729773908853527,0.2734255018406507,0.5844320374938283
3,evt_003424,28,2557,1678521435392,0,0.192018696727852,0.220402643084526,0.1159106753766536,0.206210669906189,0.1761106717296772,0.1853122763646145,0.22056030965759033,0.5743282104275859
3,evt_003425,28,2558,1678521442988,0,0.2328571795175472,0.2530551403760909,0.1367932508389154,0.24295615994681904,0.20756852357751784,0.21970378203938393,0.2604676524767833,0.583580015493921
3,evt_003426,28,2559,1678521451825,0,0.2992000890274842,0.3505044480164845,0.2227562243739763,0.32485226852198434,0.29082025380598164,0.2993026237934827,0.3761957471732585,0.6044721149978527
3,evt_003427,28,2560,1678521460058,0,0.2718227257331212,0.2590989371140797,0.1880502477288245,0.26546083142360044,0.23965730352534179,0.25125109354654945,0.25474887416025743,0.5764957133432712
3,evt_003428,28,2561,1678521467720,0,0.1569041494900981,0.1921916306018829,0.0826639172931511,0.1745478900459905,0.14391989912837735,0.15264234738424412,0.1928412180177346,0.570389757076489
3,evt_003429,28,2562,1678521475921,0,0.1483917253402371,0.1756219764550526,0.0727154935399691,0.16200685089764483,0.1322430651117529,0.14142555431462817,0.1737370212759592,0.5653070979474304
3,evt_003430,28,2563,1678521483166,0,0.240322034806013,0.2793048570553462,0.1402002026637394,0.25981344593067957,0.21994236484169952,0.23199251505235824,0.2973527060323923,0.593206846881314
3,evt_003431,28,2564,1678521489938,0,0.236935406923294,0.2469393461942672,0.1911487281322479,0.24193737655878061,0.22500782708326972,0.23077925294637675,0.23677095904264492,0.570964066015484
3,evt_003432,28,2565,1678521497685,0,0.092907666383932,0.1330666889746983,0.064736404766639,0.11298717767931515,0.0969035867084231,0.0993211208377033,0.11902786567293848,0.5427166704277179
3,evt_003433,28,2566,1678521544104,0,0.1975907652328411,0.2768022269010544,0.1428628638386726,0.23719649606694776,0.20575195199085605,0.2104086234544714,0.2920654759124666,0.5916683766911549
3,evt_003434,28,2306,1678521552477,0,0.1689156799887617,0.230963389078776,0.1219444908201694,0.19993953453376884,0.17394118662923566,0.17813575488204753,0.23300547886838818,0.5775356023867279
3,evt_003435,28,2567,1678521558144,0,0.2479725026835998,0.2603704482316971,0.131152813633283,0.25417147545764845,0.21316525484952664,0.22832794853796565,0.2731610663664653,0.5877658880103205
3,evt_003436,28,2568,1678521564777,0,0.1719350819475948,0.2144798735777536,0.0924422089010476,0.19320747776267422,0.15961905480879868,0.16879994482733301,0.22067831153755302,0.5779911978718664
3,evt_003530,29,2657,1678612902843,1,0.4420579969882965,0.4098312755425771,0.4404435555140177,0.42594463626543677,0.4307776093482971,0.4320670922597249,0.4136450193022275,0.598678972931024
3,evt_003531,29,2658,1678612966606,1,0.3826314210891723,0.3828459481398265,0.4088893632094065,0.3827386846144994,0.3914555774794684,0.3879473676284154,0.381205664639577,0.5932413946221978
3,evt_003532,29,2659,1678613511446,0,0.3129532684882481,0.3589842617511749,0.3757632151246071,0.3359687651197115,0.34923358178801006,0.33932455579439796,0.3534246043032905,0.5888279026754201
3,evt_003533,29,2660,1678613579561,1,0.5180266698201498,0.5162116388479868,0.5148591697216034,0.5171191543340683,0.5163658261299133,0.5168486605087916,0.54924990073152,0.6237630039949217
3,evt_003534,29,2554,1678613592745,0,0.375596284866333,0.2853340208530426,0.3579024225473404,0.3304651528596878,0.33961090942223865,0.3449788331985474,0.25736293132152205,0.5645969684768528
3,evt_003535,29,2661,1678613594930,0,0.337495615084966,0.3787444531917572,0.3762360513210296,0.3581200341383616,0.36415870653258425,0.3576183537642161,0.3813886107668522,0.5953013748373056
3,evt_003536,29,2662,1678613622251,0,0.2037423426906267,0.2654068171977997,0.265117401878039,0.23457457994421319,0.2447555205888218,0.23451669688026106,0.2454213068716611,0.5677462269843406
3,evt_003537,29,2663,1678613639358,0,0.1471500769257545,0.184029092391332,0.1885370823244253,0.16558958465854323,0.17323875054717056,0.1664911826451619,0.1543653085836493,0.5420007392488692
3,evt_003538,29,2664,1678614192002,0,0.2182872568567593,0.288261001308759,0.2689815747241178,0.25327412908275915,0.25850994429654534,0.24941824376583088,0.2757573500782649,0.5761332924028076
