phase,protocol_id,split_version,fold,seed,candidate,uses_eeg,control_type,score_variant,variant_family,power,base_weight,history_floor,history_cap,position_floor,position_cap,context_std_floor,context_std_ref,context_count_floor,context_count_ref,fallback_base_weight,mean_reliability,std_reliability,min_reliability,protocol_gauc,protocol_macro_user_auc,protocol_global_auc,local_context_macro_auc,local_pair_count,valid_context_count,valid_local_user_count,event_transfer_gauc,event_transfer_macro_user_auc,event_transfer_global_auc,event_valid_user_count
V2-U,V2M-two_stage_user_local_reranker-v1,protocol_a_rollv2_cv3,1,2026,V2H-local-H2_E0,False,H2_E0_non_eeg,margin_power0p2_base0p025,v2s_reference,0.2,0.025,,,,,,,,,0.0,1.0,0.0,1.0,0.6438127090301003,0.6365777608634752,0.6438127090301003,0.6442988387274102,598,35,28,0.6168932394305529,0.6149338839070982,0.6433182922596321,28
V2-U,V2M-two_stage_user_local_reranker-v1,protocol_a_rollv2_cv3,1,2026,V2H-local-H2_E0,False,H2_E0_non_eeg,hist_rel_f0p80_cap90_base0p025,history_reliability,0.2,0.025,0.8,90.0,,,,,,,0.0,0.9493346068131169,0.025042878757024368,0.8466666666666667,0.6421404682274248,0.6358395110180826,0.6421404682274248,0.643708238851096,598,35,28,0.617344446598178,0.616077720229506,0.6387712599791738,28
V2-U,V2M-two_stage_user_local_reranker-v1,protocol_a_rollv2_cv3,1,2026,V2H-local-H2_E0,False,H2_E0_non_eeg,hist_rel_f0p70_cap100_base0p025,history_reliability,0.2,0.025,0.7,100.0,,,,,,,0.0,0.9016017191977077,0.0338078863219829,0.7629999999999999,0.6438127090301003,0.6403037967323683,0.6438127090301003,0.6472796674225245,598,35,28,0.6169464366479291,0.6163753392771251,0.6370357514751822,28
V2-U,V2M-two_stage_user_local_reranker-v1,protocol_a_rollv2_cv3,1,2026,V2H-local-H2_E0,False,H2_E0_non_eeg,pos_rel_f0p80_cap20_base0p025,session_position_reliability,0.2,0.025,,,0.8,20.0,,,,,0.0,0.9115759312320917,0.06521362817962645,0.81,0.6471571906354515,0.6628794353794353,0.6471571906354515,0.6794122174122175,598,35,28,0.6076208782925201,0.5989728707139422,0.6378687955570983,28
V2-U,V2M-two_stage_user_local_reranker-v1,protocol_a_rollv2_cv3,1,2026,V2H-local-H2_E0,False,H2_E0_non_eeg,std_rel_f0p70_ref1p0_base0p025,context_std_reliability,0.2,0.025,,,,,0.7,1.0,,,0.0,0.8904661918149902,0.0852910117392522,0.7,0.6421404682274248,0.6336015703872846,0.6421404682274248,0.6419178863464577,598,35,28,0.605214404169628,0.6016481567374425,0.6333564734467199,28
V2-U,V2M-two_stage_user_local_reranker-v1,protocol_a_rollv2_cv3,1,2026,V2H-local-H2_E0,False,H2_E0_non_eeg,std_rel_f0p70_ref1p5_base0p025,context_std_reliability,0.2,0.025,,,,,0.7,1.5,,,0.0,0.8362800562166799,0.07212285303898557,0.7,0.6421404682274248,0.6336015703872846,0.6421404682274248,0.6419178863464577,598,35,28,0.6032429842131335,0.6011763468013468,0.6351266921207914,28
V2-U,V2M-two_stage_user_local_reranker-v1,protocol_a_rollv2_cv3,1,2026,V2H-local-H2_E0,False,H2_E0_non_eeg,count_std_rel_f0p75_count12_std1p0_base0p025,context_count_std_reliability,0.2,0.025,,,,,0.75,1.0,0.75,12.0,0.0,0.8600538014106078,0.10230083493504538,0.578125,0.6421404682274248,0.6336015703872846,0.6421404682274248,0.6419178863464577,598,35,28,0.6185164006805798,0.6157947244554388,0.6314127039222492,28
V2-U,V2M-two_stage_user_local_reranker-v1,protocol_a_rollv2_cv3,1,2026,V2H-local-H2_E0,False,H2_E0_non_eeg,hist_std_rel_fallback0p05,history_context_std_fallback,0.2,0.025,0.85,100.0,,,0.75,1.0,,,0.05,0.8644968756541032,0.0747575589280953,0.6853443829277214,0.6454849498327759,0.6397240193668765,0.6454849498327759,0.6468158455301313,598,35,28,0.6145156253365208,0.6131024316292174,0.6336688649774384,28
V2-U,V2M-two_stage_user_local_reranker-v1,protocol_a_rollv2_cv3,1,2026,V2H-local-H2_E0,False,H2_E0_non_eeg,pos_std_rel_fallback0p05,position_context_std_fallback,0.2,0.025,,,0.8,20.0,0.75,1.0,,,0.05,0.8282883719684293,0.08640332037189778,0.6075,0.6438127090301003,0.6586702517059659,0.6438127090301003,0.6760448704734419,598,35,28,0.6027746548642071,0.5971166168487597,0.6356820548420687,28
V2-U,V2M-two_stage_user_local_reranker-v1,protocol_a_rollv2_cv3,1,2026,V2H-local-H2_E0,False,H2_E0_non_eeg,hist_pos_std_rel_fallback0p05,history_position_context_std_fallback,0.2,0.025,0.85,100.0,0.85,20.0,0.75,1.0,,,0.05,0.8072620977296727,0.08201733734594702,0.587682808360521,0.6404682274247492,0.6570687777830635,0.6404682274247492,0.6747636913351199,598,35,28,0.6079843208201418,0.6056483628805057,0.6334953141270392,28
V2-U,V2M-two_stage_user_local_reranker-v1,protocol_a_rollv2_cv3,1,2026,V2H-local-H2_E0,False,H2_E0_non_eeg,hist_pos_std_rel_fallback0p10,history_position_context_std_fallback,0.2,0.025,0.85,100.0,0.85,20.0,0.75,1.0,,,0.1,0.8072620977296727,0.08201733734594702,0.587682808360521,0.6438127090301003,0.6758187777830634,0.6438127090301003,0.6897636913351199,598,35,28,0.6116789429475997,0.6096591338555625,0.6342242276987158,28
V2-U,V2M-two_stage_user_local_reranker-v1,protocol_a_rollv2_cv3,1,2026,V2H-local-H2_E0,False,H2_E0_non_eeg,count_hist_std_rel_fallback0p05,count_history_context_std_fallback,0.2,0.025,0.85,100.0,,,0.75,1.0,0.75,12.0,0.05,0.818625106772511,0.10476581909313915,0.538234375,0.6471571906354515,0.6415097336525909,0.6471571906354515,0.6482444169587026,598,35,28,0.6220839525317138,0.6206517127052843,0.6300937174592155,28
V2-U,V2M-two_stage_user_local_reranker-v1,protocol_a_rollv2_cv3,2,2026,V2H-local-H2_E0,False,H2_E0_non_eeg,margin_power0p2_base0p025,v2s_reference,0.2,0.025,,,,,,,,,0.0,1.0,0.0,1.0,0.5736301369863014,0.5661336348836349,0.5736301369863014,0.5553978274811607,584,30,26,0.5585278003246754,0.5560777185777186,0.5811965811965812,26
V2-U,V2M-two_stage_user_local_reranker-v1,protocol_a_rollv2_cv3,2,2026,V2H-local-H2_E0,False,H2_E0_non_eeg,hist_rel_f0p80_cap90_base0p025,history_reliability,0.2,0.025,0.8,90.0,,,,,,,0.0,0.9739388264669163,0.025924592202257783,0.8555555555555556,0.5667808219178082,0.5674080549080549,0.5667808219178082,0.5559732243065576,584,30,26,0.5577118281024531,0.556772163022163,0.5730429496119872,26
V2-U,V2M-two_stage_user_local_reranker-v1,protocol_a_rollv2_cv3,2,2026,V2H-local-H2_E0,False,H2_E0_non_eeg,hist_rel_f0p70_cap100_base0p025,history_reliability,0.2,0.025,0.7,100.0,,,,,,,0.0,0.9380112359550562,0.03880750372883351,0.7749999999999999,0.5702054794520548,0.5675683113183113,0.5702054794520548,0.5561121131954465,584,30,26,0.5675358495670996,0.5648626836126835,0.5665701105031649,26
V2-U,V2M-two_stage_user_local_reranker-v1,protocol_a_rollv2_cv3,2,2026,V2H-local-H2_E0,False,H2_E0_non_eeg,pos_rel_f0p80_cap20_base0p025,session_position_reliability,0.2,0.025,,,0.8,20.0,,,,,0.0,0.9205337078651686,0.0635114471568677,0.81,0.571917808219178,0.5679142616642616,0.571917808219178,0.5638193442360108,584,30,26,0.5596623602092353,0.5579470066970066,0.5762972499374173,26
V2-U,V2M-two_stage_user_local_reranker-v1,protocol_a_rollv2_cv3,2,2026,V2H-local-H2_E0,False,H2_E0_non_eeg,std_rel_f0p70_ref1p0_base0p025,context_std_reliability,0.2,0.025,,,,,0.7,1.0,,,0.0,0.8550863842188141,0.07649228253422416,0.7,0.5787671232876712,0.5723658286158286,0.5787671232876712,0.5609974747474747,584,30,26,0.5743339646464647,0.5701204351204351,0.5684654722311626,26
V2-U,V2M-two_stage_user_local_reranker-v1,protocol_a_rollv2_cv3,2,2026,V2H-local-H2_E0,False,H2_E0_non_eeg,std_rel_f0p70_ref1p5_base0p025,context_std_reliability,0.2,0.025,,,,,0.7,1.5,,,0.0,0.8079452244380123,0.06163934439276861,0.7,0.5804794520547946,0.5739683927183926,0.5804794520547946,0.5623863636363636,584,30,26,0.5770509785353536,0.572983682983683,0.5720773879769696,26
V2-U,V2M-two_stage_user_local_reranker-v1,protocol_a_rollv2_cv3,2,2026,V2H-local-H2_E0,False,H2_E0_non_eeg,count_std_rel_f0p75_count12_std1p0_base0p025,context_count_std_reliability,0.2,0.025,,,,,0.75,1.0,0.75,12.0,0.0,0.8410019935615469,0.08562475470987012,0.578125,0.577054794520548,0.5709413271913272,0.577054794520548,0.5597629068462401,584,30,26,0.5786482007575757,0.5741126003626004,0.5809820119443551,26
V2-U,V2M-two_stage_user_local_reranker-v1,protocol_a_rollv2_cv3,2,2026,V2H-local-H2_E0,False,H2_E0_non_eeg,hist_std_rel_fallback0p05,history_context_std_fallback,0.2,0.025,0.85,100.0,,,0.75,1.0,,,0.05,0.8521477553568615,0.06610510609035637,0.72975,0.5821917808219178,0.5832556332556332,0.5821917808219178,0.572406204906205,584,30,26,0.5836432404401155,0.5815230602730602,0.5674283875120695,26
V2-U,V2M-two_stage_user_local_reranker-v1,protocol_a_rollv2_cv3,2,2026,V2H-local-H2_E0,False,H2_E0_non_eeg,pos_std_rel_fallback0p05,position_context_std_fallback,0.2,0.025,,,0.8,20.0,0.75,1.0,,,0.05,0.8099515760486288,0.08670271831403893,0.6075,0.5736301369863014,0.5730424667924667,0.5736301369863014,0.5682637886804555,584,30,26,0.5707786571067822,0.5677728752728752,0.5696813646604442,26
V2-U,V2M-two_stage_user_local_reranker-v1,protocol_a_rollv2_cv3,2,2026,V2H-local-H2_E0,False,H2_E0_non_eeg,hist_pos_std_rel_fallback0p05,history_position_context_std_fallback,0.2,0.025,0.85,100.0,0.85,20.0,0.75,1.0,,,0.05,0.801926254707091,0.08028567579438756,0.625760625,0.571917808219178,0.5720809283309283,0.571917808219178,0.5674304553471219,584,30,26,0.573650680916306,0.5705742405742404,0.5647462718592426,26
V2-U,V2M-two_stage_user_local_reranker-v1,protocol_a_rollv2_cv3,2,2026,V2H-local-H2_E0,False,H2_E0_non_eeg,hist_pos_std_rel_fallback0p10,history_position_context_std_fallback,0.2,0.025,0.85,100.0,0.85,20.0,0.75,1.0,,,0.1,0.801926254707091,0.08028567579438756,0.625760625,0.5804794520547946,0.5836931586931586,0.5804794520547946,0.5774943883277217,584,30,26,0.582906746031746,0.580538813038813,0.5683581876050495,26
V2-U,V2M-two_stage_user_local_reranker-v1,protocol_a_rollv2_cv3,2,2026,V2H-local-H2_E0,False,H2_E0_non_eeg,count_hist_std_rel_fallback0p05,count_history_context_std_fallback,0.2,0.025,0.85,100.0,,,0.75,1.0,0.75,12.0,0.05,0.8153828162292227,0.08869361063382164,0.5625156250000001,0.5856164383561644,0.5885975135975136,0.5856164383561644,0.5775649350649351,584,30,26,0.5908196924603175,0.588228576978577,0.5779422808711512,26
V2-U,V2M-two_stage_user_local_reranker-v1,protocol_a_rollv2_cv3,3,2026,V2H-local-H2_E0,False,H2_E0_non_eeg,margin_power0p2_base0p025,v2s_reference,0.2,0.025,,,,,,,,,0.0,1.0,0.0,1.0,0.6197411003236246,0.6746000133480784,0.6197411003236246,0.6537017545946118,618,28,24,0.6460955905011849,0.6666665972915973,0.6200834981322787,24
V2-U,V2M-two_stage_user_local_reranker-v1,protocol_a_rollv2_cv3,3,2026,V2H-local-H2_E0,False,H2_E0_non_eeg,hist_rel_f0p80_cap90_base0p025,history_reliability,0.2,0.025,0.8,90.0,,,,,,,0.0,0.9883348895113602,0.02043372847516129,0.8644444444444445,0.6229773462783171,0.679170032145071,0.6229773462783171,0.6579321967714825,618,28,24,0.6483808052863996,0.6691219544344543,0.6181791547645206,24
V2-U,V2M-two_stage_user_local_reranker-v1,protocol_a_rollv2_cv3,3,2026,V2H-local-H2_E0,False,H2_E0_non_eeg,hist_rel_f0p70_cap100_base0p025,history_reliability,0.2,0.025,0.7,100.0,,,,,,,0.0,0.968310924369748,0.0372885067789125,0.7869999999999999,0.627831715210356,0.6815535282785671,0.627831715210356,0.6599751934573365,618,28,24,0.6427769006440336,0.6640153712028711,0.6104885373178056,24
V2-U,V2M-two_stage_user_local_reranker-v1,protocol_a_rollv2_cv3,3,2026,V2H-local-H2_E0,False,H2_E0_non_eeg,pos_rel_f0p80_cap20_base0p025,session_position_reliability,0.2,0.025,,,0.8,20.0,,,,,0.0,0.9303081232492997,0.06357390781398536,0.81,0.6618122977346278,0.68873854104988,0.6618122977346278,0.6673843418486275,618,28,24,0.6825316389127578,0.6910968776593777,0.6271881637735296,24
V2-U,V2M-two_stage_user_local_reranker-v1,protocol_a_rollv2_cv3,3,2026,V2H-local-H2_E0,False,H2_E0_non_eeg,std_rel_f0p70_ref1p0_base0p025,context_std_reliability,0.2,0.025,,,,,0.7,1.0,,,0.0,0.8291242557130182,0.07078076906325767,0.7,0.6197411003236246,0.673297930014745,0.6197411003236246,0.652001074322503,618,28,24,0.6330045149101092,0.6538524438524439,0.6167508972387021,24
V2-U,V2M-two_stage_user_local_reranker-v1,protocol_a_rollv2_cv3,3,2026,V2H-local-H2_E0,False,H2_E0_non_eeg,std_rel_f0p70_ref1p5_base0p025,context_std_reliability,0.2,0.025,,,,,0.7,1.5,,,0.0,0.7902238696587395,0.05956968103943509,0.7,0.6197411003236246,0.673442605940671,0.6197411003236246,0.6522845210345212,618,28,24,0.6349178793234738,0.6552799129882463,0.6171171171171171,24
V2-U,V2M-two_stage_user_local_reranker-v1,protocol_a_rollv2_cv3,3,2026,V2H-local-H2_E0,False,H2_E0_non_eeg,count_std_rel_f0p75_count12_std1p0_base0p025,context_count_std_reliability,0.2,0.025,,,,,0.75,1.0,0.75,12.0,0.0,0.8281731046425379,0.0710294745386478,0.578125,0.6197411003236246,0.673297930014745,0.6197411003236246,0.652001074322503,618,28,24,0.6330045149101092,0.6538524438524439,0.6067897165458142,24
V2-U,V2M-two_stage_user_local_reranker-v1,protocol_a_rollv2_cv3,3,2026,V2H-local-H2_E0,False,H2_E0_non_eeg,hist_std_rel_fallback0p05,history_context_std_fallback,0.2,0.025,0.85,100.0,,,0.75,1.0,,,0.05,0.8437433006000858,0.05604977293991866,0.715125,0.6343042071197411,0.6868419898170286,0.6343042071197411,0.6640829904222763,618,28,24,0.6462496031551975,0.6662670161628496,0.6184721306672527,24
V2-U,V2M-two_stage_user_local_reranker-v1,protocol_a_rollv2_cv3,3,2026,V2H-local-H2_E0,False,H2_E0_non_eeg,pos_std_rel_fallback0p05,position_context_std_fallback,0.2,0.025,,,0.8,20.0,0.75,1.0,,,0.05,0.7979049814078668,0.07781302057652136,0.6408808063665541,0.6601941747572816,0.697095194483449,0.6601941747572816,0.6358300231514518,618,28,24,0.6825440002887556,0.7002188012604679,0.6282868234087746,24
V2-U,V2M-two_stage_user_local_reranker-v1,protocol_a_rollv2_cv3,3,2026,V2H-local-H2_E0,False,H2_E0_non_eeg,hist_pos_std_rel_fallback0p05,history_position_context_std_fallback,0.2,0.025,0.85,100.0,0.85,20.0,0.75,1.0,,,0.05,0.7998622544574768,0.06909169630213752,0.6507637500000001,0.6601941747572816,0.6976782361574996,0.6601941747572816,0.6699555041519327,618,28,24,0.6819985861069778,0.6999442301525635,0.6231231231231231,24
V2-U,V2M-two_stage_user_local_reranker-v1,protocol_a_rollv2_cv3,3,2026,V2H-local-H2_E0,False,H2_E0_non_eeg,hist_pos_std_rel_fallback0p10,history_position_context_std_fallback,0.2,0.025,0.85,100.0,0.85,20.0,0.75,1.0,,,0.1,0.7998622544574768,0.06909169630213752,0.6507637500000001,0.6601941747572816,0.6969993645904701,0.6601941747572816,0.6355390277711708,618,28,24,0.682474159484649,0.6995982219940554,0.6251373324544057,24
V2-U,V2M-two_stage_user_local_reranker-v1,protocol_a_rollv2_cv3,3,2026,V2H-local-H2_E0,False,H2_E0_non_eeg,count_hist_std_rel_fallback0p05,count_history_context_std_fallback,0.2,0.025,0.85,100.0,,,0.75,1.0,0.75,12.0,0.05,0.8151543708679333,0.07224495143625816,0.5512421875,0.6343042071197411,0.6868419898170286,0.6343042071197411,0.6640829904222763,618,28,24,0.644141988547583,0.6644537445579112,0.608034864132425,24
V2-U,V2M-two_stage_user_local_reranker-v1,protocol_a_rollv2_cv3,1,2027,V2H-local-H2_E0,False,H2_E0_non_eeg,margin_power0p2_base0p025,v2s_reference,0.2,0.025,,,,,,,,,0.0,1.0,0.0,1.0,0.6605351170568562,0.6485726442869301,0.6605351170568562,0.6606102521816807,598,35,28,0.6250325213758049,0.6242117175152889,0.6238458868448457,28
V2-U,V2M-two_stage_user_local_reranker-v1,protocol_a_rollv2_cv3,1,2027,V2H-local-H2_E0,False,H2_E0_non_eeg,hist_rel_f0p80_cap90_base0p025,history_reliability,0.2,0.025,0.8,90.0,,,,,,,0.0,0.9493346068131169,0.025042878757024368,0.8466666666666667,0.6538461538461539,0.6493626446305018,0.6538461538461539,0.6654089191232048,598,35,28,0.6252467101720832,0.6275121538514395,0.6210690732384588,28
V2-U,V2M-two_stage_user_local_reranker-v1,protocol_a_rollv2_cv3,1,2027,V2H-local-H2_E0,False,H2_E0_non_eeg,hist_rel_f0p70_cap100_base0p025,history_reliability,0.2,0.025,0.7,100.0,,,,,,,0.0,0.9016017191977077,0.0338078863219829,0.7629999999999999,0.657190635451505,0.6486587519623235,0.657190635451505,0.6636553287981859,598,35,28,0.6276975512050138,0.6297993326118325,0.6191947240541479,28
V2-U,V2M-two_stage_user_local_reranker-v1,protocol_a_rollv2_cv3,1,2027,V2H-local-H2_E0,False,H2_E0_non_eeg,pos_rel_f0p80_cap20_base0p025,session_position_reliability,0.2,0.025,,,0.8,20.0,,,,,0.0,0.9115759312320917,0.06521362817962645,0.81,0.637123745819398,0.6365270509913367,0.637123745819398,0.650790627362056,598,35,28,0.5881868794555363,0.5789319427265857,0.6167650121485596,28
V2-U,V2M-two_stage_user_local_reranker-v1,protocol_a_rollv2_cv3,1,2027,V2H-local-H2_E0,False,H2_E0_non_eeg,std_rel_f0p70_ref1p0_base0p025,context_std_reliability,0.2,0.025,,,,,0.7,1.0,,,0.0,0.8907239154040594,0.09009532531521743,0.7,0.6555183946488294,0.6437446019588877,0.6555183946488294,0.6567478183192469,598,35,28,0.6180401025177145,0.6120381536452966,0.6182922596320721,28
V2-U,V2M-two_stage_user_local_reranker-v1,protocol_a_rollv2_cv3,1,2027,V2H-local-H2_E0,False,H2_E0_non_eeg,std_rel_f0p70_ref1p5_base0p025,context_std_reliability,0.2,0.025,,,,,0.7,1.5,,,0.0,0.8359379239216818,0.07363776745036933,0.7,0.6555183946488294,0.6437446019588877,0.6555183946488294,0.6567478183192469,598,35,28,0.608545153022765,0.6039068405139834,0.619368274904547,28
V2-U,V2M-two_stage_user_local_reranker-v1,protocol_a_rollv2_cv3,1,2027,V2H-local-H2_E0,False,H2_E0_non_eeg,count_std_rel_f0p75_count12_std1p0_base0p025,context_count_std_reliability,0.2,0.025,,,,,0.75,1.0,0.75,12.0,0.0,0.8604635229122052,0.10621561752249106,0.578125,0.6555183946488294,0.6437446019588877,0.6555183946488294,0.6567478183192469,598,35,28,0.627561758308027,0.6258239710025426,0.6177021867407151,28
V2-U,V2M-two_stage_user_local_reranker-v1,protocol_a_rollv2_cv3,1,2027,V2H-local-H2_E0,False,H2_E0_non_eeg,hist_std_rel_fallback0p05,history_context_std_fallback,0.2,0.025,0.85,100.0,,,0.75,1.0,,,0.05,0.8647520630425224,0.07874447897093644,0.6673728684176276,0.6588628762541806,0.650478823425252,0.6588628762541806,0.6615399573971003,598,35,28,0.6235943658331717,0.6193100219885935,0.6180145782714336,28
V2-U,V2M-two_stage_user_local_reranker-v1,protocol_a_rollv2_cv3,1,2027,V2H-local-H2_E0,False,H2_E0_non_eeg,pos_std_rel_fallback0p05,position_context_std_fallback,0.2,0.025,,,0.8,20.0,0.75,1.0,,,0.05,0.8286622681699295,0.09044894470668317,0.6075,0.6387959866220736,0.635927270480842,0.6387959866220736,0.642755857898715,598,35,28,0.5897375675733885,0.5823467240431527,0.6170426935091982,28
V2-U,V2M-two_stage_user_local_reranker-v1,protocol_a_rollv2_cv3,1,2027,V2H-local-H2_E0,False,H2_E0_non_eeg,hist_pos_std_rel_fallback0p05,history_position_context_std_fallback,0.2,0.025,0.85,100.0,0.85,20.0,0.75,1.0,,,0.05,0.8076266321434238,0.08613347409999825,0.5722722346681156,0.6337792642140468,0.623798113262399,0.6337792642140468,0.6324572940287226,598,35,28,0.5937449118046133,0.5867035362124647,0.6145435612634502,28
V2-U,V2M-two_stage_user_local_reranker-v1,protocol_a_rollv2_cv3,1,2027,V2H-local-H2_E0,False,H2_E0_non_eeg,hist_pos_std_rel_fallback0p10,history_position_context_std_fallback,0.2,0.025,0.85,100.0,0.85,20.0,0.75,1.0,,,0.1,0.8076266321434238,0.08613347409999825,0.5722722346681156,0.6354515050167224,0.626221582650154,0.6354515050167224,0.6343960695389267,598,35,28,0.5927036893454803,0.5853855090015804,0.6151683443248872,28
V2-U,V2M-two_stage_user_local_reranker-v1,protocol_a_rollv2_cv3,1,2027,V2H-local-H2_E0,False,H2_E0_non_eeg,count_hist_std_rel_fallback0p05,count_history_context_std_fallback,0.2,0.025,0.85,100.0,,,0.75,1.0,0.75,12.0,0.05,0.8190608623493025,0.10853944754738445,0.538234375,0.657190635451505,0.6482466805681091,0.657190635451505,0.6472542431113859,598,35,28,0.6300291830888846,0.6300858285233285,0.6162096494272822,28
V2-U,V2M-two_stage_user_local_reranker-v1,protocol_a_rollv2_cv3,2,2027,V2H-local-H2_E0,False,H2_E0_non_eeg,margin_power0p2_base0p025,v2s_reference,0.2,0.025,,,,,,,,,0.0,1.0,0.0,1.0,0.5753424657534246,0.5688681688681689,0.5753424657534246,0.5692624659291325,584,30,26,0.5664878697691198,0.5623455248455248,0.5928548439008691,26
V2-U,V2M-two_stage_user_local_reranker-v1,protocol_a_rollv2_cv3,2,2027,V2H-local-H2_E0,False,H2_E0_non_eeg,hist_rel_f0p80_cap90_base0p025,history_reliability,0.2,0.025,0.8,90.0,,,,,,,0.0,0.9739388264669163,0.025924592202257783,0.8555555555555556,0.583904109589041,0.5817929755429756,0.583904109589041,0.5804639650472984,584,30,26,0.5794021690115441,0.5765079827579828,0.5881343203518935,26
V2-U,V2M-two_stage_user_local_reranker-v1,protocol_a_rollv2_cv3,2,2027,V2H-local-H2_E0,False,H2_E0_non_eeg,hist_rel_f0p70_cap100_base0p025,history_reliability,0.2,0.025,0.7,100.0,,,,,,,0.0,0.9380112359550562,0.03880750372883351,0.7749999999999999,0.5856164383561644,0.5800123487623488,0.5856164383561644,0.5789207551707551,584,30,26,0.5764556277056279,0.5724754412254411,0.5828058505882774,26
V2-U,V2M-two_stage_user_local_reranker-v1,protocol_a_rollv2_cv3,2,2027,V2H-local-H2_E0,False,H2_E0_non_eeg,pos_rel_f0p80_cap20_base0p025,session_position_reliability,0.2,0.025,,,0.8,20.0,,,,,0.0,0.9205337078651686,0.0635114471568677,0.81,0.5736301369863014,0.5774736837236838,0.5736301369863014,0.5747496793330128,584,30,26,0.5635833784271284,0.5621784234284235,0.5989343060472767,26
V2-U,V2M-two_stage_user_local_reranker-v1,protocol_a_rollv2_cv3,2,2027,V2H-local-H2_E0,False,H2_E0_non_eeg,std_rel_f0p70_ref1p0_base0p025,context_std_reliability,0.2,0.025,,,,,0.7,1.0,,,0.0,0.8437666078734261,0.0779923858740117,0.7,0.5821917808219178,0.5777738465238466,0.5821917808219178,0.5769807198973866,584,30,26,0.5797284226190477,0.5752925777925778,0.5844151199799735,26
V2-U,V2M-two_stage_user_local_reranker-v1,protocol_a_rollv2_cv3,2,2027,V2H-local-H2_E0,False,H2_E0_non_eeg,std_rel_f0p70_ref1p5_base0p025,context_std_reliability,0.2,0.025,,,,,0.7,1.5,,,0.0,0.7992598744986423,0.06095056540853967,0.7,0.5821917808219178,0.5777738465238466,0.5821917808219178,0.5769807198973866,584,30,26,0.5757874503968254,0.5719165094165095,0.5863820047920466,26
V2-U,V2M-two_stage_user_local_reranker-v1,protocol_a_rollv2_cv3,2,2027,V2H-local-H2_E0,False,H2_E0_non_eeg,count_std_rel_f0p75_count12_std1p0_base0p025,context_count_std_reliability,0.2,0.025,,,,,0.75,1.0,0.75,12.0,0.0,0.831823791083499,0.08485255668705471,0.578125,0.583904109589041,0.5790558978058978,0.583904109589041,0.5780918310084977,584,30,26,0.5824454365079365,0.5764357401857402,0.5975038443657692,26
V2-U,V2M-two_stage_user_local_reranker-v1,protocol_a_rollv2_cv3,2,2027,V2H-local-H2_E0,False,H2_E0_non_eeg,hist_std_rel_fallback0p05,history_context_std_fallback,0.2,0.025,0.85,100.0,,,0.75,1.0,,,0.05,0.8429724976225543,0.06685225601104543,0.7153336214467808,0.589041095890411,0.5900906963406963,0.589041095890411,0.5876553230719899,584,30,26,0.5836607142857143,0.5809122359122358,0.5829846582984658,26
V2-U,V2M-two_stage_user_local_reranker-v1,protocol_a_rollv2_cv3,2,2027,V2H-local-H2_E0,False,H2_E0_non_eeg,pos_std_rel_fallback0p05,position_context_std_fallback,0.2,0.025,,,0.8,20.0,0.75,1.0,,,0.05,0.801220018357847,0.08643297044255134,0.6075,0.5787671232876712,0.5800555925555926,0.5787671232876712,0.5769873336540002,584,30,26,0.583506718975469,0.5794549432049433,0.5943925902084898,26
V2-U,V2M-two_stage_user_local_reranker-v1,protocol_a_rollv2_cv3,2,2027,V2H-local-H2_E0,False,H2_E0_non_eeg,hist_pos_std_rel_fallback0p05,history_position_context_std_fallback,0.2,0.025,0.85,100.0,0.85,20.0,0.75,1.0,,,0.05,0.7932671498757395,0.08021346091015939,0.625760625,0.583904109589041,0.5854788729788729,0.583904109589041,0.5811584094917428,584,30,26,0.5891628336940836,0.5848414548414549,0.5878482280155921,26
V2-U,V2M-two_stage_user_local_reranker-v1,protocol_a_rollv2_cv3,2,2027,V2H-local-H2_E0,False,H2_E0_non_eeg,hist_pos_std_rel_fallback0p10,history_position_context_std_fallback,0.2,0.025,0.85,100.0,0.85,20.0,0.75,1.0,,,0.1,0.7932671498757395,0.08021346091015939,0.625760625,0.5873287671232876,0.5914592352092352,0.5873287671232876,0.5888413900913901,584,30,26,0.5934039051226552,0.5901197413697413,0.5903872975002682,26
V2-U,V2M-two_stage_user_local_reranker-v1,protocol_a_rollv2_cv3,2,2027,V2H-local-H2_E0,False,H2_E0_non_eeg,count_hist_std_rel_fallback0p05,count_history_context_std_fallback,0.2,0.025,0.85,100.0,,,0.75,1.0,0.75,12.0,0.05,0.8064576195722837,0.08779260402957925,0.5625156250000001,0.5873287671232876,0.5858171920671921,0.5873287671232876,0.5820997675164342,584,30,26,0.5903360615079365,0.5861579624079624,0.5963594750205629,26
V2-U,V2M-two_stage_user_local_reranker-v1,protocol_a_rollv2_cv3,3,2027,V2H-local-H2_E0,False,H2_E0_non_eeg,margin_power0p2_base0p025,v2s_reference,0.2,0.025,,,,,,,,,0.0,1.0,0.0,1.0,0.5679611650485437,0.6074353441058807,0.5679611650485437,0.601075901611616,618,28,24,0.5861256847270834,0.6040605536438869,0.6496740643082107,24
V2-U,V2M-two_stage_user_local_reranker-v1,protocol_a_rollv2_cv3,3,2027,V2H-local-H2_E0,False,H2_E0_non_eeg,hist_rel_f0p80_cap90_base0p025,history_reliability,0.2,0.025,0.8,90.0,,,,,,,0.0,0.9883348895113602,0.02043372847516129,0.8644444444444445,0.5679611650485437,0.6070241598953544,0.5679611650485437,0.6008278857385999,618,28,24,0.585313996415395,0.6029444822153155,0.6498571742474182,24
V2-U,V2M-two_stage_user_local_reranker-v1,protocol_a_rollv2_cv3,3,2027,V2H-local-H2_E0,False,H2_E0_non_eeg,hist_rel_f0p70_cap100_base0p025,history_reliability,0.2,0.025,0.7,100.0,,,,,,,0.0,0.968310924369748,0.0372885067789125,0.7869999999999999,0.5776699029126213,0.6182422582458057,0.5776699029126213,0.6163607655571941,618,28,24,0.5898816509830496,0.6078469293052626,0.6486120266608071,24
V2-U,V2M-two_stage_user_local_reranker-v1,protocol_a_rollv2_cv3,3,2027,V2H-local-H2_E0,False,H2_E0_non_eeg,pos_rel_f0p80_cap20_base0p025,session_position_reliability,0.2,0.025,,,0.8,20.0,,,,,0.0,0.9303081232492997,0.06357390781398536,0.81,0.6326860841423948,0.6654172950038534,0.6326860841423948,0.6643064012706869,618,28,24,0.6515614339040912,0.6667359954859955,0.6562660221196808,24
V2-U,V2M-two_stage_user_local_reranker-v1,protocol_a_rollv2_cv3,3,2027,V2H-local-H2_E0,False,H2_E0_non_eeg,std_rel_f0p70_ref1p0_base0p025,context_std_reliability,0.2,0.025,,,,,0.7,1.0,,,0.0,0.8266286361398809,0.05912297719452888,0.7,0.56957928802589,0.6106404723110089,0.56957928802589,0.6038231543588687,618,28,24,0.582645617785478,0.6008613608613609,0.6486486486486487,24
V2-U,V2M-two_stage_user_local_reranker-v1,protocol_a_rollv2_cv3,3,2027,V2H-local-H2_E0,False,H2_E0_non_eeg,std_rel_f0p70_ref1p5_base0p025,context_std_reliability,0.2,0.025,,,,,0.7,1.5,,,0.0,0.7883406593873715,0.05326220424208846,0.7,0.56957928802589,0.6106404723110089,0.56957928802589,0.6038231543588687,618,28,24,0.5849904951303553,0.6031210610377277,0.6487585146121732,24
V2-U,V2M-two_stage_user_local_reranker-v1,protocol_a_rollv2_cv3,3,2027,V2H-local-H2_E0,False,H2_E0_non_eeg,count_std_rel_f0p75_count12_std1p0_base0p025,context_count_std_reliability,0.2,0.025,,,,,0.75,1.0,0.75,12.0,0.0,0.8263127767286363,0.06585562447778283,0.578125,0.5679611650485437,0.6074353441058807,0.5679611650485437,0.601075901611616,618,28,24,0.5752337988351974,0.5940848040848041,0.6434483263751557,24
V2-U,V2M-two_stage_user_local_reranker-v1,protocol_a_rollv2_cv3,3,2027,V2H-local-H2_E0,False,H2_E0_non_eeg,hist_std_rel_fallback0p05,history_context_std_fallback,0.2,0.025,0.85,100.0,,,0.75,1.0,,,0.05,0.8419081753662198,0.049881547020071804,0.6965905623681552,0.5663430420711975,0.6099167881004827,0.5663430420711975,0.6040513289620433,618,28,24,0.5810805162203764,0.5991379261170928,0.6511755658097121,24
V2-U,V2M-two_stage_user_local_reranker-v1,protocol_a_rollv2_cv3,3,2027,V2H-local-H2_E0,False,H2_E0_non_eeg,pos_std_rel_fallback0p05,position_context_std_fallback,0.2,0.025,,,0.8,20.0,0.75,1.0,,,0.05,0.7957314457218863,0.0690596280670895,0.6510780249609681,0.6294498381877023,0.6615869069822888,0.6294498381877023,0.6559811947311948,618,28,24,0.6503761681209232,0.6650589688089689,0.6609902585512341,24
V2-U,V2M-two_stage_user_local_reranker-v1,protocol_a_rollv2_cv3,3,2027,V2H-local-H2_E0,False,H2_E0_non_eeg,hist_pos_std_rel_fallback0p05,history_position_context_std_fallback,0.2,0.025,0.85,100.0,0.85,20.0,0.75,1.0,,,0.05,0.7979460704085168,0.06251480547573719,0.6391218409727824,0.627831715210356,0.6572449757653577,0.627831715210356,0.651515491783349,618,28,24,0.6420761348208901,0.6567239820364821,0.6577675236211822,24
V2-U,V2M-two_stage_user_local_reranker-v1,protocol_a_rollv2_cv3,3,2027,V2H-local-H2_E0,False,H2_E0_non_eeg,hist_pos_std_rel_fallback0p10,history_position_context_std_fallback,0.2,0.025,0.85,100.0,0.85,20.0,0.75,1.0,,,0.1,0.7979460704085168,0.06251480547573719,0.6391218409727824,0.6262135922330098,0.6576742897911628,0.6262135922330098,0.6519879029700458,618,28,24,0.6415807968255521,0.6565972183680516,0.6597084889767816,24
V2-U,V2M-two_stage_user_local_reranker-v1,protocol_a_rollv2_cv3,3,2027,V2H-local-H2_E0,False,H2_E0_non_eeg,count_hist_std_rel_fallback0p05,count_history_context_std_fallback,0.2,0.025,0.85,100.0,,,0.75,1.0,0.75,12.0,0.05,0.81352019050537,0.06959767348039611,0.5512421875,0.5663430420711975,0.6101747860364991,0.5663430420711975,0.6050433924541068,618,28,24,0.576225648865509,0.5943484640359641,0.6446934739617667,24
V2-U,V2M-two_stage_user_local_reranker-v1,protocol_a_rollv2_cv3,1,2028,V2H-local-H2_E0,False,H2_E0_non_eeg,margin_power0p2_base0p025,v2s_reference,0.2,0.025,,,,,,,,,0.0,1.0,0.0,1.0,0.6438127090301003,0.6619073750323752,0.6438127090301003,0.6647609427609428,598,35,28,0.6214456936098728,0.6195734985913558,0.6326622700451232,28
V2-U,V2M-two_stage_user_local_reranker-v1,protocol_a_rollv2_cv3,1,2028,V2H-local-H2_E0,False,H2_E0_non_eeg,hist_rel_f0p80_cap90_base0p025,history_reliability,0.2,0.025,0.8,90.0,,,,,,,0.0,0.9493346068131169,0.025042878757024368,0.8466666666666667,0.637123745819398,0.6608289891325606,0.637123745819398,0.6638982340410912,598,35,28,0.6236771768861321,0.625814222153508,0.6262408885803541,28
V2-U,V2M-two_stage_user_local_reranker-v1,protocol_a_rollv2_cv3,1,2028,V2H-local-H2_E0,False,H2_E0_non_eeg,hist_rel_f0p70_cap100_base0p025,history_reliability,0.2,0.025,0.7,100.0,,,,,,,0.0,0.9016017191977077,0.0338078863219829,0.7629999999999999,0.6354515050167224,0.6614714683464683,0.6354515050167224,0.6644122174122173,598,35,28,0.6222474209041373,0.625071355562427,0.6241929885456439,28
V2-U,V2M-two_stage_user_local_reranker-v1,protocol_a_rollv2_cv3,1,2028,V2H-local-H2_E0,False,H2_E0_non_eeg,pos_rel_f0p80_cap20_base0p025,session_position_reliability,0.2,0.025,,,0.8,20.0,,,,,0.0,0.9115759312320917,0.06521362817962645,0.81,0.6287625418060201,0.6517294577116007,0.6287625418060201,0.6524366797223939,598,35,28,0.5925983717774762,0.58289214423143,0.6279763970843457,28
V2-U,V2M-two_stage_user_local_reranker-v1,protocol_a_rollv2_cv3,1,2028,V2H-local-H2_E0,False,H2_E0_non_eeg,std_rel_f0p70_ref1p0_base0p025,context_std_reliability,0.2,0.025,,,,,0.7,1.0,,,0.0,0.8707682961686501,0.08567086249073931,0.7,0.6471571906354515,0.6645859464609466,0.6471571906354515,0.6669037999037999,598,35,28,0.6166893885550602,0.614115152374081,0.6228740020826102,28
V2-U,V2M-two_stage_user_local_reranker-v1,protocol_a_rollv2_cv3,1,2028,V2H-local-H2_E0,False,H2_E0_non_eeg,std_rel_f0p70_ref1p5_base0p025,context_std_reliability,0.2,0.025,,,,,0.7,1.5,,,0.0,0.8192624856547709,0.06694099166146016,0.7,0.6471571906354515,0.6645859464609466,0.6471571906354515,0.6669037999037999,598,35,28,0.6096229889513471,0.6085621736068164,0.6235682054842069,28
V2-U,V2M-two_stage_user_local_reranker-v1,protocol_a_rollv2_cv3,1,2028,V2H-local-H2_E0,False,H2_E0_non_eeg,count_std_rel_f0p75_count12_std1p0_base0p025,context_count_std_reliability,0.2,0.025,,,,,0.75,1.0,0.75,12.0,0.0,0.8442439252578997,0.09944951855349278,0.578125,0.6454849498327759,0.6636930893180895,0.6454849498327759,0.6661895141895142,598,35,28,0.6359707953737804,0.6382429095375525,0.619784796945505,28
V2-U,V2M-two_stage_user_local_reranker-v1,protocol_a_rollv2_cv3,1,2028,V2H-local-H2_E0,False,H2_E0_non_eeg,hist_std_rel_fallback0p05,history_context_std_fallback,0.2,0.025,0.85,100.0,,,0.75,1.0,,,0.05,0.8488110783662554,0.07406407851198615,0.6810357684679226,0.6471571906354515,0.6655591135055422,0.6471571906354515,0.6676823335394764,598,35,28,0.6157772824190735,0.6132069418676561,0.6225963207219716,28
V2-U,V2M-two_stage_user_local_reranker-v1,protocol_a_rollv2_cv3,1,2028,V2H-local-H2_E0,False,H2_E0_non_eeg,pos_std_rel_fallback0p05,position_context_std_fallback,0.2,0.025,,,0.8,20.0,0.75,1.0,,,0.05,0.8133323096012492,0.08578367715390002,0.6075,0.6337792642140468,0.6515735620199907,0.6337792642140468,0.652311963169106,598,35,28,0.5912312894402447,0.5825007945097231,0.622075668170774,28
V2-U,V2M-two_stage_user_local_reranker-v1,protocol_a_rollv2_cv3,1,2028,V2H-local-H2_E0,False,H2_E0_non_eeg,hist_pos_std_rel_fallback0p05,history_position_context_std_fallback,0.2,0.025,0.85,100.0,0.85,20.0,0.75,1.0,,,0.05,0.7926194275526073,0.08093689997800668,0.5839881714612436,0.637123745819398,0.6575779082029084,0.637123745819398,0.6571154401154401,598,35,28,0.6036571471646098,0.5981371753246754,0.6205137105171815,28
V2-U,V2M-two_stage_user_local_reranker-v1,protocol_a_rollv2_cv3,1,2028,V2H-local-H2_E0,False,H2_E0_non_eeg,hist_pos_std_rel_fallback0p10,history_position_context_std_fallback,0.2,0.025,0.85,100.0,0.85,20.0,0.75,1.0,,,0.1,0.7926194275526073,0.08093689997800668,0.5839881714612436,0.6387959866220736,0.6614469558219561,0.6387959866220736,0.6602106782106782,598,35,28,0.6047067691843812,0.5995170454545454,0.6207219715376605,28
V2-U,V2M-two_stage_user_local_reranker-v1,protocol_a_rollv2_cv3,1,2028,V2H-local-H2_E0,False,H2_E0_non_eeg,count_hist_std_rel_fallback0p05,count_history_context_std_fallback,0.2,0.025,0.85,100.0,,,0.75,1.0,0.75,12.0,0.05,0.8035103548731186,0.10149109194700065,0.538234375,0.6471571906354515,0.6655591135055422,0.6471571906354515,0.6676823335394764,598,35,28,0.6407966660205465,0.6433118815708101,0.6182575494619923,28
V2-U,V2M-two_stage_user_local_reranker-v1,protocol_a_rollv2_cv3,2,2028,V2H-local-H2_E0,False,H2_E0_non_eeg,margin_power0p2_base0p025,v2s_reference,0.2,0.025,,,,,,,,,0.0,1.0,0.0,1.0,0.5565068493150684,0.5549004236504237,0.5565068493150684,0.5382549703383037,584,30,26,0.5488307178932178,0.5456402393902393,0.5925687515645675,26
V2-U,V2M-two_stage_user_local_reranker-v1,protocol_a_rollv2_cv3,2,2028,V2H-local-H2_E0,False,H2_E0_non_eeg,hist_rel_f0p80_cap90_base0p025,history_reliability,0.2,0.025,0.8,90.0,,,,,,,0.0,0.9739388264669163,0.025924592202257783,0.8555555555555556,0.553082191780822,0.5458573833573834,0.553082191780822,0.537295975629309,584,30,26,0.5450854527417028,0.5413424538424538,0.5829846582984658,26
V2-U,V2M-two_stage_user_local_reranker-v1,protocol_a_rollv2_cv3,2,2028,V2H-local-H2_E0,False,H2_E0_non_eeg,hist_rel_f0p70_cap100_base0p025,history_reliability,0.2,0.025,0.7,100.0,,,,,,,0.0,0.9380112359550562,0.03880750372883351,0.7749999999999999,0.5565068493150684,0.5532291782291782,0.5565068493150684,0.5508938592271926,584,30,26,0.5539805420274171,0.551034151034151,0.575403211386475,26
V2-U,V2M-two_stage_user_local_reranker-v1,protocol_a_rollv2_cv3,2,2028,V2H-local-H2_E0,False,H2_E0_non_eeg,pos_rel_f0p80_cap20_base0p025,session_position_reliability,0.2,0.025,,,0.8,20.0,,,,,0.0,0.9205337078651686,0.0635114471568677,0.81,0.5736301369863014,0.5662150349650349,0.5736301369863014,0.5621482683982684,584,30,26,0.5672966269841271,0.563269092019092,0.5885992203983835,26
V2-U,V2M-two_stage_user_local_reranker-v1,protocol_a_rollv2_cv3,2,2028,V2H-local-H2_E0,False,H2_E0_non_eeg,std_rel_f0p70_ref1p0_base0p025,context_std_reliability,0.2,0.025,,,,,0.7,1.0,,,0.0,0.8507130629746029,0.07908990900294709,0.7,0.5547945205479452,0.5534759222259222,0.5547945205479452,0.537020402437069,584,30,26,0.5629849837662337,0.5595759333259334,0.5766906268998319,26
V2-U,V2M-two_stage_user_local_reranker-v1,protocol_a_rollv2_cv3,2,2028,V2H-local-H2_E0,False,H2_E0_non_eeg,std_rel_f0p70_ref1p5_base0p025,context_std_reliability,0.2,0.025,,,,,0.7,1.5,,,0.0,0.8047044198586504,0.06273222664062333,0.7,0.5582191780821918,0.5565029877529878,0.5582191780821918,0.5396438592271925,584,30,26,0.5618738726551228,0.5586286398786398,0.5866323355863104,26
V2-U,V2M-two_stage_user_local_reranker-v1,protocol_a_rollv2_cv3,2,2028,V2H-local-H2_E0,False,H2_E0_non_eeg,count_std_rel_f0p75_count12_std1p0_base0p025,context_count_std_reliability,0.2,0.025,,,,,0.75,1.0,0.75,12.0,0.0,0.8373216165186255,0.08555580033114649,0.578125,0.5565068493150684,0.5549004236504237,0.5565068493150684,0.5382549703383037,584,30,26,0.5629068587662338,0.5588743663743664,0.5904945821263813,26
V2-U,V2M-two_stage_user_local_reranker-v1,protocol_a_rollv2_cv3,2,2028,V2H-local-H2_E0,False,H2_E0_non_eeg,hist_std_rel_fallback0p05,history_context_std_fallback,0.2,0.025,0.85,100.0,,,0.75,1.0,,,0.05,0.8486844326125349,0.06899774163514581,0.72975,0.565068493150685,0.5625087875087875,0.565068493150685,0.5517271925605258,584,30,26,0.5666432178932179,0.5639094701594701,0.5788720809641311,26
V2-U,V2M-two_stage_user_local_reranker-v1,protocol_a_rollv2_cv3,2,2028,V2H-local-H2_E0,False,H2_E0_non_eeg,pos_std_rel_fallback0p05,position_context_std_fallback,0.2,0.025,,,0.8,20.0,0.75,1.0,,,0.05,0.8065334124871946,0.08748252364695301,0.6075,0.5753424657534246,0.5698322510822511,0.5753424657534246,0.5652831890331889,584,30,26,0.5782192460317461,0.5732248307248308,0.5790508886743196,26
V2-U,V2M-two_stage_user_local_reranker-v1,protocol_a_rollv2_cv3,2,2028,V2H-local-H2_E0,False,H2_E0_non_eeg,hist_pos_std_rel_fallback0p05,history_position_context_std_fallback,0.2,0.025,0.85,100.0,0.85,20.0,0.75,1.0,,,0.05,0.7986244293522389,0.08202506594177175,0.625760625,0.5736301369863014,0.5691912254412255,0.5736301369863014,0.5647276334776336,584,30,26,0.5767695932539684,0.5720816683316683,0.5743303651253442,26
V2-U,V2M-two_stage_user_local_reranker-v1,protocol_a_rollv2_cv3,2,2028,V2H-local-H2_E0,False,H2_E0_non_eeg,hist_pos_std_rel_fallback0p10,history_position_context_std_fallback,0.2,0.025,0.85,100.0,0.85,20.0,0.75,1.0,,,0.1,0.7986244293522389,0.08202506594177175,0.625760625,0.5702054794520548,0.5675199800199799,0.5702054794520548,0.5632792207792207,584,30,26,0.5742671130952381,0.5704485791985792,0.578550227085792,26
V2-U,V2M-two_stage_user_local_reranker-v1,protocol_a_rollv2_cv3,2,2028,V2H-local-H2_E0,False,H2_E0_non_eeg,count_hist_std_rel_fallback0p05,count_history_context_std_fallback,0.2,0.025,0.85,100.0,,,0.75,1.0,0.75,12.0,0.05,0.8118824390063842,0.08931555628571142,0.5625156250000001,0.5667808219178082,0.5644318644318644,0.5667808219178082,0.5558938592271925,584,30,26,0.5713220373376624,0.5673603248603248,0.5859528662875944,26
V2-U,V2M-two_stage_user_local_reranker-v1,protocol_a_rollv2_cv3,3,2028,V2H-local-H2_E0,False,H2_E0_non_eeg,margin_power0p2_base0p025,v2s_reference,0.2,0.025,,,,,,,,,0.0,1.0,0.0,1.0,0.5614886731391586,0.5914852300859138,0.5614886731391586,0.5703475525796955,618,28,24,0.56636670439118,0.5850929780096447,0.589430894308943,24
V2-U,V2M-two_stage_user_local_reranker-v1,protocol_a_rollv2_cv3,3,2028,V2H-local-H2_E0,False,H2_E0_non_eeg,hist_rel_f0p80_cap90_base0p025,history_reliability,0.2,0.025,0.8,90.0,,,,,,,0.0,0.9883348895113602,0.02043372847516129,0.8644444444444445,0.5728155339805825,0.6043588493191822,0.5728155339805825,0.5815909388230817,618,28,24,0.5768839649084405,0.5965568228068228,0.5890280524426866,24
V2-U,V2M-two_stage_user_local_reranker-v1,protocol_a_rollv2_cv3,3,2028,V2H-local-H2_E0,False,H2_E0_non_eeg,hist_rel_f0p70_cap100_base0p025,history_reliability,0.2,0.025,0.7,100.0,,,,,,,0.0,0.968310924369748,0.0372885067789125,0.7869999999999999,0.587378640776699,0.6197590822681122,0.587378640776699,0.6059862525041096,618,28,24,0.58395883448331,0.6034075723659057,0.5828389364974731,24
V2-U,V2M-two_stage_user_local_reranker-v1,protocol_a_rollv2_cv3,3,2028,V2H-local-H2_E0,False,H2_E0_non_eeg,pos_rel_f0p80_cap20_base0p025,session_position_reliability,0.2,0.025,,,0.8,20.0,,,,,0.0,0.9303081232492997,0.06357390781398536,0.81,0.6197411003236246,0.6494376689916551,0.6197411003236246,0.5989610686932115,618,28,24,0.6395567718994293,0.6547535219410219,0.5922874093605801,24
V2-U,V2M-two_stage_user_local_reranker-v1,protocol_a_rollv2_cv3,3,2028,V2H-local-H2_E0,False,H2_E0_non_eeg,std_rel_f0p70_ref1p0_base0p025,context_std_reliability,0.2,0.025,,,,,0.7,1.0,,,0.0,0.812926693936944,0.05853043698614136,0.7,0.5598705501618123,0.5891789256196828,0.5598705501618123,0.5676548088155231,618,28,24,0.5597094727339482,0.5784351296851297,0.5841207060719257,24
V2-U,V2M-two_stage_user_local_reranker-v1,protocol_a_rollv2_cv3,3,2028,V2H-local-H2_E0,False,H2_E0_non_eeg,std_rel_f0p70_ref1p5_base0p025,context_std_reliability,0.2,0.025,,,,,0.7,1.5,,,0.0,0.7792060312520801,0.053642542582509674,0.7,0.5614886731391586,0.5904810089530161,0.5614886731391586,0.5689303190196048,618,28,24,0.5606807237051992,0.5792067346234013,0.5849996337801215,24
V2-U,V2M-two_stage_user_local_reranker-v1,protocol_a_rollv2_cv3,3,2028,V2H-local-H2_E0,False,H2_E0_non_eeg,count_std_rel_f0p75_count12_std1p0_base0p025,context_count_std_reliability,0.2,0.025,,,,,0.75,1.0,0.75,12.0,0.0,0.8152821045458001,0.06545533041570503,0.578125,0.5598705501618123,0.5891789256196828,0.5598705501618123,0.5676548088155231,618,28,24,0.5616519746764501,0.5799783395616729,0.5754412949534901,24
V2-U,V2M-two_stage_user_local_reranker-v1,protocol_a_rollv2_cv3,3,2028,V2H-local-H2_E0,False,H2_E0_non_eeg,hist_std_rel_fallback0p05,history_context_std_fallback,0.2,0.025,0.85,100.0,,,0.75,1.0,,,0.05,0.8306877346142847,0.04996414299318011,0.715125,0.580906148867314,0.6129517760122766,0.580906148867314,0.5895109123680552,618,28,24,0.5781271661516416,0.5978106808315142,0.5849996337801215,24
V2-U,V2M-two_stage_user_local_reranker-v1,protocol_a_rollv2_cv3,3,2028,V2H-local-H2_E0,False,H2_E0_non_eeg,pos_std_rel_fallback0p05,position_context_std_fallback,0.2,0.025,,,0.8,20.0,0.75,1.0,,,0.05,0.7856034366063954,0.07379420235639463,0.6414045316231941,0.6245954692556634,0.6531592751802052,0.6245954692556634,0.6022329026793312,618,28,24,0.6431294618357556,0.658733800921301,0.5914084816523841,24
V2-U,V2M-two_stage_user_local_reranker-v1,protocol_a_rollv2_cv3,3,2028,V2H-local-H2_E0,False,H2_E0_non_eeg,hist_pos_std_rel_fallback0p05,history_position_context_std_fallback,0.2,0.025,0.85,100.0,0.85,20.0,0.75,1.0,,,0.05,0.7876737786830239,0.06671337918344725,0.6507637500000001,0.6197411003236246,0.6516917015744738,0.6197411003236246,0.601614602328888,618,28,24,0.6390239713666287,0.6553421462796463,0.5896872482238336,24
V2-U,V2M-two_stage_user_local_reranker-v1,protocol_a_rollv2_cv3,3,2028,V2H-local-H2_E0,False,H2_E0_non_eeg,hist_pos_std_rel_fallback0p10,history_position_context_std_fallback,0.2,0.025,0.85,100.0,0.85,20.0,0.75,1.0,,,0.1,0.7876737786830239,0.06671337918344725,0.6507637500000001,0.616504854368932,0.6451653768189823,0.616504854368932,0.5952765620622765,618,28,24,0.6334445760145061,0.6494358612066945,0.5914084816523841,24
V2-U,V2M-two_stage_user_local_reranker-v1,protocol_a_rollv2_cv3,3,2028,V2H-local-H2_E0,False,H2_E0_non_eeg,count_hist_std_rel_fallback0p05,count_history_context_std_fallback,0.2,0.025,0.85,100.0,,,0.75,1.0,0.75,12.0,0.05,0.8026831859142898,0.06970534676019959,0.5512421875,0.580906148867314,0.6129517760122766,0.580906148867314,0.5895109123680552,618,28,24,0.5800696680941436,0.5993538907080573,0.5753314289899656,24
V2-U,V2M-two_stage_user_local_reranker-v1,protocol_a_rollv2_cv3,1,2029,V2H-local-H2_E0,False,H2_E0_non_eeg,margin_power0p2_base0p025,v2s_reference,0.2,0.025,,,,,,,,,0.0,1.0,0.0,1.0,0.6304347826086957,0.6063949377342235,0.6304347826086957,0.6155890881605167,598,35,28,0.6011410480067196,0.593929773929774,0.6417910447761194,28
V2-U,V2M-two_stage_user_local_reranker-v1,protocol_a_rollv2_cv3,1,2029,V2H-local-H2_E0,False,H2_E0_non_eeg,hist_rel_f0p80_cap90_base0p025,history_reliability,0.2,0.025,0.8,90.0,,,,,,,0.0,0.9493346068131169,0.025042878757024368,0.8466666666666667,0.6304347826086957,0.6126354895104894,0.6304347826086957,0.6205815295815296,598,35,28,0.6062026447847343,0.6019163574520717,0.6388753904894133,28
V2-U,V2M-two_stage_user_local_reranker-v1,protocol_a_rollv2_cv3,1,2029,V2H-local-H2_E0,False,H2_E0_non_eeg,hist_rel_f0p70_cap100_base0p025,history_reliability,0.2,0.025,0.7,100.0,,,,,,,0.0,0.9016017191977077,0.0338078863219829,0.7629999999999999,0.6254180602006689,0.6128055575377004,0.6254180602006689,0.6207175840032984,598,35,28,0.6059467812452887,0.6030898268398268,0.6377993752169386,28
V2-U,V2M-two_stage_user_local_reranker-v1,protocol_a_rollv2_cv3,1,2029,V2H-local-H2_E0,False,H2_E0_non_eeg,pos_rel_f0p80_cap20_base0p025,session_position_reliability,0.2,0.025,,,0.8,20.0,,,,,0.0,0.9115759312320917,0.06521362817962645,0.81,0.6153846153846154,0.605614170882028,0.6153846153846154,0.6137739984882843,598,35,28,0.5625613275613276,0.5519240019240019,0.6296771954182576,28
V2-U,V2M-two_stage_user_local_reranker-v1,protocol_a_rollv2_cv3,1,2029,V2H-local-H2_E0,False,H2_E0_non_eeg,std_rel_f0p70_ref1p0_base0p025,context_std_reliability,0.2,0.025,,,,,0.7,1.0,,,0.0,0.9013361168848609,0.08727219434604436,0.7,0.6304347826086957,0.6063949377342235,0.6304347826086957,0.6155890881605167,598,35,28,0.5862369968340118,0.5776287535216106,0.6234987851440472,28
V2-U,V2M-two_stage_user_local_reranker-v1,protocol_a_rollv2_cv3,1,2029,V2H-local-H2_E0,False,H2_E0_non_eeg,std_rel_f0p70_ref1p5_base0p025,context_std_reliability,0.2,0.025,,,,,0.7,1.5,,,0.0,0.844640218495482,0.07318783748918009,0.7,0.6287625418060201,0.6057335620728478,0.6287625418060201,0.6150599876314161,598,35,28,0.5846070513234692,0.5760716862502576,0.6297466157584173,28
V2-U,V2M-two_stage_user_local_reranker-v1,protocol_a_rollv2_cv3,1,2029,V2H-local-H2_E0,False,H2_E0_non_eeg,count_std_rel_f0p75_count12_std1p0_base0p025,context_count_std_reliability,0.2,0.025,,,,,0.75,1.0,0.75,12.0,0.0,0.8688942789819107,0.10569497591204556,0.578125,0.6304347826086957,0.6063949377342235,0.6304347826086957,0.6155890881605167,598,35,28,0.5943902780469944,0.588056758056758,0.6206872613675807,28
V2-U,V2M-two_stage_user_local_reranker-v1,protocol_a_rollv2_cv3,1,2029,V2H-local-H2_E0,False,H2_E0_non_eeg,hist_std_rel_fallback0p05,history_context_std_fallback,0.2,0.025,0.85,100.0,,,0.75,1.0,,,0.05,0.8731950228887433,0.0772034755190681,0.69825,0.6254180602006689,0.6033100926850927,0.6254180602006689,0.6131212121212122,598,35,28,0.5890230664857531,0.581655586477015,0.6254772648385977,28
V2-U,V2M-two_stage_user_local_reranker-v1,protocol_a_rollv2_cv3,1,2029,V2H-local-H2_E0,False,H2_E0_non_eeg,pos_std_rel_fallback0p05,position_context_std_fallback,0.2,0.025,,,0.8,20.0,0.75,1.0,,,0.05,0.8366936049379051,0.089136706666821,0.6075,0.617056856187291,0.6073573681609395,0.617056856187291,0.6127876039304611,598,35,28,0.572553035687364,0.5667936164364736,0.6179104477611941,28
V2-U,V2M-two_stage_user_local_reranker-v1,protocol_a_rollv2_cv3,1,2029,V2H-local-H2_E0,False,H2_E0_non_eeg,hist_pos_std_rel_fallback0p05,history_position_context_std_fallback,0.2,0.025,0.85,100.0,0.85,20.0,0.75,1.0,,,0.05,0.8154927939426363,0.0851448672080927,0.598749375,0.6204013377926422,0.609105289551718,0.6204013377926422,0.6177573696145124,598,35,28,0.5792966983265491,0.5734423314780457,0.6191253037139882,28
V2-U,V2M-two_stage_user_local_reranker-v1,protocol_a_rollv2_cv3,1,2029,V2H-local-H2_E0,False,H2_E0_non_eeg,hist_pos_std_rel_fallback0p10,history_position_context_std_fallback,0.2,0.025,0.85,100.0,0.85,20.0,0.75,1.0,,,0.1,0.8154927939426363,0.0851448672080927,0.598749375,0.6220735785953178,0.6233910038374324,0.6220735785953178,0.6256145124716552,598,35,28,0.5818719174689324,0.576024531024531,0.6195418257549463,28
V2-U,V2M-two_stage_user_local_reranker-v1,protocol_a_rollv2_cv3,1,2029,V2H-local-H2_E0,False,H2_E0_non_eeg,count_hist_std_rel_fallback0p05,count_history_context_std_fallback,0.2,0.025,0.85,100.0,,,0.75,1.0,0.75,12.0,0.05,0.8271152723148212,0.1084710437308592,0.538234375,0.6254180602006689,0.6033100926850927,0.6254180602006689,0.6131212121212122,598,35,28,0.5897053692576081,0.5830161306947022,0.6190905935439084,28
V2-U,V2M-two_stage_user_local_reranker-v1,protocol_a_rollv2_cv3,2,2029,V2H-local-H2_E0,False,H2_E0_non_eeg,margin_power0p2_base0p025,v2s_reference,0.2,0.025,,,,,,,,,0.0,1.0,0.0,1.0,0.5702054794520548,0.5623739686239687,0.5702054794520548,0.5521394500561168,584,30,26,0.5551433982683982,0.5528591778591778,0.6157779923470299,26
V2-U,V2M-two_stage_user_local_reranker-v1,protocol_a_rollv2_cv3,2,2029,V2H-local-H2_E0,False,H2_E0_non_eeg,hist_rel_f0p80_cap90_base0p025,history_reliability,0.2,0.025,0.8,90.0,,,,,,,0.0,0.9739388264669163,0.025924592202257783,0.8555555555555556,0.559931506849315,0.549818006068006,0.559931506849315,0.5412576158409492,584,30,26,0.5417130005411255,0.5385688385688385,0.6096985302006223,26
V2-U,V2M-two_stage_user_local_reranker-v1,protocol_a_rollv2_cv3,2,2029,V2H-local-H2_E0,False,H2_E0_non_eeg,hist_rel_f0p70_cap100_base0p025,history_reliability,0.2,0.025,0.7,100.0,,,,,,,0.0,0.9380112359550562,0.03880750372883351,0.7749999999999999,0.5684931506849316,0.5603923853923853,0.5684931506849316,0.5498929773929774,584,30,26,0.554345689033189,0.5509747197247197,0.6054786682401745,26
V2-U,V2M-two_stage_user_local_reranker-v1,protocol_a_rollv2_cv3,2,2029,V2H-local-H2_E0,False,H2_E0_non_eeg,pos_rel_f0p80_cap20_base0p025,session_position_reliability,0.2,0.025,,,0.8,20.0,,,,,0.0,0.9205337078651686,0.0635114471568677,0.81,0.5582191780821918,0.5541474728974729,0.5582191780821918,0.5518881273047941,584,30,26,0.5511901379870129,0.5487452362452362,0.6196402388871008,26
V2-U,V2M-two_stage_user_local_reranker-v1,protocol_a_rollv2_cv3,2,2029,V2H-local-H2_E0,False,H2_E0_non_eeg,std_rel_f0p70_ref1p0_base0p025,context_std_reliability,0.2,0.025,,,,,0.7,1.0,,,0.0,0.8610060981255272,0.07988010876593153,0.7,0.5702054794520548,0.5634957634957636,0.5702054794520548,0.553111672278339,584,30,26,0.58547720508658,0.5836672586672587,0.6131673997782784,26
V2-U,V2M-two_stage_user_local_reranker-v1,protocol_a_rollv2_cv3,2,2029,V2H-local-H2_E0,False,H2_E0_non_eeg,std_rel_f0p70_ref1p5_base0p025,context_std_reliability,0.2,0.025,,,,,0.7,1.5,,,0.0,0.8126863552455432,0.06465507353555051,0.7,0.5702054794520548,0.5634957634957636,0.5702054794520548,0.553111672278339,584,30,26,0.5824179292929293,0.580950530950531,0.6142402460394092,26
V2-U,V2M-two_stage_user_local_reranker-v1,protocol_a_rollv2_cv3,2,2029,V2H-local-H2_E0,False,H2_E0_non_eeg,count_std_rel_f0p75_count12_std1p0_base0p025,context_count_std_reliability,0.2,0.025,,,,,0.75,1.0,0.75,12.0,0.0,0.8455859332626674,0.08669987980388766,0.578125,0.5702054794520548,0.5634957634957636,0.5702054794520548,0.553111672278339,584,30,26,0.5777949134199134,0.5754941817441818,0.6217859314093623,26
V2-U,V2M-two_stage_user_local_reranker-v1,protocol_a_rollv2_cv3,2,2029,V2H-local-H2_E0,False,H2_E0_non_eeg,hist_std_rel_fallback0p05,history_context_std_fallback,0.2,0.025,0.85,100.0,,,0.75,1.0,,,0.05,0.856996068627907,0.06954864206608848,0.72975,0.5736301369863014,0.5696491008991009,0.5736301369863014,0.5584445646945647,584,30,26,0.5885885642135642,0.5869893994893995,0.6138111075349569,26
V2-U,V2M-two_stage_user_local_reranker-v1,protocol_a_rollv2_cv3,2,2029,V2H-local-H2_E0,False,H2_E0_non_eeg,pos_std_rel_fallback0p05,position_context_std_fallback,0.2,0.025,,,0.8,20.0,0.75,1.0,,,0.05,0.8143992480429924,0.08808024414465115,0.6075,0.5702054794520548,0.5674004236504235,0.5702054794520548,0.5633740179573512,584,30,26,0.5755801316738816,0.574300468050468,0.6176018309909523,26
V2-U,V2M-two_stage_user_local_reranker-v1,protocol_a_rollv2_cv3,2,2029,V2H-local-H2_E0,False,H2_E0_non_eeg,hist_pos_std_rel_fallback0p05,history_position_context_std_fallback,0.2,0.025,0.85,100.0,0.85,20.0,0.75,1.0,,,0.05,0.8064179385784499,0.08245710128194175,0.625760625,0.5616438356164384,0.5597767972767973,0.5616438356164384,0.5567668751002084,584,30,26,0.5719007034632034,0.5703467828467829,0.6147409076279369,26
V2-U,V2M-two_stage_user_local_reranker-v1,protocol_a_rollv2_cv3,2,2029,V2H-local-H2_E0,False,H2_E0_non_eeg,hist_pos_std_rel_fallback0p10,history_position_context_std_fallback,0.2,0.025,0.85,100.0,0.85,20.0,0.75,1.0,,,0.1,0.8064179385784499,0.08245710128194175,0.625760625,0.565068493150685,0.5630963943463944,0.565068493150685,0.5596438592271925,584,30,26,0.5755428165584415,0.5738266363266363,0.6166720308979723,26
V2-U,V2M-two_stage_user_local_reranker-v1,protocol_a_rollv2_cv3,2,2029,V2H-local-H2_E0,False,H2_E0_non_eeg,count_hist_std_rel_fallback0p05,count_history_context_std_fallback,0.2,0.025,0.85,100.0,,,0.75,1.0,0.75,12.0,0.05,0.8198880560257917,0.09023265242460983,0.5625156250000001,0.5736301369863014,0.5694354256854257,0.5736301369863014,0.5542778980278981,584,30,26,0.5818177308802308,0.5796176046176046,0.6204627543539678,26
V2-U,V2M-two_stage_user_local_reranker-v1,protocol_a_rollv2_cv3,3,2029,V2H-local-H2_E0,False,H2_E0_non_eeg,margin_power0p2_base0p025,v2s_reference,0.2,0.025,,,,,,,,,0.0,1.0,0.0,1.0,0.6035598705501618,0.6209559030676162,0.6035598705501618,0.6179620709977852,618,28,24,0.5977331138170299,0.6147955863580864,0.5932762030323006,24
V2-U,V2M-two_stage_user_local_reranker-v1,protocol_a_rollv2_cv3,3,2029,V2H-local-H2_E0,False,H2_E0_non_eeg,hist_rel_f0p80_cap90_base0p025,history_reliability,0.2,0.025,0.8,90.0,,,,,,,0.0,0.9883348895113602,0.02043372847516129,0.8644444444444445,0.6148867313915858,0.6361465126935328,0.6148867313915858,0.6312958767423053,618,28,24,0.6077786238625399,0.6260114152822486,0.5920310554456896,24
V2-U,V2M-two_stage_user_local_reranker-v1,protocol_a_rollv2_cv3,3,2029,V2H-local-H2_E0,False,H2_E0_non_eeg,hist_rel_f0p70_cap100_base0p025,history_reliability,0.2,0.025,0.7,100.0,,,,,,,0.0,0.968310924369748,0.0372885067789125,0.7869999999999999,0.6197411003236246,0.6417831191879825,0.6197411003236246,0.6370026038776039,618,28,24,0.6093798004637165,0.6279073588448588,0.5865743792573062,24
V2-U,V2M-two_stage_user_local_reranker-v1,protocol_a_rollv2_cv3,3,2029,V2H-local-H2_E0,False,H2_E0_non_eeg,pos_rel_f0p80_cap20_base0p025,session_position_reliability,0.2,0.025,,,0.8,20.0,,,,,0.0,0.9303081232492997,0.06357390781398536,0.81,0.6650485436893204,0.6792736615904831,0.6650485436893204,0.6378888902103187,618,28,24,0.667303190205288,0.6808874574499574,0.597780707536805,24
V2-U,V2M-two_stage_user_local_reranker-v1,protocol_a_rollv2_cv3,3,2029,V2H-local-H2_E0,False,H2_E0_non_eeg,std_rel_f0p70_ref1p0_base0p025,context_std_reliability,0.2,0.025,,,,,0.7,1.0,,,0.0,0.8075268806893565,0.0640079877740888,0.7,0.6067961165048543,0.6257042411492876,0.6067961165048543,0.6220320750677893,618,28,24,0.5937008213231989,0.6103948944573945,0.5881491247344905,24
V2-U,V2M-two_stage_user_local_reranker-v1,protocol_a_rollv2_cv3,3,2029,V2H-local-H2_E0,False,H2_E0_non_eeg,std_rel_f0p70_ref1p5_base0p025,context_std_reliability,0.2,0.025,,,,,0.7,1.5,,,0.0,0.7756061557536885,0.05660452672470855,0.7,0.6084142394822006,0.6283084078159543,0.6084142394822006,0.6242642179249323,618,28,24,0.5972597623821401,0.6144871563621565,0.589650626235992,24
V2-U,V2M-two_stage_user_local_reranker-v1,protocol_a_rollv2_cv3,3,2029,V2H-local-H2_E0,False,H2_E0_non_eeg,count_std_rel_f0p75_count12_std1p0_base0p025,context_count_std_reliability,0.2,0.025,,,,,0.75,1.0,0.75,12.0,0.0,0.8107391088018411,0.06616434051954452,0.578125,0.6084142394822006,0.6283084078159543,0.6084142394822006,0.6242642179249323,618,28,24,0.5965465866689643,0.6131533821117154,0.5789203837984326,24
V2-U,V2M-two_stage_user_local_reranker-v1,protocol_a_rollv2_cv3,3,2029,V2H-local-H2_E0,False,H2_E0_non_eeg,hist_std_rel_fallback0p05,history_context_std_fallback,0.2,0.025,0.85,100.0,,,0.75,1.0,,,0.05,0.8261377963329856,0.05225603705275195,0.715125,0.6197411003236246,0.642169133636497,0.6197411003236246,0.637333473404902,618,28,24,0.6052711953935731,0.6225173591840258,0.5903098220171391,24
V2-U,V2M-two_stage_user_local_reranker-v1,protocol_a_rollv2_cv3,3,2029,V2H-local-H2_E0,False,H2_E0_non_eeg,pos_std_rel_fallback0p05,position_context_std_fallback,0.2,0.025,,,0.8,20.0,0.75,1.0,,,0.05,0.781190716909648,0.07397307746989729,0.6515333794923303,0.6553398058252428,0.6717757915626207,0.6553398058252428,0.626211272193415,618,28,24,0.6600755693413035,0.6750181993931994,0.5967552918772431,24
V2-U,V2M-two_stage_user_local_reranker-v1,protocol_a_rollv2_cv3,3,2029,V2H-local-H2_E0,False,H2_E0_non_eeg,hist_pos_std_rel_fallback0p05,history_position_context_std_fallback,0.2,0.025,0.85,100.0,0.85,20.0,0.75,1.0,,,0.05,0.7831948684144239,0.06622125148762215,0.6507637500000001,0.6440129449838188,0.6611467719014159,0.6440129449838188,0.6489969950684236,618,28,24,0.649225182354553,0.6651376979501981,0.5940086427891306,24
V2-U,V2M-two_stage_user_local_reranker-v1,protocol_a_rollv2_cv3,3,2029,V2H-local-H2_E0,False,H2_E0_non_eeg,hist_pos_std_rel_fallback0p10,history_position_context_std_fallback,0.2,0.025,0.85,100.0,0.85,20.0,0.75,1.0,,,0.1,0.7831948684144239,0.06622125148762215,0.6507637500000001,0.6456310679611651,0.6646556397798014,0.6456310679611651,0.6180655819048676,618,28,24,0.6554437501115822,0.6711178482011816,0.595729876217681,24
V2-U,V2M-two_stage_user_local_reranker-v1,protocol_a_rollv2_cv3,3,2029,V2H-local-H2_E0,False,H2_E0_non_eeg,count_hist_std_rel_fallback0p05,count_history_context_std_fallback,0.2,0.025,0.85,100.0,,,0.75,1.0,0.75,12.0,0.05,0.798093372509768,0.06887329870791466,0.5512421875,0.6229773462783171,0.6464399669698303,0.6229773462783171,0.6409941876906162,618,28,24,0.610681063303441,0.6280536246161246,0.5797260675309456,24
V2-U,V2M-two_stage_user_local_reranker-v1,protocol_a_rollv2_cv3,1,2030,V2H-local-H2_E0,False,H2_E0_non_eeg,margin_power0p2_base0p025,v2s_reference,0.2,0.025,,,,,,,,,0.0,1.0,0.0,1.0,0.6505016722408027,0.654925468050468,0.6505016722408027,0.6644867724867725,598,35,28,0.6167986905300337,0.6131859625163196,0.6446372787226657,28
V2-U,V2M-two_stage_user_local_reranker-v1,protocol_a_rollv2_cv3,1,2030,V2H-local-H2_E0,False,H2_E0_non_eeg,hist_rel_f0p80_cap90_base0p025,history_reliability,0.2,0.025,0.8,90.0,,,,,,,0.0,0.9493346068131169,0.025042878757024368,0.8466666666666667,0.6605351170568562,0.6679781891389035,0.6605351170568562,0.6749289493575207,598,35,28,0.6331573733066269,0.6324178219267506,0.6411315515446026,28
V2-U,V2M-two_stage_user_local_reranker-v1,protocol_a_rollv2_cv3,1,2030,V2H-local-H2_E0,False,H2_E0_non_eeg,hist_rel_f0p70_cap100_base0p025,history_reliability,0.2,0.025,0.7,100.0,,,,,,,0.0,0.9016017191977077,0.0338078863219829,0.7629999999999999,0.6588628762541806,0.667274296470725,0.6588628762541806,0.6743658352229781,598,35,28,0.6340742176563071,0.6336980562426991,0.6405761888233253,28
V2-U,V2M-two_stage_user_local_reranker-v1,protocol_a_rollv2_cv3,1,2030,V2H-local-H2_E0,False,H2_E0_non_eeg,pos_rel_f0p80_cap20_base0p025,session_position_reliability,0.2,0.025,,,0.8,20.0,,,,,0.0,0.9115759312320917,0.06521362817962645,0.81,0.6438127090301003,0.6546442016977733,0.6438127090301003,0.6624913076341646,598,35,28,0.5913402683551937,0.582799057754415,0.6354390836515099,28
V2-U,V2M-two_stage_user_local_reranker-v1,protocol_a_rollv2_cv3,1,2030,V2H-local-H2_E0,False,H2_E0_non_eeg,std_rel_f0p70_ref1p0_base0p025,context_std_reliability,0.2,0.025,,,,,0.7,1.0,,,0.0,0.8909075355689602,0.08463458779562724,0.7,0.6488294314381271,0.6504611823361823,0.6488294314381271,0.6609153439153439,598,35,28,0.6088645517003726,0.6033567391603105,0.6354043734814301,28
V2-U,V2M-two_stage_user_local_reranker-v1,protocol_a_rollv2_cv3,1,2030,V2H-local-H2_E0,False,H2_E0_non_eeg,std_rel_f0p70_ref1p5_base0p025,context_std_reliability,0.2,0.025,,,,,0.7,1.5,,,0.0,0.8379907758926753,0.07338226810228939,0.7,0.6505016722408027,0.6519492775742776,0.6505016722408027,0.6621058201058201,598,35,28,0.6106825181452047,0.6067142943035799,0.6382158972578966,28
V2-U,V2M-two_stage_user_local_reranker-v1,protocol_a_rollv2_cv3,1,2030,V2H-local-H2_E0,False,H2_E0_non_eeg,count_std_rel_f0p75_count12_std1p0_base0p025,context_count_std_reliability,0.2,0.025,,,,,0.75,1.0,0.75,12.0,0.0,0.8601910391412666,0.10048402632419072,0.578125,0.6488294314381271,0.6504611823361823,0.6488294314381271,0.6609153439153439,598,35,28,0.6234668648101483,0.6202089345839347,0.630197847969455,28
V2-U,V2M-two_stage_user_local_reranker-v1,protocol_a_rollv2_cv3,1,2030,V2H-local-H2_E0,False,H2_E0_non_eeg,hist_std_rel_fallback0p05,history_context_std_fallback,0.2,0.025,0.85,100.0,,,0.75,1.0,,,0.05,0.8647979407264714,0.07380620202146775,0.6970261837559274,0.657190635451505,0.6611329510436653,0.657190635451505,0.6694527588813303,598,35,28,0.6214054187934784,0.617830236892737,0.6365150989239847,28
V2-U,V2M-two_stage_user_local_reranker-v1,protocol_a_rollv2_cv3,1,2030,V2H-local-H2_E0,False,H2_E0_non_eeg,pos_std_rel_fallback0p05,position_context_std_fallback,0.2,0.025,,,0.8,20.0,0.75,1.0,,,0.05,0.8286091057084252,0.0859894757768026,0.6075,0.6471571906354515,0.658776725919583,0.6471571906354515,0.6532973270116127,598,35,28,0.5949922465594107,0.5882090247715249,0.6334953141270392,28
V2-U,V2M-two_stage_user_local_reranker-v1,protocol_a_rollv2_cv3,1,2030,V2H-local-H2_E0,False,H2_E0_non_eeg,hist_pos_std_rel_fallback0p05,history_position_context_std_fallback,0.2,0.025,0.85,100.0,0.85,20.0,0.75,1.0,,,0.05,0.8075337332749445,0.08125379221453508,0.5976999525707076,0.6438127090301003,0.6521002674574105,0.6438127090301003,0.6479561602418744,598,35,28,0.6002136503629041,0.5960875549714836,0.6347795904199931,28
V2-U,V2M-two_stage_user_local_reranker-v1,protocol_a_rollv2_cv3,1,2030,V2H-local-H2_E0,False,H2_E0_non_eeg,hist_pos_std_rel_fallback0p10,history_position_context_std_fallback,0.2,0.025,0.85,100.0,0.85,20.0,0.75,1.0,,,0.1,0.8075337332749445,0.08125379221453508,0.5976999525707076,0.6454849498327759,0.6536308797023083,0.6454849498327759,0.6491806500377928,598,35,28,0.603558829230471,0.5996022942005085,0.6344324887191948,28
V2-U,V2M-two_stage_user_local_reranker-v1,protocol_a_rollv2_cv3,1,2030,V2H-local-H2_E0,False,H2_E0_non_eeg,count_hist_std_rel_fallback0p05,count_history_context_std_fallback,0.2,0.025,0.85,100.0,,,0.75,1.0,0.75,12.0,0.05,0.8187113211320093,0.10288482346855336,0.538234375,0.6538461538461539,0.6561535554392697,0.6538461538461539,0.6519924414210128,598,35,28,0.6268829015097672,0.6250774539613826,0.6293648038875391,28
V2-U,V2M-two_stage_user_local_reranker-v1,protocol_a_rollv2_cv3,2,2030,V2H-local-H2_E0,False,H2_E0_non_eeg,margin_power0p2_base0p025,v2s_reference,0.2,0.025,,,,,,,,,0.0,1.0,0.0,1.0,0.5702054794520548,0.5733502608502609,0.5702054794520548,0.557948532948533,584,30,26,0.5661881087662338,0.5635718448218449,0.6153488538425778,26
V2-U,V2M-two_stage_user_local_reranker-v1,protocol_a_rollv2_cv3,2,2030,V2H-local-H2_E0,False,H2_E0_non_eeg,hist_rel_f0p80_cap90_base0p025,history_reliability,0.2,0.025,0.8,90.0,,,,,,,0.0,0.9739388264669163,0.025924592202257783,0.8555555555555556,0.5667808219178082,0.570974395974396,0.5667808219178082,0.5553603495270162,584,30,26,0.563940634018759,0.5617426554926555,0.6089475378178306,26
V2-U,V2M-two_stage_user_local_reranker-v1,protocol_a_rollv2_cv3,2,2030,V2H-local-H2_E0,False,H2_E0_non_eeg,hist_rel_f0p70_cap100_base0p025,history_reliability,0.2,0.025,0.7,100.0,,,,,,,0.0,0.9380112359550562,0.03880750372883351,0.7749999999999999,0.5736301369863014,0.5796206108706109,0.5736301369863014,0.5628537357704023,584,30,26,0.5717096185064935,0.5700066137566138,0.6051210528197976,26
V2-U,V2M-two_stage_user_local_reranker-v1,protocol_a_rollv2_cv3,2,2030,V2H-local-H2_E0,False,H2_E0_non_eeg,pos_rel_f0p80_cap20_base0p025,session_position_reliability,0.2,0.025,,,0.8,20.0,,,,,0.0,0.9205337078651686,0.0635114471568677,0.81,0.5633561643835616,0.5772396584896584,0.5633561643835616,0.5609225188391854,584,30,26,0.5609372745310245,0.5610544548044548,0.616135607767407,26
V2-U,V2M-two_stage_user_local_reranker-v1,protocol_a_rollv2_cv3,2,2030,V2H-local-H2_E0,False,H2_E0_non_eeg,std_rel_f0p70_ref1p0_base0p025,context_std_reliability,0.2,0.025,,,,,0.7,1.0,,,0.0,0.8445308164855622,0.07493901959861157,0.7,0.5736301369863014,0.5795951733451734,0.5736301369863014,0.5633607904441238,584,30,26,0.5822557043650793,0.5804151866651867,0.599256159925616,26
V2-U,V2M-two_stage_user_local_reranker-v1,protocol_a_rollv2_cv3,2,2030,V2H-local-H2_E0,False,H2_E0_non_eeg,std_rel_f0p70_ref1p5_base0p025,context_std_reliability,0.2,0.025,,,,,0.7,1.5,,,0.0,0.8001079416029907,0.05983508763687263,0.7,0.5736301369863014,0.5795951733451734,0.5736301369863014,0.5633607904441238,584,30,26,0.5811272321428571,0.5793468105968106,0.6017237063262167,26
V2-U,V2M-two_stage_user_local_reranker-v1,protocol_a_rollv2_cv3,2,2030,V2H-local-H2_E0,False,H2_E0_non_eeg,count_std_rel_f0p75_count12_std1p0_base0p025,context_count_std_reliability,0.2,0.025,,,,,0.75,1.0,0.75,12.0,0.0,0.8323032400566913,0.08196894683386663,0.578125,0.5736301369863014,0.5795951733451734,0.5736301369863014,0.5633607904441238,584,30,26,0.5849900793650794,0.5819002294002295,0.6068376068376068,26
V2-U,V2M-two_stage_user_local_reranker-v1,protocol_a_rollv2_cv3,2,2030,V2H-local-H2_E0,False,H2_E0_non_eeg,hist_std_rel_fallback0p05,history_context_std_fallback,0.2,0.025,0.85,100.0,,,0.75,1.0,,,0.05,0.8435394431813752,0.06396223888798667,0.7089210096712694,0.577054794520548,0.5824492636992636,0.577054794520548,0.5653052348885682,584,30,26,0.5836359126984126,0.5826587764087764,0.6000429138504452,26
V2-U,V2M-two_stage_user_local_reranker-v1,protocol_a_rollv2_cv3,2,2030,V2H-local-H2_E0,False,H2_E0_non_eeg,pos_std_rel_fallback0p05,position_context_std_fallback,0.2,0.025,,,0.8,20.0,0.75,1.0,,,0.05,0.801729009614259,0.08421531730589374,0.6075,0.571917808219178,0.5813249250749251,0.571917808219178,0.5644630832130831,584,30,26,0.5826312229437229,0.5835127372627373,0.6103779994993385,26
V2-U,V2M-two_stage_user_local_reranker-v1,protocol_a_rollv2_cv3,2,2030,V2H-local-H2_E0,False,H2_E0_non_eeg,hist_pos_std_rel_fallback0p05,history_position_context_std_fallback,0.2,0.025,0.85,100.0,0.85,20.0,0.75,1.0,,,0.05,0.7937450083684605,0.07765827109402289,0.625760625,0.5753424657534246,0.5794807044807045,0.5753424657534246,0.562864758698092,584,30,26,0.5821649531024531,0.5818302993302994,0.6036905911382898,26
V2-U,V2M-two_stage_user_local_reranker-v1,protocol_a_rollv2_cv3,2,2030,V2H-local-H2_E0,False,H2_E0_non_eeg,hist_pos_std_rel_fallback0p10,history_position_context_std_fallback,0.2,0.025,0.85,100.0,0.85,20.0,0.75,1.0,,,0.1,0.7937450083684605,0.07765827109402289,0.625760625,0.5804794520547946,0.5868703056203056,0.5804794520547946,0.5692690796857464,584,30,26,0.5852118281024531,0.5849769212269212,0.6066587991274183,26
V2-U,V2M-two_stage_user_local_reranker-v1,protocol_a_rollv2_cv3,2,2030,V2H-local-H2_E0,False,H2_E0_non_eeg,count_hist_std_rel_fallback0p05,count_history_context_std_fallback,0.2,0.025,0.85,100.0,,,0.75,1.0,0.75,12.0,0.05,0.8068759676319501,0.08483503085652248,0.5625156250000001,0.5787671232876712,0.5882490194990194,0.5787671232876712,0.5708607904441237,584,30,26,0.5905766369047618,0.5882952232952233,0.60647999141723,26
V2-U,V2M-two_stage_user_local_reranker-v1,protocol_a_rollv2_cv3,3,2030,V2H-local-H2_E0,False,H2_E0_non_eeg,margin_power0p2_base0p025,v2s_reference,0.2,0.025,,,,,,,,,0.0,1.0,0.0,1.0,0.5938511326860841,0.6290616206525005,0.5938511326860841,0.6155135704242846,618,28,24,0.6115772921716978,0.6292146857771858,0.6439244122170952,24
V2-U,V2M-two_stage_user_local_reranker-v1,protocol_a_rollv2_cv3,3,2030,V2H-local-H2_E0,False,H2_E0_non_eeg,hist_rel_f0p80_cap90_base0p025,history_reliability,0.2,0.025,0.8,90.0,,,,,,,0.0,0.9883348895113602,0.02043372847516129,0.8644444444444445,0.6035598705501618,0.6404901050579586,0.6035598705501618,0.6256226974084117,618,28,24,0.6202339133283189,0.6382507307507307,0.6428257525818502,24
V2-U,V2M-two_stage_user_local_reranker-v1,protocol_a_rollv2_cv3,3,2030,V2H-local-H2_E0,False,H2_E0_non_eeg,hist_rel_f0p70_cap100_base0p025,history_reliability,0.2,0.025,0.7,100.0,,,,,,,0.0,0.968310924369748,0.0372885067789125,0.7869999999999999,0.6148867313915858,0.6514307972180134,0.6148867313915858,0.6417931506324364,618,28,24,0.6200953766513206,0.6391103071311405,0.63769867428404,24
V2-U,V2M-two_stage_user_local_reranker-v1,protocol_a_rollv2_cv3,3,2030,V2H-local-H2_E0,False,H2_E0_non_eeg,pos_rel_f0p80_cap20_base0p025,session_position_reliability,0.2,0.025,,,0.8,20.0,,,,,0.0,0.9303081232492997,0.06357390781398536,0.81,0.6488673139158576,0.6805141435135308,0.6488673139158576,0.6689902392580963,618,28,24,0.6677869139407601,0.6815087844254512,0.6516882736394932,24
V2-U,V2M-two_stage_user_local_reranker-v1,protocol_a_rollv2_cv3,3,2030,V2H-local-H2_E0,False,H2_E0_non_eeg,std_rel_f0p70_ref1p0_base0p025,context_std_reliability,0.2,0.025,,,,,0.7,1.0,,,0.0,0.8108723953361187,0.0647559074869792,0.7,0.5954692556634305,0.6309966051726242,0.5954692556634305,0.6123389672496814,618,28,24,0.599290967385373,0.6178335129376796,0.635647842964916,24
V2-U,V2M-two_stage_user_local_reranker-v1,protocol_a_rollv2_cv3,3,2030,V2H-local-H2_E0,False,H2_E0_non_eeg,std_rel_f0p70_ref1p5_base0p025,context_std_reliability,0.2,0.025,,,,,0.7,1.5,,,0.0,0.7779028064823285,0.05697273100426661,0.7,0.5970873786407767,0.6334475855647811,0.5970873786407767,0.615315157725872,618,28,24,0.6040736846680903,0.6224466081757748,0.6371493444664177,24
V2-U,V2M-two_stage_user_local_reranker-v1,protocol_a_rollv2_cv3,3,2030,V2H-local-H2_E0,False,H2_E0_non_eeg,count_std_rel_f0p75_count12_std1p0_base0p025,context_count_std_reliability,0.2,0.025,,,,,0.75,1.0,0.75,12.0,0.0,0.8134858050712711,0.06714967454999782,0.578125,0.5970873786407767,0.6334475855647811,0.5970873786407767,0.615315157725872,618,28,24,0.6027735958680015,0.6202034423909424,0.6317659122537171,24
V2-U,V2M-two_stage_user_local_reranker-v1,protocol_a_rollv2_cv3,3,2030,V2H-local-H2_E0,False,H2_E0_non_eeg,hist_std_rel_fallback0p05,history_context_std_fallback,0.2,0.025,0.85,100.0,,,0.75,1.0,,,0.05,0.8289114474896186,0.053345090568545965,0.715125,0.6132686084142395,0.6517858536205415,0.6132686084142395,0.636284545480974,618,28,24,0.6157855838799894,0.6347316610858278,0.6391635537977001,24
V2-U,V2M-two_stage_user_local_reranker-v1,protocol_a_rollv2_cv3,3,2030,V2H-local-H2_E0,False,H2_E0_non_eeg,pos_std_rel_fallback0p05,position_context_std_fallback,0.2,0.025,,,0.8,20.0,0.75,1.0,,,0.05,0.7838338569709077,0.07458854433202348,0.6363076411276013,0.6521035598705501,0.6793611320918789,0.6521035598705501,0.6669446129267558,618,28,24,0.6638559963734789,0.6784150995609329,0.6499304182231012,24
V2-U,V2M-two_stage_user_local_reranker-v1,protocol_a_rollv2_cv3,3,2030,V2H-local-H2_E0,False,H2_E0_non_eeg,hist_pos_std_rel_fallback0p05,history_position_context_std_fallback,0.2,0.025,0.85,100.0,0.85,20.0,0.75,1.0,,,0.05,0.7858636714395986,0.06733291913159642,0.6507637500000001,0.6537216828478964,0.6824910212086103,0.6537216828478964,0.6695229472908045,618,28,24,0.6666461355272545,0.6821705108163441,0.6456090236578041,24
V2-U,V2M-two_stage_user_local_reranker-v1,protocol_a_rollv2_cv3,3,2030,V2H-local-H2_E0,False,H2_E0_non_eeg,hist_pos_std_rel_fallback0p10,history_position_context_std_fallback,0.2,0.025,0.85,100.0,0.85,20.0,0.75,1.0,,,0.1,0.7858636714395986,0.06733291913159642,0.6507637500000001,0.6521035598705501,0.6801115896380022,0.6521035598705501,0.6624414177092749,618,28,24,0.6658814961262515,0.6816865040823373,0.6468907932322566,24
V2-U,V2M-two_stage_user_local_reranker-v1,protocol_a_rollv2_cv3,3,2030,V2H-local-H2_E0,False,H2_E0_non_eeg,count_hist_std_rel_fallback0p05,count_history_context_std_fallback,0.2,0.025,0.85,100.0,,,0.75,1.0,0.75,12.0,0.05,0.8008266996591316,0.07015421398991821,0.5512421875,0.6132686084142395,0.6517858536205415,0.6132686084142395,0.636284545480974,618,28,24,0.6169954850898908,0.6350182572057572,0.6331209258038527,24
V2-U,V2M-two_stage_user_local_reranker-v1,protocol_a_rollv2_cv3,1,2026,V2H-local-real,True,real_eeg,margin_power0p2_base0p025,v2s_reference,0.2,0.025,,,,,,,,,0.0,1.0,0.0,1.0,0.7107023411371237,0.717100320314606,0.7107023411371237,0.7419647495361783,598,35,28,0.7023049255885077,0.7001381802721088,0.6081916001388408,28
V2-U,V2M-two_stage_user_local_reranker-v1,protocol_a_rollv2_cv3,1,2026,V2H-local-real,True,real_eeg,hist_rel_f0p80_cap90_base0p025,history_reliability,0.2,0.025,0.8,90.0,,,,,,,0.0,0.9493346068131169,0.025042878757024368,0.8466666666666667,0.705685618729097,0.7146773233380376,0.705685618729097,0.7394311138596854,598,35,28,0.698687299433568,0.6975635393046106,0.6084692814994794,28
V2-U,V2M-two_stage_user_local_reranker-v1,protocol_a_rollv2_cv3,1,2026,V2H-local-real,True,real_eeg,hist_rel_f0p70_cap100_base0p025,history_reliability,0.2,0.025,0.7,100.0,,,,,,,0.0,0.9016017191977077,0.0338078863219829,0.7629999999999999,0.7073578595317725,0.719042402703117,0.7073578595317725,0.7464946059231774,598,35,28,0.694552992612694,0.6938833058475915,0.6083651509892398,28
V2-U,V2M-two_stage_user_local_reranker-v1,protocol_a_rollv2_cv3,1,2026,V2H-local-real,True,real_eeg,pos_rel_f0p80_cap20_base0p025,session_position_reliability,0.2,0.025,,,0.8,20.0,,,,,0.0,0.9115759312320917,0.06521362817962645,0.81,0.7006688963210702,0.7138364314257172,0.7006688963210702,0.735385384456813,598,35,28,0.6568429497533975,0.6417332766439908,0.5986810135369663,28
V2-U,V2M-two_stage_user_local_reranker-v1,protocol_a_rollv2_cv3,1,2026,V2H-local-real,True,real_eeg,std_rel_f0p70_ref1p0_base0p025,context_std_reliability,0.2,0.025,,,,,0.7,1.0,,,0.0,0.9389184504118743,0.07765093926483967,0.7,0.7107023411371237,0.717100320314606,0.7107023411371237,0.7419647495361783,598,35,28,0.708670715685641,0.7012230725623582,0.612912183269698,28
V2-U,V2M-two_stage_user_local_reranker-v1,protocol_a_rollv2_cv3,1,2026,V2H-local-real,True,real_eeg,std_rel_f0p70_ref1p5_base0p025,context_std_reliability,0.2,0.025,,,,,0.7,1.5,,,0.0,0.8912064168229115,0.0828003756623345,0.7,0.7107023411371237,0.717100320314606,0.7107023411371237,0.7419647495361783,598,35,28,0.6992977751932976,0.6934347299525869,0.6057618882332524,28
V2-U,V2M-two_stage_user_local_reranker-v1,protocol_a_rollv2_cv3,1,2026,V2H-local-real,True,real_eeg,count_std_rel_f0p75_count12_std1p0_base0p025,context_count_std_reliability,0.2,0.025,,,,,0.75,1.0,0.75,12.0,0.0,0.8983661982517879,0.10141263600141534,0.578125,0.7090301003344481,0.7126360346003203,0.7090301003344481,0.7383933209647496,598,35,28,0.7284775257909586,0.7261612296433725,0.6162096494272822,28
V2-U,V2M-two_stage_user_local_reranker-v1,protocol_a_rollv2_cv3,1,2026,V2H-local-real,True,real_eeg,hist_std_rel_fallback0p05,history_context_std_fallback,0.2,0.025,0.85,100.0,,,0.75,1.0,,,0.05,0.9027869820697288,0.06845042591734443,0.69825,0.7073578595317725,0.710661828251114,0.7073578595317725,0.7362187177901465,598,35,28,0.7050897030001507,0.6970824314574313,0.6138840680319333,28
V2-U,V2M-two_stage_user_local_reranker-v1,protocol_a_rollv2_cv3,1,2026,V2H-local-real,True,real_eeg,pos_std_rel_fallback0p05,position_context_std_fallback,0.2,0.025,,,0.8,20.0,0.75,1.0,,,0.05,0.8652962341703248,0.08691881643934087,0.6075,0.6989966555183946,0.7116042885685744,0.6989966555183946,0.7210996701710988,598,35,28,0.6907413150696733,0.6817311507936507,0.606664352655328,28
V2-U,V2M-two_stage_user_local_reranker-v1,protocol_a_rollv2_cv3,1,2026,V2H-local-real,True,real_eeg,hist_pos_std_rel_fallback0p05,history_position_context_std_fallback,0.2,0.025,0.85,100.0,0.85,20.0,0.75,1.0,,,0.05,0.8431758272019535,0.08068872352576964,0.598749375,0.7023411371237458,0.713786828251114,0.7023411371237458,0.7222504638218924,598,35,28,0.7016544980724084,0.6933756570810141,0.6100312391530718,28
V2-U,V2M-two_stage_user_local_reranker-v1,protocol_a_rollv2_cv3,1,2026,V2H-local-real,True,real_eeg,hist_pos_std_rel_fallback0p10,history_position_context_std_fallback,0.2,0.025,0.85,100.0,0.85,20.0,0.75,1.0,,,0.1,0.8431758272019535,0.08068872352576964,0.598749375,0.7023411371237458,0.7151261139653997,0.7023411371237458,0.723321892393321,598,35,28,0.7014140337274666,0.6932764507318077,0.6098229781325929,28
V2-U,V2M-two_stage_user_local_reranker-v1,protocol_a_rollv2_cv3,1,2026,V2H-local-real,True,real_eeg,count_hist_std_rel_fallback0p05,count_history_context_std_fallback,0.2,0.025,0.85,100.0,,,0.75,1.0,0.75,12.0,0.05,0.8549917862831617,0.10403078677411982,0.538234375,0.7040133779264214,0.7017332568225426,0.7040133779264214,0.7290758606472892,598,35,28,0.7220122332062631,0.7181708668315812,0.6168344324887192,28
V2-U,V2M-two_stage_user_local_reranker-v1,protocol_a_rollv2_cv3,2,2026,V2H-local-real,True,real_eeg,margin_power0p2_base0p025,v2s_reference,0.2,0.025,,,,,,,,,0.0,1.0,0.0,1.0,0.6472602739726028,0.64011359011359,0.6472602739726028,0.6263391855058522,584,30,26,0.6177271599927849,0.6177595552595552,0.6193183850087616,26
V2-U,V2M-two_stage_user_local_reranker-v1,protocol_a_rollv2_cv3,2,2026,V2H-local-real,True,real_eeg,hist_rel_f0p80_cap90_base0p025,history_reliability,0.2,0.025,0.8,90.0,,,,,,,0.0,0.9739388264669163,0.025924592202257783,0.8555555555555556,0.6421232876712328,0.6250316812816812,0.6421232876712328,0.6132681978515312,584,30,26,0.6059721094877346,0.6038042975542975,0.6202124235597037,26
V2-U,V2M-two_stage_user_local_reranker-v1,protocol_a_rollv2_cv3,2,2026,V2H-local-real,True,real_eeg,hist_rel_f0p70_cap100_base0p025,history_reliability,0.2,0.025,0.7,100.0,,,,,,,0.0,0.9380112359550562,0.03880750372883351,0.7749999999999999,0.6438356164383562,0.6238296425796427,0.6438356164383562,0.6133375420875421,584,30,26,0.6038897907647909,0.602097902097902,0.6182813002896685,26
V2-U,V2M-two_stage_user_local_reranker-v1,protocol_a_rollv2_cv3,2,2026,V2H-local-real,True,real_eeg,pos_rel_f0p80_cap20_base0p025,session_position_reliability,0.2,0.025,,,0.8,20.0,,,,,0.0,0.9205337078651686,0.0635114471568677,0.81,0.6352739726027398,0.6218364968364969,0.6352739726027398,0.6212133237133236,584,30,26,0.6386999458874458,0.6367966755466755,0.6238601008475485,26
V2-U,V2M-two_stage_user_local_reranker-v1,protocol_a_rollv2_cv3,2,2026,V2H-local-real,True,real_eeg,std_rel_f0p70_ref1p0_base0p025,context_std_reliability,0.2,0.025,,,,,0.7,1.0,,,0.0,0.9320671905005288,0.07231061919986757,0.7,0.6455479452054794,0.6386890886890887,0.6455479452054794,0.6251046176046177,584,30,26,0.6386962256493507,0.6391613941613941,0.6093409147802453,26
V2-U,V2M-two_stage_user_local_reranker-v1,protocol_a_rollv2_cv3,2,2026,V2H-local-real,True,real_eeg,std_rel_f0p70_ref1p5_base0p025,context_std_reliability,0.2,0.025,,,,,0.7,1.5,,,0.0,0.8730021357761035,0.07157780417106055,0.7,0.6438356164383562,0.6370865245865246,0.6438356164383562,0.6237157287157288,584,30,26,0.6331603986291486,0.6336738261738262,0.6068733683796446,26
V2-U,V2M-two_stage_user_local_reranker-v1,protocol_a_rollv2_cv3,2,2026,V2H-local-real,True,real_eeg,count_std_rel_f0p75_count12_std1p0_base0p025,context_count_std_reliability,0.2,0.025,,,,,0.75,1.0,0.75,12.0,0.0,0.902789489510417,0.08978195562735822,0.578125,0.6472602739726028,0.64011359011359,0.6472602739726028,0.6263391855058522,584,30,26,0.651822803932179,0.6513434713434715,0.6198548081393269,26
V2-U,V2M-two_stage_user_local_reranker-v1,protocol_a_rollv2_cv3,2,2026,V2H-local-real,True,real_eeg,hist_std_rel_fallback0p05,history_context_std_fallback,0.2,0.025,0.85,100.0,,,0.75,1.0,,,0.05,0.9142260795699109,0.0621498214758509,0.729708396024707,0.6472602739726028,0.6330445017945018,0.6472602739726028,0.6202126422959757,584,30,26,0.6309145021645022,0.6299814537314538,0.6103779994993384,26
V2-U,V2M-two_stage_user_local_reranker-v1,protocol_a_rollv2_cv3,2,2026,V2H-local-real,True,real_eeg,pos_std_rel_fallback0p05,position_context_std_fallback,0.2,0.025,,,0.8,20.0,0.75,1.0,,,0.05,0.8684388874449616,0.08124909588515712,0.6075,0.6335616438356164,0.6196997446997449,0.6335616438356164,0.6128799903799903,584,30,26,0.6345431998556998,0.6320576645576647,0.6191753388406108,26
V2-U,V2M-two_stage_user_local_reranker-v1,protocol_a_rollv2_cv3,2,2026,V2H-local-real,True,real_eeg,hist_pos_std_rel_fallback0p05,history_position_context_std_fallback,0.2,0.025,0.85,100.0,0.85,20.0,0.75,1.0,,,0.05,0.8598981163433249,0.0742917542331568,0.6257249495911863,0.6404109589041096,0.6280686905686905,0.6404109589041096,0.6219849286515954,584,30,26,0.6406543109668109,0.6381296018796019,0.616493223187784,26
V2-U,V2M-two_stage_user_local_reranker-v1,protocol_a_rollv2_cv3,2,2026,V2H-local-real,True,real_eeg,hist_pos_std_rel_fallback0p10,history_position_context_std_fallback,0.2,0.025,0.85,100.0,0.85,20.0,0.75,1.0,,,0.1,0.8598981163433249,0.0742917542331568,0.6257249495911863,0.636986301369863,0.6246346246346247,0.636986301369863,0.6190087381754048,584,30,26,0.6373432990620491,0.634695535945536,0.6180309694954046,26
V2-U,V2M-two_stage_user_local_reranker-v1,protocol_a_rollv2_cv3,2,2026,V2H-local-real,True,real_eeg,count_hist_std_rel_fallback0p05,count_history_context_std_fallback,0.2,0.025,0.85,100.0,,,0.75,1.0,0.75,12.0,0.05,0.8751951354738297,0.09227544417970741,0.5625156250000001,0.6506849315068494,0.6375851000851,0.6506849315068494,0.6246769280102614,584,30,26,0.6498373241341991,0.6480962555962557,0.6181382541215177,26
V2-U,V2M-two_stage_user_local_reranker-v1,protocol_a_rollv2_cv3,3,2026,V2H-local-real,True,real_eeg,margin_power0p2_base0p025,v2s_reference,0.2,0.025,,,,,,,,,0.0,1.0,0.0,1.0,0.6779935275080906,0.7017616679607134,0.6779935275080906,0.6808872344586632,618,28,24,0.6931810322544589,0.7040752303252303,0.5716326082179741,24
V2-U,V2M-two_stage_user_local_reranker-v1,protocol_a_rollv2_cv3,3,2026,V2H-local-real,True,real_eeg,hist_rel_f0p80_cap90_base0p025,history_reliability,0.2,0.025,0.8,90.0,,,,,,,0.0,0.9883348895113602,0.02043372847516129,0.8644444444444445,0.6682847896440129,0.6938863372728828,0.6682847896440129,0.674136951011951,618,28,24,0.6860062625796891,0.6967554551929552,0.5665421519080056,24
V2-U,V2M-two_stage_user_local_reranker-v1,protocol_a_rollv2_cv3,3,2026,V2H-local-real,True,real_eeg,hist_rel_f0p70_cap100_base0p025,history_reliability,0.2,0.025,0.7,100.0,,,,,,,0.0,0.968310924369748,0.0372885067789125,0.7869999999999999,0.6715210355987055,0.6945752054127311,0.6715210355987055,0.6722326615183757,618,28,24,0.6896914662648929,0.7013294190377524,0.5602431699992675,24
V2-U,V2M-two_stage_user_local_reranker-v1,protocol_a_rollv2_cv3,3,2026,V2H-local-real,True,real_eeg,pos_rel_f0p80_cap20_base0p025,session_position_reliability,0.2,0.025,,,0.8,20.0,,,,,0.0,0.9303081232492997,0.06357390781398536,0.81,0.6537216828478964,0.6655042982198878,0.6537216828478964,0.6526324931682074,618,28,24,0.648695215041369,0.6626237111653779,0.5627334651724896,24
V2-U,V2M-two_stage_user_local_reranker-v1,protocol_a_rollv2_cv3,3,2026,V2H-local-real,True,real_eeg,std_rel_f0p70_ref1p0_base0p025,context_std_reliability,0.2,0.025,,,,,0.7,1.0,,,0.0,0.890583344906965,0.06830598256643601,0.7,0.6715210355987055,0.6948866679607134,0.6715210355987055,0.6735062820777106,618,28,24,0.6801038316772582,0.6929536474328142,0.55786274078957,24
V2-U,V2M-two_stage_user_local_reranker-v1,protocol_a_rollv2_cv3,3,2026,V2H-local-real,True,real_eeg,std_rel_f0p70_ref1p5_base0p025,context_std_reliability,0.2,0.025,,,,,0.7,1.5,,,0.0,0.8369480821035489,0.06633209462423569,0.7,0.6682847896440129,0.6912452113780804,0.6682847896440129,0.6653430167715882,618,28,24,0.6819838960573227,0.6943480477855477,0.5595473522302791,24
V2-U,V2M-two_stage_user_local_reranker-v1,protocol_a_rollv2_cv3,3,2026,V2H-local-real,True,real_eeg,count_std_rel_f0p75_count12_std1p0_base0p025,context_count_std_reliability,0.2,0.025,,,,,0.75,1.0,0.75,12.0,0.0,0.8782369819947502,0.07738447497774993,0.578125,0.6731391585760518,0.6941023542352233,0.6731391585760518,0.667791996363425,618,28,24,0.6880972271706537,0.6999058079266414,0.5515637588808321,24
V2-U,V2M-two_stage_user_local_reranker-v1,protocol_a_rollv2_cv3,3,2026,V2H-local-real,True,real_eeg,hist_std_rel_fallback0p05,history_context_std_fallback,0.2,0.025,0.85,100.0,,,0.75,1.0,,,0.05,0.8942321098536252,0.05536786103983795,0.715125,0.6634304207119741,0.6877387178715869,0.6634304207119741,0.6665041175755462,618,28,24,0.6762853017223647,0.6891572509280843,0.5594008642789131,24
V2-U,V2M-two_stage_user_local_reranker-v1,protocol_a_rollv2_cv3,3,2026,V2H-local-real,True,real_eeg,pos_std_rel_fallback0p05,position_context_std_fallback,0.2,0.025,,,0.8,20.0,0.75,1.0,,,0.05,0.8458118407186872,0.08155032959628679,0.6322035143963183,0.6601941747572816,0.6716407620646848,0.6601941747572816,0.6578923193208908,618,28,24,0.6611952150413689,0.6748916785375118,0.559693840181645,24
V2-U,V2M-two_stage_user_local_reranker-v1,protocol_a_rollv2_cv3,3,2026,V2H-local-real,True,real_eeg,hist_pos_std_rel_fallback0p05,history_position_context_std_fallback,0.2,0.025,0.85,100.0,0.85,20.0,0.75,1.0,,,0.05,0.8479159922586569,0.07258703492832785,0.6507637500000001,0.6553398058252428,0.6693896046572775,0.6553398058252428,0.6481502558288271,618,28,24,0.6615393153854693,0.6756732041107041,0.5598403281330111,24
V2-U,V2M-two_stage_user_local_reranker-v1,protocol_a_rollv2_cv3,3,2026,V2H-local-real,True,real_eeg,hist_pos_std_rel_fallback0p10,history_position_context_std_fallback,0.2,0.025,0.85,100.0,0.85,20.0,0.75,1.0,,,0.1,0.8479159922586569,0.07258703492832785,0.6507637500000001,0.6553398058252428,0.6700512558918454,0.6553398058252428,0.6565298854584568,618,28,24,0.6619472407933946,0.6758043769502103,0.5615249395737201,24
V2-U,V2M-two_stage_user_local_reranker-v1,protocol_a_rollv2_cv3,3,2026,V2H-local-real,True,real_eeg,count_hist_std_rel_fallback0p05,count_history_context_std_fallback,0.2,0.025,0.85,100.0,,,0.75,1.0,0.75,12.0,0.05,0.8645209646999166,0.0794319567764028,0.5512421875,0.6634304207119741,0.6869544041460965,0.6634304207119741,0.6607898318612605,618,28,24,0.6813552317922948,0.6940183620391954,0.5499890134036476,24
V2-U,V2M-two_stage_user_local_reranker-v1,protocol_a_rollv2_cv3,1,2027,V2H-local-real,True,real_eeg,margin_power0p2_base0p025,v2s_reference,0.2,0.025,,,,,,,,,0.0,1.0,0.0,1.0,0.7290969899665551,0.7342876369662085,0.7290969899665551,0.7582787054215625,598,35,28,0.7135406301824212,0.7093998660070089,0.5841374522735161,28
V2-U,V2M-two_stage_user_local_reranker-v1,protocol_a_rollv2_cv3,1,2027,V2H-local-real,True,real_eeg,hist_rel_f0p80_cap90_base0p025,history_reliability,0.2,0.025,0.8,90.0,,,,,,,0.0,0.9493346068131169,0.025042878757024368,0.8466666666666667,0.7190635451505016,0.7367019488448061,0.7190635451505016,0.7552650999793856,598,35,28,0.720229587990782,0.7192258683776541,0.5852481777160708,28
V2-U,V2M-two_stage_user_local_reranker-v1,protocol_a_rollv2_cv3,1,2027,V2H-local-real,True,real_eeg,hist_rel_f0p70_cap100_base0p025,history_reliability,0.2,0.025,0.7,100.0,,,,,,,0.0,0.9016017191977077,0.0338078863219829,0.7629999999999999,0.717391304347826,0.7355941446120019,0.717391304347826,0.7529899677042534,598,35,28,0.7232571988542138,0.7241864649900366,0.586671294689344,28
V2-U,V2M-two_stage_user_local_reranker-v1,protocol_a_rollv2_cv3,1,2027,V2H-local-real,True,real_eeg,pos_rel_f0p80_cap20_base0p025,session_position_reliability,0.2,0.025,,,0.8,20.0,,,,,0.0,0.9115759312320917,0.06521362817962645,0.81,0.7073578595317725,0.72645109850467,0.7073578595317725,0.7373421974850547,598,35,28,0.661976911976912,0.6490056818181819,0.5793474488024991,28
V2-U,V2M-two_stage_user_local_reranker-v1,protocol_a_rollv2_cv3,1,2027,V2H-local-real,True,real_eeg,std_rel_f0p70_ref1p0_base0p025,context_std_reliability,0.2,0.025,,,,,0.7,1.0,,,0.0,0.9347310470564213,0.07426178373401887,0.7,0.7307692307692307,0.7372638274423988,0.7307692307692307,0.760659657802515,598,35,28,0.7405531864487088,0.7387862038754898,0.595001735508504,28
V2-U,V2M-two_stage_user_local_reranker-v1,protocol_a_rollv2_cv3,1,2027,V2H-local-real,True,real_eeg,std_rel_f0p70_ref1p5_base0p025,context_std_reliability,0.2,0.025,,,,,0.7,1.5,,,0.0,0.8924695706558414,0.08669215609380927,0.7,0.7290969899665551,0.7340170741956455,0.7290969899665551,0.7580622552051123,598,35,28,0.7287353276905516,0.7288418625025769,0.5920166608816384,28
V2-U,V2M-two_stage_user_local_reranker-v1,protocol_a_rollv2_cv3,1,2027,V2H-local-real,True,real_eeg,count_std_rel_f0p75_count12_std1p0_base0p025,context_count_std_reliability,0.2,0.025,,,,,0.75,1.0,0.75,12.0,0.0,0.8949596108443543,0.0990826763280424,0.578125,0.7307692307692307,0.7372638274423988,0.7307692307692307,0.760659657802515,598,35,28,0.7428653270444315,0.7444726602762318,0.597500867754252,28
V2-U,V2M-two_stage_user_local_reranker-v1,protocol_a_rollv2_cv3,1,2027,V2H-local-real,True,real_eeg,hist_std_rel_fallback0p05,history_context_std_fallback,0.2,0.025,0.85,100.0,,,0.75,1.0,,,0.05,0.8994988074278707,0.0665119724760949,0.69825,0.7240802675585284,0.7227847152847154,0.7240802675585284,0.7441313131313131,598,35,28,0.7365362581034223,0.7337690038136467,0.594793474488025,28
V2-U,V2M-two_stage_user_local_reranker-v1,protocol_a_rollv2_cv3,1,2027,V2H-local-real,True,real_eeg,pos_std_rel_fallback0p05,position_context_std_fallback,0.2,0.025,,,0.8,20.0,0.75,1.0,,,0.05,0.8622744019717788,0.08652573860350377,0.6075,0.7073578595317725,0.72645109850467,0.7073578595317725,0.7373421974850547,598,35,28,0.6866156231827873,0.6787959312512885,0.5902117320374869,28
V2-U,V2M-two_stage_user_local_reranker-v1,protocol_a_rollv2_cv3,1,2027,V2H-local-real,True,real_eeg,hist_pos_std_rel_fallback0p05,history_position_context_std_fallback,0.2,0.025,0.85,100.0,0.85,20.0,0.75,1.0,,,0.05,0.8402185684136566,0.08030401242533992,0.598749375,0.7123745819397993,0.7302351121101122,0.7123745819397993,0.7403694083694085,598,35,28,0.707085890891861,0.7002103303442588,0.5934744880249913,28
V2-U,V2M-two_stage_user_local_reranker-v1,protocol_a_rollv2_cv3,1,2027,V2H-local-real,True,real_eeg,hist_pos_std_rel_fallback0p10,history_position_context_std_fallback,0.2,0.025,0.85,100.0,0.85,20.0,0.75,1.0,,,0.1,0.8402185684136566,0.08030401242533992,0.598749375,0.7107023411371237,0.7220505883005883,0.7107023411371237,0.7330281385281385,598,35,28,0.7048233938532446,0.6971349335188621,0.5945505032974662,28
V2-U,V2M-two_stage_user_local_reranker-v1,protocol_a_rollv2_cv3,1,2027,V2H-local-real,True,real_eeg,count_hist_std_rel_fallback0p05,count_history_context_std_fallback,0.2,0.025,0.85,100.0,,,0.75,1.0,0.75,12.0,0.05,0.851776871812611,0.1021810961915074,0.538234375,0.7224080267558528,0.7205525724275725,0.7224080267558528,0.7298455988455989,598,35,28,0.7311156339514548,0.7314069908266339,0.5969455050329747,28
V2-U,V2M-two_stage_user_local_reranker-v1,protocol_a_rollv2_cv3,2,2027,V2H-local-real,True,real_eeg,margin_power0p2_base0p025,v2s_reference,0.2,0.025,,,,,,,,,0.0,1.0,0.0,1.0,0.6472602739726028,0.6323082010582011,0.6472602739726028,0.6201036155202824,584,30,26,0.613833198051948,0.6125542050542051,0.6085899223974538,26
V2-U,V2M-two_stage_user_local_reranker-v1,protocol_a_rollv2_cv3,2,2027,V2H-local-real,True,real_eeg,hist_rel_f0p80_cap90_base0p025,history_reliability,0.2,0.025,0.8,90.0,,,,,,,0.0,0.9739388264669163,0.025924592202257783,0.8555555555555556,0.6455479452054794,0.6219983719983719,0.6455479452054794,0.611168430335097,584,30,26,0.6062598079004329,0.6029825267325267,0.61112899188213,26
V2-U,V2M-two_stage_user_local_reranker-v1,protocol_a_rollv2_cv3,2,2027,V2H-local-real,True,real_eeg,hist_rel_f0p70_cap100_base0p025,history_reliability,0.2,0.025,0.7,100.0,,,,,,,0.0,0.9380112359550562,0.03880750372883351,0.7749999999999999,0.648972602739726,0.6246336996336996,0.648972602739726,0.6139814814814816,584,30,26,0.6060712031024532,0.6027623765123764,0.6113077995923184,26
V2-U,V2M-two_stage_user_local_reranker-v1,protocol_a_rollv2_cv3,2,2027,V2H-local-real,True,real_eeg,pos_rel_f0p80_cap20_base0p025,session_position_reliability,0.2,0.025,,,0.8,20.0,,,,,0.0,0.9205337078651686,0.0635114471568677,0.81,0.6541095890410958,0.6400005087505088,0.6541095890410958,0.6393364197530863,584,30,26,0.6503135146103896,0.6463037888037888,0.620212423559704,26
V2-U,V2M-two_stage_user_local_reranker-v1,protocol_a_rollv2_cv3,2,2027,V2H-local-real,True,real_eeg,std_rel_f0p70_ref1p0_base0p025,context_std_reliability,0.2,0.025,,,,,0.7,1.0,,,0.0,0.9205178025467808,0.0698736763534046,0.7,0.648972602739726,0.6339107651607652,0.648972602739726,0.6214925044091711,584,30,26,0.6452861201298702,0.6435336422836424,0.5958588134320352,26
V2-U,V2M-two_stage_user_local_reranker-v1,protocol_a_rollv2_cv3,2,2027,V2H-local-real,True,real_eeg,std_rel_f0p70_ref1p5_base0p025,context_std_reliability,0.2,0.025,,,,,0.7,1.5,,,0.0,0.8614343430014358,0.06815775769049852,0.7,0.6506849315068494,0.6371158933658934,0.6506849315068494,0.6242702821869489,584,30,26,0.6403455312049062,0.6389618252118253,0.594714444086829,26
V2-U,V2M-two_stage_user_local_reranker-v1,protocol_a_rollv2_cv3,2,2027,V2H-local-real,True,real_eeg,count_std_rel_f0p75_count12_std1p0_base0p025,context_count_std_reliability,0.2,0.025,,,,,0.75,1.0,0.75,12.0,0.0,0.8932828121529744,0.08556981226855843,0.578125,0.6506849315068494,0.6371158933658934,0.6506849315068494,0.6242702821869489,584,30,26,0.6432130456349208,0.6417805342805344,0.6110217072560169,26
V2-U,V2M-two_stage_user_local_reranker-v1,protocol_a_rollv2_cv3,2,2027,V2H-local-real,True,real_eeg,hist_std_rel_fallback0p05,history_context_std_fallback,0.2,0.025,0.85,100.0,,,0.75,1.0,,,0.05,0.9049136091627868,0.060500682888885715,0.72975,0.6438356164383562,0.6216244403744404,0.6438356164383562,0.610844356261023,584,30,26,0.6281885822510823,0.6256723369223369,0.5993276830096914,26
V2-U,V2M-two_stage_user_local_reranker-v1,protocol_a_rollv2_cv3,2,2027,V2H-local-real,True,real_eeg,pos_std_rel_fallback0p05,position_context_std_fallback,0.2,0.025,,,0.8,20.0,0.75,1.0,,,0.05,0.8595978038306241,0.07987184348098915,0.6075,0.6541095890410958,0.641870166870167,0.6541095890410958,0.6344753086419753,584,30,26,0.6545844606782106,0.6506466681466682,0.6069806530057577,26
V2-U,V2M-two_stage_user_local_reranker-v1,protocol_a_rollv2_cv3,2,2027,V2H-local-real,True,real_eeg,hist_pos_std_rel_fallback0p05,history_position_context_std_fallback,0.2,0.025,0.85,100.0,0.85,20.0,0.75,1.0,,,0.05,0.8511539164028655,0.07308794925179413,0.625760625,0.6592465753424658,0.6411324786324786,0.6592465753424658,0.6356878306878306,584,30,26,0.6534297213203464,0.6498312798312799,0.6055144297822121,26
V2-U,V2M-two_stage_user_local_reranker-v1,protocol_a_rollv2_cv3,2,2027,V2H-local-real,True,real_eeg,hist_pos_std_rel_fallback0p10,history_position_context_std_fallback,0.2,0.025,0.85,100.0,0.85,20.0,0.75,1.0,,,0.1,0.8511539164028655,0.07308794925179413,0.625760625,0.6558219178082192,0.6387998575498576,0.6558219178082192,0.6318143738977071,584,30,26,0.6533889114357865,0.6492545417545418,0.6070164145477953,26
V2-U,V2M-two_stage_user_local_reranker-v1,protocol_a_rollv2_cv3,2,2027,V2H-local-real,True,real_eeg,count_hist_std_rel_fallback0p05,count_history_context_std_fallback,0.2,0.025,0.85,100.0,,,0.75,1.0,0.75,12.0,0.05,0.8659895879223865,0.08839942599254111,0.5625156250000001,0.648972602739726,0.6288359788359789,0.648972602739726,0.6170943562610229,584,30,26,0.6372976415945166,0.6353071465571466,0.6109144226299039,26
V2-U,V2M-two_stage_user_local_reranker-v1,protocol_a_rollv2_cv3,3,2027,V2H-local-real,True,real_eeg,margin_power0p2_base0p025,v2s_reference,0.2,0.025,,,,,,,,,0.0,1.0,0.0,1.0,0.6440129449838188,0.6697547127603887,0.6440129449838188,0.6538260086474372,618,28,24,0.662227603398932,0.6772524774608107,0.5691789350325935,24
V2-U,V2M-two_stage_user_local_reranker-v1,protocol_a_rollv2_cv3,3,2027,V2H-local-real,True,real_eeg,hist_rel_f0p80_cap90_base0p025,history_reliability,0.2,0.025,0.8,90.0,,,,,,,0.0,0.9883348895113602,0.02043372847516129,0.8644444444444445,0.6601941747572816,0.6906854829729571,0.6601941747572816,0.6721843797736655,618,28,24,0.676595180266509,0.6926652861027861,0.5639053687834176,24
V2-U,V2M-two_stage_user_local_reranker-v1,protocol_a_rollv2_cv3,3,2027,V2H-local-real,True,real_eeg,hist_rel_f0p70_cap100_base0p025,history_reliability,0.2,0.025,0.7,100.0,,,,,,,0.0,0.968310924369748,0.0372885067789125,0.7869999999999999,0.6666666666666666,0.7017462545600445,0.6666666666666666,0.6818738966060395,618,28,24,0.6854692122174639,0.7009273943648943,0.5580458507287775,24
V2-U,V2M-two_stage_user_local_reranker-v1,protocol_a_rollv2_cv3,3,2027,V2H-local-real,True,real_eeg,pos_rel_f0p80_cap20_base0p025,session_position_reliability,0.2,0.025,,,0.8,20.0,,,,,0.0,0.9303081232492997,0.06357390781398536,0.81,0.6779935275080906,0.7034164554354506,0.6779935275080906,0.6696144397930112,618,28,24,0.6875408779254933,0.7012818816985483,0.5646378085402476,24
V2-U,V2M-two_stage_user_local_reranker-v1,protocol_a_rollv2_cv3,3,2027,V2H-local-real,True,real_eeg,std_rel_f0p70_ref1p0_base0p025,context_std_reliability,0.2,0.025,,,,,0.7,1.0,,,0.0,0.889785411187631,0.07516685011436014,0.7,0.6488673139158576,0.6737904821607413,0.6488673139158576,0.6574446783375355,618,28,24,0.6557313219026506,0.6710658592950259,0.5507946971361606,24
V2-U,V2M-two_stage_user_local_reranker-v1,protocol_a_rollv2_cv3,3,2027,V2H-local-real,True,real_eeg,std_rel_f0p70_ref1p5_base0p025,context_std_reliability,0.2,0.025,,,,,0.7,1.5,,,0.0,0.8359782165167743,0.06786159635993821,0.7,0.6504854368932039,0.6755771985307911,0.6504854368932039,0.6589761495118639,618,28,24,0.6551068201417852,0.670248408998409,0.5539808100783711,24
V2-U,V2M-two_stage_user_local_reranker-v1,protocol_a_rollv2_cv3,3,2027,V2H-local-real,True,real_eeg,count_std_rel_f0p75_count12_std1p0_base0p025,context_count_std_reliability,0.2,0.025,,,,,0.75,1.0,0.75,12.0,0.0,0.8776013102859956,0.08167971645928372,0.578125,0.6472491909385113,0.6722472722841982,0.6472491909385113,0.6561219270147841,618,28,24,0.6587227748941036,0.6736893160851495,0.5400278327107595,24
V2-U,V2M-two_stage_user_local_reranker-v1,protocol_a_rollv2_cv3,3,2027,V2H-local-real,True,real_eeg,hist_std_rel_fallback0p05,history_context_std_fallback,0.2,0.025,0.85,100.0,,,0.75,1.0,,,0.05,0.8937371339897655,0.06344971814564437,0.715125,0.6699029126213593,0.702943859038899,0.6699029126213593,0.6830598535062821,618,28,24,0.6807198822933088,0.6973788017538017,0.551124295026734,24
V2-U,V2M-two_stage_user_local_reranker-v1,protocol_a_rollv2_cv3,3,2027,V2H-local-real,True,real_eeg,pos_std_rel_fallback0p05,position_context_std_fallback,0.2,0.025,,,0.8,20.0,0.75,1.0,,,0.05,0.8451580941512808,0.08451126651473329,0.6194328212443047,0.6828478964401294,0.7071253528367821,0.6828478964401294,0.6796530916173774,618,28,24,0.6925551818034336,0.7071547973631307,0.5516370028565151,24
V2-U,V2M-two_stage_user_local_reranker-v1,protocol_a_rollv2_cv3,3,2027,V2H-local-real,True,real_eeg,hist_pos_std_rel_fallback0p05,history_position_context_std_fallback,0.2,0.025,0.85,100.0,0.85,20.0,0.75,1.0,,,0.05,0.8474205679458398,0.07784918374018633,0.6507637500000001,0.6812297734627831,0.711032053774733,0.6812297734627831,0.6828422536458252,618,28,24,0.6922858803977685,0.708318167172334,0.5473156082912181,24
V2-U,V2M-two_stage_user_local_reranker-v1,protocol_a_rollv2_cv3,3,2027,V2H-local-real,True,real_eeg,hist_pos_std_rel_fallback0p10,history_position_context_std_fallback,0.2,0.025,0.85,100.0,0.85,20.0,0.75,1.0,,,0.1,0.8474205679458398,0.07784918374018633,0.6507637500000001,0.6844660194174758,0.7164619479546271,0.6844660194174758,0.6874964486571631,618,28,24,0.6975361856480737,0.7134702835744502,0.5488171097927196,24
V2-U,V2M-two_stage_user_local_reranker-v1,protocol_a_rollv2_cv3,3,2027,V2H-local-real,True,real_eeg,count_hist_std_rel_fallback0p05,count_history_context_std_fallback,0.2,0.025,0.85,100.0,,,0.75,1.0,0.75,12.0,0.05,0.8640495675768717,0.0851422533910454,0.5512421875,0.6731391585760518,0.7064389248283726,0.6731391585760518,0.6863194906944906,618,28,24,0.6860950626684893,0.7024162797079464,0.5385995751849411,24
V2-U,V2M-two_stage_user_local_reranker-v1,protocol_a_rollv2_cv3,1,2028,V2H-local-real,True,real_eeg,margin_power0p2_base0p025,v2s_reference,0.2,0.025,,,,,,,,,0.0,1.0,0.0,1.0,0.7324414715719063,0.7629730983302414,0.7324414715719063,0.7841880024737168,598,35,28,0.7242385475221296,0.7209847196454341,0.5806317250954529,28
V2-U,V2M-two_stage_user_local_reranker-v1,protocol_a_rollv2_cv3,1,2028,V2H-local-real,True,real_eeg,hist_rel_f0p80_cap90_base0p025,history_reliability,0.2,0.025,0.8,90.0,,,,,,,0.0,0.9493346068131169,0.025042878757024368,0.8466666666666667,0.717391304347826,0.7558831512402941,0.717391304347826,0.7773255686112829,598,35,28,0.7238322456979175,0.7247373179069607,0.5809788267962512,28
V2-U,V2M-two_stage_user_local_reranker-v1,protocol_a_rollv2_cv3,1,2028,V2H-local-real,True,real_eeg,hist_rel_f0p70_cap100_base0p025,history_reliability,0.2,0.025,0.7,100.0,,,,,,,0.0,0.9016017191977077,0.0338078863219829,0.7629999999999999,0.7123745819397993,0.7461139786139788,0.7123745819397993,0.7639699374699375,598,35,28,0.7166203613964809,0.7171195801552945,0.5806664352655329,28
V2-U,V2M-two_stage_user_local_reranker-v1,protocol_a_rollv2_cv3,1,2028,V2H-local-real,True,real_eeg,pos_rel_f0p80_cap20_base0p025,session_position_reliability,0.2,0.025,,,0.8,20.0,,,,,0.0,0.9115759312320917,0.06521362817962645,0.81,0.7073578595317725,0.7410784949177807,0.7073578595317725,0.7470599876314162,598,35,28,0.6637666645129332,0.6498568594104308,0.5753210690732384,28
V2-U,V2M-two_stage_user_local_reranker-v1,protocol_a_rollv2_cv3,1,2028,V2H-local-real,True,real_eeg,std_rel_f0p70_ref1p0_base0p025,context_std_reliability,0.2,0.025,,,,,0.7,1.0,,,0.0,0.9340017255903253,0.07717161061794212,0.7,0.7307692307692307,0.7619810348381779,0.7307692307692307,0.783394351680066,598,35,28,0.7350132454610068,0.7279121572871575,0.5893092676154114,28
V2-U,V2M-two_stage_user_local_reranker-v1,protocol_a_rollv2_cv3,1,2028,V2H-local-real,True,real_eeg,std_rel_f0p70_ref1p5_base0p025,context_std_reliability,0.2,0.025,,,,,0.7,1.5,,,0.0,0.8859088891535593,0.08397040220912645,0.7,0.7290969899665551,0.7580127808699239,0.7290969899665551,0.7802197485054628,598,35,28,0.7278333441020008,0.7211223201401775,0.587296077750781,28
V2-U,V2M-two_stage_user_local_reranker-v1,protocol_a_rollv2_cv3,1,2028,V2H-local-real,True,real_eeg,count_std_rel_f0p75_count12_std1p0_base0p025,context_count_std_reliability,0.2,0.025,,,,,0.75,1.0,0.75,12.0,0.0,0.8942394209845437,0.09907556414557682,0.578125,0.7307692307692307,0.7590048443619873,0.7307692307692307,0.7810133992991136,598,35,28,0.7535714285714286,0.7516830292723152,0.5922943422422771,28
V2-U,V2M-two_stage_user_local_reranker-v1,protocol_a_rollv2_cv3,1,2028,V2H-local-real,True,real_eeg,hist_std_rel_fallback0p05,history_context_std_fallback,0.2,0.025,0.85,100.0,,,0.75,1.0,,,0.05,0.8988865267600571,0.06815979852392326,0.69825,0.717391304347826,0.7329730983302413,0.717391304347826,0.7601880024737168,598,35,28,0.7221596562641339,0.7137107683982685,0.5889621659146129,28
V2-U,V2M-two_stage_user_local_reranker-v1,protocol_a_rollv2_cv3,1,2028,V2H-local-real,True,real_eeg,pos_std_rel_fallback0p05,position_context_std_fallback,0.2,0.025,,,0.8,20.0,0.75,1.0,,,0.05,0.8615802874302355,0.08657706781170176,0.6075,0.7140468227424749,0.747427701266987,0.7140468227424749,0.7521393527107814,598,35,28,0.6986185953350132,0.6905491780045351,0.5835473793821591,28
V2-U,V2M-two_stage_user_local_reranker-v1,protocol_a_rollv2_cv3,1,2028,V2H-local-real,True,real_eeg,hist_pos_std_rel_fallback0p05,history_position_context_std_fallback,0.2,0.025,0.85,100.0,0.85,20.0,0.75,1.0,,,0.05,0.8395494972916234,0.08051222783418885,0.598749375,0.7107023411371237,0.7294146627182341,0.7107023411371237,0.7377289218717791,598,35,28,0.6998315780405332,0.6911444160997731,0.5864977438389448,28
V2-U,V2M-two_stage_user_local_reranker-v1,protocol_a_rollv2_cv3,1,2028,V2H-local-real,True,real_eeg,hist_pos_std_rel_fallback0p10,history_position_context_std_fallback,0.2,0.025,0.85,100.0,0.85,20.0,0.75,1.0,,,0.1,0.8395494972916234,0.08051222783418885,0.598749375,0.7107023411371237,0.7275793452579167,0.7107023411371237,0.7362606679035252,598,35,28,0.6982312463655747,0.6890610827664398,0.5867754251995836,28
V2-U,V2M-two_stage_user_local_reranker-v1,protocol_a_rollv2_cv3,1,2028,V2H-local-real,True,real_eeg,count_hist_std_rel_fallback0p05,count_history_context_std_fallback,0.2,0.025,0.85,100.0,,,0.75,1.0,0.75,12.0,0.05,0.8510691136709125,0.10214712400965362,0.538234375,0.7157190635451505,0.7250266697588128,0.7157190635451505,0.7377594310451454,598,35,28,0.7432693674484718,0.7401814703153992,0.5918431100312391,28
V2-U,V2M-two_stage_user_local_reranker-v1,protocol_a_rollv2_cv3,2,2028,V2H-local-real,True,real_eeg,margin_power0p2_base0p025,v2s_reference,0.2,0.025,,,,,,,,,0.0,1.0,0.0,1.0,0.6763698630136986,0.6605540293040294,0.6763698630136986,0.6517261904761906,584,30,26,0.6387502254689756,0.6369408369408369,0.5953939133855451,26
V2-U,V2M-two_stage_user_local_reranker-v1,protocol_a_rollv2_cv3,2,2028,V2H-local-real,True,real_eeg,hist_rel_f0p80_cap90_base0p025,history_reliability,0.2,0.025,0.8,90.0,,,,,,,0.0,0.9739388264669163,0.025924592202257783,0.8555555555555556,0.6558219178082192,0.6324379324379324,0.6558219178082192,0.6244488536155203,584,30,26,0.6164830221861473,0.6131565194065194,0.5955011980116582,26
V2-U,V2M-two_stage_user_local_reranker-v1,protocol_a_rollv2_cv3,2,2028,V2H-local-real,True,real_eeg,hist_rel_f0p70_cap100_base0p025,history_reliability,0.2,0.025,0.7,100.0,,,,,,,0.0,0.9380112359550562,0.03880750372883351,0.7749999999999999,0.6523972602739726,0.632010582010582,0.6523972602739726,0.625189594356261,584,30,26,0.6143601190476191,0.6106395918895919,0.5948217287129421,26
V2-U,V2M-two_stage_user_local_reranker-v1,protocol_a_rollv2_cv3,2,2028,V2H-local-real,True,real_eeg,pos_rel_f0p80_cap20_base0p025,session_position_reliability,0.2,0.025,,,0.8,20.0,,,,,0.0,0.9205337078651686,0.0635114471568677,0.81,0.6455479452054794,0.6302553927553928,0.6455479452054794,0.6308906525573192,584,30,26,0.6484434749278499,0.6440922503422504,0.6049780066516468,26
V2-U,V2M-two_stage_user_local_reranker-v1,protocol_a_rollv2_cv3,2,2028,V2H-local-real,True,real_eeg,std_rel_f0p70_ref1p0_base0p025,context_std_reliability,0.2,0.025,,,,,0.7,1.0,,,0.0,0.9152502416410145,0.07355240875912399,0.7,0.6763698630136986,0.6605540293040294,0.6763698630136986,0.6517261904761905,584,30,26,0.6625767721861473,0.6614115051615053,0.5860959124557451,26
V2-U,V2M-two_stage_user_local_reranker-v1,protocol_a_rollv2_cv3,2,2028,V2H-local-real,True,real_eeg,std_rel_f0p70_ref1p5_base0p025,context_std_reliability,0.2,0.025,,,,,0.7,1.5,,,0.0,0.8578616526069901,0.07059576858847848,0.7,0.6763698630136986,0.6605540293040294,0.6763698630136986,0.6517261904761905,584,30,26,0.6607191332972584,0.6597021034521036,0.584486643064049,26
V2-U,V2M-two_stage_user_local_reranker-v1,protocol_a_rollv2_cv3,2,2028,V2H-local-real,True,real_eeg,count_std_rel_f0p75_count12_std1p0_base0p025,context_count_std_reliability,0.2,0.025,,,,,0.75,1.0,0.75,12.0,0.0,0.8889737613036719,0.08585385403981073,0.578125,0.6746575342465754,0.6589514652014652,0.6746575342465754,0.6503373015873015,584,30,26,0.6673423971861472,0.6660589410589411,0.5948217287129421,26
V2-U,V2M-two_stage_user_local_reranker-v1,protocol_a_rollv2_cv3,2,2028,V2H-local-real,True,real_eeg,hist_std_rel_fallback0p05,history_context_std_fallback,0.2,0.025,0.85,100.0,,,0.75,1.0,,,0.05,0.9005420882462887,0.06159933964835359,0.72975,0.660958904109589,0.6446174196174197,0.660958904109589,0.6368562610229277,584,30,26,0.6495745400432901,0.6475734913234914,0.5852376354468405,26
V2-U,V2M-two_stage_user_local_reranker-v1,protocol_a_rollv2_cv3,2,2028,V2H-local-real,True,real_eeg,pos_std_rel_fallback0p05,position_context_std_fallback,0.2,0.025,,,0.8,20.0,0.75,1.0,,,0.05,0.8556377957023223,0.08218194172129524,0.6075,0.648972602739726,0.63365638990639,0.648972602739726,0.6273567019400353,584,30,26,0.6521165900072151,0.6483097920597921,0.5994707291778422,26
V2-U,V2M-two_stage_user_local_reranker-v1,protocol_a_rollv2_cv3,2,2028,V2H-local-real,True,real_eeg,hist_pos_std_rel_fallback0p05,history_position_context_std_fallback,0.2,0.025,0.85,100.0,0.85,20.0,0.75,1.0,,,0.05,0.8471056495548478,0.07438047800330984,0.625760625,0.6472602739726028,0.6249567562067563,0.6472602739726028,0.6179651675485008,584,30,26,0.6423770066738818,0.6381602194102195,0.596359475020563,26
V2-U,V2M-two_stage_user_local_reranker-v1,protocol_a_rollv2_cv3,2,2028,V2H-local-real,True,real_eeg,hist_pos_std_rel_fallback0p10,history_position_context_std_fallback,0.2,0.025,0.85,100.0,0.85,20.0,0.75,1.0,,,0.1,0.8471056495548478,0.07438047800330984,0.625760625,0.6472602739726028,0.6295965608465609,0.6472602739726028,0.6238381834215169,584,30,26,0.6427589511183261,0.6379465441965443,0.5978972213281837,26
V2-U,V2M-two_stage_user_local_reranker-v1,protocol_a_rollv2_cv3,2,2028,V2H-local-real,True,real_eeg,count_hist_std_rel_fallback0p05,count_history_context_std_fallback,0.2,0.025,0.85,100.0,,,0.75,1.0,0.75,12.0,0.05,0.8617083505593048,0.08777741493107746,0.5625156250000001,0.6643835616438356,0.649425111925112,0.6643835616438356,0.6410229276895943,584,30,26,0.6602863455988456,0.6588982776482778,0.5955727210957337,26
V2-U,V2M-two_stage_user_local_reranker-v1,protocol_a_rollv2_cv3,3,2028,V2H-local-real,True,real_eeg,margin_power0p2_base0p025,v2s_reference,0.2,0.025,,,,,,,,,0.0,1.0,0.0,1.0,0.6601941747572816,0.6723799103170557,0.6601941747572816,0.6746566693888122,618,28,24,0.6744133585916803,0.6863708320999988,0.564161722698308,24
V2-U,V2M-two_stage_user_local_reranker-v1,protocol_a_rollv2_cv3,3,2028,V2H-local-real,True,real_eeg,hist_rel_f0p80_cap90_base0p025,history_reliability,0.2,0.025,0.8,90.0,,,,,,,0.0,0.9883348895113602,0.02043372847516129,0.8644444444444445,0.656957928802589,0.6707000161371615,0.656957928802589,0.6732167600917601,618,28,24,0.6729870071653289,0.6852464934756601,0.559693840181645,24
V2-U,V2M-two_stage_user_local_reranker-v1,protocol_a_rollv2_cv3,3,2028,V2H-local-real,True,real_eeg,hist_rel_f0p70_cap100_base0p025,history_reliability,0.2,0.025,0.7,100.0,,,,,,,0.0,0.968310924369748,0.0372885067789125,0.7869999999999999,0.6650485436893204,0.6798325117279904,0.6650485436893204,0.6825327086934231,618,28,24,0.6814840656623873,0.6933373223998224,0.552955394418809,24
V2-U,V2M-two_stage_user_local_reranker-v1,protocol_a_rollv2_cv3,3,2028,V2H-local-real,True,real_eeg,pos_rel_f0p80_cap20_base0p025,session_position_reliability,0.2,0.025,,,0.8,20.0,,,,,0.0,0.9303081232492997,0.06357390781398536,0.81,0.6650485436893204,0.6720735874068886,0.6650485436893204,0.6740270741163599,618,28,24,0.650156554789422,0.6655260750052417,0.5610122317439391,24
V2-U,V2M-two_stage_user_local_reranker-v1,protocol_a_rollv2_cv3,3,2028,V2H-local-real,True,real_eeg,std_rel_f0p70_ref1p0_base0p025,context_std_reliability,0.2,0.025,,,,,0.7,1.0,,,0.0,0.8614295969367114,0.0655766175180377,0.7,0.6537216828478964,0.6670211140207593,0.6537216828478964,0.6708074630396059,618,28,24,0.6643220610003827,0.6765174370382704,0.5642715886618325,24
V2-U,V2M-two_stage_user_local_reranker-v1,protocol_a_rollv2_cv3,3,2028,V2H-local-real,True,real_eeg,std_rel_f0p70_ref1p5_base0p025,context_std_reliability,0.2,0.025,,,,,0.7,1.5,,,0.0,0.8155485644617989,0.06369473332824992,0.7,0.6537216828478964,0.6656074235445688,0.6537216828478964,0.6695957283457284,618,28,24,0.6621991838775056,0.6740620798954131,0.5647842964916137,24
V2-U,V2M-two_stage_user_local_reranker-v1,protocol_a_rollv2_cv3,3,2028,V2H-local-real,True,real_eeg,count_std_rel_f0p75_count12_std1p0_base0p025,context_count_std_reliability,0.2,0.025,,,,,0.75,1.0,0.75,12.0,0.0,0.8548185425634469,0.07634472943235904,0.578125,0.6537216828478964,0.6670211140207593,0.6537216828478964,0.6708074630396059,618,28,24,0.656552053230375,0.6703445975320976,0.557643008862521,24
V2-U,V2M-two_stage_user_local_reranker-v1,protocol_a_rollv2_cv3,3,2028,V2H-local-real,True,real_eeg,hist_std_rel_fallback0p05,history_context_std_fallback,0.2,0.025,0.85,100.0,,,0.75,1.0,,,0.05,0.8704898250040379,0.0560117319740913,0.715125,0.6553398058252428,0.6722076134780921,0.6553398058252428,0.6752530340030339,618,28,24,0.6697594654762488,0.681981714273381,0.5598037061451695,24
V2-U,V2M-two_stage_user_local_reranker-v1,protocol_a_rollv2_cv3,3,2028,V2H-local-real,True,real_eeg,pos_std_rel_fallback0p05,position_context_std_fallback,0.2,0.025,,,0.8,20.0,0.75,1.0,,,0.05,0.8230998109800142,0.07817299228571836,0.6422281780131679,0.6715210355987055,0.6776673550346474,0.6715210355987055,0.678926159819017,618,28,24,0.6658545320258606,0.6799112076195408,0.5645279425767231,24
V2-U,V2M-two_stage_user_local_reranker-v1,protocol_a_rollv2_cv3,3,2028,V2H-local-real,True,real_eeg,hist_pos_std_rel_fallback0p05,history_position_context_std_fallback,0.2,0.025,0.85,100.0,0.85,20.0,0.75,1.0,,,0.05,0.8253290629177392,0.07153539143235095,0.6507637500000001,0.6812297734627831,0.6892992994790917,0.6812297734627831,0.6881523502952075,618,28,24,0.6828014739728027,0.6962284474784474,0.5598769501208526,24
V2-U,V2M-two_stage_user_local_reranker-v1,protocol_a_rollv2_cv3,3,2028,V2H-local-real,True,real_eeg,hist_pos_std_rel_fallback0p10,history_position_context_std_fallback,0.2,0.025,0.85,100.0,0.85,20.0,0.75,1.0,,,0.1,0.8253290629177392,0.07153539143235095,0.6507637500000001,0.6747572815533981,0.6876796922344844,0.6747572815533981,0.6867641155141155,618,28,24,0.6819299096396999,0.6953804451721118,0.5620010254156595,24
V2-U,V2M-two_stage_user_local_reranker-v1,protocol_a_rollv2_cv3,3,2028,V2H-local-real,True,real_eeg,count_hist_std_rel_fallback0p05,count_history_context_std_fallback,0.2,0.025,0.85,100.0,,,0.75,1.0,0.75,12.0,0.05,0.8416254456507107,0.08011680742813729,0.5512421875,0.6553398058252428,0.6722076134780921,0.6553398058252428,0.6752530340030339,618,28,24,0.6629607086774919,0.6765804797054797,0.552955394418809,24
V2-U,V2M-two_stage_user_local_reranker-v1,protocol_a_rollv2_cv3,1,2029,V2H-local-real,True,real_eeg,margin_power0p2_base0p025,v2s_reference,0.2,0.025,,,,,,,,,0.0,1.0,0.0,1.0,0.7073578595317725,0.7133733396233397,0.7073578595317725,0.7409672919672919,598,35,28,0.7017423703990868,0.6982968288325432,0.5851440472058314,28
V2-U,V2M-two_stage_user_local_reranker-v1,protocol_a_rollv2_cv3,1,2029,V2H-local-real,True,real_eeg,hist_rel_f0p80_cap90_base0p025,history_reliability,0.2,0.025,0.8,90.0,,,,,,,0.0,0.9493346068131169,0.025042878757024368,0.8466666666666667,0.7073578595317725,0.7168228861086003,0.7073578595317725,0.7385681989967705,598,35,28,0.7131341129848592,0.7122663067752353,0.5871919472405415,28
V2-U,V2M-two_stage_user_local_reranker-v1,protocol_a_rollv2_cv3,1,2029,V2H-local-real,True,real_eeg,hist_rel_f0p70_cap100_base0p025,history_reliability,0.2,0.025,0.7,100.0,,,,,,,0.0,0.9016017191977077,0.0338078863219829,0.7629999999999999,0.705685618729097,0.717924076584791,0.705685618729097,0.7416316910602626,598,35,28,0.7083649932157394,0.7091078085274515,0.5880597014925373,28
V2-U,V2M-two_stage_user_local_reranker-v1,protocol_a_rollv2_cv3,1,2029,V2H-local-real,True,real_eeg,pos_rel_f0p80_cap20_base0p025,session_position_reliability,0.2,0.025,,,0.8,20.0,,,,,0.0,0.9115759312320917,0.06521362817962645,0.81,0.697324414715719,0.7100740198954486,0.697324414715719,0.7198754552325982,598,35,28,0.6578321595485774,0.6441039433450149,0.5825407844498438,28
V2-U,V2M-two_stage_user_local_reranker-v1,protocol_a_rollv2_cv3,1,2029,V2H-local-real,True,real_eeg,std_rel_f0p70_ref1p0_base0p025,context_std_reliability,0.2,0.025,,,,,0.7,1.0,,,0.0,0.9421822867112329,0.07033046812222951,0.7,0.7090301003344481,0.7163495300995301,0.7090301003344481,0.7433482443482444,598,35,28,0.7041671512567036,0.6967052755445613,0.5921902117320376,28
V2-U,V2M-two_stage_user_local_reranker-v1,protocol_a_rollv2_cv3,1,2029,V2H-local-real,True,real_eeg,std_rel_f0p70_ref1p5_base0p025,context_std_reliability,0.2,0.025,,,,,0.7,1.5,,,0.0,0.8954311101136541,0.08171849113826235,0.7,0.7090301003344481,0.7163495300995301,0.7090301003344481,0.7433482443482444,598,35,28,0.6829517994443368,0.6782103775853778,0.5822283929191253,28
V2-U,V2M-two_stage_user_local_reranker-v1,protocol_a_rollv2_cv3,1,2029,V2H-local-real,True,real_eeg,count_std_rel_f0p75_count12_std1p0_base0p025,context_count_std_reliability,0.2,0.025,,,,,0.75,1.0,0.75,12.0,0.0,0.9008453747795471,0.0975599242133465,0.578125,0.7090301003344481,0.7163495300995301,0.7090301003344481,0.7433482443482444,598,35,28,0.7252355107578988,0.7230464938500655,0.5964942728219368,28
V2-U,V2M-two_stage_user_local_reranker-v1,protocol_a_rollv2_cv3,1,2029,V2H-local-real,True,real_eeg,hist_std_rel_fallback0p05,history_context_std_fallback,0.2,0.025,0.85,100.0,,,0.75,1.0,,,0.05,0.9053496953612906,0.06305517590237672,0.69825,0.7090301003344481,0.7121311889169034,0.7090301003344481,0.7342348656634371,598,35,28,0.7121531950636428,0.7079506373256376,0.5930579659840334,28
V2-U,V2M-two_stage_user_local_reranker-v1,protocol_a_rollv2_cv3,1,2029,V2H-local-real,True,real_eeg,pos_std_rel_fallback0p05,position_context_std_fallback,0.2,0.025,,,0.8,20.0,0.75,1.0,,,0.05,0.8680889718893382,0.08639972380482959,0.6075,0.7006688963210702,0.7124053691017977,0.7006688963210702,0.7217405345976775,598,35,28,0.6915895630074733,0.6829361428915001,0.5884415133634155,28
V2-U,V2M-two_stage_user_local_reranker-v1,protocol_a_rollv2_cv3,1,2029,V2H-local-real,True,real_eeg,hist_pos_std_rel_fallback0p05,history_position_context_std_fallback,0.2,0.025,0.85,100.0,0.85,20.0,0.75,1.0,,,0.05,0.8457923283337899,0.07912859836439104,0.598749375,0.6989966555183946,0.7109767976732263,0.6989966555183946,0.7205976774548204,598,35,28,0.6942997135534449,0.6870154564350992,0.590628254078445,28
V2-U,V2M-two_stage_user_local_reranker-v1,protocol_a_rollv2_cv3,1,2029,V2H-local-real,True,real_eeg,hist_pos_std_rel_fallback0p10,history_position_context_std_fallback,0.2,0.025,0.85,100.0,0.85,20.0,0.75,1.0,,,0.1,0.8457923283337899,0.07912859836439104,0.598749375,0.7023411371237458,0.713298226244655,0.7023411371237458,0.7224548203119633,598,35,28,0.6964638926579225,0.6893368850065279,0.5913918778202013,28
V2-U,V2M-two_stage_user_local_reranker-v1,protocol_a_rollv2_cv3,1,2029,V2H-local-real,True,real_eeg,count_hist_std_rel_fallback0p05,count_history_context_std_fallback,0.2,0.025,0.85,100.0,,,0.75,1.0,0.75,12.0,0.05,0.8573297786141585,0.10056714304525423,0.538234375,0.7073578595317725,0.7083514270121415,0.7073578595317725,0.7187110561396276,598,35,28,0.7230131808490018,0.7203804842644129,0.5963554321416176,28
V2-U,V2M-two_stage_user_local_reranker-v1,protocol_a_rollv2_cv3,2,2029,V2H-local-real,True,real_eeg,margin_power0p2_base0p025,v2s_reference,0.2,0.025,,,,,,,,,0.0,1.0,0.0,1.0,0.6763698630136986,0.6565358252858253,0.6763698630136986,0.6295929533429533,584,30,26,0.6225756448412698,0.6234819347319346,0.6015091370739907,26
V2-U,V2M-two_stage_user_local_reranker-v1,protocol_a_rollv2_cv3,2,2029,V2H-local-real,True,real_eeg,hist_rel_f0p80_cap90_base0p025,history_reliability,0.2,0.025,0.8,90.0,,,,,,,0.0,0.9739388264669163,0.025924592202257783,0.8555555555555556,0.6575342465753424,0.6253417878417877,0.6575342465753424,0.6014999198332532,584,30,26,0.6001618867243868,0.5984262034262033,0.6036190680542145,26
V2-U,V2M-two_stage_user_local_reranker-v1,protocol_a_rollv2_cv3,2,2029,V2H-local-real,True,real_eeg,hist_rel_f0p70_cap100_base0p025,history_reliability,0.2,0.025,0.7,100.0,,,,,,,0.0,0.9380112359550562,0.03880750372883351,0.7749999999999999,0.6523972602739726,0.6205875143375142,0.6523972602739726,0.6027499198332532,584,30,26,0.5976482458513709,0.5952134439634439,0.6051210528197976,26
V2-U,V2M-two_stage_user_local_reranker-v1,protocol_a_rollv2_cv3,2,2029,V2H-local-real,True,real_eeg,pos_rel_f0p80_cap20_base0p025,session_position_reliability,0.2,0.025,,,0.8,20.0,,,,,0.0,0.9205337078651686,0.0635114471568677,0.81,0.6404109589041096,0.6150675713175713,0.6404109589041096,0.5994077681577682,584,30,26,0.6167878562409814,0.6129778554778554,0.6120587919751099,26
V2-U,V2M-two_stage_user_local_reranker-v1,protocol_a_rollv2_cv3,2,2029,V2H-local-real,True,real_eeg,std_rel_f0p70_ref1p0_base0p025,context_std_reliability,0.2,0.025,,,,,0.7,1.0,,,0.0,0.9299261317041148,0.07437914603796246,0.7,0.6763698630136986,0.6565358252858253,0.6763698630136986,0.6295929533429533,584,30,26,0.6463299287518037,0.647340021090021,0.5939634517040374,26
V2-U,V2M-two_stage_user_local_reranker-v1,protocol_a_rollv2_cv3,2,2029,V2H-local-real,True,real_eeg,std_rel_f0p70_ref1p5_base0p025,context_std_reliability,0.2,0.025,,,,,0.7,1.5,,,0.0,0.8735882088610275,0.07479994637888251,0.7,0.6746575342465754,0.6543990731490731,0.6746575342465754,0.6272120009620009,584,30,26,0.6387265512265513,0.64007992007992,0.5926402746486428,26
V2-U,V2M-two_stage_user_local_reranker-v1,protocol_a_rollv2_cv3,2,2029,V2H-local-real,True,real_eeg,count_std_rel_f0p75_count12_std1p0_base0p025,context_count_std_reliability,0.2,0.025,,,,,0.75,1.0,0.75,12.0,0.0,0.9009352095603728,0.08943579695817519,0.578125,0.6746575342465754,0.6543990731490731,0.6746575342465754,0.6272120009620009,584,30,26,0.6584471951659452,0.6588736263736263,0.6061581375388907,26
V2-U,V2M-two_stage_user_local_reranker-v1,protocol_a_rollv2_cv3,2,2029,V2H-local-real,True,real_eeg,hist_std_rel_fallback0p05,history_context_std_fallback,0.2,0.025,0.85,100.0,,,0.75,1.0,,,0.05,0.9123674785333254,0.06191404564084543,0.72975,0.6712328767123288,0.6446615884115884,0.6712328767123288,0.6187728475228476,584,30,26,0.6315597943722944,0.6306678044178045,0.5957157672638845,26
V2-U,V2M-two_stage_user_local_reranker-v1,protocol_a_rollv2_cv3,2,2029,V2H-local-real,True,real_eeg,pos_std_rel_fallback0p05,position_context_std_fallback,0.2,0.025,,,0.8,20.0,0.75,1.0,,,0.05,0.8663284081885739,0.0772011328495438,0.6075,0.6386986301369864,0.610794067044067,0.6386986301369864,0.5938522126022127,584,30,26,0.6203964871933623,0.6151909201909201,0.609019060901906,26
V2-U,V2M-two_stage_user_local_reranker-v1,protocol_a_rollv2_cv3,2,2029,V2H-local-real,True,real_eeg,hist_pos_std_rel_fallback0p05,history_position_context_std_fallback,0.2,0.025,0.85,100.0,0.85,20.0,0.75,1.0,,,0.05,0.8578150510900567,0.0702213710280902,0.625760625,0.6386986301369864,0.6102954915454915,0.6386986301369864,0.5936185265351932,584,30,26,0.6211887851731601,0.6163094775594775,0.6052998605299861,26
V2-U,V2M-two_stage_user_local_reranker-v1,protocol_a_rollv2_cv3,2,2029,V2H-local-real,True,real_eeg,hist_pos_std_rel_fallback0p10,history_position_context_std_fallback,0.2,0.025,0.85,100.0,0.85,20.0,0.75,1.0,,,0.1,0.8578150510900567,0.0702213710280902,0.625760625,0.6386986301369864,0.607751739001739,0.6386986301369864,0.5944562690396024,584,30,26,0.6198977498196249,0.6148785011285012,0.6068376068376068,26
V2-U,V2M-two_stage_user_local_reranker-v1,protocol_a_rollv2_cv3,2,2029,V2H-local-real,True,real_eeg,count_hist_std_rel_fallback0p05,count_history_context_std_fallback,0.2,0.025,0.85,100.0,,,0.75,1.0,0.75,12.0,0.05,0.8732766608362387,0.0908855104354546,0.5625156250000001,0.6746575342465754,0.6480956543456544,0.6746575342465754,0.6314712602212603,584,30,26,0.6554918605699855,0.6537357087357087,0.6095912455745092,26
V2-U,V2M-two_stage_user_local_reranker-v1,protocol_a_rollv2_cv3,3,2029,V2H-local-real,True,real_eeg,margin_power0p2_base0p025,v2s_reference,0.2,0.025,,,,,,,,,0.0,1.0,0.0,1.0,0.6828478964401294,0.701375265863785,0.6828478964401294,0.6991728872978874,618,28,24,0.6970034336293077,0.7069924866799866,0.5963890719988281,24
V2-U,V2M-two_stage_user_local_reranker-v1,protocol_a_rollv2_cv3,3,2029,V2H-local-real,True,real_eeg,hist_rel_f0p80_cap90_base0p025,history_reliability,0.2,0.025,0.8,90.0,,,,,,,0.0,0.9883348895113602,0.02043372847516129,0.8644444444444445,0.6779935275080906,0.6971391837603783,0.6779935275080906,0.6954375320446748,618,28,24,0.6928339919598661,0.7025287521120855,0.5930198491174101,24
V2-U,V2M-two_stage_user_local_reranker-v1,protocol_a_rollv2_cv3,3,2029,V2H-local-real,True,real_eeg,hist_rel_f0p70_cap100_base0p025,history_reliability,0.2,0.025,0.7,100.0,,,,,,,0.0,0.968310924369748,0.0372885067789125,0.7869999999999999,0.6796116504854369,0.6975100694440864,0.6796116504854369,0.6953884012812585,618,28,24,0.6978012469271211,0.7067703746870414,0.590163334065773,24
V2-U,V2M-two_stage_user_local_reranker-v1,protocol_a_rollv2_cv3,3,2029,V2H-local-real,True,real_eeg,pos_rel_f0p80_cap20_base0p025,session_position_reliability,0.2,0.025,,,0.8,20.0,,,,,0.0,0.9303081232492997,0.06357390781398536,0.81,0.656957928802589,0.6745496427281772,0.656957928802589,0.6591301324337039,618,28,24,0.669980534228786,0.6791493961285627,0.5894308943089431,24
V2-U,V2M-two_stage_user_local_reranker-v1,protocol_a_rollv2_cv3,3,2029,V2H-local-real,True,real_eeg,std_rel_f0p70_ref1p0_base0p025,context_std_reliability,0.2,0.025,,,,,0.7,1.0,,,0.0,0.8754648727284894,0.0684926192742817,0.7,0.6796116504854369,0.6987060929314541,0.6796116504854369,0.6967805970484543,618,28,24,0.6901366892625633,0.7010544355336021,0.5857320735369516,24
V2-U,V2M-two_stage_user_local_reranker-v1,protocol_a_rollv2_cv3,3,2029,V2H-local-real,True,real_eeg,std_rel_f0p70_ref1p5_base0p025,context_std_reliability,0.2,0.025,,,,,0.7,1.5,,,0.0,0.8262800237046937,0.06654778349731238,0.7,0.6779935275080906,0.6962551125392973,0.6779935275080906,0.6938044065722638,618,28,24,0.6903739519998261,0.7015008641050308,0.5849263898044387,24
V2-U,V2M-two_stage_user_local_reranker-v1,protocol_a_rollv2_cv3,3,2029,V2H-local-real,True,real_eeg,count_std_rel_f0p75_count12_std1p0_base0p025,context_count_std_reliability,0.2,0.025,,,,,0.75,1.0,0.75,12.0,0.0,0.8660847777275744,0.07779462161557422,0.578125,0.6779935275080906,0.6962551125392973,0.6779935275080906,0.6938044065722638,618,28,24,0.6880290746549488,0.6992411639286639,0.57983593349447,24
V2-U,V2M-two_stage_user_local_reranker-v1,protocol_a_rollv2_cv3,3,2029,V2H-local-real,True,real_eeg,hist_std_rel_fallback0p05,history_context_std_fallback,0.2,0.025,0.85,100.0,,,0.75,1.0,,,0.05,0.8819155744281874,0.05690339364146001,0.715125,0.6779935275080906,0.6963727822923836,0.6779935275080906,0.6937458275851133,618,28,24,0.6911121027379769,0.7021490122531789,0.5879660147952831,24
V2-U,V2M-two_stage_user_local_reranker-v1,protocol_a_rollv2_cv3,3,2029,V2H-local-real,True,real_eeg,pos_std_rel_fallback0p05,position_context_std_fallback,0.2,0.025,,,0.8,20.0,0.75,1.0,,,0.05,0.833813284776666,0.07818572472960945,0.6556912815687068,0.6585760517799353,0.6780107418142763,0.6585760517799353,0.6620967887932174,618,28,24,0.6731147737266618,0.682610495214662,0.586940599135721,24
V2-U,V2M-two_stage_user_local_reranker-v1,protocol_a_rollv2_cv3,3,2029,V2H-local-real,True,real_eeg,hist_pos_std_rel_fallback0p05,history_position_context_std_fallback,0.2,0.025,0.85,100.0,0.85,20.0,0.75,1.0,,,0.05,0.8360338054879574,0.07079895950858117,0.6507637500000001,0.6634304207119741,0.6841220282901462,0.6634304207119741,0.6674944731194731,618,28,24,0.6787215406970653,0.6879135255176921,0.5846700358895481,24
V2-U,V2M-two_stage_user_local_reranker-v1,protocol_a_rollv2_cv3,3,2029,V2H-local-real,True,real_eeg,hist_pos_std_rel_fallback0p10,history_position_context_std_fallback,0.2,0.025,0.85,100.0,0.85,20.0,0.75,1.0,,,0.1,0.8360338054879574,0.07079895950858117,0.6507637500000001,0.6650485436893204,0.6854241116234796,0.6650485436893204,0.6764230445480445,618,28,24,0.6796927916683162,0.6886851304559638,0.586281403354574,24
V2-U,V2M-two_stage_user_local_reranker-v1,protocol_a_rollv2_cv3,3,2029,V2H-local-real,True,real_eeg,count_hist_std_rel_fallback0p05,count_history_context_std_fallback,0.2,0.025,0.85,100.0,,,0.75,1.0,0.75,12.0,0.05,0.852634487592048,0.08058490527274709,0.5512421875,0.6796116504854369,0.6990920805379978,0.6796116504854369,0.6962855101247959,618,28,24,0.6901158767417509,0.7011988358863359,0.57837105398081,24
V2-U,V2M-two_stage_user_local_reranker-v1,protocol_a_rollv2_cv3,1,2030,V2H-local-real,True,real_eeg,margin_power0p2_base0p025,v2s_reference,0.2,0.025,,,,,,,,,0.0,1.0,0.0,1.0,0.725752508361204,0.7473565488744062,0.725752508361204,0.7607973270116127,598,35,28,0.7262684413430681,0.7276230631141346,0.5925026032627561,28
V2-U,V2M-two_stage_user_local_reranker-v1,protocol_a_rollv2_cv3,1,2030,V2H-local-real,True,real_eeg,hist_rel_f0p80_cap90_base0p025,history_reliability,0.2,0.025,0.8,90.0,,,,,,,0.0,0.9493346068131169,0.025042878757024368,0.8466666666666667,0.7157190635451505,0.7404957212100068,0.7157190635451505,0.758880093451522,598,35,28,0.713226077405182,0.7150840247715248,0.5927802846233947,28
V2-U,V2M-two_stage_user_local_reranker-v1,protocol_a_rollv2_cv3,1,2030,V2H-local-real,True,real_eeg,hist_rel_f0p70_cap100_base0p025,history_reliability,0.2,0.025,0.7,100.0,,,,,,,0.0,0.9016017191977077,0.0338078863219829,0.7629999999999999,0.7140468227424749,0.7372984422984424,0.7140468227424749,0.7557270322270323,598,35,28,0.7138858736619931,0.715961292345221,0.5936827490454704,28
V2-U,V2M-two_stage_user_local_reranker-v1,protocol_a_rollv2_cv3,1,2030,V2H-local-real,True,real_eeg,pos_rel_f0p80_cap20_base0p025,session_position_reliability,0.2,0.025,,,0.8,20.0,,,,,0.0,0.9115759312320917,0.06521362817962645,0.81,0.7157190635451505,0.7452916197559055,0.7157190635451505,0.7506441627155913,598,35,28,0.6762921324115354,0.6664570664124235,0.5889968760846929,28
V2-U,V2M-two_stage_user_local_reranker-v1,protocol_a_rollv2_cv3,1,2030,V2H-local-real,True,real_eeg,std_rel_f0p70_ref1p0_base0p025,context_std_reliability,0.2,0.025,,,,,0.7,1.0,,,0.0,0.9268195255514358,0.0777696970388435,0.7,0.725752508361204,0.7473565488744062,0.725752508361204,0.7607973270116127,598,35,28,0.7394572591587517,0.7411059145880575,0.6026726830961472,28
V2-U,V2M-two_stage_user_local_reranker-v1,protocol_a_rollv2_cv3,1,2030,V2H-local-real,True,real_eeg,std_rel_f0p70_ref1p5_base0p025,context_std_reliability,0.2,0.025,,,,,0.7,1.5,,,0.0,0.8823915832231775,0.08669117346738113,0.7,0.725752508361204,0.7473565488744062,0.725752508361204,0.7607973270116127,598,35,28,0.7285349227886542,0.7321951229986945,0.5986463033668865,28
V2-U,V2M-two_stage_user_local_reranker-v1,protocol_a_rollv2_cv3,1,2030,V2H-local-real,True,real_eeg,count_std_rel_f0p75_count12_std1p0_base0p025,context_count_std_reliability,0.2,0.025,,,,,0.75,1.0,0.75,12.0,0.0,0.8886046445444648,0.09966123904157081,0.578125,0.725752508361204,0.7473565488744062,0.725752508361204,0.7607973270116127,598,35,28,0.7507969890805711,0.7550770030234316,0.6059007289135717,28
V2-U,V2M-two_stage_user_local_reranker-v1,protocol_a_rollv2_cv3,1,2030,V2H-local-real,True,real_eeg,hist_std_rel_fallback0p05,history_context_std_fallback,0.2,0.025,0.85,100.0,,,0.75,1.0,,,0.05,0.8932849062083889,0.06968564520700513,0.69825,0.7207357859531772,0.7281610651253508,0.7207357859531772,0.7365123685837972,598,35,28,0.7306417048954362,0.7310258838383837,0.6016313779937521,28
V2-U,V2M-two_stage_user_local_reranker-v1,protocol_a_rollv2_cv3,1,2030,V2H-local-real,True,real_eeg,pos_std_rel_fallback0p05,position_context_std_fallback,0.2,0.025,,,0.8,20.0,0.75,1.0,,,0.05,0.8560485644421914,0.08614826765991151,0.6075,0.7123745819397993,0.7292201911844769,0.7123745819397993,0.7377870198584485,598,35,28,0.6980334259438737,0.6920523045076615,0.6004165220409581,28
V2-U,V2M-two_stage_user_local_reranker-v1,protocol_a_rollv2_cv3,1,2030,V2H-local-real,True,real_eeg,hist_pos_std_rel_fallback0p05,history_position_context_std_fallback,0.2,0.025,0.85,100.0,0.85,20.0,0.75,1.0,,,0.05,0.8342635491631087,0.08111556875153275,0.598749375,0.705685618729097,0.7243550100692958,0.705685618729097,0.7348716759431047,598,35,28,0.7050305830156577,0.6991790996701711,0.6012842762929538,28
V2-U,V2M-two_stage_user_local_reranker-v1,protocol_a_rollv2_cv3,1,2030,V2H-local-real,True,real_eeg,hist_pos_std_rel_fallback0p10,history_position_context_std_fallback,0.2,0.025,0.85,100.0,0.85,20.0,0.75,1.0,,,0.1,0.8342635491631087,0.08111556875153275,0.598749375,0.7023411371237458,0.7204859624502482,0.7023411371237458,0.7321732632446918,598,35,28,0.701768322887726,0.6957352221191507,0.6019784796945504,28
V2-U,V2M-two_stage_user_local_reranker-v1,protocol_a_rollv2_cv3,1,2030,V2H-local-real,True,real_eeg,count_hist_std_rel_fallback0p05,count_history_context_std_fallback,0.2,0.025,0.85,100.0,,,0.75,1.0,0.75,12.0,0.05,0.8457870304049333,0.10314966549475653,0.538234375,0.7190635451505016,0.7236967794110651,0.7190635451505016,0.7293695114409401,598,35,28,0.740763821584717,0.7427033730158729,0.6057965984033322,28
V2-U,V2M-two_stage_user_local_reranker-v1,protocol_a_rollv2_cv3,2,2030,V2H-local-real,True,real_eeg,margin_power0p2_base0p025,v2s_reference,0.2,0.025,,,,,,,,,0.0,1.0,0.0,1.0,0.6523972602739726,0.6324286824286823,0.6523972602739726,0.6142027417027417,584,30,26,0.6159011994949495,0.6169948107448107,0.5965382827307514,26
V2-U,V2M-two_stage_user_local_reranker-v1,protocol_a_rollv2_cv3,2,2030,V2H-local-real,True,real_eeg,hist_rel_f0p80_cap90_base0p025,history_reliability,0.2,0.025,0.8,90.0,,,,,,,0.0,0.9739388264669163,0.025924592202257783,0.8555555555555556,0.6455479452054794,0.6245761183261183,0.6455479452054794,0.6097781385281384,584,30,26,0.6031368371212121,0.6045385170385171,0.5990415906733898,26
V2-U,V2M-two_stage_user_local_reranker-v1,protocol_a_rollv2_cv3,2,2030,V2H-local-real,True,real_eeg,hist_rel_f0p70_cap100_base0p025,history_reliability,0.2,0.025,0.7,100.0,,,,,,,0.0,0.9380112359550562,0.03880750372883351,0.7749999999999999,0.6438356164383562,0.6238638676138676,0.6438356164383562,0.6091608545775211,584,30,26,0.601586737914863,0.6023763273763273,0.5983621213746737,26
V2-U,V2M-two_stage_user_local_reranker-v1,protocol_a_rollv2_cv3,2,2030,V2H-local-real,True,real_eeg,pos_rel_f0p80_cap20_base0p025,session_position_reliability,0.2,0.025,,,0.8,20.0,,,,,0.0,0.9205337078651686,0.0635114471568677,0.81,0.6147260273972602,0.6010184260184259,0.6147260273972602,0.5869805194805194,584,30,26,0.6080015557359306,0.6076277888777888,0.6060150913707399,26
V2-U,V2M-two_stage_user_local_reranker-v1,protocol_a_rollv2_cv3,2,2030,V2H-local-real,True,real_eeg,std_rel_f0p70_ref1p0_base0p025,context_std_reliability,0.2,0.025,,,,,0.7,1.0,,,0.0,0.9313306679865444,0.07401440731391991,0.7,0.6541095890410958,0.6340312465312465,0.6541095890410958,0.6155916305916306,584,30,26,0.6393037518037519,0.6396804584304584,0.5975038443657691,26
V2-U,V2M-two_stage_user_local_reranker-v1,protocol_a_rollv2_cv3,2,2030,V2H-local-real,True,real_eeg,std_rel_f0p70_ref1p5_base0p025,context_std_reliability,0.2,0.025,,,,,0.7,1.5,,,0.0,0.8783263877785733,0.07703845389138413,0.7,0.6523972602739726,0.6314315314315314,0.6523972602739726,0.6068570626903961,584,30,26,0.6316222492784993,0.6322244884744884,0.5977899367020706,26
V2-U,V2M-two_stage_user_local_reranker-v1,protocol_a_rollv2_cv3,2,2030,V2H-local-real,True,real_eeg,count_std_rel_f0p75_count12_std1p0_base0p025,context_count_std_reliability,0.2,0.025,,,,,0.75,1.0,0.75,12.0,0.0,0.9019316945144792,0.08809311017261594,0.578125,0.6523972602739726,0.6318944943944943,0.6523972602739726,0.6072582972582973,584,30,26,0.6438176406926408,0.6439539627039627,0.6050137681936846,26
V2-U,V2M-two_stage_user_local_reranker-v1,protocol_a_rollv2_cv3,2,2030,V2H-local-real,True,real_eeg,hist_std_rel_fallback0p05,history_context_std_fallback,0.2,0.025,0.85,100.0,,,0.75,1.0,,,0.05,0.9134868148586315,0.06133851588215378,0.72975,0.6523972602739726,0.6303453490953491,0.6523972602739726,0.6221194083694085,584,30,26,0.6273971861471861,0.6276418026418026,0.5991846368415406,26
V2-U,V2M-two_stage_user_local_reranker-v1,protocol_a_rollv2_cv3,2,2030,V2H-local-real,True,real_eeg,pos_std_rel_fallback0p05,position_context_std_fallback,0.2,0.025,,,0.8,20.0,0.75,1.0,,,0.05,0.8674281349782236,0.07730271054350821,0.6075,0.625,0.6124500499500499,0.625,0.5987397787397787,584,30,26,0.622692775974026,0.6216158841158841,0.6076601223044737,26
V2-U,V2M-two_stage_user_local_reranker-v1,protocol_a_rollv2_cv3,2,2030,V2H-local-real,True,real_eeg,hist_pos_std_rel_fallback0p05,history_position_context_std_fallback,0.2,0.025,0.85,100.0,0.85,20.0,0.75,1.0,,,0.05,0.858884713036285,0.0700358132917189,0.625760625,0.6181506849315068,0.6066986254486255,0.6181506849315068,0.6034774330607663,584,30,26,0.6157954545454546,0.6151089651089652,0.6055501913242499,26
V2-U,V2M-two_stage_user_local_reranker-v1,protocol_a_rollv2_cv3,2,2030,V2H-local-real,True,real_eeg,hist_pos_std_rel_fallback0p10,history_position_context_std_fallback,0.2,0.025,0.85,100.0,0.85,20.0,0.75,1.0,,,0.1,0.858884713036285,0.0700358132917189,0.625760625,0.6215753424657534,0.6083189958189958,0.6215753424657534,0.6030299021965689,584,30,26,0.619693023989899,0.6188660876160876,0.6064799914172299,26
V2-U,V2M-two_stage_user_local_reranker-v1,protocol_a_rollv2_cv3,2,2030,V2H-local-real,True,real_eeg,count_hist_std_rel_fallback0p05,count_history_context_std_fallback,0.2,0.025,0.85,100.0,,,0.75,1.0,0.75,12.0,0.05,0.8742255532289412,0.08938848098402598,0.5625156250000001,0.6506849315068494,0.628208596958597,0.6506849315068494,0.6137860750360751,584,30,26,0.6392974386724386,0.6389083139083139,0.6042985373529306,26
V2-U,V2M-two_stage_user_local_reranker-v1,protocol_a_rollv2_cv3,3,2030,V2H-local-real,True,real_eeg,margin_power0p2_base0p025,v2s_reference,0.2,0.025,,,,,,,,,0.0,1.0,0.0,1.0,0.6504854368932039,0.6728742174947993,0.6504854368932039,0.670429180607752,618,28,24,0.6715398044069374,0.68498593998594,0.5881125027466491,24
V2-U,V2M-two_stage_user_local_reranker-v1,protocol_a_rollv2_cv3,3,2030,V2H-local-real,True,real_eeg,hist_rel_f0p80_cap90_base0p025,history_reliability,0.2,0.025,0.8,90.0,,,,,,,0.0,0.9883348895113602,0.02043372847516129,0.8644444444444445,0.6472491909385113,0.6703064264895082,0.6472491909385113,0.6682282168889311,618,28,24,0.668719014086147,0.6826959267584267,0.5841939500476085,24
V2-U,V2M-two_stage_user_local_reranker-v1,protocol_a_rollv2_cv3,3,2030,V2H-local-real,True,real_eeg,hist_rel_f0p70_cap100_base0p025,history_reliability,0.2,0.025,0.7,100.0,,,,,,,0.0,0.968310924369748,0.0372885067789125,0.7869999999999999,0.6521035598705501,0.6803083243284158,0.6521035598705501,0.6818432889861461,618,28,24,0.6753066572122516,0.6898996219829554,0.5779682121145535,24
V2-U,V2M-two_stage_user_local_reranker-v1,protocol_a_rollv2_cv3,3,2030,V2H-local-real,True,real_eeg,pos_rel_f0p80_cap20_base0p025,session_position_reliability,0.2,0.025,,,0.8,20.0,,,,,0.0,0.9303081232492997,0.06357390781398536,0.81,0.6844660194174758,0.7026519946735696,0.6844660194174758,0.6956997962355106,618,28,24,0.6927568837533872,0.704187240228907,0.587013843111404,24
V2-U,V2M-two_stage_user_local_reranker-v1,protocol_a_rollv2_cv3,3,2030,V2H-local-real,True,real_eeg,std_rel_f0p70_ref1p0_base0p025,context_std_reliability,0.2,0.025,,,,,0.7,1.0,,,0.0,0.8803841361900694,0.07051939459837515,0.7,0.6521035598705501,0.6760793456999274,0.6521035598705501,0.6731764333550048,618,28,24,0.6693861887917831,0.6825363062863063,0.5841573280597671,24
V2-U,V2M-two_stage_user_local_reranker-v1,protocol_a_rollv2_cv3,3,2030,V2H-local-real,True,real_eeg,std_rel_f0p70_ref1p5_base0p025,context_std_reliability,0.2,0.025,,,,,0.7,1.5,,,0.0,0.827912488747389,0.06338275762173709,0.7,0.6537216828478964,0.6793316605147423,0.6537216828478964,0.6759641317677031,618,28,24,0.6734113303169247,0.6875544941169941,0.582985424448839,24
V2-U,V2M-two_stage_user_local_reranker-v1,protocol_a_rollv2_cv3,3,2030,V2H-local-real,True,real_eeg,count_std_rel_f0p75_count12_std1p0_base0p025,context_count_std_reliability,0.2,0.025,,,,,0.75,1.0,0.75,12.0,0.0,0.8702268050569839,0.080866361634831,0.578125,0.6537216828478964,0.6783941605147422,0.6537216828478964,0.6751605603391316,618,28,24,0.6687895631951576,0.6825914209247544,0.573610195561415,24
V2-U,V2M-two_stage_user_local_reranker-v1,protocol_a_rollv2_cv3,3,2030,V2H-local-real,True,real_eeg,hist_std_rel_fallback0p05,history_context_std_fallback,0.2,0.025,0.85,100.0,,,0.75,1.0,,,0.05,0.8859542544573062,0.058663788489573036,0.715125,0.6553398058252428,0.6839799655276306,0.6553398058252428,0.6797889544318115,618,28,24,0.677011682955739,0.6915229600646268,0.5834248883029372,24
V2-U,V2M-two_stage_user_local_reranker-v1,protocol_a_rollv2_cv3,3,2030,V2H-local-real,True,real_eeg,pos_std_rel_fallback0p05,position_context_std_fallback,0.2,0.025,,,0.8,20.0,0.75,1.0,,,0.05,0.8382568192692988,0.08584740212764681,0.6536951901194865,0.6909385113268608,0.7109860275388526,0.6909385113268608,0.7022586441336441,618,28,24,0.7046917437651704,0.7151058740642074,0.585768695524793,24
V2-U,V2M-two_stage_user_local_reranker-v1,protocol_a_rollv2_cv3,3,2030,V2H-local-real,True,real_eeg,hist_pos_std_rel_fallback0p05,history_position_context_std_fallback,0.2,0.025,0.85,100.0,0.85,20.0,0.75,1.0,,,0.05,0.8403314733104023,0.07760264240948017,0.6507637500000001,0.6909385113268608,0.7145351346817099,0.6909385113268608,0.7054601747458891,618,28,24,0.7037898678632943,0.7147762885262884,0.5814106789716545,24
V2-U,V2M-two_stage_user_local_reranker-v1,protocol_a_rollv2_cv3,3,2030,V2H-local-real,True,real_eeg,hist_pos_std_rel_fallback0p10,history_position_context_std_fallback,0.2,0.025,0.85,100.0,0.85,20.0,0.75,1.0,,,0.1,0.8403314733104023,0.07760264240948017,0.6507637500000001,0.686084142394822,0.7082024627240379,0.686084142394822,0.7000321702107416,618,28,24,0.6982440248174513,0.7088156403781404,0.5827656925217901,24
V2-U,V2M-two_stage_user_local_reranker-v1,protocol_a_rollv2_cv3,3,2030,V2H-local-real,True,real_eeg,count_hist_std_rel_fallback0p05,count_history_context_std_fallback,0.2,0.025,0.85,100.0,,,0.75,1.0,0.75,12.0,0.05,0.8567233560915152,0.08375785512051832,0.5512421875,0.656957928802589,0.6864309459197875,0.656957928802589,0.682765144908002,618,28,24,0.6758031692472253,0.6903049265549267,0.5700578627407895,24
V2-U,V2M-two_stage_user_local_reranker-v1,protocol_a_rollv2_cv3,1,2026,V2H-local-shuffle,False,shuffle_eeg_control,margin_power0p2_base0p025,v2s_reference,0.2,0.025,,,,,,,,,0.0,1.0,0.0,1.0,0.6538461538461539,0.65943870283156,0.6538461538461539,0.6871602418745277,598,35,28,0.6398028256983481,0.6341583779976637,0.604790003471017,28
V2-U,V2M-two_stage_user_local_reranker-v1,protocol_a_rollv2_cv3,1,2026,V2H-local-shuffle,False,shuffle_eeg_control,hist_rel_f0p80_cap90_base0p025,history_reliability,0.2,0.025,0.8,90.0,,,,,,,0.0,0.9493346068131169,0.025042878757024368,0.8466666666666667,0.6471571906354515,0.6625424443281587,0.6471571906354515,0.6921829176114892,598,35,28,0.6404176089250716,0.6387027374080946,0.5998611593196806,28
V2-U,V2M-two_stage_user_local_reranker-v1,protocol_a_rollv2_cv3,1,2026,V2H-local-shuffle,False,shuffle_eeg_control,hist_rel_f0p70_cap100_base0p025,history_reliability,0.2,0.025,0.7,100.0,,,,,,,0.0,0.9016017191977077,0.0338078863219829,0.7629999999999999,0.6387959866220736,0.6625405546834119,0.6387959866220736,0.6915861678004536,598,35,28,0.6351581917253558,0.636190218511647,0.596876084692815,28
V2-U,V2M-two_stage_user_local_reranker-v1,protocol_a_rollv2_cv3,1,2026,V2H-local-shuffle,False,shuffle_eeg_control,pos_rel_f0p80_cap20_base0p025,session_position_reliability,0.2,0.025,,,0.8,20.0,,,,,0.0,0.9115759312320917,0.06521362817962645,0.81,0.6287625418060201,0.6642289522646667,0.6287625418060201,0.6770638699924415,598,35,28,0.6070073873058948,0.6010009748849034,0.5881291218326969,28
V2-U,V2M-two_stage_user_local_reranker-v1,protocol_a_rollv2_cv3,1,2026,V2H-local-shuffle,False,shuffle_eeg_control,std_rel_f0p70_ref1p0_base0p025,context_std_reliability,0.2,0.025,,,,,0.7,1.0,,,0.0,0.9082521797117559,0.07877069229043883,0.7,0.6538461538461539,0.65943870283156,0.6538461538461539,0.6871602418745277,598,35,28,0.6292851758523401,0.6228176750498179,0.5958000694203401,28
V2-U,V2M-two_stage_user_local_reranker-v1,protocol_a_rollv2_cv3,1,2026,V2H-local-shuffle,False,shuffle_eeg_control,std_rel_f0p70_ref1p5_base0p025,context_std_reliability,0.2,0.025,,,,,0.7,1.5,,,0.0,0.8550559951457922,0.07479453518277183,0.7,0.6538461538461539,0.65943870283156,0.6538461538461539,0.6871602418745277,598,35,28,0.618010165622106,0.6117681491788635,0.5943075321069073,28
V2-U,V2M-two_stage_user_local_reranker-v1,protocol_a_rollv2_cv3,1,2026,V2H-local-shuffle,False,shuffle_eeg_control,count_std_rel_f0p75_count12_std1p0_base0p025,context_count_std_reliability,0.2,0.025,,,,,0.75,1.0,0.75,12.0,0.0,0.8737992045089964,0.09749592950702268,0.578125,0.6521739130434783,0.6549744171172743,0.6521739130434783,0.6800173847316705,598,35,28,0.6228993560336844,0.6172389283996427,0.5917736896910795,28
V2-U,V2M-two_stage_user_local_reranker-v1,protocol_a_rollv2_cv3,1,2026,V2H-local-shuffle,False,shuffle_eeg_control,hist_std_rel_fallback0p05,history_context_std_fallback,0.2,0.025,0.85,100.0,,,0.75,1.0,,,0.05,0.878445744704725,0.06836121921784548,0.6777185205834487,0.6488294314381271,0.6698789900575617,0.6488294314381271,0.6919410430839003,598,35,28,0.6284737567573389,0.622610995155638,0.5945157931273863,28
V2-U,V2M-two_stage_user_local_reranker-v1,protocol_a_rollv2_cv3,1,2026,V2H-local-shuffle,False,shuffle_eeg_control,pos_std_rel_fallback0p05,position_context_std_fallback,0.2,0.025,,,0.8,20.0,0.75,1.0,,,0.05,0.841921989450368,0.08494531503396094,0.6075,0.6321070234113713,0.6677578638292925,0.6321070234113713,0.6798869992441422,598,35,28,0.6021837780793005,0.5964323292448291,0.5849357861853524,28
V2-U,V2M-two_stage_user_local_reranker-v1,protocol_a_rollv2_cv3,1,2026,V2H-local-shuffle,False,shuffle_eeg_control,hist_pos_std_rel_fallback0p05,history_position_context_std_fallback,0.2,0.025,0.85,100.0,0.85,20.0,0.75,1.0,,,0.05,0.8203751703926004,0.0785163649973564,0.5811436314003072,0.6287625418060201,0.6651454299668585,0.6287625418060201,0.6777970521541951,598,35,28,0.601816566518059,0.5958040223665223,0.5862894828184657,28
V2-U,V2M-two_stage_user_local_reranker-v1,protocol_a_rollv2_cv3,1,2026,V2H-local-shuffle,False,shuffle_eeg_control,hist_pos_std_rel_fallback0p10,history_position_context_std_fallback,0.2,0.025,0.85,100.0,0.85,20.0,0.75,1.0,,,0.1,0.8203751703926004,0.0785163649973564,0.5811436314003072,0.6337792642140468,0.6685184458398746,0.6337792642140468,0.6804954648526078,598,35,28,0.6052328185910276,0.5991770382395382,0.5867754251995835,28
V2-U,V2M-two_stage_user_local_reranker-v1,protocol_a_rollv2_cv3,1,2026,V2H-local-shuffle,False,shuffle_eeg_control,count_hist_std_rel_fallback0p05,count_history_context_std_fallback,0.2,0.025,0.85,100.0,,,0.75,1.0,0.75,12.0,0.05,0.8315649504022444,0.09953394302914458,0.538234375,0.6471571906354515,0.6676468472004188,0.6471571906354515,0.6776553287981859,598,35,28,0.6247946415110593,0.6201544140383426,0.5911489066296425,28
V2-U,V2M-two_stage_user_local_reranker-v1,protocol_a_rollv2_cv3,2,2026,V2H-local-shuffle,False,shuffle_eeg_control,margin_power0p2_base0p025,v2s_reference,0.2,0.025,,,,,,,,,0.0,1.0,0.0,1.0,0.6301369863013698,0.65232498982499,0.6301369863013698,0.6353218694885362,584,30,26,0.6349643759018759,0.6344869944869944,0.6526839037299289,26
V2-U,V2M-two_stage_user_local_reranker-v1,protocol_a_rollv2_cv3,2,2026,V2H-local-shuffle,False,shuffle_eeg_control,hist_rel_f0p80_cap90_base0p025,history_reliability,0.2,0.025,0.8,90.0,,,,,,,0.0,0.9739388264669163,0.025924592202257783,0.8555555555555556,0.6352739726027398,0.6456538831538834,0.6352739726027398,0.6300693442360109,584,30,26,0.6313601415945167,0.6291409516409516,0.6395594178020957,26
V2-U,V2M-two_stage_user_local_reranker-v1,protocol_a_rollv2_cv3,2,2026,V2H-local-shuffle,False,shuffle_eeg_control,hist_rel_f0p70_cap100_base0p025,history_reliability,0.2,0.025,0.7,100.0,,,,,,,0.0,0.9380112359550562,0.03880750372883351,0.7749999999999999,0.6352739726027398,0.6417478354978355,0.6352739726027398,0.6326497113997114,584,30,26,0.628393759018759,0.6259293484293486,0.631942209348067,26
V2-U,V2M-two_stage_user_local_reranker-v1,protocol_a_rollv2_cv3,2,2026,V2H-local-shuffle,False,shuffle_eeg_control,pos_rel_f0p80_cap20_base0p025,session_position_reliability,0.2,0.025,,,0.8,20.0,,,,,0.0,0.9205337078651686,0.0635114471568677,0.81,0.625,0.62626517001517,0.625,0.6268239939073273,584,30,26,0.6067161571067822,0.6041661579161579,0.6469262954618602,26
V2-U,V2M-two_stage_user_local_reranker-v1,protocol_a_rollv2_cv3,2,2026,V2H-local-shuffle,False,shuffle_eeg_control,std_rel_f0p70_ref1p0_base0p025,context_std_reliability,0.2,0.025,,,,,0.7,1.0,,,0.0,0.8806760563136806,0.08017447057867938,0.7,0.636986301369863,0.6585571835571837,0.636986301369863,0.6407231040564374,584,30,26,0.6392020652958154,0.6395323195323196,0.6295461860315417,26
V2-U,V2M-two_stage_user_local_reranker-v1,protocol_a_rollv2_cv3,2,2026,V2H-local-shuffle,False,shuffle_eeg_control,std_rel_f0p70_ref1p5_base0p025,context_std_reliability,0.2,0.025,,,,,0.7,1.5,,,0.0,0.8275373732093043,0.06608600758101256,0.7,0.6386986301369864,0.6602487789987792,0.6386986301369864,0.635707671957672,584,30,26,0.6496116296897546,0.6506353368853369,0.6370918714014948,26
V2-U,V2M-two_stage_user_local_reranker-v1,protocol_a_rollv2_cv3,2,2026,V2H-local-shuffle,False,shuffle_eeg_control,count_std_rel_f0p75_count12_std1p0_base0p025,context_count_std_reliability,0.2,0.025,,,,,0.75,1.0,0.75,12.0,0.0,0.8617848485067828,0.09232785361726153,0.578125,0.636986301369863,0.6588242775742776,0.636986301369863,0.6344731040564374,584,30,26,0.6359002976190478,0.6354530654530655,0.6300826091621071,26
V2-U,V2M-two_stage_user_local_reranker-v1,protocol_a_rollv2_cv3,2,2026,V2H-local-shuffle,False,shuffle_eeg_control,hist_std_rel_fallback0p05,history_context_std_fallback,0.2,0.025,0.85,100.0,,,0.75,1.0,,,0.05,0.872982993333495,0.07127984994305606,0.7283077698484172,0.6472602739726028,0.6579896954896955,0.6472602739726028,0.6397021805355139,584,30,26,0.642344200937951,0.640955895955896,0.6279726781818832,26
V2-U,V2M-two_stage_user_local_reranker-v1,protocol_a_rollv2_cv3,2,2026,V2H-local-shuffle,False,shuffle_eeg_control,pos_std_rel_fallback0p05,position_context_std_fallback,0.2,0.025,,,0.8,20.0,0.75,1.0,,,0.05,0.829160819344924,0.08582331080555075,0.6075,0.6267123287671232,0.6334232896732896,0.6267123287671232,0.6326970097803432,584,30,26,0.6287550730519481,0.6296101583601583,0.632299824768444,26
V2-U,V2M-two_stage_user_local_reranker-v1,protocol_a_rollv2_cv3,2,2026,V2H-local-shuffle,False,shuffle_eeg_control,hist_pos_std_rel_fallback0p05,history_position_context_std_fallback,0.2,0.025,0.85,100.0,0.85,20.0,0.75,1.0,,,0.05,0.8212144301302479,0.08178472702803632,0.625760625,0.6318493150684932,0.6379995004995005,0.6318493150684932,0.6366630591630591,584,30,26,0.638386544011544,0.6398244810744811,0.6256124164073954,26
V2-U,V2M-two_stage_user_local_reranker-v1,protocol_a_rollv2_cv3,2,2026,V2H-local-shuffle,False,shuffle_eeg_control,hist_pos_std_rel_fallback0p10,history_position_context_std_fallback,0.2,0.025,0.85,100.0,0.85,20.0,0.75,1.0,,,0.1,0.8212144301302479,0.08178472702803632,0.625760625,0.6386986301369864,0.6457743645243645,0.6386986301369864,0.6417478354978354,584,30,26,0.6434833829365079,0.6438621101121101,0.6272216857990917,26
V2-U,V2M-two_stage_user_local_reranker-v1,protocol_a_rollv2_cv3,2,2026,V2H-local-shuffle,False,shuffle_eeg_control,count_hist_std_rel_fallback0p05,count_history_context_std_fallback,0.2,0.025,0.85,100.0,,,0.75,1.0,0.75,12.0,0.05,0.835699533842686,0.09671989801624602,0.5625156250000001,0.6455479452054794,0.6547845672845671,0.6455479452054794,0.6285910694244026,584,30,26,0.6369070165945165,0.6343125393125392,0.6235740085112469,26
V2-U,V2M-two_stage_user_local_reranker-v1,protocol_a_rollv2_cv3,3,2026,V2H-local-shuffle,False,shuffle_eeg_control,margin_power0p2_base0p025,v2s_reference,0.2,0.025,,,,,,,,,0.0,1.0,0.0,1.0,0.6245954692556634,0.650267984980801,0.6245954692556634,0.6631516135980423,618,28,24,0.627595500847249,0.6456345544887211,0.5480480480480481,24
V2-U,V2M-two_stage_user_local_reranker-v1,protocol_a_rollv2_cv3,3,2026,V2H-local-shuffle,False,shuffle_eeg_control,hist_rel_f0p80_cap90_base0p025,history_reliability,0.2,0.025,0.8,90.0,,,,,,,0.0,0.9883348895113602,0.02043372847516129,0.8644444444444445,0.6132686084142395,0.6422658616168356,0.6132686084142395,0.6563970784506499,618,28,24,0.6197616680134163,0.6384156391448058,0.5428843477623965,24
V2-U,V2M-two_stage_user_local_reranker-v1,protocol_a_rollv2_cv3,3,2026,V2H-local-shuffle,False,shuffle_eeg_control,hist_rel_f0p70_cap100_base0p025,history_reliability,0.2,0.025,0.7,100.0,,,,,,,0.0,0.968310924369748,0.0372885067789125,0.7869999999999999,0.6262135922330098,0.6546826385127792,0.6262135922330098,0.667784077694792,618,28,24,0.6236758094275576,0.6428215033423367,0.5374642935618545,24
V2-U,V2M-two_stage_user_local_reranker-v1,protocol_a_rollv2_cv3,3,2026,V2H-local-shuffle,False,shuffle_eeg_control,pos_rel_f0p80_cap20_base0p025,session_position_reliability,0.2,0.025,,,0.8,20.0,,,,,0.0,0.9303081232492997,0.06357390781398536,0.81,0.6375404530744336,0.6493311180432246,0.6375404530744336,0.6538802632552632,618,28,24,0.6336360026919468,0.6407946104821105,0.535230352303523,24
V2-U,V2M-two_stage_user_local_reranker-v1,protocol_a_rollv2_cv3,3,2026,V2H-local-shuffle,False,shuffle_eeg_control,std_rel_f0p70_ref1p0_base0p025,context_std_reliability,0.2,0.025,,,,,0.7,1.0,,,0.0,0.859758676898175,0.07924134736413438,0.7,0.6245954692556634,0.6506251278379439,0.6245954692556634,0.6634577360470219,618,28,24,0.6050180782698265,0.6251583640125307,0.545191532996411,24
V2-U,V2M-two_stage_user_local_reranker-v1,protocol_a_rollv2_cv3,3,2026,V2H-local-shuffle,False,shuffle_eeg_control,std_rel_f0p70_ref1p5_base0p025,context_std_reliability,0.2,0.025,,,,,0.7,1.5,,,0.0,0.8127289696210394,0.06631494895202739,0.7,0.6262135922330098,0.6540560140813301,0.6262135922330098,0.66639849568421,618,28,24,0.607966518718267,0.6285892502559169,0.5433238116164945,24
V2-U,V2M-two_stage_user_local_reranker-v1,protocol_a_rollv2_cv3,3,2026,V2H-local-shuffle,False,shuffle_eeg_control,count_std_rel_f0p75_count12_std1p0_base0p025,context_count_std_reliability,0.2,0.025,,,,,0.75,1.0,0.75,12.0,0.0,0.8532493361161022,0.08209776701299726,0.578125,0.6229773462783171,0.6494346516474677,0.6229773462783171,0.6624373278837564,618,28,24,0.6049570282087765,0.6240781170989504,0.541602578187944,24
V2-U,V2M-two_stage_user_local_reranker-v1,protocol_a_rollv2_cv3,3,2026,V2H-local-shuffle,False,shuffle_eeg_control,hist_std_rel_fallback0p05,history_context_std_fallback,0.2,0.025,0.85,100.0,,,0.75,1.0,,,0.05,0.8689947427642478,0.06526752733729553,0.715125,0.6229773462783171,0.6542703810171883,0.6229773462783171,0.6674307141271428,618,28,24,0.6077126059643542,0.6283715474340474,0.544459093239581,24
V2-U,V2M-two_stage_user_local_reranker-v1,protocol_a_rollv2_cv3,3,2026,V2H-local-shuffle,False,shuffle_eeg_control,pos_std_rel_fallback0p05,position_context_std_fallback,0.2,0.025,,,0.8,20.0,0.75,1.0,,,0.05,0.8219298445937093,0.08660431600553323,0.6262508270628566,0.6407766990291263,0.6522213296834362,0.6407766990291263,0.6556135398992542,618,28,24,0.633824702880647,0.641309932351599,0.540723650479748,24
V2-U,V2M-two_stage_user_local_reranker-v1,protocol_a_rollv2_cv3,3,2026,V2H-local-shuffle,False,shuffle_eeg_control,hist_pos_std_rel_fallback0p05,history_position_context_std_fallback,0.2,0.025,0.85,100.0,0.85,20.0,0.75,1.0,,,0.05,0.8240094747144722,0.07939522937899533,0.6507637500000001,0.6618122977346278,0.6871640104594503,0.6618122977346278,0.7011894091358376,618,28,24,0.6490969306528747,0.6662079702704703,0.5405771625283821,24
V2-U,V2M-two_stage_user_local_reranker-v1,protocol_a_rollv2_cv3,3,2026,V2H-local-shuffle,False,shuffle_eeg_control,hist_pos_std_rel_fallback0p10,history_position_context_std_fallback,0.2,0.025,0.85,100.0,0.85,20.0,0.75,1.0,,,0.1,0.8240094747144722,0.07939522937899533,0.6507637500000001,0.6585760517799353,0.6847154756399144,0.6585760517799353,0.6939442204620777,618,28,24,0.6483086164030221,0.664831969727803,0.5420054200542006,24
V2-U,V2M-two_stage_user_local_reranker-v1,protocol_a_rollv2_cv3,3,2026,V2H-local-shuffle,False,shuffle_eeg_control,count_hist_std_rel_fallback0p05,count_history_context_std_fallback,0.2,0.025,0.85,100.0,,,0.75,1.0,0.75,12.0,0.05,0.8399732631468271,0.084668617610221,0.5512421875,0.6229773462783171,0.6538762175038296,0.6229773462783171,0.6571132538096824,618,28,24,0.6073407555925038,0.6272251629543296,0.5418589321028345,24
V2-U,V2M-two_stage_user_local_reranker-v1,protocol_a_rollv2_cv3,1,2027,V2H-local-shuffle,False,shuffle_eeg_control,margin_power0p2_base0p025,v2s_reference,0.2,0.025,,,,,,,,,0.0,1.0,0.0,1.0,0.6538461538461539,0.6599103508924938,0.6538461538461539,0.6880778533635677,598,35,28,0.6533056578578966,0.6512912715591287,0.5981950711558487,28
V2-U,V2M-two_stage_user_local_reranker-v1,protocol_a_rollv2_cv3,1,2027,V2H-local-shuffle,False,shuffle_eeg_control,hist_rel_f0p80_cap90_base0p025,history_reliability,0.2,0.025,0.8,90.0,,,,,,,0.0,0.9493346068131169,0.025042878757024368,0.8466666666666667,0.637123745819398,0.6622190243618816,0.637123745819398,0.6929009826152683,598,35,28,0.6431040684025757,0.6464531582835155,0.592710864283235,28
V2-U,V2M-two_stage_user_local_reranker-v1,protocol_a_rollv2_cv3,1,2027,V2H-local-shuffle,False,shuffle_eeg_control,hist_rel_f0p70_cap100_base0p025,history_reliability,0.2,0.025,0.7,100.0,,,,,,,0.0,0.9016017191977077,0.0338078863219829,0.7629999999999999,0.6321070234113713,0.6791313448456305,0.6321070234113713,0.7082165532879819,598,35,28,0.6379358618164589,0.6423316068851783,0.5908018049288442,28
V2-U,V2M-two_stage_user_local_reranker-v1,protocol_a_rollv2_cv3,1,2027,V2H-local-shuffle,False,shuffle_eeg_control,pos_rel_f0p80_cap20_base0p025,session_position_reliability,0.2,0.025,,,0.8,20.0,,,,,0.0,0.9115759312320917,0.06521362817962645,0.81,0.6270903010033445,0.663335804407233,0.6270903010033445,0.6808975812547242,598,35,28,0.6121887316663435,0.60909687865045,0.5889968760846928,28
V2-U,V2M-two_stage_user_local_reranker-v1,protocol_a_rollv2_cv3,1,2027,V2H-local-shuffle,False,shuffle_eeg_control,std_rel_f0p70_ref1p0_base0p025,context_std_reliability,0.2,0.025,,,,,0.7,1.0,,,0.0,0.9062412345830737,0.07969963476051724,0.7,0.6538461538461539,0.6599103508924938,0.6538461538461539,0.6880778533635677,598,35,28,0.629044065387349,0.6252404572940288,0.5754599097535578,28
V2-U,V2M-two_stage_user_local_reranker-v1,protocol_a_rollv2_cv3,1,2027,V2H-local-shuffle,False,shuffle_eeg_control,std_rel_f0p70_ref1p5_base0p025,context_std_reliability,0.2,0.025,,,,,0.7,1.5,,,0.0,0.852722345699842,0.07429368210704781,0.7,0.6505016722408027,0.655148446130589,0.6505016722408027,0.683474678760393,598,35,28,0.6174197195838987,0.6148508469044183,0.5744186046511628,28
V2-U,V2M-two_stage_user_local_reranker-v1,protocol_a_rollv2_cv3,1,2027,V2H-local-shuffle,False,shuffle_eeg_control,count_std_rel_f0p75_count12_std1p0_base0p025,context_count_std_reliability,0.2,0.025,,,,,0.75,1.0,0.75,12.0,0.0,0.8721726816544183,0.09763262562674074,0.578125,0.6555183946488294,0.6777674937496367,0.6555183946488294,0.702363567649282,598,35,28,0.6339288406452586,0.6302986927094069,0.5733078792086082,28
V2-U,V2M-two_stage_user_local_reranker-v1,protocol_a_rollv2_cv3,1,2027,V2H-local-shuffle,False,shuffle_eeg_control,hist_std_rel_fallback0p05,history_context_std_fallback,0.2,0.025,0.85,100.0,,,0.75,1.0,,,0.05,0.8768647749860138,0.06918950466952116,0.6818275383171837,0.6438127090301003,0.6776470288970289,0.6438127090301003,0.7044497354497354,598,35,28,0.6332504145936981,0.6336666194255479,0.5790003471017009,28
V2-U,V2M-two_stage_user_local_reranker-v1,protocol_a_rollv2_cv3,1,2027,V2H-local-shuffle,False,shuffle_eeg_control,pos_std_rel_fallback0p05,position_context_std_fallback,0.2,0.025,,,0.8,20.0,0.75,1.0,,,0.05,0.8404514416522575,0.08589116393025331,0.6075,0.6321070234113713,0.6612688237688238,0.6321070234113713,0.6649735449735449,598,35,28,0.6050111994141845,0.6011909700748986,0.5716765012148559,28
V2-U,V2M-two_stage_user_local_reranker-v1,protocol_a_rollv2_cv3,1,2027,V2H-local-shuffle,False,shuffle_eeg_control,hist_pos_std_rel_fallback0p05,history_position_context_std_fallback,0.2,0.025,0.85,100.0,0.85,20.0,0.75,1.0,,,0.05,0.8189419858569823,0.0795698442119308,0.584667114106985,0.6254180602006689,0.6566464620036048,0.6254180602006689,0.6664191232048375,598,35,28,0.599181904331158,0.5962821883804026,0.5720236029156544,28
V2-U,V2M-two_stage_user_local_reranker-v1,protocol_a_rollv2_cv3,1,2027,V2H-local-shuffle,False,shuffle_eeg_control,hist_pos_std_rel_fallback0p10,history_position_context_std_fallback,0.2,0.025,0.85,100.0,0.85,20.0,0.75,1.0,,,0.1,0.8189419858569823,0.0795698442119308,0.584667114106985,0.6254180602006689,0.6534386083493227,0.6254180602006689,0.6620823885109598,598,35,28,0.5987210053627964,0.5949873522641381,0.5730301978479695,28
V2-U,V2M-two_stage_user_local_reranker-v1,protocol_a_rollv2_cv3,1,2027,V2H-local-shuffle,False,shuffle_eeg_control,count_hist_std_rel_fallback0p05,count_history_context_std_fallback,0.2,0.025,0.85,100.0,,,0.75,1.0,0.75,12.0,0.05,0.8300315933033333,0.0997970664721317,0.538234375,0.6404682274247492,0.6702065527065526,0.6404682274247492,0.6949259259259258,598,35,28,0.6242463009627189,0.6229715952037381,0.5715723707046164,28
V2-U,V2M-two_stage_user_local_reranker-v1,protocol_a_rollv2_cv3,2,2027,V2H-local-shuffle,False,shuffle_eeg_control,margin_power0p2_base0p025,v2s_reference,0.2,0.025,,,,,,,,,0.0,1.0,0.0,1.0,0.6335616438356164,0.6530777093277094,0.6335616438356164,0.6510403639570307,584,30,26,0.6336474116161617,0.6323488548488547,0.6490362264420841,26
V2-U,V2M-two_stage_user_local_reranker-v1,protocol_a_rollv2_cv3,2,2027,V2H-local-shuffle,False,shuffle_eeg_control,hist_rel_f0p80_cap90_base0p025,history_reliability,0.2,0.025,0.8,90.0,,,,,,,0.0,0.9739388264669163,0.025924592202257783,0.8555555555555556,0.6267123287671232,0.6352661227661227,0.6267123287671232,0.6356036556036557,584,30,26,0.6205861066017316,0.6194934232434233,0.637771340700211,26
V2-U,V2M-two_stage_user_local_reranker-v1,protocol_a_rollv2_cv3,2,2027,V2H-local-shuffle,False,shuffle_eeg_control,hist_rel_f0p70_cap100_base0p025,history_reliability,0.2,0.025,0.7,100.0,,,,,,,0.0,0.9380112359550562,0.03880750372883351,0.7749999999999999,0.6215753424657534,0.6276603026603026,0.6215753424657534,0.6273188231521565,584,30,26,0.6177796942640692,0.6169235394235393,0.6323713478525194,26
V2-U,V2M-two_stage_user_local_reranker-v1,protocol_a_rollv2_cv3,2,2027,V2H-local-shuffle,False,shuffle_eeg_control,pos_rel_f0p80_cap20_base0p025,session_position_reliability,0.2,0.025,,,0.8,20.0,,,,,0.0,0.9205337078651686,0.0635114471568677,0.81,0.6386986301369864,0.6520715395715396,0.6386986301369864,0.6506974506974507,584,30,26,0.6258258928571429,0.6258157120657122,0.6454958337803526,26
V2-U,V2M-two_stage_user_local_reranker-v1,protocol_a_rollv2_cv3,2,2027,V2H-local-shuffle,False,shuffle_eeg_control,std_rel_f0p70_ref1p0_base0p025,context_std_reliability,0.2,0.025,,,,,0.7,1.0,,,0.0,0.8784209092115056,0.08349357059851564,0.7,0.6335616438356164,0.6505427442927443,0.6335616438356164,0.6488433942600609,584,30,26,0.6357323232323233,0.6341291578791578,0.6286521474805993,26
V2-U,V2M-two_stage_user_local_reranker-v1,protocol_a_rollv2_cv3,2,2027,V2H-local-shuffle,False,shuffle_eeg_control,std_rel_f0p70_ref1p5_base0p025,context_std_reliability,0.2,0.025,,,,,0.7,1.5,,,0.0,0.8236807355170426,0.06465966883953976,0.7,0.6352739726027398,0.6520537333037333,0.6352739726027398,0.6501529180695848,584,30,26,0.6410698502886003,0.6396494708994709,0.6397382255122841,26
V2-U,V2M-two_stage_user_local_reranker-v1,protocol_a_rollv2_cv3,2,2027,V2H-local-shuffle,False,shuffle_eeg_control,count_std_rel_f0p75_count12_std1p0_base0p025,context_count_std_reliability,0.2,0.025,,,,,0.75,1.0,0.75,12.0,0.0,0.8602919460315112,0.09659548798841389,0.578125,0.6335616438356164,0.6505427442927443,0.6335616438356164,0.6488433942600609,584,30,26,0.6298019255050505,0.6274420949420949,0.6274362550513178,26
V2-U,V2M-two_stage_user_local_reranker-v1,protocol_a_rollv2_cv3,2,2027,V2H-local-shuffle,False,shuffle_eeg_control,hist_std_rel_fallback0p05,history_context_std_fallback,0.2,0.025,0.85,100.0,,,0.75,1.0,,,0.05,0.8711647380580895,0.07372328189075576,0.7162745770583288,0.6352739726027398,0.6461635586635587,0.6352739726027398,0.6450481000481001,584,30,26,0.6316932720057721,0.6291311466311467,0.6279011550978078,26
V2-U,V2M-two_stage_user_local_reranker-v1,protocol_a_rollv2_cv3,2,2027,V2H-local-shuffle,False,shuffle_eeg_control,pos_std_rel_fallback0p05,position_context_std_fallback,0.2,0.025,,,0.8,20.0,0.75,1.0,,,0.05,0.8274318083141095,0.08734384800855004,0.6075,0.6352739726027398,0.6454792892292893,0.6352739726027398,0.6449841670675004,584,30,26,0.6291268713924963,0.6295402282902283,0.6268640703787147,26
V2-U,V2M-two_stage_user_local_reranker-v1,protocol_a_rollv2_cv3,2,2027,V2H-local-shuffle,False,shuffle_eeg_control,hist_pos_std_rel_fallback0p05,history_position_context_std_fallback,0.2,0.025,0.85,100.0,0.85,20.0,0.75,1.0,,,0.05,0.8195026730163743,0.08342450650278149,0.625760625,0.6404109589041096,0.643940318940319,0.6404109589041096,0.6431212922879589,584,30,26,0.6333592622655122,0.6323205498205499,0.6214283159889854,26
V2-U,V2M-two_stage_user_local_reranker-v1,protocol_a_rollv2_cv3,2,2027,V2H-local-shuffle,False,shuffle_eeg_control,hist_pos_std_rel_fallback0p10,history_position_context_std_fallback,0.2,0.025,0.85,100.0,0.85,20.0,0.75,1.0,,,0.1,0.8195026730163743,0.08342450650278149,0.625760625,0.6421232876712328,0.6468071280571281,0.6421232876712328,0.6456058601891935,584,30,26,0.6352169011544011,0.6351873589373589,0.6230018238386439,26
V2-U,V2M-two_stage_user_local_reranker-v1,protocol_a_rollv2_cv3,2,2027,V2H-local-shuffle,False,shuffle_eeg_control,count_hist_std_rel_fallback0p05,count_history_context_std_fallback,0.2,0.025,0.85,100.0,,,0.75,1.0,0.75,12.0,0.05,0.8342514138406709,0.1004779873357443,0.5625156250000001,0.6386986301369864,0.649902874902875,0.6386986301369864,0.6488179413179415,584,30,26,0.6316072555916306,0.629349678099678,0.6236812931373601,26
V2-U,V2M-two_stage_user_local_reranker-v1,protocol_a_rollv2_cv3,3,2027,V2H-local-shuffle,False,shuffle_eeg_control,margin_power0p2_base0p025,v2s_reference,0.2,0.025,,,,,,,,,0.0,1.0,0.0,1.0,0.6521035598705501,0.6794226812322144,0.6521035598705501,0.6976295893260179,618,28,24,0.6478964993825134,0.6686928542136875,0.5741229033911961,24
V2-U,V2M-two_stage_user_local_reranker-v1,protocol_a_rollv2_cv3,3,2027,V2H-local-shuffle,False,shuffle_eeg_control,hist_rel_f0p80_cap90_base0p025,history_reliability,0.2,0.025,0.8,90.0,,,,,,,0.0,0.9883348895113602,0.02043372847516129,0.8644444444444445,0.6504854368932039,0.6765616223349711,0.6504854368932039,0.6953861086003943,618,28,24,0.6426892066752207,0.662933925642259,0.5733904636343661,24
V2-U,V2M-two_stage_user_local_reranker-v1,protocol_a_rollv2_cv3,3,2027,V2H-local-shuffle,False,shuffle_eeg_control,hist_rel_f0p70_cap100_base0p025,history_reliability,0.2,0.025,0.7,100.0,,,,,,,0.0,0.968310924369748,0.0372885067789125,0.7869999999999999,0.656957928802589,0.684514635655309,0.656957928802589,0.7037955001347858,618,28,24,0.6430874195734335,0.6634856231731231,0.5713762543030836,24
V2-U,V2M-two_stage_user_local_reranker-v1,protocol_a_rollv2_cv3,3,2027,V2H-local-shuffle,False,shuffle_eeg_control,pos_rel_f0p80_cap20_base0p025,session_position_reliability,0.2,0.025,,,0.8,20.0,,,,,0.0,0.9303081232492997,0.06357390781398536,0.81,0.6666666666666666,0.6775346543088738,0.6666666666666666,0.6656054230161372,618,28,24,0.6658272962468766,0.6728161152119485,0.5587050465099246,24
V2-U,V2M-two_stage_user_local_reranker-v1,protocol_a_rollv2_cv3,3,2027,V2H-local-shuffle,False,shuffle_eeg_control,std_rel_f0p70_ref1p0_base0p025,context_std_reliability,0.2,0.025,,,,,0.7,1.0,,,0.0,0.8647045794014637,0.08186697390424634,0.7,0.6537216828478964,0.6807247645655478,0.6537216828478964,0.6989050995300995,618,28,24,0.6383602023462164,0.6584249970708304,0.5698381308137406,24
V2-U,V2M-two_stage_user_local_reranker-v1,protocol_a_rollv2_cv3,3,2027,V2H-local-shuffle,False,shuffle_eeg_control,std_rel_f0p70_ref1p5_base0p025,context_std_reliability,0.2,0.025,,,,,0.7,1.5,,,0.0,0.816753272307617,0.06869597885681913,0.7,0.6537216828478964,0.6807247645655478,0.6537216828478964,0.6989050995300995,618,28,24,0.6383602023462164,0.6584249970708304,0.5707170585219365,24
V2-U,V2M-two_stage_user_local_reranker-v1,protocol_a_rollv2_cv3,3,2027,V2H-local-shuffle,False,shuffle_eeg_control,count_std_rel_f0p75_count12_std1p0_base0p025,context_count_std_reliability,0.2,0.025,,,,,0.75,1.0,0.75,12.0,0.0,0.8571070930102445,0.0824142114364892,0.578125,0.6537216828478964,0.6807247645655478,0.6537216828478964,0.6989050995300995,618,28,24,0.6328656968517109,0.6524726161184494,0.5641983446861496,24
V2-U,V2M-two_stage_user_local_reranker-v1,protocol_a_rollv2_cv3,3,2027,V2H-local-shuffle,False,shuffle_eeg_control,hist_std_rel_fallback0p05,history_context_std_fallback,0.2,0.025,0.85,100.0,,,0.75,1.0,,,0.05,0.8730567826779191,0.06730791880163878,0.715125,0.6666666666666666,0.6974481412944069,0.6666666666666666,0.7141923255316113,618,28,24,0.6515775405635544,0.6725233215858216,0.5739397934519886,24
V2-U,V2M-two_stage_user_local_reranker-v1,protocol_a_rollv2_cv3,3,2027,V2H-local-shuffle,False,shuffle_eeg_control,pos_std_rel_fallback0p05,position_context_std_fallback,0.2,0.025,,,0.8,20.0,0.75,1.0,,,0.05,0.8258670260231942,0.08934166970108266,0.6248504939729315,0.6715210355987055,0.6823980992216608,0.6715210355987055,0.6699885398992541,618,28,24,0.6582294647854088,0.6658651572193238,0.5643448326375156,24
V2-U,V2M-two_stage_user_local_reranker-v1,protocol_a_rollv2_cv3,3,2027,V2H-local-shuffle,False,shuffle_eeg_control,hist_pos_std_rel_fallback0p05,history_position_context_std_fallback,0.2,0.025,0.85,100.0,0.85,20.0,0.75,1.0,,,0.05,0.8279330695586051,0.08180778289027336,0.6507637500000001,0.6812297734627831,0.7048065045191594,0.6812297734627831,0.6978835945800231,618,28,24,0.6661922964370517,0.6839528180153179,0.5674943235918846,24
V2-U,V2M-two_stage_user_local_reranker-v1,protocol_a_rollv2_cv3,3,2027,V2H-local-shuffle,False,shuffle_eeg_control,hist_pos_std_rel_fallback0p10,history_position_context_std_fallback,0.2,0.025,0.85,100.0,0.85,20.0,0.75,1.0,,,0.1,0.8279330695586051,0.08180778289027336,0.6507637500000001,0.6877022653721683,0.707731814163219,0.6877022653721683,0.6998063940028226,618,28,24,0.6729329043140232,0.6900926889468556,0.5686662272028126,24
V2-U,V2M-two_stage_user_local_reranker-v1,protocol_a_rollv2_cv3,3,2027,V2H-local-shuffle,False,shuffle_eeg_control,count_hist_std_rel_fallback0p05,count_history_context_std_fallback,0.2,0.025,0.85,100.0,,,0.75,1.0,0.75,12.0,0.05,0.8437747024447423,0.08485128922002229,0.5512421875,0.6666666666666666,0.6973263089357323,0.6666666666666666,0.7141923255316113,618,28,24,0.6453199093059232,0.665744221056721,0.5650406504065041,24
V2-U,V2M-two_stage_user_local_reranker-v1,protocol_a_rollv2_cv3,1,2028,V2H-local-shuffle,False,shuffle_eeg_control,margin_power0p2_base0p025,v2s_reference,0.2,0.025,,,,,,,,,0.0,1.0,0.0,1.0,0.6421404682274248,0.6542379280772137,0.6421404682274248,0.6772456538170823,598,35,28,0.6335969503133683,0.6287067529031815,0.5896910794862895,28
V2-U,V2M-two_stage_user_local_reranker-v1,protocol_a_rollv2_cv3,1,2028,V2H-local-shuffle,False,shuffle_eeg_control,hist_rel_f0p80_cap90_base0p025,history_reliability,0.2,0.025,0.8,90.0,,,,,,,0.0,0.9493346068131169,0.025042878757024368,0.8466666666666667,0.6321070234113713,0.6567039144717716,0.6321070234113713,0.6833454270597128,598,35,28,0.6318118283043656,0.6305307324950183,0.5879902811523776,28
V2-U,V2M-two_stage_user_local_reranker-v1,protocol_a_rollv2_cv3,1,2028,V2H-local-shuffle,False,shuffle_eeg_control,hist_rel_f0p70_cap100_base0p025,history_reliability,0.2,0.025,0.7,100.0,,,,,,,0.0,0.9016017191977077,0.0338078863219829,0.7629999999999999,0.6287625418060201,0.6507586196871912,0.6287625418060201,0.6740256991685564,598,35,28,0.6325971872240529,0.6319422971208686,0.5875737591114196,28
V2-U,V2M-two_stage_user_local_reranker-v1,protocol_a_rollv2_cv3,1,2028,V2H-local-shuffle,False,shuffle_eeg_control,pos_rel_f0p80_cap20_base0p025,session_position_reliability,0.2,0.025,,,0.8,20.0,,,,,0.0,0.9115759312320917,0.06521362817962645,0.81,0.6204013377926422,0.6572949008663294,0.6204013377926422,0.6826277399848828,598,35,28,0.6025629428614504,0.59724861282897,0.581048247136411,28
V2-U,V2M-two_stage_user_local_reranker-v1,protocol_a_rollv2_cv3,1,2028,V2H-local-shuffle,False,shuffle_eeg_control,std_rel_f0p70_ref1p0_base0p025,context_std_reliability,0.2,0.025,,,,,0.7,1.0,,,0.0,0.9069491986449099,0.07971929576382245,0.7,0.6421404682274248,0.6573133249026105,0.6421404682274248,0.6797059712774,598,35,28,0.6416371605177575,0.6378667843399987,0.5884068031933356,28
V2-U,V2M-two_stage_user_local_reranker-v1,protocol_a_rollv2_cv3,1,2028,V2H-local-shuffle,False,shuffle_eeg_control,std_rel_f0p70_ref1p5_base0p025,context_std_reliability,0.2,0.025,,,,,0.7,1.5,,,0.0,0.8458816344055101,0.06536717730876325,0.7,0.6421404682274248,0.6573133249026105,0.6421404682274248,0.6797059712774,598,35,28,0.6340414809071525,0.6300147306397307,0.585213467545991,28
V2-U,V2M-two_stage_user_local_reranker-v1,protocol_a_rollv2_cv3,1,2028,V2H-local-shuffle,False,shuffle_eeg_control,count_std_rel_f0p75_count12_std1p0_base0p025,context_count_std_reliability,0.2,0.025,,,,,0.75,1.0,0.75,12.0,0.0,0.8728379495818448,0.09872647460883707,0.578125,0.6421404682274248,0.6573133249026105,0.6421404682274248,0.6797059712774,598,35,28,0.6421791475522819,0.6400327681577681,0.5853870183963902,28
V2-U,V2M-two_stage_user_local_reranker-v1,protocol_a_rollv2_cv3,1,2028,V2H-local-shuffle,False,shuffle_eeg_control,hist_std_rel_fallback0p05,history_context_std_fallback,0.2,0.025,0.85,100.0,,,0.75,1.0,,,0.05,0.8774208950595501,0.06920498256014486,0.69825,0.6387959866220736,0.6560047459154602,0.6387959866220736,0.6804051398337112,598,35,28,0.6446746785552756,0.6417890855837285,0.5881638320027769,28
V2-U,V2M-two_stage_user_local_reranker-v1,protocol_a_rollv2_cv3,1,2028,V2H-local-shuffle,False,shuffle_eeg_control,pos_std_rel_fallback0p05,position_context_std_fallback,0.2,0.025,,,0.8,20.0,0.75,1.0,,,0.05,0.8407084790254032,0.08338448036594402,0.6075,0.6187290969899666,0.6535746627710912,0.6187290969899666,0.6671515495086923,598,35,28,0.6008522323447697,0.5950911968322682,0.577299548767789,28
V2-U,V2M-two_stage_user_local_reranker-v1,protocol_a_rollv2_cv3,1,2028,V2H-local-shuffle,False,shuffle_eeg_control,hist_pos_std_rel_fallback0p05,history_position_context_std_fallback,0.2,0.025,0.85,100.0,0.85,20.0,0.75,1.0,,,0.05,0.8192622434434248,0.07771389388942826,0.598749375,0.617056856187291,0.6500268547589976,0.617056856187291,0.6643133030990173,598,35,28,0.5977343800478131,0.5925161264000549,0.5791391877820202,28
V2-U,V2M-two_stage_user_local_reranker-v1,protocol_a_rollv2_cv3,1,2028,V2H-local-shuffle,False,shuffle_eeg_control,hist_pos_std_rel_fallback0p10,history_position_context_std_fallback,0.2,0.025,0.85,100.0,0.85,20.0,0.75,1.0,,,0.1,0.8192622434434248,0.07771389388942826,0.598749375,0.6220735785953178,0.6526487368451654,0.6220735785953178,0.6664108087679516,598,35,28,0.5989485473067563,0.5936499132481275,0.579798681013537,28
V2-U,V2M-two_stage_user_local_reranker-v1,protocol_a_rollv2_cv3,1,2028,V2H-local-shuffle,False,shuffle_eeg_control,count_hist_std_rel_fallback0p05,count_history_context_std_fallback,0.2,0.025,0.85,100.0,,,0.75,1.0,0.75,12.0,0.05,0.8306587716214658,0.10073209553568999,0.538234375,0.6354515050167224,0.6480682379789523,0.6354515050167224,0.6675479969765685,598,35,28,0.6342615924705476,0.6320972050436335,0.5834432488719195,28
V2-U,V2M-two_stage_user_local_reranker-v1,protocol_a_rollv2_cv3,2,2028,V2H-local-shuffle,False,shuffle_eeg_control,margin_power0p2_base0p025,v2s_reference,0.2,0.025,,,,,,,,,0.0,1.0,0.0,1.0,0.6421232876712328,0.6508787508787509,0.6421232876712328,0.634716610549944,584,30,26,0.6337814529220779,0.6326614126614126,0.6501805957872904,26
V2-U,V2M-two_stage_user_local_reranker-v1,protocol_a_rollv2_cv3,2,2028,V2H-local-shuffle,False,shuffle_eeg_control,hist_rel_f0p80_cap90_base0p025,history_reliability,0.2,0.025,0.8,90.0,,,,,,,0.0,0.9739388264669163,0.025924592202257783,0.8555555555555556,0.636986301369863,0.651048026048026,0.636986301369863,0.633805114638448,584,30,26,0.6380867830086581,0.6368724793724794,0.6403104101848871,26
V2-U,V2M-two_stage_user_local_reranker-v1,protocol_a_rollv2_cv3,2,2028,V2H-local-shuffle,False,shuffle_eeg_control,hist_rel_f0p70_cap100_base0p025,history_reliability,0.2,0.025,0.7,100.0,,,,,,,0.0,0.9380112359550562,0.03880750372883351,0.7749999999999999,0.6472602739726028,0.666549654049654,0.6472602739726028,0.6548324514991183,584,30,26,0.6452395607864359,0.6450594775594778,0.6299038014519186,26
V2-U,V2M-two_stage_user_local_reranker-v1,protocol_a_rollv2_cv3,2,2028,V2H-local-shuffle,False,shuffle_eeg_control,pos_rel_f0p80_cap20_base0p025,session_position_reliability,0.2,0.025,,,0.8,20.0,,,,,0.0,0.9205337078651686,0.0635114471568677,0.81,0.6027397260273972,0.6063323250823252,0.6027397260273972,0.5951837822671155,584,30,26,0.6041939484126984,0.5993065730565731,0.6442799413510711,26
V2-U,V2M-two_stage_user_local_reranker-v1,protocol_a_rollv2_cv3,2,2028,V2H-local-shuffle,False,shuffle_eeg_control,std_rel_f0p70_ref1p0_base0p025,context_std_reliability,0.2,0.025,,,,,0.7,1.0,,,0.0,0.8943472507174394,0.08320600685662634,0.7,0.6472602739726028,0.6579020516520517,0.6472602739726028,0.640803471220138,584,30,26,0.6436344471500721,0.6442601380101382,0.609841576368773,26
V2-U,V2M-two_stage_user_local_reranker-v1,protocol_a_rollv2_cv3,2,2028,V2H-local-shuffle,False,shuffle_eeg_control,std_rel_f0p70_ref1p5_base0p025,context_std_reliability,0.2,0.025,,,,,0.7,1.5,,,0.0,0.8378343898910088,0.06815663596576664,0.7,0.6523972602739726,0.6661946849446849,0.6523972602739726,0.6479904200737534,584,30,26,0.6549341630591631,0.6560333185333185,0.6197475235132138,26
V2-U,V2M-two_stage_user_local_reranker-v1,protocol_a_rollv2_cv3,2,2028,V2H-local-shuffle,False,shuffle_eeg_control,count_std_rel_f0p75_count12_std1p0_base0p025,context_count_std_reliability,0.2,0.025,,,,,0.75,1.0,0.75,12.0,0.0,0.8724389795662677,0.09216907025762357,0.578125,0.648972602739726,0.6633965571465571,0.648972602739726,0.6455653759820427,584,30,26,0.6543494092712842,0.6544291356791357,0.6172442155705755,26
V2-U,V2M-two_stage_user_local_reranker-v1,protocol_a_rollv2_cv3,2,2028,V2H-local-shuffle,False,shuffle_eeg_control,hist_std_rel_fallback0p05,history_context_std_fallback,0.2,0.025,0.85,100.0,,,0.75,1.0,,,0.05,0.883970826011145,0.0727899855441121,0.7296261672582072,0.6438356164383562,0.6588050838050837,0.6438356164383562,0.6410569985569985,584,30,26,0.6424475784632034,0.6424908424908425,0.610306476415263,26
V2-U,V2M-two_stage_user_local_reranker-v1,protocol_a_rollv2_cv3,2,2028,V2H-local-shuffle,False,shuffle_eeg_control,pos_std_rel_fallback0p05,position_context_std_fallback,0.2,0.025,,,0.8,20.0,0.75,1.0,,,0.05,0.8392538381566733,0.0839806322612553,0.6075,0.6061643835616438,0.6101250601250601,0.6061643835616438,0.5973597081930415,584,30,26,0.620437748015873,0.6172858160358161,0.6191038157565355,26
V2-U,V2M-two_stage_user_local_reranker-v1,protocol_a_rollv2_cv3,2,2028,V2H-local-shuffle,False,shuffle_eeg_control,hist_pos_std_rel_fallback0p05,history_position_context_std_fallback,0.2,0.025,0.85,100.0,0.85,20.0,0.75,1.0,,,0.05,0.8312633857075432,0.08022856465722009,0.625760625,0.613013698630137,0.6130529193029193,0.613013698630137,0.6004791967291967,584,30,26,0.626279761904762,0.6221825396825397,0.6119157458069593,26
V2-U,V2M-two_stage_user_local_reranker-v1,protocol_a_rollv2_cv3,2,2028,V2H-local-shuffle,False,shuffle_eeg_control,hist_pos_std_rel_fallback0p10,history_position_context_std_fallback,0.2,0.025,0.85,100.0,0.85,20.0,0.75,1.0,,,0.1,0.8312633857075432,0.08022856465722009,0.625760625,0.6113013698630136,0.6165251415251416,0.6113013698630136,0.6097847522847524,584,30,26,0.6255505952380953,0.6236782661782662,0.6132746844043915,26
V2-U,V2M-two_stage_user_local_reranker-v1,protocol_a_rollv2_cv3,2,2028,V2H-local-shuffle,False,shuffle_eeg_control,count_hist_std_rel_fallback0p05,count_history_context_std_fallback,0.2,0.025,0.85,100.0,,,0.75,1.0,0.75,12.0,0.05,0.8459758164908501,0.09610374897682922,0.5625156250000001,0.6404109589041096,0.6512730325230325,0.6404109589041096,0.6334181096681097,584,30,26,0.6479368461399712,0.646730352980353,0.6116654150126953,26
V2-U,V2M-two_stage_user_local_reranker-v1,protocol_a_rollv2_cv3,3,2028,V2H-local-shuffle,False,shuffle_eeg_control,margin_power0p2_base0p025,v2s_reference,0.2,0.025,,,,,,,,,0.0,1.0,0.0,1.0,0.6229773462783171,0.6443271015620087,0.6229773462783171,0.6541372119943548,618,28,24,0.6252172749550372,0.6340711256336257,0.5632095510144289,24
V2-U,V2M-two_stage_user_local_reranker-v1,protocol_a_rollv2_cv3,3,2028,V2H-local-shuffle,False,shuffle_eeg_control,hist_rel_f0p80_cap90_base0p025,history_reliability,0.2,0.025,0.8,90.0,,,,,,,0.0,0.9883348895113602,0.02043372847516129,0.8644444444444445,0.6051779935275081,0.623656298396688,0.6051779935275081,0.6366282361818075,618,28,24,0.6041452913830536,0.6119905480322148,0.5597304621694865,24
V2-U,V2M-two_stage_user_local_reranker-v1,protocol_a_rollv2_cv3,3,2028,V2H-local-shuffle,False,shuffle_eeg_control,hist_rel_f0p70_cap100_base0p025,history_reliability,0.2,0.025,0.7,100.0,,,,,,,0.0,0.968310924369748,0.0372885067789125,0.7869999999999999,0.6213592233009708,0.6416293973866213,0.6213592233009708,0.6579242417635275,618,28,24,0.6193840056602293,0.6266341683008351,0.55932762030323,24
V2-U,V2M-two_stage_user_local_reranker-v1,protocol_a_rollv2_cv3,3,2028,V2H-local-shuffle,False,shuffle_eeg_control,pos_rel_f0p80_cap20_base0p025,session_position_reliability,0.2,0.025,,,0.8,20.0,,,,,0.0,0.9303081232492997,0.06357390781398536,0.81,0.6472491909385113,0.666732970343974,0.6472491909385113,0.6668859976002832,618,28,24,0.6628129155227057,0.6667461859128526,0.5567640811543251,24
V2-U,V2M-two_stage_user_local_reranker-v1,protocol_a_rollv2_cv3,3,2028,V2H-local-shuffle,False,shuffle_eeg_control,std_rel_f0p70_ref1p0_base0p025,context_std_reliability,0.2,0.025,,,,,0.7,1.0,,,0.0,0.8639787877172862,0.07558756665577113,0.7,0.6181229773462783,0.6403884478620031,0.6181229773462783,0.6458236340379198,618,28,24,0.6148511259525246,0.6243499054957389,0.5696183988866916,24
V2-U,V2M-two_stage_user_local_reranker-v1,protocol_a_rollv2_cv3,3,2028,V2H-local-shuffle,False,shuffle_eeg_control,std_rel_f0p70_ref1p5_base0p025,context_std_reliability,0.2,0.025,,,,,0.7,1.5,,,0.0,0.8160126435901619,0.06528205709965693,0.7,0.6197411003236246,0.6415789240524793,0.6197411003236246,0.6468440422011851,618,28,24,0.6179924290938277,0.6270835915627582,0.5676408115432505,24
V2-U,V2M-two_stage_user_local_reranker-v1,protocol_a_rollv2_cv3,3,2028,V2H-local-shuffle,False,shuffle_eeg_control,count_std_rel_f0p75_count12_std1p0_base0p025,context_count_std_reliability,0.2,0.025,,,,,0.75,1.0,0.75,12.0,0.0,0.8567682378850459,0.0811515547564579,0.578125,0.6197411003236246,0.6413354175589728,0.6197411003236246,0.6466353223496081,618,28,24,0.6093581340958963,0.6180548117006451,0.5607558778290486,24
V2-U,V2M-two_stage_user_local_reranker-v1,protocol_a_rollv2_cv3,3,2028,V2H-local-shuffle,False,shuffle_eeg_control,hist_std_rel_fallback0p05,history_context_std_fallback,0.2,0.025,0.85,100.0,,,0.75,1.0,,,0.05,0.8725650545778051,0.06369583299193098,0.715125,0.616504854368932,0.653216187150817,0.616504854368932,0.6567638281031137,618,28,24,0.6194448034482999,0.6376260313760314,0.5666886398593716,24
V2-U,V2M-two_stage_user_local_reranker-v1,protocol_a_rollv2_cv3,3,2028,V2H-local-shuffle,False,shuffle_eeg_control,pos_std_rel_fallback0p05,position_context_std_fallback,0.2,0.025,,,0.8,20.0,0.75,1.0,,,0.05,0.8255932089048253,0.0884551739223821,0.6498149901980008,0.6585760517799353,0.6792596105078368,0.6585760517799353,0.6726305176305176,618,28,24,0.6631112283210185,0.6685925263008596,0.5641983446861496,24
V2-U,V2M-two_stage_user_local_reranker-v1,protocol_a_rollv2_cv3,3,2028,V2H-local-shuffle,False,shuffle_eeg_control,hist_pos_std_rel_fallback0p05,history_position_context_std_fallback,0.2,0.025,0.85,100.0,0.85,20.0,0.75,1.0,,,0.05,0.8276815335778609,0.08126040511421952,0.6507637500000001,0.6634304207119741,0.6840838562392677,0.6634304207119741,0.6924174601853174,618,28,24,0.6572115724213626,0.6633428569886903,0.563575770892844,24
V2-U,V2M-two_stage_user_local_reranker-v1,protocol_a_rollv2_cv3,3,2028,V2H-local-shuffle,False,shuffle_eeg_control,hist_pos_std_rel_fallback0p10,history_position_context_std_fallback,0.2,0.025,0.85,100.0,0.85,20.0,0.75,1.0,,,0.1,0.8276815335778609,0.08126040511421952,0.6507637500000001,0.6601941747572816,0.693609283369184,0.6601941747572816,0.6903936506615079,618,28,24,0.6603251255349157,0.6763917987876321,0.5654068702849191,24
V2-U,V2M-two_stage_user_local_reranker-v1,protocol_a_rollv2_cv3,3,2028,V2H-local-shuffle,False,shuffle_eeg_control,count_hist_std_rel_fallback0p05,count_history_context_std_fallback,0.2,0.025,0.85,100.0,,,0.75,1.0,0.75,12.0,0.05,0.8435420449090771,0.08475450218078616,0.5512421875,0.6197411003236246,0.657075836273624,0.6197411003236246,0.6601765265158122,618,28,24,0.6159593999628964,0.6338782359615692,0.560865743792573,24
V2-U,V2M-two_stage_user_local_reranker-v1,protocol_a_rollv2_cv3,1,2029,V2H-local-shuffle,False,shuffle_eeg_control,margin_power0p2_base0p025,v2s_reference,0.2,0.025,,,,,,,,,0.0,1.0,0.0,1.0,0.6387959866220736,0.662954205186348,0.6387959866220736,0.6889561602418746,598,35,28,0.635737222976029,0.6343401059918917,0.582922596320722,28
V2-U,V2M-two_stage_user_local_reranker-v1,protocol_a_rollv2_cv3,1,2029,V2H-local-shuffle,False,shuffle_eeg_control,hist_rel_f0p80_cap90_base0p025,history_reliability,0.2,0.025,0.8,90.0,,,,,,,0.0,0.9493346068131169,0.025042878757024368,0.8466666666666667,0.617056856187291,0.6603063404849119,0.617056856187291,0.6779092970521542,598,35,28,0.6295715147207686,0.6335387033601318,0.5783755640402638,28
V2-U,V2M-two_stage_user_local_reranker-v1,protocol_a_rollv2_cv3,1,2029,V2H-local-shuffle,False,shuffle_eeg_control,hist_rel_f0p70_cap100_base0p025,history_reliability,0.2,0.025,0.7,100.0,,,,,,,0.0,0.9016017191977077,0.0338078863219829,0.7629999999999999,0.6053511705685619,0.6501849308099308,0.6053511705685619,0.6688201058201058,598,35,28,0.627621739785919,0.6343576281522709,0.5761541131551544,28
V2-U,V2M-two_stage_user_local_reranker-v1,protocol_a_rollv2_cv3,1,2029,V2H-local-shuffle,False,shuffle_eeg_control,pos_rel_f0p80_cap20_base0p025,session_position_reliability,0.2,0.025,,,0.8,20.0,,,,,0.0,0.9115759312320917,0.06521362817962645,0.81,0.5886287625418061,0.6293657698121983,0.5886287625418061,0.6507758881330309,598,35,28,0.5659255669703431,0.5611357409125266,0.5692814994793474,28
V2-U,V2M-two_stage_user_local_reranker-v1,protocol_a_rollv2_cv3,1,2029,V2H-local-shuffle,False,shuffle_eeg_control,std_rel_f0p70_ref1p0_base0p025,context_std_reliability,0.2,0.025,,,,,0.7,1.0,,,0.0,0.9024373376400378,0.08378088407131844,0.7,0.637123745819398,0.660722062329205,0.637123745819398,0.6746704459561602,598,35,28,0.5963293920010339,0.588185575998076,0.559180839986116,28
V2-U,V2M-two_stage_user_local_reranker-v1,protocol_a_rollv2_cv3,1,2029,V2H-local-shuffle,False,shuffle_eeg_control,std_rel_f0p70_ref1p5_base0p025,context_std_reliability,0.2,0.025,,,,,0.7,1.5,,,0.0,0.8502590730380601,0.07671143076587482,0.7,0.6354515050167224,0.6583245755567184,0.6354515050167224,0.6702127739984882,598,35,28,0.5945483620856755,0.5884144806912665,0.5605345366192295,28
V2-U,V2M-two_stage_user_local_reranker-v1,protocol_a_rollv2_cv3,1,2029,V2H-local-shuffle,False,shuffle_eeg_control,count_std_rel_f0p75_count12_std1p0_base0p025,context_count_std_reliability,0.2,0.025,,,,,0.75,1.0,0.75,12.0,0.0,0.8692503687145895,0.10020575485746293,0.578125,0.6354515050167224,0.6567538083609513,0.6354515050167224,0.6689561602418745,598,35,28,0.608608795847602,0.6072344834398405,0.5501909059354391,28
V2-U,V2M-two_stage_user_local_reranker-v1,protocol_a_rollv2_cv3,1,2029,V2H-local-shuffle,False,shuffle_eeg_control,hist_std_rel_fallback0p05,history_context_std_fallback,0.2,0.025,0.85,100.0,,,0.75,1.0,,,0.05,0.8738919133034517,0.07261292153758798,0.6896191391401079,0.6237458193979933,0.6611141636141635,0.6237458193979933,0.6785555555555555,598,35,28,0.5967179255238957,0.5924523938363224,0.5603609857688303,28
V2-U,V2M-two_stage_user_local_reranker-v1,protocol_a_rollv2_cv3,1,2029,V2H-local-shuffle,False,shuffle_eeg_control,pos_std_rel_fallback0p05,position_context_std_fallback,0.2,0.025,,,0.8,20.0,0.75,1.0,,,0.05,0.8375902220256123,0.08843361134861233,0.6075,0.5919732441471572,0.6320999569213855,0.5919732441471572,0.649391809248952,598,35,28,0.5685020783528247,0.5640782613550471,0.5532801110725443,28
V2-U,V2M-two_stage_user_local_reranker-v1,protocol_a_rollv2_cv3,1,2029,V2H-local-shuffle,False,shuffle_eeg_control,hist_pos_std_rel_fallback0p05,history_position_context_std_fallback,0.2,0.025,0.85,100.0,0.85,20.0,0.75,1.0,,,0.05,0.8161862453533437,0.08242035392401326,0.5913484118126424,0.5836120401337793,0.6255132565846852,0.5836120401337793,0.6441224489795917,598,35,28,0.5605903383515324,0.557137252628324,0.5534883720930233,28
V2-U,V2M-two_stage_user_local_reranker-v1,protocol_a_rollv2_cv3,1,2029,V2H-local-shuffle,False,shuffle_eeg_control,hist_pos_std_rel_fallback0p10,history_position_context_std_fallback,0.2,0.025,0.85,100.0,0.85,20.0,0.75,1.0,,,0.1,0.8161862453533437,0.08242035392401326,0.5913484118126424,0.5869565217391305,0.6224874629338916,0.5869565217391305,0.6417018140589569,598,35,28,0.5625448515000753,0.5571230802927232,0.5544255466851787,28
V2-U,V2M-two_stage_user_local_reranker-v1,protocol_a_rollv2_cv3,1,2029,V2H-local-shuffle,False,shuffle_eeg_control,count_hist_std_rel_fallback0p05,count_history_context_std_fallback,0.2,0.025,0.85,100.0,,,0.75,1.0,0.75,12.0,0.05,0.827287523065477,0.10227765703915342,0.538234375,0.6187290969899666,0.6497054334554334,0.6187290969899666,0.6618888888888887,598,35,28,0.6029028020072796,0.6033125257678827,0.5485595279416869,28
V2-U,V2M-two_stage_user_local_reranker-v1,protocol_a_rollv2_cv3,2,2029,V2H-local-shuffle,False,shuffle_eeg_control,margin_power0p2_base0p025,v2s_reference,0.2,0.025,,,,,,,,,0.0,1.0,0.0,1.0,0.6575342465753424,0.6760568135568135,0.6575342465753424,0.6692624659291326,584,30,26,0.6583060515873015,0.6592323879823879,0.6541501269534742,26
V2-U,V2M-two_stage_user_local_reranker-v1,protocol_a_rollv2_cv3,2,2029,V2H-local-shuffle,False,shuffle_eeg_control,hist_rel_f0p80_cap90_base0p025,history_reliability,0.2,0.025,0.8,90.0,,,,,,,0.0,0.9739388264669163,0.025924592202257783,0.8555555555555556,0.6626712328767124,0.6709972897472897,0.6626712328767124,0.6654066458233124,584,30,26,0.6533192415223665,0.6535512635512636,0.6441368951829203,26
V2-U,V2M-two_stage_user_local_reranker-v1,protocol_a_rollv2_cv3,2,2029,V2H-local-shuffle,False,shuffle_eeg_control,hist_rel_f0p70_cap100_base0p025,history_reliability,0.2,0.025,0.7,100.0,,,,,,,0.0,0.9380112359550562,0.03880750372883351,0.7749999999999999,0.6626712328767124,0.6643199393199394,0.6626712328767124,0.6602016193682859,584,30,26,0.6441599025974025,0.6440260665260665,0.6343382326645925,26
V2-U,V2M-two_stage_user_local_reranker-v1,protocol_a_rollv2_cv3,2,2029,V2H-local-shuffle,False,shuffle_eeg_control,pos_rel_f0p80_cap20_base0p025,session_position_reliability,0.2,0.025,,,0.8,20.0,,,,,0.0,0.9205337078651686,0.0635114471568677,0.81,0.6421232876712328,0.648685804935805,0.6421232876712328,0.6428425124258457,584,30,26,0.642990845959596,0.6423828023828023,0.6500733111611773,26
V2-U,V2M-two_stage_user_local_reranker-v1,protocol_a_rollv2_cv3,2,2029,V2H-local-shuffle,False,shuffle_eeg_control,std_rel_f0p70_ref1p0_base0p025,context_std_reliability,0.2,0.025,,,,,0.7,1.0,,,0.0,0.8820502679675493,0.07930004906896439,0.7,0.6592465753424658,0.6784606597106596,0.6592465753424658,0.671345799262466,584,30,26,0.649670477092352,0.651008806008806,0.621714408325287,26
V2-U,V2M-two_stage_user_local_reranker-v1,protocol_a_rollv2_cv3,2,2029,V2H-local-shuffle,False,shuffle_eeg_control,std_rel_f0p70_ref1p5_base0p025,context_std_reliability,0.2,0.025,,,,,0.7,1.5,,,0.0,0.8256736018798333,0.06155508468205046,0.7,0.6643835616438356,0.6828562641062642,0.6643835616438356,0.6751553230719899,584,30,26,0.6619958513708514,0.6626936489436488,0.634517040374781,26
V2-U,V2M-two_stage_user_local_reranker-v1,protocol_a_rollv2_cv3,2,2029,V2H-local-shuffle,False,shuffle_eeg_control,count_std_rel_f0p75_count12_std1p0_base0p025,context_count_std_reliability,0.2,0.025,,,,,0.75,1.0,0.75,12.0,0.0,0.8629699894646526,0.09244859215734531,0.578125,0.6592465753424658,0.6784606597106596,0.6592465753424658,0.671345799262466,584,30,26,0.6567372384559884,0.6572102434602434,0.624396523978114,26
V2-U,V2M-two_stage_user_local_reranker-v1,protocol_a_rollv2_cv3,2,2029,V2H-local-shuffle,False,shuffle_eeg_control,hist_std_rel_fallback0p05,history_context_std_fallback,0.2,0.025,0.85,100.0,,,0.75,1.0,,,0.05,0.8740533753257893,0.07001258849730842,0.7088020465359256,0.6678082191780822,0.6796485921485923,0.6678082191780822,0.6759864518197852,584,30,26,0.6527644751082252,0.6543022718022719,0.61763759253299,26
V2-U,V2M-two_stage_user_local_reranker-v1,protocol_a_rollv2_cv3,2,2029,V2H-local-shuffle,False,shuffle_eeg_control,pos_std_rel_fallback0p05,position_context_std_fallback,0.2,0.025,,,0.8,20.0,0.75,1.0,,,0.05,0.8302404642031199,0.08534214856880884,0.6075,0.6421232876712328,0.6412617475117475,0.6421232876712328,0.6364083293249959,584,30,26,0.6487745761183261,0.6466123691123691,0.6255766548653579,26
V2-U,V2M-two_stage_user_local_reranker-v1,protocol_a_rollv2_cv3,2,2029,V2H-local-shuffle,False,shuffle_eeg_control,hist_pos_std_rel_fallback0p05,history_position_context_std_fallback,0.2,0.025,0.85,100.0,0.85,20.0,0.75,1.0,,,0.05,0.8222365575585138,0.08071568329782551,0.625760625,0.6472602739726028,0.6470691345691346,0.6472602739726028,0.6427509219175885,584,30,26,0.6518324990981241,0.6503967791467791,0.618674677252083,26
V2-U,V2M-two_stage_user_local_reranker-v1,protocol_a_rollv2_cv3,2,2029,V2H-local-shuffle,False,shuffle_eeg_control,hist_pos_std_rel_fallback0p10,history_position_context_std_fallback,0.2,0.025,0.85,100.0,0.85,20.0,0.75,1.0,,,0.1,0.8222365575585138,0.08071568329782551,0.625760625,0.6472602739726028,0.6446652884152885,0.6472602739726028,0.6431675885842552,584,30,26,0.647906295093795,0.6463050375550375,0.6192826234667239,26
V2-U,V2M-two_stage_user_local_reranker-v1,protocol_a_rollv2_cv3,2,2029,V2H-local-shuffle,False,shuffle_eeg_control,count_hist_std_rel_fallback0p05,count_history_context_std_fallback,0.2,0.025,0.85,100.0,,,0.75,1.0,0.75,12.0,0.05,0.8368067792746213,0.09632481452170402,0.5625156250000001,0.666095890410959,0.674039617789618,0.666095890410959,0.6711253407086741,584,30,26,0.6540783955627705,0.6531464831464832,0.6167435539820476,26
V2-U,V2M-two_stage_user_local_reranker-v1,protocol_a_rollv2_cv3,3,2029,V2H-local-shuffle,False,shuffle_eeg_control,margin_power0p2_base0p025,v2s_reference,0.2,0.025,,,,,,,,,0.0,1.0,0.0,1.0,0.6343042071197411,0.6621483885636685,0.6343042071197411,0.678108634090777,618,28,24,0.6425356500531326,0.6543619690494691,0.5573866549476306,24
V2-U,V2M-two_stage_user_local_reranker-v1,protocol_a_rollv2_cv3,3,2029,V2H-local-shuffle,False,shuffle_eeg_control,hist_rel_f0p80_cap90_base0p025,history_reliability,0.2,0.025,0.8,90.0,,,,,,,0.0,0.9883348895113602,0.02043372847516129,0.8644444444444445,0.6359223300970874,0.6640018358392649,0.6359223300970874,0.6799061586561586,618,28,24,0.6402004852179678,0.6525734990318323,0.555006225737933,24
V2-U,V2M-two_stage_user_local_reranker-v1,protocol_a_rollv2_cv3,3,2029,V2H-local-shuffle,False,shuffle_eeg_control,hist_rel_f0p70_cap100_base0p025,history_reliability,0.2,0.025,0.7,100.0,,,,,,,0.0,0.968310924369748,0.0372885067789125,0.7869999999999999,0.6310679611650486,0.656931730019159,0.6310679611650486,0.6738460679532107,618,28,24,0.6288812488987314,0.6406422821006155,0.5547132498352011,24
V2-U,V2M-two_stage_user_local_reranker-v1,protocol_a_rollv2_cv3,3,2029,V2H-local-shuffle,False,shuffle_eeg_control,pos_rel_f0p80_cap20_base0p025,session_position_reliability,0.2,0.025,,,0.8,20.0,,,,,0.0,0.9303081232492997,0.06357390781398536,0.81,0.6521035598705501,0.6679984370288485,0.6521035598705501,0.6679156722906722,618,28,24,0.6587227748941036,0.6638590691715692,0.5502087453306965,24
V2-U,V2M-two_stage_user_local_reranker-v1,protocol_a_rollv2_cv3,3,2029,V2H-local-shuffle,False,shuffle_eeg_control,std_rel_f0p70_ref1p0_base0p025,context_std_reliability,0.2,0.025,,,,,0.7,1.0,,,0.0,0.8552140207368248,0.06983154099259073,0.7,0.6326860841423948,0.6610795865080243,0.6326860841423948,0.6772969457790887,618,28,24,0.6297177860989049,0.6415708635500302,0.5720720720720721,24
V2-U,V2M-two_stage_user_local_reranker-v1,protocol_a_rollv2_cv3,3,2029,V2H-local-shuffle,False,shuffle_eeg_control,std_rel_f0p70_ref1p5_base0p025,context_std_reliability,0.2,0.025,,,,,0.7,1.5,,,0.0,0.8105051136020605,0.06319928215753898,0.7,0.6326860841423948,0.6610795865080243,0.6326860841423948,0.6772969457790887,618,28,24,0.628746535127654,0.6407992586117587,0.568336629312239,24
V2-U,V2M-two_stage_user_local_reranker-v1,protocol_a_rollv2_cv3,3,2029,V2H-local-shuffle,False,shuffle_eeg_control,count_std_rel_f0p75_count12_std1p0_base0p025,context_count_std_reliability,0.2,0.025,,,,,0.75,1.0,0.75,12.0,0.0,0.8494791646025189,0.07511025686606142,0.578125,0.6343042071197411,0.6620265562049941,0.6343042071197411,0.678108634090777,618,28,24,0.622515392532875,0.6337325598783933,0.5619277814399766,24
V2-U,V2M-two_stage_user_local_reranker-v1,protocol_a_rollv2_cv3,3,2029,V2H-local-shuffle,False,shuffle_eeg_control,hist_std_rel_fallback0p05,history_context_std_fallback,0.2,0.025,0.85,100.0,,,0.75,1.0,,,0.05,0.8653511873545277,0.058828733746195086,0.715125,0.6359223300970874,0.6644299763715722,0.6359223300970874,0.6802731362552791,618,28,24,0.6321556260367449,0.6440675566717233,0.5688127151541785,24
V2-U,V2M-two_stage_user_local_reranker-v1,protocol_a_rollv2_cv3,3,2029,V2H-local-shuffle,False,shuffle_eeg_control,pos_std_rel_fallback0p05,position_context_std_fallback,0.2,0.025,,,0.8,20.0,0.75,1.0,,,0.05,0.8182654094601147,0.08018472434483635,0.66,0.6585760517799353,0.6760252749570022,0.6585760517799353,0.675004674558246,618,28,24,0.6540246951960239,0.659761846949347,0.5583754486193511,24
V2-U,V2M-two_stage_user_local_reranker-v1,protocol_a_rollv2_cv3,3,2029,V2H-local-shuffle,False,shuffle_eeg_control,hist_pos_std_rel_fallback0p05,history_position_context_std_fallback,0.2,0.025,0.85,100.0,0.85,20.0,0.75,1.0,,,0.05,0.8204491947755683,0.07352802757510882,0.6507637500000001,0.6699029126213593,0.687820763520583,0.6699029126213593,0.6928231655910226,618,28,24,0.6662584210661134,0.6717515856057523,0.5582289606679851,24
V2-U,V2M-two_stage_user_local_reranker-v1,protocol_a_rollv2_cv3,3,2029,V2H-local-shuffle,False,shuffle_eeg_control,hist_pos_std_rel_fallback0p10,history_position_context_std_fallback,0.2,0.025,0.85,100.0,0.85,20.0,0.75,1.0,,,0.1,0.8204491947755683,0.07352802757510882,0.6507637500000001,0.6699029126213593,0.687419804525874,0.6699029126213593,0.6915760000581429,618,28,24,0.6671464219541143,0.673096382783883,0.560865743792573,24
V2-U,V2M-two_stage_user_local_reranker-v1,protocol_a_rollv2_cv3,3,2029,V2H-local-shuffle,False,shuffle_eeg_control,count_hist_std_rel_fallback0p05,count_history_context_std_fallback,0.2,0.025,0.85,100.0,,,0.75,1.0,0.75,12.0,0.05,0.8363339811518876,0.0787266893930926,0.5512421875,0.6359223300970874,0.6768307700223658,0.6359223300970874,0.6909023879559593,618,28,24,0.6285647724458913,0.6490719658427991,0.563209551014429,24
V2-U,V2M-two_stage_user_local_reranker-v1,protocol_a_rollv2_cv3,1,2030,V2H-local-shuffle,False,shuffle_eeg_control,margin_power0p2_base0p025,v2s_reference,0.2,0.025,,,,,,,,,0.0,1.0,0.0,1.0,0.6387959866220736,0.6451139601139602,0.6387959866220736,0.6647724867724868,598,35,28,0.6322311602162348,0.6302064222153507,0.5793474488024992,28
V2-U,V2M-two_stage_user_local_reranker-v1,protocol_a_rollv2_cv3,1,2030,V2H-local-shuffle,False,shuffle_eeg_control,hist_rel_f0p80_cap90_base0p025,history_reliability,0.2,0.025,0.8,90.0,,,,,,,0.0,0.9493346068131169,0.025042878757024368,0.8466666666666667,0.6254180602006689,0.66354791703006,0.6254180602006689,0.6939640967498111,598,35,28,0.6283908380177038,0.6299208496529926,0.5792086081221799,28
V2-U,V2M-two_stage_user_local_reranker-v1,protocol_a_rollv2_cv3,1,2030,V2H-local-shuffle,False,shuffle_eeg_control,hist_rel_f0p70_cap100_base0p025,history_reliability,0.2,0.025,0.7,100.0,,,,,,,0.0,0.9016017191977077,0.0338078863219829,0.7629999999999999,0.6237458193979933,0.6574561747776034,0.6237458193979933,0.6884954648526077,598,35,28,0.6249497103228447,0.6258458307565451,0.5783061437001041,28
V2-U,V2M-two_stage_user_local_reranker-v1,protocol_a_rollv2_cv3,1,2030,V2H-local-shuffle,False,shuffle_eeg_control,pos_rel_f0p80_cap20_base0p025,session_position_reliability,0.2,0.025,,,0.8,20.0,,,,,0.0,0.9115759312320917,0.06521362817962645,0.81,0.6137123745819398,0.6567947991162276,0.6137123745819398,0.6875695389266817,598,35,28,0.5848502078352825,0.577287629698344,0.5660187434918431,28
V2-U,V2M-two_stage_user_local_reranker-v1,protocol_a_rollv2_cv3,1,2030,V2H-local-shuffle,False,shuffle_eeg_control,std_rel_f0p70_ref1p0_base0p025,context_std_reliability,0.2,0.025,,,,,0.7,1.0,,,0.0,0.9000589523370603,0.08131727557906455,0.7,0.6387959866220736,0.6585068172568173,0.6387959866220736,0.6719153439153439,598,35,28,0.5966032392151795,0.5902990577544148,0.5563693162096495,28
V2-U,V2M-two_stage_user_local_reranker-v1,protocol_a_rollv2_cv3,1,2030,V2H-local-shuffle,False,shuffle_eeg_control,std_rel_f0p70_ref1p5_base0p025,context_std_reliability,0.2,0.025,,,,,0.7,1.5,,,0.0,0.8441529285392616,0.07002037528042611,0.7,0.6387959866220736,0.6594988807488807,0.6387959866220736,0.6727089947089947,598,35,28,0.5953683961146649,0.5905142195767196,0.5603262755987505,28
V2-U,V2M-two_stage_user_local_reranker-v1,protocol_a_rollv2_cv3,1,2030,V2H-local-shuffle,False,shuffle_eeg_control,count_std_rel_f0p75_count12_std1p0_base0p025,context_count_std_reliability,0.2,0.025,,,,,0.75,1.0,0.75,12.0,0.0,0.8674597882784539,0.09956700373253949,0.578125,0.6354515050167224,0.6532984839234839,0.6354515050167224,0.667153439153439,598,35,28,0.5989630850078611,0.5941925848622277,0.5522735161402291,28
V2-U,V2M-two_stage_user_local_reranker-v1,protocol_a_rollv2_cv3,1,2030,V2H-local-shuffle,False,shuffle_eeg_control,hist_std_rel_fallback0p05,history_context_std_fallback,0.2,0.025,0.85,100.0,,,0.75,1.0,,,0.05,0.8719999821818958,0.07073218611846277,0.686054183764701,0.6220735785953178,0.6560436653293796,0.6220735785953178,0.6843892668178382,598,35,28,0.5962241821197044,0.5929173967566825,0.5596667823672336,28
V2-U,V2M-two_stage_user_local_reranker-v1,protocol_a_rollv2_cv3,1,2030,V2H-local-shuffle,False,shuffle_eeg_control,pos_std_rel_fallback0p05,position_context_std_fallback,0.2,0.025,,,0.8,20.0,0.75,1.0,,,0.05,0.8358561035159184,0.08761881108706167,0.6075,0.6137123745819398,0.6569010916332345,0.6137123745819398,0.6763450491307634,598,35,28,0.5821932545066872,0.5754941206280492,0.5532801110725443,28
V2-U,V2M-two_stage_user_local_reranker-v1,protocol_a_rollv2_cv3,1,2030,V2H-local-shuffle,False,shuffle_eeg_control,hist_pos_std_rel_fallback0p05,history_position_context_std_fallback,0.2,0.025,0.85,100.0,0.85,20.0,0.75,1.0,,,0.05,0.8144692971121376,0.08133783038523942,0.588291462578231,0.6153846153846154,0.6565538694110123,0.6153846153846154,0.6754720332577475,598,35,28,0.5842922831728802,0.5776624879749879,0.5541825754946199,28
V2-U,V2M-two_stage_user_local_reranker-v1,protocol_a_rollv2_cv3,1,2030,V2H-local-shuffle,False,shuffle_eeg_control,hist_pos_std_rel_fallback0p10,history_position_context_std_fallback,0.2,0.025,0.85,100.0,0.85,20.0,0.75,1.0,,,0.1,0.8144692971121376,0.08133783038523942,0.588291462578231,0.6120401337792643,0.6507312198383628,0.6120401337792643,0.6698371126228269,598,35,28,0.5792578234369279,0.572441914897272,0.5547726483859772,28
V2-U,V2M-two_stage_user_local_reranker-v1,protocol_a_rollv2_cv3,1,2030,V2H-local-shuffle,False,shuffle_eeg_control,count_hist_std_rel_fallback0p05,count_history_context_std_fallback,0.2,0.025,0.85,100.0,,,0.75,1.0,0.75,12.0,0.05,0.8255780706265718,0.10166133271783824,0.538234375,0.6220735785953178,0.6535039827896971,0.6220735785953178,0.6685083144368857,598,35,28,0.5948716374835777,0.592602448807806,0.551440472058313,28
V2-U,V2M-two_stage_user_local_reranker-v1,protocol_a_rollv2_cv3,2,2030,V2H-local-shuffle,False,shuffle_eeg_control,margin_power0p2_base0p025,v2s_reference,0.2,0.025,,,,,,,,,0.0,1.0,0.0,1.0,0.6232876712328768,0.6370916120916121,0.6232876712328768,0.620148709315376,584,30,26,0.6296965187590188,0.6281004643504643,0.6682401745163251,26
V2-U,V2M-two_stage_user_local_reranker-v1,protocol_a_rollv2_cv3,2,2030,V2H-local-shuffle,False,shuffle_eeg_control,hist_rel_f0p80_cap90_base0p025,history_reliability,0.2,0.025,0.8,90.0,,,,,,,0.0,0.9739388264669163,0.025924592202257783,0.8555555555555556,0.6335616438356164,0.647681253931254,0.6335616438356164,0.6304375100208435,584,30,26,0.6361806682900433,0.635727096977097,0.6537209884490218,26
V2-U,V2M-two_stage_user_local_reranker-v1,protocol_a_rollv2_cv3,2,2030,V2H-local-shuffle,False,shuffle_eeg_control,hist_rel_f0p70_cap100_base0p025,history_reliability,0.2,0.025,0.7,100.0,,,,,,,0.0,0.9380112359550562,0.03880750372883351,0.7749999999999999,0.636986301369863,0.6467349779849781,0.636986301369863,0.6301994147827481,584,30,26,0.6363306051587301,0.6352327302327302,0.6420627257447341,26
V2-U,V2M-two_stage_user_local_reranker-v1,protocol_a_rollv2_cv3,2,2030,V2H-local-shuffle,False,shuffle_eeg_control,pos_rel_f0p80_cap20_base0p025,session_position_reliability,0.2,0.025,,,0.8,20.0,,,,,0.0,0.9205337078651686,0.0635114471568677,0.81,0.6027397260273972,0.6038408350908351,0.6027397260273972,0.5916620570787237,584,30,26,0.5992595598845598,0.5944273319273319,0.6558666809712835,26
V2-U,V2M-two_stage_user_local_reranker-v1,protocol_a_rollv2_cv3,2,2030,V2H-local-shuffle,False,shuffle_eeg_control,std_rel_f0p70_ref1p0_base0p025,context_std_reliability,0.2,0.025,,,,,0.7,1.0,,,0.0,0.8821668413600487,0.0828801901073455,0.7,0.6215753424657534,0.6330775705775705,0.6215753424657534,0.6101883918550585,584,30,26,0.6346886273448773,0.6344699282199281,0.6223938776240032,26
V2-U,V2M-two_stage_user_local_reranker-v1,protocol_a_rollv2_cv3,2,2030,V2H-local-shuffle,False,shuffle_eeg_control,std_rel_f0p70_ref1p5_base0p025,context_std_reliability,0.2,0.025,,,,,0.7,1.5,,,0.0,0.8298946212216614,0.06927308327678444,0.7,0.6215753424657534,0.6338788526288527,0.6215753424657534,0.6108828362995029,584,30,26,0.6359125856782107,0.6362327487327488,0.6306905553767479,26
V2-U,V2M-two_stage_user_local_reranker-v1,protocol_a_rollv2_cv3,2,2030,V2H-local-shuffle,False,shuffle_eeg_control,count_std_rel_f0p75_count12_std1p0_base0p025,context_count_std_reliability,0.2,0.025,,,,,0.75,1.0,0.75,12.0,0.0,0.8632272275305578,0.09580805331974925,0.578125,0.6215753424657534,0.6330775705775705,0.6215753424657534,0.6101883918550585,584,30,26,0.6286682674963925,0.627015577015577,0.6274720165933556,26
V2-U,V2M-two_stage_user_local_reranker-v1,protocol_a_rollv2_cv3,2,2030,V2H-local-shuffle,False,shuffle_eeg_control,hist_std_rel_fallback0p05,history_context_std_fallback,0.2,0.025,0.85,100.0,,,0.75,1.0,,,0.05,0.8742387229730768,0.07386370103363042,0.7281424622975531,0.6267123287671232,0.6230729918229918,0.6267123287671232,0.6061473865640532,584,30,26,0.6292048836580088,0.6255781255781255,0.6212852698208347,26
V2-U,V2M-two_stage_user_local_reranker-v1,protocol_a_rollv2_cv3,2,2030,V2H-local-shuffle,False,shuffle_eeg_control,pos_std_rel_fallback0p05,position_context_std_fallback,0.2,0.025,,,0.8,20.0,0.75,1.0,,,0.05,0.8304771562613474,0.08878301470444111,0.6075,0.601027397260274,0.602505365005365,0.601027397260274,0.5899755491422157,584,30,26,0.6176064213564214,0.6158545158545159,0.6288667167328255,26
V2-U,V2M-two_stage_user_local_reranker-v1,protocol_a_rollv2_cv3,2,2030,V2H-local-shuffle,False,shuffle_eeg_control,hist_pos_std_rel_fallback0p05,history_position_context_std_fallback,0.2,0.025,0.85,100.0,0.85,20.0,0.75,1.0,,,0.05,0.8225167057310945,0.08477533333271604,0.625760625,0.6078767123287672,0.6073537573537574,0.6078767123287672,0.5947065897065896,584,30,26,0.6269342983405484,0.6234959484959486,0.6209276544004577,26
V2-U,V2M-two_stage_user_local_reranker-v1,protocol_a_rollv2_cv3,2,2030,V2H-local-shuffle,False,shuffle_eeg_control,hist_pos_std_rel_fallback0p10,history_position_context_std_fallback,0.2,0.025,0.85,100.0,0.85,20.0,0.75,1.0,,,0.1,0.8225167057310945,0.08477533333271604,0.625760625,0.613013698630137,0.6086968586968587,0.613013698630137,0.596651034151034,584,30,26,0.6293251713564213,0.6256784881784883,0.6218932160354755,26
V2-U,V2M-two_stage_user_local_reranker-v1,protocol_a_rollv2_cv3,2,2030,V2H-local-shuffle,False,shuffle_eeg_control,count_hist_std_rel_fallback0p05,count_history_context_std_fallback,0.2,0.025,0.85,100.0,,,0.75,1.0,0.75,12.0,0.05,0.8371446712118334,0.10019258938652784,0.5625156250000001,0.6267123287671232,0.6228593166093166,0.6267123287671232,0.6005918310084977,584,30,26,0.6254414682539683,0.6207947145447145,0.6207488466902693,26
V2-U,V2M-two_stage_user_local_reranker-v1,protocol_a_rollv2_cv3,3,2030,V2H-local-shuffle,False,shuffle_eeg_control,margin_power0p2_base0p025,v2s_reference,0.2,0.025,,,,,,,,,0.0,1.0,0.0,1.0,0.6310679611650486,0.6391704634362981,0.6310679611650486,0.6414639461068032,618,28,24,0.6325256716865109,0.6398417554667555,0.5593276203032301,24
V2-U,V2M-two_stage_user_local_reranker-v1,protocol_a_rollv2_cv3,3,2030,V2H-local-shuffle,False,shuffle_eeg_control,hist_rel_f0p80_cap90_base0p025,history_reliability,0.2,0.025,0.8,90.0,,,,,,,0.0,0.9883348895113602,0.02043372847516129,0.8644444444444445,0.6213592233009708,0.629607493511486,0.6213592233009708,0.6333715424786853,618,28,24,0.6220805612414004,0.629851676101676,0.553028638394492,24
V2-U,V2M-two_stage_user_local_reranker-v1,protocol_a_rollv2_cv3,3,2030,V2H-local-shuffle,False,shuffle_eeg_control,hist_rel_f0p70_cap100_base0p025,history_reliability,0.2,0.025,0.7,100.0,,,,,,,0.0,0.968310924369748,0.0372885067789125,0.7869999999999999,0.6294498381877023,0.6384506372504631,0.6294498381877023,0.6416954275882848,618,28,24,0.6279635671244064,0.6363882722216055,0.543433677580019,24
V2-U,V2M-two_stage_user_local_reranker-v1,protocol_a_rollv2_cv3,3,2030,V2H-local-shuffle,False,shuffle_eeg_control,pos_rel_f0p80_cap20_base0p025,session_position_reliability,0.2,0.025,,,0.8,20.0,,,,,0.0,0.9303081232492997,0.06357390781398536,0.81,0.6326860841423948,0.6373380075961668,0.6326860841423948,0.6300274593131736,618,28,24,0.6412392968337025,0.6437941610858277,0.546949388412803,24
V2-U,V2M-two_stage_user_local_reranker-v1,protocol_a_rollv2_cv3,3,2030,V2H-local-shuffle,False,shuffle_eeg_control,std_rel_f0p70_ref1p0_base0p025,context_std_reliability,0.2,0.025,,,,,0.7,1.0,,,0.0,0.8538214607131446,0.07437611118328051,0.7,0.6310679611650486,0.6433130916414262,0.6310679611650486,0.6450147702826274,618,28,24,0.6291038798031805,0.6358439515731182,0.5625869772211235,24
V2-U,V2M-two_stage_user_local_reranker-v1,protocol_a_rollv2_cv3,3,2030,V2H-local-shuffle,False,shuffle_eeg_control,std_rel_f0p70_ref1p5_base0p025,context_std_reliability,0.2,0.025,,,,,0.7,1.5,,,0.0,0.8086816400955085,0.06408407350716445,0.7,0.6326860841423948,0.6459172583080929,0.6326860841423948,0.6472469131397702,618,28,24,0.6320564827557834,0.6400299083632417,0.5619277814399766,24
V2-U,V2M-two_stage_user_local_reranker-v1,protocol_a_rollv2_cv3,3,2030,V2H-local-shuffle,False,shuffle_eeg_control,count_std_rel_f0p75_count12_std1p0_base0p025,context_count_std_reliability,0.2,0.025,,,,,0.75,1.0,0.75,12.0,0.0,0.8484557588529104,0.07910321666797193,0.578125,0.6294498381877023,0.640107963436298,0.6294498381877023,0.6422675175353747,618,28,24,0.6191279582887975,0.6262896170187836,0.5511242950267341,24
V2-U,V2M-two_stage_user_local_reranker-v1,protocol_a_rollv2_cv3,3,2030,V2H-local-shuffle,False,shuffle_eeg_control,hist_std_rel_fallback0p05,history_context_std_fallback,0.2,0.025,0.85,100.0,,,0.75,1.0,,,0.05,0.8642201024771858,0.06262290517229875,0.715125,0.6262135922330098,0.6424521083873509,0.6262135922330098,0.6373127599913314,618,28,24,0.6297419169796792,0.6365000277500278,0.561598183549403,24
V2-U,V2M-two_stage_user_local_reranker-v1,protocol_a_rollv2_cv3,3,2030,V2H-local-shuffle,False,shuffle_eeg_control,pos_std_rel_fallback0p05,position_context_std_fallback,0.2,0.025,,,0.8,20.0,0.75,1.0,,,0.05,0.8177816628084298,0.08846771538297575,0.641791083841707,0.6407766990291263,0.6549481988086542,0.6407766990291263,0.6352467307824451,618,28,24,0.6600087752185654,0.662656679740013,0.5473522302790595,24
V2-U,V2M-two_stage_user_local_reranker-v1,protocol_a_rollv2_cv3,3,2030,V2H-local-shuffle,False,shuffle_eeg_control,hist_pos_std_rel_fallback0p05,history_position_context_std_fallback,0.2,0.025,0.85,100.0,0.85,20.0,0.75,1.0,,,0.05,0.8198156822366847,0.08099236763622637,0.6507637500000001,0.63915857605178,0.6495422718895694,0.63915857605178,0.6305086514015086,618,28,24,0.649859289894255,0.6532334178167511,0.5464366805830221,24
V2-U,V2M-two_stage_user_local_reranker-v1,protocol_a_rollv2_cv3,3,2030,V2H-local-shuffle,False,shuffle_eeg_control,hist_pos_std_rel_fallback0p10,history_position_context_std_fallback,0.2,0.025,0.85,100.0,0.85,20.0,0.75,1.0,,,0.1,0.8198156822366847,0.08099236763622637,0.6507637500000001,0.63915857605178,0.6524409682833315,0.63915857605178,0.6330426650069507,618,28,24,0.6514410414760065,0.6555305959472625,0.5483776459386216,24
V2-U,V2M-two_stage_user_local_reranker-v1,protocol_a_rollv2_cv3,3,2030,V2H-local-shuffle,False,shuffle_eeg_control,count_hist_std_rel_fallback0p05,count_history_context_std_fallback,0.2,0.025,0.85,100.0,,,0.75,1.0,0.75,12.0,0.05,0.8353390483044251,0.08259270229856815,0.5512421875,0.6262135922330098,0.655865633519626,0.6262135922330098,0.6486506284720571,618,28,24,0.626547888785651,0.6427059360392694,0.5485607558778292,24
V2-U,V2M-two_stage_user_local_reranker-v1,protocol_a_rollv2_cv3,1,2026,V2H-local-zero,False,zero_eeg_control,margin_power0p2_base0p025,v2s_reference,0.2,0.025,,,,,,,,,0.0,1.0,0.0,1.0,0.6488294314381271,0.6247994961387818,0.6488294314381271,0.6326631622345908,598,35,28,0.6120995670995671,0.6074085240156668,0.6169038528288788,28
V2-U,V2M-two_stage_user_local_reranker-v1,protocol_a_rollv2_cv3,1,2026,V2H-local-zero,False,zero_eeg_control,hist_rel_f0p80_cap90_base0p025,history_reliability,0.2,0.025,0.8,90.0,,,,,,,0.0,0.9493346068131169,0.025042878757024368,0.8466666666666667,0.6421404682274248,0.62532541862899,0.6421404682274248,0.6330839002267574,598,35,28,0.6070959057526222,0.6061947923108637,0.6135716765012149,28
V2-U,V2M-two_stage_user_local_reranker-v1,protocol_a_rollv2_cv3,1,2026,V2H-local-zero,False,zero_eeg_control,hist_rel_f0p70_cap100_base0p025,history_reliability,0.2,0.025,0.7,100.0,,,,,,,0.0,0.9016017191977077,0.0338078863219829,0.7629999999999999,0.6421404682274248,0.6259678978428979,0.6421404682274248,0.6383597883597883,598,35,28,0.601561672158687,0.601483671751529,0.6120444290177023,28
V2-U,V2M-two_stage_user_local_reranker-v1,protocol_a_rollv2_cv3,1,2026,V2H-local-zero,False,zero_eeg_control,pos_rel_f0p80_cap20_base0p025,session_position_reliability,0.2,0.025,,,0.8,20.0,,,,,0.0,0.9115759312320917,0.06521362817962645,0.81,0.6270903010033445,0.6265229809872667,0.6270903010033445,0.6435657596371882,598,35,28,0.5808486786844996,0.572857400535972,0.6086428323498786,28
V2-U,V2M-two_stage_user_local_reranker-v1,protocol_a_rollv2_cv3,1,2026,V2H-local-zero,False,zero_eeg_control,std_rel_f0p70_ref1p0_base0p025,context_std_reliability,0.2,0.025,,,,,0.7,1.0,,,0.0,0.8966434954846232,0.08722280480094914,0.7,0.6454849498327759,0.6230137818530675,0.6454849498327759,0.6312345908060194,598,35,28,0.6093146820012492,0.6014334673263244,0.6088858035404373,28
V2-U,V2M-two_stage_user_local_reranker-v1,protocol_a_rollv2_cv3,1,2026,V2H-local-zero,False,zero_eeg_control,std_rel_f0p70_ref1p5_base0p025,context_std_reliability,0.2,0.025,,,,,0.7,1.5,,,0.0,0.8396078136306785,0.07137173941891736,0.7,0.6454849498327759,0.6230137818530675,0.6454849498327759,0.6312345908060194,598,35,28,0.6008160496220198,0.5938061739847454,0.6110031239153073,28
V2-U,V2M-two_stage_user_local_reranker-v1,protocol_a_rollv2_cv3,1,2026,V2H-local-zero,False,zero_eeg_control,count_std_rel_f0p75_count12_std1p0_base0p025,context_count_std_reliability,0.2,0.025,,,,,0.75,1.0,0.75,12.0,0.0,0.8650126146556201,0.10415822577976122,0.578125,0.6454849498327759,0.6230137818530675,0.6454849498327759,0.6312345908060194,598,35,28,0.6164696000516897,0.6131784683570398,0.6062825407844499,28
V2-U,V2M-two_stage_user_local_reranker-v1,protocol_a_rollv2_cv3,1,2026,V2H-local-zero,False,zero_eeg_control,hist_std_rel_fallback0p05,history_context_std_fallback,0.2,0.025,0.85,100.0,,,0.75,1.0,,,0.05,0.8694393089077843,0.0766864379892057,0.671765709310659,0.6454849498327759,0.6282509322687894,0.6454849498327759,0.6401862159005016,598,35,28,0.6123601688527062,0.6051825225039511,0.6102742103436306,28
V2-U,V2M-two_stage_user_local_reranker-v1,protocol_a_rollv2_cv3,1,2026,V2H-local-zero,False,zero_eeg_control,pos_std_rel_fallback0p05,position_context_std_fallback,0.2,0.025,,,0.8,20.0,0.75,1.0,,,0.05,0.8331456073364913,0.08902760450717667,0.6075,0.6287625418060201,0.6288543301936159,0.6287625418060201,0.6454308390022676,598,35,28,0.5817524929465228,0.5757343846629561,0.6092676154113156,28
V2-U,V2M-two_stage_user_local_reranker-v1,protocol_a_rollv2_cv3,1,2026,V2H-local-zero,False,zero_eeg_control,hist_pos_std_rel_fallback0p05,history_position_context_std_fallback,0.2,0.025,0.85,100.0,0.85,20.0,0.75,1.0,,,0.05,0.8119944540945151,0.08462403671892897,0.5760390957338901,0.6270903010033445,0.6173723763009477,0.6270903010033445,0.6362452758881331,598,35,28,0.586920591845965,0.5807084449941593,0.6076362374175633,28
V2-U,V2M-two_stage_user_local_reranker-v1,protocol_a_rollv2_cv3,1,2026,V2H-local-zero,False,zero_eeg_control,hist_pos_std_rel_fallback0p10,history_position_context_std_fallback,0.2,0.025,0.85,100.0,0.85,20.0,0.75,1.0,,,0.1,0.8119944540945151,0.08462403671892897,0.5760390957338901,0.6270903010033445,0.6189667640560498,0.6270903010033445,0.6375207860922146,598,35,28,0.5884261592470549,0.5822532295746583,0.6090246442207568,28
V2-U,V2M-two_stage_user_local_reranker-v1,protocol_a_rollv2_cv3,1,2026,V2H-local-zero,False,zero_eeg_control,count_hist_std_rel_fallback0p05,count_history_context_std_fallback,0.2,0.025,0.85,100.0,,,0.75,1.0,0.75,12.0,0.05,0.8233854784880773,0.10675102079385358,0.538234375,0.6454849498327759,0.6282509322687894,0.6454849498327759,0.6401862159005016,598,35,28,0.625455622321294,0.6232342128770699,0.6059701492537314,28
V2-U,V2M-two_stage_user_local_reranker-v1,protocol_a_rollv2_cv3,2,2026,V2H-local-zero,False,zero_eeg_control,margin_power0p2_base0p025,v2s_reference,0.2,0.025,,,,,,,,,0.0,1.0,0.0,1.0,0.5856164383561644,0.5756956006956007,0.5856164383561644,0.5663171396504729,584,30,26,0.5736518082611832,0.5705167517667518,0.5759038729750027,26
V2-U,V2M-two_stage_user_local_reranker-v1,protocol_a_rollv2_cv3,2,2026,V2H-local-zero,False,zero_eeg_control,hist_rel_f0p80_cap90_base0p025,history_reliability,0.2,0.025,0.8,90.0,,,,,,,0.0,0.9739388264669163,0.025924592202257783,0.8555555555555556,0.577054794520548,0.5713992026492026,0.577054794520548,0.5689428010261343,584,30,26,0.5646358676046176,0.5634314759314759,0.5724350033973465,26
V2-U,V2M-two_stage_user_local_reranker-v1,protocol_a_rollv2_cv3,2,2026,V2H-local-zero,False,zero_eeg_control,hist_rel_f0p70_cap100_base0p025,history_reliability,0.2,0.025,0.7,100.0,,,,,,,0.0,0.9380112359550562,0.03880750372883351,0.7749999999999999,0.5804794520547946,0.5705419580419581,0.5804794520547946,0.5681998556998558,584,30,26,0.5657270247113997,0.563420607170607,0.5674641490541072,26
V2-U,V2M-two_stage_user_local_reranker-v1,protocol_a_rollv2_cv3,2,2026,V2H-local-zero,False,zero_eeg_control,pos_rel_f0p80_cap20_base0p025,session_position_reliability,0.2,0.025,,,0.8,20.0,,,,,0.0,0.9205337078651686,0.0635114471568677,0.81,0.5753424657534246,0.5775143837643838,0.5753424657534246,0.5722717251883919,584,30,26,0.5743883026695527,0.5733850408850409,0.5780495654972643,26
V2-U,V2M-two_stage_user_local_reranker-v1,protocol_a_rollv2_cv3,2,2026,V2H-local-zero,False,zero_eeg_control,std_rel_f0p70_ref1p0_base0p025,context_std_reliability,0.2,0.025,,,,,0.7,1.0,,,0.0,0.8501059730339302,0.07368788639418922,0.7,0.5907534246575342,0.5838864838864839,0.5907534246575342,0.5736143177809845,584,30,26,0.5889655483405483,0.5858314833314833,0.5662482566248257,26
V2-U,V2M-two_stage_user_local_reranker-v1,protocol_a_rollv2_cv3,2,2026,V2H-local-zero,False,zero_eeg_control,std_rel_f0p70_ref1p5_base0p025,context_std_reliability,0.2,0.025,,,,,0.7,1.5,,,0.0,0.8035424383960714,0.05837638646950226,0.7,0.5941780821917808,0.5886941761941762,0.5941780821917808,0.5777809844476512,584,30,26,0.5885031114718614,0.5855070855070854,0.569109179987841,26
V2-U,V2M-two_stage_user_local_reranker-v1,protocol_a_rollv2_cv3,2,2026,V2H-local-zero,False,zero_eeg_control,count_std_rel_f0p75_count12_std1p0_base0p025,context_count_std_reliability,0.2,0.025,,,,,0.75,1.0,0.75,12.0,0.0,0.836868049351587,0.08253685752172837,0.578125,0.5924657534246576,0.5870916120916121,0.5924657534246576,0.5763920955587624,584,30,26,0.5987722086940838,0.5944066581566582,0.573078711154025,26
V2-U,V2M-two_stage_user_local_reranker-v1,protocol_a_rollv2_cv3,2,2026,V2H-local-zero,False,zero_eeg_control,hist_std_rel_fallback0p05,history_context_std_fallback,0.2,0.025,0.85,100.0,,,0.75,1.0,,,0.05,0.8481228354999495,0.06408997391305735,0.7278886241986152,0.5993150684931506,0.5913981851481851,0.5993150684931506,0.5870027657527658,584,30,26,0.591771847943723,0.5893306693306694,0.5667131566713156,26
V2-U,V2M-two_stage_user_local_reranker-v1,protocol_a_rollv2_cv3,2,2026,V2H-local-zero,False,zero_eeg_control,pos_std_rel_fallback0p05,position_context_std_fallback,0.2,0.025,,,0.8,20.0,0.75,1.0,,,0.05,0.8059670201939516,0.08348115644408902,0.6075,0.5821917808219178,0.5877987752987753,0.5821917808219178,0.5811848645181978,584,30,26,0.5988849431818182,0.5965242165242166,0.5728283803597611,26
V2-U,V2M-two_stage_user_local_reranker-v1,protocol_a_rollv2_cv3,2,2026,V2H-local-zero,False,zero_eeg_control,hist_pos_std_rel_fallback0p05,history_position_context_std_fallback,0.2,0.025,0.85,100.0,0.85,20.0,0.75,1.0,,,0.05,0.7980244110131426,0.07756132091346446,0.625760625,0.589041095890411,0.5878496503496503,0.589041095890411,0.5812289562289562,584,30,26,0.5951261498917748,0.5924306249306249,0.5673926259700318,26
V2-U,V2M-two_stage_user_local_reranker-v1,protocol_a_rollv2_cv3,2,2026,V2H-local-zero,False,zero_eeg_control,hist_pos_std_rel_fallback0p10,history_position_context_std_fallback,0.2,0.025,0.85,100.0,0.85,20.0,0.75,1.0,,,0.1,0.7980244110131426,0.07756132091346446,0.625760625,0.5958904109589042,0.5990421615421615,0.5958904109589042,0.591127545294212,584,30,26,0.6034013122294372,0.6010597273097272,0.5699674569967457,26
V2-U,V2M-two_stage_user_local_reranker-v1,protocol_a_rollv2_cv3,2,2026,V2H-local-zero,False,zero_eeg_control,count_hist_std_rel_fallback0p05,count_history_context_std_fallback,0.2,0.025,0.85,100.0,,,0.75,1.0,0.75,12.0,0.05,0.8113740595786029,0.08598345215610886,0.5625156250000001,0.5958904109589042,0.5876588689088689,0.5958904109589042,0.5772805435305436,584,30,26,0.6026746257215007,0.5991704129204128,0.5718985802667811,26
V2-U,V2M-two_stage_user_local_reranker-v1,protocol_a_rollv2_cv3,3,2026,V2H-local-zero,False,zero_eeg_control,margin_power0p2_base0p025,v2s_reference,0.2,0.025,,,,,,,,,0.0,1.0,0.0,1.0,0.5825242718446602,0.6139788531221387,0.5825242718446602,0.5959790804433661,618,28,24,0.5893671887553007,0.6096828248911582,0.6193876803632901,24
V2-U,V2M-two_stage_user_local_reranker-v1,protocol_a_rollv2_cv3,3,2026,V2H-local-zero,False,zero_eeg_control,hist_rel_f0p80_cap90_base0p025,history_reliability,0.2,0.025,0.8,90.0,,,,,,,0.0,0.9883348895113602,0.02043372847516129,0.8644444444444445,0.5889967637540453,0.6254746063942078,0.5889967637540453,0.6060414387200102,618,28,24,0.5974563218444338,0.6190247561080895,0.6177763128982642,24
V2-U,V2M-two_stage_user_local_reranker-v1,protocol_a_rollv2_cv3,3,2026,V2H-local-zero,False,zero_eeg_control,hist_rel_f0p70_cap100_base0p025,history_reliability,0.2,0.025,0.7,100.0,,,,,,,0.0,0.968310924369748,0.0372885067789125,0.7869999999999999,0.5970873786407767,0.6333378442819555,0.5970873786407767,0.6144007546686118,618,28,24,0.601732601120713,0.6228745136036803,0.6119167948436242,24
V2-U,V2M-two_stage_user_local_reranker-v1,protocol_a_rollv2_cv3,3,2026,V2H-local-zero,False,zero_eeg_control,pos_rel_f0p80_cap20_base0p025,session_position_reliability,0.2,0.025,,,0.8,20.0,,,,,0.0,0.9303081232492997,0.06357390781398536,0.81,0.6440129449838188,0.680684210714848,0.6440129449838188,0.6608983410769126,618,28,24,0.665656934363228,0.6825394667061332,0.6255035523328205,24
V2-U,V2M-two_stage_user_local_reranker-v1,protocol_a_rollv2_cv3,3,2026,V2H-local-zero,False,zero_eeg_control,std_rel_f0p70_ref1p0_base0p025,context_std_reliability,0.2,0.025,,,,,0.7,1.0,,,0.0,0.8125893162927603,0.06146075315899975,0.7,0.5841423948220065,0.6150205197888053,0.5841423948220065,0.5968719375862233,618,28,24,0.5853573097454217,0.6055878072544739,0.6168973851900681,24
V2-U,V2M-two_stage_user_local_reranker-v1,protocol_a_rollv2_cv3,3,2026,V2H-local-zero,False,zero_eeg_control,std_rel_f0p70_ref1p5_base0p025,context_std_reliability,0.2,0.025,,,,,0.7,1.5,,,0.0,0.7789811128226245,0.05509590271900545,0.7,0.5857605177993528,0.6159674894857751,0.5857605177993528,0.5976836258979115,618,28,24,0.5904329159573916,0.6105526340943008,0.6175565809712151,24
V2-U,V2M-two_stage_user_local_reranker-v1,protocol_a_rollv2_cv3,3,2026,V2H-local-zero,False,zero_eeg_control,count_std_rel_f0p75_count12_std1p0_base0p025,context_count_std_reliability,0.2,0.025,,,,,0.75,1.0,0.75,12.0,0.0,0.8149435860203216,0.06614446336966885,0.578125,0.5841423948220065,0.6150205197888053,0.5841423948220065,0.5968719375862233,618,28,24,0.5882710626591745,0.6079026220692887,0.6096828535852926,24
V2-U,V2M-two_stage_user_local_reranker-v1,protocol_a_rollv2_cv3,3,2026,V2H-local-zero,False,zero_eeg_control,hist_std_rel_fallback0p05,history_context_std_fallback,0.2,0.025,0.85,100.0,,,0.75,1.0,,,0.05,0.8303889954695274,0.051753984119542816,0.715125,0.5970873786407767,0.630274855857125,0.5970873786407767,0.6118797637547636,618,28,24,0.5976060846690218,0.616474913974914,0.6187651065699846,24
V2-U,V2M-two_stage_user_local_reranker-v1,protocol_a_rollv2_cv3,3,2026,V2H-local-zero,False,zero_eeg_control,pos_std_rel_fallback0p05,position_context_std_fallback,0.2,0.025,,,0.8,20.0,0.75,1.0,,,0.05,0.7849596830042761,0.0708809075819497,0.6546807358734658,0.6472491909385113,0.6781809528608741,0.6472491909385113,0.6196178160463874,618,28,24,0.6669817847265399,0.682058527891861,0.6247711125759906,24
V2-U,V2M-two_stage_user_local_reranker-v1,protocol_a_rollv2_cv3,3,2026,V2H-local-zero,False,zero_eeg_control,hist_pos_std_rel_fallback0p05,history_position_context_std_fallback,0.2,0.025,0.85,100.0,0.85,20.0,0.75,1.0,,,0.05,0.787111296229546,0.06450578210446321,0.6507637500000001,0.63915857605178,0.6699980112897747,0.63915857605178,0.6454855495034068,618,28,24,0.6573607239691157,0.6731171798880132,0.6214385116824142,24
V2-U,V2M-two_stage_user_local_reranker-v1,protocol_a_rollv2_cv3,3,2026,V2H-local-zero,False,zero_eeg_control,hist_pos_std_rel_fallback0p10,history_position_context_std_fallback,0.2,0.025,0.85,100.0,0.85,20.0,0.75,1.0,,,0.1,0.787111296229546,0.06450578210446321,0.6507637500000001,0.6359223300970874,0.6680072705490341,0.6359223300970874,0.6437792002970574,618,28,24,0.6551462717546633,0.6711264391472724,0.6242584047462096,24
V2-U,V2M-two_stage_user_local_reranker-v1,protocol_a_rollv2_cv3,3,2026,V2H-local-zero,False,zero_eeg_control,count_hist_std_rel_fallback0p05,count_history_context_std_fallback,0.2,0.025,0.85,100.0,,,0.75,1.0,0.75,12.0,0.05,0.8023264455639887,0.06990946872113196,0.5512421875,0.5970873786407767,0.630274855857125,0.5970873786407767,0.6118797637547636,618,28,24,0.6005198375827746,0.6187897287897287,0.6092800117190362,24
V2-U,V2M-two_stage_user_local_reranker-v1,protocol_a_rollv2_cv3,1,2027,V2H-local-zero,False,zero_eeg_control,margin_power0p2_base0p025,v2s_reference,0.2,0.025,,,,,,,,,0.0,1.0,0.0,1.0,0.6521739130434783,0.6245267331874474,0.6521739130434783,0.6278967223252936,598,35,28,0.6097801038099545,0.6032416640898784,0.6119750086775425,28
V2-U,V2M-two_stage_user_local_reranker-v1,protocol_a_rollv2_cv3,1,2027,V2H-local-zero,False,zero_eeg_control,hist_rel_f0p80_cap90_base0p025,history_reliability,0.2,0.025,0.8,90.0,,,,,,,0.0,0.9493346068131169,0.025042878757024368,0.8466666666666667,0.6538461538461539,0.6358280641316357,0.6538461538461539,0.6379145880574452,598,35,28,0.6109634726798905,0.6089387926887927,0.607913918778202,28
V2-U,V2M-two_stage_user_local_reranker-v1,protocol_a_rollv2_cv3,1,2027,V2H-local-zero,False,zero_eeg_control,hist_rel_f0p70_cap100_base0p025,history_reliability,0.2,0.025,0.7,100.0,,,,,,,0.0,0.9016017191977077,0.0338078863219829,0.7629999999999999,0.6505016722408027,0.6292946174196175,0.6505016722408027,0.6326878306878306,598,35,28,0.6016730201804829,0.5999960489246204,0.6061437001041305,28
V2-U,V2M-two_stage_user_local_reranker-v1,protocol_a_rollv2_cv3,1,2027,V2H-local-zero,False,zero_eeg_control,pos_rel_f0p80_cap20_base0p025,session_position_reliability,0.2,0.025,,,0.8,20.0,,,,,0.0,0.9115759312320917,0.06521362817962645,0.81,0.6187290969899666,0.613383808651666,0.6187290969899666,0.6294829931972789,598,35,28,0.5729762443195278,0.5637766697588126,0.6066296424852482,28
V2-U,V2M-two_stage_user_local_reranker-v1,protocol_a_rollv2_cv3,1,2027,V2H-local-zero,False,zero_eeg_control,std_rel_f0p70_ref1p0_base0p025,context_std_reliability,0.2,0.025,,,,,0.7,1.0,,,0.0,0.8783938640768137,0.08782598633799818,0.7,0.6521739130434783,0.6242952517059661,0.6521739130434783,0.6277115371401085,598,35,28,0.5960424070125562,0.5881525501614789,0.5950364456785838,28
V2-U,V2M-two_stage_user_local_reranker-v1,protocol_a_rollv2_cv3,1,2027,V2H-local-zero,False,zero_eeg_control,std_rel_f0p70_ref1p5_base0p025,context_std_reliability,0.2,0.025,,,,,0.7,1.5,,,0.0,0.8256430019186687,0.07057388512871576,0.7,0.6505016722408027,0.6236338760445904,0.6505016722408027,0.6271824366110079,598,35,28,0.5906629191703817,0.584601370851371,0.5991322457480042,28
V2-U,V2M-two_stage_user_local_reranker-v1,protocol_a_rollv2_cv3,1,2027,V2H-local-zero,False,zero_eeg_control,count_std_rel_f0p75_count12_std1p0_base0p025,context_count_std_reliability,0.2,0.025,,,,,0.75,1.0,0.75,12.0,0.0,0.850460121394054,0.102641277846713,0.578125,0.6521739130434783,0.6242952517059661,0.6521739130434783,0.6277115371401085,598,35,28,0.6026885055243264,0.5968415446986874,0.5943075321069073,28
V2-U,V2M-two_stage_user_local_reranker-v1,protocol_a_rollv2_cv3,1,2027,V2H-local-zero,False,zero_eeg_control,hist_std_rel_fallback0p05,history_context_std_fallback,0.2,0.025,0.85,100.0,,,0.75,1.0,,,0.05,0.8549212574415556,0.07640037357272811,0.6702161282783327,0.6521739130434783,0.6256098101633816,0.6521739130434783,0.6261685563114133,598,35,28,0.5966596670328013,0.5903618240225382,0.5967372440124956,28
V2-U,V2M-two_stage_user_local_reranker-v1,protocol_a_rollv2_cv3,1,2027,V2H-local-zero,False,zero_eeg_control,pos_std_rel_fallback0p05,position_context_std_fallback,0.2,0.025,,,0.8,20.0,0.75,1.0,,,0.05,0.8193435074127041,0.08930204399457303,0.6075,0.6187290969899666,0.6139365297401013,0.6187290969899666,0.6299251700680272,598,35,28,0.5661553703344748,0.5602587095444239,0.5946893439777855,28
V2-U,V2M-two_stage_user_local_reranker-v1,protocol_a_rollv2_cv3,1,2027,V2H-local-zero,False,zero_eeg_control,hist_pos_std_rel_fallback0p05,history_position_context_std_fallback,0.2,0.025,0.85,100.0,0.85,20.0,0.75,1.0,,,0.05,0.7984813615115591,0.08444571423957348,0.5747103299986702,0.6354515050167224,0.6190905357869644,0.6354515050167224,0.6340483749055176,598,35,28,0.5772260989425168,0.5712182196110768,0.5946546338077057,28
V2-U,V2M-two_stage_user_local_reranker-v1,protocol_a_rollv2_cv3,1,2027,V2H-local-zero,False,zero_eeg_control,hist_pos_std_rel_fallback0p10,history_position_context_std_fallback,0.2,0.025,0.85,100.0,0.85,20.0,0.75,1.0,,,0.1,0.7984813615115591,0.08444571423957348,0.5747103299986702,0.637123745819398,0.6212329205186348,0.637123745819398,0.623262282690854,598,35,28,0.579999138506601,0.5734846122792552,0.5954529677195419,28
V2-U,V2M-two_stage_user_local_reranker-v1,protocol_a_rollv2_cv3,1,2027,V2H-local-zero,False,zero_eeg_control,count_hist_std_rel_fallback0p05,count_history_context_std_fallback,0.2,0.025,0.85,100.0,,,0.75,1.0,0.75,12.0,0.05,0.8094895425705854,0.10490243975645011,0.538234375,0.6488294314381271,0.6186653657189372,0.6488294314381271,0.6206130007558578,598,35,28,0.5967845835756282,0.5912025012025011,0.5930579659840334,28
V2-U,V2M-two_stage_user_local_reranker-v1,protocol_a_rollv2_cv3,2,2027,V2H-local-zero,False,zero_eeg_control,margin_power0p2_base0p025,v2s_reference,0.2,0.025,,,,,,,,,0.0,1.0,0.0,1.0,0.5582191780821918,0.5554676804676805,0.5582191780821918,0.5544344236010903,584,30,26,0.5484607233044734,0.5465099715099715,0.5781210885813396,26
V2-U,V2M-two_stage_user_local_reranker-v1,protocol_a_rollv2_cv3,2,2027,V2H-local-zero,False,zero_eeg_control,hist_rel_f0p80_cap90_base0p025,history_reliability,0.2,0.025,0.8,90.0,,,,,,,0.0,0.9739388264669163,0.025924592202257783,0.8555555555555556,0.5616438356164384,0.5585532523032524,0.5616438356164384,0.5565794853294854,584,30,26,0.5572864808802309,0.5555798368298368,0.5708614955476881,26
V2-U,V2M-two_stage_user_local_reranker-v1,protocol_a_rollv2_cv3,2,2027,V2H-local-zero,False,zero_eeg_control,hist_rel_f0p70_cap100_base0p025,history_reliability,0.2,0.025,0.7,100.0,,,,,,,0.0,0.9380112359550562,0.03880750372883351,0.7749999999999999,0.5633561643835616,0.5599777537277538,0.5633561643835616,0.5578140532307199,584,30,26,0.5600580582611833,0.5579964017464017,0.5652469334477703,26
V2-U,V2M-two_stage_user_local_reranker-v1,protocol_a_rollv2_cv3,2,2027,V2H-local-zero,False,zero_eeg_control,pos_rel_f0p80_cap20_base0p025,session_position_reliability,0.2,0.025,,,0.8,20.0,,,,,0.0,0.9205337078651686,0.0635114471568677,0.81,0.5633561643835616,0.5632261257261256,0.5633561643835616,0.5611584094917428,584,30,26,0.5584098800505051,0.5566463166463166,0.5774058577405856,26
V2-U,V2M-two_stage_user_local_reranker-v1,protocol_a_rollv2_cv3,2,2027,V2H-local-zero,False,zero_eeg_control,std_rel_f0p70_ref1p0_base0p025,context_std_reliability,0.2,0.025,,,,,0.7,1.0,,,0.0,0.8601429144993522,0.07401549482842208,0.7,0.5582191780821918,0.5562689625189626,0.5582191780821918,0.5551288680455346,584,30,26,0.5552166756854257,0.5529721204721205,0.556306547938347,26
V2-U,V2M-two_stage_user_local_reranker-v1,protocol_a_rollv2_cv3,2,2027,V2H-local-zero,False,zero_eeg_control,std_rel_f0p70_ref1p5_base0p025,context_std_reliability,0.2,0.025,,,,,0.7,1.5,,,0.0,0.8112605151735695,0.0599060342441722,0.7,0.5547945205479452,0.5536361786361786,0.5547945205479452,0.5528471220137887,584,30,26,0.5519540268759019,0.5496845746845748,0.5641025641025641,26
V2-U,V2M-two_stage_user_local_reranker-v1,protocol_a_rollv2_cv3,2,2027,V2H-local-zero,False,zero_eeg_control,count_std_rel_f0p75_count12_std1p0_base0p025,context_count_std_reliability,0.2,0.025,,,,,0.75,1.0,0.75,12.0,0.0,0.8446986001641476,0.08160249766790384,0.578125,0.5582191780821918,0.5562689625189626,0.5582191780821918,0.5551288680455346,584,30,26,0.5681507034632035,0.5647883597883598,0.5726495726495726,26
V2-U,V2M-two_stage_user_local_reranker-v1,protocol_a_rollv2_cv3,2,2027,V2H-local-zero,False,zero_eeg_control,hist_std_rel_fallback0p05,history_context_std_fallback,0.2,0.025,0.85,100.0,,,0.75,1.0,,,0.05,0.8561936660007945,0.06386597955263622,0.7246315276791515,0.5565068493150684,0.5574492636992636,0.5565068493150684,0.5556226952060286,584,30,26,0.5562372610028861,0.5552146927146928,0.5564853556485356,26
V2-U,V2M-two_stage_user_local_reranker-v1,protocol_a_rollv2_cv3,2,2027,V2H-local-zero,False,zero_eeg_control,pos_std_rel_fallback0p05,position_context_std_fallback,0.2,0.025,,,0.8,20.0,0.75,1.0,,,0.05,0.8135181061410255,0.08288684958501351,0.6075,0.5684931506849316,0.5711880711880711,0.5684931506849316,0.5680587622254288,584,30,26,0.5736431277056278,0.5711306286306286,0.5664270643350141,26
V2-U,V2M-two_stage_user_local_reranker-v1,protocol_a_rollv2_cv3,2,2027,V2H-local-zero,False,zero_eeg_control,hist_pos_std_rel_fallback0p05,history_position_context_std_fallback,0.2,0.025,0.85,100.0,0.85,20.0,0.75,1.0,,,0.05,0.805506193456952,0.07669405476435343,0.625760625,0.5702054794520548,0.5694786694786694,0.5702054794520548,0.5665772807439474,584,30,26,0.573361516955267,0.5699577737077737,0.5591674713013626,26
V2-U,V2M-two_stage_user_local_reranker-v1,protocol_a_rollv2_cv3,2,2027,V2H-local-zero,False,zero_eeg_control,hist_pos_std_rel_fallback0p10,history_position_context_std_fallback,0.2,0.025,0.85,100.0,0.85,20.0,0.75,1.0,,,0.1,0.805506193456952,0.07669405476435343,0.625760625,0.5736301369863014,0.5738793613793614,0.5736301369863014,0.5703912137245469,584,30,26,0.5756494633838385,0.5732900895400895,0.562958194757358,26
V2-U,V2M-two_stage_user_local_reranker-v1,protocol_a_rollv2_cv3,2,2027,V2H-local-zero,False,zero_eeg_control,count_hist_std_rel_fallback0p05,count_history_context_std_fallback,0.2,0.025,0.85,100.0,,,0.75,1.0,0.75,12.0,0.05,0.8189302467334578,0.08481652122090157,0.5625156250000001,0.5565068493150684,0.5574492636992636,0.5565068493150684,0.5556226952060286,584,30,26,0.5685462887806637,0.5656634106634107,0.5715409648464043,26
V2-U,V2M-two_stage_user_local_reranker-v1,protocol_a_rollv2_cv3,3,2027,V2H-local-zero,False,zero_eeg_control,margin_power0p2_base0p025,v2s_reference,0.2,0.025,,,,,,,,,0.0,1.0,0.0,1.0,0.5711974110032363,0.5997925763344365,0.5711974110032363,0.5802780090280091,618,28,24,0.5778085356756686,0.5959956401623069,0.5929099831538855,24
V2-U,V2M-two_stage_user_local_reranker-v1,protocol_a_rollv2_cv3,3,2027,V2H-local-zero,False,zero_eeg_control,hist_rel_f0p80_cap90_base0p025,history_reliability,0.2,0.025,0.8,90.0,,,,,,,0.0,0.9883348895113602,0.02043372847516129,0.8644444444444445,0.5776699029126213,0.6076722581779341,0.5776699029126213,0.5872408775087347,618,28,24,0.5831781660452989,0.6018157459824126,0.5911521277374936,24
V2-U,V2M-two_stage_user_local_reranker-v1,protocol_a_rollv2_cv3,3,2027,V2H-local-zero,False,zero_eeg_control,hist_rel_f0p70_cap100_base0p025,history_reliability,0.2,0.025,0.7,100.0,,,,,,,0.0,0.968310924369748,0.0372885067789125,0.7869999999999999,0.5889967637540453,0.6201398378023765,0.5889967637540453,0.60472009141652,618,28,24,0.5893400597071925,0.6076744320494321,0.5861349154032081,24
V2-U,V2M-two_stage_user_local_reranker-v1,protocol_a_rollv2_cv3,3,2027,V2H-local-zero,False,zero_eeg_control,pos_rel_f0p80_cap20_base0p025,session_position_reliability,0.2,0.025,,,0.8,20.0,,,,,0.0,0.9303081232492997,0.06357390781398536,0.81,0.6343042071197411,0.6620588472868529,0.6343042071197411,0.64451603290889,618,28,24,0.6510924972463434,0.6661235331026998,0.5965355599501942,24
V2-U,V2M-two_stage_user_local_reranker-v1,protocol_a_rollv2_cv3,3,2027,V2H-local-zero,False,zero_eeg_control,std_rel_f0p70_ref1p0_base0p025,context_std_reliability,0.2,0.025,,,,,0.7,1.0,,,0.0,0.8310641382410149,0.060013534012058146,0.7,0.5744336569579288,0.6011302722033824,0.5744336569579288,0.5815840442626158,618,28,24,0.5736850950137663,0.5918976548143214,0.5965355599501941,24
V2-U,V2M-two_stage_user_local_reranker-v1,protocol_a_rollv2_cv3,3,2027,V2H-local-zero,False,zero_eeg_control,std_rel_f0p70_ref1p5_base0p025,context_std_reliability,0.2,0.025,,,,,0.7,1.5,,,0.0,0.7912976607881275,0.053486678949039516,0.7,0.5744336569579288,0.6011302722033824,0.5744336569579288,0.5815840442626158,618,28,24,0.57725929858797,0.5952927165427165,0.5960594741082546,24
V2-U,V2M-two_stage_user_local_reranker-v1,protocol_a_rollv2_cv3,3,2027,V2H-local-zero,False,zero_eeg_control,count_std_rel_f0p75_count12_std1p0_base0p025,context_count_std_reliability,0.2,0.025,,,,,0.75,1.0,0.75,12.0,0.0,0.8297848100825582,0.06547310204869318,0.578125,0.5760517799352751,0.6043354004085106,0.5760517799352751,0.5843312970098685,618,28,24,0.5801992005663335,0.5971475361058695,0.587087087087087,24
V2-U,V2M-two_stage_user_local_reranker-v1,protocol_a_rollv2_cv3,3,2027,V2H-local-zero,False,zero_eeg_control,hist_std_rel_fallback0p05,history_context_std_fallback,0.2,0.025,0.85,100.0,,,0.75,1.0,,,0.05,0.845513862085237,0.05020983078877597,0.715125,0.5825242718446602,0.6111762651657195,0.5825242718446602,0.5962166900559758,618,28,24,0.581221789088922,0.5987100361058694,0.5953270343514245,24
V2-U,V2M-two_stage_user_local_reranker-v1,protocol_a_rollv2_cv3,3,2027,V2H-local-zero,False,zero_eeg_control,pos_std_rel_fallback0p05,position_context_std_fallback,0.2,0.025,,,0.8,20.0,0.75,1.0,,,0.05,0.7994176514243467,0.07226556347188458,0.6540941001929417,0.63915857605178,0.6671383877309768,0.63915857605178,0.6490293634936491,618,28,24,0.6543835244010069,0.669333309437476,0.599318831026148,24
V2-U,V2M-two_stage_user_local_reranker-v1,protocol_a_rollv2_cv3,3,2027,V2H-local-zero,False,zero_eeg_control,hist_pos_std_rel_fallback0p05,history_position_context_std_fallback,0.2,0.025,0.85,100.0,0.85,20.0,0.75,1.0,,,0.05,0.801547857770209,0.06505199919739901,0.6507637500000001,0.6245954692556634,0.6494778293112594,0.6245954692556634,0.6320634887599174,618,28,24,0.6379857807305359,0.6529541407666408,0.5962059620596207,24
V2-U,V2M-two_stage_user_local_reranker-v1,protocol_a_rollv2_cv3,3,2027,V2H-local-zero,False,zero_eeg_control,hist_pos_std_rel_fallback0p10,history_position_context_std_fallback,0.2,0.025,0.85,100.0,0.85,20.0,0.75,1.0,,,0.1,0.801547857770209,0.06505199919739901,0.6507637500000001,0.6245954692556634,0.6495108980943282,0.6245954692556634,0.6320918334311193,618,28,24,0.6381939059386612,0.6532848285973286,0.5989892331355747,24
V2-U,V2M-two_stage_user_local_reranker-v1,protocol_a_rollv2_cv3,3,2027,V2H-local-zero,False,zero_eeg_control,count_hist_std_rel_fallback0p05,count_history_context_std_fallback,0.2,0.025,0.85,100.0,,,0.75,1.0,0.75,12.0,0.05,0.8169152768442582,0.06922700069876299,0.5512421875,0.5792880258899676,0.6062743043814057,0.5792880258899676,0.5819309757702615,618,28,24,0.5812953266624594,0.5979549655591322,0.5858785614883175,24
V2-U,V2M-two_stage_user_local_reranker-v1,protocol_a_rollv2_cv3,1,2028,V2H-local-zero,False,zero_eeg_control,margin_power0p2_base0p025,v2s_reference,0.2,0.025,,,,,,,,,0.0,1.0,0.0,1.0,0.6521739130434783,0.6610804935804936,0.6521739130434783,0.6601159211159211,598,35,28,0.6295846524951003,0.6307371761836048,0.6380423464074975,28
V2-U,V2M-two_stage_user_local_reranker-v1,protocol_a_rollv2_cv3,1,2028,V2H-local-zero,False,zero_eeg_control,hist_rel_f0p80_cap90_base0p025,history_reliability,0.2,0.025,0.8,90.0,,,,,,,0.0,0.9493346068131169,0.025042878757024368,0.8466666666666667,0.6505016722408027,0.6638393749108035,0.6505016722408027,0.6623230261801689,598,35,28,0.6298381469276991,0.631685541640899,0.6298507462686567,28
V2-U,V2M-two_stage_user_local_reranker-v1,protocol_a_rollv2_cv3,1,2028,V2H-local-zero,False,zero_eeg_control,hist_rel_f0p70_cap100_base0p025,history_reliability,0.2,0.025,0.7,100.0,,,,,,,0.0,0.9016017191977077,0.0338078863219829,0.7629999999999999,0.6438127090301003,0.6595013518227804,0.6438127090301003,0.6600430839002266,598,35,28,0.6221372574357649,0.6250657725211298,0.6261367580701146,28
V2-U,V2M-two_stage_user_local_reranker-v1,protocol_a_rollv2_cv3,1,2028,V2H-local-zero,False,zero_eeg_control,pos_rel_f0p80_cap20_base0p025,session_position_reliability,0.2,0.025,,,0.8,20.0,,,,,0.0,0.9115759312320917,0.06521362817962645,0.81,0.6354515050167224,0.6526032565318278,0.6354515050167224,0.6503426784855356,598,35,28,0.5939500549202043,0.5841214010856869,0.6300590072891357,28
V2-U,V2M-two_stage_user_local_reranker-v1,protocol_a_rollv2_cv3,1,2028,V2H-local-zero,False,zero_eeg_control,std_rel_f0p70_ref1p0_base0p025,context_std_reliability,0.2,0.025,,,,,0.7,1.0,,,0.0,0.8757042236120404,0.0920896163524387,0.7,0.6521739130434783,0.6610804935804936,0.6521739130434783,0.6601159211159211,598,35,28,0.626310546832935,0.6220141036212465,0.6270739326622701,28
V2-U,V2M-two_stage_user_local_reranker-v1,protocol_a_rollv2_cv3,1,2028,V2H-local-zero,False,zero_eeg_control,std_rel_f0p70_ref1p5_base0p025,context_std_reliability,0.2,0.025,,,,,0.7,1.5,,,0.0,0.8240584899234072,0.0728834279826128,0.7,0.6521739130434783,0.6610804935804936,0.6521739130434783,0.6601159211159211,598,35,28,0.6180852232344769,0.6182829141757713,0.6288788615064214,28
V2-U,V2M-two_stage_user_local_reranker-v1,protocol_a_rollv2_cv3,1,2028,V2H-local-zero,False,zero_eeg_control,count_std_rel_f0p75_count12_std1p0_base0p025,context_count_std_reliability,0.2,0.025,,,,,0.75,1.0,0.75,12.0,0.0,0.8483417340008814,0.1049006141114507,0.578125,0.6521739130434783,0.6610804935804936,0.6521739130434783,0.6601159211159211,598,35,28,0.6477274881006225,0.6495081125884697,0.6244012495661229,28
V2-U,V2M-two_stage_user_local_reranker-v1,protocol_a_rollv2_cv3,1,2028,V2H-local-zero,False,zero_eeg_control,hist_std_rel_fallback0p05,history_context_std_fallback,0.2,0.025,0.85,100.0,,,0.75,1.0,,,0.05,0.852824831097412,0.07984745935653126,0.6752201997846387,0.657190635451505,0.6650723681080822,0.657190635451505,0.6644998969284682,598,35,28,0.6379475996640176,0.6361958874458875,0.6252342936480388,28
V2-U,V2M-two_stage_user_local_reranker-v1,protocol_a_rollv2_cv3,1,2028,V2H-local-zero,False,zero_eeg_control,pos_std_rel_fallback0p05,position_context_std_fallback,0.2,0.025,,,0.8,20.0,0.75,1.0,,,0.05,0.8172835908388177,0.09141619859806316,0.6075,0.6404682274247492,0.6536661817018959,0.6404682274247492,0.65119301862159,598,35,28,0.5961839073033103,0.5890749544767402,0.6215897257896563,28
V2-U,V2M-two_stage_user_local_reranker-v1,protocol_a_rollv2_cv3,1,2028,V2H-local-zero,False,zero_eeg_control,hist_pos_std_rel_fallback0p05,history_position_context_std_fallback,0.2,0.025,0.85,100.0,0.85,20.0,0.75,1.0,,,0.05,0.7965120443754571,0.08695712704397733,0.5790013213153277,0.6404682274247492,0.6490009395366538,0.6404682274247492,0.6464840239125953,598,35,28,0.6050087226206631,0.5990707457225314,0.6190905935439084,28
V2-U,V2M-two_stage_user_local_reranker-v1,protocol_a_rollv2_cv3,1,2028,V2H-local-zero,False,zero_eeg_control,hist_pos_std_rel_fallback0p10,history_position_context_std_fallback,0.2,0.025,0.85,100.0,0.85,20.0,0.75,1.0,,,0.1,0.7965120443754571,0.08695712704397733,0.5790013213153277,0.6304347826086957,0.6373045109652252,0.6304347826086957,0.6246268810554524,598,35,28,0.5970449699554178,0.5901485518449804,0.619993057965984,28
V2-U,V2M-two_stage_user_local_reranker-v1,protocol_a_rollv2_cv3,1,2028,V2H-local-zero,False,zero_eeg_control,count_hist_std_rel_fallback0p05,count_history_context_std_fallback,0.2,0.025,0.85,100.0,,,0.75,1.0,0.75,12.0,0.05,0.8075063254714331,0.10711237562337546,0.538234375,0.6555183946488294,0.6636437966795109,0.6555183946488294,0.6633570397856111,598,35,28,0.6531503736727617,0.6545515744176459,0.6209649427282193,28
V2-U,V2M-two_stage_user_local_reranker-v1,protocol_a_rollv2_cv3,2,2028,V2H-local-zero,False,zero_eeg_control,margin_power0p2_base0p025,v2s_reference,0.2,0.025,,,,,,,,,0.0,1.0,0.0,1.0,0.571917808219178,0.5675123487623488,0.571917808219178,0.5683519721019721,584,30,26,0.5667151424963925,0.56123667998668,0.5963237134785252,26
V2-U,V2M-two_stage_user_local_reranker-v1,protocol_a_rollv2_cv3,2,2028,V2H-local-zero,False,zero_eeg_control,hist_rel_f0p80_cap90_base0p025,history_reliability,0.2,0.025,0.8,90.0,,,,,,,0.0,0.9739388264669163,0.025924592202257783,0.8555555555555556,0.5787671232876712,0.5648770211270212,0.5787671232876712,0.566068021484688,584,30,26,0.5702268217893217,0.5636518574018574,0.5898508743697028,26
V2-U,V2M-two_stage_user_local_reranker-v1,protocol_a_rollv2_cv3,2,2028,V2H-local-zero,False,zero_eeg_control,hist_rel_f0p70_cap100_base0p025,history_reliability,0.2,0.025,0.7,100.0,,,,,,,0.0,0.9380112359550562,0.03880750372883351,0.7749999999999999,0.5804794520547946,0.5650703463203464,0.5804794520547946,0.5657064694564694,584,30,26,0.5685239673520923,0.562180180930181,0.5845224046060866,26
V2-U,V2M-two_stage_user_local_reranker-v1,protocol_a_rollv2_cv3,2,2028,V2H-local-zero,False,zero_eeg_control,pos_rel_f0p80_cap20_base0p025,session_position_reliability,0.2,0.025,,,0.8,20.0,,,,,0.0,0.9205337078651686,0.0635114471568677,0.81,0.571917808219178,0.5679803992303992,0.571917808219178,0.5675803671637004,584,30,26,0.5709734623015874,0.5651954064454064,0.5999356292243322,26
V2-U,V2M-two_stage_user_local_reranker-v1,protocol_a_rollv2_cv3,2,2028,V2H-local-zero,False,zero_eeg_control,std_rel_f0p70_ref1p0_base0p025,context_std_reliability,0.2,0.025,,,,,0.7,1.0,,,0.0,0.8422066615478875,0.08347113469585321,0.7,0.5667808219178082,0.5646277333777334,0.5667808219178082,0.5658519721019721,584,30,26,0.5684759424603174,0.5629507992007992,0.5919965668919644,26
V2-U,V2M-two_stage_user_local_reranker-v1,protocol_a_rollv2_cv3,2,2028,V2H-local-zero,False,zero_eeg_control,std_rel_f0p70_ref1p5_base0p025,context_std_reliability,0.2,0.025,,,,,0.7,1.5,,,0.0,0.7987281243152436,0.06501146606878386,0.7,0.565068493150685,0.563203231953232,0.565068493150685,0.5646174042007375,584,30,26,0.5670870535714285,0.5615262977762978,0.5940707363301506,26
V2-U,V2M-two_stage_user_local_reranker-v1,protocol_a_rollv2_cv3,2,2028,V2H-local-zero,False,zero_eeg_control,count_std_rel_f0p75_count12_std1p0_base0p025,context_count_std_reliability,0.2,0.025,,,,,0.75,1.0,0.75,12.0,0.0,0.8304156172443978,0.08693822689021305,0.578125,0.5667808219178082,0.5646277333777334,0.5667808219178082,0.5658519721019721,584,30,26,0.5681374007936507,0.5618931068931069,0.6035475449701392,26
V2-U,V2M-two_stage_user_local_reranker-v1,protocol_a_rollv2_cv3,2,2028,V2H-local-zero,False,zero_eeg_control,hist_std_rel_fallback0p05,history_context_std_fallback,0.2,0.025,0.85,100.0,,,0.75,1.0,,,0.05,0.8417081928330391,0.07105179044235392,0.7254415614612211,0.5821917808219178,0.5785191660191662,0.5821917808219178,0.577891213724547,584,30,26,0.5804304202741702,0.5749656362156362,0.5912813360512106,26
V2-U,V2M-two_stage_user_local_reranker-v1,protocol_a_rollv2_cv3,2,2028,V2H-local-zero,False,zero_eeg_control,pos_std_rel_fallback0p05,position_context_std_fallback,0.2,0.025,,,0.8,20.0,0.75,1.0,,,0.05,0.8000376443799035,0.08982611545871676,0.6075,0.5804794520547946,0.5733044733044733,0.5804794520547946,0.5703427128427129,584,30,26,0.5833296130952381,0.5777661227661227,0.5944283517505274,26
V2-U,V2M-two_stage_user_local_reranker-v1,protocol_a_rollv2_cv3,2,2028,V2H-local-zero,False,zero_eeg_control,hist_pos_std_rel_fallback0p05,history_position_context_std_fallback,0.2,0.025,0.85,100.0,0.85,20.0,0.75,1.0,,,0.05,0.7920872274824786,0.08365926624752744,0.625760625,0.5787671232876712,0.57243450993451,0.5787671232876712,0.5720887445887447,584,30,26,0.5773661841630593,0.5712207237207237,0.5892071666130244,26
V2-U,V2M-two_stage_user_local_reranker-v1,protocol_a_rollv2_cv3,2,2028,V2H-local-zero,False,zero_eeg_control,hist_pos_std_rel_fallback0p10,history_position_context_std_fallback,0.2,0.025,0.85,100.0,0.85,20.0,0.75,1.0,,,0.1,0.7920872274824786,0.08365926624752744,0.625760625,0.583904109589041,0.5854279979279979,0.583904109589041,0.5833497675164342,584,30,26,0.5858222853535353,0.5814211714211713,0.5919608053499268,26
V2-U,V2M-two_stage_user_local_reranker-v1,protocol_a_rollv2_cv3,2,2028,V2H-local-zero,False,zero_eeg_control,count_hist_std_rel_fallback0p05,count_history_context_std_fallback,0.2,0.025,0.85,100.0,,,0.75,1.0,0.75,12.0,0.05,0.8050856702311868,0.0896319674757758,0.5625156250000001,0.5821917808219178,0.5785191660191662,0.5821917808219178,0.577891213724547,584,30,26,0.5774009063852813,0.5707028157028157,0.6004720523548975,26
V2-U,V2M-two_stage_user_local_reranker-v1,protocol_a_rollv2_cv3,3,2028,V2H-local-zero,False,zero_eeg_control,margin_power0p2_base0p025,v2s_reference,0.2,0.025,,,,,,,,,0.0,1.0,0.0,1.0,0.5841423948220065,0.615367107254201,0.5841423948220065,0.5901712573141145,618,28,24,0.58860683799495,0.6102505056671723,0.6199370101809126,24
V2-U,V2M-two_stage_user_local_reranker-v1,protocol_a_rollv2_cv3,3,2028,V2H-local-zero,False,zero_eeg_control,hist_rel_f0p80_cap90_base0p025,history_reliability,0.2,0.025,0.8,90.0,,,,,,,0.0,0.9883348895113602,0.02043372847516129,0.8644444444444445,0.5841423948220065,0.616369613519865,0.5841423948220065,0.5574048174048174,618,28,24,0.5874080367961487,0.6090600294766961,0.6164579213359701,24
V2-U,V2M-two_stage_user_local_reranker-v1,protocol_a_rollv2_cv3,3,2028,V2H-local-zero,False,zero_eeg_control,hist_rel_f0p70_cap100_base0p025,history_reliability,0.2,0.025,0.7,100.0,,,,,,,0.0,0.968310924369748,0.0372885067789125,0.7869999999999999,0.5889967637540453,0.6228831263323976,0.5889967637540453,0.5647385286671002,618,28,24,0.5909572653453773,0.6127747561080895,0.6099758294880245,24
V2-U,V2M-two_stage_user_local_reranker-v1,protocol_a_rollv2_cv3,3,2028,V2H-local-zero,False,zero_eeg_control,pos_rel_f0p80_cap20_base0p025,session_position_reliability,0.2,0.025,,,0.8,20.0,,,,,0.0,0.9303081232492997,0.06357390781398536,0.81,0.6310679611650486,0.6592497127950881,0.6310679611650486,0.6013158666730095,618,28,24,0.651373868943799,0.6684829291079292,0.6281403354574085,24
V2-U,V2M-two_stage_user_local_reranker-v1,protocol_a_rollv2_cv3,3,2028,V2H-local-zero,False,zero_eeg_control,std_rel_f0p70_ref1p0_base0p025,context_std_reliability,0.2,0.025,,,,,0.7,1.0,,,0.0,0.8239868636772694,0.05910735994028033,0.7,0.5906148867313916,0.6285351234485329,0.5906148867313916,0.6016669838098411,618,28,24,0.6006802346837312,0.6201128038628039,0.6204130960228521,24
V2-U,V2M-two_stage_user_local_reranker-v1,protocol_a_rollv2_cv3,3,2028,V2H-local-zero,False,zero_eeg_control,std_rel_f0p70_ref1p5_base0p025,context_std_reliability,0.2,0.025,,,,,0.7,1.5,,,0.0,0.7865794777456304,0.053384032753995225,0.7,0.5922330097087378,0.6298372067818662,0.5922330097087378,0.6029424940139226,618,28,24,0.6042544382579348,0.6235078655911989,0.6198637662052298,24
V2-U,V2M-two_stage_user_local_reranker-v1,protocol_a_rollv2_cv3,3,2028,V2H-local-zero,False,zero_eeg_control,count_std_rel_f0p75_count12_std1p0_base0p025,context_count_std_reliability,0.2,0.025,,,,,0.75,1.0,0.75,12.0,0.0,0.8242754789632176,0.06673121393277577,0.578125,0.5889967637540453,0.6253299952434047,0.5889967637540453,0.5989197310625881,618,28,24,0.5957784057434408,0.615866008991009,0.6123196367098807,24
V2-U,V2M-two_stage_user_local_reranker-v1,protocol_a_rollv2_cv3,3,2028,V2H-local-zero,False,zero_eeg_control,hist_std_rel_fallback0p05,history_context_std_fallback,0.2,0.025,0.85,100.0,,,0.75,1.0,,,0.05,0.8397866355155748,0.050817224087883216,0.715125,0.5970873786407767,0.6353702591841136,0.5970873786407767,0.5759201017236731,618,28,24,0.6035898250933216,0.6221933814642148,0.6184721306672527,24
V2-U,V2M-two_stage_user_local_reranker-v1,protocol_a_rollv2_cv3,3,2028,V2H-local-zero,False,zero_eeg_control,pos_std_rel_fallback0p05,position_context_std_fallback,0.2,0.025,,,0.8,20.0,0.75,1.0,,,0.05,0.7941242493393578,0.07386618895971485,0.634301055103189,0.6407766990291263,0.6719017634376575,0.6407766990291263,0.6132502814645672,618,28,24,0.6622653279121811,0.6778318980402313,0.6299348128616421,24
V2-U,V2M-two_stage_user_local_reranker-v1,protocol_a_rollv2_cv3,3,2028,V2H-local-zero,False,zero_eeg_control,hist_pos_std_rel_fallback0p05,history_position_context_std_fallback,0.2,0.025,0.85,100.0,0.85,20.0,0.75,1.0,,,0.05,0.796256561996371,0.06699428303811858,0.6507637500000001,0.63915857605178,0.6710409308005091,0.63915857605178,0.6084557803307804,618,28,24,0.6607751514220046,0.6765758354300022,0.6250640884787226,24
V2-U,V2M-two_stage_user_local_reranker-v1,protocol_a_rollv2_cv3,3,2028,V2H-local-zero,False,zero_eeg_control,hist_pos_std_rel_fallback0p10,history_position_context_std_fallback,0.2,0.025,0.85,100.0,0.85,20.0,0.75,1.0,,,0.1,0.796256561996371,0.06699428303811858,0.6507637500000001,0.6310679611650486,0.6619139466735248,0.6310679611650486,0.6006326510790796,618,28,24,0.6527775934244465,0.6679696846363514,0.6270050538343221,24
V2-U,V2M-two_stage_user_local_reranker-v1,protocol_a_rollv2_cv3,3,2028,V2H-local-zero,False,zero_eeg_control,count_hist_std_rel_fallback0p05,count_history_context_std_fallback,0.2,0.025,0.85,100.0,,,0.75,1.0,0.75,12.0,0.05,0.8115591622208546,0.07103392188155062,0.5512421875,0.5970873786407767,0.6355234454586235,0.5970873786407767,0.5759201017236731,618,28,24,0.6038035003069968,0.622270541958042,0.6114773309895261,24
V2-U,V2M-two_stage_user_local_reranker-v1,protocol_a_rollv2_cv3,1,2029,V2H-local-zero,False,zero_eeg_control,margin_power0p2_base0p025,v2s_reference,0.2,0.025,,,,,,,,,0.0,1.0,0.0,1.0,0.6555183946488294,0.6631447487697487,0.6555183946488294,0.6621794131794131,598,35,28,0.628903318903319,0.6315261887583318,0.6294689343977786,28
V2-U,V2M-two_stage_user_local_reranker-v1,protocol_a_rollv2_cv3,1,2029,V2H-local-zero,False,zero_eeg_control,hist_rel_f0p80_cap90_base0p025,history_reliability,0.2,0.025,0.8,90.0,,,,,,,0.0,0.9493346068131169,0.025042878757024368,0.8466666666666667,0.657190635451505,0.660894783126926,0.657190635451505,0.6603794406651549,598,35,28,0.626506859641188,0.6292344147254861,0.6223186393613329,28
V2-U,V2M-two_stage_user_local_reranker-v1,protocol_a_rollv2_cv3,1,2029,V2H-local-zero,False,zero_eeg_control,hist_rel_f0p70_cap100_base0p025,history_reliability,0.2,0.025,0.7,100.0,,,,,,,0.0,0.9016017191977077,0.0338078863219829,0.7629999999999999,0.657190635451505,0.6680011357689929,0.657190635451505,0.6660645227788083,598,35,28,0.6322970644612437,0.636479656256442,0.6195071155848664,28
V2-U,V2M-two_stage_user_local_reranker-v1,protocol_a_rollv2_cv3,1,2029,V2H-local-zero,False,zero_eeg_control,pos_rel_f0p80_cap20_base0p025,session_position_reliability,0.2,0.025,,,0.8,20.0,,,,,0.0,0.9115759312320917,0.06521362817962645,0.81,0.637123745819398,0.6547978972086115,0.637123745819398,0.6552882567168281,598,35,28,0.5875473282935969,0.5786972617329761,0.6263797292606733,28
V2-U,V2M-two_stage_user_local_reranker-v1,protocol_a_rollv2_cv3,1,2029,V2H-local-zero,False,zero_eeg_control,std_rel_f0p70_ref1p0_base0p025,context_std_reliability,0.2,0.025,,,,,0.7,1.0,,,0.0,0.8790060872409201,0.08873360061611917,0.7,0.657190635451505,0.6607704101454102,0.657190635451505,0.6602799422799422,598,35,28,0.6228597273373393,0.6195557616986189,0.6252690038181186,28
V2-U,V2M-two_stage_user_local_reranker-v1,protocol_a_rollv2_cv3,1,2029,V2H-local-zero,False,zero_eeg_control,std_rel_f0p70_ref1p5_base0p025,context_std_reliability,0.2,0.025,,,,,0.7,1.5,,,0.0,0.8241439183208833,0.06756386728038077,0.7,0.657190635451505,0.6607704101454102,0.657190635451505,0.6602799422799422,598,35,28,0.6116224074433031,0.6095758606472892,0.6250954529677196,28
V2-U,V2M-two_stage_user_local_reranker-v1,protocol_a_rollv2_cv3,1,2029,V2H-local-zero,False,zero_eeg_control,count_std_rel_f0p75_count12_std1p0_base0p025,context_count_std_reliability,0.2,0.025,,,,,0.75,1.0,0.75,12.0,0.0,0.8509350610122771,0.1029657958868645,0.578125,0.657190635451505,0.6607704101454102,0.657190635451505,0.6602799422799422,598,35,28,0.6454933126574918,0.6478344027004741,0.6217979868101354,28
V2-U,V2M-two_stage_user_local_reranker-v1,protocol_a_rollv2_cv3,1,2029,V2H-local-zero,False,zero_eeg_control,hist_std_rel_fallback0p05,history_context_std_fallback,0.2,0.025,0.85,100.0,,,0.75,1.0,,,0.05,0.8554333833331027,0.07734695368639873,0.6789631217215004,0.6488294314381271,0.6520289135467706,0.6488294314381271,0.6520962688105545,598,35,28,0.6146318192586849,0.6106867140795714,0.6220409580006941,28
V2-U,V2M-two_stage_user_local_reranker-v1,protocol_a_rollv2_cv3,1,2029,V2H-local-zero,False,zero_eeg_control,pos_std_rel_fallback0p05,position_context_std_fallback,0.2,0.025,,,0.8,20.0,0.75,1.0,,,0.05,0.8197490987954681,0.08914414697923512,0.6075,0.6438127090301003,0.656675259264545,0.6438127090301003,0.6567901463615748,598,35,28,0.600737222976029,0.5961625824572253,0.6211732037486984,28
V2-U,V2M-two_stage_user_local_reranker-v1,protocol_a_rollv2_cv3,1,2029,V2H-local-zero,False,zero_eeg_control,hist_pos_std_rel_fallback0p05,history_position_context_std_fallback,0.2,0.025,0.85,100.0,0.85,20.0,0.75,1.0,,,0.05,0.7989175808019835,0.08470493872421866,0.5822108768761866,0.6421404682274248,0.6517574588110302,0.6421404682274248,0.6492844774273345,598,35,28,0.600968210893584,0.5967571119356834,0.6175980562304757,28
V2-U,V2M-two_stage_user_local_reranker-v1,protocol_a_rollv2_cv3,1,2029,V2H-local-zero,False,zero_eeg_control,hist_pos_std_rel_fallback0p10,history_position_context_std_fallback,0.2,0.025,0.85,100.0,0.85,20.0,0.75,1.0,,,0.1,0.7989175808019835,0.08470493872421866,0.5822108768761866,0.6421404682274248,0.6481860302396016,0.6421404682274248,0.6464273345701917,598,35,28,0.6005950765652258,0.5958642547928263,0.6183269698021521,28
V2-U,V2M-two_stage_user_local_reranker-v1,protocol_a_rollv2_cv3,1,2029,V2H-local-zero,False,zero_eeg_control,count_hist_std_rel_fallback0p05,count_history_context_std_fallback,0.2,0.025,0.85,100.0,,,0.75,1.0,0.75,12.0,0.05,0.8099651154382541,0.10533998509164431,0.538234375,0.6488294314381271,0.6520289135467706,0.6488294314381271,0.6520962688105545,598,35,28,0.6327167194331373,0.6334912904555763,0.6194724054147865,28
V2-U,V2M-two_stage_user_local_reranker-v1,protocol_a_rollv2_cv3,2,2029,V2H-local-zero,False,zero_eeg_control,margin_power0p2_base0p025,v2s_reference,0.2,0.025,,,,,,,,,0.0,1.0,0.0,1.0,0.5736301369863014,0.5683365245865246,0.5736301369863014,0.5680874218374219,584,30,26,0.5610718795093794,0.5584304584304585,0.6029395987554984,26
V2-U,V2M-two_stage_user_local_reranker-v1,protocol_a_rollv2_cv3,2,2029,V2H-local-zero,False,zero_eeg_control,hist_rel_f0p80_cap90_base0p025,history_reliability,0.2,0.025,0.8,90.0,,,,,,,0.0,0.9739388264669163,0.025924592202257783,0.8555555555555556,0.5821917808219178,0.5784428534428534,0.5821917808219178,0.5768462401795735,584,30,26,0.5702298656204906,0.5675294612794614,0.59997139076637,26
V2-U,V2M-two_stage_user_local_reranker-v1,protocol_a_rollv2_cv3,2,2029,V2H-local-zero,False,zero_eeg_control,hist_rel_f0p70_cap100_base0p025,history_reliability,0.2,0.025,0.7,100.0,,,,,,,0.0,0.9380112359550562,0.03880750372883351,0.7749999999999999,0.589041095890411,0.5853491415991416,0.589041095890411,0.5902390973224307,584,30,26,0.5773340548340549,0.5747014559514559,0.5974680828237314,26
V2-U,V2M-two_stage_user_local_reranker-v1,protocol_a_rollv2_cv3,2,2029,V2H-local-zero,False,zero_eeg_control,pos_rel_f0p80_cap20_base0p025,session_position_reliability,0.2,0.025,,,0.8,20.0,,,,,0.0,0.9205337078651686,0.0635114471568677,0.81,0.5736301369863014,0.5767156454656455,0.5736301369863014,0.5832858345358346,584,30,26,0.572561553030303,0.5704274891774892,0.6106283302936022,26
V2-U,V2M-two_stage_user_local_reranker-v1,protocol_a_rollv2_cv3,2,2029,V2H-local-zero,False,zero_eeg_control,std_rel_f0p70_ref1p0_base0p025,context_std_reliability,0.2,0.025,,,,,0.7,1.0,,,0.0,0.8550936570668172,0.08360731590491192,0.7,0.571917808219178,0.5725845913345913,0.571917808219178,0.5717690796857463,584,30,26,0.591063649891775,0.5897944647944647,0.6001144369345206,26
V2-U,V2M-two_stage_user_local_reranker-v1,protocol_a_rollv2_cv3,2,2029,V2H-local-zero,False,zero_eeg_control,std_rel_f0p70_ref1p5_base0p025,context_std_reliability,0.2,0.025,,,,,0.7,1.5,,,0.0,0.8082418136443871,0.06613848001377115,0.7,0.5702054794520548,0.5693794631294632,0.5702054794520548,0.5689913019079686,584,30,26,0.5872442054473305,0.5855209605209605,0.5978972213281836,26
V2-U,V2M-two_stage_user_local_reranker-v1,protocol_a_rollv2_cv3,2,2029,V2H-local-zero,False,zero_eeg_control,count_std_rel_f0p75_count12_std1p0_base0p025,context_count_std_reliability,0.2,0.025,,,,,0.75,1.0,0.75,12.0,0.0,0.8408896038263691,0.08929564243387263,0.578125,0.5702054794520548,0.5693794631294632,0.5702054794520548,0.5689913019079686,584,30,26,0.5836244137806637,0.5813008750508751,0.6064799914172299,26
V2-U,V2M-two_stage_user_local_reranker-v1,protocol_a_rollv2_cv3,2,2029,V2H-local-zero,False,zero_eeg_control,hist_std_rel_fallback0p05,history_context_std_fallback,0.2,0.025,0.85,100.0,,,0.75,1.0,,,0.05,0.8522020825978365,0.07229041187297408,0.72975,0.5736301369863014,0.5746272246272247,0.5736301369863014,0.5735393618726953,584,30,26,0.5907077471139971,0.58881512006512,0.5997925830561814,26
V2-U,V2M-two_stage_user_local_reranker-v1,protocol_a_rollv2_cv3,2,2029,V2H-local-zero,False,zero_eeg_control,pos_std_rel_fallback0p05,position_context_std_fallback,0.2,0.025,,,0.8,20.0,0.75,1.0,,,0.05,0.8100362937943274,0.09156970603641046,0.6075,0.5736301369863014,0.5756916694416695,0.5736301369863014,0.5825968013468014,584,30,26,0.582384108946609,0.5808503996003996,0.6093409147802453,26
V2-U,V2M-two_stage_user_local_reranker-v1,protocol_a_rollv2_cv3,2,2029,V2H-local-zero,False,zero_eeg_control,hist_pos_std_rel_fallback0p05,history_position_context_std_fallback,0.2,0.025,0.85,100.0,0.85,20.0,0.75,1.0,,,0.05,0.8020381972948579,0.0857985713081663,0.625760625,0.577054794520548,0.57749518999519,0.577054794520548,0.5841598524931858,584,30,26,0.5856107954545454,0.5831881081881082,0.6051568143618352,26
V2-U,V2M-two_stage_user_local_reranker-v1,protocol_a_rollv2_cv3,2,2029,V2H-local-zero,False,zero_eeg_control,hist_pos_std_rel_fallback0p10,history_position_context_std_fallback,0.2,0.025,0.85,100.0,0.85,20.0,0.75,1.0,,,0.1,0.8020381972948579,0.0857985713081663,0.625760625,0.577054794520548,0.5784109409109409,0.577054794520548,0.5849535032868366,584,30,26,0.5872663014069264,0.5847906722906723,0.6078389300146623,26
V2-U,V2M-two_stage_user_local_reranker-v1,protocol_a_rollv2_cv3,2,2029,V2H-local-zero,False,zero_eeg_control,count_hist_std_rel_fallback0p05,count_history_context_std_fallback,0.2,0.025,0.85,100.0,,,0.75,1.0,0.75,12.0,0.05,0.8153238721398661,0.0926882232031814,0.5625156250000001,0.577054794520548,0.580503293003293,0.577054794520548,0.5860393618726951,584,30,26,0.5889542748917749,0.5872659747659748,0.6073740299681721,26
V2-U,V2M-two_stage_user_local_reranker-v1,protocol_a_rollv2_cv3,3,2029,V2H-local-zero,False,zero_eeg_control,margin_power0p2_base0p025,v2s_reference,0.2,0.025,,,,,,,,,0.0,1.0,0.0,1.0,0.5533980582524272,0.5749467216172582,0.5533980582524272,0.5651502796145654,618,28,24,0.5526809437648599,0.571024642795476,0.6210722918039991,24
V2-U,V2M-two_stage_user_local_reranker-v1,protocol_a_rollv2_cv3,3,2029,V2H-local-zero,False,zero_eeg_control,hist_rel_f0p80_cap90_base0p025,history_reliability,0.2,0.025,0.8,90.0,,,,,,,0.0,0.9883348895113602,0.02043372847516129,0.8644444444444445,0.558252427184466,0.5813581494925019,0.558252427184466,0.5708546446939304,618,28,24,0.5575163861003022,0.5760262962346295,0.6187651065699846,24
V2-U,V2M-two_stage_user_local_reranker-v1,protocol_a_rollv2_cv3,3,2029,V2H-local-zero,False,zero_eeg_control,hist_rel_f0p70_cap100_base0p025,history_reliability,0.2,0.025,0.7,100.0,,,,,,,0.0,0.968310924369748,0.0372885067789125,0.7869999999999999,0.5679611650485437,0.5919164932003554,0.5679611650485437,0.5519605592819878,618,28,24,0.5628638164477324,0.5811822706614374,0.6141141141141142,24
V2-U,V2M-two_stage_user_local_reranker-v1,protocol_a_rollv2_cv3,3,2029,V2H-local-zero,False,zero_eeg_control,pos_rel_f0p80_cap20_base0p025,session_position_reliability,0.2,0.025,,,0.8,20.0,,,,,0.0,0.9303081232492997,0.06357390781398536,0.81,0.6229773462783171,0.6420348627837019,0.6229773462783171,0.6035076629719488,618,28,24,0.629384038649773,0.6434755406630407,0.62744451768842,24
V2-U,V2M-two_stage_user_local_reranker-v1,protocol_a_rollv2_cv3,3,2029,V2H-local-zero,False,zero_eeg_control,std_rel_f0p70_ref1p0_base0p025,context_std_reliability,0.2,0.025,,,,,0.7,1.0,,,0.0,0.8242901578961579,0.05927780706572761,0.7,0.551779935275081,0.5716294005367792,0.551779935275081,0.5622024338095767,618,28,24,0.5420429706268867,0.560348937328104,0.6231231231231231,24
V2-U,V2M-two_stage_user_local_reranker-v1,protocol_a_rollv2_cv3,3,2029,V2H-local-zero,False,zero_eeg_control,std_rel_f0p70_ref1p5_base0p025,context_std_reliability,0.2,0.025,,,,,0.7,1.5,,,0.0,0.7867816738915562,0.05345313165572626,0.7,0.551779935275081,0.5716294005367792,0.551779935275081,0.5622024338095767,618,28,24,0.5441505852345012,0.5621622089330423,0.6216582436094632,24
V2-U,V2M-two_stage_user_local_reranker-v1,protocol_a_rollv2_cv3,3,2029,V2H-local-zero,False,zero_eeg_control,count_std_rel_f0p75_count12_std1p0_base0p025,context_count_std_reliability,0.2,0.025,,,,,0.75,1.0,0.75,12.0,0.0,0.8244188394634236,0.06596748860479934,0.578125,0.551779935275081,0.5716294005367792,0.551779935275081,0.5622024338095767,618,28,24,0.5413339574178735,0.5594615916490917,0.6133450523694427,24
V2-U,V2M-two_stage_user_local_reranker-v1,protocol_a_rollv2_cv3,3,2029,V2H-local-zero,False,zero_eeg_control,hist_std_rel_fallback0p05,history_context_std_fallback,0.2,0.025,0.85,100.0,,,0.75,1.0,,,0.05,0.8399906092945395,0.05020943991125093,0.715125,0.5614886731391586,0.5802765247129605,0.5614886731391586,0.5697680989645275,618,28,24,0.5518553804392965,0.5693271119312785,0.6233794770380137,24
V2-U,V2M-two_stage_user_local_reranker-v1,protocol_a_rollv2_cv3,3,2029,V2H-local-zero,False,zero_eeg_control,pos_std_rel_fallback0p05,position_context_std_fallback,0.2,0.025,,,0.8,20.0,0.75,1.0,,,0.05,0.794416546765116,0.07466530483339952,0.6538746949825919,0.616504854368932,0.6348687862919674,0.616504854368932,0.5965168363382648,618,28,24,0.622797443426814,0.637039152976653,0.6330476818281695,24
V2-U,V2M-two_stage_user_local_reranker-v1,protocol_a_rollv2_cv3,3,2029,V2H-local-zero,False,zero_eeg_control,hist_pos_std_rel_fallback0p05,history_position_context_std_fallback,0.2,0.025,0.85,100.0,0.85,20.0,0.75,1.0,,,0.05,0.7964949771661469,0.06725360319720654,0.6507637500000001,0.6132686084142395,0.6310958715239869,0.6132686084142395,0.593977540316826,618,28,24,0.6197212267142337,0.633599899329066,0.6300446788251666,24
V2-U,V2M-two_stage_user_local_reranker-v1,protocol_a_rollv2_cv3,3,2029,V2H-local-zero,False,zero_eeg_control,hist_pos_std_rel_fallback0p10,history_position_context_std_fallback,0.2,0.025,0.85,100.0,0.85,20.0,0.75,1.0,,,0.1,0.7964949771661469,0.06725360319720654,0.6507637500000001,0.6148867313915858,0.6333916393681616,0.6148867313915858,0.5910627632949061,618,28,24,0.6221202166132236,0.6367745025036692,0.6312165824360946,24
V2-U,V2M-two_stage_user_local_reranker-v1,protocol_a_rollv2_cv3,3,2029,V2H-local-zero,False,zero_eeg_control,count_hist_std_rel_fallback0p05,count_history_context_std_fallback,0.2,0.025,0.85,100.0,,,0.75,1.0,0.75,12.0,0.05,0.8116616815273585,0.0699839869327848,0.5512421875,0.5679611650485437,0.5897176366840647,0.5679611650485437,0.5789446862661148,618,28,24,0.5552727963567126,0.5735185801852468,0.6136380282721747,24
V2-U,V2M-two_stage_user_local_reranker-v1,protocol_a_rollv2_cv3,1,2030,V2H-local-zero,False,zero_eeg_control,margin_power0p2_base0p025,v2s_reference,0.2,0.025,,,,,,,,,0.0,1.0,0.0,1.0,0.6521739130434783,0.6303591216984072,0.6521739130434783,0.6444673950388236,598,35,28,0.6225898645301631,0.6209951126915413,0.6271086428323499,28
V2-U,V2M-two_stage_user_local_reranker-v1,protocol_a_rollv2_cv3,1,2030,V2H-local-zero,False,zero_eeg_control,hist_rel_f0p80_cap90_base0p025,history_reliability,0.2,0.025,0.8,90.0,,,,,,,0.0,0.9493346068131169,0.025042878757024368,0.8466666666666667,0.6588628762541806,0.6560689938368508,0.6588628762541806,0.6660120937263795,598,35,28,0.6264371863625595,0.6266674826496255,0.622283929191253,28
V2-U,V2M-two_stage_user_local_reranker-v1,protocol_a_rollv2_cv3,1,2030,V2H-local-zero,False,zero_eeg_control,hist_rel_f0p70_cap100_base0p025,history_reliability,0.2,0.025,0.7,100.0,,,,,,,0.0,0.9016017191977077,0.0338078863219829,0.7629999999999999,0.657190635451505,0.6562277239955812,0.657190635451505,0.6661390778533636,598,35,28,0.6257193469880038,0.6260609066859066,0.6203748698368622,28
V2-U,V2M-two_stage_user_local_reranker-v1,protocol_a_rollv2_cv3,1,2030,V2H-local-zero,False,zero_eeg_control,pos_rel_f0p80_cap20_base0p025,session_position_reliability,0.2,0.025,,,0.8,20.0,,,,,0.0,0.9115759312320917,0.06521362817962645,0.81,0.6387959866220736,0.6449985100877959,0.6387959866220736,0.66191761148904,598,35,28,0.5846984773104177,0.5748363309970452,0.6183616799722319,28
V2-U,V2M-two_stage_user_local_reranker-v1,protocol_a_rollv2_cv3,1,2030,V2H-local-zero,False,zero_eeg_control,std_rel_f0p70_ref1p0_base0p025,context_std_reliability,0.2,0.025,,,,,0.7,1.0,,,0.0,0.8939347832089681,0.09104635250764542,0.7,0.6555183946488294,0.6491091216984073,0.6555183946488294,0.6594673950388236,598,35,28,0.6122759578729728,0.6053375163196593,0.6171468240194378,28
V2-U,V2M-two_stage_user_local_reranker-v1,protocol_a_rollv2_cv3,1,2030,V2H-local-zero,False,zero_eeg_control,std_rel_f0p70_ref1p5_base0p025,context_std_reliability,0.2,0.025,,,,,0.7,1.5,,,0.0,0.8407001824780582,0.07711721668126754,0.7,0.6555183946488294,0.6491091216984073,0.6555183946488294,0.6594673950388236,598,35,28,0.6003281212982707,0.5940640675462106,0.6181881291218327,28
V2-U,V2M-two_stage_user_local_reranker-v1,protocol_a_rollv2_cv3,1,2030,V2H-local-zero,False,zero_eeg_control,count_std_rel_f0p75_count12_std1p0_base0p025,context_count_std_reliability,0.2,0.025,,,,,0.75,1.0,0.75,12.0,0.0,0.8631199095922827,0.1077643420183163,0.578125,0.6555183946488294,0.6491091216984073,0.6555183946488294,0.6594673950388236,598,35,28,0.6240364196334347,0.6220995241530957,0.6137452273516141,28
V2-U,V2M-two_stage_user_local_reranker-v1,protocol_a_rollv2_cv3,1,2030,V2H-local-zero,False,zero_eeg_control,hist_std_rel_fallback0p05,history_context_std_fallback,0.2,0.025,0.85,100.0,,,0.75,1.0,,,0.05,0.8673265373838275,0.07978871931362423,0.674339883873856,0.6605351170568562,0.6577426178319035,0.6605351170568562,0.6673509929224215,598,35,28,0.6145017337554652,0.6086727392977392,0.6160708087469629,28
V2-U,V2M-two_stage_user_local_reranker-v1,protocol_a_rollv2_cv3,1,2030,V2H-local-zero,False,zero_eeg_control,pos_std_rel_fallback0p05,position_context_std_fallback,0.2,0.025,,,0.8,20.0,0.75,1.0,,,0.05,0.8310907640885332,0.09105332323382753,0.6075,0.6421404682274248,0.6514233022268735,0.6421404682274248,0.670628873771731,598,35,28,0.5837863711744309,0.5761704201882774,0.6128080527594585,28
V2-U,V2M-two_stage_user_local_reranker-v1,protocol_a_rollv2_cv3,1,2030,V2H-local-zero,False,zero_eeg_control,hist_pos_std_rel_fallback0p05,history_position_context_std_fallback,0.2,0.025,0.85,100.0,0.85,20.0,0.75,1.0,,,0.05,0.8100240993878665,0.08702455175807591,0.5782464504218314,0.6488294314381271,0.6559159326123611,0.6488294314381271,0.6742229780801209,598,35,28,0.5939593159742413,0.5877067013674157,0.6127733425893787,28
V2-U,V2M-two_stage_user_local_reranker-v1,protocol_a_rollv2_cv3,1,2030,V2H-local-zero,False,zero_eeg_control,hist_pos_std_rel_fallback0p10,history_position_context_std_fallback,0.2,0.025,0.85,100.0,0.85,20.0,0.75,1.0,,,0.1,0.8100240993878665,0.08702455175807591,0.5782464504218314,0.6454849498327759,0.65105482150125,0.6454849498327759,0.670334089191232,598,35,28,0.5896724171351038,0.5828455902563044,0.6136758070114543,28
V2-U,V2M-two_stage_user_local_reranker-v1,protocol_a_rollv2_cv3,1,2030,V2H-local-zero,False,zero_eeg_control,count_hist_std_rel_fallback0p05,count_history_context_std_fallback,0.2,0.025,0.85,100.0,,,0.75,1.0,0.75,12.0,0.05,0.8216171410406012,0.11017789414145326,0.538234375,0.6605351170568562,0.6577426178319035,0.6605351170568562,0.6673509929224215,598,35,28,0.6296678942947601,0.628302712499141,0.6138493578618536,28
V2-U,V2M-two_stage_user_local_reranker-v1,protocol_a_rollv2_cv3,2,2030,V2H-local-zero,False,zero_eeg_control,margin_power0p2_base0p025,v2s_reference,0.2,0.025,,,,,,,,,0.0,1.0,0.0,1.0,0.5753424657534246,0.5680541680541681,0.5753424657534246,0.5500252525252525,584,30,26,0.5661144931457431,0.5603563103563104,0.6056217144083252,26
V2-U,V2M-two_stage_user_local_reranker-v1,protocol_a_rollv2_cv3,2,2030,V2H-local-zero,False,zero_eeg_control,hist_rel_f0p80_cap90_base0p025,history_reliability,0.2,0.025,0.8,90.0,,,,,,,0.0,0.9739388264669163,0.025924592202257783,0.8555555555555556,0.5787671232876712,0.5707734395234395,0.5787671232876712,0.5523819544652877,584,30,26,0.565444512085137,0.5590823528323529,0.6038336373064406,26
V2-U,V2M-two_stage_user_local_reranker-v1,protocol_a_rollv2_cv3,2,2030,V2H-local-zero,False,zero_eeg_control,hist_rel_f0p70_cap100_base0p025,history_reliability,0.2,0.025,0.7,100.0,,,,,,,0.0,0.9380112359550562,0.03880750372883351,0.7749999999999999,0.5924657534246576,0.5841383153883154,0.5924657534246576,0.5653537357704024,584,30,26,0.5763694985569986,0.5692414067414068,0.6032614526338377,26
V2-U,V2M-two_stage_user_local_reranker-v1,protocol_a_rollv2_cv3,2,2030,V2H-local-zero,False,zero_eeg_control,pos_rel_f0p80_cap20_base0p025,session_position_reliability,0.2,0.025,,,0.8,20.0,,,,,0.0,0.9205337078651686,0.0635114471568677,0.81,0.583904109589041,0.5862979612979613,0.583904109589041,0.5679397146063813,584,30,26,0.5824627976190476,0.5787832537832538,0.6171726924865,26
V2-U,V2M-two_stage_user_local_reranker-v1,protocol_a_rollv2_cv3,2,2030,V2H-local-zero,False,zero_eeg_control,std_rel_f0p70_ref1p0_base0p025,context_std_reliability,0.2,0.025,,,,,0.7,1.0,,,0.0,0.860279175452156,0.07662127395393925,0.7,0.5787671232876712,0.5714195526695527,0.5787671232876712,0.5529419191919192,584,30,26,0.5968578643578644,0.5917617105117106,0.6099488609948861,26
V2-U,V2M-two_stage_user_local_reranker-v1,protocol_a_rollv2_cv3,2,2030,V2H-local-zero,False,zero_eeg_control,std_rel_f0p70_ref1p5_base0p025,context_std_reliability,0.2,0.025,,,,,0.7,1.5,,,0.0,0.8112596557626351,0.0612098202932761,0.7,0.5787671232876712,0.5714195526695527,0.5787671232876712,0.5529419191919192,584,30,26,0.5968578643578644,0.5917617105117106,0.6076958838465115,26
V2-U,V2M-two_stage_user_local_reranker-v1,protocol_a_rollv2_cv3,2,2030,V2H-local-zero,False,zero_eeg_control,count_std_rel_f0p75_count12_std1p0_base0p025,context_count_std_reliability,0.2,0.025,,,,,0.75,1.0,0.75,12.0,0.0,0.8450428674178222,0.08536068441133918,0.578125,0.577054794520548,0.5704580142080142,0.577054794520548,0.5521085858585858,584,30,26,0.5904516143578644,0.5847104284604284,0.6105925687515645,26
V2-U,V2M-two_stage_user_local_reranker-v1,protocol_a_rollv2_cv3,2,2030,V2H-local-zero,False,zero_eeg_control,hist_std_rel_fallback0p05,history_context_std_fallback,0.2,0.025,0.85,100.0,,,0.75,1.0,,,0.05,0.8563353418456374,0.06633002551650369,0.72975,0.589041095890411,0.5810120435120436,0.589041095890411,0.5601443001443001,584,30,26,0.6029701028138528,0.5977439227439227,0.612630976647713,26
V2-U,V2M-two_stage_user_local_reranker-v1,protocol_a_rollv2_cv3,2,2030,V2H-local-zero,False,zero_eeg_control,pos_std_rel_fallback0p05,position_context_std_fallback,0.2,0.025,,,0.8,20.0,0.75,1.0,,,0.05,0.8138176296817262,0.08579889312413981,0.6075,0.5924657534246576,0.5939507252007252,0.5924657534246576,0.5745721099887766,584,30,26,0.5931820436507936,0.5894129019129019,0.6194614311769123,26
V2-U,V2M-two_stage_user_local_reranker-v1,protocol_a_rollv2_cv3,2,2030,V2H-local-zero,False,zero_eeg_control,hist_pos_std_rel_fallback0p05,history_position_context_std_fallback,0.2,0.025,0.85,100.0,0.85,20.0,0.75,1.0,,,0.05,0.8057855182524637,0.07983984818193857,0.625760625,0.5924657534246576,0.5902877215377216,0.5924657534246576,0.570484808401475,584,30,26,0.6017273178210678,0.5964940152440152,0.61856739262597,26
V2-U,V2M-two_stage_user_local_reranker-v1,protocol_a_rollv2_cv3,2,2030,V2H-local-zero,False,zero_eeg_control,hist_pos_std_rel_fallback0p10,history_position_context_std_fallback,0.2,0.025,0.85,100.0,0.85,20.0,0.75,1.0,,,0.1,0.8057855182524637,0.07983984818193857,0.625760625,0.589041095890411,0.5878558941058941,0.589041095890411,0.5683772246272246,584,30,26,0.5986321924603175,0.5937957875457875,0.6203554697278546,26
V2-U,V2M-two_stage_user_local_reranker-v1,protocol_a_rollv2_cv3,2,2030,V2H-local-zero,False,zero_eeg_control,count_hist_std_rel_fallback0p05,count_history_context_std_fallback,0.2,0.025,0.85,100.0,,,0.75,1.0,0.75,12.0,0.05,0.8192975121349829,0.08864888280460853,0.5625156250000001,0.5976027397260274,0.593351787101787,0.5976027397260274,0.5733387445887446,584,30,26,0.6084688401875902,0.6028964091464092,0.6109144226299037,26
V2-U,V2M-two_stage_user_local_reranker-v1,protocol_a_rollv2_cv3,3,2030,V2H-local-zero,False,zero_eeg_control,margin_power0p2_base0p025,v2s_reference,0.2,0.025,,,,,,,,,0.0,1.0,0.0,1.0,0.5728155339805825,0.5903406102733696,0.5728155339805825,0.567740196311625,618,28,24,0.5819206337562981,0.5988235491360491,0.5904563099685051,24
V2-U,V2M-two_stage_user_local_reranker-v1,protocol_a_rollv2_cv3,3,2030,V2H-local-zero,False,zero_eeg_control,hist_rel_f0p80_cap90_base0p025,history_reliability,0.2,0.025,0.8,90.0,,,,,,,0.0,0.9883348895113602,0.02043372847516129,0.8644444444444445,0.5792880258899676,0.5965012955513794,0.5792880258899676,0.5731252114287828,618,28,24,0.5880866899223542,0.6051176408468075,0.5881491247344905,24
V2-U,V2M-two_stage_user_local_reranker-v1,protocol_a_rollv2_cv3,3,2030,V2H-local-zero,False,zero_eeg_control,hist_rel_f0p70_cap100_base0p025,history_reliability,0.2,0.025,0.7,100.0,,,,,,,0.0,0.968310924369748,0.0372885067789125,0.7869999999999999,0.5889967637540453,0.6089274453485302,0.5889967637540453,0.5847559748452605,618,28,24,0.5918537561894205,0.6097252246210579,0.5823262286676921,24
V2-U,V2M-two_stage_user_local_reranker-v1,protocol_a_rollv2_cv3,3,2030,V2H-local-zero,False,zero_eeg_control,pos_rel_f0p80_cap20_base0p025,session_position_reliability,0.2,0.025,,,0.8,20.0,,,,,0.0,0.9303081232492997,0.06357390781398536,0.81,0.6343042071197411,0.652885855622085,0.6343042071197411,0.635744387887245,618,28,24,0.644987617277827,0.6582725530642197,0.5979638174760127,24
V2-U,V2M-two_stage_user_local_reranker-v1,protocol_a_rollv2_cv3,3,2030,V2H-local-zero,False,zero_eeg_control,std_rel_f0p70_ref1p0_base0p025,context_std_reliability,0.2,0.025,,,,,0.7,1.0,,,0.0,0.8116204519406094,0.059441423446078834,0.7,0.5744336569579288,0.5890993458522806,0.5744336569579288,0.5665718276432562,618,28,24,0.5646632310967976,0.5829796322504656,0.5914817256280672,24
V2-U,V2M-two_stage_user_local_reranker-v1,protocol_a_rollv2_cv3,3,2030,V2H-local-zero,False,zero_eeg_control,std_rel_f0p70_ref1p5_base0p025,context_std_reliability,0.2,0.025,,,,,0.7,1.5,,,0.0,0.778335203254524,0.05414902754238018,0.7,0.5760517799352751,0.5907660125189472,0.5760517799352751,0.5680003990718278,618,28,24,0.573237989671556,0.5915113782822116,0.5913718596645426,24
V2-U,V2M-two_stage_user_local_reranker-v1,protocol_a_rollv2_cv3,3,2030,V2H-local-zero,False,zero_eeg_control,count_std_rel_f0p75_count12_std1p0_base0p025,context_count_std_reliability,0.2,0.025,,,,,0.75,1.0,0.75,12.0,0.0,0.8141402099984806,0.06483122043746094,0.578125,0.5760517799352751,0.5923044740574088,0.5760517799352751,0.5693190803905089,618,28,24,0.56652643199846,0.5826298662756996,0.580641617226983,24
V2-U,V2M-two_stage_user_local_reranker-v1,protocol_a_rollv2_cv3,3,2030,V2H-local-zero,False,zero_eeg_control,hist_std_rel_fallback0p05,history_context_std_fallback,0.2,0.025,0.85,100.0,,,0.75,1.0,,,0.05,0.829618456506655,0.05070056021239916,0.715125,0.5938511326860841,0.6110065008926593,0.5938511326860841,0.5858221110899683,618,28,24,0.5804738094073758,0.6000761930970264,0.5915915915915915,24
V2-U,V2M-two_stage_user_local_reranker-v1,protocol_a_rollv2_cv3,3,2030,V2H-local-zero,False,zero_eeg_control,pos_std_rel_fallback0p05,position_context_std_fallback,0.2,0.025,,,0.8,20.0,0.75,1.0,,,0.05,0.7845502676876369,0.07351136157258617,0.6395389886798681,0.6343042071197411,0.6523633288223071,0.6343042071197411,0.6310535496249782,618,28,24,0.6438138784292631,0.6578406932573598,0.5989159891598917,24
V2-U,V2M-two_stage_user_local_reranker-v1,protocol_a_rollv2_cv3,3,2030,V2H-local-zero,False,zero_eeg_control,hist_pos_std_rel_fallback0p05,history_position_context_std_fallback,0.2,0.025,0.85,100.0,0.85,20.0,0.75,1.0,,,0.05,0.7866327987912667,0.06672648508372968,0.6507637500000001,0.6343042071197411,0.6520788046591065,0.6343042071197411,0.6295091515627229,618,28,24,0.6430783765573975,0.6578003593628593,0.5962792060353037,24
V2-U,V2M-two_stage_user_local_reranker-v1,protocol_a_rollv2_cv3,3,2030,V2H-local-zero,False,zero_eeg_control,hist_pos_std_rel_fallback0p10,history_position_context_std_fallback,0.2,0.025,0.85,100.0,0.85,20.0,0.75,1.0,,,0.1,0.7866327987912667,0.06672648508372968,0.6507637500000001,0.6294498381877023,0.6486546383648745,0.6294498381877023,0.626205857634429,618,28,24,0.6429099358295163,0.6564106919315252,0.5983666593422692,24
V2-U,V2M-two_stage_user_local_reranker-v1,protocol_a_rollv2_cv3,3,2030,V2H-local-zero,False,zero_eeg_control,count_hist_std_rel_fallback0p05,count_history_context_std_fallback,0.2,0.025,0.85,100.0,,,0.75,1.0,0.75,12.0,0.05,0.8015595520843541,0.06909879286568972,0.5512421875,0.5938511326860841,0.6104812908086257,0.5938511326860841,0.5862472811579954,618,28,24,0.5787311076646741,0.5961768324268325,0.5822896066798506,24
