phase,protocol_id,split_version,fold,seed,candidate,uses_eeg,control_type,score_variant,blend_source,blend_weight,selected_alignment,stage1_source,protocol_gauc,protocol_macro_user_auc,protocol_global_auc,local_context_macro_auc,local_pair_count,valid_context_count,valid_local_user_count,event_transfer_gauc,event_transfer_macro_user_auc,event_transfer_global_auc,event_valid_user_count
V2-N,V2M-two_stage_user_local_reranker-v1,protocol_a_rollv2_cv3,1,2026,V2H-local-H2_E0,False,H2_E0_non_eeg,eeg_only,eeg_score,0.0,user_center_alpha_2p0,V1-profile-dynamic-gated_cross_attention,0.6538461538461539,0.6476347263847264,0.6538461538461539,0.6541212121212121,598,35,28,0.6317654153475049,0.629453398783756,0.6425199583477958,28
V2-N,V2M-two_stage_user_local_reranker-v1,protocol_a_rollv2_cv3,1,2026,V2H-local-H2_E0,False,H2_E0_non_eeg,base_only,base_logit,1.0,user_center_alpha_2p0,V1-profile-dynamic-gated_cross_attention,0.6053511705685619,0.6028384214991357,0.6053511705685619,0.5733238507524222,598,35,28,0.6038363377915618,0.5971337095444238,0.6173203748698368,28
V2-N,V2M-two_stage_user_local_reranker-v1,protocol_a_rollv2_cv3,1,2026,V2H-local-H2_E0,False,H2_E0_non_eeg,eeg_plus_base_0p05,base_logit,0.05,user_center_alpha_2p0,V1-profile-dynamic-gated_cross_attention,0.6521739130434783,0.6467654898012041,0.6521739130434783,0.6534258228543942,598,35,28,0.6290835863970191,0.6270960669621383,0.6426240888580353,28
V2-N,V2M-two_stage_user_local_reranker-v1,protocol_a_rollv2_cv3,1,2026,V2H-local-H2_E0,False,H2_E0_non_eeg,eeg_plus_base_0p10,base_logit,0.1,user_center_alpha_2p0,V1-profile-dynamic-gated_cross_attention,0.6471571906354515,0.6390579195936338,0.6471571906354515,0.6462829657115371,598,35,28,0.618745880984687,0.616648736514808,0.6423116973273169,28
V2-N,V2M-two_stage_user_local_reranker-v1,protocol_a_rollv2_cv3,1,2026,V2H-local-H2_E0,False,H2_E0_non_eeg,eeg_plus_base_0p25,base_logit,0.25,user_center_alpha_2p0,V1-profile-dynamic-gated_cross_attention,0.6421404682274248,0.63540429147572,0.6421404682274248,0.6433600632172061,598,35,28,0.6159527040124054,0.6142564462653749,0.6442901770218673,28
V2-N,V2M-two_stage_user_local_reranker-v1,protocol_a_rollv2_cv3,1,2026,V2H-local-H2_E0,False,H2_E0_non_eeg,eeg_plus_base_0p50,base_logit,0.5,user_center_alpha_2p0,V1-profile-dynamic-gated_cross_attention,0.6387959866220736,0.6309494539851681,0.6387959866220736,0.6393993678279393,598,35,28,0.6124618250737655,0.6104648740809456,0.6463727872266575,28
V2-N,V2M-two_stage_user_local_reranker-v1,protocol_a_rollv2_cv3,1,2026,V2H-local-H2_E0,False,H2_E0_non_eeg,eeg_plus_base_rank_0p25,base_session_rank,0.25,user_center_alpha_2p0,V1-profile-dynamic-gated_cross_attention,0.6438127090301003,0.6381345374202516,0.6438127090301003,0.6465210609496324,598,35,28,0.6168661023884904,0.6148256587988731,0.6432488719194723,28
V2-N,V2M-two_stage_user_local_reranker-v1,protocol_a_rollv2_cv3,1,2026,V2H-local-H2_E0,False,H2_E0_non_eeg,eeg_plus_base_rank_0p50,base_session_rank,0.5,user_center_alpha_2p0,V1-profile-dynamic-gated_cross_attention,0.6471571906354515,0.6428872846729989,0.6471571906354515,0.6505369339655053,598,35,28,0.6183265490728178,0.6171731129320417,0.6450538007636238,28
V2-N,V2M-two_stage_user_local_reranker-v1,protocol_a_rollv2_cv3,1,2026,V2H-local-zero,False,zero_eeg_control,eeg_only,eeg_score,0.0,user_center_alpha_2p0,V1-profile-dynamic-gated_cross_attention,0.6421404682274248,0.6213217338217338,0.6421404682274248,0.6304761904761905,598,35,28,0.6086026577071354,0.6069565553494124,0.6153418951752864,28
V2-N,V2M-two_stage_user_local_reranker-v1,protocol_a_rollv2_cv3,1,2026,V2H-local-zero,False,zero_eeg_control,base_only,base_logit,1.0,user_center_alpha_2p0,V1-profile-dynamic-gated_cross_attention,0.6053511705685619,0.6028384214991357,0.6053511705685619,0.5733238507524222,598,35,28,0.6038363377915618,0.5971337095444238,0.6173203748698368,28
V2-N,V2M-two_stage_user_local_reranker-v1,protocol_a_rollv2_cv3,1,2026,V2H-local-zero,False,zero_eeg_control,eeg_plus_base_0p05,base_logit,0.05,user_center_alpha_2p0,V1-profile-dynamic-gated_cross_attention,0.6471571906354515,0.6259077727827728,0.6471571906354515,0.6335497835497836,598,35,28,0.6087911093881243,0.6052146464646465,0.6155848663658451,28
V2-N,V2M-two_stage_user_local_reranker-v1,protocol_a_rollv2_cv3,1,2026,V2H-local-zero,False,zero_eeg_control,eeg_plus_base_0p10,base_logit,0.1,user_center_alpha_2p0,V1-profile-dynamic-gated_cross_attention,0.6454849498327759,0.6280903124653124,0.6454849498327759,0.6352958152958154,598,35,28,0.6100100148607611,0.6064051226551227,0.6159666782367234,28
V2-N,V2M-two_stage_user_local_reranker-v1,protocol_a_rollv2_cv3,1,2026,V2H-local-zero,False,zero_eeg_control,eeg_plus_base_0p25,base_logit,0.25,user_center_alpha_2p0,V1-profile-dynamic-gated_cross_attention,0.6471571906354515,0.6288910494267637,0.6471571906354515,0.6359364048649763,598,35,28,0.6103179987508346,0.6063264661925377,0.6182228392919125,28
V2-N,V2M-two_stage_user_local_reranker-v1,protocol_a_rollv2_cv3,1,2026,V2H-local-zero,False,zero_eeg_control,eeg_plus_base_0p50,base_logit,0.5,user_center_alpha_2p0,V1-profile-dynamic-gated_cross_attention,0.6505016722408027,0.6483709247102104,0.6505016722408027,0.6562822098536384,598,35,28,0.6112656414895221,0.6065142496392496,0.6216244359597362,28
V2-N,V2M-two_stage_user_local_reranker-v1,protocol_a_rollv2_cv3,1,2026,V2H-local-zero,False,zero_eeg_control,eeg_plus_base_rank_0p25,base_session_rank,0.25,user_center_alpha_2p0,V1-profile-dynamic-gated_cross_attention,0.6488294314381271,0.6332296737653879,0.6488294314381271,0.6441692090977805,598,35,28,0.6191405526480154,0.6177335429121145,0.6160708087469629,28
V2-N,V2M-two_stage_user_local_reranker-v1,protocol_a_rollv2_cv3,1,2026,V2H-local-zero,False,zero_eeg_control,eeg_plus_base_rank_0p50,base_session_rank,0.5,user_center_alpha_2p0,V1-profile-dynamic-gated_cross_attention,0.6438127090301003,0.6252435626542769,0.6438127090301003,0.634208891637463,598,35,28,0.6140990932781978,0.611915090531162,0.6162096494272822,28
V2-N,V2M-two_stage_user_local_reranker-v1,protocol_a_rollv2_cv3,1,2026,V2H-local-shuffle,False,shuffle_eeg_control,eeg_only,eeg_score,0.0,user_center_alpha_2p0,V1-profile-dynamic-gated_cross_attention,0.6471571906354515,0.6583379847665564,0.6471571906354515,0.6927309145880575,598,35,28,0.639688031702957,0.6361615946883805,0.6040263797292607,28
V2-N,V2M-two_stage_user_local_reranker-v1,protocol_a_rollv2_cv3,1,2026,V2H-local-shuffle,False,shuffle_eeg_control,base_only,base_logit,1.0,user_center_alpha_2p0,V1-profile-dynamic-gated_cross_attention,0.6053511705685619,0.6028384214991357,0.6053511705685619,0.5733238507524222,598,35,28,0.6038363377915618,0.5971337095444238,0.6173203748698368,28
V2-N,V2M-two_stage_user_local_reranker-v1,protocol_a_rollv2_cv3,1,2026,V2H-local-shuffle,False,shuffle_eeg_control,eeg_plus_base_0p05,base_logit,0.05,user_center_alpha_2p0,V1-profile-dynamic-gated_cross_attention,0.6471571906354515,0.6547665561951277,0.6471571906354515,0.686302343159486,598,35,28,0.6395387779716138,0.6356258804026662,0.604581742450538,28
V2-N,V2M-two_stage_user_local_reranker-v1,protocol_a_rollv2_cv3,1,2026,V2H-local-shuffle,False,shuffle_eeg_control,eeg_plus_base_0p10,base_logit,0.1,user_center_alpha_2p0,V1-profile-dynamic-gated_cross_attention,0.6505016722408027,0.6593961858247573,0.6505016722408027,0.6900060468631898,598,35,28,0.6423354009174905,0.6381811954579811,0.6047205831308573,28
V2-N,V2M-two_stage_user_local_reranker-v1,protocol_a_rollv2_cv3,1,2026,V2H-local-shuffle,False,shuffle_eeg_control,eeg_plus_base_0p25,base_logit,0.25,user_center_alpha_2p0,V1-profile-dynamic-gated_cross_attention,0.6488294314381271,0.6551964503750219,0.6488294314381271,0.6837664399092971,598,35,28,0.6376966897116151,0.6331757627293342,0.60624783061437,28
V2-N,V2M-two_stage_user_local_reranker-v1,protocol_a_rollv2_cv3,1,2026,V2H-local-shuffle,False,shuffle_eeg_control,eeg_plus_base_0p50,base_logit,0.5,user_center_alpha_2p0,V1-profile-dynamic-gated_cross_attention,0.6488294314381271,0.6758474329902902,0.6488294314381271,0.7002872260015118,598,35,28,0.6421233658547091,0.6388040696076409,0.6086081221797988,28
V2-N,V2M-two_stage_user_local_reranker-v1,protocol_a_rollv2_cv3,1,2026,V2H-local-shuffle,False,shuffle_eeg_control,eeg_plus_base_rank_0p25,base_session_rank,0.25,user_center_alpha_2p0,V1-profile-dynamic-gated_cross_attention,0.6421404682274248,0.6481858683644399,0.6421404682274248,0.6784981103552533,598,35,28,0.6334465120286016,0.6293915129182986,0.6048594238111767,28
V2-N,V2M-two_stage_user_local_reranker-v1,protocol_a_rollv2_cv3,1,2026,V2H-local-shuffle,False,shuffle_eeg_control,eeg_plus_base_rank_0p50,base_session_rank,0.5,user_center_alpha_2p0,V1-profile-dynamic-gated_cross_attention,0.6505016722408027,0.6548723763009477,0.6505016722408027,0.6835071806500378,598,35,28,0.6358547091382912,0.6318964732357589,0.606039569593891,28
V2-N,V2M-two_stage_user_local_reranker-v1,protocol_a_rollv2_cv3,1,2026,V2H-local-real,True,real_eeg,eeg_only,eeg_score,0.0,user_center_alpha_2p0,V1-profile-dynamic-gated_cross_attention,0.7123745819397993,0.724415970933828,0.7123745819397993,0.747588332302618,598,35,28,0.7075219142383321,0.7063942357245928,0.607913918778202,28
V2-N,V2M-two_stage_user_local_reranker-v1,protocol_a_rollv2_cv3,1,2026,V2H-local-real,True,real_eeg,base_only,base_logit,1.0,user_center_alpha_2p0,V1-profile-dynamic-gated_cross_attention,0.6053511705685619,0.6028384214991357,0.6053511705685619,0.5733238507524222,598,35,28,0.6038363377915618,0.5971337095444238,0.6173203748698368,28
V2-N,V2M-two_stage_user_local_reranker-v1,protocol_a_rollv2_cv3,1,2026,V2H-local-real,True,real_eeg,eeg_plus_base_0p05,base_logit,0.05,user_center_alpha_2p0,V1-profile-dynamic-gated_cross_attention,0.7140468227424749,0.7262253057788771,0.7140468227424749,0.7490358001786573,598,35,28,0.7092797915185975,0.7083063200027484,0.607913918778202,28
V2-N,V2M-two_stage_user_local_reranker-v1,protocol_a_rollv2_cv3,1,2026,V2H-local-real,True,real_eeg,eeg_plus_base_0p10,base_logit,0.1,user_center_alpha_2p0,V1-profile-dynamic-gated_cross_attention,0.7107023411371237,0.7207569645962504,0.7107023411371237,0.7428906754621041,598,35,28,0.7064426783829769,0.7059910757232185,0.6077750780978827,28
V2-N,V2M-two_stage_user_local_reranker-v1,protocol_a_rollv2_cv3,1,2026,V2H-local-real,True,real_eeg,eeg_plus_base_0p25,base_logit,0.25,user_center_alpha_2p0,V1-profile-dynamic-gated_cross_attention,0.7107023411371237,0.7055122556015413,0.7107023411371237,0.7342663368377654,598,35,28,0.7007058861536474,0.6990201762523192,0.6078097882679625,28
V2-N,V2M-two_stage_user_local_reranker-v1,protocol_a_rollv2_cv3,1,2026,V2H-local-real,True,real_eeg,eeg_plus_base_0p50,base_logit,0.5,user_center_alpha_2p0,V1-profile-dynamic-gated_cross_attention,0.7107023411371237,0.7216638123780982,0.7107023411371237,0.7456155431869718,598,35,28,0.703212293510801,0.7027884070294784,0.6086775425199583,28
V2-N,V2M-two_stage_user_local_reranker-v1,protocol_a_rollv2_cv3,1,2026,V2H-local-real,True,real_eeg,eeg_plus_base_rank_0p25,base_session_rank,0.25,user_center_alpha_2p0,V1-profile-dynamic-gated_cross_attention,0.7157190635451505,0.7290928416821274,0.7157190635451505,0.7541076066790353,598,35,28,0.7082231698649609,0.7078405225726653,0.607913918778202,28
V2-N,V2M-two_stage_user_local_reranker-v1,protocol_a_rollv2_cv3,1,2026,V2H-local-real,True,real_eeg,eeg_plus_base_rank_0p50,base_session_rank,0.5,user_center_alpha_2p0,V1-profile-dynamic-gated_cross_attention,0.7123745819397993,0.7264986501593645,0.7123745819397993,0.7510554524840239,598,35,28,0.7005933535784282,0.6999668882704597,0.6073932662270045,28
V2-N,V2M-two_stage_user_local_reranker-v1,protocol_a_rollv2_cv3,2,2026,V2H-local-H2_E0,False,H2_E0_non_eeg,eeg_only,eeg_score,0.0,user_center_alpha_2p0,V1-profile-dynamic-gated_cross_attention,0.5753424657534246,0.5641215266215267,0.5753424657534246,0.553654000320667,584,30,26,0.5600306637806638,0.5574303011803011,0.5752244036762866,26
V2-N,V2M-two_stage_user_local_reranker-v1,protocol_a_rollv2_cv3,2,2026,V2H-local-H2_E0,False,H2_E0_non_eeg,base_only,base_logit,1.0,user_center_alpha_2p0,V1-profile-dynamic-gated_cross_attention,0.6267123287671232,0.6368876493876494,0.6267123287671232,0.6421412538079204,584,30,26,0.6280566829004328,0.6281401468901469,0.6986732467904017,26
V2-N,V2M-two_stage_user_local_reranker-v1,protocol_a_rollv2_cv3,2,2026,V2H-local-H2_E0,False,H2_E0_non_eeg,eeg_plus_base_0p05,base_logit,0.05,user_center_alpha_2p0,V1-profile-dynamic-gated_cross_attention,0.5736301369863014,0.562216255966256,0.5736301369863014,0.5520027657527657,584,30,26,0.5562149395743146,0.5532738095238096,0.5768694346100204,26
V2-N,V2M-two_stage_user_local_reranker-v1,protocol_a_rollv2_cv3,2,2026,V2H-local-H2_E0,False,H2_E0_non_eeg,eeg_plus_base_0p10,base_logit,0.1,user_center_alpha_2p0,V1-profile-dynamic-gated_cross_attention,0.5804794520547946,0.5713686776186777,0.5804794520547946,0.5601332772166107,584,30,26,0.5632314213564213,0.5604427979427979,0.5788720809641311,26
V2-N,V2M-two_stage_user_local_reranker-v1,protocol_a_rollv2_cv3,2,2026,V2H-local-H2_E0,False,H2_E0_non_eeg,eeg_plus_base_0p25,base_logit,0.25,user_center_alpha_2p0,V1-profile-dynamic-gated_cross_attention,0.5856164383561644,0.5797656047656048,0.5856164383561644,0.5674106140772808,584,30,26,0.569850965007215,0.5673058423058424,0.584593927690162,26
V2-N,V2M-two_stage_user_local_reranker-v1,protocol_a_rollv2_cv3,2,2026,V2H-local-H2_E0,False,H2_E0_non_eeg,eeg_plus_base_0p50,base_logit,0.5,user_center_alpha_2p0,V1-profile-dynamic-gated_cross_attention,0.5993150684931506,0.5991959429459429,0.5993150684931506,0.5964724627224628,584,30,26,0.5857079725829725,0.5843108280608281,0.5918177591817759,26
V2-N,V2M-two_stage_user_local_reranker-v1,protocol_a_rollv2_cv3,2,2026,V2H-local-H2_E0,False,H2_E0_non_eeg,eeg_plus_base_rank_0p25,base_session_rank,0.25,user_center_alpha_2p0,V1-profile-dynamic-gated_cross_attention,0.5873287671232876,0.5869771432271432,0.5873287671232876,0.5761606140772808,584,30,26,0.5755157602813853,0.5746478058978058,0.5772985731144727,26
V2-N,V2M-two_stage_user_local_reranker-v1,protocol_a_rollv2_cv3,2,2026,V2H-local-H2_E0,False,H2_E0_non_eeg,eeg_plus_base_rank_0p50,base_session_rank,0.5,user_center_alpha_2p0,V1-profile-dynamic-gated_cross_attention,0.5958904109589042,0.5978452103452103,0.5958904109589042,0.5947727272727273,584,30,26,0.5850793650793651,0.5839070651570651,0.5802667811036012,26
V2-N,V2M-two_stage_user_local_reranker-v1,protocol_a_rollv2_cv3,2,2026,V2H-local-zero,False,zero_eeg_control,eeg_only,eeg_score,0.0,user_center_alpha_2p0,V1-profile-dynamic-gated_cross_attention,0.5753424657534246,0.5617710992710993,0.5753424657534246,0.5517492384159051,584,30,26,0.5578216314935065,0.5545817608317608,0.5732575188642134,26
V2-N,V2M-two_stage_user_local_reranker-v1,protocol_a_rollv2_cv3,2,2026,V2H-local-zero,False,zero_eeg_control,base_only,base_logit,1.0,user_center_alpha_2p0,V1-profile-dynamic-gated_cross_attention,0.6267123287671232,0.6368876493876494,0.6267123287671232,0.6421412538079204,584,30,26,0.6280566829004328,0.6281401468901469,0.6986732467904017,26
V2-N,V2M-two_stage_user_local_reranker-v1,protocol_a_rollv2_cv3,2,2026,V2H-local-zero,False,zero_eeg_control,eeg_plus_base_0p05,base_logit,0.05,user_center_alpha_2p0,V1-profile-dynamic-gated_cross_attention,0.5821917808219178,0.5681457431457432,0.5821917808219178,0.5574723424723425,584,30,26,0.5654407918470419,0.5620636308136308,0.5745091728355327,26
V2-N,V2M-two_stage_user_local_reranker-v1,protocol_a_rollv2_cv3,2,2026,V2H-local-zero,False,zero_eeg_control,eeg_plus_base_0p10,base_logit,0.1,user_center_alpha_2p0,V1-profile-dynamic-gated_cross_attention,0.5873287671232876,0.5708701021201021,0.5873287671232876,0.5598334535834536,584,30,26,0.5722540133477634,0.5677960927960928,0.5754389729285126,26
V2-N,V2M-two_stage_user_local_reranker-v1,protocol_a_rollv2_cv3,2,2026,V2H-local-zero,False,zero_eeg_control,eeg_plus_base_0p25,base_logit,0.25,user_center_alpha_2p0,V1-profile-dynamic-gated_cross_attention,0.5976027397260274,0.5873943186443187,0.5976027397260274,0.5766544412377747,584,30,26,0.5842619273088023,0.5811241998741998,0.5779065193291135,26
V2-N,V2M-two_stage_user_local_reranker-v1,protocol_a_rollv2_cv3,2,2026,V2H-local-zero,False,zero_eeg_control,eeg_plus_base_0p50,base_logit,0.5,user_center_alpha_2p0,V1-profile-dynamic-gated_cross_attention,0.6027397260273972,0.5902164964664964,0.6027397260273972,0.5894177890011224,584,30,26,0.5904413555194805,0.5876565564065562,0.584486643064049,26
V2-N,V2M-two_stage_user_local_reranker-v1,protocol_a_rollv2_cv3,2,2026,V2H-local-zero,False,zero_eeg_control,eeg_plus_base_rank_0p25,base_session_rank,0.25,user_center_alpha_2p0,V1-profile-dynamic-gated_cross_attention,0.5958904109589042,0.5898134273134272,0.5958904109589042,0.5861584094917428,584,30,26,0.585011047979798,0.5825061512561512,0.5755104960125881,26
V2-N,V2M-two_stage_user_local_reranker-v1,protocol_a_rollv2_cv3,2,2026,V2H-local-zero,False,zero_eeg_control,eeg_plus_base_rank_0p50,base_session_rank,0.5,user_center_alpha_2p0,V1-profile-dynamic-gated_cross_attention,0.6095890410958904,0.6033818033818034,0.6095890410958904,0.6019388327721661,584,30,26,0.5949182674963925,0.5926647426647426,0.5769767192361335,26
V2-N,V2M-two_stage_user_local_reranker-v1,protocol_a_rollv2_cv3,2,2026,V2H-local-shuffle,False,shuffle_eeg_control,eeg_only,eeg_score,0.0,user_center_alpha_2p0,V1-profile-dynamic-gated_cross_attention,0.6164383561643836,0.6384615384615385,0.6164383561643836,0.6216666666666666,584,30,26,0.6169147952741703,0.6142728105228106,0.6478203340128026,26
V2-N,V2M-two_stage_user_local_reranker-v1,protocol_a_rollv2_cv3,2,2026,V2H-local-shuffle,False,shuffle_eeg_control,base_only,base_logit,1.0,user_center_alpha_2p0,V1-profile-dynamic-gated_cross_attention,0.6267123287671232,0.6368876493876494,0.6267123287671232,0.6421412538079204,584,30,26,0.6280566829004328,0.6281401468901469,0.6986732467904017,26
V2-N,V2M-two_stage_user_local_reranker-v1,protocol_a_rollv2_cv3,2,2026,V2H-local-shuffle,False,shuffle_eeg_control,eeg_plus_base_0p05,base_logit,0.05,user_center_alpha_2p0,V1-profile-dynamic-gated_cross_attention,0.6198630136986302,0.6411858974358975,0.6198630136986302,0.6251388888888889,584,30,26,0.6230122655122655,0.6204083416583418,0.6484640417694811,26
V2-N,V2M-two_stage_user_local_reranker-v1,protocol_a_rollv2_cv3,2,2026,V2H-local-shuffle,False,shuffle_eeg_control,eeg_plus_base_0p10,base_logit,0.1,user_center_alpha_2p0,V1-profile-dynamic-gated_cross_attention,0.6232876712328768,0.646474358974359,0.6232876712328768,0.6297222222222222,584,30,26,0.6306614132395383,0.6282492507492509,0.6491077495261596,26
V2-N,V2M-two_stage_user_local_reranker-v1,protocol_a_rollv2_cv3,2,2026,V2H-local-shuffle,False,shuffle_eeg_control,eeg_plus_base_0p25,base_logit,0.25,user_center_alpha_2p0,V1-profile-dynamic-gated_cross_attention,0.6318493150684932,0.6579339641839643,0.6318493150684932,0.6401829805996473,584,30,26,0.6384602723665224,0.6365800403300402,0.6517541036369487,26
V2-N,V2M-two_stage_user_local_reranker-v1,protocol_a_rollv2_cv3,2,2026,V2H-local-shuffle,False,shuffle_eeg_control,eeg_plus_base_0p50,base_logit,0.5,user_center_alpha_2p0,V1-profile-dynamic-gated_cross_attention,0.6335616438356164,0.6620497557997559,0.6335616438356164,0.6500462962962964,584,30,26,0.6418770292207793,0.6412619325119325,0.6557593963451704,26
V2-N,V2M-two_stage_user_local_reranker-v1,protocol_a_rollv2_cv3,2,2026,V2H-local-shuffle,False,shuffle_eeg_control,eeg_plus_base_rank_0p25,base_session_rank,0.25,user_center_alpha_2p0,V1-profile-dynamic-gated_cross_attention,0.6284246575342466,0.6565679690679691,0.6284246575342466,0.6458774250440918,584,30,26,0.6367228084415585,0.6351904576904577,0.6491792726102349,26
V2-N,V2M-two_stage_user_local_reranker-v1,protocol_a_rollv2_cv3,2,2026,V2H-local-shuffle,False,shuffle_eeg_control,eeg_plus_base_rank_0p50,base_session_rank,0.5,user_center_alpha_2p0,V1-profile-dynamic-gated_cross_attention,0.6404109589041096,0.6709885022385021,0.6404109589041096,0.6606900352733686,584,30,26,0.6497153454184704,0.6494063344063344,0.6502878804134035,26
V2-N,V2M-two_stage_user_local_reranker-v1,protocol_a_rollv2_cv3,2,2026,V2H-local-real,True,real_eeg,eeg_only,eeg_score,0.0,user_center_alpha_2p0,V1-profile-dynamic-gated_cross_attention,0.6352739726027398,0.628180846930847,0.6352739726027398,0.6211562049062049,584,30,26,0.6068454635642136,0.605826812076812,0.6148839537960876,26
V2-N,V2M-two_stage_user_local_reranker-v1,protocol_a_rollv2_cv3,2,2026,V2H-local-real,True,real_eeg,base_only,base_logit,1.0,user_center_alpha_2p0,V1-profile-dynamic-gated_cross_attention,0.6267123287671232,0.6368876493876494,0.6267123287671232,0.6421412538079204,584,30,26,0.6280566829004328,0.6281401468901469,0.6986732467904017,26
V2-N,V2M-two_stage_user_local_reranker-v1,protocol_a_rollv2_cv3,2,2026,V2H-local-real,True,real_eeg,eeg_plus_base_0p05,base_logit,0.05,user_center_alpha_2p0,V1-profile-dynamic-gated_cross_attention,0.6335616438356164,0.6265426702926702,0.6335616438356164,0.6132549703383037,584,30,26,0.6062291441197691,0.6052570115070114,0.6152773307585023,26
V2-N,V2M-two_stage_user_local_reranker-v1,protocol_a_rollv2_cv3,2,2026,V2H-local-real,True,real_eeg,eeg_plus_base_0p10,base_logit,0.1,user_center_alpha_2p0,V1-profile-dynamic-gated_cross_attention,0.6301369863013698,0.6229458041958041,0.6301369863013698,0.6096085858585859,584,30,26,0.6039114357864357,0.6027285214785214,0.61577799234703,26
V2-N,V2M-two_stage_user_local_reranker-v1,protocol_a_rollv2_cv3,2,2026,V2H-local-real,True,real_eeg,eeg_plus_base_0p25,base_logit,0.25,user_center_alpha_2p0,V1-profile-dynamic-gated_cross_attention,0.6267123287671232,0.6220758408258409,0.6267123287671232,0.6107064694564694,584,30,26,0.6020066738816738,0.6006833444333444,0.6177091156170654,26
V2-N,V2M-two_stage_user_local_reranker-v1,protocol_a_rollv2_cv3,2,2026,V2H-local-real,True,real_eeg,eeg_plus_base_0p50,base_logit,0.5,user_center_alpha_2p0,V1-profile-dynamic-gated_cross_attention,0.6335616438356164,0.6283639971139972,0.6335616438356164,0.6161562049062049,584,30,26,0.6076453147546897,0.6067807192807193,0.620784608232307,26
V2-N,V2M-two_stage_user_local_reranker-v1,protocol_a_rollv2_cv3,2,2026,V2H-local-real,True,real_eeg,eeg_plus_base_rank_0p25,base_session_rank,0.25,user_center_alpha_2p0,V1-profile-dynamic-gated_cross_attention,0.6301369863013698,0.6255099067599067,0.6301369863013698,0.6136826599326599,584,30,26,0.6070190746753247,0.6062541625041625,0.6150269999642385,26
V2-N,V2M-two_stage_user_local_reranker-v1,protocol_a_rollv2_cv3,2,2026,V2H-local-real,True,real_eeg,eeg_plus_base_rank_0p50,base_session_rank,0.5,user_center_alpha_2p0,V1-profile-dynamic-gated_cross_attention,0.6386986301369864,0.6324212824212824,0.6386986301369864,0.6196725188391856,584,30,26,0.6154863365800867,0.6146688959188958,0.6159568000572184,26
V2-N,V2M-two_stage_user_local_reranker-v1,protocol_a_rollv2_cv3,3,2026,V2H-local-H2_E0,False,H2_E0_non_eeg,eeg_only,eeg_score,0.0,user_center_alpha_2p0,V1-profile-dynamic-gated_cross_attention,0.5970873786407767,0.6385796665685727,0.5970873786407767,0.6217429660286803,618,28,24,0.6229670775999447,0.6338842099258765,0.6125027466490882,24
V2-N,V2M-two_stage_user_local_reranker-v1,protocol_a_rollv2_cv3,3,2026,V2H-local-H2_E0,False,H2_E0_non_eeg,base_only,base_logit,1.0,user_center_alpha_2p0,V1-profile-dynamic-gated_cross_attention,0.6197411003236246,0.6542003134917866,0.6197411003236246,0.6064140257890258,618,28,24,0.6361369787943215,0.650612990404657,0.7162162162162162,24
V2-N,V2M-two_stage_user_local_reranker-v1,protocol_a_rollv2_cv3,3,2026,V2H-local-H2_E0,False,H2_E0_non_eeg,eeg_plus_base_0p05,base_logit,0.05,user_center_alpha_2p0,V1-profile-dynamic-gated_cross_attention,0.6019417475728155,0.6451868460403355,0.6019417475728155,0.6272468239432525,618,28,24,0.6304789227866151,0.6410218677927011,0.6147000659195782,24
V2-N,V2M-two_stage_user_local_reranker-v1,protocol_a_rollv2_cv3,3,2026,V2H-local-H2_E0,False,H2_E0_non_eeg,eeg_plus_base_0p10,base_logit,0.1,user_center_alpha_2p0,V1-profile-dynamic-gated_cross_attention,0.610032362459547,0.6646828572578379,0.610032362459547,0.6440621184371185,618,28,24,0.6387264444956753,0.6598129917921584,0.6171537391049586,24
V2-N,V2M-two_stage_user_local_reranker-v1,protocol_a_rollv2_cv3,3,2026,V2H-local-H2_E0,False,H2_E0_non_eeg,eeg_plus_base_0p25,base_logit,0.25,user_center_alpha_2p0,V1-profile-dynamic-gated_cross_attention,0.627831715210356,0.6821529234009884,0.627831715210356,0.6601756774971062,618,28,24,0.6510628454684398,0.6718583962333963,0.6232696110744892,24
V2-N,V2M-two_stage_user_local_reranker-v1,protocol_a_rollv2_cv3,3,2026,V2H-local-H2_E0,False,H2_E0_non_eeg,eeg_plus_base_0p50,base_logit,0.5,user_center_alpha_2p0,V1-profile-dynamic-gated_cross_attention,0.6326860841423948,0.680584227619025,0.6326860841423948,0.6584553277410422,618,28,24,0.6503180094963312,0.6695867712534379,0.6322786200834981,24
V2-N,V2M-two_stage_user_local_reranker-v1,protocol_a_rollv2_cv3,3,2026,V2H-local-H2_E0,False,H2_E0_non_eeg,eeg_plus_base_rank_0p25,base_session_rank,0.25,user_center_alpha_2p0,V1-profile-dynamic-gated_cross_attention,0.6197411003236246,0.6739977511284915,0.6197411003236246,0.6530811020989592,618,28,24,0.6455943629020553,0.6655710300501968,0.6155423716399326,24
V2-N,V2M-two_stage_user_local_reranker-v1,protocol_a_rollv2_cv3,3,2026,V2H-local-H2_E0,False,H2_E0_non_eeg,eeg_plus_base_rank_0p50,base_session_rank,0.5,user_center_alpha_2p0,V1-profile-dynamic-gated_cross_attention,0.6245954692556634,0.6716956723187373,0.6245954692556634,0.609085051852909,618,28,24,0.6463109054892272,0.6655650560858895,0.6174833369955322,24
V2-N,V2M-two_stage_user_local_reranker-v1,protocol_a_rollv2_cv3,3,2026,V2H-local-zero,False,zero_eeg_control,eeg_only,eeg_score,0.0,user_center_alpha_2p0,V1-profile-dynamic-gated_cross_attention,0.5728155339805825,0.601893419367297,0.5728155339805825,0.5849311006453863,618,28,24,0.5790397636551483,0.5991028184778185,0.6111843550867941,24
V2-N,V2M-two_stage_user_local_reranker-v1,protocol_a_rollv2_cv3,3,2026,V2H-local-zero,False,zero_eeg_control,base_only,base_logit,1.0,user_center_alpha_2p0,V1-profile-dynamic-gated_cross_attention,0.6197411003236246,0.6542003134917866,0.6197411003236246,0.6064140257890258,618,28,24,0.6361369787943215,0.650612990404657,0.7162162162162162,24
V2-N,V2M-two_stage_user_local_reranker-v1,protocol_a_rollv2_cv3,3,2026,V2H-local-zero,False,zero_eeg_control,eeg_plus_base_0p05,base_logit,0.05,user_center_alpha_2p0,V1-profile-dynamic-gated_cross_attention,0.5711974110032363,0.6000163149901927,0.5711974110032363,0.5833221540364397,618,28,24,0.576482724734473,0.5961917634834302,0.6128689665275032,24
V2-N,V2M-two_stage_user_local_reranker-v1,protocol_a_rollv2_cv3,3,2026,V2H-local-zero,False,zero_eeg_control,eeg_plus_base_0p10,base_logit,0.1,user_center_alpha_2p0,V1-profile-dynamic-gated_cross_attention,0.5760517799352751,0.6067924844226121,0.5760517799352751,0.5897149081077652,618,28,24,0.5814376183257303,0.6014624765666432,0.6155423716399326,24
V2-N,V2M-two_stage_user_local_reranker-v1,protocol_a_rollv2_cv3,3,2026,V2H-local-zero,False,zero_eeg_control,eeg_plus_base_0p25,base_logit,0.25,user_center_alpha_2p0,V1-profile-dynamic-gated_cross_attention,0.5857605177993528,0.6176329536512393,0.5857605177993528,0.5991111666111665,618,28,24,0.5944801313682433,0.6148746238329572,0.6232696110744892,24
V2-N,V2M-two_stage_user_local_reranker-v1,protocol_a_rollv2_cv3,3,2026,V2H-local-zero,False,zero_eeg_control,eeg_plus_base_0p50,base_logit,0.5,user_center_alpha_2p0,V1-profile-dynamic-gated_cross_attention,0.6003236245954693,0.6346736229397156,0.6003236245954693,0.615518833018833,618,28,24,0.6068969200962208,0.6264623378165045,0.6347689152567202,24
V2-N,V2M-two_stage_user_local_reranker-v1,protocol_a_rollv2_cv3,3,2026,V2H-local-zero,False,zero_eeg_control,eeg_plus_base_rank_0p25,base_session_rank,0.25,user_center_alpha_2p0,V1-profile-dynamic-gated_cross_attention,0.580906148867314,0.6158689750616028,0.580906148867314,0.5989828524649953,618,28,24,0.5929384038649773,0.6119802150010484,0.6137112722478576,24
V2-N,V2M-two_stage_user_local_reranker-v1,protocol_a_rollv2_cv3,3,2026,V2H-local-zero,False,zero_eeg_control,eeg_plus_base_rank_0p50,base_session_rank,0.5,user_center_alpha_2p0,V1-profile-dynamic-gated_cross_attention,0.5922330097087378,0.6248562511870368,0.5922330097087378,0.5654074397824398,618,28,24,0.6027257513271499,0.6206417926209594,0.6157987255548232,24
V2-N,V2M-two_stage_user_local_reranker-v1,protocol_a_rollv2_cv3,3,2026,V2H-local-shuffle,False,shuffle_eeg_control,eeg_only,eeg_score,0.0,user_center_alpha_2p0,V1-profile-dynamic-gated_cross_attention,0.6245954692556634,0.623670957734264,0.6245954692556634,0.639478811532383,618,28,24,0.6137238150350038,0.62022362668196,0.541529334212261,24
V2-N,V2M-two_stage_user_local_reranker-v1,protocol_a_rollv2_cv3,3,2026,V2H-local-shuffle,False,shuffle_eeg_control,base_only,base_logit,1.0,user_center_alpha_2p0,V1-profile-dynamic-gated_cross_attention,0.6197411003236246,0.6542003134917866,0.6197411003236246,0.6064140257890258,618,28,24,0.6361369787943215,0.650612990404657,0.7162162162162162,24
V2-N,V2M-two_stage_user_local_reranker-v1,protocol_a_rollv2_cv3,3,2026,V2H-local-shuffle,False,shuffle_eeg_control,eeg_plus_base_0p05,base_logit,0.05,user_center_alpha_2p0,V1-profile-dynamic-gated_cross_attention,0.6229773462783171,0.6258094381264209,0.6229773462783171,0.6421871448657164,618,28,24,0.6137432400544288,0.6209527933486267,0.542774481798872,24
V2-N,V2M-two_stage_user_local_reranker-v1,protocol_a_rollv2_cv3,3,2026,V2H-local-shuffle,False,shuffle_eeg_control,eeg_plus_base_0p10,base_logit,0.1,user_center_alpha_2p0,V1-profile-dynamic-gated_cross_attention,0.6213592233009708,0.6249761047930874,0.6213592233009708,0.6414728591514306,618,28,24,0.6115579253691141,0.6190777933486267,0.5432871896286531,24
V2-N,V2M-two_stage_user_local_reranker-v1,protocol_a_rollv2_cv3,3,2026,V2H-local-shuffle,False,shuffle_eeg_control,eeg_plus_base_0p25,base_logit,0.25,user_center_alpha_2p0,V1-profile-dynamic-gated_cross_attention,0.6181229773462783,0.6366015472518632,0.6181229773462783,0.6514375241160956,618,28,24,0.6146364513497381,0.6315216881883549,0.5455943748626676,24
V2-N,V2M-two_stage_user_local_reranker-v1,protocol_a_rollv2_cv3,3,2026,V2H-local-shuffle,False,shuffle_eeg_control,eeg_plus_base_0p50,base_logit,0.5,user_center_alpha_2p0,V1-profile-dynamic-gated_cross_attention,0.6245954692556634,0.64908688805151,0.6245954692556634,0.6531394168001311,618,28,24,0.6245361864242983,0.6428160920869255,0.550318611294221,24
V2-N,V2M-two_stage_user_local_reranker-v1,protocol_a_rollv2_cv3,3,2026,V2H-local-shuffle,False,shuffle_eeg_control,eeg_plus_base_rank_0p25,base_session_rank,0.25,user_center_alpha_2p0,V1-profile-dynamic-gated_cross_attention,0.6067961165048543,0.6142117765287592,0.6067961165048543,0.6322462920677206,618,28,24,0.6021947264080131,0.6094570938320938,0.5422251519812495,24
V2-N,V2M-two_stage_user_local_reranker-v1,protocol_a_rollv2_cv3,3,2026,V2H-local-shuffle,False,shuffle_eeg_control,eeg_plus_base_rank_0p50,base_session_rank,0.5,user_center_alpha_2p0,V1-profile-dynamic-gated_cross_attention,0.6132686084142395,0.6348105010613073,0.6132686084142395,0.6414377058127059,618,28,24,0.6141173123690606,0.6301010447885448,0.5436167875192266,24
V2-N,V2M-two_stage_user_local_reranker-v1,protocol_a_rollv2_cv3,3,2026,V2H-local-real,True,real_eeg,eeg_only,eeg_score,0.0,user_center_alpha_2p0,V1-profile-dynamic-gated_cross_attention,0.6650485436893204,0.6713349040474298,0.6650485436893204,0.6530564508243079,618,28,24,0.6761234297947585,0.6767448716407051,0.5664689079323226,24
V2-N,V2M-two_stage_user_local_reranker-v1,protocol_a_rollv2_cv3,3,2026,V2H-local-real,True,real_eeg,base_only,base_logit,1.0,user_center_alpha_2p0,V1-profile-dynamic-gated_cross_attention,0.6197411003236246,0.6542003134917866,0.6197411003236246,0.6064140257890258,618,28,24,0.6361369787943215,0.650612990404657,0.7162162162162162,24
V2-N,V2M-two_stage_user_local_reranker-v1,protocol_a_rollv2_cv3,3,2026,V2H-local-real,True,real_eeg,eeg_plus_base_0p05,base_logit,0.05,user_center_alpha_2p0,V1-profile-dynamic-gated_cross_attention,0.6682847896440129,0.6855015707140965,0.6682847896440129,0.6651993079671651,618,28,24,0.6810185346898633,0.690633760529594,0.5674210796162016,24
V2-N,V2M-two_stage_user_local_reranker-v1,protocol_a_rollv2_cv3,3,2026,V2H-local-real,True,real_eeg,eeg_plus_base_0p10,base_logit,0.1,user_center_alpha_2p0,V1-profile-dynamic-gated_cross_attention,0.6601941747572816,0.6800188279093723,0.6601941747572816,0.6612707365385937,618,28,24,0.6749149160862448,0.6844465912174246,0.5687394711784955,24
V2-N,V2M-two_stage_user_local_reranker-v1,protocol_a_rollv2_cv3,3,2026,V2H-local-real,True,real_eeg,eeg_plus_base_0p25,base_logit,0.25,user_center_alpha_2p0,V1-profile-dynamic-gated_cross_attention,0.6601941747572816,0.6835480301885747,0.6601941747572816,0.6601291003969576,618,28,24,0.6768405545503448,0.6864876982585315,0.5728411338167435,24
V2-N,V2M-two_stage_user_local_reranker-v1,protocol_a_rollv2_cv3,3,2026,V2H-local-real,True,real_eeg,eeg_plus_base_0p50,base_logit,0.5,user_center_alpha_2p0,V1-profile-dynamic-gated_cross_attention,0.6618122977346278,0.6887104891558581,0.6618122977346278,0.6646584929620645,618,28,24,0.6795321811056076,0.6907964604839605,0.5785907859078591,24
V2-N,V2M-two_stage_user_local_reranker-v1,protocol_a_rollv2_cv3,3,2026,V2H-local-real,True,real_eeg,eeg_plus_base_rank_0p25,base_session_rank,0.25,user_center_alpha_2p0,V1-profile-dynamic-gated_cross_attention,0.6521035598705501,0.6724351966033145,0.6521035598705501,0.6419159643266786,618,28,24,0.6681382331731982,0.6780862617320951,0.5670548597377866,24
V2-N,V2M-two_stage_user_local_reranker-v1,protocol_a_rollv2_cv3,3,2026,V2H-local-real,True,real_eeg,eeg_plus_base_rank_0p50,base_session_rank,0.5,user_center_alpha_2p0,V1-profile-dynamic-gated_cross_attention,0.6488673139158576,0.676696365263993,0.6488673139158576,0.6536716359037789,618,28,24,0.6716631950023559,0.681707517020017,0.5680070314216656,24
V2-N,V2M-two_stage_user_local_reranker-v1,protocol_a_rollv2_cv3,1,2027,V2H-local-H2_E0,False,H2_E0_non_eeg,eeg_only,eeg_score,0.0,user_center_alpha_2p0,V1-profile-dynamic-gated_cross_attention,0.6555183946488294,0.6477837176051462,0.6555183946488294,0.6564076822648252,598,35,28,0.6287520191251535,0.6290095255273828,0.6229781325928497,28
V2-N,V2M-two_stage_user_local_reranker-v1,protocol_a_rollv2_cv3,1,2027,V2H-local-H2_E0,False,H2_E0_non_eeg,base_only,base_logit,1.0,user_center_alpha_2p0,V1-profile-dynamic-gated_cross_attention,0.6053511705685619,0.6028384214991357,0.6053511705685619,0.5733238507524222,598,35,28,0.6038363377915618,0.5971337095444238,0.6173203748698368,28
V2-N,V2M-two_stage_user_local_reranker-v1,protocol_a_rollv2_cv3,1,2027,V2H-local-H2_E0,False,H2_E0_non_eeg,eeg_plus_base_0p05,base_logit,0.05,user_center_alpha_2p0,V1-profile-dynamic-gated_cross_attention,0.6555183946488294,0.6511142164713591,0.6555183946488294,0.6626435099292243,598,35,28,0.6271149662940707,0.6278162148697863,0.623741756334606,28
V2-N,V2M-two_stage_user_local_reranker-v1,protocol_a_rollv2_cv3,1,2027,V2H-local-H2_E0,False,H2_E0_non_eeg,eeg_plus_base_0p10,base_logit,0.1,user_center_alpha_2p0,V1-profile-dynamic-gated_cross_attention,0.6538461538461539,0.6502213593285021,0.6538461538461539,0.6619292242149386,598,35,28,0.6244035235080011,0.6254352624888339,0.6239500173550852,28
V2-N,V2M-two_stage_user_local_reranker-v1,protocol_a_rollv2_cv3,1,2027,V2H-local-H2_E0,False,H2_E0_non_eeg,eeg_plus_base_0p25,base_logit,0.25,user_center_alpha_2p0,V1-profile-dynamic-gated_cross_attention,0.6488294314381271,0.6403559965167106,0.6488294314381271,0.6534416958702672,598,35,28,0.6133740388964269,0.6118303356696214,0.6246789309267615,28
V2-N,V2M-two_stage_user_local_reranker-v1,protocol_a_rollv2_cv3,1,2027,V2H-local-H2_E0,False,H2_E0_non_eeg,eeg_plus_base_0p50,base_logit,0.5,user_center_alpha_2p0,V1-profile-dynamic-gated_cross_attention,0.6505016722408027,0.6365719829112685,0.6505016722408027,0.6504144849859136,598,35,28,0.6127722857573604,0.609761174671889,0.6272821936827491,28
V2-N,V2M-two_stage_user_local_reranker-v1,protocol_a_rollv2_cv3,1,2027,V2H-local-H2_E0,False,H2_E0_non_eeg,eeg_plus_base_rank_0p25,base_session_rank,0.25,user_center_alpha_2p0,V1-profile-dynamic-gated_cross_attention,0.6471571906354515,0.6365970207041636,0.6471571906354515,0.6510297533154675,598,35,28,0.6164362171824859,0.6153398354291211,0.6236029156542867,28
V2-N,V2M-two_stage_user_local_reranker-v1,protocol_a_rollv2_cv3,1,2027,V2H-local-H2_E0,False,H2_E0_non_eeg,eeg_plus_base_rank_0p50,base_session_rank,0.5,user_center_alpha_2p0,V1-profile-dynamic-gated_cross_attention,0.6421404682274248,0.6298276591133734,0.6421404682274248,0.6315422249707964,598,35,28,0.6117405397256144,0.6117235707414279,0.6240888580354044,28
V2-N,V2M-two_stage_user_local_reranker-v1,protocol_a_rollv2_cv3,1,2027,V2H-local-zero,False,zero_eeg_control,eeg_only,eeg_score,0.0,user_center_alpha_2p0,V1-profile-dynamic-gated_cross_attention,0.6438127090301003,0.6195013518227804,0.6438127090301003,0.6232811791383219,598,35,28,0.6017191100773189,0.5971356421356422,0.6102742103436308,28
V2-N,V2M-two_stage_user_local_reranker-v1,protocol_a_rollv2_cv3,1,2027,V2H-local-zero,False,zero_eeg_control,base_only,base_logit,1.0,user_center_alpha_2p0,V1-profile-dynamic-gated_cross_attention,0.6053511705685619,0.6028384214991357,0.6053511705685619,0.5733238507524222,598,35,28,0.6038363377915618,0.5971337095444238,0.6173203748698368,28
V2-N,V2M-two_stage_user_local_reranker-v1,protocol_a_rollv2_cv3,1,2027,V2H-local-zero,False,zero_eeg_control,eeg_plus_base_0p05,base_logit,0.05,user_center_alpha_2p0,V1-profile-dynamic-gated_cross_attention,0.6471571906354515,0.6232215899180186,0.6471571906354515,0.6268526077097505,598,35,28,0.6033431328207446,0.5987087713873428,0.6107948628948281,28
V2-N,V2M-two_stage_user_local_reranker-v1,protocol_a_rollv2_cv3,1,2027,V2H-local-zero,False,zero_eeg_control,eeg_plus_base_0p10,base_logit,0.1,user_center_alpha_2p0,V1-profile-dynamic-gated_cross_attention,0.6471571906354515,0.6235522777487065,0.6471571906354515,0.6271171579743009,598,35,28,0.6046283732850897,0.5991634671545386,0.6119750086775425,28
V2-N,V2M-two_stage_user_local_reranker-v1,protocol_a_rollv2_cv3,1,2027,V2H-local-zero,False,zero_eeg_control,eeg_plus_base_0p25,base_logit,0.25,user_center_alpha_2p0,V1-profile-dynamic-gated_cross_attention,0.6521739130434783,0.623618415314844,0.6521739130434783,0.6271700680272108,598,35,28,0.6066812043677714,0.6014943439497011,0.6132245748004165,28
V2-N,V2M-two_stage_user_local_reranker-v1,protocol_a_rollv2_cv3,1,2027,V2H-local-zero,False,zero_eeg_control,eeg_plus_base_0p50,base_logit,0.5,user_center_alpha_2p0,V1-profile-dynamic-gated_cross_attention,0.6488294314381271,0.618673558584273,0.6488294314381271,0.6196427540713254,598,35,28,0.6101461308177726,0.6045455189651617,0.6161402290871225,28
V2-N,V2M-two_stage_user_local_reranker-v1,protocol_a_rollv2_cv3,1,2027,V2H-local-zero,False,zero_eeg_control,eeg_plus_base_rank_0p25,base_session_rank,0.25,user_center_alpha_2p0,V1-profile-dynamic-gated_cross_attention,0.6454849498327759,0.6190879920344207,0.6454849498327759,0.6235457294028722,598,35,28,0.605147207684521,0.5995716304198446,0.6112808052759457,28
V2-N,V2M-two_stage_user_local_reranker-v1,protocol_a_rollv2_cv3,1,2027,V2H-local-zero,False,zero_eeg_control,eeg_plus_base_rank_0p50,base_session_rank,0.5,user_center_alpha_2p0,V1-profile-dynamic-gated_cross_attention,0.6521739130434783,0.6215269221519222,0.6521739130434783,0.6147825877825878,598,35,28,0.6098369623742758,0.6049470684738542,0.6127733425893788,28
V2-N,V2M-two_stage_user_local_reranker-v1,protocol_a_rollv2_cv3,1,2027,V2H-local-shuffle,False,shuffle_eeg_control,eeg_only,eeg_score,0.0,user_center_alpha_2p0,V1-profile-dynamic-gated_cross_attention,0.6488294314381271,0.6671642246642246,0.6488294314381271,0.6977925170068028,598,35,28,0.6534999246193276,0.6545109900020615,0.5967719541825756,28
V2-N,V2M-two_stage_user_local_reranker-v1,protocol_a_rollv2_cv3,1,2027,V2H-local-shuffle,False,shuffle_eeg_control,base_only,base_logit,1.0,user_center_alpha_2p0,V1-profile-dynamic-gated_cross_attention,0.6053511705685619,0.6028384214991357,0.6053511705685619,0.5733238507524222,598,35,28,0.6038363377915618,0.5971337095444238,0.6173203748698368,28
V2-N,V2M-two_stage_user_local_reranker-v1,protocol_a_rollv2_cv3,1,2027,V2H-local-shuffle,False,shuffle_eeg_control,eeg_plus_base_0p05,base_logit,0.05,user_center_alpha_2p0,V1-profile-dynamic-gated_cross_attention,0.6505016722408027,0.666975260189546,0.6505016722408027,0.6976413454270598,598,35,28,0.6555847386444402,0.6563061525115097,0.5968413745227352,28
V2-N,V2M-two_stage_user_local_reranker-v1,protocol_a_rollv2_cv3,1,2027,V2H-local-shuffle,False,shuffle_eeg_control,eeg_plus_base_0p10,base_logit,0.1,user_center_alpha_2p0,V1-profile-dynamic-gated_cross_attention,0.6488294314381271,0.6625109744752603,0.6488294314381271,0.6904984882842027,598,35,28,0.6543907087936938,0.6548775810829383,0.596876084692815,28
V2-N,V2M-two_stage_user_local_reranker-v1,protocol_a_rollv2_cv3,1,2027,V2H-local-shuffle,False,shuffle_eeg_control,eeg_plus_base_0p25,base_logit,0.25,user_center_alpha_2p0,V1-profile-dynamic-gated_cross_attention,0.6555183946488294,0.6837836502122216,0.6555183946488294,0.7069213907785338,598,35,28,0.6613144235532296,0.6619665833505118,0.5988545643873655,28
V2-N,V2M-two_stage_user_local_reranker-v1,protocol_a_rollv2_cv3,1,2027,V2H-local-shuffle,False,shuffle_eeg_control,eeg_plus_base_0p50,base_logit,0.5,user_center_alpha_2p0,V1-profile-dynamic-gated_cross_attention,0.6471571906354515,0.6704734650270365,0.6471571906354515,0.6949410430839003,598,35,28,0.6496252503715191,0.6494535920428778,0.601457827143353,28
V2-N,V2M-two_stage_user_local_reranker-v1,protocol_a_rollv2_cv3,1,2027,V2H-local-shuffle,False,shuffle_eeg_control,eeg_plus_base_rank_0p25,base_session_rank,0.25,user_center_alpha_2p0,V1-profile-dynamic-gated_cross_attention,0.6555183946488294,0.6649273576952149,0.6555183946488294,0.6924315948601664,598,35,28,0.6576873209709031,0.6573860844842988,0.5968066643526553,28
V2-N,V2M-two_stage_user_local_reranker-v1,protocol_a_rollv2_cv3,1,2027,V2H-local-shuffle,False,shuffle_eeg_control,eeg_plus_base_rank_0p50,base_session_rank,0.5,user_center_alpha_2p0,V1-profile-dynamic-gated_cross_attention,0.6538461538461539,0.678402886795744,0.6538461538461539,0.7026167800453516,598,35,28,0.6569138075854494,0.6565007859204288,0.5976049982644915,28
V2-N,V2M-two_stage_user_local_reranker-v1,protocol_a_rollv2_cv3,1,2027,V2H-local-real,True,real_eeg,eeg_only,eeg_score,0.0,user_center_alpha_2p0,V1-profile-dynamic-gated_cross_attention,0.7307692307692307,0.746295093795094,0.7307692307692307,0.7736233766233767,598,35,28,0.7307001787598801,0.7307081658420944,0.5819507115584868,28
V2-N,V2M-two_stage_user_local_reranker-v1,protocol_a_rollv2_cv3,1,2027,V2H-local-real,True,real_eeg,base_only,base_logit,1.0,user_center_alpha_2p0,V1-profile-dynamic-gated_cross_attention,0.6053511705685619,0.6028384214991357,0.6053511705685619,0.5733238507524222,598,35,28,0.6038363377915618,0.5971337095444238,0.6173203748698368,28
V2-N,V2M-two_stage_user_local_reranker-v1,protocol_a_rollv2_cv3,1,2027,V2H-local-real,True,real_eeg,eeg_plus_base_0p05,base_logit,0.05,user_center_alpha_2p0,V1-profile-dynamic-gated_cross_attention,0.7240802675585284,0.7345887445887447,0.7240802675585284,0.7594963924963924,598,35,28,0.724921927160733,0.7244581658420943,0.5824019437695245,28
V2-N,V2M-two_stage_user_local_reranker-v1,protocol_a_rollv2_cv3,1,2027,V2H-local-real,True,real_eeg,eeg_plus_base_0p10,base_logit,0.1,user_center_alpha_2p0,V1-profile-dynamic-gated_cross_attention,0.725752508361204,0.7354816017316017,0.725752508361204,0.7602106782106782,598,35,28,0.7259667032801361,0.7253510229849516,0.5824713641096841,28
V2-N,V2M-two_stage_user_local_reranker-v1,protocol_a_rollv2_cv3,1,2027,V2H-local-real,True,real_eeg,eeg_plus_base_0p25,base_logit,0.25,user_center_alpha_2p0,V1-profile-dynamic-gated_cross_attention,0.7324414715719063,0.7570348897134612,0.7324414715719063,0.7774533085961657,598,35,28,0.7214357864357863,0.7194418676561535,0.5838597709128776,28
V2-N,V2M-two_stage_user_local_reranker-v1,protocol_a_rollv2_cv3,1,2027,V2H-local-real,True,real_eeg,eeg_plus_base_0p50,base_logit,0.5,user_center_alpha_2p0,V1-profile-dynamic-gated_cross_attention,0.7290969899665551,0.7343408575551432,0.7290969899665551,0.7592980828695115,598,35,28,0.7138936271025823,0.7105658627087198,0.5846233946546339,28
V2-N,V2M-two_stage_user_local_reranker-v1,protocol_a_rollv2_cv3,1,2027,V2H-local-real,True,real_eeg,eeg_plus_base_rank_0p25,base_session_rank,0.25,user_center_alpha_2p0,V1-profile-dynamic-gated_cross_attention,0.7324414715719063,0.7570348897134612,0.7324414715719063,0.7774533085961657,598,35,28,0.7267295556847795,0.7270346964543395,0.5827837556404026,28
V2-N,V2M-two_stage_user_local_reranker-v1,protocol_a_rollv2_cv3,1,2027,V2H-local-real,True,real_eeg,eeg_plus_base_rank_0p50,base_session_rank,0.5,user_center_alpha_2p0,V1-profile-dynamic-gated_cross_attention,0.7374581939799331,0.7614991754277469,0.7374581939799331,0.7810247371675944,598,35,28,0.7274379186319485,0.7268398268398271,0.5833738285317598,28
V2-N,V2M-two_stage_user_local_reranker-v1,protocol_a_rollv2_cv3,2,2027,V2H-local-H2_E0,False,H2_E0_non_eeg,eeg_only,eeg_score,0.0,user_center_alpha_2p0,V1-profile-dynamic-gated_cross_attention,0.5736301369863014,0.5621373996373996,0.5736301369863014,0.5609291325957992,584,30,26,0.5619627074314575,0.5573845136345137,0.5893144512391374,26
V2-N,V2M-two_stage_user_local_reranker-v1,protocol_a_rollv2_cv3,2,2027,V2H-local-H2_E0,False,H2_E0_non_eeg,base_only,base_logit,1.0,user_center_alpha_2p0,V1-profile-dynamic-gated_cross_attention,0.6267123287671232,0.6368876493876494,0.6267123287671232,0.6421412538079204,584,30,26,0.6280566829004328,0.6281401468901469,0.6986732467904017,26
V2-N,V2M-two_stage_user_local_reranker-v1,protocol_a_rollv2_cv3,2,2027,V2H-local-H2_E0,False,H2_E0_non_eeg,eeg_plus_base_0p05,base_logit,0.05,user_center_alpha_2p0,V1-profile-dynamic-gated_cross_attention,0.571917808219178,0.5606950919450919,0.571917808219178,0.5596791325957994,584,30,26,0.5610996121933621,0.5559498371998373,0.5905661052104567,26
V2-N,V2M-two_stage_user_local_reranker-v1,protocol_a_rollv2_cv3,2,2027,V2H-local-H2_E0,False,H2_E0_non_eeg,eeg_plus_base_0p10,base_logit,0.1,user_center_alpha_2p0,V1-profile-dynamic-gated_cross_attention,0.577054794520548,0.5663040663040664,0.577054794520548,0.5645402437069104,584,30,26,0.5663079455266955,0.5615588115588116,0.5910310052569467,26
V2-N,V2M-two_stage_user_local_reranker-v1,protocol_a_rollv2_cv3,2,2027,V2H-local-H2_E0,False,H2_E0_non_eeg,eeg_plus_base_0p25,base_logit,0.25,user_center_alpha_2p0,V1-profile-dynamic-gated_cross_attention,0.5787671232876712,0.576751258001258,0.5787671232876712,0.5760944765111432,584,30,26,0.5734682765151515,0.5695723258223258,0.5941780209562636,26
V2-N,V2M-two_stage_user_local_reranker-v1,protocol_a_rollv2_cv3,2,2027,V2H-local-H2_E0,False,H2_E0_non_eeg,eeg_plus_base_0p50,base_logit,0.5,user_center_alpha_2p0,V1-profile-dynamic-gated_cross_attention,0.5924657534246576,0.5919603544603546,0.5924657534246576,0.5876222542889209,584,30,26,0.5856474341630592,0.5821736134236134,0.6019740371204806,26
V2-N,V2M-two_stage_user_local_reranker-v1,protocol_a_rollv2_cv3,2,2027,V2H-local-H2_E0,False,H2_E0_non_eeg,eeg_plus_base_rank_0p25,base_session_rank,0.25,user_center_alpha_2p0,V1-profile-dynamic-gated_cross_attention,0.5856164383561644,0.5839449901949902,0.5856164383561644,0.5823290444123778,584,30,26,0.5779538690476189,0.5735088985088985,0.5913886206773236,26
V2-N,V2M-two_stage_user_local_reranker-v1,protocol_a_rollv2_cv3,2,2027,V2H-local-H2_E0,False,H2_E0_non_eeg,eeg_plus_base_rank_0p50,base_session_rank,0.5,user_center_alpha_2p0,V1-profile-dynamic-gated_cross_attention,0.5976027397260274,0.5982637732637733,0.5976027397260274,0.594738656405323,584,30,26,0.5932069579725829,0.5903848466348467,0.5944641132925652,26
V2-N,V2M-two_stage_user_local_reranker-v1,protocol_a_rollv2_cv3,2,2027,V2H-local-zero,False,zero_eeg_control,eeg_only,eeg_score,0.0,user_center_alpha_2p0,V1-profile-dynamic-gated_cross_attention,0.5582191780821918,0.5499375624375624,0.5582191780821918,0.5432924482924483,584,30,26,0.5456742649711399,0.5423611111111112,0.5746522190036835,26
V2-N,V2M-two_stage_user_local_reranker-v1,protocol_a_rollv2_cv3,2,2027,V2H-local-zero,False,zero_eeg_control,base_only,base_logit,1.0,user_center_alpha_2p0,V1-profile-dynamic-gated_cross_attention,0.6267123287671232,0.6368876493876494,0.6267123287671232,0.6421412538079204,584,30,26,0.6280566829004328,0.6281401468901469,0.6986732467904017,26
V2-N,V2M-two_stage_user_local_reranker-v1,protocol_a_rollv2_cv3,2,2027,V2H-local-zero,False,zero_eeg_control,eeg_plus_base_0p05,base_logit,0.05,user_center_alpha_2p0,V1-profile-dynamic-gated_cross_attention,0.5565068493150684,0.547177590927591,0.5565068493150684,0.5403713724547058,584,30,26,0.5439939574314574,0.5405550468050468,0.5752959267603619,26
V2-N,V2M-two_stage_user_local_reranker-v1,protocol_a_rollv2_cv3,2,2027,V2H-local-zero,False,zero_eeg_control,eeg_plus_base_0p10,base_logit,0.1,user_center_alpha_2p0,V1-profile-dynamic-gated_cross_attention,0.5582191780821918,0.5525118400118401,0.5582191780821918,0.5449943883277216,584,30,26,0.5493969832251082,0.5461563899063899,0.5756893037227766,26
V2-N,V2M-two_stage_user_local_reranker-v1,protocol_a_rollv2_cv3,2,2027,V2H-local-zero,False,zero_eeg_control,eeg_plus_base_0p25,base_logit,0.25,user_center_alpha_2p0,V1-profile-dynamic-gated_cross_attention,0.571917808219178,0.5673139360639361,0.571917808219178,0.5658122895622896,584,30,26,0.5605266955266955,0.5575091575091575,0.5799806887672996,26
V2-N,V2M-two_stage_user_local_reranker-v1,protocol_a_rollv2_cv3,2,2027,V2H-local-zero,False,zero_eeg_control,eeg_plus_base_0p50,base_logit,0.5,user_center_alpha_2p0,V1-profile-dynamic-gated_cross_attention,0.577054794520548,0.5782291782291782,0.577054794520548,0.574743065576399,584,30,26,0.5668153634559885,0.5653198653198653,0.5865965740442729,26
V2-N,V2M-two_stage_user_local_reranker-v1,protocol_a_rollv2_cv3,2,2027,V2H-local-zero,False,zero_eeg_control,eeg_plus_base_rank_0p25,base_session_rank,0.25,user_center_alpha_2p0,V1-profile-dynamic-gated_cross_attention,0.565068493150685,0.5633177008177008,0.565068493150685,0.562348885682219,584,30,26,0.5570595463564214,0.5545819920819921,0.5757965883488896,26
V2-N,V2M-two_stage_user_local_reranker-v1,protocol_a_rollv2_cv3,2,2027,V2H-local-zero,False,zero_eeg_control,eeg_plus_base_rank_0p50,base_session_rank,0.5,user_center_alpha_2p0,V1-profile-dynamic-gated_cross_attention,0.5702054794520548,0.5738335738335738,0.5702054794520548,0.5674811608144942,584,30,26,0.5654401154401155,0.5638622951122951,0.5784429424596789,26
V2-N,V2M-two_stage_user_local_reranker-v1,protocol_a_rollv2_cv3,2,2027,V2H-local-shuffle,False,shuffle_eeg_control,eeg_only,eeg_score,0.0,user_center_alpha_2p0,V1-profile-dynamic-gated_cross_attention,0.6164383561643836,0.6296141358641358,0.6164383561643836,0.6319751082251082,584,30,26,0.6074147727272727,0.6029717504717503,0.6441726567249579,26
V2-N,V2M-two_stage_user_local_reranker-v1,protocol_a_rollv2_cv3,2,2027,V2H-local-shuffle,False,shuffle_eeg_control,base_only,base_logit,1.0,user_center_alpha_2p0,V1-profile-dynamic-gated_cross_attention,0.6267123287671232,0.6368876493876494,0.6267123287671232,0.6421412538079204,584,30,26,0.6280566829004328,0.6281401468901469,0.6986732467904017,26
V2-N,V2M-two_stage_user_local_reranker-v1,protocol_a_rollv2_cv3,2,2027,V2H-local-shuffle,False,shuffle_eeg_control,eeg_plus_base_0p05,base_logit,0.05,user_center_alpha_2p0,V1-profile-dynamic-gated_cross_attention,0.6198630136986302,0.637754144004144,0.6198630136986302,0.6371779300945968,584,30,26,0.615027619949495,0.6107530895030894,0.6451382183599756,26
V2-N,V2M-two_stage_user_local_reranker-v1,protocol_a_rollv2_cv3,2,2027,V2H-local-shuffle,False,shuffle_eeg_control,eeg_plus_base_0p10,base_logit,0.1,user_center_alpha_2p0,V1-profile-dynamic-gated_cross_attention,0.6301369863013698,0.6478502978502979,0.6301369863013698,0.647039041205708,584,30,26,0.6263012941919193,0.6214757002257001,0.6462825877051819,26
V2-N,V2M-two_stage_user_local_reranker-v1,protocol_a_rollv2_cv3,2,2027,V2H-local-shuffle,False,shuffle_eeg_control,eeg_plus_base_0p25,base_logit,0.25,user_center_alpha_2p0,V1-profile-dynamic-gated_cross_attention,0.6301369863013698,0.6446386946386945,0.6301369863013698,0.6437265512265513,584,30,26,0.6260022095959596,0.6225133200133199,0.6486070879376319,26
V2-N,V2M-two_stage_user_local_reranker-v1,protocol_a_rollv2_cv3,2,2027,V2H-local-shuffle,False,shuffle_eeg_control,eeg_plus_base_0p50,base_logit,0.5,user_center_alpha_2p0,V1-profile-dynamic-gated_cross_attention,0.6284246575342466,0.6503443315943317,0.6284246575342466,0.6511714365881033,584,30,26,0.6332320977633478,0.6314132626632627,0.6516110574687981,26
V2-N,V2M-two_stage_user_local_reranker-v1,protocol_a_rollv2_cv3,2,2027,V2H-local-shuffle,False,shuffle_eeg_control,eeg_plus_base_rank_0p25,base_session_rank,0.25,user_center_alpha_2p0,V1-profile-dynamic-gated_cross_attention,0.6301369863013698,0.6472384097384098,0.6301369863013698,0.6490087381754049,584,30,26,0.6271022727272727,0.6224663762163762,0.6457461645746164,26
V2-N,V2M-two_stage_user_local_reranker-v1,protocol_a_rollv2_cv3,2,2027,V2H-local-shuffle,False,shuffle_eeg_control,eeg_plus_base_rank_0p50,base_session_rank,0.5,user_center_alpha_2p0,V1-profile-dynamic-gated_cross_attention,0.6352739726027398,0.6572469197469198,0.6352739726027398,0.6571536796536798,584,30,26,0.6346172664141414,0.6314439726939726,0.6471766262561242,26
V2-N,V2M-two_stage_user_local_reranker-v1,protocol_a_rollv2_cv3,2,2027,V2H-local-real,True,real_eeg,eeg_only,eeg_score,0.0,user_center_alpha_2p0,V1-profile-dynamic-gated_cross_attention,0.6386986301369864,0.6235093610093612,0.6386986301369864,0.6144620811287478,584,30,26,0.6050869182900434,0.6018482443482444,0.6036190680542144,26
V2-N,V2M-two_stage_user_local_reranker-v1,protocol_a_rollv2_cv3,2,2027,V2H-local-real,True,real_eeg,base_only,base_logit,1.0,user_center_alpha_2p0,V1-profile-dynamic-gated_cross_attention,0.6267123287671232,0.6368876493876494,0.6267123287671232,0.6421412538079204,584,30,26,0.6280566829004328,0.6281401468901469,0.6986732467904017,26
V2-N,V2M-two_stage_user_local_reranker-v1,protocol_a_rollv2_cv3,2,2027,V2H-local-real,True,real_eeg,eeg_plus_base_0p05,base_logit,0.05,user_center_alpha_2p0,V1-profile-dynamic-gated_cross_attention,0.636986301369863,0.6200371387871388,0.636986301369863,0.6096009700176366,584,30,26,0.6041196563852814,0.6006272431272431,0.6040124450166291,26
V2-N,V2M-two_stage_user_local_reranker-v1,protocol_a_rollv2_cv3,2,2027,V2H-local-real,True,real_eeg,eeg_plus_base_0p10,base_logit,0.1,user_center_alpha_2p0,V1-profile-dynamic-gated_cross_attention,0.636986301369863,0.6199862637362639,0.636986301369863,0.6095568783068784,584,30,26,0.6038592397186148,0.6002711177711177,0.6046203912312699,26
V2-N,V2M-two_stage_user_local_reranker-v1,protocol_a_rollv2_cv3,2,2027,V2H-local-real,True,real_eeg,eeg_plus_base_0p25,base_logit,0.25,user_center_alpha_2p0,V1-profile-dynamic-gated_cross_attention,0.6267123287671232,0.6086258648758649,0.6267123287671232,0.5915365961199295,584,30,26,0.5943253968253969,0.5913894901394902,0.6063011837070414,26
V2-N,V2M-two_stage_user_local_reranker-v1,protocol_a_rollv2_cv3,2,2027,V2H-local-real,True,real_eeg,eeg_plus_base_0p50,base_logit,0.5,user_center_alpha_2p0,V1-profile-dynamic-gated_cross_attention,0.625,0.608180708180708,0.625,0.5969708994708997,584,30,26,0.593609871031746,0.5913258963258963,0.6101991917891499,26
V2-N,V2M-two_stage_user_local_reranker-v1,protocol_a_rollv2_cv3,2,2027,V2H-local-real,True,real_eeg,eeg_plus_base_rank_0p25,base_session_rank,0.25,user_center_alpha_2p0,V1-profile-dynamic-gated_cross_attention,0.6335616438356164,0.6184371184371185,0.6335616438356164,0.6177513227513228,584,30,26,0.6044532377344878,0.6009045121545121,0.6046203912312699,26
V2-N,V2M-two_stage_user_local_reranker-v1,protocol_a_rollv2_cv3,2,2027,V2H-local-real,True,real_eeg,eeg_plus_base_rank_0p50,base_session_rank,0.5,user_center_alpha_2p0,V1-profile-dynamic-gated_cross_attention,0.636986301369863,0.6250254375254374,0.636986301369863,0.6234611992945328,584,30,26,0.6078015647546897,0.6049287286787286,0.6059793298287022,26
V2-N,V2M-two_stage_user_local_reranker-v1,protocol_a_rollv2_cv3,3,2027,V2H-local-H2_E0,False,H2_E0_non_eeg,eeg_only,eeg_score,0.0,user_center_alpha_2p0,V1-profile-dynamic-gated_cross_attention,0.551779935275081,0.5768390678546123,0.551779935275081,0.573766316355602,618,28,24,0.5697918534456996,0.5785452703161037,0.6423130447520691,24
V2-N,V2M-two_stage_user_local_reranker-v1,protocol_a_rollv2_cv3,3,2027,V2H-local-H2_E0,False,H2_E0_non_eeg,base_only,base_logit,1.0,user_center_alpha_2p0,V1-profile-dynamic-gated_cross_attention,0.6197411003236246,0.6542003134917866,0.6197411003236246,0.6064140257890258,618,28,24,0.6361369787943215,0.650612990404657,0.7162162162162162,24
V2-N,V2M-two_stage_user_local_reranker-v1,protocol_a_rollv2_cv3,3,2027,V2H-local-H2_E0,False,H2_E0_non_eeg,eeg_plus_base_0p05,base_logit,0.05,user_center_alpha_2p0,V1-profile-dynamic-gated_cross_attention,0.5598705501618123,0.597959648662693,0.5598705501618123,0.5918696713339571,618,28,24,0.5804146902049,0.5991102955686289,0.6450596938401817,24
V2-N,V2M-two_stage_user_local_reranker-v1,protocol_a_rollv2_cv3,3,2027,V2H-local-H2_E0,False,H2_E0_non_eeg,eeg_plus_base_0p10,base_logit,0.1,user_center_alpha_2p0,V1-profile-dynamic-gated_cross_attention,0.5614886731391586,0.6011725931256374,0.5614886731391586,0.5946236237307666,618,28,24,0.5831868306518656,0.601584152729986,0.647513367025562,24
V2-N,V2M-two_stage_user_local_reranker-v1,protocol_a_rollv2_cv3,3,2027,V2H-local-H2_E0,False,H2_E0_non_eeg,eeg_plus_base_0p25,base_logit,0.25,user_center_alpha_2p0,V1-profile-dynamic-gated_cross_attention,0.5663430420711975,0.6084124630517497,0.5663430420711975,0.6017539933611362,618,28,24,0.5892057243455845,0.6070562462229129,0.6550208745330697,24
V2-N,V2M-two_stage_user_local_reranker-v1,protocol_a_rollv2_cv3,3,2027,V2H-local-H2_E0,False,H2_E0_non_eeg,eeg_plus_base_0p50,base_logit,0.5,user_center_alpha_2p0,V1-profile-dynamic-gated_cross_attention,0.580906148867314,0.6246911226637426,0.580906148867314,0.615707130171416,618,28,24,0.6049663526062128,0.6240569075985742,0.6654215190800556,24
V2-N,V2M-two_stage_user_local_reranker-v1,protocol_a_rollv2_cv3,3,2027,V2H-local-H2_E0,False,H2_E0_non_eeg,eeg_plus_base_rank_0p25,base_session_rank,0.25,user_center_alpha_2p0,V1-profile-dynamic-gated_cross_attention,0.5728155339805825,0.6147410014115381,0.5728155339805825,0.6073378935878936,618,28,24,0.5941285792684393,0.6119834949001616,0.6454259137185966,24
V2-N,V2M-two_stage_user_local_reranker-v1,protocol_a_rollv2_cv3,3,2027,V2H-local-H2_E0,False,H2_E0_non_eeg,eeg_plus_base_rank_0p50,base_session_rank,0.5,user_center_alpha_2p0,V1-profile-dynamic-gated_cross_attention,0.5663430420711975,0.606425884916597,0.5663430420711975,0.5921342843664272,618,28,24,0.5852707704106306,0.6028471412846413,0.6475866110012451,24
V2-N,V2M-two_stage_user_local_reranker-v1,protocol_a_rollv2_cv3,3,2027,V2H-local-zero,False,zero_eeg_control,eeg_only,eeg_score,0.0,user_center_alpha_2p0,V1-profile-dynamic-gated_cross_attention,0.5663430420711975,0.5907997789725086,0.5663430420711975,0.5772986306022021,618,28,24,0.5700384890944332,0.5882483141858142,0.5856588295612686,24
V2-N,V2M-two_stage_user_local_reranker-v1,protocol_a_rollv2_cv3,3,2027,V2H-local-zero,False,zero_eeg_control,base_only,base_logit,1.0,user_center_alpha_2p0,V1-profile-dynamic-gated_cross_attention,0.6197411003236246,0.6542003134917866,0.6197411003236246,0.6064140257890258,618,28,24,0.6361369787943215,0.650612990404657,0.7162162162162162,24
V2-N,V2M-two_stage_user_local_reranker-v1,protocol_a_rollv2_cv3,3,2027,V2H-local-zero,False,zero_eeg_control,eeg_plus_base_0p05,base_logit,0.05,user_center_alpha_2p0,V1-profile-dynamic-gated_cross_attention,0.56957928802589,0.5974859899350353,0.56957928802589,0.5832385240420955,618,28,24,0.5744312311620003,0.592483084045584,0.587819526843917,24
V2-N,V2M-two_stage_user_local_reranker-v1,protocol_a_rollv2_cv3,3,2027,V2H-local-zero,False,zero_eeg_control,eeg_plus_base_0p10,base_logit,0.1,user_center_alpha_2p0,V1-profile-dynamic-gated_cross_attention,0.5711974110032363,0.5983511143939099,0.5711974110032363,0.5833954504490219,618,28,24,0.5758618712290041,0.5937552301093968,0.5897971141873581,24
V2-N,V2M-two_stage_user_local_reranker-v1,protocol_a_rollv2_cv3,3,2027,V2H-local-zero,False,zero_eeg_control,eeg_plus_base_0p25,base_logit,0.25,user_center_alpha_2p0,V1-profile-dynamic-gated_cross_attention,0.5760517799352751,0.6058573911492514,0.5760517799352751,0.5854764217264218,618,28,24,0.5854231432902761,0.6039431710265043,0.5977440855489635,24
V2-N,V2M-two_stage_user_local_reranker-v1,protocol_a_rollv2_cv3,3,2027,V2H-local-zero,False,zero_eeg_control,eeg_plus_base_0p50,base_logit,0.5,user_center_alpha_2p0,V1-profile-dynamic-gated_cross_attention,0.598705501618123,0.6287363430689347,0.598705501618123,0.601052849267135,618,28,24,0.6034066749101714,0.6224375393125393,0.6111111111111112,24
V2-N,V2M-two_stage_user_local_reranker-v1,protocol_a_rollv2_cv3,3,2027,V2H-local-zero,False,zero_eeg_control,eeg_plus_base_rank_0p25,base_session_rank,0.25,user_center_alpha_2p0,V1-profile-dynamic-gated_cross_attention,0.5760517799352751,0.6035381637506896,0.5760517799352751,0.5790861156039728,618,28,24,0.5816741145412474,0.599590768028268,0.5867208672086721,24
V2-N,V2M-two_stage_user_local_reranker-v1,protocol_a_rollv2_cv3,3,2027,V2H-local-zero,False,zero_eeg_control,eeg_plus_base_rank_0p50,base_session_rank,0.5,user_center_alpha_2p0,V1-profile-dynamic-gated_cross_attention,0.5970873786407767,0.6282195473192957,0.5970873786407767,0.5997345313416742,618,28,24,0.6021063726483307,0.6205941666358332,0.5895407602724676,24
V2-N,V2M-two_stage_user_local_reranker-v1,protocol_a_rollv2_cv3,3,2027,V2H-local-shuffle,False,shuffle_eeg_control,eeg_only,eeg_score,0.0,user_center_alpha_2p0,V1-profile-dynamic-gated_cross_attention,0.6472491909385113,0.6536947806605636,0.6472491909385113,0.676905759584331,618,28,24,0.6329298615137775,0.6422608641358641,0.5684831172636051,24
V2-N,V2M-two_stage_user_local_reranker-v1,protocol_a_rollv2_cv3,3,2027,V2H-local-shuffle,False,shuffle_eeg_control,base_only,base_logit,1.0,user_center_alpha_2p0,V1-profile-dynamic-gated_cross_attention,0.6197411003236246,0.6542003134917866,0.6197411003236246,0.6064140257890258,618,28,24,0.6361369787943215,0.650612990404657,0.7162162162162162,24
V2-N,V2M-two_stage_user_local_reranker-v1,protocol_a_rollv2_cv3,3,2027,V2H-local-shuffle,False,shuffle_eeg_control,eeg_plus_base_0p05,base_logit,0.05,user_center_alpha_2p0,V1-profile-dynamic-gated_cross_attention,0.6472491909385113,0.6549447806605636,0.6472491909385113,0.6779771881557596,618,28,24,0.6339399625238785,0.6435108641358641,0.5691056910569106,24
V2-N,V2M-two_stage_user_local_reranker-v1,protocol_a_rollv2_cv3,3,2027,V2H-local-shuffle,False,shuffle_eeg_control,eeg_plus_base_0p10,base_logit,0.1,user_center_alpha_2p0,V1-profile-dynamic-gated_cross_attention,0.6456310679611651,0.6563696058353888,0.6456310679611651,0.6791984668770382,618,28,24,0.6343281233141372,0.6438940226440226,0.5694719109353256,24
V2-N,V2M-two_stage_user_local_reranker-v1,protocol_a_rollv2_cv3,3,2027,V2H-local-shuffle,False,shuffle_eeg_control,eeg_plus_base_0p25,base_logit,0.25,user_center_alpha_2p0,V1-profile-dynamic-gated_cross_attention,0.6488673139158576,0.6612269591302421,0.6488673139158576,0.6821926948712662,618,28,24,0.6374473525697302,0.6483077030993698,0.5719622061085475,24
V2-N,V2M-two_stage_user_local_reranker-v1,protocol_a_rollv2_cv3,3,2027,V2H-local-shuffle,False,shuffle_eeg_control,eeg_plus_base_0p50,base_logit,0.5,user_center_alpha_2p0,V1-profile-dynamic-gated_cross_attention,0.6504854368932039,0.678722459523382,0.6504854368932039,0.6923556767306768,618,28,24,0.6431721832945608,0.6650311378436379,0.574782099172343,24
V2-N,V2M-two_stage_user_local_reranker-v1,protocol_a_rollv2_cv3,3,2027,V2H-local-shuffle,False,shuffle_eeg_control,eeg_plus_base_rank_0p25,base_session_rank,0.25,user_center_alpha_2p0,V1-profile-dynamic-gated_cross_attention,0.6407766990291263,0.6539261273475024,0.6407766990291263,0.6771590677840676,618,28,24,0.6304042693902834,0.640583286312453,0.5687394711784955,24
V2-N,V2M-two_stage_user_local_reranker-v1,protocol_a_rollv2_cv3,3,2027,V2H-local-shuffle,False,shuffle_eeg_control,eeg_plus_base_rank_0p50,base_session_rank,0.5,user_center_alpha_2p0,V1-profile-dynamic-gated_cross_attention,0.6440129449838188,0.6571422835933607,0.6440129449838188,0.6516144635787492,618,28,24,0.6375694526918303,0.6491388318471651,0.5696183988866916,24
V2-N,V2M-two_stage_user_local_reranker-v1,protocol_a_rollv2_cv3,3,2027,V2H-local-real,True,real_eeg,eeg_only,eeg_score,0.0,user_center_alpha_2p0,V1-profile-dynamic-gated_cross_attention,0.6359223300970874,0.6471794854731517,0.6359223300970874,0.6328564160707019,618,28,24,0.6521389934851474,0.6566173178673179,0.5633926609536366,24
V2-N,V2M-two_stage_user_local_reranker-v1,protocol_a_rollv2_cv3,3,2027,V2H-local-real,True,real_eeg,base_only,base_logit,1.0,user_center_alpha_2p0,V1-profile-dynamic-gated_cross_attention,0.6197411003236246,0.6542003134917866,0.6197411003236246,0.6064140257890258,618,28,24,0.6361369787943215,0.650612990404657,0.7162162162162162,24
V2-N,V2M-two_stage_user_local_reranker-v1,protocol_a_rollv2_cv3,3,2027,V2H-local-real,True,real_eeg,eeg_plus_base_0p05,base_logit,0.05,user_center_alpha_2p0,V1-profile-dynamic-gated_cross_attention,0.6407766990291263,0.6645736653673315,0.6407766990291263,0.6477657131228559,618,28,24,0.6610592399053937,0.6753507834757834,0.5646744305280891,24
V2-N,V2M-two_stage_user_local_reranker-v1,protocol_a_rollv2_cv3,3,2027,V2H-local-real,True,real_eeg,eeg_plus_base_0p10,base_logit,0.1,user_center_alpha_2p0,V1-profile-dynamic-gated_cross_attention,0.6423948220064725,0.6669676657025084,0.6423948220064725,0.6506930635502065,618,28,24,0.6590378638455562,0.6745695970695972,0.5655167362484435,24
V2-N,V2M-two_stage_user_local_reranker-v1,protocol_a_rollv2_cv3,3,2027,V2H-local-real,True,real_eeg,eeg_plus_base_0p25,base_logit,0.25,user_center_alpha_2p0,V1-profile-dynamic-gated_cross_attention,0.6456310679611651,0.6717148648767909,0.6456310679611651,0.6549215301893874,618,28,24,0.6650483937197224,0.6806690338982007,0.5683000073243976,24
V2-N,V2M-two_stage_user_local_reranker-v1,protocol_a_rollv2_cv3,3,2027,V2H-local-real,True,real_eeg,eeg_plus_base_0p50,base_logit,0.5,user_center_alpha_2p0,V1-profile-dynamic-gated_cross_attention,0.6488673139158576,0.6756781585275845,0.6488673139158576,0.6586375165839451,618,28,24,0.6698616360329647,0.6849106564731565,0.5733172196586831,24
V2-N,V2M-two_stage_user_local_reranker-v1,protocol_a_rollv2_cv3,3,2027,V2H-local-real,True,real_eeg,eeg_plus_base_rank_0p25,base_session_rank,0.25,user_center_alpha_2p0,V1-profile-dynamic-gated_cross_attention,0.6456310679611651,0.6721116266798027,0.6456310679611651,0.6474491117348261,618,28,24,0.6638660290758193,0.6785704804454804,0.5646011865524061,24
V2-N,V2M-two_stage_user_local_reranker-v1,protocol_a_rollv2_cv3,3,2027,V2H-local-real,True,real_eeg,eeg_plus_base_rank_0p50,base_session_rank,0.5,user_center_alpha_2p0,V1-profile-dynamic-gated_cross_attention,0.6553398058252428,0.6834088132894892,0.6553398058252428,0.6658484009376868,618,28,24,0.672212063383392,0.6875914324872658,0.565626602211968,24
V2-N,V2M-two_stage_user_local_reranker-v1,protocol_a_rollv2_cv3,1,2028,V2H-local-H2_E0,False,H2_E0_non_eeg,eeg_only,eeg_score,0.0,user_center_alpha_2p0,V1-profile-dynamic-gated_cross_attention,0.6404682274247492,0.6584692952550096,0.6404682274247492,0.6745104789390504,598,35,28,0.6202788008011889,0.6194836330997047,0.6318292259632072,28
V2-N,V2M-two_stage_user_local_reranker-v1,protocol_a_rollv2_cv3,1,2028,V2H-local-H2_E0,False,H2_E0_non_eeg,base_only,base_logit,1.0,user_center_alpha_2p0,V1-profile-dynamic-gated_cross_attention,0.6053511705685619,0.6028384214991357,0.6053511705685619,0.5733238507524222,598,35,28,0.6038363377915618,0.5971337095444238,0.6173203748698368,28
V2-N,V2M-two_stage_user_local_reranker-v1,protocol_a_rollv2_cv3,1,2028,V2H-local-H2_E0,False,H2_E0_non_eeg,eeg_plus_base_0p05,base_logit,0.05,user_center_alpha_2p0,V1-profile-dynamic-gated_cross_attention,0.6421404682274248,0.6577913852020997,0.6421404682274248,0.6614681508967223,598,35,28,0.6209587344661971,0.6199217944753661,0.632488719194724,28
V2-N,V2M-two_stage_user_local_reranker-v1,protocol_a_rollv2_cv3,1,2028,V2H-local-H2_E0,False,H2_E0_non_eeg,eeg_plus_base_0p10,base_logit,0.1,user_center_alpha_2p0,V1-profile-dynamic-gated_cross_attention,0.6438127090301003,0.6584716573109431,0.6438127090301003,0.6620123685837971,598,35,28,0.6217334324050742,0.6206020665842095,0.6330440819160014,28
V2-N,V2M-two_stage_user_local_reranker-v1,protocol_a_rollv2_cv3,1,2028,V2H-local-H2_E0,False,H2_E0_non_eeg,eeg_plus_base_0p25,base_logit,0.25,user_center_alpha_2p0,V1-profile-dynamic-gated_cross_attention,0.6471571906354515,0.664387533762534,0.6471571906354515,0.6667450697450698,598,35,28,0.6246747862419504,0.6232129543736686,0.6342589378687956,28
V2-N,V2M-two_stage_user_local_reranker-v1,protocol_a_rollv2_cv3,1,2028,V2H-local-H2_E0,False,H2_E0_non_eeg,eeg_plus_base_0p50,base_logit,0.5,user_center_alpha_2p0,V1-profile-dynamic-gated_cross_attention,0.6454849498327759,0.6647446766196766,0.6454849498327759,0.667030784030784,598,35,28,0.6260796666020547,0.6247889180924895,0.6369316209649427,28
V2-N,V2M-two_stage_user_local_reranker-v1,protocol_a_rollv2_cv3,1,2028,V2H-local-H2_E0,False,H2_E0_non_eeg,eeg_plus_base_rank_0p25,base_session_rank,0.25,user_center_alpha_2p0,V1-profile-dynamic-gated_cross_attention,0.6438127090301003,0.6584776698169558,0.6438127090301003,0.6620171785886071,598,35,28,0.6238762895479314,0.6228676647426648,0.6338424158278376,28
V2-N,V2M-two_stage_user_local_reranker-v1,protocol_a_rollv2_cv3,1,2028,V2H-local-H2_E0,False,H2_E0_non_eeg,eeg_plus_base_rank_0p50,base_session_rank,0.5,user_center_alpha_2p0,V1-profile-dynamic-gated_cross_attention,0.637123745819398,0.6530354929462073,0.637123745819398,0.6497269291555005,598,35,28,0.6189840839094571,0.6193670978492408,0.6354390836515099,28
V2-N,V2M-two_stage_user_local_reranker-v1,protocol_a_rollv2_cv3,1,2028,V2H-local-zero,False,zero_eeg_control,eeg_only,eeg_score,0.0,user_center_alpha_2p0,V1-profile-dynamic-gated_cross_attention,0.6555183946488294,0.6693733812483812,0.6555183946488294,0.6683222703222702,598,35,28,0.6328600503973638,0.635147091664949,0.6380423464074974,28
V2-N,V2M-two_stage_user_local_reranker-v1,protocol_a_rollv2_cv3,1,2028,V2H-local-zero,False,zero_eeg_control,base_only,base_logit,1.0,user_center_alpha_2p0,V1-profile-dynamic-gated_cross_attention,0.6053511705685619,0.6028384214991357,0.6053511705685619,0.5733238507524222,598,35,28,0.6038363377915618,0.5971337095444238,0.6173203748698368,28
V2-N,V2M-two_stage_user_local_reranker-v1,protocol_a_rollv2_cv3,1,2028,V2H-local-zero,False,zero_eeg_control,eeg_plus_base_0p05,base_logit,0.05,user_center_alpha_2p0,V1-profile-dynamic-gated_cross_attention,0.6538461538461539,0.67024025577597,0.6538461538461539,0.6684205318491032,598,35,28,0.6342293941547674,0.6364037054215627,0.6382158972578965,28
V2-N,V2M-two_stage_user_local_reranker-v1,protocol_a_rollv2_cv3,1,2028,V2H-local-zero,False,zero_eeg_control,eeg_plus_base_0p10,base_logit,0.1,user_center_alpha_2p0,V1-profile-dynamic-gated_cross_attention,0.6521739130434783,0.6677481050695336,0.6521739130434783,0.665450010307153,598,35,28,0.6332082014171566,0.6355765563801279,0.638146476917737,28
V2-N,V2M-two_stage_user_local_reranker-v1,protocol_a_rollv2_cv3,1,2028,V2H-local-zero,False,zero_eeg_control,eeg_plus_base_0p25,base_logit,0.25,user_center_alpha_2p0,V1-profile-dynamic-gated_cross_attention,0.6538461538461539,0.6619733507233506,0.6538461538461539,0.6608302068302068,598,35,28,0.6325365596261119,0.6341101920566208,0.6390489413398126,28
V2-N,V2M-two_stage_user_local_reranker-v1,protocol_a_rollv2_cv3,1,2028,V2H-local-zero,False,zero_eeg_control,eeg_plus_base_0p50,base_logit,0.5,user_center_alpha_2p0,V1-profile-dynamic-gated_cross_attention,0.6471571906354515,0.6586995411995412,0.6471571906354515,0.6594016354016354,598,35,28,0.6233539014882299,0.6241612124647838,0.6402985074626866,28
V2-N,V2M-two_stage_user_local_reranker-v1,protocol_a_rollv2_cv3,1,2028,V2H-local-zero,False,zero_eeg_control,eeg_plus_base_rank_0p25,base_session_rank,0.25,user_center_alpha_2p0,V1-profile-dynamic-gated_cross_attention,0.6521739130434783,0.6592534978249265,0.6521739130434783,0.6517251425822854,598,35,28,0.6320709224440567,0.6341749553356697,0.6387018396390143,28
V2-N,V2M-two_stage_user_local_reranker-v1,protocol_a_rollv2_cv3,1,2028,V2H-local-zero,False,zero_eeg_control,eeg_plus_base_rank_0p50,base_session_rank,0.5,user_center_alpha_2p0,V1-profile-dynamic-gated_cross_attention,0.6488294314381271,0.6553570503570504,0.6488294314381271,0.6486079846079846,598,35,28,0.6296994464904913,0.6315398457362743,0.6392919125303714,28
V2-N,V2M-two_stage_user_local_reranker-v1,protocol_a_rollv2_cv3,1,2028,V2H-local-shuffle,False,shuffle_eeg_control,eeg_only,eeg_score,0.0,user_center_alpha_2p0,V1-profile-dynamic-gated_cross_attention,0.6421404682274248,0.6595483022268737,0.6421404682274248,0.6905245653817081,598,35,28,0.6351250242295019,0.630419479660551,0.5872613675807012,28
V2-N,V2M-two_stage_user_local_reranker-v1,protocol_a_rollv2_cv3,1,2028,V2H-local-shuffle,False,shuffle_eeg_control,base_only,base_logit,1.0,user_center_alpha_2p0,V1-profile-dynamic-gated_cross_attention,0.6053511705685619,0.6028384214991357,0.6053511705685619,0.5733238507524222,598,35,28,0.6038363377915618,0.5971337095444238,0.6173203748698368,28
V2-N,V2M-two_stage_user_local_reranker-v1,protocol_a_rollv2_cv3,1,2028,V2H-local-shuffle,False,shuffle_eeg_control,eeg_plus_base_0p05,base_logit,0.05,user_center_alpha_2p0,V1-profile-dynamic-gated_cross_attention,0.6387959866220736,0.6541911593697307,0.6387959866220736,0.6826674225245654,598,35,28,0.6329608451250242,0.6280980510891225,0.5879555709822979,28
V2-N,V2M-two_stage_user_local_reranker-v1,protocol_a_rollv2_cv3,1,2028,V2H-local-shuffle,False,shuffle_eeg_control,eeg_plus_base_0p10,base_logit,0.1,user_center_alpha_2p0,V1-profile-dynamic-gated_cross_attention,0.6404682274247492,0.6559740391883249,0.6404682274247492,0.6840937263794407,598,35,28,0.6345078718959316,0.6298809309077166,0.5885456438736549,28
V2-N,V2M-two_stage_user_local_reranker-v1,protocol_a_rollv2_cv3,1,2028,V2H-local-shuffle,False,shuffle_eeg_control,eeg_plus_base_0p25,base_logit,0.25,user_center_alpha_2p0,V1-profile-dynamic-gated_cross_attention,0.6471571906354515,0.661050097389383,0.6471571906354515,0.6885513983371127,598,35,28,0.6346831858025888,0.6285893587232873,0.5903852828878862,28
V2-N,V2M-two_stage_user_local_reranker-v1,protocol_a_rollv2_cv3,1,2028,V2H-local-shuffle,False,shuffle_eeg_control,eeg_plus_base_0p50,base_logit,0.5,user_center_alpha_2p0,V1-profile-dynamic-gated_cross_attention,0.6404682274247492,0.6564204677597534,0.6404682274247492,0.6781980347694634,598,35,28,0.627983351640068,0.6211670703634989,0.5936480388753904,28
V2-N,V2M-two_stage_user_local_reranker-v1,protocol_a_rollv2_cv3,1,2028,V2H-local-shuffle,False,shuffle_eeg_control,eeg_plus_base_rank_0p25,base_session_rank,0.25,user_center_alpha_2p0,V1-profile-dynamic-gated_cross_attention,0.6521739130434783,0.6679378524914238,0.6521739130434783,0.694855253212396,598,35,28,0.6431681419741121,0.6383229188139902,0.5884415133634154,28
V2-N,V2M-two_stage_user_local_reranker-v1,protocol_a_rollv2_cv3,1,2028,V2H-local-shuffle,False,shuffle_eeg_control,eeg_plus_base_rank_0p50,base_session_rank,0.5,user_center_alpha_2p0,V1-profile-dynamic-gated_cross_attention,0.637123745819398,0.6491713180998895,0.637123745819398,0.6721436130007559,598,35,28,0.6279584760181774,0.6217516792070363,0.5884068031933357,28
V2-N,V2M-two_stage_user_local_reranker-v1,protocol_a_rollv2_cv3,1,2028,V2H-local-real,True,real_eeg,eeg_only,eeg_score,0.0,user_center_alpha_2p0,V1-profile-dynamic-gated_cross_attention,0.725752508361204,0.746137308458737,0.725752508361204,0.7695288943860373,598,35,28,0.7242681613577137,0.7235508572115714,0.5783061437001041,28
V2-N,V2M-two_stage_user_local_reranker-v1,protocol_a_rollv2_cv3,1,2028,V2H-local-real,True,real_eeg,base_only,base_logit,1.0,user_center_alpha_2p0,V1-profile-dynamic-gated_cross_attention,0.6053511705685619,0.6028384214991357,0.6053511705685619,0.5733238507524222,598,35,28,0.6038363377915618,0.5971337095444238,0.6173203748698368,28
V2-N,V2M-two_stage_user_local_reranker-v1,protocol_a_rollv2_cv3,1,2028,V2H-local-real,True,real_eeg,eeg_plus_base_0p05,base_logit,0.05,user_center_alpha_2p0,V1-profile-dynamic-gated_cross_attention,0.725752508361204,0.746160929018072,0.725752508361204,0.7695477908335051,598,35,28,0.7252217268635179,0.7244248179069608,0.578965636931621,28
V2-N,V2M-two_stage_user_local_reranker-v1,protocol_a_rollv2_cv3,1,2028,V2H-local-real,True,real_eeg,eeg_plus_base_0p10,base_logit,0.1,user_center_alpha_2p0,V1-profile-dynamic-gated_cross_attention,0.725752508361204,0.7625299766371195,0.725752508361204,0.7826430289287433,598,35,28,0.7256777799315113,0.7249208496529924,0.5793474488024991,28
V2-N,V2M-two_stage_user_local_reranker-v1,protocol_a_rollv2_cv3,1,2028,V2H-local-real,True,real_eeg,eeg_plus_base_0p25,base_logit,0.25,user_center_alpha_2p0,V1-profile-dynamic-gated_cross_attention,0.7274247491638796,0.765208548065691,0.7274247491638796,0.7847858860716003,598,35,28,0.726754538993345,0.7260688088366659,0.5816036098576883,28
V2-N,V2M-two_stage_user_local_reranker-v1,protocol_a_rollv2_cv3,1,2028,V2H-local-real,True,real_eeg,eeg_plus_base_0p50,base_logit,0.5,user_center_alpha_2p0,V1-profile-dynamic-gated_cross_attention,0.7307692307692307,0.7678275956847386,0.7307692307692307,0.7872779495636638,598,35,28,0.7227246882470763,0.7216194040747611,0.5834779590419993,28
V2-N,V2M-two_stage_user_local_reranker-v1,protocol_a_rollv2_cv3,1,2028,V2H-local-real,True,real_eeg,eeg_plus_base_rank_0p25,base_session_rank,0.25,user_center_alpha_2p0,V1-profile-dynamic-gated_cross_attention,0.7290969899665551,0.7666966433037862,0.7290969899665551,0.7859763622620766,598,35,28,0.7271987465271047,0.7267065639387067,0.5798333911836168,28
V2-N,V2M-two_stage_user_local_reranker-v1,protocol_a_rollv2_cv3,1,2028,V2H-local-real,True,real_eeg,eeg_plus_base_rank_0p50,base_session_rank,0.5,user_center_alpha_2p0,V1-profile-dynamic-gated_cross_attention,0.725752508361204,0.7662478526764241,0.725752508361204,0.786807805950663,598,35,28,0.7268137666645129,0.7265553923589637,0.5807011454356127,28
V2-N,V2M-two_stage_user_local_reranker-v1,protocol_a_rollv2_cv3,2,2028,V2H-local-H2_E0,False,H2_E0_non_eeg,eeg_only,eeg_score,0.0,user_center_alpha_2p0,V1-profile-dynamic-gated_cross_attention,0.553082191780822,0.5494491619491619,0.553082191780822,0.5333321308321308,584,30,26,0.5457912833694083,0.5414405039405039,0.5862747201659335,26
V2-N,V2M-two_stage_user_local_reranker-v1,protocol_a_rollv2_cv3,2,2028,V2H-local-H2_E0,False,H2_E0_non_eeg,base_only,base_logit,1.0,user_center_alpha_2p0,V1-profile-dynamic-gated_cross_attention,0.6267123287671232,0.6368876493876494,0.6267123287671232,0.6421412538079204,584,30,26,0.6280566829004328,0.6281401468901469,0.6986732467904017,26
V2-N,V2M-two_stage_user_local_reranker-v1,protocol_a_rollv2_cv3,2,2028,V2H-local-H2_E0,False,H2_E0_non_eeg,eeg_plus_base_0p05,base_logit,0.05,user_center_alpha_2p0,V1-profile-dynamic-gated_cross_attention,0.5547945205479452,0.5512654012654012,0.5547945205479452,0.5351046176046176,584,30,26,0.5469023944805194,0.5426157176157176,0.5887422665665344,26
V2-N,V2M-two_stage_user_local_reranker-v1,protocol_a_rollv2_cv3,2,2028,V2H-local-H2_E0,False,H2_E0_non_eeg,eeg_plus_base_0p10,base_logit,0.1,user_center_alpha_2p0,V1-profile-dynamic-gated_cross_attention,0.5547945205479452,0.5513569763569763,0.5547945205479452,0.5351839826839826,584,30,26,0.5469333964646464,0.5426767676767678,0.590637628294532,26
V2-N,V2M-two_stage_user_local_reranker-v1,protocol_a_rollv2_cv3,2,2028,V2H-local-H2_E0,False,H2_E0_non_eeg,eeg_plus_base_0p25,base_logit,0.25,user_center_alpha_2p0,V1-profile-dynamic-gated_cross_attention,0.5667808219178082,0.56369671994672,0.5667808219178082,0.555799062049062,584,30,26,0.5572111742424243,0.5529331779331779,0.5964309981046383,26
V2-N,V2M-two_stage_user_local_reranker-v1,protocol_a_rollv2_cv3,2,2028,V2H-local-H2_E0,False,H2_E0_non_eeg,eeg_plus_base_0p50,base_logit,0.5,user_center_alpha_2p0,V1-profile-dynamic-gated_cross_attention,0.5856164383561644,0.587730093980094,0.5856164383561644,0.5860062930896265,584,30,26,0.577988704004329,0.575341094091094,0.6032614526338376,26
V2-N,V2M-two_stage_user_local_reranker-v1,protocol_a_rollv2_cv3,2,2028,V2H-local-H2_E0,False,H2_E0_non_eeg,eeg_plus_base_rank_0p25,base_session_rank,0.25,user_center_alpha_2p0,V1-profile-dynamic-gated_cross_attention,0.5702054794520548,0.568702824952825,0.5702054794520548,0.5700450937950937,584,30,26,0.5574666305916306,0.5541007603507604,0.5890641204448737,26
V2-N,V2M-two_stage_user_local_reranker-v1,protocol_a_rollv2_cv3,2,2028,V2H-local-H2_E0,False,H2_E0_non_eeg,eeg_plus_base_rank_0p50,base_session_rank,0.5,user_center_alpha_2p0,V1-profile-dynamic-gated_cross_attention,0.583904109589041,0.5875545750545751,0.583904109589041,0.5932615840949175,584,30,26,0.5760913825757575,0.5743719243719243,0.5921396130601152,26
V2-N,V2M-two_stage_user_local_reranker-v1,protocol_a_rollv2_cv3,2,2028,V2H-local-zero,False,zero_eeg_control,eeg_only,eeg_score,0.0,user_center_alpha_2p0,V1-profile-dynamic-gated_cross_attention,0.5547945205479452,0.5439673752173753,0.5547945205479452,0.5369278098444764,584,30,26,0.551042794011544,0.5440700503200503,0.5924257053964167,26
V2-N,V2M-two_stage_user_local_reranker-v1,protocol_a_rollv2_cv3,2,2028,V2H-local-zero,False,zero_eeg_control,base_only,base_logit,1.0,user_center_alpha_2p0,V1-profile-dynamic-gated_cross_attention,0.6267123287671232,0.6368876493876494,0.6267123287671232,0.6421412538079204,584,30,26,0.6280566829004328,0.6281401468901469,0.6986732467904017,26
V2-N,V2M-two_stage_user_local_reranker-v1,protocol_a_rollv2_cv3,2,2028,V2H-local-zero,False,zero_eeg_control,eeg_plus_base_0p05,base_logit,0.05,user_center_alpha_2p0,V1-profile-dynamic-gated_cross_attention,0.559931506849315,0.5530841843341844,0.559931506849315,0.5484401555234888,584,30,26,0.5565141369047619,0.5496008621008621,0.5943210671244143,26
V2-N,V2M-two_stage_user_local_reranker-v1,protocol_a_rollv2_cv3,2,2028,V2H-local-zero,False,zero_eeg_control,eeg_plus_base_0p10,base_logit,0.1,user_center_alpha_2p0,V1-profile-dynamic-gated_cross_attention,0.5547945205479452,0.5484952547452548,0.5547945205479452,0.5444630832130832,584,30,26,0.5520225694444444,0.5447066822066823,0.5958588134320353,26
V2-N,V2M-two_stage_user_local_reranker-v1,protocol_a_rollv2_cv3,2,2028,V2H-local-zero,False,zero_eeg_control,eeg_plus_base_0p25,base_logit,0.25,user_center_alpha_2p0,V1-profile-dynamic-gated_cross_attention,0.5684931506849316,0.5670315795315796,0.5684931506849316,0.5679353054353055,584,30,26,0.5689299242424242,0.5641899766899766,0.5996495368880307,26
V2-N,V2M-two_stage_user_local_reranker-v1,protocol_a_rollv2_cv3,2,2028,V2H-local-zero,False,zero_eeg_control,eeg_plus_base_0p50,base_logit,0.5,user_center_alpha_2p0,V1-profile-dynamic-gated_cross_attention,0.589041095890411,0.5835976523476524,0.589041095890411,0.5809036796536797,584,30,26,0.5836856286075036,0.5788794538794538,0.6063727067911169,26
V2-N,V2M-two_stage_user_local_reranker-v1,protocol_a_rollv2_cv3,2,2028,V2H-local-zero,False,zero_eeg_control,eeg_plus_base_rank_0p25,base_session_rank,0.25,user_center_alpha_2p0,V1-profile-dynamic-gated_cross_attention,0.5633561643835616,0.5624884374884375,0.5633561643835616,0.5639979156645823,584,30,26,0.5625621167027417,0.5574337699337699,0.5952508672173944,26
V2-N,V2M-two_stage_user_local_reranker-v1,protocol_a_rollv2_cv3,2,2028,V2H-local-zero,False,zero_eeg_control,eeg_plus_base_rank_0p50,base_session_rank,0.5,user_center_alpha_2p0,V1-profile-dynamic-gated_cross_attention,0.5873287671232876,0.5848861786361786,0.5873287671232876,0.5922717251883918,584,30,26,0.5832306322150071,0.5791911791911791,0.5972177520294675,26
V2-N,V2M-two_stage_user_local_reranker-v1,protocol_a_rollv2_cv3,2,2028,V2H-local-shuffle,False,shuffle_eeg_control,eeg_only,eeg_score,0.0,user_center_alpha_2p0,V1-profile-dynamic-gated_cross_attention,0.6404109589041096,0.648462185962186,0.6404109589041096,0.6391037357704026,584,30,26,0.6267774846681096,0.6221640396640397,0.6458892107427672,26
V2-N,V2M-two_stage_user_local_reranker-v1,protocol_a_rollv2_cv3,2,2028,V2H-local-shuffle,False,shuffle_eeg_control,base_only,base_logit,1.0,user_center_alpha_2p0,V1-profile-dynamic-gated_cross_attention,0.6267123287671232,0.6368876493876494,0.6267123287671232,0.6421412538079204,584,30,26,0.6280566829004328,0.6281401468901469,0.6986732467904017,26
V2-N,V2M-two_stage_user_local_reranker-v1,protocol_a_rollv2_cv3,2,2028,V2H-local-shuffle,False,shuffle_eeg_control,eeg_plus_base_0p05,base_logit,0.05,user_center_alpha_2p0,V1-profile-dynamic-gated_cross_attention,0.6404109589041096,0.648462185962186,0.6404109589041096,0.6391037357704026,584,30,26,0.6286240755772006,0.6239122914122915,0.646032256910918,26
V2-N,V2M-two_stage_user_local_reranker-v1,protocol_a_rollv2_cv3,2,2028,V2H-local-shuffle,False,shuffle_eeg_control,eeg_plus_base_0p10,base_logit,0.1,user_center_alpha_2p0,V1-profile-dynamic-gated_cross_attention,0.6386986301369864,0.6470376845376846,0.6386986301369864,0.6378691678691679,584,30,26,0.6272351866883116,0.6224877899877901,0.6466402031255589,26
V2-N,V2M-two_stage_user_local_reranker-v1,protocol_a_rollv2_cv3,2,2028,V2H-local-shuffle,False,shuffle_eeg_control,eeg_plus_base_0p25,base_logit,0.25,user_center_alpha_2p0,V1-profile-dynamic-gated_cross_attention,0.6404109589041096,0.6496348558848559,0.6404109589041096,0.6336385682219016,584,30,26,0.6309405438311688,0.6269164631664631,0.6488931802739335,26
V2-N,V2M-two_stage_user_local_reranker-v1,protocol_a_rollv2_cv3,2,2028,V2H-local-shuffle,False,shuffle_eeg_control,eeg_plus_base_0p50,base_logit,0.5,user_center_alpha_2p0,V1-profile-dynamic-gated_cross_attention,0.6404109589041096,0.6468570781070782,0.6404109589041096,0.630120049703383,584,30,26,0.633569512085137,0.6315860990860991,0.6517541036369487,26
V2-N,V2M-two_stage_user_local_reranker-v1,protocol_a_rollv2_cv3,2,2028,V2H-local-shuffle,False,shuffle_eeg_control,eeg_plus_base_rank_0p25,base_session_rank,0.25,user_center_alpha_2p0,V1-profile-dynamic-gated_cross_attention,0.636986301369863,0.6459718522218523,0.636986301369863,0.6304639650472984,584,30,26,0.627539006132756,0.623146621896622,0.6466402031255588,26
V2-N,V2M-two_stage_user_local_reranker-v1,protocol_a_rollv2_cv3,2,2028,V2H-local-shuffle,False,shuffle_eeg_control,eeg_plus_base_rank_0p50,base_session_rank,0.5,user_center_alpha_2p0,V1-profile-dynamic-gated_cross_attention,0.6335616438356164,0.6417136104636106,0.6335616438356164,0.6281623777457112,584,30,26,0.6254481195887445,0.6216571391571393,0.647999141722991,26
V2-N,V2M-two_stage_user_local_reranker-v1,protocol_a_rollv2_cv3,2,2028,V2H-local-real,True,real_eeg,eeg_only,eeg_score,0.0,user_center_alpha_2p0,V1-profile-dynamic-gated_cross_attention,0.660958904109589,0.6519307081807082,0.660958904109589,0.6451785714285715,584,30,26,0.630915404040404,0.6295780608280608,0.5925329900225298,26
V2-N,V2M-two_stage_user_local_reranker-v1,protocol_a_rollv2_cv3,2,2028,V2H-local-real,True,real_eeg,base_only,base_logit,1.0,user_center_alpha_2p0,V1-profile-dynamic-gated_cross_attention,0.6267123287671232,0.6368876493876494,0.6267123287671232,0.6421412538079204,584,30,26,0.6280566829004328,0.6281401468901469,0.6986732467904017,26
V2-N,V2M-two_stage_user_local_reranker-v1,protocol_a_rollv2_cv3,2,2028,V2H-local-real,True,real_eeg,eeg_plus_base_0p05,base_logit,0.05,user_center_alpha_2p0,V1-profile-dynamic-gated_cross_attention,0.6592465753424658,0.6511116198616199,0.6592465753424658,0.6444686948853615,584,30,26,0.6300647095959596,0.6287589725089725,0.5933555054893966,26
V2-N,V2M-two_stage_user_local_reranker-v1,protocol_a_rollv2_cv3,2,2028,V2H-local-real,True,real_eeg,eeg_plus_base_0p10,base_logit,0.1,user_center_alpha_2p0,V1-profile-dynamic-gated_cross_attention,0.6523972602739726,0.6383674196174197,0.6523972602739726,0.631571869488536,584,30,26,0.6201006718975469,0.6160147722647723,0.5937488824518113,26
V2-N,V2M-two_stage_user_local_reranker-v1,protocol_a_rollv2_cv3,2,2028,V2H-local-real,True,real_eeg,eeg_plus_base_0p25,base_logit,0.25,user_center_alpha_2p0,V1-profile-dynamic-gated_cross_attention,0.6626712328767124,0.6521672771672772,0.6626712328767124,0.644457671957672,584,30,26,0.629338135822511,0.6261065323565322,0.5952508672173944,26
V2-N,V2M-two_stage_user_local_reranker-v1,protocol_a_rollv2_cv3,2,2028,V2H-local-real,True,real_eeg,eeg_plus_base_0p50,base_logit,0.5,user_center_alpha_2p0,V1-profile-dynamic-gated_cross_attention,0.6626712328767124,0.6507122507122508,0.6626712328767124,0.6431966490299824,584,30,26,0.6295216675685427,0.6265586265586266,0.5996137753459929,26
V2-N,V2M-two_stage_user_local_reranker-v1,protocol_a_rollv2_cv3,2,2028,V2H-local-real,True,real_eeg,eeg_plus_base_rank_0p25,base_session_rank,0.25,user_center_alpha_2p0,V1-profile-dynamic-gated_cross_attention,0.648972602739726,0.6361975986975987,0.648972602739726,0.6287654320987655,584,30,26,0.6234266774891776,0.6204085266585266,0.5927833208167935,26
V2-N,V2M-two_stage_user_local_reranker-v1,protocol_a_rollv2_cv3,2,2028,V2H-local-real,True,real_eeg,eeg_plus_base_rank_0p50,base_session_rank,0.5,user_center_alpha_2p0,V1-profile-dynamic-gated_cross_attention,0.666095890410959,0.6581883394383395,0.666095890410959,0.6593981481481481,584,30,26,0.6387368100649351,0.6370962370962372,0.5944283517505274,26
V2-N,V2M-two_stage_user_local_reranker-v1,protocol_a_rollv2_cv3,3,2028,V2H-local-H2_E0,False,H2_E0_non_eeg,eeg_only,eeg_score,0.0,user_center_alpha_2p0,V1-profile-dynamic-gated_cross_attention,0.5614886731391586,0.5907741510415013,0.5614886731391586,0.5739047229225801,618,28,24,0.5646544015425135,0.5834967578717579,0.5829488024609977,24
V2-N,V2M-two_stage_user_local_reranker-v1,protocol_a_rollv2_cv3,3,2028,V2H-local-H2_E0,False,H2_E0_non_eeg,base_only,base_logit,1.0,user_center_alpha_2p0,V1-profile-dynamic-gated_cross_attention,0.6197411003236246,0.6542003134917866,0.6197411003236246,0.6064140257890258,618,28,24,0.6361369787943215,0.650612990404657,0.7162162162162162,24
V2-N,V2M-two_stage_user_local_reranker-v1,protocol_a_rollv2_cv3,3,2028,V2H-local-H2_E0,False,H2_E0_non_eeg,eeg_plus_base_0p05,base_logit,0.05,user_center_alpha_2p0,V1-profile-dynamic-gated_cross_attention,0.5647249190938511,0.593835493634094,0.5647249190938511,0.5766881696345981,618,28,24,0.5671116664997784,0.5860199060199061,0.5858785614883175,24
V2-N,V2M-two_stage_user_local_reranker-v1,protocol_a_rollv2_cv3,3,2028,V2H-local-H2_E0,False,H2_E0_non_eeg,eeg_plus_base_0p10,base_logit,0.1,user_center_alpha_2p0,V1-profile-dynamic-gated_cross_attention,0.5614886731391586,0.5900951386958224,0.5614886731391586,0.5733227123405694,618,28,24,0.5641590635471755,0.5828100294766961,0.5882956126858565,24
V2-N,V2M-two_stage_user_local_reranker-v1,protocol_a_rollv2_cv3,3,2028,V2H-local-H2_E0,False,H2_E0_non_eeg,eeg_plus_base_0p25,base_logit,0.25,user_center_alpha_2p0,V1-profile-dynamic-gated_cross_attention,0.5663430420711975,0.5963826878506961,0.5663430420711975,0.5739057536378966,618,28,24,0.5709787590032345,0.590600032683366,0.5970482677799751,24
V2-N,V2M-two_stage_user_local_reranker-v1,protocol_a_rollv2_cv3,3,2028,V2H-local-H2_E0,False,H2_E0_non_eeg,eeg_plus_base_0p50,base_logit,0.5,user_center_alpha_2p0,V1-profile-dynamic-gated_cross_attention,0.5792880258899676,0.6127145522582184,0.5792880258899676,0.588327799845657,618,28,24,0.5893362368012717,0.6070763264513265,0.6091701457555116,24
V2-N,V2M-two_stage_user_local_reranker-v1,protocol_a_rollv2_cv3,3,2028,V2H-local-H2_E0,False,H2_E0_non_eeg,eeg_plus_base_rank_0p25,base_session_rank,0.25,user_center_alpha_2p0,V1-profile-dynamic-gated_cross_attention,0.5598705501618123,0.5887030107166846,0.5598705501618123,0.5663433953612526,618,28,24,0.5687504317749073,0.5874452707786041,0.5860250494396836,24
V2-N,V2M-two_stage_user_local_reranker-v1,protocol_a_rollv2_cv3,3,2028,V2H-local-H2_E0,False,H2_E0_non_eeg,eeg_plus_base_rank_0p50,base_session_rank,0.5,user_center_alpha_2p0,V1-profile-dynamic-gated_cross_attention,0.5711974110032363,0.60290840601583,0.5711974110032363,0.5452676060711775,618,28,24,0.5807158168172154,0.59796101660685,0.5884787226250641,24
V2-N,V2M-two_stage_user_local_reranker-v1,protocol_a_rollv2_cv3,3,2028,V2H-local-zero,False,zero_eeg_control,eeg_only,eeg_score,0.0,user_center_alpha_2p0,V1-profile-dynamic-gated_cross_attention,0.5760517799352751,0.60540916974418,0.5760517799352751,0.5810512734619877,618,28,24,0.5779798387315869,0.5995829671871339,0.6113674650260016,24
V2-N,V2M-two_stage_user_local_reranker-v1,protocol_a_rollv2_cv3,3,2028,V2H-local-zero,False,zero_eeg_control,base_only,base_logit,1.0,user_center_alpha_2p0,V1-profile-dynamic-gated_cross_attention,0.6197411003236246,0.6542003134917866,0.6197411003236246,0.6064140257890258,618,28,24,0.6361369787943215,0.650612990404657,0.7162162162162162,24
V2-N,V2M-two_stage_user_local_reranker-v1,protocol_a_rollv2_cv3,3,2028,V2H-local-zero,False,zero_eeg_control,eeg_plus_base_0p05,base_logit,0.05,user_center_alpha_2p0,V1-profile-dynamic-gated_cross_attention,0.580906148867314,0.6090381427699216,0.580906148867314,0.5850921829493257,618,28,24,0.5795438923935426,0.6016992575325909,0.6136746502600161,24
V2-N,V2M-two_stage_user_local_reranker-v1,protocol_a_rollv2_cv3,3,2028,V2H-local-zero,False,zero_eeg_control,eeg_plus_base_0p10,base_logit,0.1,user_center_alpha_2p0,V1-profile-dynamic-gated_cross_attention,0.5841423948220065,0.6135561652566941,0.5841423948220065,0.5888053348767635,618,28,24,0.585356135705786,0.6080870441287108,0.6160550794697136,24
V2-N,V2M-two_stage_user_local_reranker-v1,protocol_a_rollv2_cv3,3,2028,V2H-local-zero,False,zero_eeg_control,eeg_plus_base_0p25,base_logit,0.25,user_center_alpha_2p0,V1-profile-dynamic-gated_cross_attention,0.5938511326860841,0.6288201877385314,0.5938511326860841,0.6018619079333364,618,28,24,0.6018487243137594,0.6226175522008855,0.6205962059620596,24
V2-N,V2M-two_stage_user_local_reranker-v1,protocol_a_rollv2_cv3,3,2028,V2H-local-zero,False,zero_eeg_control,eeg_plus_base_0p50,base_logit,0.5,user_center_alpha_2p0,V1-profile-dynamic-gated_cross_attention,0.5954692556634305,0.6345139918477444,0.5954692556634305,0.6079859558430988,618,28,24,0.603355337358834,0.6235679405471072,0.6282502014209331,24
V2-N,V2M-two_stage_user_local_reranker-v1,protocol_a_rollv2_cv3,3,2028,V2H-local-zero,False,zero_eeg_control,eeg_plus_base_rank_0p25,base_session_rank,0.25,user_center_alpha_2p0,V1-profile-dynamic-gated_cross_attention,0.5889967637540453,0.6250849974901832,0.5889967637540453,0.5648257298257298,618,28,24,0.59977705860573,0.6210753444086777,0.6125393686369296,24
V2-N,V2M-two_stage_user_local_reranker-v1,protocol_a_rollv2_cv3,3,2028,V2H-local-zero,False,zero_eeg_control,eeg_plus_base_rank_0p50,base_session_rank,0.5,user_center_alpha_2p0,V1-profile-dynamic-gated_cross_attention,0.598705501618123,0.6376854891038327,0.598705501618123,0.5844465653394225,618,28,24,0.6081656785328113,0.6286510634427301,0.6132351864059181,24
V2-N,V2M-two_stage_user_local_reranker-v1,protocol_a_rollv2_cv3,3,2028,V2H-local-shuffle,False,shuffle_eeg_control,eeg_only,eeg_score,0.0,user_center_alpha_2p0,V1-profile-dynamic-gated_cross_attention,0.6213592233009708,0.638309598378774,0.6213592233009708,0.6555644752073323,618,28,24,0.6220236736845128,0.6302661381828049,0.556251373324544,24
V2-N,V2M-two_stage_user_local_reranker-v1,protocol_a_rollv2_cv3,3,2028,V2H-local-shuffle,False,shuffle_eeg_control,base_only,base_logit,1.0,user_center_alpha_2p0,V1-profile-dynamic-gated_cross_attention,0.6197411003236246,0.6542003134917866,0.6197411003236246,0.6064140257890258,618,28,24,0.6361369787943215,0.650612990404657,0.7162162162162162,24
V2-N,V2M-two_stage_user_local_reranker-v1,protocol_a_rollv2_cv3,3,2028,V2H-local-shuffle,False,shuffle_eeg_control,eeg_plus_base_0p05,base_logit,0.05,user_center_alpha_2p0,V1-profile-dynamic-gated_cross_attention,0.6213592233009708,0.6362803775995532,0.6213592233009708,0.6538251431108574,618,28,24,0.6195151973124001,0.6272200523242191,0.556837325130008,24
V2-N,V2M-two_stage_user_local_reranker-v1,protocol_a_rollv2_cv3,3,2028,V2H-local-shuffle,False,shuffle_eeg_control,eeg_plus_base_0p10,base_logit,0.1,user_center_alpha_2p0,V1-profile-dynamic-gated_cross_attention,0.6229773462783171,0.6373220442662199,0.6229773462783171,0.6547180002537145,618,28,24,0.6196026098998128,0.627220052324219,0.5575697648868381,24
V2-N,V2M-two_stage_user_local_reranker-v1,protocol_a_rollv2_cv3,3,2028,V2H-local-shuffle,False,shuffle_eeg_control,eeg_plus_base_0p25,base_logit,0.25,user_center_alpha_2p0,V1-profile-dynamic-gated_cross_attention,0.627831715210356,0.6441991584159734,0.627831715210356,0.6550354605711749,618,28,24,0.6236124889096918,0.6326036502078168,0.56079249981689,24
V2-N,V2M-two_stage_user_local_reranker-v1,protocol_a_rollv2_cv3,3,2028,V2H-local-shuffle,False,shuffle_eeg_control,eeg_plus_base_0p50,base_logit,0.5,user_center_alpha_2p0,V1-profile-dynamic-gated_cross_attention,0.6262135922330098,0.6596186311574277,0.6262135922330098,0.6622516372516373,618,28,24,0.6290456047449055,0.6484442602150935,0.5656632241998095,24
V2-N,V2M-two_stage_user_local_reranker-v1,protocol_a_rollv2_cv3,3,2028,V2H-local-shuffle,False,shuffle_eeg_control,eeg_plus_base_rank_0p25,base_session_rank,0.25,user_center_alpha_2p0,V1-profile-dynamic-gated_cross_attention,0.6197411003236246,0.6318761020004248,0.6197411003236246,0.6392219685076828,618,28,24,0.6155622058594087,0.6238635708427376,0.5573134109719475,24
V2-N,V2M-two_stage_user_local_reranker-v1,protocol_a_rollv2_cv3,3,2028,V2H-local-shuffle,False,shuffle_eeg_control,eeg_plus_base_rank_0p50,base_session_rank,0.5,user_center_alpha_2p0,V1-profile-dynamic-gated_cross_attention,0.6294498381877023,0.6481076267297565,0.6294498381877023,0.6534479871979872,618,28,24,0.6264940770185525,0.6365198959990627,0.5589247784369735,24
V2-N,V2M-two_stage_user_local_reranker-v1,protocol_a_rollv2_cv3,3,2028,V2H-local-real,True,real_eeg,eeg_only,eeg_score,0.0,user_center_alpha_2p0,V1-profile-dynamic-gated_cross_attention,0.6537216828478964,0.6478039692827813,0.6537216828478964,0.6543356246927675,618,28,24,0.6634221256598879,0.6647462799546133,0.5586318025342415,24
V2-N,V2M-two_stage_user_local_reranker-v1,protocol_a_rollv2_cv3,3,2028,V2H-local-real,True,real_eeg,base_only,base_logit,1.0,user_center_alpha_2p0,V1-profile-dynamic-gated_cross_attention,0.6197411003236246,0.6542003134917866,0.6197411003236246,0.6064140257890258,618,28,24,0.6361369787943215,0.650612990404657,0.7162162162162162,24
V2-N,V2M-two_stage_user_local_reranker-v1,protocol_a_rollv2_cv3,3,2028,V2H-local-real,True,real_eeg,eeg_plus_base_0p05,base_logit,0.05,user_center_alpha_2p0,V1-profile-dynamic-gated_cross_attention,0.6553398058252428,0.650118784097596,0.6553398058252428,0.6563197516768945,618,28,24,0.662528574766337,0.6642833169916503,0.5598769501208526,24
V2-N,V2M-two_stage_user_local_reranker-v1,protocol_a_rollv2_cv3,3,2028,V2H-local-real,True,real_eeg,eeg_plus_base_0p10,base_logit,0.1,user_center_alpha_2p0,V1-profile-dynamic-gated_cross_attention,0.656957928802589,0.6516619939741393,0.656957928802589,0.6576425029996458,618,28,24,0.6640825763203385,0.6658265268681935,0.5611220977074636,24
V2-N,V2M-two_stage_user_local_reranker-v1,protocol_a_rollv2_cv3,3,2028,V2H-local-real,True,real_eeg,eeg_plus_base_0p25,base_logit,0.25,user_center_alpha_2p0,V1-profile-dynamic-gated_cross_attention,0.6504854368932039,0.662158788845934,0.6504854368932039,0.6658957081278511,618,28,24,0.6657792770555009,0.6775385995177663,0.5644546986010401,24
V2-N,V2M-two_stage_user_local_reranker-v1,protocol_a_rollv2_cv3,3,2028,V2H-local-real,True,real_eeg,eeg_plus_base_0p50,base_logit,0.5,user_center_alpha_2p0,V1-profile-dynamic-gated_cross_attention,0.6456310679611651,0.6593050356303387,0.6456310679611651,0.6635540616790616,618,28,24,0.6599916691699907,0.6711029749571417,0.5706438145462536,24
V2-N,V2M-two_stage_user_local_reranker-v1,protocol_a_rollv2_cv3,3,2028,V2H-local-real,True,real_eeg,eeg_plus_base_rank_0p25,base_session_rank,0.25,user_center_alpha_2p0,V1-profile-dynamic-gated_cross_attention,0.6440129449838188,0.6426681944622475,0.6440129449838188,0.6422254597254599,618,28,24,0.6528726130124731,0.654497824706158,0.559620596205962,24
V2-N,V2M-two_stage_user_local_reranker-v1,protocol_a_rollv2_cv3,3,2028,V2H-local-real,True,real_eeg,eeg_plus_base_rank_0p50,base_session_rank,0.5,user_center_alpha_2p0,V1-profile-dynamic-gated_cross_attention,0.6488673139158576,0.6618499216402983,0.6488673139158576,0.6536249233570662,618,28,24,0.6630982847766066,0.6736007703716037,0.5606093898776825,24
V2-N,V2M-two_stage_user_local_reranker-v1,protocol_a_rollv2_cv3,1,2029,V2H-local-H2_E0,False,H2_E0_non_eeg,eeg_only,eeg_score,0.0,user_center_alpha_2p0,V1-profile-dynamic-gated_cross_attention,0.6270903010033445,0.6062461282104138,0.6270903010033445,0.614874802446231,598,35,28,0.5975672503284444,0.5910669621383907,0.6398125650815688,28
V2-N,V2M-two_stage_user_local_reranker-v1,protocol_a_rollv2_cv3,1,2029,V2H-local-H2_E0,False,H2_E0_non_eeg,base_only,base_logit,1.0,user_center_alpha_2p0,V1-profile-dynamic-gated_cross_attention,0.6053511705685619,0.6028384214991357,0.6053511705685619,0.5733238507524222,598,35,28,0.6038363377915618,0.5971337095444238,0.6173203748698368,28
V2-N,V2M-two_stage_user_local_reranker-v1,protocol_a_rollv2_cv3,1,2029,V2H-local-H2_E0,False,H2_E0_non_eeg,eeg_plus_base_0p05,base_logit,0.05,user_center_alpha_2p0,V1-profile-dynamic-gated_cross_attention,0.6287625418060201,0.6033124547410261,0.6287625418060201,0.6125278636707209,598,35,28,0.5979936895608537,0.5908118600975744,0.6409580006942034,28
V2-N,V2M-two_stage_user_local_reranker-v1,protocol_a_rollv2_cv3,1,2029,V2H-local-H2_E0,False,H2_E0_non_eeg,eeg_plus_base_0p10,base_logit,0.1,user_center_alpha_2p0,V1-profile-dynamic-gated_cross_attention,0.6321070234113713,0.6064374547410261,0.6321070234113713,0.615623101765959,598,35,28,0.5998877904848054,0.592555057376486,0.6419298854564387,28
V2-N,V2M-two_stage_user_local_reranker-v1,protocol_a_rollv2_cv3,1,2029,V2H-local-H2_E0,False,H2_E0_non_eeg,eeg_plus_base_0p25,base_logit,0.25,user_center_alpha_2p0,V1-profile-dynamic-gated_cross_attention,0.6287625418060201,0.6055379838415552,0.6287625418060201,0.6149035250463822,598,35,28,0.6021064590467575,0.5948585343228201,0.6441166261714683,28
V2-N,V2M-two_stage_user_local_reranker-v1,protocol_a_rollv2_cv3,1,2029,V2H-local-H2_E0,False,H2_E0_non_eeg,eeg_plus_base_0p50,base_logit,0.5,user_center_alpha_2p0,V1-profile-dynamic-gated_cross_attention,0.6270903010033445,0.6056976588226588,0.6270903010033445,0.6126503126503126,598,35,28,0.6040266201460233,0.5987171888957604,0.6476570635196113,28
V2-N,V2M-two_stage_user_local_reranker-v1,protocol_a_rollv2_cv3,1,2029,V2H-local-H2_E0,False,H2_E0_non_eeg,eeg_plus_base_rank_0p25,base_session_rank,0.25,user_center_alpha_2p0,V1-profile-dynamic-gated_cross_attention,0.637123745819398,0.6119901758294615,0.637123745819398,0.6176843262557548,598,35,28,0.603914087570804,0.5978271662200233,0.6416869142658799,28
V2-N,V2M-two_stage_user_local_reranker-v1,protocol_a_rollv2_cv3,1,2029,V2H-local-H2_E0,False,H2_E0_non_eeg,eeg_plus_base_rank_0p50,base_session_rank,0.5,user_center_alpha_2p0,V1-profile-dynamic-gated_cross_attention,0.637123745819398,0.6096845185238043,0.637123745819398,0.6172134267848554,598,35,28,0.6046782322155456,0.5981110423967566,0.6433877125997918,28
V2-N,V2M-two_stage_user_local_reranker-v1,protocol_a_rollv2_cv3,1,2029,V2H-local-zero,False,zero_eeg_control,eeg_only,eeg_score,0.0,user_center_alpha_2p0,V1-profile-dynamic-gated_cross_attention,0.6605351170568562,0.6568698398162683,0.6605351170568562,0.6583499622071051,598,35,28,0.6298461157416382,0.6330035473785474,0.6289829920166609,28
V2-N,V2M-two_stage_user_local_reranker-v1,protocol_a_rollv2_cv3,1,2029,V2H-local-zero,False,zero_eeg_control,base_only,base_logit,1.0,user_center_alpha_2p0,V1-profile-dynamic-gated_cross_attention,0.6053511705685619,0.6028384214991357,0.6053511705685619,0.5733238507524222,598,35,28,0.6038363377915618,0.5971337095444238,0.6173203748698368,28
V2-N,V2M-two_stage_user_local_reranker-v1,protocol_a_rollv2_cv3,1,2029,V2H-local-zero,False,zero_eeg_control,eeg_plus_base_0p05,base_logit,0.05,user_center_alpha_2p0,V1-profile-dynamic-gated_cross_attention,0.6555183946488294,0.6480630216344502,0.6555183946488294,0.6507092695664124,598,35,28,0.6284472658353256,0.6309356747749606,0.629573064908018,28
V2-N,V2M-two_stage_user_local_reranker-v1,protocol_a_rollv2_cv3,1,2029,V2H-local-zero,False,zero_eeg_control,eeg_plus_base_0p10,base_logit,0.1,user_center_alpha_2p0,V1-profile-dynamic-gated_cross_attention,0.6588628762541806,0.6497986603343746,0.6588628762541806,0.652097780526352,598,35,28,0.630192113027934,0.632671313474885,0.6298854564387365,28
V2-N,V2M-two_stage_user_local_reranker-v1,protocol_a_rollv2_cv3,1,2029,V2H-local-zero,False,zero_eeg_control,eeg_plus_base_0p25,base_logit,0.25,user_center_alpha_2p0,V1-profile-dynamic-gated_cross_attention,0.6588628762541806,0.6646911322804181,0.6588628762541806,0.6671710987425272,598,35,28,0.6220638151235166,0.6219829674293961,0.6312391530718501,28
V2-N,V2M-two_stage_user_local_reranker-v1,protocol_a_rollv2_cv3,1,2029,V2H-local-zero,False,zero_eeg_control,eeg_plus_base_0p50,base_logit,0.5,user_center_alpha_2p0,V1-profile-dynamic-gated_cross_attention,0.6538461538461539,0.6563152819402819,0.6538461538461539,0.6604704184704184,598,35,28,0.6186854687600957,0.6184398835291693,0.6332870531065602,28
V2-N,V2M-two_stage_user_local_reranker-v1,protocol_a_rollv2_cv3,1,2029,V2H-local-zero,False,zero_eeg_control,eeg_plus_base_rank_0p25,base_session_rank,0.25,user_center_alpha_2p0,V1-profile-dynamic-gated_cross_attention,0.6638795986622074,0.671940281940282,0.6638795986622074,0.6747561327561328,598,35,28,0.6344684585729361,0.6377709492888065,0.6305102395001736,28
V2-N,V2M-two_stage_user_local_reranker-v1,protocol_a_rollv2_cv3,1,2029,V2H-local-zero,False,zero_eeg_control,eeg_plus_base_rank_0p50,base_session_rank,0.5,user_center_alpha_2p0,V1-profile-dynamic-gated_cross_attention,0.6488294314381271,0.6481472925222925,0.6488294314381271,0.6384598364598365,598,35,28,0.6206174753935947,0.622400578918436,0.6317945157931274,28
V2-N,V2M-two_stage_user_local_reranker-v1,protocol_a_rollv2_cv3,1,2029,V2H-local-shuffle,False,shuffle_eeg_control,eeg_only,eeg_score,0.0,user_center_alpha_2p0,V1-profile-dynamic-gated_cross_attention,0.6387959866220736,0.6578523460666318,0.6387959866220736,0.6931927437641724,598,35,28,0.6413118390730331,0.6409292542774685,0.5824019437695245,28
V2-N,V2M-two_stage_user_local_reranker-v1,protocol_a_rollv2_cv3,1,2029,V2H-local-shuffle,False,shuffle_eeg_control,base_only,base_logit,1.0,user_center_alpha_2p0,V1-profile-dynamic-gated_cross_attention,0.6053511705685619,0.6028384214991357,0.6053511705685619,0.5733238507524222,598,35,28,0.6038363377915618,0.5971337095444238,0.6173203748698368,28
V2-N,V2M-two_stage_user_local_reranker-v1,protocol_a_rollv2_cv3,1,2029,V2H-local-shuffle,False,shuffle_eeg_control,eeg_plus_base_0p05,base_logit,0.05,user_center_alpha_2p0,V1-profile-dynamic-gated_cross_attention,0.6387959866220736,0.6526865297401011,0.6387959866220736,0.6848934240362813,598,35,28,0.6397695505158192,0.6387523835291692,0.582714335300243,28
V2-N,V2M-two_stage_user_local_reranker-v1,protocol_a_rollv2_cv3,1,2029,V2H-local-shuffle,False,shuffle_eeg_control,eeg_plus_base_0p10,base_logit,0.1,user_center_alpha_2p0,V1-profile-dynamic-gated_cross_attention,0.6421404682274248,0.6695821341357056,0.6421404682274248,0.6974331065759637,598,35,28,0.6398547306756261,0.6388358070500927,0.5829573064908018,28
V2-N,V2M-two_stage_user_local_reranker-v1,protocol_a_rollv2_cv3,1,2029,V2H-local-shuffle,False,shuffle_eeg_control,eeg_plus_base_0p25,base_logit,0.25,user_center_alpha_2p0,V1-profile-dynamic-gated_cross_attention,0.6421404682274248,0.6661854977033548,0.6421404682274248,0.6903507180650037,598,35,28,0.6421551334237902,0.6415786264000548,0.5838250607427977,28
V2-N,V2M-two_stage_user_local_reranker-v1,protocol_a_rollv2_cv3,1,2029,V2H-local-shuffle,False,shuffle_eeg_control,eeg_plus_base_0p50,base_logit,0.5,user_center_alpha_2p0,V1-profile-dynamic-gated_cross_attention,0.637123745819398,0.6626631998953426,0.637123745819398,0.6887233560090702,598,35,28,0.6386275333290258,0.6382547412904556,0.5853523082263103,28
V2-N,V2M-two_stage_user_local_reranker-v1,protocol_a_rollv2_cv3,1,2029,V2H-local-shuffle,False,shuffle_eeg_control,eeg_plus_base_rank_0p25,base_session_rank,0.25,user_center_alpha_2p0,V1-profile-dynamic-gated_cross_attention,0.6454849498327759,0.6709404979940695,0.6454849498327759,0.6971156462585034,598,35,28,0.6452220499235425,0.644810348381777,0.5834779590419993,28
V2-N,V2M-two_stage_user_local_reranker-v1,protocol_a_rollv2_cv3,1,2029,V2H-local-shuffle,False,shuffle_eeg_control,eeg_plus_base_rank_0p50,base_session_rank,0.5,user_center_alpha_2p0,V1-profile-dynamic-gated_cross_attention,0.637123745819398,0.661099518867376,0.637123745819398,0.6874724111866969,598,35,28,0.6393204970816911,0.6402766611695183,0.5841027421034363,28
V2-N,V2M-two_stage_user_local_reranker-v1,protocol_a_rollv2_cv3,1,2029,V2H-local-real,True,real_eeg,eeg_only,eeg_score,0.0,user_center_alpha_2p0,V1-profile-dynamic-gated_cross_attention,0.717391304347826,0.7316908455301314,0.717391304347826,0.7569796605510891,598,35,28,0.7199800779651525,0.7194634697313268,0.5839291912530371,28
V2-N,V2M-two_stage_user_local_reranker-v1,protocol_a_rollv2_cv3,1,2029,V2H-local-real,True,real_eeg,base_only,base_logit,1.0,user_center_alpha_2p0,V1-profile-dynamic-gated_cross_attention,0.6053511705685619,0.6028384214991357,0.6053511705685619,0.5733238507524222,598,35,28,0.6038363377915618,0.5971337095444238,0.6173203748698368,28
V2-N,V2M-two_stage_user_local_reranker-v1,protocol_a_rollv2_cv3,1,2029,V2H-local-real,True,real_eeg,eeg_plus_base_0p05,base_logit,0.05,user_center_alpha_2p0,V1-profile-dynamic-gated_cross_attention,0.7140468227424749,0.7278063371813372,0.7140468227424749,0.7538720538720539,598,35,28,0.7159240593568952,0.7155789613825329,0.5842068726136758,28
V2-N,V2M-two_stage_user_local_reranker-v1,protocol_a_rollv2_cv3,1,2029,V2H-local-real,True,real_eeg,eeg_plus_base_0p10,base_logit,0.1,user_center_alpha_2p0,V1-profile-dynamic-gated_cross_attention,0.7140468227424749,0.744770622895623,0.7140468227424749,0.7674434824434825,598,35,28,0.7167034955094657,0.7166702312238026,0.584588684484554,28
V2-N,V2M-two_stage_user_local_reranker-v1,protocol_a_rollv2_cv3,1,2029,V2H-local-real,True,real_eeg,eeg_plus_base_0p25,base_logit,0.25,user_center_alpha_2p0,V1-profile-dynamic-gated_cross_attention,0.7040133779264214,0.7102137445887446,0.7040133779264214,0.7374170274170273,598,35,28,0.7024296267579849,0.7013877293341579,0.5850746268656716,28
V2-N,V2M-two_stage_user_local_reranker-v1,protocol_a_rollv2_cv3,1,2029,V2H-local-real,True,real_eeg,eeg_plus_base_0p50,base_logit,0.5,user_center_alpha_2p0,V1-profile-dynamic-gated_cross_attention,0.705685618729097,0.7098306191163335,0.705685618729097,0.7377057651343365,598,35,28,0.6987859404277316,0.6968591956984815,0.5871572370704616,28
V2-N,V2M-two_stage_user_local_reranker-v1,protocol_a_rollv2_cv3,1,2029,V2H-local-real,True,real_eeg,eeg_plus_base_rank_0p25,base_session_rank,0.25,user_center_alpha_2p0,V1-profile-dynamic-gated_cross_attention,0.7090301003344481,0.7346185064935067,0.7090301003344481,0.7585281385281385,598,35,28,0.7108624625788805,0.7108520150484436,0.5846233946546338,28
V2-N,V2M-two_stage_user_local_reranker-v1,protocol_a_rollv2_cv3,1,2029,V2H-local-real,True,real_eeg,eeg_plus_base_rank_0p50,base_session_rank,0.5,user_center_alpha_2p0,V1-profile-dynamic-gated_cross_attention,0.7073578595317725,0.7129319985569987,0.7073578595317725,0.7407821067821067,598,35,28,0.7059524886390559,0.7051944186765616,0.5851440472058314,28
V2-N,V2M-two_stage_user_local_reranker-v1,protocol_a_rollv2_cv3,2,2029,V2H-local-H2_E0,False,H2_E0_non_eeg,eeg_only,eeg_score,0.0,user_center_alpha_2p0,V1-profile-dynamic-gated_cross_attention,0.559931506849315,0.5481467606467606,0.559931506849315,0.540338303671637,584,30,26,0.5387205762987013,0.5356453731453731,0.6102349533311877,26
V2-N,V2M-two_stage_user_local_reranker-v1,protocol_a_rollv2_cv3,2,2029,V2H-local-H2_E0,False,H2_E0_non_eeg,base_only,base_logit,1.0,user_center_alpha_2p0,V1-profile-dynamic-gated_cross_attention,0.6267123287671232,0.6368876493876494,0.6267123287671232,0.6421412538079204,584,30,26,0.6280566829004328,0.6281401468901469,0.6986732467904017,26
V2-N,V2M-two_stage_user_local_reranker-v1,protocol_a_rollv2_cv3,2,2029,V2H-local-H2_E0,False,H2_E0_non_eeg,eeg_plus_base_0p05,base_logit,0.05,user_center_alpha_2p0,V1-profile-dynamic-gated_cross_attention,0.5616438356164384,0.5508889258889258,0.5616438356164384,0.5427148468815134,584,30,26,0.5402720283189033,0.5369306619306619,0.6120587919751099,26
V2-N,V2M-two_stage_user_local_reranker-v1,protocol_a_rollv2_cv3,2,2029,V2H-local-H2_E0,False,H2_E0_non_eeg,eeg_plus_base_0p10,base_logit,0.1,user_center_alpha_2p0,V1-profile-dynamic-gated_cross_attention,0.5633561643835616,0.55382696007696,0.5633561643835616,0.5452611431778097,584,30,26,0.5420081394300144,0.5390674140674141,0.6141329614132961,26
V2-N,V2M-two_stage_user_local_reranker-v1,protocol_a_rollv2_cv3,2,2029,V2H-local-H2_E0,False,H2_E0_non_eeg,eeg_plus_base_0p25,base_logit,0.25,user_center_alpha_2p0,V1-profile-dynamic-gated_cross_attention,0.577054794520548,0.5681788119288119,0.577054794520548,0.5596703142536475,584,30,26,0.5621722808441558,0.559290478040478,0.6189607695883846,26
V2-N,V2M-two_stage_user_local_reranker-v1,protocol_a_rollv2_cv3,2,2029,V2H-local-H2_E0,False,H2_E0_non_eeg,eeg_plus_base_0p50,base_logit,0.5,user_center_alpha_2p0,V1-profile-dynamic-gated_cross_attention,0.5821917808219178,0.5781452343952344,0.5821917808219178,0.5614957110790445,584,30,26,0.572136544011544,0.56993746993747,0.6263991703322248,26
V2-N,V2M-two_stage_user_local_reranker-v1,protocol_a_rollv2_cv3,2,2029,V2H-local-H2_E0,False,H2_E0_non_eeg,eeg_plus_base_rank_0p25,base_session_rank,0.25,user_center_alpha_2p0,V1-profile-dynamic-gated_cross_attention,0.5702054794520548,0.5636382136382136,0.5702054794520548,0.5492536475869809,584,30,26,0.5534854121572871,0.5505977818477819,0.6132746844043916,26
V2-N,V2M-two_stage_user_local_reranker-v1,protocol_a_rollv2_cv3,2,2029,V2H-local-H2_E0,False,H2_E0_non_eeg,eeg_plus_base_rank_0p50,base_session_rank,0.5,user_center_alpha_2p0,V1-profile-dynamic-gated_cross_attention,0.5941780821917808,0.5908385595885596,0.5941780821917808,0.5730256934423602,584,30,26,0.57637141504329,0.5738930051430052,0.6151700461323892,26
V2-N,V2M-two_stage_user_local_reranker-v1,protocol_a_rollv2_cv3,2,2029,V2H-local-zero,False,zero_eeg_control,eeg_only,eeg_score,0.0,user_center_alpha_2p0,V1-profile-dynamic-gated_cross_attention,0.5667808219178082,0.5582225644725645,0.5667808219178082,0.5593219897386564,584,30,26,0.5504902822871574,0.5461797461797461,0.5970747058613167,26
V2-N,V2M-two_stage_user_local_reranker-v1,protocol_a_rollv2_cv3,2,2029,V2H-local-zero,False,zero_eeg_control,base_only,base_logit,1.0,user_center_alpha_2p0,V1-profile-dynamic-gated_cross_attention,0.6267123287671232,0.6368876493876494,0.6267123287671232,0.6421412538079204,584,30,26,0.6280566829004328,0.6281401468901469,0.6986732467904017,26
V2-N,V2M-two_stage_user_local_reranker-v1,protocol_a_rollv2_cv3,2,2029,V2H-local-zero,False,zero_eeg_control,eeg_plus_base_0p05,base_logit,0.05,user_center_alpha_2p0,V1-profile-dynamic-gated_cross_attention,0.5667808219178082,0.5588457838457838,0.5667808219178082,0.5598621131954465,584,30,26,0.5521705898268399,0.5479858104858105,0.5982905982905983,26
V2-N,V2M-two_stage_user_local_reranker-v1,protocol_a_rollv2_cv3,2,2029,V2H-local-zero,False,zero_eeg_control,eeg_plus_base_0p10,base_logit,0.1,user_center_alpha_2p0,V1-profile-dynamic-gated_cross_attention,0.5667808219178082,0.557815564065564,0.5667808219178082,0.5589692560525895,584,30,26,0.552548814033189,0.5480239667739668,0.5999713907663697,26
V2-N,V2M-two_stage_user_local_reranker-v1,protocol_a_rollv2_cv3,2,2029,V2H-local-zero,False,zero_eeg_control,eeg_plus_base_0p25,base_logit,0.25,user_center_alpha_2p0,V1-profile-dynamic-gated_cross_attention,0.577054794520548,0.5668993043993044,0.577054794520548,0.5693418310084977,584,30,26,0.561220689033189,0.5569398194398195,0.6046919143153453,26
V2-N,V2M-two_stage_user_local_reranker-v1,protocol_a_rollv2_cv3,2,2029,V2H-local-zero,False,zero_eeg_control,eeg_plus_base_0p50,base_logit,0.5,user_center_alpha_2p0,V1-profile-dynamic-gated_cross_attention,0.5856164383561644,0.5858107170607171,0.5856164383561644,0.5928084415584415,584,30,26,0.5756527326839826,0.5730588855588855,0.61298859206809,26
V2-N,V2M-two_stage_user_local_reranker-v1,protocol_a_rollv2_cv3,2,2029,V2H-local-zero,False,zero_eeg_control,eeg_plus_base_rank_0p25,base_session_rank,0.25,user_center_alpha_2p0,V1-profile-dynamic-gated_cross_attention,0.5753424657534246,0.5669171106671107,0.5753424657534246,0.5767646705146705,584,30,26,0.5589327426046176,0.5545995670995671,0.6000071523084075,26
V2-N,V2M-two_stage_user_local_reranker-v1,protocol_a_rollv2_cv3,2,2029,V2H-local-zero,False,zero_eeg_control,eeg_plus_base_rank_0p50,base_session_rank,0.5,user_center_alpha_2p0,V1-profile-dynamic-gated_cross_attention,0.5924657534246576,0.5940971065971067,0.5924657534246576,0.5940375982042648,584,30,26,0.5807670454545455,0.5780950530950532,0.6036548295962523,26
V2-N,V2M-two_stage_user_local_reranker-v1,protocol_a_rollv2_cv3,2,2029,V2H-local-shuffle,False,shuffle_eeg_control,eeg_only,eeg_score,0.0,user_center_alpha_2p0,V1-profile-dynamic-gated_cross_attention,0.6472602739726028,0.6557743182743182,0.6472602739726028,0.6419620811287478,584,30,26,0.6414720869408369,0.6385627798127799,0.6492150341522727,26
V2-N,V2M-two_stage_user_local_reranker-v1,protocol_a_rollv2_cv3,2,2029,V2H-local-shuffle,False,shuffle_eeg_control,base_only,base_logit,1.0,user_center_alpha_2p0,V1-profile-dynamic-gated_cross_attention,0.6267123287671232,0.6368876493876494,0.6267123287671232,0.6421412538079204,584,30,26,0.6280566829004328,0.6281401468901469,0.6986732467904017,26
V2-N,V2M-two_stage_user_local_reranker-v1,protocol_a_rollv2_cv3,2,2029,V2H-local-shuffle,False,shuffle_eeg_control,eeg_plus_base_0p05,base_logit,0.05,user_center_alpha_2p0,V1-profile-dynamic-gated_cross_attention,0.648972602739726,0.6610398860398861,0.648972602739726,0.6562477954144621,584,30,26,0.6441246167027418,0.6415389702889703,0.6502163573293281,26
V2-N,V2M-two_stage_user_local_reranker-v1,protocol_a_rollv2_cv3,2,2029,V2H-local-shuffle,False,shuffle_eeg_control,eeg_plus_base_0p10,base_logit,0.1,user_center_alpha_2p0,V1-profile-dynamic-gated_cross_attention,0.648972602739726,0.6646113146113147,0.648972602739726,0.6593430335097002,584,30,26,0.6474034992784993,0.6449043549043549,0.6508958266280442,26
V2-N,V2M-two_stage_user_local_reranker-v1,protocol_a_rollv2_cv3,2,2029,V2H-local-shuffle,False,shuffle_eeg_control,eeg_plus_base_0p25,base_logit,0.25,user_center_alpha_2p0,V1-profile-dynamic-gated_cross_attention,0.6558219178082192,0.6783628408628408,0.6558219178082192,0.6712610229276896,584,30,26,0.6610420048701299,0.6605338642838644,0.652648142187891,26
V2-N,V2M-two_stage_user_local_reranker-v1,protocol_a_rollv2_cv3,2,2029,V2H-local-shuffle,False,shuffle_eeg_control,eeg_plus_base_0p50,base_logit,0.5,user_center_alpha_2p0,V1-profile-dynamic-gated_cross_attention,0.6626712328767124,0.6868982868982869,0.6626712328767124,0.6811584094917429,584,30,26,0.6667068001443,0.6671705146705146,0.6552587347566426,26
V2-N,V2M-two_stage_user_local_reranker-v1,protocol_a_rollv2_cv3,2,2029,V2H-local-shuffle,False,shuffle_eeg_control,eeg_plus_base_rank_0p25,base_session_rank,0.25,user_center_alpha_2p0,V1-profile-dynamic-gated_cross_attention,0.6575342465753424,0.6800544363044363,0.6575342465753424,0.6752270723104056,584,30,26,0.6556063988095239,0.6541106578606578,0.6510031112541572,26
V2-N,V2M-two_stage_user_local_reranker-v1,protocol_a_rollv2_cv3,2,2029,V2H-local-shuffle,False,shuffle_eeg_control,eeg_plus_base_rank_0p50,base_session_rank,0.5,user_center_alpha_2p0,V1-profile-dynamic-gated_cross_attention,0.6592465753424658,0.6852270414770415,0.6592465753424658,0.6808211079044412,584,30,26,0.6637193362193362,0.6628040478040477,0.651861388263062,26
V2-N,V2M-two_stage_user_local_reranker-v1,protocol_a_rollv2_cv3,2,2029,V2H-local-real,True,real_eeg,eeg_only,eeg_score,0.0,user_center_alpha_2p0,V1-profile-dynamic-gated_cross_attention,0.6626712328767124,0.6329705017205018,0.6626712328767124,0.616180254930255,584,30,26,0.6088724296536796,0.6081111943611943,0.5967528519829775,26
V2-N,V2M-two_stage_user_local_reranker-v1,protocol_a_rollv2_cv3,2,2029,V2H-local-real,True,real_eeg,base_only,base_logit,1.0,user_center_alpha_2p0,V1-profile-dynamic-gated_cross_attention,0.6267123287671232,0.6368876493876494,0.6267123287671232,0.6421412538079204,584,30,26,0.6280566829004328,0.6281401468901469,0.6986732467904017,26
V2-N,V2M-two_stage_user_local_reranker-v1,protocol_a_rollv2_cv3,2,2029,V2H-local-real,True,real_eeg,eeg_plus_base_0p05,base_logit,0.05,user_center_alpha_2p0,V1-profile-dynamic-gated_cross_attention,0.6643835616438356,0.6338608151108152,0.6643835616438356,0.6164227593394259,584,30,26,0.6077179157647908,0.6071639009139009,0.5975396059078067,26
V2-N,V2M-two_stage_user_local_reranker-v1,protocol_a_rollv2_cv3,2,2029,V2H-local-real,True,real_eeg,eeg_plus_base_0p10,base_logit,0.1,user_center_alpha_2p0,V1-profile-dynamic-gated_cross_attention,0.6643835616438356,0.6389813889813891,0.6643835616438356,0.6305828122494789,584,30,26,0.6096884018759019,0.6096891534391534,0.598326359832636,26
V2-N,V2M-two_stage_user_local_reranker-v1,protocol_a_rollv2_cv3,2,2029,V2H-local-real,True,real_eeg,eeg_plus_base_0p25,base_logit,0.25,user_center_alpha_2p0,V1-profile-dynamic-gated_cross_attention,0.6695205479452054,0.6466380841380842,0.6695205479452054,0.6372186147186146,584,30,26,0.6157811372655123,0.6151189088689087,0.6002932446447091,26
V2-N,V2M-two_stage_user_local_reranker-v1,protocol_a_rollv2_cv3,2,2029,V2H-local-real,True,real_eeg,eeg_plus_base_0p50,base_logit,0.5,user_center_alpha_2p0,V1-profile-dynamic-gated_cross_attention,0.6712328767123288,0.6516391016391017,0.6712328767123288,0.6507459515792849,584,30,26,0.6174764384920636,0.6174496799496799,0.6033687372599507,26
V2-N,V2M-two_stage_user_local_reranker-v1,protocol_a_rollv2_cv3,2,2029,V2H-local-real,True,real_eeg,eeg_plus_base_rank_0p25,base_session_rank,0.25,user_center_alpha_2p0,V1-profile-dynamic-gated_cross_attention,0.666095890410959,0.6437534687534687,0.666095890410959,0.6347186147186147,584,30,26,0.6168141233766233,0.6165077977577977,0.5978256982441083,26
V2-N,V2M-two_stage_user_local_reranker-v1,protocol_a_rollv2_cv3,2,2029,V2H-local-real,True,real_eeg,eeg_plus_base_rank_0p50,base_session_rank,0.5,user_center_alpha_2p0,V1-profile-dynamic-gated_cross_attention,0.6678082191780822,0.6466024716024716,0.6678082191780822,0.6404284912618246,584,30,26,0.6178323412698413,0.6176404613904614,0.5991488752995029,26
V2-N,V2M-two_stage_user_local_reranker-v1,protocol_a_rollv2_cv3,3,2029,V2H-local-H2_E0,False,H2_E0_non_eeg,eeg_only,eeg_score,0.0,user_center_alpha_2p0,V1-profile-dynamic-gated_cross_attention,0.5954692556634305,0.6131557732307539,0.5954692556634305,0.6150746178424749,618,28,24,0.594208268421555,0.6107434694934696,0.5871603310627701,24
V2-N,V2M-two_stage_user_local_reranker-v1,protocol_a_rollv2_cv3,3,2029,V2H-local-H2_E0,False,H2_E0_non_eeg,base_only,base_logit,1.0,user_center_alpha_2p0,V1-profile-dynamic-gated_cross_attention,0.6197411003236246,0.6542003134917866,0.6197411003236246,0.6064140257890258,618,28,24,0.6361369787943215,0.650612990404657,0.7162162162162162,24
V2-N,V2M-two_stage_user_local_reranker-v1,protocol_a_rollv2_cv3,3,2029,V2H-local-H2_E0,False,H2_E0_non_eeg,eeg_plus_base_0p05,base_logit,0.05,user_center_alpha_2p0,V1-profile-dynamic-gated_cross_attention,0.5938511326860841,0.6101673167554553,0.5938511326860841,0.6126175114567971,618,28,24,0.5876623764735653,0.6046195702445702,0.5900900900900901,24
V2-N,V2M-two_stage_user_local_reranker-v1,protocol_a_rollv2_cv3,3,2029,V2H-local-H2_E0,False,H2_E0_non_eeg,eeg_plus_base_0p10,base_logit,0.1,user_center_alpha_2p0,V1-profile-dynamic-gated_cross_attention,0.6019417475728155,0.6173710328378478,0.6019417475728155,0.6189234277627135,618,28,24,0.5957378868218028,0.612670917045917,0.5927268732146781,24
V2-N,V2M-two_stage_user_local_reranker-v1,protocol_a_rollv2_cv3,3,2029,V2H-local-H2_E0,False,H2_E0_non_eeg,eeg_plus_base_0p25,base_logit,0.25,user_center_alpha_2p0,V1-profile-dynamic-gated_cross_attention,0.6051779935275081,0.6243101799635598,0.6051779935275081,0.6208371654800225,618,28,24,0.5984712645551805,0.6167014505556172,0.6010766864425401,24
V2-N,V2M-two_stage_user_local_reranker-v1,protocol_a_rollv2_cv3,3,2029,V2H-local-H2_E0,False,H2_E0_non_eeg,eeg_plus_base_0p50,base_logit,0.5,user_center_alpha_2p0,V1-profile-dynamic-gated_cross_attention,0.6132686084142395,0.6333188941070778,0.6132686084142395,0.6141769176590605,618,28,24,0.6150152780397535,0.632460151730985,0.6132351864059181,24
V2-N,V2M-two_stage_user_local_reranker-v1,protocol_a_rollv2_cv3,3,2029,V2H-local-H2_E0,False,H2_E0_non_eeg,eeg_plus_base_rank_0p25,base_session_rank,0.25,user_center_alpha_2p0,V1-profile-dynamic-gated_cross_attention,0.6003236245954693,0.6153976207878427,0.6003236245954693,0.6138374489267348,618,28,24,0.592793608877525,0.6090642151058817,0.5893942723211016,24
V2-N,V2M-two_stage_user_local_reranker-v1,protocol_a_rollv2_cv3,3,2029,V2H-local-H2_E0,False,H2_E0_non_eeg,eeg_plus_base_rank_0p50,base_session_rank,0.5,user_center_alpha_2p0,V1-profile-dynamic-gated_cross_attention,0.610032362459547,0.6258558887028959,0.610032362459547,0.5724304993947851,618,28,24,0.6029940921549313,0.6203796743380077,0.5910788837618106,24
V2-N,V2M-two_stage_user_local_reranker-v1,protocol_a_rollv2_cv3,3,2029,V2H-local-zero,False,zero_eeg_control,eeg_only,eeg_score,0.0,user_center_alpha_2p0,V1-profile-dynamic-gated_cross_attention,0.540453074433657,0.5620834829479372,0.540453074433657,0.5587927746856318,618,28,24,0.5391528925619834,0.557341019320186,0.6122097707463561,24
V2-N,V2M-two_stage_user_local_reranker-v1,protocol_a_rollv2_cv3,3,2029,V2H-local-zero,False,zero_eeg_control,base_only,base_logit,1.0,user_center_alpha_2p0,V1-profile-dynamic-gated_cross_attention,0.6197411003236246,0.6542003134917866,0.6197411003236246,0.6064140257890258,618,28,24,0.6361369787943215,0.650612990404657,0.7162162162162162,24
V2-N,V2M-two_stage_user_local_reranker-v1,protocol_a_rollv2_cv3,3,2029,V2H-local-zero,False,zero_eeg_control,eeg_plus_base_0p05,base_logit,0.05,user_center_alpha_2p0,V1-profile-dynamic-gated_cross_attention,0.5388349514563107,0.5595173419691286,0.5388349514563107,0.5514467807324951,618,28,24,0.5379152413243322,0.5567402697611031,0.614846553870944,24
V2-N,V2M-two_stage_user_local_reranker-v1,protocol_a_rollv2_cv3,3,2029,V2H-local-zero,False,zero_eeg_control,eeg_plus_base_0p10,base_logit,0.1,user_center_alpha_2p0,V1-profile-dynamic-gated_cross_attention,0.5436893203883495,0.5666287201742568,0.5436893203883495,0.5577016865409722,618,28,24,0.5448372722848247,0.5633211695711696,0.6170438731414342,24
V2-N,V2M-two_stage_user_local_reranker-v1,protocol_a_rollv2_cv3,3,2029,V2H-local-zero,False,zero_eeg_control,eeg_plus_base_0p25,base_logit,0.25,user_center_alpha_2p0,V1-profile-dynamic-gated_cross_attention,0.558252427184466,0.5785446052151418,0.558252427184466,0.5682341798413227,618,28,24,0.5547691333530494,0.5730501057584391,0.6235625869772212,24
V2-N,V2M-two_stage_user_local_reranker-v1,protocol_a_rollv2_cv3,3,2029,V2H-local-zero,False,zero_eeg_control,eeg_plus_base_0p50,base_logit,0.5,user_center_alpha_2p0,V1-profile-dynamic-gated_cross_attention,0.5792880258899676,0.6008834080830018,0.5792880258899676,0.5872166920381205,618,28,24,0.5758232055434853,0.5952106997940331,0.6331575477916942,24
V2-N,V2M-two_stage_user_local_reranker-v1,protocol_a_rollv2_cv3,3,2029,V2H-local-zero,False,zero_eeg_control,eeg_plus_base_rank_0p25,base_session_rank,0.25,user_center_alpha_2p0,V1-profile-dynamic-gated_cross_attention,0.5663430420711975,0.5857431571505359,0.5663430420711975,0.5405697807483522,618,28,24,0.5625821536660698,0.5807055290388624,0.6149564198344686,24
V2-N,V2M-two_stage_user_local_reranker-v1,protocol_a_rollv2_cv3,3,2029,V2H-local-zero,False,zero_eeg_control,eeg_plus_base_rank_0p50,base_session_rank,0.5,user_center_alpha_2p0,V1-profile-dynamic-gated_cross_attention,0.5760517799352751,0.5983066853418053,0.5760517799352751,0.5520275557775558,618,28,24,0.5725082124557649,0.5918716545799879,0.6153226397128837,24
V2-N,V2M-two_stage_user_local_reranker-v1,protocol_a_rollv2_cv3,3,2029,V2H-local-shuffle,False,shuffle_eeg_control,eeg_only,eeg_score,0.0,user_center_alpha_2p0,V1-profile-dynamic-gated_cross_attention,0.6359223300970874,0.658165041663655,0.6359223300970874,0.6754383843669558,618,28,24,0.637013607992629,0.647729812625646,0.5518201127957225,24
V2-N,V2M-two_stage_user_local_reranker-v1,protocol_a_rollv2_cv3,3,2029,V2H-local-shuffle,False,shuffle_eeg_control,base_only,base_logit,1.0,user_center_alpha_2p0,V1-profile-dynamic-gated_cross_attention,0.6197411003236246,0.6542003134917866,0.6197411003236246,0.6064140257890258,618,28,24,0.6361369787943215,0.650612990404657,0.7162162162162162,24
V2-N,V2M-two_stage_user_local_reranker-v1,protocol_a_rollv2_cv3,3,2029,V2H-local-shuffle,False,shuffle_eeg_control,eeg_plus_base_0p05,base_logit,0.05,user_center_alpha_2p0,V1-profile-dynamic-gated_cross_attention,0.6359223300970874,0.6596002268488401,0.6359223300970874,0.6766685430971144,618,28,24,0.6375575085365295,0.6488872200330534,0.5529187724309675,24
V2-N,V2M-two_stage_user_local_reranker-v1,protocol_a_rollv2_cv3,3,2029,V2H-local-shuffle,False,shuffle_eeg_control,eeg_plus_base_0p10,base_logit,0.1,user_center_alpha_2p0,V1-profile-dynamic-gated_cross_attention,0.6310679611650486,0.6528624622985756,0.6310679611650486,0.6701492687206972,618,28,24,0.6315551775341985,0.6426950904034238,0.5534681022485901,24
V2-N,V2M-two_stage_user_local_reranker-v1,protocol_a_rollv2_cv3,3,2029,V2H-local-shuffle,False,shuffle_eeg_control,eeg_plus_base_0p25,base_logit,0.25,user_center_alpha_2p0,V1-profile-dynamic-gated_cross_attention,0.6310679611650486,0.6556104457512159,0.6310679611650486,0.667462666301952,618,28,24,0.6360659445449656,0.6487125066291733,0.55566542151908,24
V2-N,V2M-two_stage_user_local_reranker-v1,protocol_a_rollv2_cv3,3,2029,V2H-local-shuffle,False,shuffle_eeg_control,eeg_plus_base_0p50,base_logit,0.5,user_center_alpha_2p0,V1-profile-dynamic-gated_cross_attention,0.627831715210356,0.66440830163821,0.627831715210356,0.6650240797562227,618,28,24,0.6365501825292035,0.6591032694157696,0.5599868160843771,24
V2-N,V2M-two_stage_user_local_reranker-v1,protocol_a_rollv2_cv3,3,2029,V2H-local-shuffle,False,shuffle_eeg_control,eeg_plus_base_rank_0p25,base_session_rank,0.25,user_center_alpha_2p0,V1-profile-dynamic-gated_cross_attention,0.6213592233009708,0.6425096637717574,0.6213592233009708,0.6511914077985506,618,28,24,0.6222159056949267,0.634144054248221,0.5520032227349301,24
V2-N,V2M-two_stage_user_local_reranker-v1,protocol_a_rollv2_cv3,3,2029,V2H-local-shuffle,False,shuffle_eeg_control,eeg_plus_base_rank_0p50,base_session_rank,0.5,user_center_alpha_2p0,V1-profile-dynamic-gated_cross_attention,0.6262135922330098,0.6470155610380713,0.6262135922330098,0.6510463775642347,618,28,24,0.6282140741930952,0.6397861397861399,0.553101882370175,24
V2-N,V2M-two_stage_user_local_reranker-v1,protocol_a_rollv2_cv3,3,2029,V2H-local-real,True,real_eeg,eeg_only,eeg_score,0.0,user_center_alpha_2p0,V1-profile-dynamic-gated_cross_attention,0.6779935275080906,0.6833061381868141,0.6779935275080906,0.6835537610537611,618,28,24,0.6886174625685115,0.6900620598537266,0.5928001171903611,24
V2-N,V2M-two_stage_user_local_reranker-v1,protocol_a_rollv2_cv3,3,2029,V2H-local-real,True,real_eeg,base_only,base_logit,1.0,user_center_alpha_2p0,V1-profile-dynamic-gated_cross_attention,0.6197411003236246,0.6542003134917866,0.6197411003236246,0.6064140257890258,618,28,24,0.6361369787943215,0.650612990404657,0.7162162162162162,24
V2-N,V2M-two_stage_user_local_reranker-v1,protocol_a_rollv2_cv3,3,2029,V2H-local-real,True,real_eeg,eeg_plus_base_0p05,base_logit,0.05,user_center_alpha_2p0,V1-profile-dynamic-gated_cross_attention,0.686084142394822,0.7058344586318013,0.686084142394822,0.7028637500066072,618,28,24,0.7007453987349092,0.7110526818860152,0.5940452647769721,24
V2-N,V2M-two_stage_user_local_reranker-v1,protocol_a_rollv2_cv3,3,2029,V2H-local-real,True,real_eeg,eeg_plus_base_0p10,base_logit,0.1,user_center_alpha_2p0,V1-profile-dynamic-gated_cross_attention,0.6844660194174758,0.7035196438169864,0.6844660194174758,0.7008796230224802,618,28,24,0.698608646598157,0.7087378670712005,0.5953270343514245,24
V2-N,V2M-two_stage_user_local_reranker-v1,protocol_a_rollv2_cv3,3,2029,V2H-local-real,True,real_eeg,eeg_plus_base_0p25,base_logit,0.25,user_center_alpha_2p0,V1-profile-dynamic-gated_cross_attention,0.6812297734627831,0.7015870780275127,0.6812297734627831,0.6992781490995778,618,28,24,0.6960251190146296,0.7068011386761386,0.5979638174760126,24
V2-N,V2M-two_stage_user_local_reranker-v1,protocol_a_rollv2_cv3,3,2029,V2H-local-real,True,real_eeg,eeg_plus_base_0p50,base_logit,0.5,user_center_alpha_2p0,V1-profile-dynamic-gated_cross_attention,0.6796116504854369,0.7033047064996886,0.6796116504854369,0.6958622297015155,618,28,24,0.6969534835793577,0.7091155025530025,0.6018091261993701,24
V2-N,V2M-two_stage_user_local_reranker-v1,protocol_a_rollv2_cv3,3,2029,V2H-local-real,True,real_eeg,eeg_plus_base_rank_0p25,base_session_rank,0.25,user_center_alpha_2p0,V1-profile-dynamic-gated_cross_attention,0.6796116504854369,0.7007602970227133,0.6796116504854369,0.6936318905961764,618,28,24,0.6948596178491284,0.705813484355151,0.5934959349593497,24
V2-N,V2M-two_stage_user_local_reranker-v1,protocol_a_rollv2_cv3,3,2029,V2H-local-real,True,real_eeg,eeg_plus_base_rank_0p50,base_session_rank,0.5,user_center_alpha_2p0,V1-profile-dynamic-gated_cross_attention,0.6731391585760518,0.6952414217094299,0.6731391585760518,0.6809844983059269,618,28,24,0.6902669882564988,0.7015299746549747,0.5938987768256062,24
V2-N,V2M-two_stage_user_local_reranker-v1,protocol_a_rollv2_cv3,1,2030,V2H-local-H2_E0,False,H2_E0_non_eeg,eeg_only,eeg_score,0.0,user_center_alpha_2p0,V1-profile-dynamic-gated_cross_attention,0.6588628762541806,0.661638431013431,0.6588628762541806,0.671047619047619,598,35,28,0.621067821067821,0.618623415275201,0.6428323498785145,28
V2-N,V2M-two_stage_user_local_reranker-v1,protocol_a_rollv2_cv3,1,2030,V2H-local-H2_E0,False,H2_E0_non_eeg,base_only,base_logit,1.0,user_center_alpha_2p0,V1-profile-dynamic-gated_cross_attention,0.6053511705685619,0.6028384214991357,0.6053511705685619,0.5733238507524222,598,35,28,0.6038363377915618,0.5971337095444238,0.6173203748698368,28
V2-N,V2M-two_stage_user_local_reranker-v1,protocol_a_rollv2_cv3,1,2030,V2H-local-H2_E0,False,H2_E0_non_eeg,eeg_plus_base_0p05,base_logit,0.05,user_center_alpha_2p0,V1-profile-dynamic-gated_cross_attention,0.6521739130434783,0.6527854453747312,0.6521739130434783,0.6631715797430082,598,35,28,0.6105738622902801,0.6067942391603106,0.6434571329399513,28
V2-N,V2M-two_stage_user_local_reranker-v1,protocol_a_rollv2_cv3,1,2030,V2H-local-H2_E0,False,H2_E0_non_eeg,eeg_plus_base_0p10,base_logit,0.1,user_center_alpha_2p0,V1-profile-dynamic-gated_cross_attention,0.6521739130434783,0.6552656041048899,0.6521739130434783,0.6651557067271352,598,35,28,0.6124395339320711,0.6082823343984057,0.6442554668517876,28
V2-N,V2M-two_stage_user_local_reranker-v1,protocol_a_rollv2_cv3,1,2030,V2H-local-H2_E0,False,H2_E0_non_eeg,eeg_plus_base_0p25,base_logit,0.25,user_center_alpha_2p0,V1-profile-dynamic-gated_cross_attention,0.6488294314381271,0.6500948819698821,0.6488294314381271,0.6588518518518517,598,35,28,0.6133243953393206,0.6104825895004468,0.6460603956959389,28
V2-N,V2M-two_stage_user_local_reranker-v1,protocol_a_rollv2_cv3,1,2030,V2H-local-H2_E0,False,H2_E0_non_eeg,eeg_plus_base_0p50,base_logit,0.5,user_center_alpha_2p0,V1-profile-dynamic-gated_cross_attention,0.6387959866220736,0.6370492470492471,0.6387959866220736,0.6323439153439152,598,35,28,0.6080329951971742,0.6047208264618978,0.6489066296424852,28
V2-N,V2M-two_stage_user_local_reranker-v1,protocol_a_rollv2_cv3,1,2030,V2H-local-H2_E0,False,H2_E0_non_eeg,eeg_plus_base_rank_0p25,base_session_rank,0.25,user_center_alpha_2p0,V1-profile-dynamic-gated_cross_attention,0.6605351170568562,0.6630036993429851,0.6605351170568562,0.6713461829176115,598,35,28,0.6237816329607374,0.6214342618360477,0.6445331482124262,28
V2-N,V2M-two_stage_user_local_reranker-v1,protocol_a_rollv2_cv3,1,2030,V2H-local-H2_E0,False,H2_E0_non_eeg,eeg_plus_base_rank_0p50,base_session_rank,0.5,user_center_alpha_2p0,V1-profile-dynamic-gated_cross_attention,0.6404682274247492,0.6408121838478982,0.6404682274247492,0.6303786848072562,598,35,28,0.6078967715534879,0.6062325422593279,0.6446025685525859,28
V2-N,V2M-two_stage_user_local_reranker-v1,protocol_a_rollv2_cv3,1,2030,V2H-local-zero,False,zero_eeg_control,eeg_only,eeg_score,0.0,user_center_alpha_2p0,V1-profile-dynamic-gated_cross_attention,0.6605351170568562,0.6420815328851043,0.6605351170568562,0.6578135779564351,598,35,28,0.6311506321207814,0.6303394059644061,0.6259284970496356,28
V2-N,V2M-two_stage_user_local_reranker-v1,protocol_a_rollv2_cv3,1,2030,V2H-local-zero,False,zero_eeg_control,base_only,base_logit,1.0,user_center_alpha_2p0,V1-profile-dynamic-gated_cross_attention,0.6053511705685619,0.6028384214991357,0.6053511705685619,0.5733238507524222,598,35,28,0.6038363377915618,0.5971337095444238,0.6173203748698368,28
V2-N,V2M-two_stage_user_local_reranker-v1,protocol_a_rollv2_cv3,1,2030,V2H-local-zero,False,zero_eeg_control,eeg_plus_base_0p05,base_logit,0.05,user_center_alpha_2p0,V1-profile-dynamic-gated_cross_attention,0.6588628762541806,0.6361556069591783,0.6588628762541806,0.6491045832474404,598,35,28,0.6270544463828047,0.6253630265237409,0.6266227004512324,28
V2-N,V2M-two_stage_user_local_reranker-v1,protocol_a_rollv2_cv3,1,2030,V2H-local-zero,False,zero_eeg_control,eeg_plus_base_0p10,base_logit,0.1,user_center_alpha_2p0,V1-profile-dynamic-gated_cross_attention,0.6588628762541806,0.6370059470952327,0.6588628762541806,0.6497848553562839,598,35,28,0.6288170618767635,0.6276419380883667,0.6269698021520306,28
V2-N,V2M-two_stage_user_local_reranker-v1,protocol_a_rollv2_cv3,1,2030,V2H-local-zero,False,zero_eeg_control,eeg_plus_base_0p25,base_logit,0.25,user_center_alpha_2p0,V1-profile-dynamic-gated_cross_attention,0.6555183946488294,0.6519435888185887,0.6555183946488294,0.6617349687349687,598,35,28,0.6194293683099654,0.6169933604755033,0.6282193682749045,28
V2-N,V2M-two_stage_user_local_reranker-v1,protocol_a_rollv2_cv3,1,2030,V2H-local-zero,False,zero_eeg_control,eeg_plus_base_0p50,base_logit,0.5,user_center_alpha_2p0,V1-profile-dynamic-gated_cross_attention,0.6521739130434783,0.6438445714338571,0.6521739130434783,0.6516843262557549,598,35,28,0.6195585923197864,0.6162152563045421,0.6312044429017702,28
V2-N,V2M-two_stage_user_local_reranker-v1,protocol_a_rollv2_cv3,1,2030,V2H-local-zero,False,zero_eeg_control,eeg_plus_base_rank_0p25,base_session_rank,0.25,user_center_alpha_2p0,V1-profile-dynamic-gated_cross_attention,0.6605351170568562,0.6391884867777724,0.6605351170568562,0.6515308871023157,598,35,28,0.6318139820378627,0.6308448859341717,0.6269350919819507,28
V2-N,V2M-two_stage_user_local_reranker-v1,protocol_a_rollv2_cv3,1,2030,V2H-local-zero,False,zero_eeg_control,eeg_plus_base_rank_0p50,base_session_rank,0.5,user_center_alpha_2p0,V1-profile-dynamic-gated_cross_attention,0.6454849498327759,0.6361697792947792,0.6454849498327759,0.6336397306397306,598,35,28,0.6170852447718121,0.6155274256167115,0.6275251648733079,28
V2-N,V2M-two_stage_user_local_reranker-v1,protocol_a_rollv2_cv3,1,2030,V2H-local-shuffle,False,shuffle_eeg_control,eeg_only,eeg_score,0.0,user_center_alpha_2p0,V1-profile-dynamic-gated_cross_attention,0.6254180602006689,0.6496283214140357,0.6254180602006689,0.691161753590325,598,35,28,0.6266294070771683,0.6260395193430908,0.5780284623394655,28
V2-N,V2M-two_stage_user_local_reranker-v1,protocol_a_rollv2_cv3,1,2030,V2H-local-shuffle,False,shuffle_eeg_control,base_only,base_logit,1.0,user_center_alpha_2p0,V1-profile-dynamic-gated_cross_attention,0.6053511705685619,0.6028384214991357,0.6053511705685619,0.5733238507524222,598,35,28,0.6038363377915618,0.5971337095444238,0.6173203748698368,28
V2-N,V2M-two_stage_user_local_reranker-v1,protocol_a_rollv2_cv3,1,2030,V2H-local-shuffle,False,shuffle_eeg_control,eeg_plus_base_0p05,base_logit,0.05,user_center_alpha_2p0,V1-profile-dynamic-gated_cross_attention,0.6321070234113713,0.6530107855107855,0.6321070234113713,0.6938677248677249,598,35,28,0.6320475544356141,0.6314061104239675,0.5783061437001041,28
V2-N,V2M-two_stage_user_local_reranker-v1,protocol_a_rollv2_cv3,1,2030,V2H-local-shuffle,False,shuffle_eeg_control,eeg_plus_base_0p10,base_logit,0.1,user_center_alpha_2p0,V1-profile-dynamic-gated_cross_attention,0.6321070234113713,0.6543500712250713,0.6321070234113713,0.6949391534391535,598,35,28,0.6337687105597554,0.6334327544148971,0.578757375911142,28
V2-N,V2M-two_stage_user_local_reranker-v1,protocol_a_rollv2_cv3,1,2030,V2H-local-shuffle,False,shuffle_eeg_control,eeg_plus_base_0p25,base_logit,0.25,user_center_alpha_2p0,V1-profile-dynamic-gated_cross_attention,0.6404682274247492,0.678201639630211,0.6404682274247492,0.7140204081632653,598,35,28,0.634024574099201,0.6327257910740053,0.5798333911836169,28
V2-N,V2M-two_stage_user_local_reranker-v1,protocol_a_rollv2_cv3,1,2030,V2H-local-shuffle,False,shuffle_eeg_control,eeg_plus_base_0p50,base_logit,0.5,user_center_alpha_2p0,V1-profile-dynamic-gated_cross_attention,0.637123745819398,0.6609915184022327,0.637123745819398,0.6889977324263038,598,35,28,0.6319811117572313,0.6302043393114821,0.5821936827490455,28
V2-N,V2M-two_stage_user_local_reranker-v1,protocol_a_rollv2_cv3,1,2030,V2H-local-shuffle,False,shuffle_eeg_control,eeg_plus_base_rank_0p25,base_session_rank,0.25,user_center_alpha_2p0,V1-profile-dynamic-gated_cross_attention,0.6354515050167224,0.6564759215652073,0.6354515050167224,0.6841398337112622,598,35,28,0.6348999590790636,0.6349385650724937,0.5786185352308226,28
V2-N,V2M-two_stage_user_local_reranker-v1,protocol_a_rollv2_cv3,1,2030,V2H-local-shuffle,False,shuffle_eeg_control,eeg_plus_base_rank_0p50,base_session_rank,0.5,user_center_alpha_2p0,V1-profile-dynamic-gated_cross_attention,0.6387959866220736,0.667159028141171,0.6387959866220736,0.6841942554799698,598,35,28,0.6369835885507528,0.6365492510135368,0.5786185352308226,28
V2-N,V2M-two_stage_user_local_reranker-v1,protocol_a_rollv2_cv3,1,2030,V2H-local-real,True,real_eeg,eeg_only,eeg_score,0.0,user_center_alpha_2p0,V1-profile-dynamic-gated_cross_attention,0.7274247491638796,0.7558150711722141,0.7274247491638796,0.7687546210403354,598,35,28,0.7303007688828583,0.7327201006665292,0.5904547032280458,28
V2-N,V2M-two_stage_user_local_reranker-v1,protocol_a_rollv2_cv3,1,2030,V2H-local-real,True,real_eeg,base_only,base_logit,1.0,user_center_alpha_2p0,V1-profile-dynamic-gated_cross_attention,0.6053511705685619,0.6028384214991357,0.6053511705685619,0.5733238507524222,598,35,28,0.6038363377915618,0.5971337095444238,0.6173203748698368,28
V2-N,V2M-two_stage_user_local_reranker-v1,protocol_a_rollv2_cv3,1,2030,V2H-local-real,True,real_eeg,eeg_plus_base_0p05,base_logit,0.05,user_center_alpha_2p0,V1-profile-dynamic-gated_cross_attention,0.7224080267558528,0.7486296970225543,0.7224080267558528,0.7630063217206076,598,35,28,0.7257911740001292,0.7277456108706107,0.5906976744186047,28
V2-N,V2M-two_stage_user_local_reranker-v1,protocol_a_rollv2_cv3,1,2030,V2H-local-real,True,real_eeg,eeg_plus_base_0p10,base_logit,0.1,user_center_alpha_2p0,V1-profile-dynamic-gated_cross_attention,0.7240802675585284,0.74929107268393,0.7240802675585284,0.763535422249708,598,35,28,0.7266203613964808,0.7284069865319864,0.5913571676501215,28
V2-N,V2M-two_stage_user_local_reranker-v1,protocol_a_rollv2_cv3,1,2030,V2H-local-real,True,real_eeg,eeg_plus_base_0p25,base_logit,0.25,user_center_alpha_2p0,V1-profile-dynamic-gated_cross_attention,0.7207357859531772,0.7448267869696441,0.7207357859531772,0.7591703428846286,598,35,28,0.7235109086601623,0.7254307960557961,0.5924331829225964,28
V2-N,V2M-two_stage_user_local_reranker-v1,protocol_a_rollv2_cv3,1,2030,V2H-local-real,True,real_eeg,eeg_plus_base_0p50,base_logit,0.5,user_center_alpha_2p0,V1-profile-dynamic-gated_cross_attention,0.7123745819397993,0.72023069853427,0.7123745819397993,0.7381045832474403,598,35,28,0.7112863173310934,0.713413364083007,0.593335647344672,28
V2-N,V2M-two_stage_user_local_reranker-v1,protocol_a_rollv2_cv3,1,2030,V2H-local-real,True,real_eeg,eeg_plus_base_rank_0p25,base_session_rank,0.25,user_center_alpha_2p0,V1-profile-dynamic-gated_cross_attention,0.7240802675585284,0.74929107268393,0.7240802675585284,0.763535422249708,598,35,28,0.72385561370636,0.725898483130626,0.591044776119403,28
V2-N,V2M-two_stage_user_local_reranker-v1,protocol_a_rollv2_cv3,1,2030,V2H-local-real,True,real_eeg,eeg_plus_base_rank_0p50,base_session_rank,0.5,user_center_alpha_2p0,V1-profile-dynamic-gated_cross_attention,0.725752508361204,0.7495036577179433,0.725752508361204,0.762911839483268,598,35,28,0.7215871939006266,0.724024900364186,0.5919472405414786,28
V2-N,V2M-two_stage_user_local_reranker-v1,protocol_a_rollv2_cv3,2,2030,V2H-local-H2_E0,False,H2_E0_non_eeg,eeg_only,eeg_score,0.0,user_center_alpha_2p0,V1-profile-dynamic-gated_cross_attention,0.559931506849315,0.5538498538498539,0.559931506849315,0.5405190796857463,584,30,26,0.547056727994228,0.5423197173197173,0.6110574687980546,26
V2-N,V2M-two_stage_user_local_reranker-v1,protocol_a_rollv2_cv3,2,2030,V2H-local-H2_E0,False,H2_E0_non_eeg,base_only,base_logit,1.0,user_center_alpha_2p0,V1-profile-dynamic-gated_cross_attention,0.6267123287671232,0.6368876493876494,0.6267123287671232,0.6421412538079204,584,30,26,0.6280566829004328,0.6281401468901469,0.6986732467904017,26
V2-N,V2M-two_stage_user_local_reranker-v1,protocol_a_rollv2_cv3,2,2030,V2H-local-H2_E0,False,H2_E0_non_eeg,eeg_plus_base_0p05,base_logit,0.05,user_center_alpha_2p0,V1-profile-dynamic-gated_cross_attention,0.5616438356164384,0.5575001387501387,0.5616438356164384,0.5436826599326599,584,30,26,0.5543128832972584,0.5497578810078809,0.612166076601223,26
V2-N,V2M-two_stage_user_local_reranker-v1,protocol_a_rollv2_cv3,2,2030,V2H-local-H2_E0,False,H2_E0_non_eeg,eeg_plus_base_0p10,base_logit,0.1,user_center_alpha_2p0,V1-profile-dynamic-gated_cross_attention,0.565068493150685,0.5652840215340215,0.565068493150685,0.5504286916786917,584,30,26,0.5591181908369408,0.5564733877233876,0.6133104459464291,26
V2-N,V2M-two_stage_user_local_reranker-v1,protocol_a_rollv2_cv3,2,2030,V2H-local-H2_E0,False,H2_E0_non_eeg,eeg_plus_base_0p25,base_logit,0.25,user_center_alpha_2p0,V1-profile-dynamic-gated_cross_attention,0.571917808219178,0.5735893735893736,0.571917808219178,0.5581557639890974,584,30,26,0.5690849341630592,0.5655737780737781,0.6167077924400101,26
V2-N,V2M-two_stage_user_local_reranker-v1,protocol_a_rollv2_cv3,2,2030,V2H-local-H2_E0,False,H2_E0_non_eeg,eeg_plus_base_0p50,base_logit,0.5,user_center_alpha_2p0,V1-profile-dynamic-gated_cross_attention,0.583904109589041,0.5920315795315795,0.583904109589041,0.5863612313612313,584,30,26,0.5839089556277056,0.5818875568875569,0.6231448700067947,26
V2-N,V2M-two_stage_user_local_reranker-v1,protocol_a_rollv2_cv3,2,2030,V2H-local-H2_E0,False,H2_E0_non_eeg,eeg_plus_base_rank_0p25,base_session_rank,0.25,user_center_alpha_2p0,V1-profile-dynamic-gated_cross_attention,0.5804794520547946,0.5801929551929551,0.5804794520547946,0.5658497675164341,584,30,26,0.570606286075036,0.5680932493432493,0.6128813074419769,26
V2-N,V2M-two_stage_user_local_reranker-v1,protocol_a_rollv2_cv3,2,2030,V2H-local-H2_E0,False,H2_E0_non_eeg,eeg_plus_base_rank_0p50,base_session_rank,0.5,user_center_alpha_2p0,V1-profile-dynamic-gated_cross_attention,0.5821917808219178,0.5875622063122063,0.5821917808219178,0.582487774571108,584,30,26,0.5826440746753246,0.5797991360491361,0.6144548152916354,26
V2-N,V2M-two_stage_user_local_reranker-v1,protocol_a_rollv2_cv3,2,2030,V2H-local-zero,False,zero_eeg_control,eeg_only,eeg_score,0.0,user_center_alpha_2p0,V1-profile-dynamic-gated_cross_attention,0.5736301369863014,0.5679396991896992,0.5736301369863014,0.5474260461760461,584,30,26,0.5607620851370851,0.5551885614385614,0.6016879447841791,26
V2-N,V2M-two_stage_user_local_reranker-v1,protocol_a_rollv2_cv3,2,2030,V2H-local-zero,False,zero_eeg_control,base_only,base_logit,1.0,user_center_alpha_2p0,V1-profile-dynamic-gated_cross_attention,0.6267123287671232,0.6368876493876494,0.6267123287671232,0.6421412538079204,584,30,26,0.6280566829004328,0.6281401468901469,0.6986732467904017,26
V2-N,V2M-two_stage_user_local_reranker-v1,protocol_a_rollv2_cv3,2,2030,V2H-local-zero,False,zero_eeg_control,eeg_plus_base_0p05,base_logit,0.05,user_center_alpha_2p0,V1-profile-dynamic-gated_cross_attention,0.5736301369863014,0.5680999555999556,0.5736301369863014,0.5475649350649351,584,30,26,0.5623208648989899,0.5562645687645688,0.6024746987090083,26
V2-N,V2M-two_stage_user_local_reranker-v1,protocol_a_rollv2_cv3,2,2030,V2H-local-zero,False,zero_eeg_control,eeg_plus_base_0p10,base_logit,0.1,user_center_alpha_2p0,V1-profile-dynamic-gated_cross_attention,0.5753424657534246,0.5661132848632848,0.5753424657534246,0.5483431537598203,584,30,26,0.5632869994588744,0.5566671754171754,0.6034760218860636,26
V2-N,V2M-two_stage_user_local_reranker-v1,protocol_a_rollv2_cv3,2,2030,V2H-local-zero,False,zero_eeg_control,eeg_plus_base_0p25,base_logit,0.25,user_center_alpha_2p0,V1-profile-dynamic-gated_cross_attention,0.5804794520547946,0.5730933418433418,0.5804794520547946,0.5562443883277217,584,30,26,0.569974972943723,0.5639386076886077,0.6073025068840969,26
V2-N,V2M-two_stage_user_local_reranker-v1,protocol_a_rollv2_cv3,2,2030,V2H-local-zero,False,zero_eeg_control,eeg_plus_base_0p50,base_logit,0.5,user_center_alpha_2p0,V1-profile-dynamic-gated_cross_attention,0.6027397260273972,0.5993434805934806,0.6027397260273972,0.5750130270963605,584,30,26,0.596582454004329,0.5912064787064787,0.6148839537960876,26
V2-N,V2M-two_stage_user_local_reranker-v1,protocol_a_rollv2_cv3,2,2030,V2H-local-zero,False,zero_eeg_control,eeg_plus_base_rank_0p25,base_session_rank,0.25,user_center_alpha_2p0,V1-profile-dynamic-gated_cross_attention,0.5821917808219178,0.5714551652051651,0.5821917808219178,0.5489913019079685,584,30,26,0.56728005501443,0.5608872608872609,0.6025819833351214,26
V2-N,V2M-two_stage_user_local_reranker-v1,protocol_a_rollv2_cv3,2,2030,V2H-local-zero,False,zero_eeg_control,eeg_plus_base_rank_0p50,base_session_rank,0.5,user_center_alpha_2p0,V1-profile-dynamic-gated_cross_attention,0.6044520547945206,0.5963712213712213,0.6044520547945206,0.5798444765111432,584,30,26,0.5892086038961039,0.5838511026011026,0.6048707220255337,26
V2-N,V2M-two_stage_user_local_reranker-v1,protocol_a_rollv2_cv3,2,2030,V2H-local-shuffle,False,shuffle_eeg_control,eeg_only,eeg_score,0.0,user_center_alpha_2p0,V1-profile-dynamic-gated_cross_attention,0.6147260273972602,0.6315258815258815,0.6147260273972602,0.6169652877986211,584,30,26,0.6189995941558442,0.6158122895622895,0.6630189893788221,26
V2-N,V2M-two_stage_user_local_reranker-v1,protocol_a_rollv2_cv3,2,2030,V2H-local-shuffle,False,shuffle_eeg_control,base_only,base_logit,1.0,user_center_alpha_2p0,V1-profile-dynamic-gated_cross_attention,0.6267123287671232,0.6368876493876494,0.6267123287671232,0.6421412538079204,584,30,26,0.6280566829004328,0.6281401468901469,0.6986732467904017,26
V2-N,V2M-two_stage_user_local_reranker-v1,protocol_a_rollv2_cv3,2,2030,V2H-local-shuffle,False,shuffle_eeg_control,eeg_plus_base_0p05,base_logit,0.05,user_center_alpha_2p0,V1-profile-dynamic-gated_cross_attention,0.6147260273972602,0.6307245994745995,0.6147260273972602,0.6162708433541767,584,30,26,0.6161040088383838,0.6127597865097865,0.6638057433036513,26
V2-N,V2M-two_stage_user_local_reranker-v1,protocol_a_rollv2_cv3,2,2030,V2H-local-shuffle,False,shuffle_eeg_control,eeg_plus_base_0p10,base_logit,0.1,user_center_alpha_2p0,V1-profile-dynamic-gated_cross_attention,0.6164383561643836,0.6308848558848559,0.6164383561643836,0.6164097322430656,584,30,26,0.6164709595959595,0.6132696932696932,0.6648428280227443,26
V2-N,V2M-two_stage_user_local_reranker-v1,protocol_a_rollv2_cv3,2,2030,V2H-local-shuffle,False,shuffle_eeg_control,eeg_plus_base_0p25,base_logit,0.25,user_center_alpha_2p0,V1-profile-dynamic-gated_cross_attention,0.6198630136986302,0.6366642616642616,0.6198630136986302,0.6203074394741062,584,30,26,0.6270241477272728,0.6246511359011359,0.6668812359188929,26
V2-N,V2M-two_stage_user_local_reranker-v1,protocol_a_rollv2_cv3,2,2030,V2H-local-shuffle,False,shuffle_eeg_control,eeg_plus_base_0p50,base_logit,0.5,user_center_alpha_2p0,V1-profile-dynamic-gated_cross_attention,0.6232876712328768,0.6352575665075665,0.6232876712328768,0.6178184624017958,584,30,26,0.6286872068903319,0.6258244995744995,0.6699567285341345,26
V2-N,V2M-two_stage_user_local_reranker-v1,protocol_a_rollv2_cv3,2,2030,V2H-local-shuffle,False,shuffle_eeg_control,eeg_plus_base_rank_0p25,base_session_rank,0.25,user_center_alpha_2p0,V1-profile-dynamic-gated_cross_attention,0.6198630136986302,0.6396862396862397,0.6198630136986302,0.6229264870931537,584,30,26,0.6243195346320346,0.6222625522625521,0.663948789471802,26
V2-N,V2M-two_stage_user_local_reranker-v1,protocol_a_rollv2_cv3,2,2030,V2H-local-shuffle,False,shuffle_eeg_control,eeg_plus_base_rank_0p50,base_session_rank,0.5,user_center_alpha_2p0,V1-profile-dynamic-gated_cross_attention,0.6215753424657534,0.6461982461982463,0.6215753424657534,0.6251707551707552,584,30,26,0.6362505636724387,0.6347512210012209,0.6644136895182919,26
V2-N,V2M-two_stage_user_local_reranker-v1,protocol_a_rollv2_cv3,2,2030,V2H-local-real,True,real_eeg,eeg_only,eeg_score,0.0,user_center_alpha_2p0,V1-profile-dynamic-gated_cross_attention,0.6506849315068494,0.6340312465312465,0.6506849315068494,0.6179725829725828,584,30,26,0.6166688086219336,0.61753108003108,0.5928190823588313,26
V2-N,V2M-two_stage_user_local_reranker-v1,protocol_a_rollv2_cv3,2,2030,V2H-local-real,True,real_eeg,base_only,base_logit,1.0,user_center_alpha_2p0,V1-profile-dynamic-gated_cross_attention,0.6267123287671232,0.6368876493876494,0.6267123287671232,0.6421412538079204,584,30,26,0.6280566829004328,0.6281401468901469,0.6986732467904017,26
V2-N,V2M-two_stage_user_local_reranker-v1,protocol_a_rollv2_cv3,2,2030,V2H-local-real,True,real_eeg,eeg_plus_base_0p05,base_logit,0.05,user_center_alpha_2p0,V1-profile-dynamic-gated_cross_attention,0.6523972602739726,0.6356338106338106,0.6523972602739726,0.6195598845598844,584,30,26,0.6177625586219336,0.6184926184926185,0.5935700747416228,26
V2-N,V2M-two_stage_user_local_reranker-v1,protocol_a_rollv2_cv3,2,2030,V2H-local-real,True,real_eeg,eeg_plus_base_0p10,base_logit,0.1,user_center_alpha_2p0,V1-profile-dynamic-gated_cross_attention,0.6558219178082192,0.6389991952491952,0.6558219178082192,0.6321987734487734,584,30,26,0.6192469336219336,0.6201097513597513,0.5942137824983013,26
V2-N,V2M-two_stage_user_local_reranker-v1,protocol_a_rollv2_cv3,2,2030,V2H-local-real,True,real_eeg,eeg_plus_base_0p25,base_logit,0.25,user_center_alpha_2p0,V1-profile-dynamic-gated_cross_attention,0.6558219178082192,0.6403906278906278,0.6558219178082192,0.6442380150713484,584,30,26,0.6179932133838384,0.6184403559403558,0.5956800057218467,26
V2-N,V2M-two_stage_user_local_reranker-v1,protocol_a_rollv2_cv3,2,2030,V2H-local-real,True,real_eeg,eeg_plus_base_0p50,base_logit,0.5,user_center_alpha_2p0,V1-profile-dynamic-gated_cross_attention,0.6541095890410958,0.6365622803122802,0.6541095890410958,0.6374280503447171,584,30,26,0.6224873737373737,0.6226102601102601,0.5996137753459929,26
V2-N,V2M-two_stage_user_local_reranker-v1,protocol_a_rollv2_cv3,2,2030,V2H-local-real,True,real_eeg,eeg_plus_base_rank_0p25,base_session_rank,0.25,user_center_alpha_2p0,V1-profile-dynamic-gated_cross_attention,0.6575342465753424,0.6414946164946165,0.6575342465753424,0.6451948051948051,584,30,26,0.618705018939394,0.6195443445443445,0.5940349747881128,26
V2-N,V2M-two_stage_user_local_reranker-v1,protocol_a_rollv2_cv3,2,2030,V2H-local-real,True,real_eeg,eeg_plus_base_rank_0p50,base_session_rank,0.5,user_center_alpha_2p0,V1-profile-dynamic-gated_cross_attention,0.660958904109589,0.6455035705035704,0.660958904109589,0.6430475388808721,584,30,26,0.623819218975469,0.6247749935249935,0.5949290133390551,26
V2-N,V2M-two_stage_user_local_reranker-v1,protocol_a_rollv2_cv3,3,2030,V2H-local-H2_E0,False,H2_E0_non_eeg,eeg_only,eeg_score,0.0,user_center_alpha_2p0,V1-profile-dynamic-gated_cross_attention,0.5857605177993528,0.6209808447534195,0.5857605177993528,0.6140812527419669,618,28,24,0.6029982061450592,0.6210285470702138,0.6372225884421006,24
V2-N,V2M-two_stage_user_local_reranker-v1,protocol_a_rollv2_cv3,3,2030,V2H-local-H2_E0,False,H2_E0_non_eeg,base_only,base_logit,1.0,user_center_alpha_2p0,V1-profile-dynamic-gated_cross_attention,0.6197411003236246,0.6542003134917866,0.6197411003236246,0.6064140257890258,618,28,24,0.6361369787943215,0.650612990404657,0.7162162162162162,24
V2-N,V2M-two_stage_user_local_reranker-v1,protocol_a_rollv2_cv3,3,2030,V2H-local-H2_E0,False,H2_E0_non_eeg,eeg_plus_base_0p05,base_logit,0.05,user_center_alpha_2p0,V1-profile-dynamic-gated_cross_attention,0.5922330097087378,0.6271105906775735,0.5922330097087378,0.6195991871884728,618,28,24,0.6069500623696428,0.6248735446652113,0.6397861275910056,24
V2-N,V2M-two_stage_user_local_reranker-v1,protocol_a_rollv2_cv3,3,2030,V2H-local-H2_E0,False,H2_E0_non_eeg,eeg_plus_base_0p10,base_logit,0.1,user_center_alpha_2p0,V1-profile-dynamic-gated_cross_attention,0.5970873786407767,0.6313801139330035,0.5970873786407767,0.6225428671857244,618,28,24,0.612804056860001,0.6307935081893415,0.6418735808979712,24
V2-N,V2M-two_stage_user_local_reranker-v1,protocol_a_rollv2_cv3,3,2030,V2H-local-H2_E0,False,H2_E0_non_eeg,eeg_plus_base_0p25,base_logit,0.25,user_center_alpha_2p0,V1-profile-dynamic-gated_cross_attention,0.6035598705501618,0.6404320171298048,0.6035598705501618,0.6255234910592052,618,28,24,0.6223567904511961,0.6406151487401488,0.6489782465392221,24
V2-N,V2M-two_stage_user_local_reranker-v1,protocol_a_rollv2_cv3,3,2030,V2H-local-H2_E0,False,H2_E0_non_eeg,eeg_plus_base_0p50,base_logit,0.5,user_center_alpha_2p0,V1-profile-dynamic-gated_cross_attention,0.6229773462783171,0.6673339093003373,0.6229773462783171,0.644728872318158,618,28,24,0.6453487751564675,0.6643011887803555,0.6592324031348422,24
V2-N,V2M-two_stage_user_local_reranker-v1,protocol_a_rollv2_cv3,3,2030,V2H-local-H2_E0,False,H2_E0_non_eeg,eeg_plus_base_rank_0p25,base_session_rank,0.25,user_center_alpha_2p0,V1-profile-dynamic-gated_cross_attention,0.6003236245954693,0.635967209276839,0.6003236245954693,0.6215920851635138,618,28,24,0.6162476218420274,0.6343227104685437,0.6411777631289827,24
V2-N,V2M-two_stage_user_local_reranker-v1,protocol_a_rollv2_cv3,3,2030,V2H-local-H2_E0,False,H2_E0_non_eeg,eeg_plus_base_rank_0p50,base_session_rank,0.5,user_center_alpha_2p0,V1-profile-dynamic-gated_cross_attention,0.6197411003236246,0.6624759455251586,0.6197411003236246,0.5993485813128671,618,28,24,0.6391882689959614,0.6573595000678334,0.643265216435948,24
V2-N,V2M-two_stage_user_local_reranker-v1,protocol_a_rollv2_cv3,3,2030,V2H-local-zero,False,zero_eeg_control,eeg_only,eeg_score,0.0,user_center_alpha_2p0,V1-profile-dynamic-gated_cross_attention,0.5598705501618123,0.5773235871932982,0.5598705501618123,0.5560055982377412,618,28,24,0.5697976945354568,0.5864697146988814,0.580788105178349,24
V2-N,V2M-two_stage_user_local_reranker-v1,protocol_a_rollv2_cv3,3,2030,V2H-local-zero,False,zero_eeg_control,base_only,base_logit,1.0,user_center_alpha_2p0,V1-profile-dynamic-gated_cross_attention,0.6197411003236246,0.6542003134917866,0.6197411003236246,0.6064140257890258,618,28,24,0.6361369787943215,0.650612990404657,0.7162162162162162,24
V2-N,V2M-two_stage_user_local_reranker-v1,protocol_a_rollv2_cv3,3,2030,V2H-local-zero,False,zero_eeg_control,eeg_plus_base_0p05,base_logit,0.05,user_center_alpha_2p0,V1-profile-dynamic-gated_cross_attention,0.5663430420711975,0.5835523390497913,0.5663430420711975,0.5616083949119663,618,28,24,0.5748953746331369,0.5914631009422676,0.5836446202299861,24
V2-N,V2M-two_stage_user_local_reranker-v1,protocol_a_rollv2_cv3,3,2030,V2H-local-zero,False,zero_eeg_control,eeg_plus_base_0p10,base_logit,0.1,user_center_alpha_2p0,V1-profile-dynamic-gated_cross_attention,0.5663430420711975,0.5825979288766311,0.5663430420711975,0.5609497678247679,618,28,24,0.573771372372771,0.5900724584057918,0.5858053175126345,24
V2-N,V2M-two_stage_user_local_reranker-v1,protocol_a_rollv2_cv3,3,2030,V2H-local-zero,False,zero_eeg_control,eeg_plus_base_0p25,base_logit,0.25,user_center_alpha_2p0,V1-profile-dynamic-gated_cross_attention,0.5776699029126213,0.596186419556679,0.5776699029126213,0.5727508899830329,618,28,24,0.5852267972897345,0.6033421979255312,0.5929099831538855,24
V2-N,V2M-two_stage_user_local_reranker-v1,protocol_a_rollv2_cv3,3,2030,V2H-local-zero,False,zero_eeg_control,eeg_plus_base_0p50,base_logit,0.5,user_center_alpha_2p0,V1-profile-dynamic-gated_cross_attention,0.6051779935275081,0.6214737424263999,0.6051779935275081,0.5938142545285403,618,28,24,0.6126564771669666,0.6295425562092228,0.60400644546986,24
V2-N,V2M-two_stage_user_local_reranker-v1,protocol_a_rollv2_cv3,3,2030,V2H-local-zero,False,zero_eeg_control,eeg_plus_base_rank_0p25,base_session_rank,0.25,user_center_alpha_2p0,V1-profile-dynamic-gated_cross_attention,0.5841423948220065,0.6047961182157197,0.5841423948220065,0.5807702515738231,618,28,24,0.5932602168616156,0.6106699010865678,0.5825825825825826,24
V2-N,V2M-two_stage_user_local_reranker-v1,protocol_a_rollv2_cv3,3,2030,V2H-local-zero,False,zero_eeg_control,eeg_plus_base_rank_0p50,base_session_rank,0.5,user_center_alpha_2p0,V1-profile-dynamic-gated_cross_attention,0.5906148867313916,0.6097601495094077,0.5906148867313916,0.5834057377807378,618,28,24,0.5954902711895719,0.6145779683279683,0.5839742181205596,24
V2-N,V2M-two_stage_user_local_reranker-v1,protocol_a_rollv2_cv3,3,2030,V2H-local-shuffle,False,shuffle_eeg_control,eeg_only,eeg_score,0.0,user_center_alpha_2p0,V1-profile-dynamic-gated_cross_attention,0.6181229773462783,0.6195545758516605,0.6181229773462783,0.623746841782556,618,28,24,0.6152388792248933,0.6223039653247987,0.5480480480480481,24
V2-N,V2M-two_stage_user_local_reranker-v1,protocol_a_rollv2_cv3,3,2030,V2H-local-shuffle,False,shuffle_eeg_control,base_only,base_logit,1.0,user_center_alpha_2p0,V1-profile-dynamic-gated_cross_attention,0.6197411003236246,0.6542003134917866,0.6197411003236246,0.6064140257890258,618,28,24,0.6361369787943215,0.650612990404657,0.7162162162162162,24
V2-N,V2M-two_stage_user_local_reranker-v1,protocol_a_rollv2_cv3,3,2030,V2H-local-shuffle,False,shuffle_eeg_control,eeg_plus_base_0p05,base_logit,0.05,user_center_alpha_2p0,V1-profile-dynamic-gated_cross_attention,0.6213592233009708,0.6241379091849938,0.6213592233009708,0.6276754132111274,618,28,24,0.617676719162733,0.6252900764359098,0.549512927561708,24
V2-N,V2M-two_stage_user_local_reranker-v1,protocol_a_rollv2_cv3,3,2030,V2H-local-shuffle,False,shuffle_eeg_control,eeg_plus_base_0p10,base_logit,0.1,user_center_alpha_2p0,V1-profile-dynamic-gated_cross_attention,0.6245954692556634,0.6294330480738827,0.6245954692556634,0.6331175900818756,618,28,24,0.6223484363344504,0.6298811258186259,0.5503918552699041,24
V2-N,V2M-two_stage_user_local_reranker-v1,protocol_a_rollv2_cv3,3,2030,V2H-local-shuffle,False,shuffle_eeg_control,eeg_plus_base_0p25,base_logit,0.25,user_center_alpha_2p0,V1-profile-dynamic-gated_cross_attention,0.6245954692556634,0.6303324899656492,0.6245954692556634,0.6339929680108252,618,28,24,0.6224289114149253,0.6304477043018709,0.5537244561634805,24
V2-N,V2M-two_stage_user_local_reranker-v1,protocol_a_rollv2_cv3,3,2030,V2H-local-shuffle,False,shuffle_eeg_control,eeg_plus_base_0p50,base_logit,0.5,user_center_alpha_2p0,V1-profile-dynamic-gated_cross_attention,0.6181229773462783,0.6416634124699785,0.6181229773462783,0.6385037317180174,618,28,24,0.6270782151026907,0.645057704641038,0.5606093898776826,24
V2-N,V2M-two_stage_user_local_reranker-v1,protocol_a_rollv2_cv3,3,2030,V2H-local-shuffle,False,shuffle_eeg_control,eeg_plus_base_rank_0p25,base_session_rank,0.25,user_center_alpha_2p0,V1-profile-dynamic-gated_cross_attention,0.6197411003236246,0.626014809189635,0.6197411003236246,0.6146670987742416,618,28,24,0.6199966214826355,0.6278606231731231,0.5502087453306966,24
V2-N,V2M-two_stage_user_local_reranker-v1,protocol_a_rollv2_cv3,3,2030,V2H-local-shuffle,False,shuffle_eeg_control,eeg_plus_base_rank_0p50,base_session_rank,0.5,user_center_alpha_2p0,V1-profile-dynamic-gated_cross_attention,0.6132686084142395,0.6233623212001372,0.6132686084142395,0.6073515208336636,618,28,24,0.6212409967654722,0.6291549268632602,0.5511975390024171,24
V2-N,V2M-two_stage_user_local_reranker-v1,protocol_a_rollv2_cv3,3,2030,V2H-local-real,True,real_eeg,eeg_only,eeg_score,0.0,user_center_alpha_2p0,V1-profile-dynamic-gated_cross_attention,0.6407766990291263,0.646509679255261,0.6407766990291263,0.6509347464704608,618,28,24,0.6573194288229254,0.6600025745859079,0.5831685343880465,24
V2-N,V2M-two_stage_user_local_reranker-v1,protocol_a_rollv2_cv3,3,2030,V2H-local-real,True,real_eeg,base_only,base_logit,1.0,user_center_alpha_2p0,V1-profile-dynamic-gated_cross_attention,0.6197411003236246,0.6542003134917866,0.6197411003236246,0.6064140257890258,618,28,24,0.6361369787943215,0.650612990404657,0.7162162162162162,24
V2-N,V2M-two_stage_user_local_reranker-v1,protocol_a_rollv2_cv3,3,2030,V2H-local-real,True,real_eeg,eeg_plus_base_0p05,base_logit,0.05,user_center_alpha_2p0,V1-profile-dynamic-gated_cross_attention,0.6440129449838188,0.6517442244622327,0.6440129449838188,0.6564562884205742,618,28,24,0.6605148445183411,0.6632973276723277,0.5847066578773896,24
V2-N,V2M-two_stage_user_local_reranker-v1,protocol_a_rollv2_cv3,3,2030,V2H-local-real,True,real_eeg,eeg_plus_base_0p10,base_logit,0.1,user_center_alpha_2p0,V1-profile-dynamic-gated_cross_attention,0.6423948220064725,0.6502222337214919,0.6423948220064725,0.655311163704021,618,28,24,0.6590385430420396,0.661522636314303,0.5859151834761591,24
V2-N,V2M-two_stage_user_local_reranker-v1,protocol_a_rollv2_cv3,3,2030,V2H-local-real,True,real_eeg,eeg_plus_base_0p25,base_logit,0.25,user_center_alpha_2p0,V1-profile-dynamic-gated_cross_attention,0.6456310679611651,0.6675603430415092,0.6456310679611651,0.6659507225578655,618,28,24,0.6664018867690197,0.6793036207619542,0.5900168461144071,24
V2-N,V2M-two_stage_user_local_reranker-v1,protocol_a_rollv2_cv3,3,2030,V2H-local-real,True,real_eeg,eeg_plus_base_0p50,base_logit,0.5,user_center_alpha_2p0,V1-profile-dynamic-gated_cross_attention,0.6456310679611651,0.6743495561682803,0.6456310679611651,0.6739665955737383,618,28,24,0.6666280494951824,0.6806390484515484,0.5962059620596206,24
V2-N,V2M-two_stage_user_local_reranker-v1,protocol_a_rollv2_cv3,3,2030,V2H-local-real,True,real_eeg,eeg_plus_base_rank_0p25,base_session_rank,0.25,user_center_alpha_2p0,V1-profile-dynamic-gated_cross_attention,0.6456310679611651,0.6693616302046385,0.6456310679611651,0.6684531804174662,618,28,24,0.6672132354824664,0.67891627662461,0.584670035889548,24
V2-N,V2M-two_stage_user_local_reranker-v1,protocol_a_rollv2_cv3,3,2030,V2H-local-real,True,real_eeg,eeg_plus_base_rank_0p50,base_session_rank,0.5,user_center_alpha_2p0,V1-profile-dynamic-gated_cross_attention,0.6343042071197411,0.6625825040805046,0.6343042071197411,0.6220246089888947,618,28,24,0.6580446263138571,0.6700891161307828,0.5856954515491101,24
